policy,seed,position_error_final_m,velocity_error_final_mps,position_sigma_final_m,used_measurements,rejected_measurements,assoc_bad_accepted,outlier_accepted,eligible_measurements
NO_PASSIVE,260901,348.0688789779367,2.2237089183824192,445.27923823147125,0,0,0,0,194
RANDOM,260901,4.282446984041136,0.25053390317368895,18.525804710732636,60,0,0,0,194
HIGHEST_SNR,260901,2.6645986279208045,0.17887312405870934,19.827698732886354,60,0,0,0,194
SHORTEST_PULSE,260901,12.616369891238602,0.24972523576800365,16.856160654545192,60,0,0,0,194
METROLOGY_CONDITIONED_EIG,260901,18.31485976211459,0.5235226310440715,15.91763168460606,60,0,0,0,194
NO_PASSIVE,260902,634.9943419865351,3.5306109475828498,445.27923823147125,0,0,0,0,99
RANDOM,260902,61.88876580588569,1.47348611202292,23.896171529913346,48,0,0,0,99
HIGHEST_SNR,260902,63.00326867035896,1.5407307387778866,21.532629128744617,48,0,0,0,99
SHORTEST_PULSE,260902,43.648185113040924,1.1663585695809575,26.097059651813485,48,0,0,0,99
METROLOGY_CONDITIONED_EIG,260902,55.538738607235594,1.4170664549907956,20.532553002474586,48,0,0,0,99
NO_PASSIVE,260903,409.72668913747185,1.751384484750614,445.27923823147125,0,0,0,0,127
RANDOM,260903,61.47019601566916,1.5294733565101524,29.402305863587273,46,1,0,0,127
HIGHEST_SNR,260903,81.2348495426264,2.899894344571826,37.440280159708735,45,2,0,0,127
SHORTEST_PULSE,260903,39.32699651780307,0.7242289721134987,25.33939254501929,46,1,0,0,127
METROLOGY_CONDITIONED_EIG,260903,11.875717719361178,0.32952849170150134,24.027517673567306,47,0,0,0,127
NO_PASSIVE,260904,533.5742757218977,0.4985697642065539,445.27923823147125,0,0,0,0,25
RANDOM,260904,13.538873142272939,0.43785611937344576,31.651244502552938,20,0,0,0,25
HIGHEST_SNR,260904,12.35948462695276,0.28685474065014743,31.77471271937675,20,0,0,0,25
SHORTEST_PULSE,260904,12.35948462695276,0.28685474065014743,31.77471271937675,20,0,0,0,25
METROLOGY_CONDITIONED_EIG,260904,13.645811748284027,0.3914208215282213,31.645921243355655,20,0,0,0,25
NO_PASSIVE,260905,263.88006287231326,4.284359225533901,445.27923823147125,0,0,0,0,124
RANDOM,260905,1.4471542117467275,0.6320682998150545,29.557555212882594,59,0,0,0,124
HIGHEST_SNR,260905,3.2841132369362467,0.46596993997735403,34.22369486020004,59,0,0,0,124
SHORTEST_PULSE,260905,16.48610197473377,1.0933845276076588,24.10303718593505,59,0,0,0,124
METROLOGY_CONDITIONED_EIG,260905,15.648262198442618,0.9234361777517,23.887477952777655,59,0,0,0,124
NO_PASSIVE,260906,517.0699484462659,0.5538009617862696,445.27923823147125,0,0,0,0,101
RANDOM,260906,8.459726796579817,0.4938126519361719,14.646325089265646,57,0,0,0,101
HIGHEST_SNR,260906,9.092492531075587,0.4705130973990753,17.808185982922573,57,0,0,0,101
SHORTEST_PULSE,260906,6.383338998488048,0.5517317865732311,15.874793898524834,57,0,0,0,101
METROLOGY_CONDITIONED_EIG,260906,8.892902365222323,0.5509465820553289,14.65814376858722,57,0,0,0,101
NO_PASSIVE,260907,559.28488838571,2.947421881338931,445.27923823147125,0,0,0,0,152
RANDOM,260907,29.35181313262414,0.9340594888394217,22.620866868159574,59,0,0,0,152
HIGHEST_SNR,260907,6.354677079086569,0.5864730696135264,33.95466409539739,57,2,0,0,152
SHORTEST_PULSE,260907,28.66836192365377,1.178252228294755,18.741772592559023,57,2,0,0,152
METROLOGY_CONDITIONED_EIG,260907,25.493611497953726,1.0941004689664937,17.40705481989234,58,1,0,0,152
NO_PASSIVE,260908,275.1783517195876,1.9863839058796506,445.27923823147125,0,0,0,0,44
RANDOM,260908,44.2799198348972,0.23195695167494376,71.48893673685934,38,1,0,0,44
HIGHEST_SNR,260908,57.67109656172748,1.032139442804311,74.02045843108398,38,1,0,0,44
SHORTEST_PULSE,260908,66.6367130034427,1.5759826616767125,72.8559290488965,38,1,0,0,44
METROLOGY_CONDITIONED_EIG,260908,53.25212303224785,1.1870461516652402,69.18381621762369,38,1,0,0,44
NO_PASSIVE,260909,160.79446768865057,2.5263408445088724,445.27923823147125,0,0,0,0,98
RANDOM,260909,19.304668628736714,0.6804159847832696,33.41763839699532,55,0,0,0,98
HIGHEST_SNR,260909,16.419570212777625,0.5643753647547892,59.02146930894689,55,0,0,0,98
SHORTEST_PULSE,260909,16.12413139949295,0.20550683302654038,32.3242657456208,55,0,0,0,98
METROLOGY_CONDITIONED_EIG,260909,15.241225914167273,0.42753531897528846,31.43772176989441,55,0,0,0,98
NO_PASSIVE,260910,284.9924391484348,0.7173999506267923,445.27923823147125,0,0,0,0,144
RANDOM,260910,15.305840077212732,0.3211940186203102,18.337131330397956,58,2,0,0,144
HIGHEST_SNR,260910,2.7548933056617346,0.16240738072653602,22.365476535870684,58,2,0,0,144
SHORTEST_PULSE,260910,7.322908474402422,0.3985021053254098,20.27676277932797,58,2,0,0,144
METROLOGY_CONDITIONED_EIG,260910,8.5373754430972,0.5189959089983895,17.647083257692458,58,2,0,0,144
NO_PASSIVE,260911,251.74863463121608,2.2463667458103727,445.27923823147125,0,0,0,0,153
RANDOM,260911,26.389367336450547,0.3075573923943224,30.619866544919937,60,0,0,0,153
HIGHEST_SNR,260911,17.159134374724626,0.2195817315578917,29.031497182667398,60,0,0,0,153
SHORTEST_PULSE,260911,20.956086738001833,0.6393874109982443,31.378705822426763,60,0,0,0,153
METROLOGY_CONDITIONED_EIG,260911,1.9208668742666357,0.21051271509234024,24.81202516191426,60,0,0,0,153
NO_PASSIVE,260912,462.95848636095883,2.9283086078339715,445.27923823147125,0,0,0,0,83
RANDOM,260912,29.414274893727757,0.16007537312791614,23.171843166371243,49,1,0,0,83
HIGHEST_SNR,260912,10.929022879413552,0.18496038242108936,24.073764441329292,50,0,0,0,83
SHORTEST_PULSE,260912,24.301972891879572,0.2357629507407808,22.714150402216134,48,2,0,0,83
METROLOGY_CONDITIONED_EIG,260912,2.6227033067750134,0.2646122856406184,21.559229022105736,50,0,0,0,83
NO_PASSIVE,260913,443.5410271289951,3.4140228947525313,445.27923823147125,0,0,0,0,168
RANDOM,260913,30.2048546596809,0.8140255589345865,26.18553212909213,58,2,0,0,168
HIGHEST_SNR,260913,7.7400487022422855,0.48813563168127067,24.804329028151848,60,0,0,0,168
SHORTEST_PULSE,260913,18.672494827727345,0.4252662251072647,24.328973683147062,60,0,0,0,168
METROLOGY_CONDITIONED_EIG,260913,10.275799734667538,0.30018811232048676,20.966560380837453,58,2,0,0,168
NO_PASSIVE,260914,576.258940178612,0.9289293778380955,445.27923823147125,0,0,0,0,121
RANDOM,260914,2.570163152087734,0.2516959456135984,20.125202529989576,54,0,0,0,121
HIGHEST_SNR,260914,58.11228418180997,1.5109805440397124,45.465369303810036,54,0,0,0,121
SHORTEST_PULSE,260914,13.197699097090055,0.6901495559028886,14.258623929717219,54,0,0,0,121
METROLOGY_CONDITIONED_EIG,260914,5.893778814759996,0.32509645286706657,14.45688949445608,54,0,0,0,121
NO_PASSIVE,260915,750.9723895751547,2.420901967505956,445.27923823147125,0,0,0,0,177
RANDOM,260915,11.405750998324566,0.4449096318879923,16.91229571893701,56,3,0,0,177
HIGHEST_SNR,260915,22.196397751484643,0.5842561069635709,19.893591744053964,57,2,0,0,177
SHORTEST_PULSE,260915,2.7079938894837974,0.27262301479973294,14.838456308020598,57,2,0,0,177
METROLOGY_CONDITIONED_EIG,260915,7.325960388532908,0.37491039146678906,14.758172567925245,57,2,0,0,177
NO_PASSIVE,260916,110.39331797701229,2.065258916436782,445.27923823147125,0,0,0,0,88
RANDOM,260916,12.079894980883076,0.6253332506877829,34.96975668213256,45,0,0,0,88
HIGHEST_SNR,260916,21.10775660822499,0.8622602158734142,54.22231034054034,45,0,0,0,88
SHORTEST_PULSE,260916,3.1164043379581656,0.8279354615005813,34.27519100672309,45,0,0,0,88
METROLOGY_CONDITIONED_EIG,260916,20.668827819065704,0.4452209403472734,32.18871823173014,45,0,0,0,88
NO_PASSIVE,260917,177.0477524378156,0.8519040102196316,445.27923823147125,0,0,0,0,48
RANDOM,260917,12.137255905392331,0.6191048619443159,20.77955013718467,32,2,0,0,48
HIGHEST_SNR,260917,16.519668487895014,0.8772432373335192,20.985526807688068,32,2,0,0,48
SHORTEST_PULSE,260917,6.600584270435327,0.8746113415626399,20.8041851994008,33,1,0,0,48
METROLOGY_CONDITIONED_EIG,260917,14.487798454996135,0.7007244739612543,20.82079137232327,32,2,0,0,48
NO_PASSIVE,260918,478.151966314011,2.2251913552874893,445.27923823147125,0,0,0,0,133
RANDOM,260918,22.90901084539522,1.1519899117036039,30.485009605110296,60,0,0,0,133
HIGHEST_SNR,260918,13.383043908198255,0.508819237529458,26.969744190115634,59,1,0,0,133
SHORTEST_PULSE,260918,10.603906854321366,0.19537541246875426,31.942926553743543,60,0,0,0,133
METROLOGY_CONDITIONED_EIG,260918,12.524194514843536,0.7261680822123602,22.39420657003867,59,1,0,0,133
NO_PASSIVE,260919,418.2944806312009,4.631098000133369,445.27923823147125,0,0,0,0,42
RANDOM,260919,23.207091479693666,0.8242789637916086,36.81417123525646,31,1,0,0,42
HIGHEST_SNR,260919,28.99898197072703,0.49312756859433904,44.16674441552768,31,1,0,0,42
SHORTEST_PULSE,260919,11.695490138648303,0.8885758861026513,35.025235538615,31,1,0,0,42
METROLOGY_CONDITIONED_EIG,260919,6.953238693729394,0.6924580036452248,33.04252477194165,31,1,0,0,42
NO_PASSIVE,260920,480.985585262843,1.4992276937112046,445.27923823147125,0,0,0,0,82
RANDOM,260920,21.154892751418604,0.8369851577498767,21.746976518060173,54,0,0,0,82
HIGHEST_SNR,260920,16.66172736540646,0.7561090335260987,20.81204183174799,54,0,0,0,82
SHORTEST_PULSE,260920,16.66172736540646,0.7561090335260987,20.81204183174799,54,0,0,0,82
METROLOGY_CONDITIONED_EIG,260920,15.771271478686987,0.6592467812558471,20.924888704423612,54,0,0,0,82
NO_PASSIVE,260921,591.8011077271063,4.867373051608675,445.27923823147125,0,0,0,0,109
RANDOM,260921,1.198634201742506,0.5074666140165197,23.218507282316022,55,0,0,0,109
HIGHEST_SNR,260921,18.245914808111916,0.3098289812613748,25.085820435420214,55,0,0,0,109
SHORTEST_PULSE,260921,15.096900953481265,0.23639156670194228,20.37650941607581,55,0,0,0,109
METROLOGY_CONDITIONED_EIG,260921,13.113873441344618,0.24843710519867065,20.117735713455424,54,1,0,0,109
NO_PASSIVE,260922,442.3758234820532,1.101569966160927,445.27923823147125,0,0,0,0,169
RANDOM,260922,15.12401309313566,0.5770795737967751,18.528362262883388,58,0,0,0,169
HIGHEST_SNR,260922,19.595251486225397,0.7958777859000713,18.48176769636352,58,0,0,0,169
SHORTEST_PULSE,260922,7.615146967126542,0.1859863475661954,19.527038747918624,58,0,0,0,169
METROLOGY_CONDITIONED_EIG,260922,14.75823134261844,0.4272957129674094,16.119027626873436,58,0,0,0,169
NO_PASSIVE,260923,279.3159820526012,2.7990238746872507,445.27923823147125,0,0,0,0,42
RANDOM,260923,22.696957775298827,0.8112130071656566,36.34836458880555,24,0,0,0,42
HIGHEST_SNR,260923,48.872904975506344,2.6579541668335245,52.58120520403197,23,1,0,0,42
SHORTEST_PULSE,260923,19.974222478273525,0.4530741342891965,25.998275240352758,24,0,0,0,42
METROLOGY_CONDITIONED_EIG,260923,13.984066520117484,0.4750075865167182,25.97772715680678,24,0,0,0,42
NO_PASSIVE,260924,343.7207470796644,0.8885710770101349,445.27923823147125,0,0,0,0,65
RANDOM,260924,33.239246396424534,0.967993923896537,31.136657953215632,43,3,0,0,65
HIGHEST_SNR,260924,41.79779358735006,0.8133153243395898,31.669290828779243,45,1,0,0,65
SHORTEST_PULSE,260924,46.481683055093235,0.5327826995434635,32.53727251218469,45,1,0,0,65
METROLOGY_CONDITIONED_EIG,260924,17.379304433004567,0.3048924916273618,27.286502593216657,46,0,0,0,65
NO_PASSIVE,260925,340.2284370288082,1.232356408405259,445.27923823147125,0,0,0,0,164
RANDOM,260925,17.490547084448014,0.2694165418754128,31.13970947281108,52,5,0,0,164
HIGHEST_SNR,260925,17.867376916024863,0.2055119054015495,34.30788500784062,57,0,0,0,164
SHORTEST_PULSE,260925,39.48473419328446,0.32220387667638917,31.727285721785563,56,1,0,0,164
METROLOGY_CONDITIONED_EIG,260925,29.847909540276646,0.9901156811654963,15.976382802312607,56,1,0,0,164
NO_PASSIVE,260926,41.03535380505504,0.3370080821191155,445.27923823147125,0,0,0,0,89
RANDOM,260926,80.0828792250936,1.5223953468097218,43.8488666108962,37,4,0,0,89
HIGHEST_SNR,260926,74.72718170844301,0.9585711331872172,46.002469800120664,38,3,0,0,89
SHORTEST_PULSE,260926,34.51419316204219,1.3476369859124835,26.071553429428263,40,1,0,0,89
METROLOGY_CONDITIONED_EIG,260926,26.48801683591523,1.2367994075737572,29.819486745027966,40,1,0,0,89
NO_PASSIVE,260927,276.73364168300037,2.5622879652513046,445.27923823147125,0,0,0,0,73
RANDOM,260927,23.306053879223203,0.6753838579266884,26.552410615483137,50,0,0,0,73
HIGHEST_SNR,260927,43.85476758130614,1.2319742012855877,39.682649683660586,50,0,0,0,73
SHORTEST_PULSE,260927,16.44889960973173,0.694310246363838,27.62592714519139,50,0,0,0,73
METROLOGY_CONDITIONED_EIG,260927,19.36030751347166,0.6947268868966961,24.995354975366027,50,0,0,0,73
NO_PASSIVE,260928,559.1652364410942,0.4051040673029711,445.27923823147125,0,0,0,0,82
RANDOM,260928,27.11687137299049,1.115758331102563,28.953608137209347,54,1,0,0,82
HIGHEST_SNR,260928,32.69894511241422,1.3182479392678599,30.512827570023244,55,0,0,0,82
SHORTEST_PULSE,260928,14.099101049932763,0.6894552431064289,26.53125059569828,54,1,0,0,82
METROLOGY_CONDITIONED_EIG,260928,20.251259537327446,0.4667993442098624,26.271119952795605,54,1,0,0,82
NO_PASSIVE,260929,277.292481052909,1.6490553773686842,445.27923823147125,0,0,0,0,95
RANDOM,260929,7.402685520361521,0.40039610223638533,25.589372818561635,49,1,0,0,95
HIGHEST_SNR,260929,17.967987386597642,0.5872166367396674,29.101625872665235,49,1,0,0,95
SHORTEST_PULSE,260929,11.710880732196724,0.38515290543381037,25.056409002144854,50,0,0,0,95
METROLOGY_CONDITIONED_EIG,260929,15.816317554399014,0.6410899351274365,23.70047067129647,50,0,0,0,95
NO_PASSIVE,260930,551.1001152766407,2.3233460260683185,445.27923823147125,0,0,0,0,189
RANDOM,260930,13.261555723055364,0.33845095455234103,20.42705050956777,59,1,0,0,189
HIGHEST_SNR,260930,21.060457544434772,0.5454498397840603,40.862570380250304,60,0,0,0,189
SHORTEST_PULSE,260930,9.714610597078481,0.496720566160399,16.704674097956275,59,1,0,0,189
METROLOGY_CONDITIONED_EIG,260930,14.885084563378022,0.6415133138831363,16.725588771813825,59,1,0,0,189
NO_PASSIVE,260931,220.1002475415144,2.105975392633539,445.27923823147125,0,0,0,0,51
RANDOM,260931,89.85388128843645,2.7619063183422266,49.19147956587784,42,0,0,0,51
HIGHEST_SNR,260931,69.51002947833634,2.109498830116811,52.77093357119548,42,0,0,0,51
SHORTEST_PULSE,260931,87.20172920712993,2.667410716615903,50.98378715222612,42,0,0,0,51
METROLOGY_CONDITIONED_EIG,260931,62.08007485584916,2.2081790742085903,44.244053892260126,42,0,0,0,51
NO_PASSIVE,260932,467.47878605739425,1.7404152028735984,445.27923823147125,0,0,0,0,35
RANDOM,260932,36.14214733314544,0.9822058099579278,44.61531416130423,28,0,0,0,35
HIGHEST_SNR,260932,49.23575279388757,0.8193809717655895,48.825428134164895,28,0,0,0,35
SHORTEST_PULSE,260932,34.28120970565302,0.6276816648783914,42.4580072604193,28,0,0,0,35
METROLOGY_CONDITIONED_EIG,260932,32.01391735821376,0.7448474932032927,42.10936430539413,28,0,0,0,35
NO_PASSIVE,260933,438.44319564157666,1.6161257917025078,445.27923823147125,0,0,0,0,128
RANDOM,260933,30.1836960197543,0.921300469191497,20.31444153861525,51,1,0,0,128
HIGHEST_SNR,260933,19.655805126803504,0.0032473368466366063,23.59882839980875,50,2,0,0,128
SHORTEST_PULSE,260933,18.41862084045919,0.8716601846269889,16.676331525729672,52,0,0,0,128
METROLOGY_CONDITIONED_EIG,260933,10.219672034066344,0.4947259703450077,16.604267736437627,52,0,0,0,128
NO_PASSIVE,260934,127.91392643996055,3.2536476263883674,445.27923823147125,0,0,0,0,96
RANDOM,260934,34.9430055428375,1.2071316647456154,27.06166693180934,54,1,0,0,96
HIGHEST_SNR,260934,30.281325004558614,0.9903943443813801,29.934423218933077,53,2,0,0,96
SHORTEST_PULSE,260934,30.33548789277158,0.7042191697727072,24.5120601948225,53,2,0,0,96
METROLOGY_CONDITIONED_EIG,260934,33.1066498510495,1.0859285873544524,25.574650020537423,52,3,0,0,96
NO_PASSIVE,260935,234.80313154128265,1.96469757168655,445.27923823147125,0,0,0,0,30
RANDOM,260935,101.2004080144853,1.6044889830638576,135.0643753772687,25,0,0,0,30
HIGHEST_SNR,260935,101.2004080144853,1.6044889830638576,135.0643753772687,25,0,0,0,30
SHORTEST_PULSE,260935,25.436555675084296,1.1810981586161466,42.09351919344941,25,0,0,0,30
METROLOGY_CONDITIONED_EIG,260935,25.225658531855437,1.2140820158458276,42.09859957599748,25,0,0,0,30
NO_PASSIVE,260936,150.63853717570905,3.6598866944549906,445.27923823147125,0,0,0,0,15
RANDOM,260936,11.155994074042097,0.3521405434049167,24.673055534882803,14,0,0,0,15
HIGHEST_SNR,260936,11.155994074042097,0.3521405434049167,24.673055534882803,14,0,0,0,15
SHORTEST_PULSE,260936,11.155994074042097,0.3521405434049167,24.673055534882803,14,0,0,0,15
METROLOGY_CONDITIONED_EIG,260936,11.155994074042097,0.3521405434049167,24.673055534882803,14,0,0,0,15
NO_PASSIVE,260937,274.47874449156376,1.756378110642062,445.27923823147125,0,0,0,0,103
RANDOM,260937,15.69293961389112,0.642254168920843,29.02300390580938,53,0,0,0,103
HIGHEST_SNR,260937,27.096938720575178,0.5664717981632295,33.301100527867135,53,0,0,0,103
SHORTEST_PULSE,260937,16.955464591825354,0.0991520949642699,27.906150844905323,53,0,0,0,103
METROLOGY_CONDITIONED_EIG,260937,26.032522657829166,0.38154651898639064,26.49406838394451,53,0,0,0,103
NO_PASSIVE,260938,498.4531177218929,2.31074950716231,445.27923823147125,0,0,0,0,51
RANDOM,260938,35.86767538223572,2.3742473049929407,36.13893075694495,36,1,0,0,51
HIGHEST_SNR,260938,32.11930280745907,2.0775599783537926,102.57163841890173,36,1,0,0,51
SHORTEST_PULSE,260938,57.5162314121002,2.6778557205321287,28.532415279410593,36,1,0,0,51
METROLOGY_CONDITIONED_EIG,260938,49.74624385902303,2.511728476052747,28.4765457911642,36,1,0,0,51
NO_PASSIVE,260939,697.7232893123206,1.1639002146971373,445.27923823147125,0,0,0,0,62
RANDOM,260939,23.1397866508414,0.5789071115291928,31.089391836685547,45,1,0,0,62
HIGHEST_SNR,260939,19.792017357106893,0.6744424879491724,28.90109641316356,45,1,0,0,62
SHORTEST_PULSE,260939,13.293655142117712,0.5860512773524479,28.401627923447734,45,1,0,0,62
METROLOGY_CONDITIONED_EIG,260939,26.885663545618215,0.820180293851807,29.338315622327887,45,1,0,0,62
NO_PASSIVE,260940,560.7545306353746,1.362362845927064,445.27923823147125,0,0,0,0,101
RANDOM,260940,25.50229901524823,1.2444139633259055,38.669920859400634,48,0,0,0,101
HIGHEST_SNR,260940,53.19199541301707,1.4080608214071866,52.46865694481627,48,0,0,0,101
SHORTEST_PULSE,260940,27.50959135447777,0.5869787817196559,25.983788933360376,48,0,0,0,101
METROLOGY_CONDITIONED_EIG,260940,9.404093646946135,0.2097931313119981,28.131592453259433,48,0,0,0,101
NO_PASSIVE,260941,476.06045862198084,1.8092921378291351,445.27923823147125,0,0,0,0,135
RANDOM,260941,11.48800159045491,0.15011557975032092,15.815283758178172,56,1,0,0,135
HIGHEST_SNR,260941,13.828048060417752,0.3315470541075997,16.485825439640227,57,0,0,0,135
SHORTEST_PULSE,260941,21.475949588561832,0.177897812483267,15.205337625400855,57,0,0,0,135
METROLOGY_CONDITIONED_EIG,260941,13.93339417993967,0.2771349468829068,14.497358923917945,57,0,0,0,135
NO_PASSIVE,260942,254.44892703889622,1.7308277926382254,445.27923823147125,0,0,0,0,83
RANDOM,260942,70.00699917123805,1.119225705889163,49.15037783836335,39,1,0,0,83
HIGHEST_SNR,260942,81.32158481934475,1.2036810955142465,54.32950779576522,40,0,0,0,83
SHORTEST_PULSE,260942,7.258886792812289,0.5243677373883896,39.07368165371413,39,1,0,0,83
METROLOGY_CONDITIONED_EIG,260942,24.169269727262513,0.4167275849979565,30.889431578201897,39,1,0,0,83
NO_PASSIVE,260943,508.241583981985,1.7650426277456919,445.27923823147125,0,0,0,0,151
RANDOM,260943,34.97523101518376,1.3428090666882453,24.400942789904192,60,0,0,0,151
HIGHEST_SNR,260943,22.294177688910054,0.48103922284185135,31.22803938140143,59,1,0,0,151
SHORTEST_PULSE,260943,5.6203928782460135,0.38325053808655096,20.85661011880262,59,1,0,0,151
METROLOGY_CONDITIONED_EIG,260943,8.321397197460534,0.5191434940744071,20.71296903202862,60,0,0,0,151
NO_PASSIVE,260944,360.3661434200827,0.9352742090643631,445.27923823147125,0,0,0,0,48
RANDOM,260944,14.5128648730703,0.48292677341730816,36.301740146508855,40,0,0,0,48
HIGHEST_SNR,260944,43.894895546278285,0.5362798248469243,35.11318622985374,40,0,0,0,48
SHORTEST_PULSE,260944,19.143791046309612,0.49712978185710954,36.46968981880451,40,0,0,0,48
METROLOGY_CONDITIONED_EIG,260944,43.85500115055443,1.1437929859091045,34.83673279192285,40,0,0,0,48
NO_PASSIVE,260945,279.58169605335394,2.740732527613092,445.27923823147125,0,0,0,0,92
RANDOM,260945,7.2336872146986195,0.13258205778064155,19.27094990902774,55,0,0,0,92
HIGHEST_SNR,260945,6.067936107162339,0.0859330002755054,27.323740184705844,55,0,0,0,92
SHORTEST_PULSE,260945,11.542559492681534,0.14380912858399145,17.001670322070915,55,0,0,0,92
METROLOGY_CONDITIONED_EIG,260945,11.652368733735146,0.144711772103764,17.00465000791778,55,0,0,0,92
NO_PASSIVE,260946,365.36951858284885,0.5653691868858798,445.27923823147125,0,0,0,0,12
RANDOM,260946,9.08623301618408,0.9704232444243511,73.14317905421014,12,0,0,0,12
HIGHEST_SNR,260946,9.08623301618408,0.9704232444243511,73.14317905421014,12,0,0,0,12
SHORTEST_PULSE,260946,9.08623301618408,0.9704232444243511,73.14317905421014,12,0,0,0,12
METROLOGY_CONDITIONED_EIG,260946,9.08623301618408,0.9704232444243511,73.14317905421014,12,0,0,0,12
NO_PASSIVE,260947,161.96876163505706,1.0709940473184103,445.27923823147125,0,0,0,0,61
RANDOM,260947,35.50086451923821,1.077133248382241,30.519088728457195,40,0,0,0,61
HIGHEST_SNR,260947,29.7372149584962,2.084750733706275,76.23353361888952,40,0,0,0,61
SHORTEST_PULSE,260947,15.046981323610101,0.791005908278217,23.392624505888026,40,0,0,0,61
METROLOGY_CONDITIONED_EIG,260947,13.711321572323582,0.7137618086175883,23.478176254071176,40,0,0,0,61
NO_PASSIVE,260948,357.4854965243629,1.4182397725860945,445.27923823147125,0,0,0,0,78
RANDOM,260948,3.2899331686839726,0.3995933075961678,19.692671160026535,53,0,0,0,78
HIGHEST_SNR,260948,16.061171294342827,0.7072101029837319,19.035857019286112,52,1,0,0,78
SHORTEST_PULSE,260948,9.532970248623855,0.6704948819502828,19.388027817912718,52,1,0,0,78
METROLOGY_CONDITIONED_EIG,260948,14.42968698970982,0.7091776776821102,18.85993888558353,52,1,0,0,78
NO_PASSIVE,260949,559.2300557119178,2.143028686804079,445.27923823147125,0,0,0,0,109
RANDOM,260949,10.582170831307087,0.18692334242141756,24.363858680880195,56,0,0,0,109
HIGHEST_SNR,260949,7.455396243439919,0.19895547146296774,27.096417853935176,55,1,0,0,109
SHORTEST_PULSE,260949,8.104952272198023,0.8474828534608506,23.65457336182733,55,1,0,0,109
METROLOGY_CONDITIONED_EIG,260949,12.469169623594128,0.5725967815747659,23.797224758241672,55,1,0,0,109
NO_PASSIVE,260950,566.9818231837635,1.2885692363667884,445.27923823147125,0,0,0,0,27
RANDOM,260950,17.388360067776006,1.2220906564471345,41.88332780209834,21,0,0,0,27
HIGHEST_SNR,260950,18.52144038649327,1.458081419743318,41.911462719607606,21,0,0,0,27
SHORTEST_PULSE,260950,18.52144038649327,1.458081419743318,41.911462719607606,21,0,0,0,27
METROLOGY_CONDITIONED_EIG,260950,21.647183085914723,1.5995993765011816,42.052646302816385,21,0,0,0,27
NO_PASSIVE,260951,328.80113047778667,0.7395385796602696,445.27923823147125,0,0,0,0,29
RANDOM,260951,10.852738281241768,1.5771871891038722,36.42021665830567,26,1,0,0,29
HIGHEST_SNR,260951,14.984315253668173,1.664305295075267,35.09761118810962,26,1,0,0,29
SHORTEST_PULSE,260951,11.801940591852555,0.2691466848664399,36.34680372309348,27,0,0,0,29
METROLOGY_CONDITIONED_EIG,260951,14.984315253668173,1.664305295075267,35.09761118810962,26,1,0,0,29
NO_PASSIVE,260952,288.1366692228333,1.528225336955231,445.27923823147125,0,0,0,0,131
RANDOM,260952,15.70243392271628,0.6030200152484302,19.944608407534137,58,0,0,0,131
HIGHEST_SNR,260952,52.61613886959207,1.486568494091083,34.47155048404022,58,0,0,0,131
SHORTEST_PULSE,260952,2.6521921020058365,0.2475330094571949,15.805457162152111,58,0,0,0,131
METROLOGY_CONDITIONED_EIG,260952,4.679757545294989,0.17554015780551316,15.851494168792941,58,0,0,0,131
NO_PASSIVE,260953,461.75030711307767,3.2726087831153845,445.27923823147125,0,0,0,0,25
RANDOM,260953,26.689124471178342,1.1814918356189255,38.612973036793534,24,0,0,0,25
HIGHEST_SNR,260953,32.761004368364915,0.7298916320481661,38.82984120315889,24,0,0,0,25
SHORTEST_PULSE,260953,26.689124471178342,1.1814918356189255,38.612973036793534,24,0,0,0,25
METROLOGY_CONDITIONED_EIG,260953,26.689124471178342,1.1814918356189255,38.612973036793534,24,0,0,0,25
NO_PASSIVE,260954,199.79448072689732,1.670446474354253,445.27923823147125,0,0,0,0,36
RANDOM,260954,21.040178205778542,0.6621238690017984,35.65378029098724,23,1,0,0,36
HIGHEST_SNR,260954,9.660779112524962,1.010494236582918,32.457893911998376,24,0,0,0,36
SHORTEST_PULSE,260954,24.15658107211831,0.5700097554974387,22.931832015086897,24,0,0,0,36
METROLOGY_CONDITIONED_EIG,260954,24.527284827475732,0.3974876494716834,22.929380774883917,24,0,0,0,36
NO_PASSIVE,260955,326.33774300682916,3.0367681816392653,445.27923823147125,0,0,0,0,23
RANDOM,260955,43.83607383282066,1.193740203884633,41.233810382032345,19,0,0,0,23
HIGHEST_SNR,260955,53.84159476473604,1.3199452354152617,44.88151912544029,19,0,0,0,23
SHORTEST_PULSE,260955,46.63563385137097,0.8490763937606486,41.221723708864154,19,0,0,0,23
METROLOGY_CONDITIONED_EIG,260955,43.83607383282066,1.193740203884633,41.233810382032345,19,0,0,0,23
NO_PASSIVE,260956,264.94177366233976,2.2837503468237963,445.27923823147125,0,0,0,0,137
RANDOM,260956,34.80739972591447,1.202579093792892,26.695578479576557,59,1,0,0,137
HIGHEST_SNR,260956,16.02169905140538,0.38534529027498493,28.15743732686711,60,0,0,0,137
SHORTEST_PULSE,260956,9.743408891414129,0.33674688324844043,24.75831265286116,56,4,0,0,137
METROLOGY_CONDITIONED_EIG,260956,10.7691232505561,0.4378314102697153,21.63200267674133,58,2,0,0,137
NO_PASSIVE,260957,535.9937003134243,3.2830028181601807,445.27923823147125,0,0,0,0,99
RANDOM,260957,7.201291485791652,0.1004559945382449,22.910989931895752,56,2,0,0,99
HIGHEST_SNR,260957,13.547283726937989,2.661185020844494,32.95669622740969,57,1,0,0,99
SHORTEST_PULSE,260957,12.390097775328732,0.6640601275542418,19.80485952903205,57,1,0,0,99
METROLOGY_CONDITIONED_EIG,260957,2.260594548491516,0.30506525822466585,19.546390871421146,58,0,0,0,99
NO_PASSIVE,260958,461.38192636184584,2.2025442877217167,445.27923823147125,0,0,0,0,38
RANDOM,260958,22.561336820207288,1.4058311417215819,38.75076066704229,32,0,0,0,38
HIGHEST_SNR,260958,17.482941241144157,1.7153663048044923,39.129954858249995,32,0,0,0,38
SHORTEST_PULSE,260958,17.482941241144157,1.7153663048044923,39.129954858249995,32,0,0,0,38
METROLOGY_CONDITIONED_EIG,260958,22.56289003381913,1.415186062896168,38.554112950211426,32,0,0,0,38
NO_PASSIVE,260959,714.7740099676466,1.4569105076126498,445.27923823147125,0,0,0,0,45
RANDOM,260959,13.287859579162166,0.3571727967831724,28.10169841017013,28,0,0,0,45
HIGHEST_SNR,260959,915.4336868149145,1.2048557793946855,309.41890258686715,24,4,0,0,45
SHORTEST_PULSE,260959,8.849404541784763,0.4026860760174789,25.912668722499923,27,1,0,0,45
METROLOGY_CONDITIONED_EIG,260959,5.823202923100817,0.3299473569772253,25.139753769573648,27,1,0,0,45
NO_PASSIVE,260960,91.45937565518298,2.053785951875213,445.27923823147125,0,0,0,0,64
RANDOM,260960,26.025302764687986,0.7192251309017625,22.75573213469978,42,0,0,0,64
HIGHEST_SNR,260960,7.673033799302653,0.24108596816144154,24.92420917858311,42,0,0,0,64
SHORTEST_PULSE,260960,17.10366445205291,0.612451584414514,20.266087562207858,42,0,0,0,64
METROLOGY_CONDITIONED_EIG,260960,17.64845845530337,0.602847740299513,19.800247478511082,42,0,0,0,64
NO_PASSIVE,260961,156.47568249803172,3.6735336017309708,445.27923823147125,0,0,0,0,126
RANDOM,260961,28.11715594515299,1.3190234572586355,31.11913941831159,60,0,0,0,126
HIGHEST_SNR,260961,61.622641973247,3.6421489556495272,67.66416442191607,60,0,0,0,126
SHORTEST_PULSE,260961,33.093807895643046,1.215287163745705,24.37272219753907,60,0,0,0,126
METROLOGY_CONDITIONED_EIG,260961,44.3816900842905,1.480064161892514,24.264486859458255,60,0,0,0,126
NO_PASSIVE,260962,173.38664993368732,1.7406906365821024,445.27923823147125,0,0,0,0,55
RANDOM,260962,55.513603073179006,1.3363213041634472,61.99827350803491,48,0,0,0,55
HIGHEST_SNR,260962,240.7655590149006,1.5908457079682146,179.61675480213844,48,0,0,0,55
SHORTEST_PULSE,260962,240.7655590149006,1.5908457079682146,179.61675480213844,48,0,0,0,55
METROLOGY_CONDITIONED_EIG,260962,52.83698471450098,1.222283616503941,59.35028628145653,48,0,0,0,55
NO_PASSIVE,260963,357.00406542235527,1.191753510625842,445.27923823147125,0,0,0,0,50
RANDOM,260963,23.80597250181422,0.27578425559638653,20.728577979861296,45,1,0,0,50
HIGHEST_SNR,260963,9.648530687775098,0.6662085927331801,18.953818051490654,46,0,0,0,50
SHORTEST_PULSE,260963,10.314793264761027,0.7138606277700471,18.35561080589956,46,0,0,0,50
METROLOGY_CONDITIONED_EIG,260963,24.35218042371523,0.26510315510343957,20.722168272239337,45,1,0,0,50
NO_PASSIVE,260964,689.7748820139137,1.1766589428234344,445.27923823147125,0,0,0,0,42
RANDOM,260964,19.932837805193493,0.5637858475869535,39.519618392197216,31,0,0,0,42
HIGHEST_SNR,260964,8.210196038285885,0.6565343778840342,41.585154850144065,31,0,0,0,42
SHORTEST_PULSE,260964,28.14506221081549,1.1930189357076588,33.403019346405884,31,0,0,0,42
METROLOGY_CONDITIONED_EIG,260964,27.49909024887441,1.1611880840487694,33.233379682958926,31,0,0,0,42
NO_PASSIVE,260965,674.5665894444575,1.4486524880075364,445.27923823147125,0,0,0,0,89
RANDOM,260965,22.928897078169143,0.8392184485835511,46.540888714390746,52,1,0,0,89
HIGHEST_SNR,260965,37.89164451462817,1.010390813863948,67.92802552050895,51,2,0,0,89
SHORTEST_PULSE,260965,17.459568416323833,0.6161975889640879,37.09250508343581,52,1,0,0,89
METROLOGY_CONDITIONED_EIG,260965,37.981492985096,0.7158060058347239,36.806683286484564,52,1,0,0,89
NO_PASSIVE,260966,247.24418923190828,0.2238895823898879,445.27923823147125,0,0,0,0,136
RANDOM,260966,1.99853259066397,0.07008088735388543,24.227174245571867,52,2,0,0,136
HIGHEST_SNR,260966,12.153586497410942,0.3279241283573509,32.65594594827399,53,1,0,0,136
SHORTEST_PULSE,260966,6.533869562965668,0.35678934241534166,22.877192150409783,52,2,0,0,136
METROLOGY_CONDITIONED_EIG,260966,4.478473611565685,0.0542863895780978,19.382244864127717,52,2,0,0,136
NO_PASSIVE,260967,367.21224055406,1.61521760232067,445.27923823147125,0,0,0,0,13
RANDOM,260967,345.6454651807756,2.3185937765490334,254.36156537046708,12,1,0,0,13
HIGHEST_SNR,260967,345.6454651807756,2.3185937765490334,254.36156537046708,12,1,0,0,13
SHORTEST_PULSE,260967,345.6454651807756,2.3185937765490334,254.36156537046708,12,1,0,0,13
METROLOGY_CONDITIONED_EIG,260967,345.6454651807756,2.3185937765490334,254.36156537046708,12,1,0,0,13
NO_PASSIVE,260968,159.15986695008547,1.0304467903621153,445.27923823147125,0,0,0,0,24
RANDOM,260968,53.81504375834422,1.3249551558489692,32.037930758905816,20,3,0,0,24
HIGHEST_SNR,260968,57.388657584046086,1.323280277305748,31.956446562439417,20,3,0,0,24
SHORTEST_PULSE,260968,53.81504375834422,1.3249551558489692,32.037930758905816,20,3,0,0,24
METROLOGY_CONDITIONED_EIG,260968,57.388657584046086,1.323280277305748,31.956446562439417,20,3,0,0,24
NO_PASSIVE,260969,252.89638560551305,2.9669918079511572,445.27923823147125,0,0,0,0,46
RANDOM,260969,22.170975038932305,0.5980439961116295,27.06791245165565,36,0,0,0,46
HIGHEST_SNR,260969,24.743185707200624,0.6569391813363381,28.470986986996497,36,0,0,0,46
SHORTEST_PULSE,260969,23.425882466983843,0.6706570543058126,24.03248460943252,36,0,0,0,46
METROLOGY_CONDITIONED_EIG,260969,23.457394234271618,0.6270180034467078,24.036397794782356,36,0,0,0,46
NO_PASSIVE,260970,358.85133739226933,0.7315110366340591,445.27923823147125,0,0,0,0,150
RANDOM,260970,32.21624765459731,0.5640079547594973,24.421280467063834,54,0,0,0,150
HIGHEST_SNR,260970,26.38187185283518,0.09565236899441354,31.705848970254447,54,0,0,0,150
SHORTEST_PULSE,260970,56.59674369648712,1.057619535165294,26.707020812573646,54,0,0,0,150
METROLOGY_CONDITIONED_EIG,260970,32.09048825775291,1.0132247538653358,19.666971976636866,54,0,0,0,150
NO_PASSIVE,260971,788.9358429985274,0.6390892335170701,445.27923823147125,0,0,0,0,44
RANDOM,260971,20.644246753658102,0.5150530460659117,23.873807277879248,37,0,0,0,44
HIGHEST_SNR,260971,22.682525126670978,0.7068846096440772,23.94715166672226,37,0,0,0,44
SHORTEST_PULSE,260971,24.25343498155917,0.6828507486572143,23.048264661866657,37,0,0,0,44
METROLOGY_CONDITIONED_EIG,260971,19.666850637994397,0.4730682526699817,22.839385949191733,37,0,0,0,44
NO_PASSIVE,260972,176.10843369693944,1.2019946598370868,445.27923823147125,0,0,0,0,42
RANDOM,260972,35.26754045420855,0.9872546313988881,36.48532786918022,36,0,0,0,42
HIGHEST_SNR,260972,40.53961202930293,1.0656777717609964,35.15222737118867,36,0,0,0,42
SHORTEST_PULSE,260972,33.73231594973666,0.8708481400605805,33.819253545093595,36,0,0,0,42
METROLOGY_CONDITIONED_EIG,260972,23.451573917616102,0.6913806198773216,33.34066339322146,36,0,0,0,42
NO_PASSIVE,260973,476.08400177382805,0.6904981044924443,445.27923823147125,0,0,0,0,101
RANDOM,260973,23.542214443973883,0.5275606719729933,20.86147231490402,39,1,0,0,101
HIGHEST_SNR,260973,27.41962990670251,0.6197493727516736,25.370518780018553,40,0,0,0,101
SHORTEST_PULSE,260973,20.80044128066748,0.5145023215658899,19.664019900504986,40,0,0,0,101
METROLOGY_CONDITIONED_EIG,260973,20.248541502112374,0.37641363434084923,19.72490573124278,40,0,0,0,101
NO_PASSIVE,260974,632.1073943536579,1.3998399780155228,445.27923823147125,0,0,0,0,71
RANDOM,260974,25.46388776931806,1.3321237536450867,35.17816284297587,50,1,0,0,71
HIGHEST_SNR,260974,70.36249266546855,2.0389982936784055,39.25476447064526,51,0,0,0,71
SHORTEST_PULSE,260974,23.432822387125338,0.9322464153706568,33.56878529083053,51,0,0,0,71
METROLOGY_CONDITIONED_EIG,260974,42.056888091290766,1.351133598255838,32.92920644383201,51,0,0,0,71
NO_PASSIVE,260975,409.1503376778848,3.202862259037042,445.27923823147125,0,0,0,0,57
RANDOM,260975,85.32714035470795,1.9637029045393484,49.60590574700967,43,0,0,0,57
HIGHEST_SNR,260975,104.56689134509475,2.497861806128698,61.04395148154244,43,0,0,0,57
SHORTEST_PULSE,260975,83.95009140967352,1.8551073488039718,49.250060066770665,43,0,0,0,57
METROLOGY_CONDITIONED_EIG,260975,83.75193752697821,1.9072592535813029,48.15689043933494,43,0,0,0,57
NO_PASSIVE,260976,226.79144273349536,0.8674494588433977,445.27923823147125,0,0,0,0,46
RANDOM,260976,8.77903965572854,0.14093201302142735,29.05008622354728,40,0,0,0,46
HIGHEST_SNR,260976,14.506437831636845,0.3405533196361267,28.621435094343944,40,0,0,0,46
SHORTEST_PULSE,260976,13.952635023953716,0.14172752542628578,28.092937616228667,40,0,0,0,46
METROLOGY_CONDITIONED_EIG,260976,1.985119315102749,0.20559713848007433,28.77178990217826,40,0,0,0,46
NO_PASSIVE,260977,280.5208311897342,1.2906477699857937,445.27923823147125,0,0,0,0,191
RANDOM,260977,14.214824401266801,0.7749190248312366,21.302566055853692,57,0,0,0,191
HIGHEST_SNR,260977,28.35530202177619,0.6320592219057108,21.95865106223871,56,1,0,0,191
SHORTEST_PULSE,260977,11.830927395335616,0.5525341459523218,17.724346946862667,56,1,0,0,191
METROLOGY_CONDITIONED_EIG,260977,22.797040640685402,0.7046899570638476,17.8125524382368,56,1,0,0,191
NO_PASSIVE,260978,137.2941963819102,1.8064859606728254,445.27923823147125,0,0,0,0,78
RANDOM,260978,39.404322394567174,0.324649927031933,23.863333359628538,51,0,0,0,78
HIGHEST_SNR,260978,36.927441839300215,0.6327757595780639,26.778837331920762,51,0,0,0,78
SHORTEST_PULSE,260978,16.39452118479773,0.4439642402347195,22.61922524481954,51,0,0,0,78
METROLOGY_CONDITIONED_EIG,260978,26.53053026566758,0.5134615244032195,21.716599925823967,51,0,0,0,78
NO_PASSIVE,260979,67.93742238464232,0.8454748595426247,445.27923823147125,0,0,0,0,181
RANDOM,260979,25.527965568215556,1.2610331182705623,32.31018610688517,56,2,0,0,181
HIGHEST_SNR,260979,17.23993407721924,1.027242742966516,34.67913846605701,57,1,0,0,181
SHORTEST_PULSE,260979,23.153152220957455,0.7680456256229075,24.916615771165695,57,1,0,0,181
METROLOGY_CONDITIONED_EIG,260979,24.482573983586157,0.6939563084481011,21.930976306623688,57,1,0,0,181
NO_PASSIVE,260980,112.49259338971422,0.5378913675396614,445.27923823147125,0,0,0,0,137
RANDOM,260980,33.08302693951351,0.37728587763636945,42.8706123303433,56,0,0,0,137
HIGHEST_SNR,260980,56.28187517081961,0.5044270016470509,51.02894422669134,56,0,0,0,137
SHORTEST_PULSE,260980,12.231042804052331,0.3737455399082154,21.958284844630832,56,0,0,0,137
METROLOGY_CONDITIONED_EIG,260980,14.488174936700526,0.3826827723874651,22.106945512008842,56,0,0,0,137
NO_PASSIVE,260981,220.29327481063606,2.6501178905292235,445.27923823147125,0,0,0,0,51
RANDOM,260981,42.869414857775475,0.2991065042965171,41.87072008621524,40,0,0,0,51
HIGHEST_SNR,260981,22.993934852801925,1.1308193851648494,45.20478554487004,40,0,0,0,51
SHORTEST_PULSE,260981,45.76911833015785,0.5808256731929692,39.377552332778286,40,0,0,0,51
METROLOGY_CONDITIONED_EIG,260981,11.773598425378747,0.18023138314311882,38.366122883438365,40,0,0,0,51
NO_PASSIVE,260982,563.0925963828618,3.3188754367953064,445.27923823147125,0,0,0,0,112
RANDOM,260982,6.368026137010408,0.3631159677736672,18.12573048447747,55,1,0,0,112
HIGHEST_SNR,260982,30.059396845377496,0.7311820546396222,27.62761036720039,51,5,0,0,112
SHORTEST_PULSE,260982,18.499322920322438,0.4270407172186748,16.2725334383798,55,1,0,0,112
METROLOGY_CONDITIONED_EIG,260982,22.559673090940326,0.722265437661712,15.763997309847987,53,3,0,0,112
NO_PASSIVE,260983,198.5297054928015,2.079077303681972,445.27923823147125,0,0,0,0,93
RANDOM,260983,26.219424891450256,0.644074944405097,21.98880707055617,57,2,0,0,93
HIGHEST_SNR,260983,15.436737121568772,1.2721576368273542,24.72925117287642,59,0,0,0,93
SHORTEST_PULSE,260983,14.312558262654408,0.6779153991425544,16.69460785271119,59,0,0,0,93
METROLOGY_CONDITIONED_EIG,260983,16.35481114861711,0.5369602724781666,16.87904507286609,58,1,0,0,93
NO_PASSIVE,260984,427.3619546808357,2.3205148892417284,445.27923823147125,0,0,0,0,70
RANDOM,260984,18.315024127169007,0.6616448751717945,26.467906057551698,50,0,0,0,70
HIGHEST_SNR,260984,22.655463916848326,0.6038116450802659,27.719037964899428,50,0,0,0,70
SHORTEST_PULSE,260984,22.655463916848326,0.6038116450802659,27.719037964899428,50,0,0,0,70
METROLOGY_CONDITIONED_EIG,260984,5.720471912168052,0.164775372906342,25.076114141429755,50,0,0,0,70
NO_PASSIVE,260985,39.3163985372369,2.694983991042621,445.27923823147125,0,0,0,0,99
RANDOM,260985,21.980491905908824,0.7156101657048229,29.5628369576542,43,0,0,0,99
HIGHEST_SNR,260985,11.978475037094233,0.12644492325870726,33.433835045961544,42,1,0,0,99
SHORTEST_PULSE,260985,23.43233607918528,0.4991714571349325,29.539225136102704,43,0,0,0,99
METROLOGY_CONDITIONED_EIG,260985,7.052542314239563,0.25622454792965826,29.05397038356446,43,0,0,0,99
NO_PASSIVE,260986,182.16237579243105,2.1038087920946547,445.27923823147125,0,0,0,0,89
RANDOM,260986,11.057628820413385,0.39664696400961763,25.51938788726926,42,0,0,0,89
HIGHEST_SNR,260986,8.100033942379543,0.32163760740319375,36.768011008705976,42,0,0,0,89
SHORTEST_PULSE,260986,27.597024769671524,0.8803043796368516,18.87784174854726,42,0,0,0,89
METROLOGY_CONDITIONED_EIG,260986,27.597024769671524,0.8803043796368516,18.87784174854726,42,0,0,0,89
NO_PASSIVE,260987,339.0370761362261,1.8531942150150127,445.27923823147125,0,0,0,0,150
RANDOM,260987,14.23406546664062,0.30653206313870546,29.82342156100758,59,0,0,0,150
HIGHEST_SNR,260987,4.249701455311121,0.5918751200981713,24.88513332872133,58,1,0,0,150
SHORTEST_PULSE,260987,17.97332796745314,0.5056818216003343,27.16440874199439,59,0,0,0,150
METROLOGY_CONDITIONED_EIG,260987,20.909337448445843,0.8571808127664262,24.49888856641321,59,0,0,0,150
NO_PASSIVE,260988,533.7274036446512,3.283293238380974,445.27923823147125,0,0,0,0,78
RANDOM,260988,18.01436218549431,0.5843244008341012,25.052031248251,34,0,0,0,78
HIGHEST_SNR,260988,30.029308490673994,0.6324883326216479,38.23602881922923,33,1,0,0,78
SHORTEST_PULSE,260988,30.029308490673994,0.6324883326216479,38.23602881922923,33,1,0,0,78
METROLOGY_CONDITIONED_EIG,260988,19.39519414507646,1.0338286220014201,24.179107903003764,33,1,0,0,78
NO_PASSIVE,260989,280.4624085172606,1.3368606860431753,445.27923823147125,0,0,0,0,21
RANDOM,260989,12.352152346775192,0.1129862773684365,37.8377988772989,18,0,0,0,21
HIGHEST_SNR,260989,8.656345665587267,0.32907330886487407,40.787334862667514,18,0,0,0,21
SHORTEST_PULSE,260989,8.656345665587267,0.32907330886487407,40.787334862667514,18,0,0,0,21
METROLOGY_CONDITIONED_EIG,260989,10.364975040567323,0.347112382337856,39.02260901549686,18,0,0,0,21
NO_PASSIVE,260990,747.5942028748341,0.9834113350733278,445.27923823147125,0,0,0,0,122
RANDOM,260990,50.44969594867817,1.8215061075021375,34.47252531369618,59,1,0,0,122
HIGHEST_SNR,260990,21.85238505588754,0.3176592398256844,63.70559370601991,59,1,0,0,122
SHORTEST_PULSE,260990,28.08732103181666,0.8861228200147828,39.87351839015246,59,1,0,0,122
METROLOGY_CONDITIONED_EIG,260990,41.752856571271124,0.9373411780525346,30.525906668472143,58,2,0,0,122
NO_PASSIVE,260991,508.5355811325815,3.307978763907613,445.27923823147125,0,0,0,0,82
RANDOM,260991,34.56538312919929,0.9323427622927687,31.985061475564873,44,1,0,0,82
HIGHEST_SNR,260991,8.75710115188714,0.5330345920612203,31.669549855074546,44,1,0,0,82
SHORTEST_PULSE,260991,26.001423644138583,0.18962353641817023,32.57972577177121,45,0,0,0,82
METROLOGY_CONDITIONED_EIG,260991,7.2925735819572495,0.1785750481595873,29.60897323529875,45,0,0,0,82
NO_PASSIVE,260992,426.4743844733647,0.8460808426405724,445.27923823147125,0,0,0,0,128
RANDOM,260992,10.084099623582935,0.2745080386790394,21.079974146736447,56,0,0,0,128
HIGHEST_SNR,260992,28.102721215404454,0.7071412579089474,24.370783616686385,56,0,0,0,128
SHORTEST_PULSE,260992,20.598726840712573,0.7972170800627799,13.26610528775207,56,0,0,0,128
METROLOGY_CONDITIONED_EIG,260992,18.348485747938817,0.7883253703312192,13.07097086346821,56,0,0,0,128
NO_PASSIVE,260993,601.4287216740564,0.8410065265164622,445.27923823147125,0,0,0,0,52
RANDOM,260993,12.782654558844474,0.505118312957357,35.58541742209815,33,0,0,0,52
HIGHEST_SNR,260993,30.702197198642207,0.7732122646175188,32.58147616066494,33,0,0,0,52
SHORTEST_PULSE,260993,12.455734220563203,0.6301381723699391,35.16838208179861,33,0,0,0,52
METROLOGY_CONDITIONED_EIG,260993,9.380054866054406,0.5377018518216748,34.76828610401835,33,0,0,0,52
NO_PASSIVE,260994,468.91621040092656,0.90213839443213,445.27923823147125,0,0,0,0,127
RANDOM,260994,20.02295046868643,0.48127589262920395,20.48194565915289,57,0,0,0,127
HIGHEST_SNR,260994,14.88265768914642,0.09601356549764084,19.97080968771183,57,0,0,0,127
SHORTEST_PULSE,260994,9.316649343550695,0.1560489378699962,17.004522849871123,56,1,0,0,127
METROLOGY_CONDITIONED_EIG,260994,6.612841031790594,0.09435417633155088,16.841112651390702,56,1,0,0,127
NO_PASSIVE,260995,235.9234110891182,2.6313954725022417,445.27923823147125,0,0,0,0,86
RANDOM,260995,59.94387214442772,1.7498218919044666,28.493134713875012,52,1,0,0,86
HIGHEST_SNR,260995,60.28807106959171,1.7507897570141884,26.078382511024902,53,0,0,0,86
SHORTEST_PULSE,260995,52.96754142493524,1.6749538076402637,27.58763552787202,53,0,0,0,86
METROLOGY_CONDITIONED_EIG,260995,58.995847745507284,1.6440734528940493,26.083521566047537,53,0,0,0,86
NO_PASSIVE,260996,398.17752995655906,0.8162471418525349,445.27923823147125,0,0,0,0,39
RANDOM,260996,26.770068843908938,0.9211770080024443,24.032177846737664,31,0,0,0,39
HIGHEST_SNR,260996,17.204487856802384,0.33514094603028854,24.01737855967306,31,0,0,0,39
SHORTEST_PULSE,260996,17.204487856802384,0.33514094603028854,24.01737855967306,31,0,0,0,39
METROLOGY_CONDITIONED_EIG,260996,26.877932692292653,0.8202929463482317,24.05371857909741,31,0,0,0,39
NO_PASSIVE,260997,392.4923610837955,2.358893619061312,445.27923823147125,0,0,0,0,120
RANDOM,260997,9.300396322222218,0.2239971029486374,22.952832513100752,56,0,0,0,120
HIGHEST_SNR,260997,15.01225586642916,0.8415110593249865,34.72771984232429,55,1,0,0,120
SHORTEST_PULSE,260997,3.7206766680042063,0.35578911244736994,18.207639357516726,56,0,0,0,120
METROLOGY_CONDITIONED_EIG,260997,4.687765868894458,0.4005970388796338,18.23514421782146,56,0,0,0,120
NO_PASSIVE,260998,161.46806521888357,2.807083119266885,445.27923823147125,0,0,0,0,136
RANDOM,260998,13.983193832192576,0.3975616696820527,20.247021335352,56,0,0,0,136
HIGHEST_SNR,260998,35.142064094188854,0.9328520395677927,30.016486058375577,55,1,0,0,136
SHORTEST_PULSE,260998,18.734444862795673,0.6685476640809047,16.65361828616471,56,0,0,0,136
METROLOGY_CONDITIONED_EIG,260998,23.335143829416076,0.8750021508749652,16.8603201185346,56,0,0,0,136
NO_PASSIVE,260999,264.93770181014565,2.592311408142544,445.27923823147125,0,0,0,0,50
RANDOM,260999,86.40437693549144,1.8903095694503564,53.09352303237825,25,1,0,0,50
HIGHEST_SNR,260999,77.92443924943073,2.5303562113912292,61.8765609328662,25,1,0,0,50
SHORTEST_PULSE,260999,74.22832847268019,1.8586132249634566,51.64073283673996,25,1,0,0,50
METROLOGY_CONDITIONED_EIG,260999,82.46425520383218,1.7409901841617548,44.60928252232311,24,2,0,0,50
NO_PASSIVE,261000,118.49223676687119,0.383007905077866,445.27923823147125,0,0,0,0,112
RANDOM,261000,14.740698185061389,0.5053144218320884,26.40784803080526,58,0,0,0,112
HIGHEST_SNR,261000,36.24649719261008,0.7889808546543297,26.985952764651326,58,0,0,0,112
SHORTEST_PULSE,261000,39.833175151330046,0.8829405816666219,19.235254924047762,58,0,0,0,112
METROLOGY_CONDITIONED_EIG,261000,38.45595906150058,0.7823095738150052,19.63543882077556,57,1,0,0,112
NO_PASSIVE,261001,622.5709026052076,1.1685183142498166,445.27923823147125,0,0,0,0,71
RANDOM,261001,13.600658353797531,0.26876193507508706,27.477829694481333,41,0,0,0,71
HIGHEST_SNR,261001,7.102929547975158,0.6195729116346076,39.06563087460524,41,0,0,0,71
SHORTEST_PULSE,261001,8.971127698899307,0.19851023593717024,29.68128093922059,41,0,0,0,71
METROLOGY_CONDITIONED_EIG,261001,1.9225943162466748,0.1407569398510094,26.301772695357872,41,0,0,0,71
NO_PASSIVE,261002,78.92314208690854,1.8099858065602283,445.27923823147125,0,0,0,0,77
RANDOM,261002,17.48726338390074,0.4205118654408901,21.472302299997406,50,0,0,0,77
HIGHEST_SNR,261002,29.654462722295996,1.0792567207340653,21.50692961429373,50,0,0,0,77
SHORTEST_PULSE,261002,30.887436427499576,0.9376067510929765,21.406477761682456,50,0,0,0,77
METROLOGY_CONDITIONED_EIG,261002,16.825391328817407,0.5973946313337596,18.792091687287392,50,0,0,0,77
NO_PASSIVE,261003,687.4643728432384,1.1436686550025486,445.27923823147125,0,0,0,0,36
RANDOM,261003,10.572585103955738,0.16916449576675968,30.405500328587426,28,1,0,0,36
HIGHEST_SNR,261003,13.949781010049168,0.5577227871985442,30.254591711550226,28,1,0,0,36
SHORTEST_PULSE,261003,11.215276446920406,0.49300299582832097,30.836993295329595,28,1,0,0,36
METROLOGY_CONDITIONED_EIG,261003,15.645020818113716,0.36367517335390825,30.142628760441106,28,1,0,0,36
NO_PASSIVE,261004,153.019357081035,3.4271856395792613,445.27923823147125,0,0,0,0,115
RANDOM,261004,41.2138244435006,1.3530211570968735,26.79337584301624,55,0,0,0,115
HIGHEST_SNR,261004,43.74749412261971,1.5452417134024565,32.855058872605525,55,0,0,0,115
SHORTEST_PULSE,261004,39.767434948716314,0.8905039295230106,24.514474441824156,54,1,0,0,115
METROLOGY_CONDITIONED_EIG,261004,26.780370096763626,0.5563356450388928,22.74450833496179,54,1,0,0,115
NO_PASSIVE,261005,217.1561468778172,2.035774773830283,445.27923823147125,0,0,0,0,72
RANDOM,261005,16.310499462262584,0.5350453256008258,27.002501799572777,28,0,0,0,72
HIGHEST_SNR,261005,18.983301211756544,0.43471984615374765,39.115310477901936,26,2,0,0,72
SHORTEST_PULSE,261005,24.759211600315265,0.6524181282732894,26.523430978823963,28,0,0,0,72
METROLOGY_CONDITIONED_EIG,261005,22.338935765090543,0.8596965179079128,22.55396953648657,28,0,0,0,72
NO_PASSIVE,261006,576.8806405409496,0.1277307240093555,445.27923823147125,0,0,0,0,36
RANDOM,261006,48.524857161602,1.4154800940828312,50.38913610822526,33,0,0,0,36
HIGHEST_SNR,261006,33.693461499477,0.8480986408249567,50.4403948781982,33,0,0,0,36
SHORTEST_PULSE,261006,49.0488098407175,1.2995051940155316,50.40532560671975,33,0,0,0,36
METROLOGY_CONDITIONED_EIG,261006,48.524857161602,1.4154800940828312,50.38913610822526,33,0,0,0,36
NO_PASSIVE,261007,757.2665181394856,1.5847402919164881,445.27923823147125,0,0,0,0,63
RANDOM,261007,30.321989732613353,0.031554089444416816,73.1132282962833,54,0,0,0,63
HIGHEST_SNR,261007,272.0243064922365,0.3390846765330553,127.74264813743132,54,0,0,0,63
SHORTEST_PULSE,261007,29.85402976000014,0.015760379983165644,73.10937564616133,54,0,0,0,63
METROLOGY_CONDITIONED_EIG,261007,37.4704951555083,0.28996077481668825,74.05882849084425,54,0,0,0,63
NO_PASSIVE,261008,614.4625288348324,0.9218124592150428,445.27923823147125,0,0,0,0,103
RANDOM,261008,12.789926979685967,0.5402508155480877,20.95539854129559,54,1,0,0,103
HIGHEST_SNR,261008,21.378271668540975,0.886338799152883,21.20117226818277,55,0,0,0,103
SHORTEST_PULSE,261008,11.023004427214198,0.4947080143748703,21.58642074124771,55,0,0,0,103
METROLOGY_CONDITIONED_EIG,261008,12.433401634389709,0.497775718317857,21.263958258338203,54,1,0,0,103
NO_PASSIVE,261009,648.5519734292421,0.7196147236894042,445.27923823147125,0,0,0,0,143
RANDOM,261009,11.402703508151346,0.5194660992138,24.220355576195658,58,0,0,0,143
HIGHEST_SNR,261009,29.20949651179396,1.02871408654929,39.16677751052665,57,1,0,0,143
SHORTEST_PULSE,261009,9.415813947436453,0.2717514758506423,18.659014151153414,58,0,0,0,143
METROLOGY_CONDITIONED_EIG,261009,11.241536299755769,0.3989221926432422,18.9365114242769,58,0,0,0,143
NO_PASSIVE,261010,699.0113405474206,3.926196570440272,445.27923823147125,0,0,0,0,133
RANDOM,261010,10.827898627302996,0.2890866200989024,21.110890881521378,60,0,0,0,133
HIGHEST_SNR,261010,17.685934211738996,0.7024040399988096,24.4929653201331,60,0,0,0,133
SHORTEST_PULSE,261010,14.003633239010945,0.021123970127049117,20.061268016691052,60,0,0,0,133
METROLOGY_CONDITIONED_EIG,261010,16.1849987909371,0.5327886461451014,18.983313158819467,60,0,0,0,133
NO_PASSIVE,261011,479.8261283121456,1.6607062943680193,445.27923823147125,0,0,0,0,78
RANDOM,261011,31.603809988541922,0.5703428016845657,25.856068603473975,51,2,0,0,78
HIGHEST_SNR,261011,36.88431585682325,0.7338139650503974,25.516266487738942,52,1,0,0,78
SHORTEST_PULSE,261011,36.66109971847596,0.7595416160432696,24.917523579702625,52,1,0,0,78
METROLOGY_CONDITIONED_EIG,261011,36.03072364987453,0.7519770581112277,23.92483290311832,52,1,0,0,78
NO_PASSIVE,261012,264.09069505357155,0.39581633288198764,445.27923823147125,0,0,0,0,40
RANDOM,261012,23.6296649647188,0.8197296445639422,41.24306691545287,28,1,0,0,40
HIGHEST_SNR,261012,7.570190398718619,0.37124873523726315,47.22726909023415,28,1,0,0,40
SHORTEST_PULSE,261012,29.03754238486773,1.0264648813946178,37.661130576979694,28,1,0,0,40
METROLOGY_CONDITIONED_EIG,261012,25.084233983394178,0.7187701337418494,38.35975005852635,28,1,0,0,40
NO_PASSIVE,261013,309.65599622215643,0.7404767248743158,445.27923823147125,0,0,0,0,98
RANDOM,261013,44.150229888975176,0.9891456712906652,26.19276693652725,45,0,0,0,98
HIGHEST_SNR,261013,50.56905629860663,0.2293329677281045,40.01310344222961,45,0,0,0,98
SHORTEST_PULSE,261013,27.26110058249317,0.40360289149301376,25.55912559374361,44,1,0,0,98
METROLOGY_CONDITIONED_EIG,261013,31.125327272222304,0.7200806771105029,24.27609557732076,45,0,0,0,98
NO_PASSIVE,261014,595.5362348882559,5.397843678556876,445.27923823147125,0,0,0,0,83
RANDOM,261014,49.103167095955115,0.23687998016916173,30.53149690915292,49,1,0,0,83
HIGHEST_SNR,261014,14.531732437506177,0.4720981387932533,29.137391252082477,46,4,0,0,83
SHORTEST_PULSE,261014,22.33728828325267,0.22550575300438974,32.208001590924624,48,2,0,0,83
METROLOGY_CONDITIONED_EIG,261014,35.02601123112637,0.34492447898876577,25.75066049548843,48,2,0,0,83
NO_PASSIVE,261015,835.0856376746607,0.4268184014649855,445.27923823147125,0,0,0,0,61
RANDOM,261015,30.197669459485663,1.1380075443171638,46.43894340030171,38,1,0,0,61
HIGHEST_SNR,261015,26.334152189776777,0.8320778765162956,48.08434276545798,38,1,0,0,61
SHORTEST_PULSE,261015,10.837753551028579,0.5412371189215996,42.75462145354299,35,4,0,0,61
METROLOGY_CONDITIONED_EIG,261015,7.605136580502576,0.21239050832733064,40.722441064064256,35,4,0,0,61
NO_PASSIVE,261016,301.5044186150391,3.515310479887819,445.27923823147125,0,0,0,0,22
RANDOM,261016,44.739147304343724,1.9651965723163434,50.30776573343073,18,0,0,0,22
HIGHEST_SNR,261016,48.92471192648754,1.9189298871388343,45.893814157582376,18,0,0,0,22
SHORTEST_PULSE,261016,48.92471192648754,1.9189298871388343,45.893814157582376,18,0,0,0,22
METROLOGY_CONDITIONED_EIG,261016,51.250237916454225,2.0352225415355374,45.76739457815348,18,0,0,0,22
NO_PASSIVE,261017,615.1971538572484,3.3591141859980342,445.27923823147125,0,0,0,0,116
RANDOM,261017,5.302526340828898,0.6102288286600851,18.90288352638238,53,0,0,0,116
HIGHEST_SNR,261017,20.36330937032167,0.44965536300757697,17.738870117306487,53,0,0,0,116
SHORTEST_PULSE,261017,13.45393831650565,0.4568707963533698,19.85960170927821,53,0,0,0,116
METROLOGY_CONDITIONED_EIG,261017,15.25268023174309,0.7506509415425006,17.03434895292803,53,0,0,0,116
NO_PASSIVE,261018,707.7350689497921,0.9183997013887846,445.27923823147125,0,0,0,0,251
RANDOM,261018,45.96443174747669,1.0524772749431113,23.92140678865476,58,2,0,0,251
HIGHEST_SNR,261018,26.37995293608591,0.35156620719927784,63.04962962032926,60,0,0,0,251
SHORTEST_PULSE,261018,27.563498597396173,0.6941675898498216,16.390798345308013,59,1,0,0,251
METROLOGY_CONDITIONED_EIG,261018,26.923049460376493,0.7341865999084599,16.395708803472775,59,1,0,0,251
NO_PASSIVE,261019,490.131025246112,2.7648816042425395,445.27923823147125,0,0,0,0,133
RANDOM,261019,22.529441298461247,0.8280577836896326,30.069067765359208,56,2,0,0,133
HIGHEST_SNR,261019,89.6362318884544,1.860617565391978,45.13323071374313,58,0,0,0,133
SHORTEST_PULSE,261019,29.87942382667438,0.500244386692931,20.563835003977097,57,1,0,0,133
METROLOGY_CONDITIONED_EIG,261019,12.633918001220664,0.39325721180839157,19.147047826911404,58,0,0,0,133
NO_PASSIVE,261020,338.14572935408256,1.710875398905574,445.27923823147125,0,0,0,0,79
RANDOM,261020,12.074268336659447,0.5302286612038876,17.852746682240102,53,2,0,0,79
HIGHEST_SNR,261020,21.01330365706675,0.7027429752829594,19.42865842881366,53,2,0,0,79
SHORTEST_PULSE,261020,9.227614288838929,0.3963735529131277,16.838616428690504,55,0,0,0,79
METROLOGY_CONDITIONED_EIG,261020,13.158738564288678,0.3987200068924757,16.642381430900727,55,0,0,0,79
NO_PASSIVE,261021,568.3098072277847,0.9788784290147257,445.27923823147125,0,0,0,0,116
RANDOM,261021,26.17001797956688,0.999429220367272,20.320148357967295,53,0,0,0,116
HIGHEST_SNR,261021,14.29389000754006,0.6884084046804121,20.558127340768976,53,0,0,0,116
SHORTEST_PULSE,261021,13.363196964485587,0.6019499648913083,19.801598490379103,53,0,0,0,116
METROLOGY_CONDITIONED_EIG,261021,7.8915020557194,0.4215048289938167,19.3020349249586,53,0,0,0,116
NO_PASSIVE,261022,632.8043210767356,0.41619828263005443,445.27923823147125,0,0,0,0,18
RANDOM,261022,36.054796331423766,0.44461087501857083,29.272895874526213,17,0,0,0,18
HIGHEST_SNR,261022,36.054796331423766,0.44461087501857083,29.272895874526213,17,0,0,0,18
SHORTEST_PULSE,261022,36.054796331423766,0.44461087501857083,29.272895874526213,17,0,0,0,18
METROLOGY_CONDITIONED_EIG,261022,37.73077351893695,0.5659957452276204,28.885060058414567,17,0,0,0,18
NO_PASSIVE,261023,566.8578731463543,3.088393368198998,445.27923823147125,0,0,0,0,61
RANDOM,261023,12.705274040845643,0.4302088069720383,21.658262412764184,47,1,0,0,61
HIGHEST_SNR,261023,13.022230423535682,0.3120535615542032,31.62757800815564,47,1,0,0,61
SHORTEST_PULSE,261023,8.366957882551416,0.20518318559561224,19.0071845805689,46,2,0,0,61
METROLOGY_CONDITIONED_EIG,261023,9.5521361421469,0.2152025496900952,19.31741677781542,46,2,0,0,61
NO_PASSIVE,261024,155.43650406125815,0.9650978984860585,445.27923823147125,0,0,0,0,119
RANDOM,261024,27.834865257493465,0.6900798682822733,42.844824001953256,36,2,0,0,119
HIGHEST_SNR,261024,36.20069282059412,0.666162922030463,54.41082403626451,37,1,0,0,119
SHORTEST_PULSE,261024,30.592838714847485,1.2639200379871254,45.67845371714572,37,1,0,0,119
METROLOGY_CONDITIONED_EIG,261024,63.33163912394975,1.2673657442875343,35.9165214838126,37,1,0,0,119
NO_PASSIVE,261025,346.16093686997027,0.5138200423350604,445.27923823147125,0,0,0,0,86
RANDOM,261025,16.81289759115208,0.3230488542016659,21.12301698247528,44,0,0,0,86
HIGHEST_SNR,261025,20.430528061293728,0.8223154591196247,25.95378406118687,43,1,0,0,86
SHORTEST_PULSE,261025,21.525357169257692,0.24556780321761848,18.408048848524167,44,0,0,0,86
METROLOGY_CONDITIONED_EIG,261025,20.78345229898817,0.25085139517683197,18.43333697600183,44,0,0,0,86
NO_PASSIVE,261026,328.0834851393137,1.6640651664901027,445.27923823147125,0,0,0,0,135
RANDOM,261026,9.107741064812721,0.4729620243351536,18.73360040974979,59,0,0,0,135
HIGHEST_SNR,261026,13.0284120962483,0.6640783638176901,21.916556656204964,58,1,0,0,135
SHORTEST_PULSE,261026,11.573726027248036,0.8367085751623573,17.247030303927364,59,0,0,0,135
METROLOGY_CONDITIONED_EIG,261026,12.113549961628012,0.6076848866696538,18.184190459438422,59,0,0,0,135
NO_PASSIVE,261027,269.8970274804898,1.3700392088133053,445.27923823147125,0,0,0,0,39
RANDOM,261027,18.134959748040412,0.5416461455619592,28.606732100359263,32,0,0,0,39
HIGHEST_SNR,261027,24.7028354915473,0.9214430911352437,28.814380572455256,32,0,0,0,39
SHORTEST_PULSE,261027,23.64491725274367,0.9183443169790846,28.71117517736949,32,0,0,0,39
METROLOGY_CONDITIONED_EIG,261027,20.869705542084397,0.43951438068496324,27.654158420714985,32,0,0,0,39
NO_PASSIVE,261028,299.66867835471874,2.028496422736692,445.27923823147125,0,0,0,0,126
RANDOM,261028,32.59598858092611,1.335406683308371,22.236783503962194,54,0,0,0,126
HIGHEST_SNR,261028,30.27750550159025,0.6023185227576919,23.514848490546484,54,0,0,0,126
SHORTEST_PULSE,261028,43.98458559655534,1.2770496711779695,21.91478233748463,54,0,0,0,126
METROLOGY_CONDITIONED_EIG,261028,45.85202008230875,1.2451577391666746,21.7878235599753,54,0,0,0,126
NO_PASSIVE,261029,714.3847946253613,1.495978942702535,445.27923823147125,0,0,0,0,57
RANDOM,261029,6.176688634647281,0.3858582488148126,35.68759213190961,37,0,0,0,57
HIGHEST_SNR,261029,11.82019895720225,0.7667188456194847,39.29821070068771,37,0,0,0,57
SHORTEST_PULSE,261029,5.635524548538505,0.36417769246469356,34.29796392518416,37,0,0,0,57
METROLOGY_CONDITIONED_EIG,261029,3.693883660301406,0.6329354411302809,34.21904888673672,37,0,0,0,57
NO_PASSIVE,261030,705.8675917285956,1.8463793059857823,445.27923823147125,0,0,0,0,106
RANDOM,261030,23.990245069900208,0.5539573194957672,29.658241974430066,43,0,0,0,106
HIGHEST_SNR,261030,23.011668819433204,0.8415948874539589,34.985780865335855,43,0,0,0,106
SHORTEST_PULSE,261030,10.018249664417093,0.3731919162750589,16.251299170752926,43,0,0,0,106
METROLOGY_CONDITIONED_EIG,261030,10.885291620115169,0.3943726899122534,16.1871356387504,43,0,0,0,106
NO_PASSIVE,261031,294.8362779308853,4.213545140209255,445.27923823147125,0,0,0,0,138
RANDOM,261031,20.00950904811913,0.780110029493072,22.278702047287183,58,1,0,0,138
HIGHEST_SNR,261031,22.686523656700377,0.8333109064809436,22.910389314960568,59,0,0,0,138
SHORTEST_PULSE,261031,21.978225277263505,0.7270635521365368,19.967548755698093,58,1,0,0,138
METROLOGY_CONDITIONED_EIG,261031,20.466640337384934,0.6894707288594858,18.516067083207723,57,2,0,0,138
NO_PASSIVE,261032,527.7713694904879,3.7718476334731728,445.27923823147125,0,0,0,0,118
RANDOM,261032,9.790146770794742,0.3360841664104115,14.994634464351126,56,2,0,0,118
HIGHEST_SNR,261032,10.990257001325293,0.5762426767234251,14.621328141997664,58,0,0,0,118
SHORTEST_PULSE,261032,1.0333297171333427,0.19438905715102509,13.31553070201833,58,0,0,0,118
METROLOGY_CONDITIONED_EIG,261032,5.460010464942479,0.4390842909521463,13.115901469588495,58,0,0,0,118
NO_PASSIVE,261033,92.70755150123381,0.5138546147837555,445.27923823147125,0,0,0,0,48
RANDOM,261033,15.037719721281208,0.6258144032784206,33.29150278173811,35,0,0,0,48
HIGHEST_SNR,261033,23.781524816140656,0.5741643847738946,33.94271651405615,35,0,0,0,48
SHORTEST_PULSE,261033,21.62608235127346,0.5319432299452878,25.771581315793373,35,0,0,0,48
METROLOGY_CONDITIONED_EIG,261033,21.62608235127346,0.5319432299452878,25.771581315793373,35,0,0,0,48
NO_PASSIVE,261034,130.0047231291962,1.9963687230713874,445.27923823147125,0,0,0,0,64
RANDOM,261034,37.350496045812406,1.0296574933592284,47.023748140712314,46,0,0,0,64
HIGHEST_SNR,261034,86.59111450704015,1.436698294413012,90.15497265462187,46,0,0,0,64
SHORTEST_PULSE,261034,42.219660560257836,0.9613525893584846,42.73328565763537,46,0,0,0,64
METROLOGY_CONDITIONED_EIG,261034,40.67021662939958,0.9771138610971901,42.72686226893455,46,0,0,0,64
NO_PASSIVE,261035,579.1941404418284,1.0023243268871114,445.27923823147125,0,0,0,0,42
RANDOM,261035,39.320206459894194,1.135938521058184,45.43775599274458,31,0,0,0,42
HIGHEST_SNR,261035,27.633213453765077,0.8522735523595552,43.4974734710876,31,0,0,0,42
SHORTEST_PULSE,261035,30.50047905641635,0.39195006193620524,42.97640107508379,31,0,0,0,42
METROLOGY_CONDITIONED_EIG,261035,31.196119234752157,0.48203579633666305,42.98645908270327,31,0,0,0,42
NO_PASSIVE,261036,533.0660284006443,1.6439901337358938,445.27923823147125,0,0,0,0,98
RANDOM,261036,7.6971239182878195,0.4655840346168778,24.44338698128712,53,1,0,0,98
HIGHEST_SNR,261036,8.537519023357724,0.7140262431255922,33.494962529496185,53,1,0,0,98
SHORTEST_PULSE,261036,7.270180582288462,0.7159630531685824,25.008395487944888,54,0,0,0,98
METROLOGY_CONDITIONED_EIG,261036,13.795627811625813,1.0552627676458453,23.404460047405543,54,0,0,0,98
NO_PASSIVE,261037,201.71512928586858,0.8460052836989325,445.27923823147125,0,0,0,0,60
RANDOM,261037,22.67097731263467,0.42520775653975934,45.97668655690496,50,1,0,0,60
HIGHEST_SNR,261037,35.616673251843885,0.8524405722341523,52.413518074784385,51,0,0,0,60
SHORTEST_PULSE,261037,22.67097731263467,0.42520775653975934,45.97668655690496,50,1,0,0,60
METROLOGY_CONDITIONED_EIG,261037,22.67097731263467,0.42520775653975934,45.97668655690496,50,1,0,0,60
NO_PASSIVE,261038,195.6919571876626,2.449979359505806,445.27923823147125,0,0,0,0,89
RANDOM,261038,13.814862895983838,0.12719427259092503,27.174433693268043,44,0,0,0,89
HIGHEST_SNR,261038,21.60791328305198,0.41981618569078144,25.74289350138621,44,0,0,0,89
SHORTEST_PULSE,261038,11.015252528502065,0.4083980708767003,24.787612545177485,44,0,0,0,89
METROLOGY_CONDITIONED_EIG,261038,17.30125641592242,0.5720853087620854,25.38272154821678,44,0,0,0,89
NO_PASSIVE,261039,747.822214756228,1.7006909172184728,445.27923823147125,0,0,0,0,59
RANDOM,261039,94.48912251720542,1.1535066074214635,59.59570126338361,49,0,0,0,59
HIGHEST_SNR,261039,82.33677959243198,1.0119278478647642,60.86716836184861,49,0,0,0,59
SHORTEST_PULSE,261039,51.003597386010746,0.430524287919904,57.56085652033197,49,0,0,0,59
METROLOGY_CONDITIONED_EIG,261039,51.80454993967267,0.49961911300388034,54.328803760415205,49,0,0,0,59
NO_PASSIVE,261040,231.68166469011607,1.5971349626419113,445.27923823147125,0,0,0,0,59
RANDOM,261040,1.3192404706348695,0.5676185359213011,25.63076244532081,45,0,0,0,59
HIGHEST_SNR,261040,2.5957250819993365,0.21127092770022193,27.757723142034813,45,0,0,0,59
SHORTEST_PULSE,261040,2.655876507688221,0.18586668116544627,23.848145289451676,45,0,0,0,59
METROLOGY_CONDITIONED_EIG,261040,20.894254011863545,0.49158836022813285,24.1514902996737,45,0,0,0,59
NO_PASSIVE,261041,447.1888259442027,1.449117147023143,445.27923823147125,0,0,0,0,39
RANDOM,261041,29.6676727360254,0.260586072037638,45.639799262251245,34,0,0,0,39
HIGHEST_SNR,261041,45.153852396714086,0.20245809220392913,60.66522683125387,34,0,0,0,39
SHORTEST_PULSE,261041,30.538483041296203,0.06662499634573045,45.57000028103606,34,0,0,0,39
METROLOGY_CONDITIONED_EIG,261041,30.562529998331158,0.25116663427048486,45.379752947184905,34,0,0,0,39
NO_PASSIVE,261042,361.61472516769413,1.230921069284021,445.27923823147125,0,0,0,0,116
RANDOM,261042,11.0229592488356,0.20221978649497596,34.436772294059445,56,1,0,0,116
HIGHEST_SNR,261042,12.193784439138575,0.4019695561731342,33.0176789062861,57,0,0,0,116
SHORTEST_PULSE,261042,7.539117086015217,1.2002721304035324,37.12011858077578,57,0,0,0,116
METROLOGY_CONDITIONED_EIG,261042,39.976888141214154,0.8696241528562817,30.098848814081425,57,0,0,0,116
NO_PASSIVE,261043,55.74021120754686,1.886979862685374,445.27923823147125,0,0,0,0,46
RANDOM,261043,33.57785151774878,0.7933507894428928,21.49151674852171,32,0,0,0,46
HIGHEST_SNR,261043,29.306687108686635,0.7672201272595178,22.447749495288164,32,0,0,0,46
SHORTEST_PULSE,261043,25.503630393789408,0.620806720083657,20.803087606033397,32,0,0,0,46
METROLOGY_CONDITIONED_EIG,261043,16.01571349189521,0.40891351805487375,20.85676375073076,32,0,0,0,46
NO_PASSIVE,261044,545.5590529198446,1.9021266306725686,445.27923823147125,0,0,0,0,73
RANDOM,261044,19.6334806079875,1.341211397433512,34.45614540884617,37,0,0,0,73
HIGHEST_SNR,261044,40.13565090243106,1.1719457163357077,31.564416604676957,37,0,0,0,73
SHORTEST_PULSE,261044,16.027392760526897,1.1327339099052454,30.839887871467816,37,0,0,0,73
METROLOGY_CONDITIONED_EIG,261044,44.242113015226046,1.504763129413654,30.406435539352064,37,0,0,0,73
NO_PASSIVE,261045,319.2895235597317,2.130938518656269,445.27923823147125,0,0,0,0,138
RANDOM,261045,14.69497867313165,0.3754947330639869,17.07675349630742,58,0,0,0,138
HIGHEST_SNR,261045,25.005261398404848,0.6734179121665598,28.243257837016824,58,0,0,0,138
SHORTEST_PULSE,261045,23.687945567026503,1.005793175748988,24.057348085996193,58,0,0,0,138
METROLOGY_CONDITIONED_EIG,261045,3.4808488236617112,0.3579462538406431,15.600658488917965,58,0,0,0,138
NO_PASSIVE,261046,417.08787330067577,2.82923088374536,445.27923823147125,0,0,0,0,107
RANDOM,261046,19.491561851816652,0.14813194155958948,38.47757165557244,55,0,0,0,107
HIGHEST_SNR,261046,46.13052074432278,1.356110661590294,47.296976850848885,55,0,0,0,107
SHORTEST_PULSE,261046,25.953912391430045,0.46171388232412536,32.82931092212013,55,0,0,0,107
METROLOGY_CONDITIONED_EIG,261046,26.688749331470895,0.8419921355974737,32.68479036743876,55,0,0,0,107
NO_PASSIVE,261047,339.70201870901315,1.0571626131044132,445.27923823147125,0,0,0,0,151
RANDOM,261047,25.30610544852105,0.7200123151270589,21.751570683841994,59,1,0,0,151
HIGHEST_SNR,261047,20.043527804239126,0.1738228839530774,35.467850175917796,60,0,0,0,151
SHORTEST_PULSE,261047,8.664321507449023,0.27386030428096264,14.940511662395368,60,0,0,0,151
METROLOGY_CONDITIONED_EIG,261047,10.839004919176288,0.3652709623255251,15.283187173720023,60,0,0,0,151
NO_PASSIVE,261048,178.70356730030034,2.554132754335195,445.27923823147125,0,0,0,0,62
RANDOM,261048,14.24059798528157,0.4283383508844093,24.758289508361926,46,0,0,0,62
HIGHEST_SNR,261048,35.680728313239676,0.8335093935491348,28.808177440112242,46,0,0,0,62
SHORTEST_PULSE,261048,4.481566273170324,0.4305227101051009,23.56001468840801,46,0,0,0,62
METROLOGY_CONDITIONED_EIG,261048,4.423348026087556,0.37274329013879154,23.304315228864866,45,1,0,0,62
NO_PASSIVE,261049,108.48836818392682,0.4412516769403147,445.27923823147125,0,0,0,0,87
RANDOM,261049,29.48683246513296,1.1255243954590128,28.010714736383594,50,1,0,0,87
HIGHEST_SNR,261049,62.46742802175853,1.8155928069325633,34.80306567011691,51,0,0,0,87
SHORTEST_PULSE,261049,31.119195803853952,0.7817001586859414,21.59052290787868,51,0,0,0,87
METROLOGY_CONDITIONED_EIG,261049,21.09261942308696,0.38919395158815223,21.675129403555346,51,0,0,0,87
NO_PASSIVE,261050,163.70976388276108,3.9582768107172166,445.27923823147125,0,0,0,0,76
RANDOM,261050,8.31090381614263,0.3793469422230773,30.313182090346395,57,0,0,0,76
HIGHEST_SNR,261050,13.436628807116927,0.2571685156400372,30.2682516609443,57,0,0,0,76
SHORTEST_PULSE,261050,19.004170986248205,0.47337504955338744,28.72405078597147,56,1,0,0,76
METROLOGY_CONDITIONED_EIG,261050,31.32326139485663,0.7441630463554836,28.987946487704495,56,1,0,0,76
NO_PASSIVE,261051,375.0809986067675,2.24454264735138,445.27923823147125,0,0,0,0,59
RANDOM,261051,77.65708980408724,1.3686912053550087,49.836246126529375,42,0,0,0,59
HIGHEST_SNR,261051,81.49803734937115,1.1942477338813322,58.15078095509069,42,0,0,0,59
SHORTEST_PULSE,261051,32.82025278735598,0.5263709079261767,37.792281289927146,42,0,0,0,59
METROLOGY_CONDITIONED_EIG,261051,35.42861371812434,0.7437690933422744,35.97911286662754,42,0,0,0,59
NO_PASSIVE,261052,344.6365061494453,2.9654614050896404,445.27923823147125,0,0,0,0,73
RANDOM,261052,6.927794412237791,0.638286570231515,23.47056088474089,50,1,0,0,73
HIGHEST_SNR,261052,10.08441191354684,0.8673667907957645,24.991312447610742,50,1,0,0,73
SHORTEST_PULSE,261052,25.10328926860718,1.0279134182957135,20.904813475715468,50,1,0,0,73
METROLOGY_CONDITIONED_EIG,261052,22.43841402772556,1.072385097950108,21.123149255860046,51,0,0,0,73
NO_PASSIVE,261053,42.63296072275664,0.17601279611311638,445.27923823147125,0,0,0,0,86
RANDOM,261053,9.942607300190259,0.5712817414532622,35.695501571540895,36,0,0,0,86
HIGHEST_SNR,261053,47.911695297462494,0.5658065771605097,47.369807721853064,36,0,0,0,86
SHORTEST_PULSE,261053,28.792929253023804,0.8479295227764737,21.768699160234867,36,0,0,0,86
METROLOGY_CONDITIONED_EIG,261053,23.441635335952387,0.6940547219215626,22.690469297928452,36,0,0,0,86
NO_PASSIVE,261054,590.1351430810541,0.36204743950216417,445.27923823147125,0,0,0,0,25
RANDOM,261054,51.9381201595155,0.6635481385108893,32.89028731861036,25,0,0,0,25
HIGHEST_SNR,261054,51.9381201595155,0.6635481385108893,32.89028731861036,25,0,0,0,25
SHORTEST_PULSE,261054,51.9381201595155,0.6635481385108893,32.89028731861036,25,0,0,0,25
METROLOGY_CONDITIONED_EIG,261054,51.9381201595155,0.6635481385108893,32.89028731861036,25,0,0,0,25
NO_PASSIVE,261055,117.38882685229058,0.7018668891528624,445.27923823147125,0,0,0,0,61
RANDOM,261055,27.591372859035054,0.4333671566365633,26.71733205619282,42,0,0,0,61
HIGHEST_SNR,261055,24.866381544106854,0.34198207293538196,26.65501062029899,42,0,0,0,61
SHORTEST_PULSE,261055,36.71170543533424,0.5331799882748758,25.728727146632377,42,0,0,0,61
METROLOGY_CONDITIONED_EIG,261055,36.14091026465978,0.5028881533854767,25.732081937840963,42,0,0,0,61
NO_PASSIVE,261056,314.29017712481993,1.6217874523527367,445.27923823147125,0,0,0,0,60
RANDOM,261056,24.913115266179805,0.7614253041700859,42.12479610560978,39,1,0,0,60
HIGHEST_SNR,261056,42.32052260851872,1.3561023667901104,55.62382542507719,39,1,0,0,60
SHORTEST_PULSE,261056,39.34717473252994,1.0921987722746482,39.43946630093841,39,1,0,0,60
METROLOGY_CONDITIONED_EIG,261056,38.26807430812729,1.0287858147330178,39.484778898932504,39,1,0,0,60
NO_PASSIVE,261057,509.69976882173137,1.3624097337443344,445.27923823147125,0,0,0,0,39
RANDOM,261057,35.46203509549042,1.1561293189968802,20.28246564664733,27,2,0,0,39
HIGHEST_SNR,261057,27.24377530127308,1.2151592493635286,20.31913737457769,28,1,0,0,39
SHORTEST_PULSE,261057,35.95541672344265,1.4582204006348043,19.95618298372368,28,1,0,0,39
METROLOGY_CONDITIONED_EIG,261057,26.987008622397497,1.0952677854993358,20.380017238821022,28,1,0,0,39
NO_PASSIVE,261058,170.3394741953779,3.8105010748377164,445.27923823147125,0,0,0,0,63
RANDOM,261058,76.9574933907808,1.5300044581419407,59.148858688327984,41,1,0,0,63
HIGHEST_SNR,261058,97.0347795386951,1.8710310614150722,61.06816575033567,41,1,0,0,63
SHORTEST_PULSE,261058,79.3130038656192,2.1998193920391707,58.05645907329278,41,1,0,0,63
METROLOGY_CONDITIONED_EIG,261058,36.50565477417423,0.6655789340555851,53.94385889542839,41,1,0,0,63
NO_PASSIVE,261059,551.4567569350113,2.695520843178614,445.27923823147125,0,0,0,0,121
RANDOM,261059,16.945928751437275,0.7529905309882905,17.45572863266504,59,1,0,0,121
HIGHEST_SNR,261059,57.65320933151213,1.2850206821989374,30.117379836554466,60,0,0,0,121
SHORTEST_PULSE,261059,17.481490957226033,0.8907316385516243,15.158341326687552,59,1,0,0,121
METROLOGY_CONDITIONED_EIG,261059,17.642394868499945,0.8419422068311812,15.396167792487555,59,1,0,0,121
NO_PASSIVE,261060,225.54821604893894,2.321631844378834,445.27923823147125,0,0,0,0,30
RANDOM,261060,55.26500677620067,1.0840433536433485,37.93011025916148,26,0,0,0,30
HIGHEST_SNR,261060,50.530009307338176,1.167352152436069,38.54508880016625,26,0,0,0,30
SHORTEST_PULSE,261060,60.830725273729,1.4650079784993641,37.754910723007015,26,0,0,0,30
METROLOGY_CONDITIONED_EIG,261060,55.26500677620067,1.0840433536433485,37.93011025916148,26,0,0,0,30
NO_PASSIVE,261061,314.4274822854825,1.879765821519552,445.27923823147125,0,0,0,0,35
RANDOM,261061,59.613819764733385,1.2745492801422125,42.51153785379826,29,1,0,0,35
HIGHEST_SNR,261061,38.423471356550564,0.9054628398598037,44.7166399607103,30,0,0,0,35
SHORTEST_PULSE,261061,49.01845914585669,1.0471285773074213,43.23728588991623,30,0,0,0,35
METROLOGY_CONDITIONED_EIG,261061,43.97536392375064,0.8569335449433156,37.19252636099859,30,0,0,0,35
NO_PASSIVE,261062,328.83152248967696,1.1523672044159234,445.27923823147125,0,0,0,0,156
RANDOM,261062,1.9443242172563064,0.15288123328737424,21.283552969480432,59,1,0,0,156
HIGHEST_SNR,261062,22.686366590340498,0.6836611583564586,24.983108475013236,60,0,0,0,156
SHORTEST_PULSE,261062,35.29889908455461,1.2661689448662075,22.659294694590645,59,1,0,0,156
METROLOGY_CONDITIONED_EIG,261062,26.663057537669157,0.9324815861253086,19.780694504681332,59,1,0,0,156
NO_PASSIVE,261063,310.7792045933082,2.058245307774902,445.27923823147125,0,0,0,0,64
RANDOM,261063,25.47399587670048,0.8281832399231517,33.25672992162054,45,1,0,0,64
HIGHEST_SNR,261063,31.75048171408792,1.8655533674073916,69.09417850564063,45,1,0,0,64
SHORTEST_PULSE,261063,13.580115147479281,0.301245773393275,25.953913415397672,46,0,0,0,64
METROLOGY_CONDITIONED_EIG,261063,11.925767072436747,0.29832781769239836,25.17579416047105,45,1,0,0,64
NO_PASSIVE,261064,405.2941207438231,1.6227535487220552,445.27923823147125,0,0,0,0,52
RANDOM,261064,13.311759403405762,1.454350078550338,38.75762404958534,48,0,0,0,52
HIGHEST_SNR,261064,10.471111790341853,1.1256347830632958,38.77355615829552,48,0,0,0,52
SHORTEST_PULSE,261064,10.880217137533608,1.3464257014616683,38.144407295338986,48,0,0,0,52
METROLOGY_CONDITIONED_EIG,261064,8.46142342010893,1.0530988022544805,37.585548604700406,48,0,0,0,52
NO_PASSIVE,261065,344.6173793044035,1.9415838913536625,445.27923823147125,0,0,0,0,142
RANDOM,261065,6.303477346506868,0.4476889109893231,19.044484587581486,58,1,0,0,142
HIGHEST_SNR,261065,28.141687573210607,1.0849660535693832,24.124668912090947,59,0,0,0,142
SHORTEST_PULSE,261065,12.73571305953013,0.6487400021218307,19.30596663158156,59,0,0,0,142
METROLOGY_CONDITIONED_EIG,261065,19.631859799306834,0.5021882056457008,17.564442046258282,58,1,0,0,142
NO_PASSIVE,261066,87.58175461138761,0.4151827436081883,445.27923823147125,0,0,0,0,137
RANDOM,261066,8.606484899629914,0.04213243151808446,24.573442970547557,47,1,0,0,137
HIGHEST_SNR,261066,13.605875648699365,0.8138525329930738,26.231999014067075,46,2,0,0,137
SHORTEST_PULSE,261066,11.89584611600914,0.646181886703937,29.93430200299552,47,1,0,0,137
METROLOGY_CONDITIONED_EIG,261066,12.587451190846963,0.4280241911205132,19.840561903400506,47,1,0,0,137
NO_PASSIVE,261067,679.9348525047177,2.6791791662341247,445.27923823147125,0,0,0,0,131
RANDOM,261067,14.428043138267347,0.5897410024059374,27.877141561269607,59,1,0,0,131
HIGHEST_SNR,261067,26.71586591334308,1.0826375449629226,29.841096418438973,58,2,0,0,131
SHORTEST_PULSE,261067,18.721217476840597,0.5257342343682775,23.666390511798074,60,0,0,0,131
METROLOGY_CONDITIONED_EIG,261067,14.147351657390837,0.277715106854686,23.89038791935619,60,0,0,0,131
NO_PASSIVE,261068,531.4055207454563,0.7645291354656186,445.27923823147125,0,0,0,0,138
RANDOM,261068,20.672848773503034,0.3854273813596008,18.849385219103116,58,0,0,0,138
HIGHEST_SNR,261068,11.304260509473885,0.6749897978334027,22.197767147326186,56,2,0,0,138
SHORTEST_PULSE,261068,15.51168879938467,0.23898915833923604,16.216531794061627,58,0,0,0,138
METROLOGY_CONDITIONED_EIG,261068,18.191028441813774,0.24362903536760855,16.07969933005986,58,0,0,0,138
NO_PASSIVE,261069,523.5223707138186,3.918951302772689,445.27923823147125,0,0,0,0,30
RANDOM,261069,34.970213923987,1.9755477374181016,41.069801232141884,30,0,0,0,30
HIGHEST_SNR,261069,34.970213923987,1.9755477374181016,41.069801232141884,30,0,0,0,30
SHORTEST_PULSE,261069,34.970213923987,1.9755477374181016,41.069801232141884,30,0,0,0,30
METROLOGY_CONDITIONED_EIG,261069,34.970213923987,1.9755477374181016,41.069801232141884,30,0,0,0,30
NO_PASSIVE,261070,222.43097617665697,2.3113390940142753,445.27923823147125,0,0,0,0,61
RANDOM,261070,11.28144617871918,0.8336088884322111,37.17671992989485,50,0,0,0,61
HIGHEST_SNR,261070,12.509164892464032,1.2739165711809892,40.10082314616923,50,0,0,0,61
SHORTEST_PULSE,261070,3.5970067820084726,0.5299420470919024,38.840094125427086,50,0,0,0,61
METROLOGY_CONDITIONED_EIG,261070,3.446161717545624,0.5935702633865114,35.76247765529361,50,0,0,0,61
NO_PASSIVE,261071,299.29828304707763,0.630768720627022,445.27923823147125,0,0,0,0,63
RANDOM,261071,40.51117852409117,0.7085480268640428,41.593919535166606,50,1,0,0,63
HIGHEST_SNR,261071,66.31371981681201,0.8808432365383554,73.46301175250696,51,0,0,0,63
SHORTEST_PULSE,261071,40.76671468687495,0.6634196724886748,41.4075829345823,50,1,0,0,63
METROLOGY_CONDITIONED_EIG,261071,44.978997397427214,0.6910774188597468,41.4311327719947,50,1,0,0,63
NO_PASSIVE,261072,191.81146181389673,2.0003420180980322,445.27923823147125,0,0,0,0,67
RANDOM,261072,28.81939787178574,0.5201402057616761,36.385493358291946,46,0,0,0,67
HIGHEST_SNR,261072,28.72032294772748,0.3876753168386524,39.61697667130293,46,0,0,0,67
SHORTEST_PULSE,261072,15.866028195623342,0.2625659159958792,36.47632565214747,46,0,0,0,67
METROLOGY_CONDITIONED_EIG,261072,16.033424424713377,0.26992506327630666,36.14353629987837,46,0,0,0,67
NO_PASSIVE,261073,345.62435979433957,2.059076811266542,445.27923823147125,0,0,0,0,19
RANDOM,261073,39.376328826716524,1.5171984177399975,89.89897630741685,18,0,0,0,19
HIGHEST_SNR,261073,39.376328826716524,1.5171984177399975,89.89897630741685,18,0,0,0,19
SHORTEST_PULSE,261073,37.58059728572898,1.6663476848642749,68.42353158058313,18,0,0,0,19
METROLOGY_CONDITIONED_EIG,261073,37.58059728572898,1.6663476848642749,68.42353158058313,18,0,0,0,19
NO_PASSIVE,261074,185.36252295310246,1.4010718971226153,445.27923823147125,0,0,0,0,106
RANDOM,261074,14.997434361349145,0.38944328878413426,21.03974814705848,52,0,0,0,106
HIGHEST_SNR,261074,9.473123401622193,0.4203839509583057,24.317513607162187,52,0,0,0,106
SHORTEST_PULSE,261074,6.104098746823304,0.4164136067713833,18.099489834166047,51,1,0,0,106
METROLOGY_CONDITIONED_EIG,261074,6.825287395454978,0.3360603010123049,17.93293911533321,52,0,0,0,106
NO_PASSIVE,261075,594.2852025868067,2.3774181456076917,445.27923823147125,0,0,0,0,144
RANDOM,261075,11.52843297151065,0.33538011114058297,20.605004436112456,54,0,0,0,144
HIGHEST_SNR,261075,41.056029926008016,0.6730074841077522,28.094383032150155,53,1,0,0,144
SHORTEST_PULSE,261075,1.4857749648412324,0.08645756049524266,15.243746157128843,54,0,0,0,144
METROLOGY_CONDITIONED_EIG,261075,1.343259841917356,0.1693212188200033,15.26491638999687,54,0,0,0,144
NO_PASSIVE,261076,480.18832170491555,1.0245241752159968,445.27923823147125,0,0,0,0,69
RANDOM,261076,28.990463564281082,0.33343210863750355,24.402847917005463,44,0,0,0,69
HIGHEST_SNR,261076,6.354210513255039,0.5696941433275672,23.973853911076205,44,0,0,0,69
SHORTEST_PULSE,261076,14.46364749371857,0.48192670701339546,27.403851473757886,43,1,0,0,69
METROLOGY_CONDITIONED_EIG,261076,14.353699351811814,0.19517098601405367,23.523715213532398,43,1,0,0,69
NO_PASSIVE,261077,616.2618189952764,1.1602001165251385,445.27923823147125,0,0,0,0,56
RANDOM,261077,20.933965068623227,0.2513752799293669,26.6423160931568,39,0,0,0,56
HIGHEST_SNR,261077,6.460650841462047,0.2108940523476452,31.72214650249613,39,0,0,0,56
SHORTEST_PULSE,261077,16.979961297581095,0.4009473693061029,26.099993614304395,39,0,0,0,56
METROLOGY_CONDITIONED_EIG,261077,10.568497588311683,0.32579209537166054,25.95016777903945,38,1,0,0,56
NO_PASSIVE,261078,188.24093386826507,2.197147849746775,445.27923823147125,0,0,0,0,27
RANDOM,261078,65.96157010069379,0.912227115635462,51.35585413904832,24,0,0,0,27
HIGHEST_SNR,261078,87.0224920146308,1.0041686688852096,51.882067297316325,23,1,0,0,27
SHORTEST_PULSE,261078,79.39600059558806,1.1308739438745117,54.533750040907044,24,0,0,0,27
METROLOGY_CONDITIONED_EIG,261078,87.0224920146308,1.0041686688852096,51.882067297316325,23,1,0,0,27
NO_PASSIVE,261079,90.41435230256964,1.271909457827648,445.27923823147125,0,0,0,0,103
RANDOM,261079,25.800313358441365,0.3380307853368563,55.95467060585467,51,1,0,0,103
HIGHEST_SNR,261079,12.6328019317597,0.9820908702108231,72.92153276452727,52,0,0,0,103
SHORTEST_PULSE,261079,46.89923611391585,0.9757494434963115,45.116697177136466,52,0,0,0,103
METROLOGY_CONDITIONED_EIG,261079,45.315690005407596,0.8042185329405143,45.04741509897336,52,0,0,0,103
NO_PASSIVE,261080,492.45621896453065,1.9369166767666142,445.27923823147125,0,0,0,0,41
RANDOM,261080,11.468398722856044,0.5048293349512808,22.504368013063036,35,0,0,0,41
HIGHEST_SNR,261080,23.764510511236956,0.5716414116422415,22.608523310968835,35,0,0,0,41
SHORTEST_PULSE,261080,10.500650468236143,0.48342993387863387,22.502019331775653,35,0,0,0,41
METROLOGY_CONDITIONED_EIG,261080,17.992143575082576,0.5788291469702577,22.554289654107595,35,0,0,0,41
NO_PASSIVE,261081,216.61055744827615,0.7048491248332298,445.27923823147125,0,0,0,0,147
RANDOM,261081,24.665056202708545,0.6515964389681171,19.178611791761575,57,0,0,0,147
HIGHEST_SNR,261081,18.290447217717002,0.4951260732171213,48.27612053840728,56,1,0,0,147
SHORTEST_PULSE,261081,7.915644312569534,0.25977188277365926,15.828851630280203,57,0,0,0,147
METROLOGY_CONDITIONED_EIG,261081,4.369133895091625,0.32379671276877003,15.970164273166377,57,0,0,0,147
NO_PASSIVE,261082,328.3836589466928,2.6558285257758136,445.27923823147125,0,0,0,0,102
RANDOM,261082,15.265735336320079,0.9620877385976007,28.708683311690844,40,1,0,0,102
HIGHEST_SNR,261082,16.35195538006142,0.3338137902863335,32.79506359758449,40,1,0,0,102
SHORTEST_PULSE,261082,32.13536271011376,0.7481343851076545,37.00356098244784,40,1,0,0,102
METROLOGY_CONDITIONED_EIG,261082,11.743889012401317,0.3233181380148738,26.687783962967195,40,1,0,0,102
NO_PASSIVE,261083,433.6274052817986,2.119789262269433,445.27923823147125,0,0,0,0,91
RANDOM,261083,16.13369541085447,0.6341982161658408,19.194236221809593,57,1,0,0,91
HIGHEST_SNR,261083,12.32809357448358,0.39650795492153984,20.915519989764302,57,1,0,0,91
SHORTEST_PULSE,261083,13.187138731022737,0.4561608127017117,15.770451166243529,58,0,0,0,91
METROLOGY_CONDITIONED_EIG,261083,11.637342750101238,0.431175347793605,15.737392606967914,58,0,0,0,91
NO_PASSIVE,261084,469.5516863768345,1.7304086076949283,445.27923823147125,0,0,0,0,55
RANDOM,261084,65.65943689103695,2.272839685124902,28.197980370471743,35,0,0,0,55
HIGHEST_SNR,261084,75.22020564496701,2.423033759937094,28.901172912591896,35,0,0,0,55
SHORTEST_PULSE,261084,71.04510580113889,2.2637469044010463,28.04890254991626,35,0,0,0,55
METROLOGY_CONDITIONED_EIG,261084,75.16393666249064,2.41400314385815,28.431530801906813,35,0,0,0,55
NO_PASSIVE,261085,285.1651615643731,2.280412681406555,445.27923823147125,0,0,0,0,33
RANDOM,261085,75.14555010400461,1.4674368365337311,40.12187148972514,29,0,0,0,33
HIGHEST_SNR,261085,45.57343059592942,1.9685484035575465,47.0792921826293,28,1,0,0,33
SHORTEST_PULSE,261085,45.57343059592942,1.9685484035575465,47.0792921826293,28,1,0,0,33
METROLOGY_CONDITIONED_EIG,261085,29.46769683949256,1.619727478161083,35.37170343243413,29,0,0,0,33
NO_PASSIVE,261086,316.09801635145953,1.7249532152226317,445.27923823147125,0,0,0,0,76
RANDOM,261086,20.165121873129895,0.7271189214748238,25.30591011535287,33,0,0,0,76
HIGHEST_SNR,261086,16.49889598600094,0.4282094355872462,37.30058014537386,33,0,0,0,76
SHORTEST_PULSE,261086,23.063375939737238,0.6659303456478278,23.373370888479005,33,0,0,0,76
METROLOGY_CONDITIONED_EIG,261086,23.710469675438095,0.6931375021451086,23.221844522674782,33,0,0,0,76
NO_PASSIVE,261087,375.3607936020209,2.125932793459452,445.27923823147125,0,0,0,0,127
RANDOM,261087,79.20605764959262,2.3349417656837015,31.502299882566412,59,1,0,0,127
HIGHEST_SNR,261087,28.207281543300702,1.0440058752826886,30.409618711968623,60,0,0,0,127
SHORTEST_PULSE,261087,37.33483204684275,1.9007791700477834,41.529941705621724,60,0,0,0,127
METROLOGY_CONDITIONED_EIG,261087,41.94546047923817,1.6822916805985915,28.1384716854665,60,0,0,0,127
NO_PASSIVE,261088,806.4786578777006,4.106016022475457,445.27923823147125,0,0,0,0,79
RANDOM,261088,28.835195455980877,0.30528617604148367,18.537699360750636,55,0,0,0,79
HIGHEST_SNR,261088,26.112376084351794,0.24379673792287052,19.930155714684442,55,0,0,0,79
SHORTEST_PULSE,261088,26.966275913768484,0.32848314352416336,17.83580476895056,55,0,0,0,79
METROLOGY_CONDITIONED_EIG,261088,24.01364388466712,0.2035829772029018,17.99197147730099,55,0,0,0,79
NO_PASSIVE,261089,657.26326162544,3.148744172053589,445.27923823147125,0,0,0,0,70
RANDOM,261089,38.2905203472905,1.9992117688464175,36.7030453067119,39,0,0,0,70
HIGHEST_SNR,261089,6.7681187274556756,1.3059040279423255,39.43762507804356,39,0,0,0,70
SHORTEST_PULSE,261089,10.9537602266094,1.016281203435906,33.41312308240271,39,0,0,0,70
METROLOGY_CONDITIONED_EIG,261089,11.406887028832132,1.0305608112729208,33.271037478872934,38,1,0,0,70
NO_PASSIVE,261090,191.38092215438695,2.2707174624193094,445.27923823147125,0,0,0,0,43
RANDOM,261090,64.68924040209671,2.3326572002526342,211.3092957389237,32,1,0,0,43
HIGHEST_SNR,261090,60.51135696374104,2.2208871825191525,209.4162502183291,32,1,0,0,43
SHORTEST_PULSE,261090,76.54026125824626,2.307317884552156,211.66499465270314,32,1,0,0,43
METROLOGY_CONDITIONED_EIG,261090,8.048014954246693,2.3316791346242205,204.615521207827,32,1,0,0,43
NO_PASSIVE,261091,531.190800716493,2.0426241583763,445.27923823147125,0,0,0,0,100
RANDOM,261091,5.8722338819960544,0.454330937547244,16.55159125028671,57,0,0,0,100
HIGHEST_SNR,261091,9.400630686786968,0.9533557161181161,21.72143638482226,57,0,0,0,100
SHORTEST_PULSE,261091,7.704251780774588,0.4025983109562983,15.396430631425421,57,0,0,0,100
METROLOGY_CONDITIONED_EIG,261091,3.01584821749402,0.25671805532026953,15.124563592071471,57,0,0,0,100
NO_PASSIVE,261092,84.93682255624421,2.472020813499156,445.27923823147125,0,0,0,0,94
RANDOM,261092,5.071552135083023,0.42023321645954925,18.109886665546234,52,1,0,0,94
HIGHEST_SNR,261092,8.020227904529154,0.672087166250288,19.23662100665524,52,1,0,0,94
SHORTEST_PULSE,261092,1.8131781763035384,0.3462847504271535,17.2024928936099,53,0,0,0,94
METROLOGY_CONDITIONED_EIG,261092,8.191031789731785,0.6177418062026766,16.17611426557152,53,0,0,0,94
NO_PASSIVE,261093,295.77838467959907,1.1762940427003779,445.27923823147125,0,0,0,0,88
RANDOM,261093,10.625455520972517,0.49295450490111403,23.55801833769565,38,0,0,0,88
HIGHEST_SNR,261093,23.581245212029092,0.6520207534209984,27.765536306097857,38,0,0,0,88
SHORTEST_PULSE,261093,15.307326450558433,0.3508514169812372,19.466491786281008,38,0,0,0,88
METROLOGY_CONDITIONED_EIG,261093,14.553460821651584,0.37153526981667534,19.332556898649415,38,0,0,0,88
NO_PASSIVE,261094,397.91825284549066,1.769258852092515,445.27923823147125,0,0,0,0,99
RANDOM,261094,21.939273725019167,0.8841805252854343,33.33018495875247,53,1,0,0,99
HIGHEST_SNR,261094,28.925006270016652,1.2658651704897406,30.142804631281642,54,0,0,0,99
SHORTEST_PULSE,261094,10.171219593805988,0.5752617957856875,31.22705199585737,53,1,0,0,99
METROLOGY_CONDITIONED_EIG,261094,11.282545709563866,0.7103521626682195,31.163296031702835,53,1,0,0,99
NO_PASSIVE,261095,639.6257823709049,2.555141622356957,445.27923823147125,0,0,0,0,40
RANDOM,261095,27.61509129443213,0.8432387678448575,30.11664290209443,32,0,0,0,40
HIGHEST_SNR,261095,16.356498471574515,0.5708747574353251,30.915263952367248,32,0,0,0,40
SHORTEST_PULSE,261095,32.802296682727366,1.0392151564817707,28.47602746552351,32,0,0,0,40
METROLOGY_CONDITIONED_EIG,261095,28.680542266602895,1.0522095657797266,28.744245488752675,32,0,0,0,40
NO_PASSIVE,261096,369.9039324442902,0.6998194772835362,445.27923823147125,0,0,0,0,93
RANDOM,261096,4.037765525703414,0.3451082930092959,30.55409476805383,49,2,0,0,93
HIGHEST_SNR,261096,40.834053284355214,0.6014386922157186,40.186997489729436,51,0,0,0,93
SHORTEST_PULSE,261096,24.207291789503014,0.5057262972489087,22.29525633995442,51,0,0,0,93
METROLOGY_CONDITIONED_EIG,261096,9.82099757731683,0.33214288360145156,21.977212216158144,51,0,0,0,93
NO_PASSIVE,261097,456.60779725987845,2.6595642585702914,445.27923823147125,0,0,0,0,47
RANDOM,261097,49.27168306668322,1.1075649322406862,39.800306132148194,27,0,0,0,47
HIGHEST_SNR,261097,115.17209322191572,1.7220454967280443,50.51207116391885,26,1,0,0,47
SHORTEST_PULSE,261097,11.197485469540915,0.15494536193433342,40.26639157487196,27,0,0,0,47
METROLOGY_CONDITIONED_EIG,261097,21.546560770140815,0.5905290012896496,30.688595046860122,27,0,0,0,47
NO_PASSIVE,261098,241.69696834832158,1.2827008800572157,445.27923823147125,0,0,0,0,154
RANDOM,261098,34.22872088213876,0.7479737918343845,22.21050438920335,55,0,0,0,154
HIGHEST_SNR,261098,17.75420876798238,0.26399599858486184,24.64239951001786,55,0,0,0,154
SHORTEST_PULSE,261098,16.4027404949325,0.553976388235266,21.70777007539383,55,0,0,0,154
METROLOGY_CONDITIONED_EIG,261098,10.890260247790366,0.2706989448437105,18.901344295010663,55,0,0,0,154
NO_PASSIVE,261099,467.82075834790214,0.7653276049924509,445.27923823147125,0,0,0,0,104
RANDOM,261099,4.741169386633156,0.3544803965575775,21.785147959030663,43,1,0,0,104
HIGHEST_SNR,261099,15.728855857750332,0.6860868429211769,24.173575407964737,44,0,0,0,104
SHORTEST_PULSE,261099,11.574456153342231,0.18286487173075372,18.32461130028046,42,2,0,0,104
METROLOGY_CONDITIONED_EIG,261099,4.4883803220381235,0.0883765672751099,18.948714596086393,43,1,0,0,104
NO_PASSIVE,261100,187.45372661626322,2.37353165771313,445.27923823147125,0,0,0,0,89
RANDOM,261100,88.64930606653851,1.5754112911137603,46.083224822701524,37,0,0,0,89
HIGHEST_SNR,261100,68.26900786888942,1.9516724893656139,60.84306999583359,37,0,0,0,89
SHORTEST_PULSE,261100,25.401164192222083,0.5313488712902736,29.86615188987721,35,2,0,0,89
METROLOGY_CONDITIONED_EIG,261100,35.72968588040526,1.1303630048953994,27.161645760141507,37,0,0,0,89
NO_PASSIVE,261101,398.7459215087675,1.5432721135409646,445.27923823147125,0,0,0,0,141
RANDOM,261101,6.882775042929792,0.24084032266774474,24.587177081297376,57,0,0,0,141
HIGHEST_SNR,261101,8.396683123867883,0.31684319240845604,19.39418583457262,53,4,0,0,141
SHORTEST_PULSE,261101,6.77662344735357,0.3923280244066312,17.1813442202334,56,1,0,0,141
METROLOGY_CONDITIONED_EIG,261101,6.099244087499951,0.5069879177099058,16.12359323997775,56,1,0,0,141
NO_PASSIVE,261102,378.7013292999918,1.6642106917218982,445.27923823147125,0,0,0,0,92
RANDOM,261102,7.644683146554814,0.27072673723484625,29.443404922020562,44,0,0,0,92
HIGHEST_SNR,261102,37.026835488056435,0.7268512037661092,27.79660832595697,43,1,0,0,92
SHORTEST_PULSE,261102,13.30239960865428,0.6037326005964149,35.96972649004634,44,0,0,0,92
METROLOGY_CONDITIONED_EIG,261102,21.896530655161058,0.09030291068757125,26.978871104975916,44,0,0,0,92
NO_PASSIVE,261103,109.48167936401052,1.4670905995016972,445.27923823147125,0,0,0,0,105
RANDOM,261103,8.844778307140094,1.267715585970181,42.09314417834402,57,0,0,0,105
HIGHEST_SNR,261103,15.256798704331802,1.399866290920813,49.26685303312456,57,0,0,0,105
SHORTEST_PULSE,261103,19.768391148137454,1.368480383139288,40.17818070546215,57,0,0,0,105
METROLOGY_CONDITIONED_EIG,261103,16.360410892454585,1.1789756977570243,38.8496882873936,57,0,0,0,105
NO_PASSIVE,261104,318.5842748628496,2.3904019134104657,445.27923823147125,0,0,0,0,123
RANDOM,261104,32.59849877961896,0.7019964347492963,28.29389705739136,59,1,0,0,123
HIGHEST_SNR,261104,25.839916751627015,0.9803799406951454,34.54713144718734,60,0,0,0,123
SHORTEST_PULSE,261104,71.50079406062137,1.2990125517447493,47.80017795154402,60,0,0,0,123
METROLOGY_CONDITIONED_EIG,261104,13.969226630397294,0.05728612655107897,22.873345113436592,60,0,0,0,123
NO_PASSIVE,261105,394.6595852526438,0.675234585730482,445.27923823147125,0,0,0,0,83
RANDOM,261105,18.247499861482666,0.22784011881542998,30.242182962788466,53,1,0,0,83
HIGHEST_SNR,261105,29.39165485758304,0.2952404151195266,33.093117279128315,53,1,0,0,83
SHORTEST_PULSE,261105,30.55915364435769,0.9263237329635383,28.346913722483386,53,1,0,0,83
METROLOGY_CONDITIONED_EIG,261105,23.885418599754733,0.45578763546595935,27.367484752825874,53,1,0,0,83
NO_PASSIVE,261106,718.4761604329459,1.140245171655882,445.27923823147125,0,0,0,0,79
RANDOM,261106,22.268123728882248,0.8481182204856235,24.743395711930415,47,0,0,0,79
HIGHEST_SNR,261106,20.570320448773945,0.6571710860494077,25.13644384244126,45,2,0,0,79
SHORTEST_PULSE,261106,10.353547124219697,0.2686540285583924,19.861230809764137,40,7,0,0,79
METROLOGY_CONDITIONED_EIG,261106,4.119801601450099,0.148359417195138,19.62585551612746,44,3,0,0,79
NO_PASSIVE,261107,329.5656452213778,1.9049050517077992,445.27923823147125,0,0,0,0,82
RANDOM,261107,22.95099997628386,0.7953413401261975,38.18644178865867,53,0,0,0,82
HIGHEST_SNR,261107,38.84954431235946,1.076678443415871,57.289082480883124,53,0,0,0,82
SHORTEST_PULSE,261107,31.011567112480524,1.0841412758250564,32.79274740391187,53,0,0,0,82
METROLOGY_CONDITIONED_EIG,261107,35.15635569418627,1.1033116975591581,30.42888288095321,53,0,0,0,82
NO_PASSIVE,261108,791.2896743555947,1.6287843630830772,445.27923823147125,0,0,0,0,99
RANDOM,261108,26.714392425236383,0.06898686566142362,28.30215599519303,53,0,0,0,99
HIGHEST_SNR,261108,15.013627942525751,0.07641727548524298,35.12436747109557,53,0,0,0,99
SHORTEST_PULSE,261108,14.58240963379247,0.5457803186528044,48.74577226649778,46,7,0,0,99
METROLOGY_CONDITIONED_EIG,261108,14.837901151906994,0.25043700333263796,22.250512553225597,52,1,0,0,99
NO_PASSIVE,261109,476.46941969127477,2.791968566252193,445.27923823147125,0,0,0,0,47
RANDOM,261109,82.225253927719,1.3474978649444431,39.76438420567035,29,1,0,0,47
HIGHEST_SNR,261109,61.68117503811692,1.3182525212225713,39.22184680754375,30,0,0,0,47
SHORTEST_PULSE,261109,63.96370011714099,1.1953363157816097,38.67969598676257,30,0,0,0,47
METROLOGY_CONDITIONED_EIG,261109,72.47321153010502,1.1921903480742548,36.96805345327384,30,0,0,0,47
NO_PASSIVE,261110,173.70635235756538,2.6814362503751092,445.27923823147125,0,0,0,0,54
RANDOM,261110,13.211602406605715,0.4870027107714617,35.27309137070662,33,1,0,0,54
HIGHEST_SNR,261110,18.039036191942483,0.7848345799739478,43.2392495609517,33,1,0,0,54
SHORTEST_PULSE,261110,16.98304298954861,0.4027416089157615,27.290367866547992,33,1,0,0,54
METROLOGY_CONDITIONED_EIG,261110,31.74694023926068,0.15833641462066722,29.378278334081642,33,1,0,0,54
NO_PASSIVE,261111,271.466643560881,1.595136813963264,445.27923823147125,0,0,0,0,117
RANDOM,261111,10.372603099366561,0.31760160373275775,28.510816464811732,48,0,0,0,117
HIGHEST_SNR,261111,11.825971626040946,0.17225092380162443,25.61782050858063,48,0,0,0,117
SHORTEST_PULSE,261111,8.629416150441726,0.4898553638399607,18.4083748913349,48,0,0,0,117
METROLOGY_CONDITIONED_EIG,261111,12.61504039576778,0.39055738158086717,18.87563971721354,48,0,0,0,117
NO_PASSIVE,261112,312.4556032951007,3.0912189952154887,445.27923823147125,0,0,0,0,139
RANDOM,261112,4.846383268399653,0.4498912544190694,26.203006256868022,57,1,0,0,139
HIGHEST_SNR,261112,6.265942036684799,0.5106727835555451,19.989784334313995,57,1,0,0,139
SHORTEST_PULSE,261112,34.99586325180449,0.8406702657674558,27.136659215927512,57,1,0,0,139
METROLOGY_CONDITIONED_EIG,261112,6.288497893524012,0.5411447112018947,20.042687130361067,57,1,0,0,139
NO_PASSIVE,261113,117.73780403042281,1.8713532577766983,445.27923823147125,0,0,0,0,75
RANDOM,261113,24.477409906975186,0.6170152164295316,19.717984554167614,57,0,0,0,75
HIGHEST_SNR,261113,23.944946309167925,0.5190506181402917,20.39893054273445,57,0,0,0,75
SHORTEST_PULSE,261113,25.26923747518066,0.5122271914659522,19.38040199812138,57,0,0,0,75
METROLOGY_CONDITIONED_EIG,261113,25.26923747518066,0.5122271914659522,19.38040199812138,57,0,0,0,75
NO_PASSIVE,261114,354.92247464804086,1.7331941758691054,445.27923823147125,0,0,0,0,42
RANDOM,261114,11.025030960933742,0.47756220317063736,17.42275574947481,34,2,0,0,42
HIGHEST_SNR,261114,7.538939227275835,0.4581386476006041,17.738899274403373,34,2,0,0,42
SHORTEST_PULSE,261114,14.792431460787979,0.5049591552257409,17.226804813815075,35,1,0,0,42
METROLOGY_CONDITIONED_EIG,261114,13.488964563901497,0.471520627170435,17.37086363474987,34,2,0,0,42
NO_PASSIVE,261115,60.35255742935914,0.18248884231840065,445.27923823147125,0,0,0,0,101
RANDOM,261115,13.759164214807122,0.632261305040481,33.25941747866275,59,1,0,0,101
HIGHEST_SNR,261115,15.643501110316883,0.6106459124931551,37.93912910386937,59,1,0,0,101
SHORTEST_PULSE,261115,16.612941830694293,0.5884961109569127,34.704712391947865,59,1,0,0,101
METROLOGY_CONDITIONED_EIG,261115,22.784232389532747,0.4858713919673815,29.57262499367916,60,0,0,0,101
NO_PASSIVE,261116,142.84497628175433,0.9510155787205024,445.27923823147125,0,0,0,0,108
RANDOM,261116,20.64490120874007,0.5846341372361855,23.879054358825915,53,0,0,0,108
HIGHEST_SNR,261116,9.897049443167088,0.12277534197592235,31.372456450493974,53,0,0,0,108
SHORTEST_PULSE,261116,44.883526220180926,1.2511110664156906,22.168857048732335,53,0,0,0,108
METROLOGY_CONDITIONED_EIG,261116,31.101804194698538,0.9267800006408954,21.94370656293486,53,0,0,0,108
NO_PASSIVE,261117,320.9885346493507,0.45062705582783713,445.27923823147125,0,0,0,0,91
RANDOM,261117,17.833187234221892,0.26618222728082,28.986576310325916,39,1,0,0,91
HIGHEST_SNR,261117,19.95657926402722,0.17482645363281066,29.994112524601952,39,1,0,0,91
SHORTEST_PULSE,261117,8.53387171322132,0.6014051988610692,28.21103546253705,40,0,0,0,91
METROLOGY_CONDITIONED_EIG,261117,34.89828254865411,0.6111420329926859,23.76508236712776,40,0,0,0,91
NO_PASSIVE,261118,586.2013618383528,2.0583342816991306,445.27923823147125,0,0,0,0,86
RANDOM,261118,21.724640804388706,0.7209583026974891,19.040100548983414,45,1,0,0,86
HIGHEST_SNR,261118,42.13556882628323,0.8094729689621013,30.12416204924113,46,0,0,0,86
SHORTEST_PULSE,261118,32.89492863057308,1.0375737241196483,17.24697652119583,46,0,0,0,86
METROLOGY_CONDITIONED_EIG,261118,20.445733459894658,0.818578301917941,17.229043396985443,46,0,0,0,86
NO_PASSIVE,261119,247.38265728294238,2.8661679929542516,445.27923823147125,0,0,0,0,84
RANDOM,261119,7.987821659134321,0.2654435284525066,16.76022576170157,44,1,0,0,84
HIGHEST_SNR,261119,29.361532902339277,0.7349087909941932,37.531985118313045,45,0,0,0,84
SHORTEST_PULSE,261119,17.616428925503257,0.39351718865684976,15.864689033716118,45,0,0,0,84
METROLOGY_CONDITIONED_EIG,261119,11.220766336324303,0.24911557388242445,15.085266879456569,43,2,0,0,84
NO_PASSIVE,261120,346.640048595854,2.2827248875681816,445.27923823147125,0,0,0,0,60
RANDOM,261120,27.685560880923102,0.733499253701005,30.75398322639423,40,1,0,0,60
HIGHEST_SNR,261120,35.368314614511874,1.2565650949237122,39.59765065909219,41,0,0,0,60
SHORTEST_PULSE,261120,4.379251386220751,0.24415572011544762,25.75646708755036,41,0,0,0,60
METROLOGY_CONDITIONED_EIG,261120,2.365917225367989,0.2870915892002996,25.69073309108923,40,1,0,0,60
NO_PASSIVE,261121,105.55669934756772,1.6502637380987057,445.27923823147125,0,0,0,0,89
RANDOM,261121,91.12875385159279,2.388272525382419,34.780075379096935,34,2,0,0,89
HIGHEST_SNR,261121,27.636153472463725,1.105151118467446,44.044460560827645,36,0,0,0,89
SHORTEST_PULSE,261121,9.699718074937156,0.030264081764528543,26.72990571906062,36,0,0,0,89
METROLOGY_CONDITIONED_EIG,261121,24.258194758142217,0.6870690139905782,26.97623036390676,36,0,0,0,89
NO_PASSIVE,261122,515.9395818492119,2.1759601596301823,445.27923823147125,0,0,0,0,65
RANDOM,261122,25.16673548937315,0.6317782883571923,23.77244856859788,48,1,0,0,65
HIGHEST_SNR,261122,16.80102184805717,0.5352973153258942,22.37977088270949,49,0,0,0,65
SHORTEST_PULSE,261122,16.80102184805717,0.5352973153258942,22.37977088270949,49,0,0,0,65
METROLOGY_CONDITIONED_EIG,261122,16.80102184805717,0.5352973153258942,22.37977088270949,49,0,0,0,65
NO_PASSIVE,261123,496.51717355781966,2.570529215086813,445.27923823147125,0,0,0,0,68
RANDOM,261123,26.177426858171728,0.38175084881680704,26.305442593570724,34,0,0,0,68
HIGHEST_SNR,261123,10.109783183475447,0.5397142637261996,38.70411081866905,34,0,0,0,68
SHORTEST_PULSE,261123,26.59809960787042,0.9602382941324172,27.93457626765198,34,0,0,0,68
METROLOGY_CONDITIONED_EIG,261123,43.37133595519182,1.0518689472963572,26.780250547413942,34,0,0,0,68
NO_PASSIVE,261124,195.74554595027135,2.569203658214686,445.27923823147125,0,0,0,0,126
RANDOM,261124,11.918698613344969,0.8390460801375724,17.911292330514442,60,0,0,0,126
HIGHEST_SNR,261124,25.069084948851025,0.290609768916212,31.14493954284969,60,0,0,0,126
SHORTEST_PULSE,261124,10.228025061097068,0.5550196264694244,16.621147658600222,60,0,0,0,126
METROLOGY_CONDITIONED_EIG,261124,9.424450463064899,0.5015880401855456,15.624319415129841,60,0,0,0,126
NO_PASSIVE,261125,542.9995158921245,2.8071673274551525,445.27923823147125,0,0,0,0,140
RANDOM,261125,1.2146263975086646,0.21005207345033824,30.786310770653508,59,1,0,0,140
HIGHEST_SNR,261125,31.340913273245658,0.6231639795971197,28.755445174041995,58,2,0,0,140
SHORTEST_PULSE,261125,29.009343718088104,0.7099949358759743,27.264936524943508,60,0,0,0,140
METROLOGY_CONDITIONED_EIG,261125,16.425978794378192,0.48906160278628874,24.593309604300234,60,0,0,0,140
NO_PASSIVE,261126,407.8295760285753,0.8243448552857064,445.27923823147125,0,0,0,0,47
RANDOM,261126,49.217455742482784,0.7432157626306489,64.00461202378077,39,1,0,0,47
HIGHEST_SNR,261126,48.821628513584656,0.8831070788623887,63.982821216040335,39,1,0,0,47
SHORTEST_PULSE,261126,27.910347247777587,1.0525089409859076,34.77280869183931,38,2,0,0,47
METROLOGY_CONDITIONED_EIG,261126,25.722773279969296,1.0622937835945128,34.257034791400606,39,1,0,0,47
NO_PASSIVE,261127,189.88680683797074,1.0008583169368157,445.27923823147125,0,0,0,0,125
RANDOM,261127,21.913035491173936,0.510230806269274,26.44783274971717,55,2,0,0,125
HIGHEST_SNR,261127,85.5271502351972,2.411562682730325,38.17110534302506,56,1,0,0,125
SHORTEST_PULSE,261127,10.729900885566554,0.4589277030917748,18.446587733703016,56,1,0,0,125
METROLOGY_CONDITIONED_EIG,261127,6.314801305502959,0.5340732581140929,18.305226054395657,56,1,0,0,125
NO_PASSIVE,261128,409.68227157998984,2.235215971400247,445.27923823147125,0,0,0,0,113
RANDOM,261128,17.785161658409198,0.8492499971043341,23.23368942385394,59,1,0,0,113
HIGHEST_SNR,261128,10.217769138579676,0.07451990842803428,26.585867505642575,60,0,0,0,113
SHORTEST_PULSE,261128,16.780042188155072,0.38534424129803435,21.34672540738818,59,1,0,0,113
METROLOGY_CONDITIONED_EIG,261128,14.724186865648699,0.22996902615315645,21.32113751653327,59,1,0,0,113
NO_PASSIVE,261129,451.0627329063875,0.8566277997264214,445.27923823147125,0,0,0,0,77
RANDOM,261129,24.117393781716704,0.1475877613580852,32.33643835900438,58,1,0,0,77
HIGHEST_SNR,261129,23.894513274743,0.26154495873175093,31.531768908467868,59,0,0,0,77
SHORTEST_PULSE,261129,31.215272468788847,0.5563061753063984,32.21562119651965,58,1,0,0,77
METROLOGY_CONDITIONED_EIG,261129,28.136727852458783,0.25447067314843774,31.070601380150773,59,0,0,0,77
NO_PASSIVE,261130,361.9356983053776,1.4221045506587744,445.27923823147125,0,0,0,0,78
RANDOM,261130,4.661258355114759,0.2511322078118716,21.872421880440044,54,0,0,0,78
HIGHEST_SNR,261130,16.443031548847383,0.2476183622279648,21.129125021481627,54,0,0,0,78
SHORTEST_PULSE,261130,10.998580641290625,0.2592002959423423,22.71868995731549,53,1,0,0,78
METROLOGY_CONDITIONED_EIG,261130,15.981614253525523,0.23896224686454812,20.910967424365495,54,0,0,0,78
NO_PASSIVE,261131,213.7286282917815,0.3085283251091935,445.27923823147125,0,0,0,0,119
RANDOM,261131,21.254630189374495,0.19514642570527707,27.706400610723932,46,2,0,0,119
HIGHEST_SNR,261131,9.324818561099839,0.6711031785081262,30.77237557986881,45,3,0,0,119
SHORTEST_PULSE,261131,55.38019043543593,0.2354214442729991,44.70759915710903,44,4,0,0,119
METROLOGY_CONDITIONED_EIG,261131,2.699365900626515,0.15819950836267022,25.81625916791205,47,1,0,0,119
NO_PASSIVE,261132,150.6577581284812,3.043547040332964,445.27923823147125,0,0,0,0,150
RANDOM,261132,10.39808188382566,0.5303562278255904,29.128591375217272,60,0,0,0,150
HIGHEST_SNR,261132,36.870768144122515,0.7677031868112247,38.98589988539317,60,0,0,0,150
SHORTEST_PULSE,261132,31.23973772929265,0.7282456386712892,21.013941705440885,60,0,0,0,150
METROLOGY_CONDITIONED_EIG,261132,39.99484850195056,0.8881899892795905,20.502880691770926,60,0,0,0,150
NO_PASSIVE,261133,161.2102542102883,1.337825010375681,445.27923823147125,0,0,0,0,154
RANDOM,261133,36.05229405862761,1.2195675211525585,22.605106094015945,60,0,0,0,154
HIGHEST_SNR,261133,11.83671621596459,1.1710413187660351,24.20279248157654,60,0,0,0,154
SHORTEST_PULSE,261133,22.686963003207453,0.9378141966728702,22.729057008776135,60,0,0,0,154
METROLOGY_CONDITIONED_EIG,261133,8.937221658062832,0.8172162197556624,21.366690713686317,60,0,0,0,154
NO_PASSIVE,261134,587.5709954996046,2.9750386175797314,445.27923823147125,0,0,0,0,66
RANDOM,261134,15.664767445817478,0.15779193545399367,24.05500234570917,45,2,0,0,66
HIGHEST_SNR,261134,18.80041823917622,0.30253759527978774,24.6693463120895,46,1,0,0,66
SHORTEST_PULSE,261134,7.248053212197697,0.2408196613418922,24.187873161091243,45,2,0,0,66
METROLOGY_CONDITIONED_EIG,261134,11.93922781422837,0.1039732370074777,23.800110620379566,45,2,0,0,66
NO_PASSIVE,261135,60.85917207881174,0.37530146657729835,445.27923823147125,0,0,0,0,52
RANDOM,261135,48.809766999843134,0.8512768792465785,33.70081109367581,41,0,0,0,52
HIGHEST_SNR,261135,34.16384046881012,0.38855623175318893,35.56813848340177,41,0,0,0,52
SHORTEST_PULSE,261135,33.23987628057601,0.5968127472678003,31.57936579280238,41,0,0,0,52
METROLOGY_CONDITIONED_EIG,261135,32.15721160467986,0.4734541710253815,31.743491053257934,41,0,0,0,52
NO_PASSIVE,261136,391.707837850387,0.9450084609236046,445.27923823147125,0,0,0,0,29
RANDOM,261136,40.788336063783426,0.12497403618666052,27.47027974964871,25,0,0,0,29
HIGHEST_SNR,261136,32.6105385583043,0.007220460451082873,27.266582408982764,25,0,0,0,29
SHORTEST_PULSE,261136,40.788336063783426,0.12497403618666052,27.47027974964871,25,0,0,0,29
METROLOGY_CONDITIONED_EIG,261136,40.589554665837845,0.099369938033709,27.470793295056392,25,0,0,0,29
NO_PASSIVE,261137,539.4215101104242,1.7944875004275473,445.27923823147125,0,0,0,0,26
RANDOM,261137,97.08133120212106,2.7791947521622986,48.68489373895288,24,0,0,0,26
HIGHEST_SNR,261137,94.09853898303642,2.6738131774728533,48.71345610828382,24,0,0,0,26
SHORTEST_PULSE,261137,97.08133120212106,2.7791947521622986,48.68489373895288,24,0,0,0,26
METROLOGY_CONDITIONED_EIG,261137,97.2097729726553,2.773584045748762,48.714531153428965,24,0,0,0,26
NO_PASSIVE,261138,214.88478402813422,1.9156292445630667,445.27923823147125,0,0,0,0,58
RANDOM,261138,27.286117204503128,0.46394136592891444,14.235954365499655,46,2,0,0,58
HIGHEST_SNR,261138,33.47590756702719,0.62906446516443,16.356921014503136,47,1,0,0,58
SHORTEST_PULSE,261138,33.14632134392335,0.6914199742740358,14.356913660941581,46,2,0,0,58
METROLOGY_CONDITIONED_EIG,261138,32.07122155790264,0.6580996612406271,14.346064848083488,47,1,0,0,58
NO_PASSIVE,261139,515.8229158891481,0.8947579114987659,445.27923823147125,0,0,0,0,135
RANDOM,261139,8.265356655363858,0.07910790339221704,18.455936426333466,59,1,0,0,135
HIGHEST_SNR,261139,14.090728510579513,0.41033978923789743,20.056572552838052,58,2,0,0,135
SHORTEST_PULSE,261139,16.45017043240079,0.8626826829917291,18.307312062833105,59,1,0,0,135
METROLOGY_CONDITIONED_EIG,261139,16.8120336885812,0.660149948860515,17.70268424916715,58,2,0,0,135
NO_PASSIVE,261140,490.7072754685703,0.7495034798931761,445.27923823147125,0,0,0,0,51
RANDOM,261140,85.87769605342069,0.14318751514321282,91.64326976555101,25,0,0,0,51
HIGHEST_SNR,261140,284.0466449530647,0.7536770587034013,230.3566855869488,25,0,0,0,51
SHORTEST_PULSE,261140,17.20443342331804,1.3243288874246981,72.58271270270029,25,0,0,0,51
METROLOGY_CONDITIONED_EIG,261140,94.31694453132837,0.14022463823391493,77.94678444375782,24,1,0,0,51
NO_PASSIVE,261141,327.9734491326833,0.9699780909659284,445.27923823147125,0,0,0,0,27
RANDOM,261141,44.47603852046916,1.4577524083887266,31.405643368899327,24,0,0,0,27
HIGHEST_SNR,261141,143.57135986296663,1.184530631040542,311.8284289782616,24,0,0,0,27
SHORTEST_PULSE,261141,143.57135986296663,1.184530631040542,311.8284289782616,24,0,0,0,27
METROLOGY_CONDITIONED_EIG,261141,44.47603852046916,1.4577524083887266,31.405643368899327,24,0,0,0,27
NO_PASSIVE,261142,598.5868747360095,2.9892240799366894,445.27923823147125,0,0,0,0,34
RANDOM,261142,17.388936080235375,0.6484704845412984,45.74416100718494,34,0,0,0,34
HIGHEST_SNR,261142,17.388936080235375,0.6484704845412984,45.74416100718494,34,0,0,0,34
SHORTEST_PULSE,261142,17.388936080235375,0.6484704845412984,45.74416100718494,34,0,0,0,34
METROLOGY_CONDITIONED_EIG,261142,17.388936080235375,0.6484704845412984,45.74416100718494,34,0,0,0,34
NO_PASSIVE,261143,303.55992482981844,3.329458624846564,445.27923823147125,0,0,0,0,40
RANDOM,261143,30.67732064725092,1.175670761046298,23.253727681191574,26,0,0,0,40
HIGHEST_SNR,261143,23.184319066032387,0.81271566842139,35.61837710240492,26,0,0,0,40
SHORTEST_PULSE,261143,27.26214436271466,0.8763476560325738,25.831891677942618,26,0,0,0,40
METROLOGY_CONDITIONED_EIG,261143,14.61702370392223,0.5551253477614237,22.07962337425596,26,0,0,0,40
NO_PASSIVE,261144,220.15465206343634,1.9901116356082096,445.27923823147125,0,0,0,0,50
RANDOM,261144,23.773646367962694,1.0428158084085473,29.862258791588964,40,0,0,0,50
HIGHEST_SNR,261144,22.09562635971479,1.0737415675683932,30.024961355785315,40,0,0,0,50
SHORTEST_PULSE,261144,26.89812040280279,0.9621569068025193,28.87730292643603,40,0,0,0,50
METROLOGY_CONDITIONED_EIG,261144,26.970471413665468,0.9902675211775913,28.677171553493327,40,0,0,0,50
NO_PASSIVE,261145,148.62211408125103,0.9450786713241853,445.27923823147125,0,0,0,0,117
RANDOM,261145,17.3508031647356,0.41805332309624843,25.004380362374068,59,1,0,0,117
HIGHEST_SNR,261145,61.923888984623645,1.4430635967505514,42.304857691386765,59,1,0,0,117
SHORTEST_PULSE,261145,12.69269065626267,0.47191544890242837,28.830558258549743,59,1,0,0,117
METROLOGY_CONDITIONED_EIG,261145,29.688987134525576,0.8694038777369862,23.14807928003244,59,1,0,0,117
NO_PASSIVE,261146,500.1541338671136,1.1040049116411261,445.27923823147125,0,0,0,0,87
RANDOM,261146,8.573847530359956,0.6076900669787585,19.049827833129825,57,0,0,0,87
HIGHEST_SNR,261146,10.018364194346123,0.2705090217391079,21.303365726466215,57,0,0,0,87
SHORTEST_PULSE,261146,11.530427225708063,0.5539438796304175,18.74863517455005,57,0,0,0,87
METROLOGY_CONDITIONED_EIG,261146,9.107011292360838,0.4578352228686661,17.962291717575436,57,0,0,0,87
NO_PASSIVE,261147,651.8998703848596,3.3700019929495797,445.27923823147125,0,0,0,0,5
RANDOM,261147,11.232811536025668,0.7444696842993048,53.10019969926908,5,0,0,0,5
HIGHEST_SNR,261147,11.232811536025668,0.7444696842993048,53.10019969926908,5,0,0,0,5
SHORTEST_PULSE,261147,11.232811536025668,0.7444696842993048,53.10019969926908,5,0,0,0,5
METROLOGY_CONDITIONED_EIG,261147,11.232811536025668,0.7444696842993048,53.10019969926908,5,0,0,0,5
NO_PASSIVE,261148,566.9185202346364,3.368709121809434,445.27923823147125,0,0,0,0,82
RANDOM,261148,57.516528221710274,0.7957163694348693,38.7467762856251,49,0,0,0,82
HIGHEST_SNR,261148,65.60913820093796,0.6596307528828165,38.151740153787834,48,1,0,0,82
SHORTEST_PULSE,261148,1.8046468392283108,0.37440208094569116,28.567177274496107,49,0,0,0,82
METROLOGY_CONDITIONED_EIG,261148,7.0898998574449035,0.3920344912692367,28.734227330513317,49,0,0,0,82
NO_PASSIVE,261149,225.89669665833998,2.3009114692935846,445.27923823147125,0,0,0,0,66
RANDOM,261149,20.505033155347395,0.86487922043139,23.59575044672707,45,0,0,0,66
HIGHEST_SNR,261149,24.460193403136383,0.7808640015192794,26.328248010514457,45,0,0,0,66
SHORTEST_PULSE,261149,16.32126046959051,0.7928449626504492,21.862939795567478,45,0,0,0,66
METROLOGY_CONDITIONED_EIG,261149,19.054305870800487,0.8249090445731687,21.596137804555628,45,0,0,0,66
NO_PASSIVE,261150,282.3744167322849,2.779417924355778,445.27923823147125,0,0,0,0,45
RANDOM,261150,26.402597239050774,0.3524070701437955,44.232131152620234,37,0,0,0,45
HIGHEST_SNR,261150,83.69451187393642,0.2837720667951452,74.83127649206354,37,0,0,0,45
SHORTEST_PULSE,261150,34.87298363900686,0.2071179163532479,43.501570935035545,37,0,0,0,45
METROLOGY_CONDITIONED_EIG,261150,28.678986881847496,0.31386070770140434,43.39678152663504,37,0,0,0,45
NO_PASSIVE,261151,113.75203549257009,1.5756779175261997,445.27923823147125,0,0,0,0,72
RANDOM,261151,36.74521390814413,1.0617184663419468,31.015658744475374,44,0,0,0,72
HIGHEST_SNR,261151,42.772664551838716,1.2719049865636836,36.315608641613615,44,0,0,0,72
SHORTEST_PULSE,261151,26.80191192080865,0.5735619658385712,25.254633094682603,44,0,0,0,72
METROLOGY_CONDITIONED_EIG,261151,24.657117871449433,0.6261409293845072,25.757996042452596,44,0,0,0,72
NO_PASSIVE,261152,194.74499483071972,1.04573175506827,445.27923823147125,0,0,0,0,47
RANDOM,261152,52.162236795887665,0.9677332350924063,37.449817301958426,36,0,0,0,47
HIGHEST_SNR,261152,75.96159776518004,1.2568960170026147,41.93056145534817,35,1,0,0,47
SHORTEST_PULSE,261152,56.642091636959876,1.0734742542704931,36.456976897759866,36,0,0,0,47
METROLOGY_CONDITIONED_EIG,261152,48.544658055635566,0.6457380650236294,36.52065054475769,35,1,0,0,47
NO_PASSIVE,261153,226.57408844666338,1.4251271550532136,445.27923823147125,0,0,0,0,66
RANDOM,261153,6.394061303628323,1.445077118177898,39.30966546401925,48,0,0,0,66
HIGHEST_SNR,261153,17.188629994633043,1.270155521706554,68.18169808701116,48,0,0,0,66
SHORTEST_PULSE,261153,20.2320678785441,0.7739381045641647,36.08777820802566,47,1,0,0,66
METROLOGY_CONDITIONED_EIG,261153,17.12293980689048,0.6426078256237426,34.69968077737276,47,1,0,0,66
NO_PASSIVE,261154,475.07607253637485,1.6782348761688666,445.27923823147125,0,0,0,0,33
RANDOM,261154,38.80634267579986,0.7384397259659148,27.58020886312315,26,0,0,0,33
HIGHEST_SNR,261154,39.85344979956205,1.9955254062473324,28.77921060778305,26,0,0,0,33
SHORTEST_PULSE,261154,31.98078355422258,0.6550855244535827,26.75304468824534,26,0,0,0,33
METROLOGY_CONDITIONED_EIG,261154,35.34233940596054,0.6866576692225993,27.751413323133654,26,0,0,0,33
NO_PASSIVE,261155,205.63103606324708,1.8348895942301922,445.27923823147125,0,0,0,0,83
RANDOM,261155,9.770023237919498,0.4267026954648883,43.16758482366182,50,0,0,0,83
HIGHEST_SNR,261155,107.06458559757684,1.5961223620663265,263.38811216365275,49,1,0,0,83
SHORTEST_PULSE,261155,14.44059165465416,0.3571680472189417,42.375628546826235,49,1,0,0,83
METROLOGY_CONDITIONED_EIG,261155,20.115240560626763,0.8141714177959213,41.68492034846693,50,0,0,0,83
NO_PASSIVE,261156,295.91258997582435,0.7676523227344262,445.27923823147125,0,0,0,0,22
RANDOM,261156,72.55138546217879,1.3151278193627955,58.08667214953263,20,0,0,0,22
HIGHEST_SNR,261156,27.987305682975787,1.1125702722683493,109.94696412430608,20,0,0,0,22
SHORTEST_PULSE,261156,42.801539227789426,1.1014693435523555,105.43412701338029,20,0,0,0,22
METROLOGY_CONDITIONED_EIG,261156,72.55138546217879,1.3151278193627955,58.08667214953263,20,0,0,0,22
NO_PASSIVE,261157,233.4493874462566,2.111955788180013,445.27923823147125,0,0,0,0,82
RANDOM,261157,17.082781895662798,0.4072371111245912,22.28826569899266,47,0,0,0,82
HIGHEST_SNR,261157,58.781956219686755,1.5771504887515795,94.53925166114222,47,0,0,0,82
SHORTEST_PULSE,261157,20.892981695705885,0.5559049114236593,22.764326686487948,47,0,0,0,82
METROLOGY_CONDITIONED_EIG,261157,23.619943040599512,0.4342121046040397,20.79212312457749,47,0,0,0,82
NO_PASSIVE,261158,513.7151118100837,0.6828052395112553,445.27923823147125,0,0,0,0,57
RANDOM,261158,66.57909218157614,1.5976970954823368,31.529075052867725,45,1,0,0,57
HIGHEST_SNR,261158,51.15181100107346,1.328348268695428,43.72944869699887,45,1,0,0,57
SHORTEST_PULSE,261158,41.17076021204423,0.9691711963079972,24.06534186801174,46,0,0,0,57
METROLOGY_CONDITIONED_EIG,261158,42.85234893859049,1.1058762303177112,23.61170681693234,46,0,0,0,57
NO_PASSIVE,261159,650.6176218725644,1.5393311193793577,445.27923823147125,0,0,0,0,88
RANDOM,261159,8.075531473296408,0.23403805595909366,19.575229232330337,49,0,0,0,88
HIGHEST_SNR,261159,1.252314041698954,0.08852007668750717,17.541238647327948,49,0,0,0,88
SHORTEST_PULSE,261159,2.3369095841333385,0.123222590939904,16.889516724239687,49,0,0,0,88
METROLOGY_CONDITIONED_EIG,261159,5.270225024899133,0.36079135595756073,17.41971176106041,48,1,0,0,88
NO_PASSIVE,261160,77.48218542332754,0.5336834690331796,445.27923823147125,0,0,0,0,65
RANDOM,261160,14.32995672742126,0.8095627882233715,27.150251045399155,45,0,0,0,65
HIGHEST_SNR,261160,9.890495725381008,0.7246310986651631,27.333189630182606,45,0,0,0,65
SHORTEST_PULSE,261160,27.05268518261042,1.1559823161190197,25.912046081689244,45,0,0,0,65
METROLOGY_CONDITIONED_EIG,261160,17.451174531706595,1.2446794951510574,25.30831328690511,45,0,0,0,65
NO_PASSIVE,261161,446.4052243475067,2.030139933159411,445.27923823147125,0,0,0,0,75
RANDOM,261161,18.111768673942592,0.606927510881393,18.169663751245245,48,0,0,0,75
HIGHEST_SNR,261161,15.966165688739236,0.5324191928710124,18.439360749118748,48,0,0,0,75
SHORTEST_PULSE,261161,28.745525513024507,0.8209077719214978,18.25014487545681,48,0,0,0,75
METROLOGY_CONDITIONED_EIG,261161,28.68056603661808,0.7497284686667133,18.2382805449244,48,0,0,0,75
NO_PASSIVE,261162,498.3492517810295,1.548213290283643,445.27923823147125,0,0,0,0,73
RANDOM,261162,7.575687097338923,0.36060066984611583,18.286628010201532,37,0,0,0,73
HIGHEST_SNR,261162,14.510049485562579,0.586855610483336,19.190558449781964,37,0,0,0,73
SHORTEST_PULSE,261162,10.910334168540547,0.08673756135541105,17.588691111719726,37,0,0,0,73
METROLOGY_CONDITIONED_EIG,261162,14.383695119544898,0.22895839461381978,17.232132243662914,36,1,0,0,73
NO_PASSIVE,261163,673.023111934593,1.6341363913960716,445.27923823147125,0,0,0,0,47
RANDOM,261163,11.914627942996407,0.7245371646354515,30.038713802394657,30,0,0,0,47
HIGHEST_SNR,261163,12.177361854699035,0.6009339943811469,34.77834389761718,30,0,0,0,47
SHORTEST_PULSE,261163,33.30609523909172,0.6838745274662116,26.388518883028453,30,0,0,0,47
METROLOGY_CONDITIONED_EIG,261163,29.37696225556195,0.7465109159556059,26.1827966212665,30,0,0,0,47
NO_PASSIVE,261164,1036.8508755001176,3.2266052676426202,445.27923823147125,0,0,0,0,111
RANDOM,261164,8.061194288279435,0.4412573108721921,14.045811514430776,48,1,0,0,111
HIGHEST_SNR,261164,0.45156072451961177,0.2937158692963905,17.73868424518477,45,4,0,0,111
SHORTEST_PULSE,261164,5.868956469145976,0.46660966684382504,12.581063743548139,47,2,0,0,111
METROLOGY_CONDITIONED_EIG,261164,1.6938812648961221,0.1319405697157702,12.489428313344765,48,1,0,0,111
NO_PASSIVE,261165,279.05013602168856,0.6255608839013268,445.27923823147125,0,0,0,0,82
RANDOM,261165,15.109011112069775,0.27794696247712375,27.246676662572074,50,0,0,0,82
HIGHEST_SNR,261165,10.072694901172374,0.3715839068740164,28.21419232325691,50,0,0,0,82
SHORTEST_PULSE,261165,17.477007516605543,0.5061704674728289,25.41825462997318,50,0,0,0,82
METROLOGY_CONDITIONED_EIG,261165,17.823317337403076,0.6923731661094598,24.859422507757515,50,0,0,0,82
NO_PASSIVE,261166,531.5191085925129,0.3064544163668161,445.27923823147125,0,0,0,0,76
RANDOM,261166,35.27773195662827,1.1692570759499963,21.34964110961889,58,0,0,0,76
HIGHEST_SNR,261166,29.76624528773262,0.9585041532632709,22.28314190871792,58,0,0,0,76
SHORTEST_PULSE,261166,4.132160318048164,0.35264678019563733,19.099406108538496,56,2,0,0,76
METROLOGY_CONDITIONED_EIG,261166,8.394848879862598,0.5300073998081583,19.551507976550642,57,1,0,0,76
NO_PASSIVE,261167,496.7444929400829,2.7943274407889636,445.27923823147125,0,0,0,0,51
RANDOM,261167,3.9058980050532477,1.2468934811871077,59.01582755636711,47,0,0,0,51
HIGHEST_SNR,261167,12.015657914373955,1.0774542301014576,60.66723304929459,47,0,0,0,51
SHORTEST_PULSE,261167,18.71667579438787,1.577075016935435,43.000267775953894,47,0,0,0,51
METROLOGY_CONDITIONED_EIG,261167,18.71667579438787,1.577075016935435,43.000267775953894,47,0,0,0,51
NO_PASSIVE,261168,166.98612199114436,2.207530691223473,445.27923823147125,0,0,0,0,13
RANDOM,261168,38.805656171899074,1.1739096777333298,74.27305051795572,13,0,0,0,13
HIGHEST_SNR,261168,38.805656171899074,1.1739096777333298,74.27305051795572,13,0,0,0,13
SHORTEST_PULSE,261168,38.805656171899074,1.1739096777333298,74.27305051795572,13,0,0,0,13
METROLOGY_CONDITIONED_EIG,261168,38.805656171899074,1.1739096777333298,74.27305051795572,13,0,0,0,13
NO_PASSIVE,261169,292.97933322258126,0.6550661863406342,445.27923823147125,0,0,0,0,117
RANDOM,261169,13.85335618300838,0.5412871758840955,18.06607372052723,53,1,0,0,117
HIGHEST_SNR,261169,13.2538035353128,0.38969019306330355,20.772529918752614,54,0,0,0,117
SHORTEST_PULSE,261169,9.379494087413297,0.060798333764888426,15.379202086432185,54,0,0,0,117
METROLOGY_CONDITIONED_EIG,261169,4.70097027990469,0.10778380773117134,14.972364066272851,54,0,0,0,117
NO_PASSIVE,261170,732.1814056098788,1.3358613581874053,445.27923823147125,0,0,0,0,20
RANDOM,261170,77.4113761196863,1.2561461290996438,71.14218222129566,15,0,0,0,20
HIGHEST_SNR,261170,67.01155751022178,0.8659625545167194,74.88035871995231,15,0,0,0,20
SHORTEST_PULSE,261170,85.27644634097811,1.367212200579757,64.14141117786995,15,0,0,0,20
METROLOGY_CONDITIONED_EIG,261170,85.27644634097811,1.367212200579757,64.14141117786995,15,0,0,0,20
NO_PASSIVE,261171,791.976993172123,0.8058931876302123,445.27923823147125,0,0,0,0,121
RANDOM,261171,7.304239276830469,0.03078842811059218,17.356818015752243,49,0,0,0,121
HIGHEST_SNR,261171,8.94191747095412,0.3504626272841545,22.25584560128103,49,0,0,0,121
SHORTEST_PULSE,261171,20.440457695633157,0.5488314377662246,22.208367578607465,49,0,0,0,121
METROLOGY_CONDITIONED_EIG,261171,5.939993980704419,0.38027235733290443,16.71266881350219,49,0,0,0,121
NO_PASSIVE,261172,592.6642231941431,1.3475388913439936,445.27923823147125,0,0,0,0,57
RANDOM,261172,30.71379775009463,1.0286242944350599,41.26019007854637,38,1,0,0,57
HIGHEST_SNR,261172,49.562734260429885,1.5158018574801544,44.19588454350417,38,1,0,0,57
SHORTEST_PULSE,261172,22.61076998388434,1.091597084819348,41.799007495842766,38,1,0,0,57
METROLOGY_CONDITIONED_EIG,261172,11.926505334905077,0.16789682305663903,37.566937383826705,39,0,0,0,57
NO_PASSIVE,261173,149.51699198591695,2.1912953878938457,445.27923823147125,0,0,0,0,60
RANDOM,261173,8.819072916943032,1.3625655707797353,70.08480842262786,46,1,0,0,60
HIGHEST_SNR,261173,17.137507131860577,0.8198752225998299,70.48186018684635,46,1,0,0,60
SHORTEST_PULSE,261173,23.562412177387692,1.6007853692903202,39.067202741398525,46,1,0,0,60
METROLOGY_CONDITIONED_EIG,261173,23.562412177387692,1.6007853692903202,39.067202741398525,46,1,0,0,60
NO_PASSIVE,261174,179.38910433689438,2.6499776952893774,445.27923823147125,0,0,0,0,41
RANDOM,261174,7.269882284168386,0.2374424275194608,39.1362619508999,33,0,0,0,41
HIGHEST_SNR,261174,10.372054448203501,0.549423076277506,38.41095773798658,33,0,0,0,41
SHORTEST_PULSE,261174,6.959051890389948,0.08125547677632204,38.14404680432806,33,0,0,0,41
METROLOGY_CONDITIONED_EIG,261174,9.5331715913089,0.47898552519087445,38.21628282937463,33,0,0,0,41
NO_PASSIVE,261175,304.3325799710549,1.2779230569069622,445.27923823147125,0,0,0,0,123
RANDOM,261175,3.4305915896980546,0.28115949303347965,18.345054529925402,58,0,0,0,123
HIGHEST_SNR,261175,23.446679591060093,0.7870250810867617,19.534669073691312,58,0,0,0,123
SHORTEST_PULSE,261175,14.010599881903573,0.6255559811039623,16.46043346424252,58,0,0,0,123
METROLOGY_CONDITIONED_EIG,261175,21.504732801013834,0.36806068825899946,15.973082178855904,58,0,0,0,123
NO_PASSIVE,261176,722.0722852154463,1.6333749344788053,445.27923823147125,0,0,0,0,37
RANDOM,261176,7.734761093112255,0.2957313102807204,29.50979888018015,26,0,0,0,37
HIGHEST_SNR,261176,4.779072444378908,0.05293968379982326,33.763872097124235,26,0,0,0,37
SHORTEST_PULSE,261176,9.603452837292778,0.22197658207994567,25.611671406352407,26,0,0,0,37
METROLOGY_CONDITIONED_EIG,261176,7.734996718118939,0.21635549357639314,25.617345358218117,26,0,0,0,37
NO_PASSIVE,261177,415.6646157469174,2.0910270527602126,445.27923823147125,0,0,0,0,119
RANDOM,261177,17.823573812977244,0.42378777938965095,24.095128127136956,58,0,0,0,119
HIGHEST_SNR,261177,9.171350138529471,0.4471939254313449,27.162631961909668,58,0,0,0,119
SHORTEST_PULSE,261177,21.461125932860284,0.514145701138093,19.165202286496655,58,0,0,0,119
METROLOGY_CONDITIONED_EIG,261177,13.813542375191496,0.37349043039387136,19.78094033067967,58,0,0,0,119
NO_PASSIVE,261178,531.7614728378641,2.116912319062065,445.27923823147125,0,0,0,0,114
RANDOM,261178,37.987183765969505,1.51891824246059,33.90875263575524,38,0,0,0,114
HIGHEST_SNR,261178,48.85226277332587,1.6827488348227384,65.38416078466706,38,0,0,0,114
SHORTEST_PULSE,261178,18.381905715033504,1.2099116648548682,47.245374052246476,37,1,0,0,114
METROLOGY_CONDITIONED_EIG,261178,12.069856704724819,0.6045723359057461,27.337364891243954,37,1,0,0,114
NO_PASSIVE,261179,211.8118548805018,1.9601716477894653,445.27923823147125,0,0,0,0,170
RANDOM,261179,1.2404904720362424,0.2978977015955196,30.526361316270926,48,0,0,0,170
HIGHEST_SNR,261179,47.58499109321922,1.4285418270603065,48.24878144021385,48,0,0,0,170
SHORTEST_PULSE,261179,1.3017311476654672,0.11183608413963772,18.894589335533134,48,0,0,0,170
METROLOGY_CONDITIONED_EIG,261179,0.7696695068581838,0.20935240464210203,18.315042376720285,48,0,0,0,170
NO_PASSIVE,261180,37.694348890743804,0.8105375071466723,445.27923823147125,0,0,0,0,97
RANDOM,261180,41.15426931913686,1.1465399101316174,25.135806269795108,41,1,0,0,97
HIGHEST_SNR,261180,35.93339375551035,0.6252745280957425,29.491097843570827,41,1,0,0,97
SHORTEST_PULSE,261180,33.14222172251941,0.9515509246833306,20.680184383981008,42,0,0,0,97
METROLOGY_CONDITIONED_EIG,261180,27.4685812546926,0.7447366289362054,20.699487337823502,41,1,0,0,97
NO_PASSIVE,261181,791.5908978278555,2.2636859016643873,445.27923823147125,0,0,0,0,81
RANDOM,261181,34.054415088625106,1.2014283936535686,38.53546253801387,41,1,0,0,81
HIGHEST_SNR,261181,32.13816183125049,0.9186161598598042,38.95719174928931,42,0,0,0,81
SHORTEST_PULSE,261181,13.763802998023559,0.1677263733975965,34.52244857832525,40,2,0,0,81
METROLOGY_CONDITIONED_EIG,261181,30.073228968020633,0.5618779716498215,31.09837891917555,41,1,0,0,81
NO_PASSIVE,261182,248.23281365679895,3.125836148321459,445.27923823147125,0,0,0,0,47
RANDOM,261182,35.12833094498187,0.24204486415451312,46.43008087785326,38,1,0,0,47
HIGHEST_SNR,261182,42.40984875392047,1.2627447048517728,69.56825984492758,39,0,0,0,47
SHORTEST_PULSE,261182,10.56576996369092,0.8635601599293943,40.61544487290459,38,1,0,0,47
METROLOGY_CONDITIONED_EIG,261182,10.56576996369092,0.8635601599293943,40.61544487290459,38,1,0,0,47
NO_PASSIVE,261183,287.7035796678159,2.1062183245827497,445.27923823147125,0,0,0,0,41
RANDOM,261183,15.431650320921664,0.29751927269393963,59.23245953470016,26,0,0,0,41
HIGHEST_SNR,261183,86.66165417868032,0.7977591732150697,107.84518380283284,26,0,0,0,41
SHORTEST_PULSE,261183,16.430746907071914,0.3320026626262515,50.3955925186389,26,0,0,0,41
METROLOGY_CONDITIONED_EIG,261183,12.73652737434944,0.29794469834484727,50.283168414223695,26,0,0,0,41
NO_PASSIVE,261184,201.75067730774813,3.160442115800838,445.27923823147125,0,0,0,0,69
RANDOM,261184,12.31023074910304,0.816823954232504,27.554750230314184,43,0,0,0,69
HIGHEST_SNR,261184,27.415623352353368,0.11777951022163201,33.64793735770364,42,1,0,0,69
SHORTEST_PULSE,261184,21.671620781989184,0.8752771021392196,24.89002908853492,43,0,0,0,69
METROLOGY_CONDITIONED_EIG,261184,22.628768320870023,0.7636855049634172,25.862900841773,43,0,0,0,69
NO_PASSIVE,261185,493.2928470521431,4.290775698690661,445.27923823147125,0,0,0,0,66
RANDOM,261185,30.283570646567288,1.228741908339857,37.75309985179772,48,2,0,0,66
HIGHEST_SNR,261185,20.670262277338953,1.6102876284320722,38.35886220889154,49,1,0,0,66
SHORTEST_PULSE,261185,14.331405317410871,1.6275982941736724,22.10399382455348,49,1,0,0,66
METROLOGY_CONDITIONED_EIG,261185,8.942061822192894,0.7081341939780749,18.829594727581433,49,1,0,0,66
NO_PASSIVE,261186,319.5723203818289,0.907495171815468,445.27923823147125,0,0,0,0,65
RANDOM,261186,16.42711060022579,0.11496093884366622,30.889487022313666,44,0,0,0,65
HIGHEST_SNR,261186,4.607163661970014,0.4074936079699816,30.759941646287,44,0,0,0,65
SHORTEST_PULSE,261186,18.14847626005826,0.08130675501933866,29.380237864197564,44,0,0,0,65
METROLOGY_CONDITIONED_EIG,261186,15.515616306378103,0.13675781878635493,29.423599791597148,44,0,0,0,65
NO_PASSIVE,261187,254.71466786576806,1.6397984144290234,445.27923823147125,0,0,0,0,35
RANDOM,261187,46.52973780573911,1.5607915538313464,41.3071339362215,29,0,0,0,35
HIGHEST_SNR,261187,44.35981508565168,1.6833707823265653,41.29729695268703,29,0,0,0,35
SHORTEST_PULSE,261187,22.66912383476943,1.6361216575699178,39.899988548853884,29,0,0,0,35
METROLOGY_CONDITIONED_EIG,261187,31.16729000113751,1.5207226949044517,39.0227237348424,29,0,0,0,35
NO_PASSIVE,261188,169.10926985095972,0.46520101370576766,445.27923823147125,0,0,0,0,89
RANDOM,261188,9.569423232875405,0.21948456200187455,22.839779612159926,48,2,0,0,89
HIGHEST_SNR,261188,38.18763799528568,1.0071928605514249,24.73906225928008,50,0,0,0,89
SHORTEST_PULSE,261188,15.487463098929885,0.15666832423532642,24.095562452132484,49,1,0,0,89
METROLOGY_CONDITIONED_EIG,261188,8.745386384215726,0.6025978903288032,21.886077114294846,49,1,0,0,89
NO_PASSIVE,261189,900.154490628705,0.4181824653185302,445.27923823147125,0,0,0,0,50
RANDOM,261189,18.156374641385476,0.9850487872586938,38.019737815642365,35,0,0,0,50
HIGHEST_SNR,261189,6.97587558327377,0.6598976333321297,49.55738329760578,35,0,0,0,50
SHORTEST_PULSE,261189,18.500972563937125,1.0575369660295637,37.840188626927585,35,0,0,0,50
METROLOGY_CONDITIONED_EIG,261189,18.444113024906738,1.0411093095996382,38.08606485630998,35,0,0,0,50
NO_PASSIVE,261190,589.355875005786,1.1771148801722382,445.27923823147125,0,0,0,0,117
RANDOM,261190,14.691412368234387,0.32022735141349146,18.967087145409565,49,1,0,0,117
HIGHEST_SNR,261190,35.72561344908368,1.076908680662138,44.3282607150772,50,0,0,0,117
SHORTEST_PULSE,261190,21.312499476563815,0.3850716016590022,18.211338265201697,50,0,0,0,117
METROLOGY_CONDITIONED_EIG,261190,7.875296567094955,0.383376300348193,18.132001785423487,50,0,0,0,117
NO_PASSIVE,261191,531.1376025414728,1.789048317071037,445.27923823147125,0,0,0,0,65
RANDOM,261191,76.62903011218927,2.426941350886496,50.120722612402716,38,1,0,0,65
HIGHEST_SNR,261191,56.168069649107444,1.3749458416290876,52.29671602528218,38,1,0,0,65
SHORTEST_PULSE,261191,65.13539146604164,1.6225813034435597,52.49494154306631,39,0,0,0,65
METROLOGY_CONDITIONED_EIG,261191,78.56093185961348,2.5065415757064535,47.25373112574064,38,1,0,0,65
NO_PASSIVE,261192,603.6107558131117,2.3075802648619286,445.27923823147125,0,0,0,0,133
RANDOM,261192,52.23416553401857,1.2253233506023677,22.654872627398976,49,0,0,0,133
HIGHEST_SNR,261192,54.17020290742211,0.9247533617443641,27.8386240715833,48,1,0,0,133
SHORTEST_PULSE,261192,17.860918645270246,0.5089024020252372,14.471103696360093,49,0,0,0,133
METROLOGY_CONDITIONED_EIG,261192,6.785385325971479,0.21517562907080903,15.150624853006347,49,0,0,0,133
NO_PASSIVE,261193,439.0786286723881,2.593894115903996,445.27923823147125,0,0,0,0,41
RANDOM,261193,62.494395201674934,1.1133195338864335,52.881491737731956,34,0,0,0,41
HIGHEST_SNR,261193,33.986857238877946,0.7564844180208483,55.656127453406846,34,0,0,0,41
SHORTEST_PULSE,261193,61.286054026464626,1.0443791395831263,52.81455863556111,34,0,0,0,41
METROLOGY_CONDITIONED_EIG,261193,39.236542663706544,0.7396392265291887,47.7707071869207,34,0,0,0,41
NO_PASSIVE,261194,120.48819279034308,3.0718340221796483,445.27923823147125,0,0,0,0,31
RANDOM,261194,38.81850237400239,1.4360857701504803,39.25223964719096,26,0,0,0,31
HIGHEST_SNR,261194,38.17101788631022,1.3761380005839496,40.782280468972466,26,0,0,0,31
SHORTEST_PULSE,261194,38.17101788631022,1.3761380005839496,40.782280468972466,26,0,0,0,31
METROLOGY_CONDITIONED_EIG,261194,47.32161326111028,1.5671919813894062,38.22808922833353,26,0,0,0,31
NO_PASSIVE,261195,419.33886481743406,2.7005166263146996,445.27923823147125,0,0,0,0,40
RANDOM,261195,48.57225240329408,1.3245167850103394,52.120288996107845,26,1,0,0,40
HIGHEST_SNR,261195,28.69417580696628,1.6985064081580448,71.32262793789185,26,1,0,0,40
SHORTEST_PULSE,261195,10.869089700651637,1.7097556481288616,63.17191777037786,25,2,0,0,40
METROLOGY_CONDITIONED_EIG,261195,10.022015676652343,1.4723081951618817,49.17928791743693,25,2,0,0,40
NO_PASSIVE,261196,429.7582151605228,2.1442640403069015,445.27923823147125,0,0,0,0,72
RANDOM,261196,6.581934072113917,0.4733331904422035,51.50302784064069,45,2,0,0,72
HIGHEST_SNR,261196,98.1428558149987,1.1520914424872206,59.73895731103219,47,0,0,0,72
SHORTEST_PULSE,261196,19.935447769224748,0.654962169461473,41.51736707608473,46,1,0,0,72
METROLOGY_CONDITIONED_EIG,261196,6.26071245259864,0.5850768254226801,37.5617580817097,46,1,0,0,72
NO_PASSIVE,261197,467.3245696264499,2.9603866023001117,445.27923823147125,0,0,0,0,102
RANDOM,261197,30.87875744521191,0.25625570749164167,25.502982539084204,54,0,0,0,102
HIGHEST_SNR,261197,31.241808177553818,0.4691238869580764,28.01602992162861,54,0,0,0,102
SHORTEST_PULSE,261197,23.523619343452737,0.42119905051840395,18.03835326308568,54,0,0,0,102
METROLOGY_CONDITIONED_EIG,261197,23.39641189137705,0.5416776525428151,18.058996410193373,54,0,0,0,102
NO_PASSIVE,261198,142.7868733858327,2.061679332265864,445.27923823147125,0,0,0,0,35
RANDOM,261198,56.690474166540476,2.0500035876405103,47.44074312078427,32,1,0,0,35
HIGHEST_SNR,261198,39.5434705545846,1.8268129779736528,59.946791107090995,32,1,0,0,35
SHORTEST_PULSE,261198,39.5434705545846,1.8268129779736528,59.946791107090995,32,1,0,0,35
METROLOGY_CONDITIONED_EIG,261198,56.690474166540476,2.0500035876405103,47.44074312078427,32,1,0,0,35
NO_PASSIVE,261199,41.34947002626017,1.2231855779549385,445.27923823147125,0,0,0,0,60
RANDOM,261199,80.5906728768738,1.8157241697021986,39.037639021244246,31,0,0,0,60
HIGHEST_SNR,261199,66.17185425002556,0.7118029915837876,39.38306877363753,31,0,0,0,60
SHORTEST_PULSE,261199,42.45265571050624,0.7680607932813389,39.905214155768675,31,0,0,0,60
METROLOGY_CONDITIONED_EIG,261199,71.35560653295764,1.6569173436323807,34.04148008436708,31,0,0,0,60
NO_PASSIVE,261200,392.8663799403074,1.540684396178683,445.27923823147125,0,0,0,0,111
RANDOM,261200,16.546936607831718,0.42010810786080693,26.871755703671237,56,0,0,0,111
HIGHEST_SNR,261200,16.54693286451436,0.4848308722355264,28.58151018670329,55,1,0,0,111
SHORTEST_PULSE,261200,29.700209170652307,0.5854321973948206,21.29128390688277,55,1,0,0,111
METROLOGY_CONDITIONED_EIG,261200,24.764589284939035,0.32841736325183724,20.8767150604362,55,1,0,0,111
