policy,seed,position_error_final_m,velocity_error_final_mps,position_sigma_final_m,used_measurements,rejected_measurements,assoc_bad_accepted,outlier_accepted,eligible_measurements,scenario_id,n_donors,clutter_db,rcs,donor_sigma,maneuver_deg,assoc_error_prob,outlier_prob
NO_PASSIVE,501000,559.4615907907403,2.6664135417480836,445.27923823147125,0,0,0,0,107,1,12,10,100,30,0,0.0,0.0
RANDOM,501000,48.64630051263337,1.7917084919035184,21.922753427494982,43,5,0,0,107,1,12,10,100,30,0,0.0,0.0
HIGHEST_SNR,501000,12.340855597610444,0.43744915157751213,27.884966872200707,48,0,0,0,107,1,12,10,100,30,0,0.0,0.0
SHORTEST_PULSE,501000,11.634569048087231,0.3555352948193972,14.871625352651515,48,0,0,0,107,1,12,10,100,30,0,0.0,0.0
METROLOGY_CONDITIONED_EIG,501000,15.06311295799526,0.307882178568742,14.883851421387243,46,2,0,0,107,1,12,10,100,30,0,0.0,0.0
NO_PASSIVE,501001,527.7532494560064,2.922547498775003,445.27923823147125,0,0,0,0,87,1,12,10,100,30,0,0.0,0.0
RANDOM,501001,25.117237110706586,0.5922987800823587,22.840613383019395,51,1,0,0,87,1,12,10,100,30,0,0.0,0.0
HIGHEST_SNR,501001,17.548395248274815,0.7497495392572756,24.37674538412815,52,0,0,0,87,1,12,10,100,30,0,0.0,0.0
SHORTEST_PULSE,501001,24.018918612708433,0.4339781599664957,26.158740092898263,52,0,0,0,87,1,12,10,100,30,0,0.0,0.0
METROLOGY_CONDITIONED_EIG,501001,12.783549237952103,0.14602432380605954,21.692873676236776,52,0,0,0,87,1,12,10,100,30,0,0.0,0.0
NO_PASSIVE,501002,313.9076601294121,2.339866382548,445.27923823147125,0,0,0,0,155,1,12,10,100,30,0,0.0,0.0
RANDOM,501002,28.822329699017335,0.9685170666151363,20.857234600428193,52,0,0,0,155,1,12,10,100,30,0,0.0,0.0
HIGHEST_SNR,501002,31.75606110638638,0.9630772231562702,19.477239187367065,52,0,0,0,155,1,12,10,100,30,0,0.0,0.0
SHORTEST_PULSE,501002,29.681787697058397,0.9145791636602726,24.40441652114163,52,0,0,0,155,1,12,10,100,30,0,0.0,0.0
METROLOGY_CONDITIONED_EIG,501002,23.873651173028318,0.7751539958405204,17.229642293388395,52,0,0,0,155,1,12,10,100,30,0,0.0,0.0
NO_PASSIVE,501003,189.26361655161483,2.4280908548990707,445.27923823147125,0,0,0,0,109,1,12,10,100,30,0,0.0,0.0
RANDOM,501003,9.276973006257952,0.24613775748820152,28.40365081347198,58,0,0,0,109,1,12,10,100,30,0,0.0,0.0
HIGHEST_SNR,501003,13.884934455828525,0.09326831192133281,25.696401067263203,58,0,0,0,109,1,12,10,100,30,0,0.0,0.0
SHORTEST_PULSE,501003,16.993465074994155,0.28482841030199096,29.236483423652466,58,0,0,0,109,1,12,10,100,30,0,0.0,0.0
METROLOGY_CONDITIONED_EIG,501003,6.866389889085691,0.19460457749314697,26.14411026745018,58,0,0,0,109,1,12,10,100,30,0,0.0,0.0
NO_PASSIVE,501004,741.1096861347544,0.37160699739942316,445.27923823147125,0,0,0,0,65,1,12,10,100,30,0,0.0,0.0
RANDOM,501004,11.728700108886146,0.5330631544556761,29.089985521988723,41,0,0,0,65,1,12,10,100,30,0,0.0,0.0
HIGHEST_SNR,501004,13.176995605762457,0.0713878067407039,35.95016247420999,41,0,0,0,65,1,12,10,100,30,0,0.0,0.0
SHORTEST_PULSE,501004,19.27085386695074,0.6018974229166636,25.077969156408948,41,0,0,0,65,1,12,10,100,30,0,0.0,0.0
METROLOGY_CONDITIONED_EIG,501004,17.448144608031576,0.43690339827146096,25.2133565373306,41,0,0,0,65,1,12,10,100,30,0,0.0,0.0
NO_PASSIVE,501005,111.86813245352869,1.11783687349621,445.27923823147125,0,0,0,0,27,1,12,10,100,30,0,0.0,0.0
RANDOM,501005,33.762646212603386,1.1035371673578975,47.05776861383949,22,0,0,0,27,1,12,10,100,30,0,0.0,0.0
HIGHEST_SNR,501005,15.52897997743577,0.8757510955389868,71.06117475340974,22,0,0,0,27,1,12,10,100,30,0,0.0,0.0
SHORTEST_PULSE,501005,31.153499572373438,1.0345639061844343,47.83323838164173,22,0,0,0,27,1,12,10,100,30,0,0.0,0.0
METROLOGY_CONDITIONED_EIG,501005,32.58132063927725,1.2502817972174145,46.74816898013617,22,0,0,0,27,1,12,10,100,30,0,0.0,0.0
NO_PASSIVE,501006,438.79083746736694,1.5604312797789834,445.27923823147125,0,0,0,0,76,1,12,10,100,30,0,0.0,0.0
RANDOM,501006,4.150979837361924,0.13272698505802136,24.59992631955442,35,0,0,0,76,1,12,10,100,30,0,0.0,0.0
HIGHEST_SNR,501006,43.65465571223277,1.1364178961586207,26.432642036048016,34,1,0,0,76,1,12,10,100,30,0,0.0,0.0
SHORTEST_PULSE,501006,20.14367905782898,0.49364967938374094,24.792139197500216,35,0,0,0,76,1,12,10,100,30,0,0.0,0.0
METROLOGY_CONDITIONED_EIG,501006,15.716273948782614,0.6941309172831185,24.171652794380805,35,0,0,0,76,1,12,10,100,30,0,0.0,0.0
NO_PASSIVE,501007,241.01103605311462,1.0400752761466256,445.27923823147125,0,0,0,0,124,1,12,10,100,30,0,0.0,0.0
RANDOM,501007,10.416035199417413,0.23668403026240672,47.70163789776111,58,1,0,0,124,1,12,10,100,30,0,0.0,0.0
HIGHEST_SNR,501007,10.975531524526248,0.5822515766749753,44.43523311043776,58,1,0,0,124,1,12,10,100,30,0,0.0,0.0
SHORTEST_PULSE,501007,12.46335181985639,1.1556859402747783,48.089906292348275,56,3,0,0,124,1,12,10,100,30,0,0.0,0.0
METROLOGY_CONDITIONED_EIG,501007,51.753593217096274,1.0408678882930515,44.628601051968936,57,2,0,0,124,1,12,10,100,30,0,0.0,0.0
NO_PASSIVE,501008,315.7254788744938,1.2330943911213537,445.27923823147125,0,0,0,0,58,1,12,10,100,30,0,0.0,0.0
RANDOM,501008,53.25812061168749,1.1044357098431075,29.57846228546641,43,0,0,0,58,1,12,10,100,30,0,0.0,0.0
HIGHEST_SNR,501008,50.035754161559886,1.2078519223966948,31.658888713886427,43,0,0,0,58,1,12,10,100,30,0,0.0,0.0
SHORTEST_PULSE,501008,59.48423462411693,1.1649189862481757,29.30453133621359,42,1,0,0,58,1,12,10,100,30,0,0.0,0.0
METROLOGY_CONDITIONED_EIG,501008,56.63884110573196,1.1763854523977526,27.480224746118484,42,1,0,0,58,1,12,10,100,30,0,0.0,0.0
NO_PASSIVE,501009,454.44916918407324,2.063706546118753,445.27923823147125,0,0,0,0,82,1,12,10,100,30,0,0.0,0.0
RANDOM,501009,7.679812079177542,0.8182401164088645,38.21048700481237,52,1,0,0,82,1,12,10,100,30,0,0.0,0.0
HIGHEST_SNR,501009,24.539559114263202,0.337803537937083,38.43835140994281,52,1,0,0,82,1,12,10,100,30,0,0.0,0.0
SHORTEST_PULSE,501009,14.170216961879474,0.5694025504649545,51.417769933870325,50,3,0,0,82,1,12,10,100,30,0,0.0,0.0
METROLOGY_CONDITIONED_EIG,501009,6.01287042477004,0.22532628422810533,35.82287352531519,50,3,0,0,82,1,12,10,100,30,0,0.0,0.0
NO_PASSIVE,501010,726.9609154228697,2.1273937833904624,445.27923823147125,0,0,0,0,77,1,12,10,100,30,0,0.0,0.0
RANDOM,501010,16.47200227906261,0.23541666420535742,23.415625834386013,53,1,0,0,77,1,12,10,100,30,0,0.0,0.0
HIGHEST_SNR,501010,18.112482587597466,0.40635184232161903,23.659836163761206,54,0,0,0,77,1,12,10,100,30,0,0.0,0.0
SHORTEST_PULSE,501010,7.959559992861971,0.53195602986444,21.34239274631034,52,2,0,0,77,1,12,10,100,30,0,0.0,0.0
METROLOGY_CONDITIONED_EIG,501010,11.099628562616365,0.26764962651700486,21.336503763969528,53,1,0,0,77,1,12,10,100,30,0,0.0,0.0
NO_PASSIVE,501011,216.09791857516555,1.5052627788897148,445.27923823147125,0,0,0,0,50,1,12,10,100,30,0,0.0,0.0
RANDOM,501011,32.24964667052284,0.6417958523495244,31.864062398813182,37,0,0,0,50,1,12,10,100,30,0,0.0,0.0
HIGHEST_SNR,501011,19.016134643359187,0.7409980855881156,34.4361875224964,36,1,0,0,50,1,12,10,100,30,0,0.0,0.0
SHORTEST_PULSE,501011,20.71473662401425,0.4298130742255225,31.28677339598502,37,0,0,0,50,1,12,10,100,30,0,0.0,0.0
METROLOGY_CONDITIONED_EIG,501011,19.277078683895116,0.02441369363693971,31.577686131832856,37,0,0,0,50,1,12,10,100,30,0,0.0,0.0
NO_PASSIVE,501012,501.7183983842868,1.0317766442060374,445.27923823147125,0,0,0,0,135,1,12,10,100,30,0,0.0,0.0
RANDOM,501012,74.74681882127874,2.041667271048801,32.877616909564615,57,0,0,0,135,1,12,10,100,30,0,0.0,0.0
HIGHEST_SNR,501012,50.198471494052924,1.7516661438232257,51.13009485478901,54,3,0,0,135,1,12,10,100,30,0,0.0,0.0
SHORTEST_PULSE,501012,82.08251568528522,1.9641478315023388,32.79253368707293,57,0,0,0,135,1,12,10,100,30,0,0.0,0.0
METROLOGY_CONDITIONED_EIG,501012,68.65265873571526,1.687227814536748,29.691392730242022,56,1,0,0,135,1,12,10,100,30,0,0.0,0.0
NO_PASSIVE,501013,424.19787447221796,0.5688403967654001,445.27923823147125,0,0,0,0,33,1,12,10,100,30,0,0.0,0.0
RANDOM,501013,17.10712326682345,0.8462360085992788,43.02913441036744,32,0,0,0,33,1,12,10,100,30,0,0.0,0.0
HIGHEST_SNR,501013,17.10712326682345,0.8462360085992788,43.02913441036744,32,0,0,0,33,1,12,10,100,30,0,0.0,0.0
SHORTEST_PULSE,501013,16.526916786288737,0.7940386444504931,42.98274155320281,32,0,0,0,33,1,12,10,100,30,0,0.0,0.0
METROLOGY_CONDITIONED_EIG,501013,16.526916786288737,0.7940386444504931,42.98274155320281,32,0,0,0,33,1,12,10,100,30,0,0.0,0.0
NO_PASSIVE,501014,348.98760225583254,1.8061427604457685,445.27923823147125,0,0,0,0,36,1,12,10,100,30,0,0.0,0.0
RANDOM,501014,71.14158745475282,1.0666899665589564,50.27500927157315,27,1,0,0,36,1,12,10,100,30,0,0.0,0.0
HIGHEST_SNR,501014,42.82395109407173,1.4048806680268493,49.087910554202544,27,1,0,0,36,1,12,10,100,30,0,0.0,0.0
SHORTEST_PULSE,501014,75.1283037908408,1.209164692563267,46.68356446831089,27,1,0,0,36,1,12,10,100,30,0,0.0,0.0
METROLOGY_CONDITIONED_EIG,501014,54.84740296254064,1.295707923298676,44.01537244302332,28,0,0,0,36,1,12,10,100,30,0,0.0,0.0
NO_PASSIVE,501015,597.1287645791721,3.097972727930131,445.27923823147125,0,0,0,0,46,1,12,10,100,30,0,0.0,0.0
RANDOM,501015,13.69808627414576,0.6537746979436047,22.228854210618636,39,0,0,0,46,1,12,10,100,30,0,0.0,0.0
HIGHEST_SNR,501015,13.947980708256036,0.5502453191433804,22.54384381507228,39,0,0,0,46,1,12,10,100,30,0,0.0,0.0
SHORTEST_PULSE,501015,14.56997030717838,0.4945517983596347,22.130671309887642,39,0,0,0,46,1,12,10,100,30,0,0.0,0.0
METROLOGY_CONDITIONED_EIG,501015,10.866481843893302,0.2065828707411901,22.112096591412293,39,0,0,0,46,1,12,10,100,30,0,0.0,0.0
NO_PASSIVE,501016,113.23504601560317,2.361823093671162,445.27923823147125,0,0,0,0,121,1,12,10,100,30,0,0.0,0.0
RANDOM,501016,57.309570803237136,2.898460887174,52.80831315906901,53,1,0,0,121,1,12,10,100,30,0,0.0,0.0
HIGHEST_SNR,501016,83.7844326714996,2.95703533439299,57.93075369247781,52,2,0,0,121,1,12,10,100,30,0,0.0,0.0
SHORTEST_PULSE,501016,31.329376030185898,1.3529400035990837,27.99426675204362,53,1,0,0,121,1,12,10,100,30,0,0.0,0.0
METROLOGY_CONDITIONED_EIG,501016,33.59828043997333,0.821544571100089,24.651087085657654,52,2,0,0,121,1,12,10,100,30,0,0.0,0.0
NO_PASSIVE,501017,498.55372003786636,0.9101321514620405,445.27923823147125,0,0,0,0,94,1,12,10,100,30,0,0.0,0.0
RANDOM,501017,32.51620738761268,0.7595451875937159,17.683029202375216,47,0,0,0,94,1,12,10,100,30,0,0.0,0.0
HIGHEST_SNR,501017,18.1434752014513,0.6936252189201643,22.083136498599412,47,0,0,0,94,1,12,10,100,30,0,0.0,0.0
SHORTEST_PULSE,501017,38.412013718335594,1.114765029059738,18.37909164748649,47,0,0,0,94,1,12,10,100,30,0,0.0,0.0
METROLOGY_CONDITIONED_EIG,501017,22.58585282876022,0.2936117902077819,17.26258052837067,46,1,0,0,94,1,12,10,100,30,0,0.0,0.0
NO_PASSIVE,501018,268.30381422464336,1.2020017817701596,445.27923823147125,0,0,0,0,51,1,12,10,100,30,0,0.0,0.0
RANDOM,501018,28.07159775012659,0.536744157904435,23.79435444573062,28,0,0,0,51,1,12,10,100,30,0,0.0,0.0
HIGHEST_SNR,501018,28.272424993106235,0.5846728306605855,30.540114654581558,28,0,0,0,51,1,12,10,100,30,0,0.0,0.0
SHORTEST_PULSE,501018,15.441616535162265,0.2750471211998385,22.543682585578274,28,0,0,0,51,1,12,10,100,30,0,0.0,0.0
METROLOGY_CONDITIONED_EIG,501018,12.513375992752923,0.1499596072965604,22.65014683338244,27,1,0,0,51,1,12,10,100,30,0,0.0,0.0
NO_PASSIVE,501019,567.4899382743714,1.8199239720061355,445.27923823147125,0,0,0,0,115,1,12,10,100,30,0,0.0,0.0
RANDOM,501019,11.51332201372952,0.6574566056544804,19.77467824351075,52,5,0,0,115,1,12,10,100,30,0,0.0,0.0
HIGHEST_SNR,501019,5.210963858380484,0.38781462950552104,19.329376692703836,49,8,0,0,115,1,12,10,100,30,0,0.0,0.0
SHORTEST_PULSE,501019,9.806084228679369,0.22286353974026699,17.78759358443998,54,3,0,0,115,1,12,10,100,30,0,0.0,0.0
METROLOGY_CONDITIONED_EIG,501019,17.658602196046555,0.7210144851838981,17.819775085481922,57,0,0,0,115,1,12,10,100,30,0,0.0,0.0
NO_PASSIVE,501020,106.74017056140873,0.47053399343043323,445.27923823147125,0,0,0,0,71,1,12,10,100,30,0,0.0,0.0
RANDOM,501020,32.92229609836602,0.9702416847314155,36.90440274857987,52,0,0,0,71,1,12,10,100,30,0,0.0,0.0
HIGHEST_SNR,501020,18.86461061617756,0.9295015097465328,39.52354849494799,51,1,0,0,71,1,12,10,100,30,0,0.0,0.0
SHORTEST_PULSE,501020,36.75549157665596,1.0045446805993048,34.658481243614325,52,0,0,0,71,1,12,10,100,30,0,0.0,0.0
METROLOGY_CONDITIONED_EIG,501020,17.273321536378223,0.820334197443413,34.33441277480622,52,0,0,0,71,1,12,10,100,30,0,0.0,0.0
NO_PASSIVE,501021,597.2795673298291,2.199120886076212,445.27923823147125,0,0,0,0,66,1,12,10,100,30,0,0.0,0.0
RANDOM,501021,27.995005258414164,0.48150680715364946,34.70167551209411,38,1,0,0,66,1,12,10,100,30,0,0.0,0.0
HIGHEST_SNR,501021,27.268839992198313,0.46094937431494515,39.53716598634729,39,0,0,0,66,1,12,10,100,30,0,0.0,0.0
SHORTEST_PULSE,501021,28.90597438227633,0.8536552983308386,30.677211245533943,37,2,0,0,66,1,12,10,100,30,0,0.0,0.0
METROLOGY_CONDITIONED_EIG,501021,20.449884400507294,0.5540187794471422,24.736930220874278,38,1,0,0,66,1,12,10,100,30,0,0.0,0.0
NO_PASSIVE,501022,544.3140912081146,2.4933585677434333,445.27923823147125,0,0,0,0,62,1,12,10,100,30,0,0.0,0.0
RANDOM,501022,5.242100492961566,0.2678888051885766,24.509925370731985,50,1,0,0,62,1,12,10,100,30,0,0.0,0.0
HIGHEST_SNR,501022,12.032939733906183,0.39120405246897283,26.398029430717216,50,1,0,0,62,1,12,10,100,30,0,0.0,0.0
SHORTEST_PULSE,501022,9.208052048636548,0.5454803217577802,25.60612377807875,51,0,0,0,62,1,12,10,100,30,0,0.0,0.0
METROLOGY_CONDITIONED_EIG,501022,5.354919117728018,0.1991228700794225,24.412200550362925,51,0,0,0,62,1,12,10,100,30,0,0.0,0.0
NO_PASSIVE,501023,537.8388139582291,0.48339147438947716,445.27923823147125,0,0,0,0,126,1,12,10,100,30,0,0.0,0.0
RANDOM,501023,11.314054619828953,0.5802842523350241,25.40937050681834,59,0,0,0,126,1,12,10,100,30,0,0.0,0.0
HIGHEST_SNR,501023,12.119081022886197,0.21974462276275697,30.306605594747246,59,0,0,0,126,1,12,10,100,30,0,0.0,0.0
SHORTEST_PULSE,501023,3.6607369248960073,0.599249377473572,22.19443203410937,59,0,0,0,126,1,12,10,100,30,0,0.0,0.0
METROLOGY_CONDITIONED_EIG,501023,3.0179178344589457,0.3791289265803831,18.5761200614609,59,0,0,0,126,1,12,10,100,30,0,0.0,0.0
NO_PASSIVE,501024,32.88159073160594,0.8230428107414015,445.27923823147125,0,0,0,0,64,1,12,10,100,30,0,0.0,0.0
RANDOM,501024,36.2638465245131,0.8468283872016884,27.077928851702637,48,0,0,0,64,1,12,10,100,30,0,0.0,0.0
HIGHEST_SNR,501024,41.17501793708119,0.7571077803366255,27.564292635362246,48,0,0,0,64,1,12,10,100,30,0,0.0,0.0
SHORTEST_PULSE,501024,31.859237998536564,0.5327090712837423,26.918907306868018,48,0,0,0,64,1,12,10,100,30,0,0.0,0.0
METROLOGY_CONDITIONED_EIG,501024,35.48132301682317,0.51766495564261,25.768725752955564,48,0,0,0,64,1,12,10,100,30,0,0.0,0.0
NO_PASSIVE,501025,680.3021758763134,2.5894274776542647,445.27923823147125,0,0,0,0,44,1,12,10,100,30,0,0.0,0.0
RANDOM,501025,37.43359688218951,0.4721066058815299,37.14043926597294,32,0,0,0,44,1,12,10,100,30,0,0.0,0.0
HIGHEST_SNR,501025,42.630137406602124,0.5402537255748658,47.158271301426325,32,0,0,0,44,1,12,10,100,30,0,0.0,0.0
SHORTEST_PULSE,501025,15.120491954217233,0.6520341309590816,34.79296098114473,32,0,0,0,44,1,12,10,100,30,0,0.0,0.0
METROLOGY_CONDITIONED_EIG,501025,35.14143214932843,0.9572674888743323,35.40684947689593,32,0,0,0,44,1,12,10,100,30,0,0.0,0.0
NO_PASSIVE,501026,197.52205235770887,2.269508307494238,445.27923823147125,0,0,0,0,95,1,12,10,100,30,0,0.0,0.0
RANDOM,501026,14.78151473401666,0.24458823683699957,35.35694730975809,57,1,0,0,95,1,12,10,100,30,0,0.0,0.0
HIGHEST_SNR,501026,34.38234448799569,1.1509028006569473,34.77128468352629,57,1,0,0,95,1,12,10,100,30,0,0.0,0.0
SHORTEST_PULSE,501026,18.38712907023578,1.0039366022634353,28.748053525030542,58,0,0,0,95,1,12,10,100,30,0,0.0,0.0
METROLOGY_CONDITIONED_EIG,501026,20.25432370171403,0.7130095940691699,28.564192801935054,58,0,0,0,95,1,12,10,100,30,0,0.0,0.0
NO_PASSIVE,501027,400.5855108247037,1.0900035334336056,445.27923823147125,0,0,0,0,71,1,12,10,100,30,0,0.0,0.0
RANDOM,501027,7.560428492311205,0.6716065446304186,21.792179563104593,47,1,0,0,71,1,12,10,100,30,0,0.0,0.0
HIGHEST_SNR,501027,18.41202740218626,0.9083350673315801,22.043942698524788,47,1,0,0,71,1,12,10,100,30,0,0.0,0.0
SHORTEST_PULSE,501027,10.787536823166874,0.7213215465005949,21.158573268116545,47,1,0,0,71,1,12,10,100,30,0,0.0,0.0
METROLOGY_CONDITIONED_EIG,501027,13.13320359989977,0.7578691555655,20.93742346588736,47,1,0,0,71,1,12,10,100,30,0,0.0,0.0
NO_PASSIVE,501028,575.3034385036482,0.8761723418404718,445.27923823147125,0,0,0,0,80,1,12,10,100,30,0,0.0,0.0
RANDOM,501028,11.649343593275422,0.36049177799582627,30.125293737092907,41,1,0,0,80,1,12,10,100,30,0,0.0,0.0
HIGHEST_SNR,501028,2.404159780192994,0.43182964861115714,29.60345753481316,42,0,0,0,80,1,12,10,100,30,0,0.0,0.0
SHORTEST_PULSE,501028,5.69983225128453,0.1635992212546138,24.206714911223145,41,1,0,0,80,1,12,10,100,30,0,0.0,0.0
METROLOGY_CONDITIONED_EIG,501028,25.141517386363848,0.5275347504710322,22.616945783026082,42,0,0,0,80,1,12,10,100,30,0,0.0,0.0
NO_PASSIVE,501029,501.6511183137149,0.7770257025081285,445.27923823147125,0,0,0,0,104,1,12,10,100,30,0,0.0,0.0
RANDOM,501029,40.44026338733786,1.281720453231007,31.283121905275927,39,0,0,0,104,1,12,10,100,30,0,0.0,0.0
HIGHEST_SNR,501029,12.909806413629436,0.9019335692828109,94.39081722421805,39,0,0,0,104,1,12,10,100,30,0,0.0,0.0
SHORTEST_PULSE,501029,27.29697384739013,0.5498695895648801,23.4955830134489,39,0,0,0,104,1,12,10,100,30,0,0.0,0.0
METROLOGY_CONDITIONED_EIG,501029,38.68531773053893,0.9064238207447578,22.355701193271404,39,0,0,0,104,1,12,10,100,30,0,0.0,0.0
NO_PASSIVE,502000,409.40430243204133,1.942943902169829,445.27923823147125,0,0,0,0,142,2,12,10,100,30,0,0.0,0.05
RANDOM,502000,30.68629331949172,0.7508459362495805,45.35782035327415,53,3,0,0,142,2,12,10,100,30,0,0.0,0.05
HIGHEST_SNR,502000,26.67757718950744,0.716351542554448,45.46966173229356,54,2,0,0,142,2,12,10,100,30,0,0.0,0.05
SHORTEST_PULSE,502000,22.49910684667372,0.6430988217337996,40.880085599199404,56,0,0,0,142,2,12,10,100,30,0,0.0,0.05
METROLOGY_CONDITIONED_EIG,502000,18.636462245300937,0.7884657538590842,31.645825428515547,55,1,0,0,142,2,12,10,100,30,0,0.0,0.05
NO_PASSIVE,502001,486.709461208326,2.013786510833727,445.27923823147125,0,0,0,0,158,2,12,10,100,30,0,0.0,0.05
RANDOM,502001,12.50787572216493,0.32606366623343547,17.84026274567717,58,2,0,1,158,2,12,10,100,30,0,0.0,0.05
HIGHEST_SNR,502001,83.77768840246166,1.8682236054804262,30.020984632757273,57,3,0,1,158,2,12,10,100,30,0,0.0,0.05
SHORTEST_PULSE,502001,3.555514114171536,0.44979136673727327,13.607124316437329,59,1,0,0,158,2,12,10,100,30,0,0.0,0.05
METROLOGY_CONDITIONED_EIG,502001,1.9368201212483362,0.10534546258964118,13.768624262277708,58,2,0,0,158,2,12,10,100,30,0,0.0,0.05
NO_PASSIVE,502002,536.4348014875601,2.1095668413972,445.27923823147125,0,0,0,0,73,2,12,10,100,30,0,0.0,0.05
RANDOM,502002,19.816640986724668,0.3075906189323631,22.36374138999951,46,2,0,0,73,2,12,10,100,30,0,0.0,0.05
HIGHEST_SNR,502002,7.202282494910699,0.2951763575668572,26.73909422867421,45,3,0,0,73,2,12,10,100,30,0,0.0,0.05
SHORTEST_PULSE,502002,23.77469409979489,0.7768901141152601,21.14563480736497,45,3,0,0,73,2,12,10,100,30,0,0.0,0.05
METROLOGY_CONDITIONED_EIG,502002,23.77469409979489,0.7768901141152601,21.14563480736497,45,3,0,0,73,2,12,10,100,30,0,0.0,0.05
NO_PASSIVE,502003,117.98396767857783,2.5695243568088606,445.27923823147125,0,0,0,0,104,2,12,10,100,30,0,0.0,0.05
RANDOM,502003,15.865415647139423,0.31388749855177006,28.639649271412484,53,0,0,0,104,2,12,10,100,30,0,0.0,0.05
HIGHEST_SNR,502003,12.258685298160925,0.3714039877514664,31.699228845861338,53,0,0,0,104,2,12,10,100,30,0,0.0,0.05
SHORTEST_PULSE,502003,21.234002904591627,0.8628296777309395,34.11654972021169,52,1,0,0,104,2,12,10,100,30,0,0.0,0.05
METROLOGY_CONDITIONED_EIG,502003,12.491472293628808,0.3544789936888075,26.87148943843847,52,1,0,0,104,2,12,10,100,30,0,0.0,0.05
NO_PASSIVE,502004,577.6997857104544,4.582849514052134,445.27923823147125,0,0,0,0,69,2,12,10,100,30,0,0.0,0.05
RANDOM,502004,39.750736511282085,0.5323750806722988,33.008279797376076,43,7,0,0,69,2,12,10,100,30,0,0.0,0.05
HIGHEST_SNR,502004,50.85674751446564,1.048790106755958,32.985644078961485,43,7,0,0,69,2,12,10,100,30,0,0.0,0.05
SHORTEST_PULSE,502004,39.868023712846075,1.4039238966678151,31.376612704348965,42,8,0,0,69,2,12,10,100,30,0,0.0,0.05
METROLOGY_CONDITIONED_EIG,502004,39.17589920112616,1.4032376814598273,31.3988897408347,42,8,0,0,69,2,12,10,100,30,0,0.0,0.05
NO_PASSIVE,502005,250.88000767147813,1.0122453769964914,445.27923823147125,0,0,0,0,88,2,12,10,100,30,0,0.0,0.05
RANDOM,502005,18.820524468310442,1.33348837386852,30.46889073810292,48,2,0,0,88,2,12,10,100,30,0,0.0,0.05
HIGHEST_SNR,502005,9.059787770317556,0.9424684853925315,41.24781903670347,48,2,0,0,88,2,12,10,100,30,0,0.0,0.05
SHORTEST_PULSE,502005,16.07795510909086,0.5807257623846142,35.50179305317993,47,3,0,0,88,2,12,10,100,30,0,0.0,0.05
METROLOGY_CONDITIONED_EIG,502005,7.537935812674982,0.75090297399728,28.606852321883995,48,2,0,0,88,2,12,10,100,30,0,0.0,0.05
NO_PASSIVE,502006,379.9973854639481,1.6965402744411118,445.27923823147125,0,0,0,0,31,2,12,10,100,30,0,0.0,0.05
RANDOM,502006,13.07590087468726,0.2942659449110362,80.28855472011195,25,3,0,0,31,2,12,10,100,30,0,0.0,0.05
HIGHEST_SNR,502006,14.237963944786133,0.28099205729546334,90.11035808174309,25,3,0,0,31,2,12,10,100,30,0,0.0,0.05
SHORTEST_PULSE,502006,15.901751671059248,0.4643357900491248,44.39446263788147,25,3,0,0,31,2,12,10,100,30,0,0.0,0.05
METROLOGY_CONDITIONED_EIG,502006,15.901751671059248,0.4643357900491248,44.39446263788147,25,3,0,0,31,2,12,10,100,30,0,0.0,0.05
NO_PASSIVE,502007,383.59592219566105,1.1416371463535728,445.27923823147125,0,0,0,0,36,2,12,10,100,30,0,0.0,0.05
RANDOM,502007,41.51311953096959,1.375355784812428,27.624635097247104,29,1,0,0,36,2,12,10,100,30,0,0.0,0.05
HIGHEST_SNR,502007,19.707784451954026,1.3587681049858067,27.38041754696622,29,1,0,0,36,2,12,10,100,30,0,0.0,0.05
SHORTEST_PULSE,502007,26.374523913035773,1.0471184656073471,27.242222564512367,29,1,0,0,36,2,12,10,100,30,0,0.0,0.05
METROLOGY_CONDITIONED_EIG,502007,25.33345613742713,0.8629344657076603,27.223815466169977,29,1,0,0,36,2,12,10,100,30,0,0.0,0.05
NO_PASSIVE,502008,113.60223882493733,1.4647928084475446,445.27923823147125,0,0,0,0,90,2,12,10,100,30,0,0.0,0.05
RANDOM,502008,4.674020056813571,0.2050410800337653,31.224592552101136,56,1,0,0,90,2,12,10,100,30,0,0.0,0.05
HIGHEST_SNR,502008,15.680912531133263,0.1802545030573526,38.49827712046251,57,0,0,0,90,2,12,10,100,30,0,0.0,0.05
SHORTEST_PULSE,502008,34.49509243486809,0.4278255573373498,29.199599475585206,57,0,0,0,90,2,12,10,100,30,0,0.0,0.05
METROLOGY_CONDITIONED_EIG,502008,22.917106323680898,0.5580157913599628,26.354898148321286,56,1,0,1,90,2,12,10,100,30,0,0.0,0.05
NO_PASSIVE,502009,466.57070898923274,2.5607037659175895,445.27923823147125,0,0,0,0,71,2,12,10,100,30,0,0.0,0.05
RANDOM,502009,15.54554029155402,0.15096335451129245,30.131937029582936,43,0,0,1,71,2,12,10,100,30,0,0.0,0.05
HIGHEST_SNR,502009,12.968279084820443,0.40130645322954855,28.647430547701337,42,1,0,2,71,2,12,10,100,30,0,0.0,0.05
SHORTEST_PULSE,502009,7.332498766711025,0.45238825396621546,26.587750713314236,42,1,0,0,71,2,12,10,100,30,0,0.0,0.05
METROLOGY_CONDITIONED_EIG,502009,8.995765738513903,0.2914839255949796,26.775829976001038,43,0,0,1,71,2,12,10,100,30,0,0.0,0.05
NO_PASSIVE,502010,305.9212132197024,1.3837065130184996,445.27923823147125,0,0,0,0,52,2,12,10,100,30,0,0.0,0.05
RANDOM,502010,74.13810857873032,4.701818399872792,26.633366836835318,38,8,0,1,52,2,12,10,100,30,0,0.0,0.05
HIGHEST_SNR,502010,59.36686077908007,4.453963976448207,30.106931162712627,32,14,0,1,52,2,12,10,100,30,0,0.0,0.05
SHORTEST_PULSE,502010,67.72590716743125,4.644568919823425,28.480602107744538,32,14,0,1,52,2,12,10,100,30,0,0.0,0.05
METROLOGY_CONDITIONED_EIG,502010,73.543831436635,4.504300561282368,26.792866462483026,35,11,0,1,52,2,12,10,100,30,0,0.0,0.05
NO_PASSIVE,502011,575.5254740856989,2.6195011990880728,445.27923823147125,0,0,0,0,124,2,12,10,100,30,0,0.0,0.05
RANDOM,502011,20.467154171111382,0.3097266234188623,34.94375629400632,48,7,0,0,124,2,12,10,100,30,0,0.0,0.05
HIGHEST_SNR,502011,43.20486547599988,1.033478289362454,38.995932845653336,51,4,0,0,124,2,12,10,100,30,0,0.0,0.05
SHORTEST_PULSE,502011,13.857769959635636,0.2365913663586001,22.973741144830342,54,1,0,1,124,2,12,10,100,30,0,0.0,0.05
METROLOGY_CONDITIONED_EIG,502011,14.843765529716652,0.39632710970741186,23.575197235382443,53,2,0,1,124,2,12,10,100,30,0,0.0,0.05
NO_PASSIVE,502012,159.70877648396302,1.721294882480617,445.27923823147125,0,0,0,0,77,2,12,10,100,30,0,0.0,0.05
RANDOM,502012,17.115918054624462,0.07129431327403368,24.70842108720583,47,2,0,0,77,2,12,10,100,30,0,0.0,0.05
HIGHEST_SNR,502012,32.28731662066706,0.5120537978878116,25.48562281094512,47,2,0,0,77,2,12,10,100,30,0,0.0,0.05
SHORTEST_PULSE,502012,12.586525000989862,0.30595818248049444,23.213914755946277,48,1,0,0,77,2,12,10,100,30,0,0.0,0.05
METROLOGY_CONDITIONED_EIG,502012,7.220194934442708,0.20347961736036577,22.994170330329037,48,1,0,0,77,2,12,10,100,30,0,0.0,0.05
NO_PASSIVE,502013,759.1975845082519,1.9474852965448453,445.27923823147125,0,0,0,0,53,2,12,10,100,30,0,0.0,0.05
RANDOM,502013,6.813532250433438,0.4674033915124714,29.912449970837546,43,3,0,0,53,2,12,10,100,30,0,0.0,0.05
HIGHEST_SNR,502013,5.292296831031202,0.4866040040821207,29.31303923182986,44,2,0,0,53,2,12,10,100,30,0,0.0,0.05
SHORTEST_PULSE,502013,1.851330749640435,0.4715309336292152,29.25269039683042,43,3,0,0,53,2,12,10,100,30,0,0.0,0.05
METROLOGY_CONDITIONED_EIG,502013,1.851330749640435,0.4715309336292152,29.25269039683042,43,3,0,0,53,2,12,10,100,30,0,0.0,0.05
NO_PASSIVE,502014,646.5102941794328,1.484393802533052,445.27923823147125,0,0,0,0,34,2,12,10,100,30,0,0.0,0.05
RANDOM,502014,35.242841411590305,0.92976591179038,68.6753665653465,26,0,0,0,34,2,12,10,100,30,0,0.0,0.05
HIGHEST_SNR,502014,33.714101276234125,0.7882482929065726,68.73968288062991,26,0,0,0,34,2,12,10,100,30,0,0.0,0.05
SHORTEST_PULSE,502014,45.85282793454561,3.3548937600863775,47.018448133427796,19,7,0,1,34,2,12,10,100,30,0,0.0,0.05
METROLOGY_CONDITIONED_EIG,502014,9.947776195517342,2.807390884663555,42.02509064992275,20,6,0,1,34,2,12,10,100,30,0,0.0,0.05
NO_PASSIVE,502015,357.77078464492956,2.596548111234291,445.27923823147125,0,0,0,0,37,2,12,10,100,30,0,0.0,0.05
RANDOM,502015,690.0037978627215,2.7772206063574836,98.96207736486991,22,10,0,1,37,2,12,10,100,30,0,0.0,0.05
HIGHEST_SNR,502015,692.0019453010583,2.7106619158464804,98.78433308570634,24,8,0,1,37,2,12,10,100,30,0,0.0,0.05
SHORTEST_PULSE,502015,698.0281615452849,2.832933130189806,98.91441380256433,22,10,0,1,37,2,12,10,100,30,0,0.0,0.05
METROLOGY_CONDITIONED_EIG,502015,57.83826644365523,4.974677361917275,27.813011225364182,26,6,0,1,37,2,12,10,100,30,0,0.0,0.05
NO_PASSIVE,502016,900.8075419774832,2.9668220888126173,445.27923823147125,0,0,0,0,89,2,12,10,100,30,0,0.0,0.05
RANDOM,502016,12.246316269737019,0.4186031013417482,30.665562704106527,43,3,0,1,89,2,12,10,100,30,0,0.0,0.05
HIGHEST_SNR,502016,19.887772443045275,0.8258523098126848,31.356311469870118,44,2,0,1,89,2,12,10,100,30,0,0.0,0.05
SHORTEST_PULSE,502016,30.18615597477673,0.7662700605434452,27.231932132319262,43,3,0,1,89,2,12,10,100,30,0,0.0,0.05
METROLOGY_CONDITIONED_EIG,502016,40.327491387804024,1.0288669259013878,26.6811956980146,42,4,0,1,89,2,12,10,100,30,0,0.0,0.05
NO_PASSIVE,502017,368.0497140585014,1.7383248693062399,445.27923823147125,0,0,0,0,187,2,12,10,100,30,0,0.0,0.05
RANDOM,502017,6.838272199310148,0.2700976054249365,16.364549415205147,57,3,0,0,187,2,12,10,100,30,0,0.0,0.05
HIGHEST_SNR,502017,17.51616723802747,0.5115483601038022,15.488978584322146,53,7,0,0,187,2,12,10,100,30,0,0.0,0.05
SHORTEST_PULSE,502017,8.981151974003051,0.32060657679241517,14.487977011449855,52,8,0,0,187,2,12,10,100,30,0,0.0,0.05
METROLOGY_CONDITIONED_EIG,502017,7.994748137918304,0.34471942191950594,14.418077556439453,55,5,0,0,187,2,12,10,100,30,0,0.0,0.05
NO_PASSIVE,502018,408.7665941236281,1.5531613557398216,445.27923823147125,0,0,0,0,53,2,12,10,100,30,0,0.0,0.05
RANDOM,502018,25.38223193587161,0.5868734450144927,26.750557494116542,44,2,0,0,53,2,12,10,100,30,0,0.0,0.05
HIGHEST_SNR,502018,14.647752747259396,0.31428565561854216,27.30047320972461,45,1,0,0,53,2,12,10,100,30,0,0.0,0.05
SHORTEST_PULSE,502018,8.375387332869511,0.28095908476650766,25.722630823528327,45,1,0,0,53,2,12,10,100,30,0,0.0,0.05
METROLOGY_CONDITIONED_EIG,502018,8.375387332869511,0.28095908476650766,25.722630823528327,45,1,0,0,53,2,12,10,100,30,0,0.0,0.05
NO_PASSIVE,502019,259.21522000056683,0.6491673964793687,445.27923823147125,0,0,0,0,128,2,12,10,100,30,0,0.0,0.05
RANDOM,502019,20.008573635451892,0.7293682522576531,23.065833577413677,51,4,0,0,128,2,12,10,100,30,0,0.0,0.05
HIGHEST_SNR,502019,21.88570179223002,0.3812479003761321,18.572428817550854,53,2,0,0,128,2,12,10,100,30,0,0.0,0.05
SHORTEST_PULSE,502019,6.673976132790161,0.1878566828373046,28.389407589488382,50,5,0,0,128,2,12,10,100,30,0,0.0,0.05
METROLOGY_CONDITIONED_EIG,502019,11.219719329117062,0.23765563922896857,18.264747293097276,52,3,0,1,128,2,12,10,100,30,0,0.0,0.05
NO_PASSIVE,502020,145.35183981176925,0.3187203933634524,445.27923823147125,0,0,0,0,65,2,12,10,100,30,0,0.0,0.05
RANDOM,502020,19.504860538146357,0.6840038438343075,29.89517813596518,39,2,0,0,65,2,12,10,100,30,0,0.0,0.05
HIGHEST_SNR,502020,32.97187432700549,0.877837184453222,33.425636607353226,39,2,0,0,65,2,12,10,100,30,0,0.0,0.05
SHORTEST_PULSE,502020,32.14764467634458,0.813792174216778,26.97493356347658,39,2,0,0,65,2,12,10,100,30,0,0.0,0.05
METROLOGY_CONDITIONED_EIG,502020,33.781826102931106,0.8154790001653954,26.369150271695677,39,2,0,0,65,2,12,10,100,30,0,0.0,0.05
NO_PASSIVE,502021,417.5722882460492,0.26277132895409033,445.27923823147125,0,0,0,0,72,2,12,10,100,30,0,0.0,0.05
RANDOM,502021,19.225953205823444,0.4139941697580985,27.284272758241755,47,3,0,0,72,2,12,10,100,30,0,0.0,0.05
HIGHEST_SNR,502021,26.24552394302499,0.6000527787920291,34.51382210815955,47,3,0,0,72,2,12,10,100,30,0,0.0,0.05
SHORTEST_PULSE,502021,5.916878915263676,0.0595969410900137,23.05202157339477,48,2,0,0,72,2,12,10,100,30,0,0.0,0.05
METROLOGY_CONDITIONED_EIG,502021,10.239705478896939,0.24273510149264496,21.13438502493766,49,1,0,0,72,2,12,10,100,30,0,0.0,0.05
NO_PASSIVE,502022,456.56639873942476,2.0186657851442202,445.27923823147125,0,0,0,0,73,2,12,10,100,30,0,0.0,0.05
RANDOM,502022,46.587955473500266,0.7919696836211917,36.750068355906855,34,5,0,0,73,2,12,10,100,30,0,0.0,0.05
HIGHEST_SNR,502022,87.90708803022433,1.4574710283619339,51.996778706512664,33,6,0,0,73,2,12,10,100,30,0,0.0,0.05
SHORTEST_PULSE,502022,55.017928166269876,0.8450135106177301,31.304894457742446,33,6,0,0,73,2,12,10,100,30,0,0.0,0.05
METROLOGY_CONDITIONED_EIG,502022,27.747711412605753,3.0902339350934485,21.82095933741083,26,13,0,1,73,2,12,10,100,30,0,0.0,0.05
NO_PASSIVE,502023,223.10823452524835,3.6381013161211375,445.27923823147125,0,0,0,0,84,2,12,10,100,30,0,0.0,0.05
RANDOM,502023,20.529950320593038,0.3378878232185512,28.02054078605236,44,3,0,0,84,2,12,10,100,30,0,0.0,0.05
HIGHEST_SNR,502023,15.900854830092511,0.3079867870637161,30.34789247459166,44,3,0,0,84,2,12,10,100,30,0,0.0,0.05
SHORTEST_PULSE,502023,15.346768111945508,0.793352264730676,22.74787090485913,44,3,0,0,84,2,12,10,100,30,0,0.0,0.05
METROLOGY_CONDITIONED_EIG,502023,23.43731541714933,1.063651282551592,22.66915771459983,44,3,0,0,84,2,12,10,100,30,0,0.0,0.05
NO_PASSIVE,502024,437.36405260822806,0.6595508286621844,445.27923823147125,0,0,0,0,133,2,12,10,100,30,0,0.0,0.05
RANDOM,502024,1.8332334096600653,0.09426413109546516,23.47046178950474,57,3,0,0,133,2,12,10,100,30,0,0.0,0.05
HIGHEST_SNR,502024,21.481950919401918,0.9585751854234026,25.63469378167382,57,3,0,0,133,2,12,10,100,30,0,0.0,0.05
SHORTEST_PULSE,502024,33.72782779850843,0.825980370253394,25.25445330949991,57,3,0,0,133,2,12,10,100,30,0,0.0,0.05
METROLOGY_CONDITIONED_EIG,502024,23.486770883303716,0.7527390681518984,18.85871016797519,57,3,0,1,133,2,12,10,100,30,0,0.0,0.05
NO_PASSIVE,502025,150.94565685991753,2.6721675851323354,445.27923823147125,0,0,0,0,161,2,12,10,100,30,0,0.0,0.05
RANDOM,502025,16.735679149042642,0.38991560659597196,25.460116859120163,56,2,0,0,161,2,12,10,100,30,0,0.0,0.05
HIGHEST_SNR,502025,127.45081894326158,2.6968384050133087,63.793480507089335,56,2,0,0,161,2,12,10,100,30,0,0.0,0.05
SHORTEST_PULSE,502025,6.168253109549692,0.4171372512288165,20.71827609322516,58,0,0,0,161,2,12,10,100,30,0,0.0,0.05
METROLOGY_CONDITIONED_EIG,502025,11.545906744389642,0.4149969292256915,17.085729572208304,58,0,0,0,161,2,12,10,100,30,0,0.0,0.05
NO_PASSIVE,502026,266.0960868468314,2.7981349656009376,445.27923823147125,0,0,0,0,77,2,12,10,100,30,0,0.0,0.05
RANDOM,502026,8.213930810130227,0.3312902534267581,28.482004727744567,54,0,0,0,77,2,12,10,100,30,0,0.0,0.05
HIGHEST_SNR,502026,8.832885699119496,0.4649233159155483,28.493790979735685,53,1,0,0,77,2,12,10,100,30,0,0.0,0.05
SHORTEST_PULSE,502026,8.81080366196042,0.33888192287013486,27.265424440798224,54,0,0,0,77,2,12,10,100,30,0,0.0,0.05
METROLOGY_CONDITIONED_EIG,502026,9.025201874456723,0.21326652024779463,26.248095095393715,54,0,0,0,77,2,12,10,100,30,0,0.0,0.05
NO_PASSIVE,502027,535.5862268911371,3.7497235803019313,445.27923823147125,0,0,0,0,120,2,12,10,100,30,0,0.0,0.05
RANDOM,502027,17.419719223319024,0.38009930617170806,35.5609661776287,54,1,0,0,120,2,12,10,100,30,0,0.0,0.05
HIGHEST_SNR,502027,29.495622127091252,0.6529390055654342,46.19791471093121,54,1,0,0,120,2,12,10,100,30,0,0.0,0.05
SHORTEST_PULSE,502027,22.87883348855861,0.8184797815169079,30.316782118867525,54,1,0,0,120,2,12,10,100,30,0,0.0,0.05
METROLOGY_CONDITIONED_EIG,502027,17.850352157334935,0.9152176790471356,24.0824181894037,55,0,0,0,120,2,12,10,100,30,0,0.0,0.05
NO_PASSIVE,502028,334.0074550233916,1.5043095192084157,445.27923823147125,0,0,0,0,60,2,12,10,100,30,0,0.0,0.05
RANDOM,502028,12.076505442166619,0.3856513727709789,38.719670039700176,41,2,0,0,60,2,12,10,100,30,0,0.0,0.05
HIGHEST_SNR,502028,66.59776439681477,5.332917082390503,43.673268572598964,25,18,0,3,60,2,12,10,100,30,0,0.0,0.05
SHORTEST_PULSE,502028,9.175588386655441,0.28508271563867404,37.04383637699624,42,1,0,0,60,2,12,10,100,30,0,0.0,0.05
METROLOGY_CONDITIONED_EIG,502028,9.175588386655441,0.28508271563867404,37.04383637699624,42,1,0,0,60,2,12,10,100,30,0,0.0,0.05
NO_PASSIVE,502029,456.600675278627,1.0180589502761603,445.27923823147125,0,0,0,0,95,2,12,10,100,30,0,0.0,0.05
RANDOM,502029,15.591055116186947,0.4647536478680388,35.08028127725593,44,4,0,0,95,2,12,10,100,30,0,0.0,0.05
HIGHEST_SNR,502029,53.86314194067467,1.0821446165798185,101.41873276175419,44,4,0,0,95,2,12,10,100,30,0,0.0,0.05
SHORTEST_PULSE,502029,3.6244665174275394,0.2033401341054862,25.5999989274755,45,3,0,0,95,2,12,10,100,30,0,0.0,0.05
METROLOGY_CONDITIONED_EIG,502029,4.243641169540883,0.1005826512093068,25.615339591905872,45,3,0,0,95,2,12,10,100,30,0,0.0,0.05
NO_PASSIVE,503000,352.8425579961481,1.5281699033387905,445.27923823147125,0,0,0,0,58,3,12,10,100,30,0,0.0,0.15
RANDOM,503000,43.40879110841932,0.8046059186399844,34.64770271361539,35,5,0,1,58,3,12,10,100,30,0,0.0,0.15
HIGHEST_SNR,503000,42.07109335586823,0.8193420688962433,41.54550802158321,38,2,0,0,58,3,12,10,100,30,0,0.0,0.15
SHORTEST_PULSE,503000,51.55950004415142,1.0022509014443464,34.7789625639459,35,5,0,0,58,3,12,10,100,30,0,0.0,0.15
METROLOGY_CONDITIONED_EIG,503000,35.90110485671042,2.9594758068931735,34.77020556359671,31,9,0,2,58,3,12,10,100,30,0,0.0,0.15
NO_PASSIVE,503001,736.1037423793712,1.6164622338773302,445.27923823147125,0,0,0,0,38,3,12,10,100,30,0,0.0,0.15
RANDOM,503001,42.078689355036495,0.4722718132453787,45.33381359409009,25,4,0,0,38,3,12,10,100,30,0,0.0,0.15
HIGHEST_SNR,503001,61.71996968351218,0.3998732646936257,46.52511030129538,24,5,0,0,38,3,12,10,100,30,0,0.0,0.15
SHORTEST_PULSE,503001,48.573912590612885,0.2529116989470203,44.4933409841687,24,5,0,0,38,3,12,10,100,30,0,0.0,0.15
METROLOGY_CONDITIONED_EIG,503001,61.76665877803627,0.36561668235100364,45.43391234146638,24,5,0,0,38,3,12,10,100,30,0,0.0,0.15
NO_PASSIVE,503002,260.9473948248144,1.1814631891377874,445.27923823147125,0,0,0,0,46,3,12,10,100,30,0,0.0,0.15
RANDOM,503002,69.6697828007114,1.7128251793670128,44.39459745862728,27,4,0,0,46,3,12,10,100,30,0,0.0,0.15
HIGHEST_SNR,503002,93.99022514064231,2.210900733034075,57.69354995233457,29,2,0,1,46,3,12,10,100,30,0,0.0,0.15
SHORTEST_PULSE,503002,52.23325073302666,1.1356238048137621,42.32184072456678,28,3,0,0,46,3,12,10,100,30,0,0.0,0.15
METROLOGY_CONDITIONED_EIG,503002,71.17752021492747,1.8632087968529751,43.38478992914093,28,3,0,0,46,3,12,10,100,30,0,0.0,0.15
NO_PASSIVE,503003,323.2907352584185,2.515019673211033,445.27923823147125,0,0,0,0,100,3,12,10,100,30,0,0.0,0.15
RANDOM,503003,44.57676591570183,5.6173159007380855,28.529964440453885,22,31,0,4,100,3,12,10,100,30,0,0.0,0.15
HIGHEST_SNR,503003,45.34045558856799,2.934534002619122,24.96404558867452,36,17,0,1,100,3,12,10,100,30,0,0.0,0.15
SHORTEST_PULSE,503003,91.7530433145208,8.224858579118257,31.559353740961846,24,29,0,6,100,3,12,10,100,30,0,0.0,0.15
METROLOGY_CONDITIONED_EIG,503003,483.8026050551951,1.9090782715725703,42.27510661326687,11,42,0,6,100,3,12,10,100,30,0,0.0,0.15
NO_PASSIVE,503004,441.90457567108774,2.178127400128928,445.27923823147125,0,0,0,0,168,3,12,10,100,30,0,0.0,0.15
RANDOM,503004,3.807622003657433,3.970462600080711,21.308230490168015,36,24,0,2,168,3,12,10,100,30,0,0.0,0.15
HIGHEST_SNR,503004,19.1475975344645,0.544369446070392,26.182799825424862,49,11,0,0,168,3,12,10,100,30,0,0.0,0.15
SHORTEST_PULSE,503004,16.725869289245132,4.140256705940116,21.373963889622363,45,15,0,1,168,3,12,10,100,30,0,0.0,0.15
METROLOGY_CONDITIONED_EIG,503004,41.02947101457537,4.42456226549189,21.526864986981366,22,38,0,4,168,3,12,10,100,30,0,0.0,0.15
NO_PASSIVE,503005,547.2163244785913,1.9914764746129878,445.27923823147125,0,0,0,0,68,3,12,10,100,30,0,0.0,0.15
RANDOM,503005,60.493242477943674,0.8572542818748048,62.213505058907714,45,3,0,1,68,3,12,10,100,30,0,0.0,0.15
HIGHEST_SNR,503005,163.8204103611699,2.1584403235516927,113.46517750175661,45,3,0,1,68,3,12,10,100,30,0,0.0,0.15
SHORTEST_PULSE,503005,89.97080856120535,2.084521153127935,117.2418678495493,43,5,0,1,68,3,12,10,100,30,0,0.0,0.15
METROLOGY_CONDITIONED_EIG,503005,28.030387025979415,0.9424524229949565,44.58033946091635,43,5,0,1,68,3,12,10,100,30,0,0.0,0.15
NO_PASSIVE,503006,246.3684460777112,2.490870315369785,445.27923823147125,0,0,0,0,45,3,12,10,100,30,0,0.0,0.15
RANDOM,503006,151.74145619950554,1.6868765889307242,67.2263377391246,23,3,0,2,45,3,12,10,100,30,0,0.0,0.15
HIGHEST_SNR,503006,148.85740336739252,2.5442488710883846,69.92856023765903,22,4,0,1,45,3,12,10,100,30,0,0.0,0.15
SHORTEST_PULSE,503006,145.66183917640222,1.7088870404196168,72.53616006982475,22,4,0,0,45,3,12,10,100,30,0,0.0,0.15
METROLOGY_CONDITIONED_EIG,503006,217.3536839168314,1.2647535982150049,64.57995146576987,22,4,0,2,45,3,12,10,100,30,0,0.0,0.15
NO_PASSIVE,503007,455.98318607439035,2.46601731647853,445.27923823147125,0,0,0,0,109,3,12,10,100,30,0,0.0,0.15
RANDOM,503007,22.725680016992996,1.3939151144288742,39.42557048523931,34,2,0,0,109,3,12,10,100,30,0,0.0,0.15
HIGHEST_SNR,503007,92.45540216775512,1.6706322078880347,102.81872542433263,28,8,0,0,109,3,12,10,100,30,0,0.0,0.15
SHORTEST_PULSE,503007,27.737812327081382,0.6915713884163611,29.31541016917586,33,3,0,0,109,3,12,10,100,30,0,0.0,0.15
METROLOGY_CONDITIONED_EIG,503007,29.84838609803125,0.8995102891231763,28.623148304405486,30,6,0,0,109,3,12,10,100,30,0,0.0,0.15
NO_PASSIVE,503008,493.67725836253584,0.967675875834825,445.27923823147125,0,0,0,0,66,3,12,10,100,30,0,0.0,0.15
RANDOM,503008,16.38180808723143,1.1291091568832992,31.865699720874854,35,7,0,0,66,3,12,10,100,30,0,0.0,0.15
HIGHEST_SNR,503008,8.901380137785647,1.2191730369268872,38.57629027442679,33,9,0,0,66,3,12,10,100,30,0,0.0,0.15
SHORTEST_PULSE,503008,20.70709067775641,0.568212244116109,28.05808212164191,37,5,0,1,66,3,12,10,100,30,0,0.0,0.15
METROLOGY_CONDITIONED_EIG,503008,5.614226278448463,0.16177840459288775,28.979347242251162,36,6,0,0,66,3,12,10,100,30,0,0.0,0.15
NO_PASSIVE,503009,317.25913344314307,1.7889121860241295,445.27923823147125,0,0,0,0,92,3,12,10,100,30,0,0.0,0.15
RANDOM,503009,41.69893952690302,1.3809638510059032,33.22260703816305,43,5,0,3,92,3,12,10,100,30,0,0.0,0.15
HIGHEST_SNR,503009,20.98515533801716,1.4059925510840356,55.43877199379326,39,9,0,2,92,3,12,10,100,30,0,0.0,0.15
SHORTEST_PULSE,503009,23.84161293426188,0.6561980369486182,26.99087687802348,41,7,0,3,92,3,12,10,100,30,0,0.0,0.15
METROLOGY_CONDITIONED_EIG,503009,27.376703013857174,0.45338272981902894,27.458188472029843,41,7,0,3,92,3,12,10,100,30,0,0.0,0.15
NO_PASSIVE,503010,310.8086896510001,1.3893416922360442,445.27923823147125,0,0,0,0,73,3,12,10,100,30,0,0.0,0.15
RANDOM,503010,37.11867950283248,1.7517752305543273,43.99208544059272,40,11,0,2,73,3,12,10,100,30,0,0.0,0.15
HIGHEST_SNR,503010,32.52559117914248,1.3205542701243658,57.80460622197402,41,10,0,3,73,3,12,10,100,30,0,0.0,0.15
SHORTEST_PULSE,503010,48.00289822033232,1.9861814375906188,39.94861544202351,40,11,0,2,73,3,12,10,100,30,0,0.0,0.15
METROLOGY_CONDITIONED_EIG,503010,45.171132136878576,1.9701178964518387,40.08384263604931,40,11,0,2,73,3,12,10,100,30,0,0.0,0.15
NO_PASSIVE,503011,47.67857632519481,1.6764693105484003,445.27923823147125,0,0,0,0,89,3,12,10,100,30,0,0.0,0.15
RANDOM,503011,4.396070709523707,0.3918415734855072,22.20964577945549,36,5,0,0,89,3,12,10,100,30,0,0.0,0.15
HIGHEST_SNR,503011,32.7395735767308,0.7552827992327495,25.226240004366783,34,7,0,0,89,3,12,10,100,30,0,0.0,0.15
SHORTEST_PULSE,503011,5.30888007702604,0.6899223939174173,30.797803655055386,34,7,0,0,89,3,12,10,100,30,0,0.0,0.15
METROLOGY_CONDITIONED_EIG,503011,2.4154191437651367,0.4564098809384471,19.560190717661737,33,8,0,0,89,3,12,10,100,30,0,0.0,0.15
NO_PASSIVE,503012,845.263229267589,3.269344660300671,445.27923823147125,0,0,0,0,117,3,12,10,100,30,0,0.0,0.15
RANDOM,503012,10.681910231367862,0.7127275353525365,16.650068728372577,45,15,0,0,117,3,12,10,100,30,0,0.0,0.15
HIGHEST_SNR,503012,73.38056488282906,0.4935821545000959,53.09378486616921,49,11,0,0,117,3,12,10,100,30,0,0.0,0.15
SHORTEST_PULSE,503012,6.015138813559374,0.3734186493660427,13.77631363085072,47,13,0,0,117,3,12,10,100,30,0,0.0,0.15
METROLOGY_CONDITIONED_EIG,503012,7.684272142195385,0.40650287559025594,13.959914698292858,46,14,0,0,117,3,12,10,100,30,0,0.0,0.15
NO_PASSIVE,503013,380.67094836754603,1.798730076500774,445.27923823147125,0,0,0,0,5,3,12,10,100,30,0,0.0,0.15
RANDOM,503013,79.4336144052401,2.272948337333705,101.45030462669204,4,0,0,0,5,3,12,10,100,30,0,0.0,0.15
HIGHEST_SNR,503013,101.1549286504584,2.972749637080089,318.00645193732396,4,0,0,0,5,3,12,10,100,30,0,0.0,0.15
SHORTEST_PULSE,503013,79.4336144052401,2.272948337333705,101.45030462669204,4,0,0,0,5,3,12,10,100,30,0,0.0,0.15
METROLOGY_CONDITIONED_EIG,503013,79.4336144052401,2.272948337333705,101.45030462669204,4,0,0,0,5,3,12,10,100,30,0,0.0,0.15
NO_PASSIVE,503014,125.71186701248493,1.6706212836250396,445.27923823147125,0,0,0,0,149,3,12,10,100,30,0,0.0,0.15
RANDOM,503014,61.70266773472394,3.3984318824824764,28.75370741047418,42,16,0,2,149,3,12,10,100,30,0,0.0,0.15
HIGHEST_SNR,503014,19.251616175805424,3.164559351681576,27.84492163512404,38,20,0,1,149,3,12,10,100,30,0,0.0,0.15
SHORTEST_PULSE,503014,12.054457329600673,1.3432561789817454,21.923674183441015,43,15,0,1,149,3,12,10,100,30,0,0.0,0.15
METROLOGY_CONDITIONED_EIG,503014,25.33266587205333,3.1102258558640337,22.275517455233764,35,23,0,3,149,3,12,10,100,30,0,0.0,0.15
NO_PASSIVE,503015,261.68384378780473,0.8831014727030826,445.27923823147125,0,0,0,0,150,3,12,10,100,30,0,0.0,0.15
RANDOM,503015,18.19480400311069,0.5311455149233374,25.856610550974867,49,11,0,2,150,3,12,10,100,30,0,0.0,0.15
HIGHEST_SNR,503015,88.63970362072844,1.9284360969017504,46.836539836462336,46,14,0,1,150,3,12,10,100,30,0,0.0,0.15
SHORTEST_PULSE,503015,38.74763779025067,1.794527795506801,23.06345267203091,38,22,0,2,150,3,12,10,100,30,0,0.0,0.15
METROLOGY_CONDITIONED_EIG,503015,31.81501756286425,1.483352648805365,21.702642447726408,46,14,0,1,150,3,12,10,100,30,0,0.0,0.15
NO_PASSIVE,503016,823.8409855471353,1.5153350482541825,445.27923823147125,0,0,0,0,55,3,12,10,100,30,0,0.0,0.15
RANDOM,503016,1355.594550138003,1.570157178110098,83.06612855994311,23,21,0,2,55,3,12,10,100,30,0,0.0,0.15
HIGHEST_SNR,503016,1355.594550138003,1.570157178110098,83.06612855994311,23,21,0,2,55,3,12,10,100,30,0,0.0,0.15
SHORTEST_PULSE,503016,1355.594550138003,1.570157178110098,83.06612855994311,23,21,0,2,55,3,12,10,100,30,0,0.0,0.15
METROLOGY_CONDITIONED_EIG,503016,1087.527052398515,0.7018619115201076,129.9435290067849,22,22,0,1,55,3,12,10,100,30,0,0.0,0.15
NO_PASSIVE,503017,97.68462795452592,1.636813043887789,445.27923823147125,0,0,0,0,69,3,12,10,100,30,0,0.0,0.15
RANDOM,503017,96.86584668370077,0.9957599823330001,56.345537788367416,35,5,0,1,69,3,12,10,100,30,0,0.0,0.15
HIGHEST_SNR,503017,33.25567807573689,2.01106543208071,239.3617499208807,33,7,0,0,69,3,12,10,100,30,0,0.0,0.15
SHORTEST_PULSE,503017,87.15125759688966,2.0975528720503784,217.83833366618856,33,7,0,0,69,3,12,10,100,30,0,0.0,0.15
METROLOGY_CONDITIONED_EIG,503017,83.27260215204593,1.383223569057775,50.845424583692434,35,5,0,2,69,3,12,10,100,30,0,0.0,0.15
NO_PASSIVE,503018,447.76080356561226,1.2832495038436729,445.27923823147125,0,0,0,0,71,3,12,10,100,30,0,0.0,0.15
RANDOM,503018,48.16223481284234,0.7381580490781611,33.1604016435732,34,6,0,0,71,3,12,10,100,30,0,0.0,0.15
HIGHEST_SNR,503018,25.53918581322353,0.6427188351668414,35.527213430433235,34,6,0,1,71,3,12,10,100,30,0,0.0,0.15
SHORTEST_PULSE,503018,13.807466558548926,0.10210470322070116,32.140132858447956,34,6,0,0,71,3,12,10,100,30,0,0.0,0.15
METROLOGY_CONDITIONED_EIG,503018,29.38264572193159,0.5641519900569094,28.95422209073647,31,9,0,0,71,3,12,10,100,30,0,0.0,0.15
NO_PASSIVE,503019,350.0989945237962,1.8516228858387598,445.27923823147125,0,0,0,0,92,3,12,10,100,30,0,0.0,0.15
RANDOM,503019,13.814194772890637,0.878527945065672,32.66697212886118,46,4,0,1,92,3,12,10,100,30,0,0.0,0.15
HIGHEST_SNR,503019,29.55087231321422,1.1788487088833146,40.16456769878041,46,4,0,0,92,3,12,10,100,30,0,0.0,0.15
SHORTEST_PULSE,503019,53.78124663707359,1.5033716208759809,43.794981363540664,47,3,0,0,92,3,12,10,100,30,0,0.0,0.15
METROLOGY_CONDITIONED_EIG,503019,925.4463971745324,4.959225495303577,83.32682708693181,8,42,0,5,92,3,12,10,100,30,0,0.0,0.15
NO_PASSIVE,503020,504.6218403183687,2.5124989637127255,445.27923823147125,0,0,0,0,36,3,12,10,100,30,0,0.0,0.15
RANDOM,503020,13.308841126938447,0.5979438368067378,34.99988551786901,27,3,0,0,36,3,12,10,100,30,0,0.0,0.15
HIGHEST_SNR,503020,31.87662751445821,0.6243749423479963,37.61850864197442,28,2,0,1,36,3,12,10,100,30,0,0.0,0.15
SHORTEST_PULSE,503020,13.501245786399261,0.4911511521147328,34.14980067315676,27,3,0,0,36,3,12,10,100,30,0,0.0,0.15
METROLOGY_CONDITIONED_EIG,503020,15.300432262287073,0.5200984138795653,34.50619318687834,27,3,0,0,36,3,12,10,100,30,0,0.0,0.15
NO_PASSIVE,503021,172.54424006093134,1.9706276860256031,445.27923823147125,0,0,0,0,127,3,12,10,100,30,0,0.0,0.15
RANDOM,503021,12.104290446163308,1.9126015576449222,23.541751618211677,46,14,0,1,127,3,12,10,100,30,0,0.0,0.15
HIGHEST_SNR,503021,38.62429333726192,1.9850422033296988,44.27339991631727,53,7,0,0,127,3,12,10,100,30,0,0.0,0.15
SHORTEST_PULSE,503021,6.795688377106037,0.7039892296436587,20.033533287515436,45,15,0,0,127,3,12,10,100,30,0,0.0,0.15
METROLOGY_CONDITIONED_EIG,503021,328.49612039558986,1.0831085259898678,23.080577540134012,19,41,0,6,127,3,12,10,100,30,0,0.0,0.15
NO_PASSIVE,503022,234.7547793332186,0.5844290781591036,445.27923823147125,0,0,0,0,57,3,12,10,100,30,0,0.0,0.15
RANDOM,503022,17.995249267111454,0.5249663128443702,27.515614810639445,36,8,0,2,57,3,12,10,100,30,0,0.0,0.15
HIGHEST_SNR,503022,66.99297457425756,3.933900627508901,57.738145140108024,26,18,0,1,57,3,12,10,100,30,0,0.0,0.15
SHORTEST_PULSE,503022,22.57776984037239,3.1688087807376033,29.593579414213195,25,19,0,1,57,3,12,10,100,30,0,0.0,0.15
METROLOGY_CONDITIONED_EIG,503022,26.92757115604548,1.0857450997171034,27.578850619123283,34,10,0,2,57,3,12,10,100,30,0,0.0,0.15
NO_PASSIVE,503023,501.6299093633872,2.7603517678134355,445.27923823147125,0,0,0,0,52,3,12,10,100,30,0,0.0,0.15
RANDOM,503023,56.77705044625984,2.9204931890050427,46.49450040079348,29,4,0,1,52,3,12,10,100,30,0,0.0,0.15
HIGHEST_SNR,503023,385.77819270554903,3.4325137539439923,97.90871037766706,23,10,0,3,52,3,12,10,100,30,0,0.0,0.15
SHORTEST_PULSE,503023,55.09966230835367,2.9530512609046005,46.13400263743667,26,7,0,1,52,3,12,10,100,30,0,0.0,0.15
METROLOGY_CONDITIONED_EIG,503023,37.50260288353623,2.31985333059933,44.97816714825664,27,6,0,1,52,3,12,10,100,30,0,0.0,0.15
NO_PASSIVE,503024,414.6836281874018,3.244067590314014,445.27923823147125,0,0,0,0,151,3,12,10,100,30,0,0.0,0.15
RANDOM,503024,38.410705280756225,0.7893187506964315,23.094624890036,48,12,0,1,151,3,12,10,100,30,0,0.0,0.15
HIGHEST_SNR,503024,80.57175437189096,2.7084570865113484,47.78759664326287,53,7,0,1,151,3,12,10,100,30,0,0.0,0.15
SHORTEST_PULSE,503024,3.629279258004003,0.21321810947730174,15.932859525978731,51,9,0,0,151,3,12,10,100,30,0,0.0,0.15
METROLOGY_CONDITIONED_EIG,503024,7.048144932415994,0.375311782931484,14.170444793537156,52,8,0,0,151,3,12,10,100,30,0,0.0,0.15
NO_PASSIVE,503025,338.5020139617326,0.3782840327195912,445.27923823147125,0,0,0,0,39,3,12,10,100,30,0,0.0,0.15
RANDOM,503025,308.534971040027,0.7848370880012973,99.58767059847995,25,6,0,3,39,3,12,10,100,30,0,0.0,0.15
HIGHEST_SNR,503025,20.112552482675092,2.231259660338706,59.23249532343119,29,2,0,3,39,3,12,10,100,30,0,0.0,0.15
SHORTEST_PULSE,503025,299.4037208062297,0.6727094720933758,99.06533292157309,24,7,0,3,39,3,12,10,100,30,0,0.0,0.15
METROLOGY_CONDITIONED_EIG,503025,299.4037208062297,0.6727094720933758,99.06533292157309,24,7,0,3,39,3,12,10,100,30,0,0.0,0.15
NO_PASSIVE,503026,565.5618010960031,2.9217183713282986,445.27923823147125,0,0,0,0,107,3,12,10,100,30,0,0.0,0.15
RANDOM,503026,3.463023451973313,0.17592737224889757,30.505452831820897,40,12,0,0,107,3,12,10,100,30,0,0.0,0.15
HIGHEST_SNR,503026,7.688621274500936,0.13794055386257958,38.56735714973623,40,12,0,0,107,3,12,10,100,30,0,0.0,0.15
SHORTEST_PULSE,503026,8.787274566749282,0.07673260260883215,28.900781856128532,43,9,0,0,107,3,12,10,100,30,0,0.0,0.15
METROLOGY_CONDITIONED_EIG,503026,27.937143011975333,0.8194711241504959,26.585742553495045,42,10,0,0,107,3,12,10,100,30,0,0.0,0.15
NO_PASSIVE,503027,124.7138177695979,2.6245100290676904,445.27923823147125,0,0,0,0,33,3,12,10,100,30,0,0.0,0.15
RANDOM,503027,92.63503870123202,2.4498980005050637,47.960070376838075,24,2,0,1,33,3,12,10,100,30,0,0.0,0.15
HIGHEST_SNR,503027,100.18595808449349,2.7279605318932805,48.49637989444579,24,2,0,1,33,3,12,10,100,30,0,0.0,0.15
SHORTEST_PULSE,503027,44.62828074445882,1.6037905161433388,43.74508270018601,23,3,0,1,33,3,12,10,100,30,0,0.0,0.15
METROLOGY_CONDITIONED_EIG,503027,41.68988490327933,1.4904826352577987,43.50384496284203,24,2,0,1,33,3,12,10,100,30,0,0.0,0.15
NO_PASSIVE,503028,18.35124300189927,2.6605126867121416,445.27923823147125,0,0,0,0,109,3,12,10,100,30,0,0.0,0.15
RANDOM,503028,35.4648299986499,0.7844242507098304,23.1385019659881,49,8,0,2,109,3,12,10,100,30,0,0.0,0.15
HIGHEST_SNR,503028,20.63262276617354,0.3029439419345031,24.47854271591106,48,9,0,2,109,3,12,10,100,30,0,0.0,0.15
SHORTEST_PULSE,503028,34.06881620568788,1.0716572081129796,18.75629818636273,50,7,0,1,109,3,12,10,100,30,0,0.0,0.15
METROLOGY_CONDITIONED_EIG,503028,27.15759471489558,0.93427447973116,19.02037702157861,50,7,0,2,109,3,12,10,100,30,0,0.0,0.15
NO_PASSIVE,503029,477.3035921981118,0.8891498444868301,445.27923823147125,0,0,0,0,85,3,12,10,100,30,0,0.0,0.15
RANDOM,503029,4.262071282595087,0.3451794326168748,22.024750337397784,46,9,0,1,85,3,12,10,100,30,0,0.0,0.15
HIGHEST_SNR,503029,2.7415085900987504,0.1569432187997611,24.723576759733028,48,7,0,1,85,3,12,10,100,30,0,0.0,0.15
SHORTEST_PULSE,503029,8.989847339869259,0.48957621031237736,21.66100413487089,47,8,0,1,85,3,12,10,100,30,0,0.0,0.15
METROLOGY_CONDITIONED_EIG,503029,5.2445859240371995,0.3452361020921364,21.44182676575417,48,7,0,1,85,3,12,10,100,30,0,0.0,0.15
NO_PASSIVE,504000,349.5868210866248,0.835161601454753,445.27923823147125,0,0,0,0,124,4,12,10,100,30,0,0.05,0.0
RANDOM,504000,11.282589032967342,0.08994051079586375,38.36651111574878,59,1,0,0,124,4,12,10,100,30,0,0.05,0.0
HIGHEST_SNR,504000,11.840456088806599,0.24583021611320482,56.15303960776591,55,5,0,0,124,4,12,10,100,30,0,0.05,0.0
SHORTEST_PULSE,504000,21.173282475152174,0.5803052994557942,30.263959750819694,59,1,0,0,124,4,12,10,100,30,0,0.05,0.0
METROLOGY_CONDITIONED_EIG,504000,21.121292195144783,0.7353060995271045,28.90278587439639,59,1,0,0,124,4,12,10,100,30,0,0.05,0.0
NO_PASSIVE,504001,141.72039843596573,2.482912932205807,445.27923823147125,0,0,0,0,81,4,12,10,100,30,0,0.05,0.0
RANDOM,504001,25.654343459980268,0.5973469514141535,26.869573463809832,41,2,0,0,81,4,12,10,100,30,0,0.05,0.0
HIGHEST_SNR,504001,50.4174838001137,1.2650044707944836,31.966751996690796,40,3,0,0,81,4,12,10,100,30,0,0.05,0.0
SHORTEST_PULSE,504001,22.758594089690988,0.6804529798038812,24.942391453427682,39,4,0,0,81,4,12,10,100,30,0,0.05,0.0
METROLOGY_CONDITIONED_EIG,504001,4.464298747703666,0.12057581644535244,25.949066748754294,39,4,0,0,81,4,12,10,100,30,0,0.05,0.0
NO_PASSIVE,504002,388.2659377484255,2.805258101778996,445.27923823147125,0,0,0,0,104,4,12,10,100,30,0,0.05,0.0
RANDOM,504002,47.763366730271244,1.185567570779363,31.19804248600955,51,2,0,0,104,4,12,10,100,30,0,0.05,0.0
HIGHEST_SNR,504002,79.87633134610834,2.2869604741434726,40.32100736861364,50,3,0,0,104,4,12,10,100,30,0,0.05,0.0
SHORTEST_PULSE,504002,33.421351749657475,0.7902904498787136,29.185636346369396,45,8,0,0,104,4,12,10,100,30,0,0.05,0.0
METROLOGY_CONDITIONED_EIG,504002,34.24821640159785,1.3078283700058966,28.55556084594914,47,6,1,0,104,4,12,10,100,30,0,0.05,0.0
NO_PASSIVE,504003,788.1125475000174,0.8157275656984427,445.27923823147125,0,0,0,0,51,4,12,10,100,30,0,0.05,0.0
RANDOM,504003,34.44469582640754,0.7931718588299224,29.1015327782374,41,3,0,0,51,4,12,10,100,30,0,0.05,0.0
HIGHEST_SNR,504003,29.69504179105235,0.6248765317265549,29.234645488364364,43,1,0,0,51,4,12,10,100,30,0,0.05,0.0
SHORTEST_PULSE,504003,30.49889847136636,0.5144378931585227,29.26177529571185,42,2,0,0,51,4,12,10,100,30,0,0.05,0.0
METROLOGY_CONDITIONED_EIG,504003,10.175553763953042,0.05480342167480027,27.589257939564156,41,3,0,0,51,4,12,10,100,30,0,0.05,0.0
NO_PASSIVE,504004,257.6887729207881,3.4601385265718543,445.27923823147125,0,0,0,0,137,4,12,10,100,30,0,0.05,0.0
RANDOM,504004,25.48642802800952,0.6119986856425799,31.411403792060554,52,2,0,0,137,4,12,10,100,30,0,0.05,0.0
HIGHEST_SNR,504004,35.946881341128446,0.8018324482073886,48.7529462212438,52,2,0,0,137,4,12,10,100,30,0,0.05,0.0
SHORTEST_PULSE,504004,13.10210169004401,0.46797333583642553,27.090117648384705,52,2,0,0,137,4,12,10,100,30,0,0.05,0.0
METROLOGY_CONDITIONED_EIG,504004,11.551038940488038,0.49873515125955886,27.18435450644077,51,3,0,0,137,4,12,10,100,30,0,0.05,0.0
NO_PASSIVE,504005,533.6371295743584,1.9769907067847607,445.27923823147125,0,0,0,0,106,4,12,10,100,30,0,0.05,0.0
RANDOM,504005,16.755099337907918,1.0140901239471118,44.48218437332347,35,1,0,0,106,4,12,10,100,30,0,0.05,0.0
HIGHEST_SNR,504005,82.52094248898806,2.516643636126396,70.09789854630912,35,1,0,0,106,4,12,10,100,30,0,0.05,0.0
SHORTEST_PULSE,504005,105.88794752920337,2.738097644208197,48.11044616592355,34,2,0,0,106,4,12,10,100,30,0,0.05,0.0
METROLOGY_CONDITIONED_EIG,504005,31.973989116229546,0.7623949911556195,37.03269726435255,34,2,0,0,106,4,12,10,100,30,0,0.05,0.0
NO_PASSIVE,504006,481.2676393284764,1.9486908376832228,445.27923823147125,0,0,0,0,51,4,12,10,100,30,0,0.05,0.0
RANDOM,504006,10.012915722094466,0.7976368731726677,45.28049431860457,25,1,0,0,51,4,12,10,100,30,0,0.05,0.0
HIGHEST_SNR,504006,13.556921117006533,1.138735026954624,45.69193077795966,23,3,0,0,51,4,12,10,100,30,0,0.05,0.0
SHORTEST_PULSE,504006,13.556921117006533,1.138735026954624,45.69193077795966,23,3,0,0,51,4,12,10,100,30,0,0.05,0.0
METROLOGY_CONDITIONED_EIG,504006,26.988894008301873,1.0032204671990106,39.10912355187642,21,5,0,0,51,4,12,10,100,30,0,0.05,0.0
NO_PASSIVE,504007,486.68040924445694,1.0336575856319261,445.27923823147125,0,0,0,0,125,4,12,10,100,30,0,0.05,0.0
RANDOM,504007,42.11968215029789,1.2720901892597238,23.33062777583859,37,2,0,0,125,4,12,10,100,30,0,0.05,0.0
HIGHEST_SNR,504007,55.56582821625751,1.1982863747706514,29.092536726623308,37,2,0,0,125,4,12,10,100,30,0,0.05,0.0
SHORTEST_PULSE,504007,11.398145456975632,0.4319033147384644,17.386438448722807,39,0,0,0,125,4,12,10,100,30,0,0.05,0.0
METROLOGY_CONDITIONED_EIG,504007,5.218240638381415,0.2707961825620744,17.77837065649674,38,1,0,0,125,4,12,10,100,30,0,0.05,0.0
NO_PASSIVE,504008,251.60701811114234,1.6366255002160845,445.27923823147125,0,0,0,0,149,4,12,10,100,30,0,0.05,0.0
RANDOM,504008,42.36591103032351,1.036120784112548,19.879952070209484,59,1,0,0,149,4,12,10,100,30,0,0.05,0.0
HIGHEST_SNR,504008,32.588515284915765,0.906413261989082,23.721349052738987,56,4,0,0,149,4,12,10,100,30,0,0.05,0.0
SHORTEST_PULSE,504008,50.41764101070072,1.267452479702313,21.68818910053992,58,2,0,0,149,4,12,10,100,30,0,0.05,0.0
METROLOGY_CONDITIONED_EIG,504008,51.70053699823164,1.4643959284098549,18.138240300721165,60,0,0,0,149,4,12,10,100,30,0,0.05,0.0
NO_PASSIVE,504009,663.1557326008692,1.2925589795434531,445.27923823147125,0,0,0,0,83,4,12,10,100,30,0,0.05,0.0
RANDOM,504009,24.721061926903047,0.6877738013484562,32.5792021347627,35,1,0,0,83,4,12,10,100,30,0,0.05,0.0
HIGHEST_SNR,504009,31.726124614432095,0.6840016586860457,33.74553878014401,35,1,0,0,83,4,12,10,100,30,0,0.05,0.0
SHORTEST_PULSE,504009,17.745131503256477,0.4712782638881526,43.30323508602636,36,0,0,0,83,4,12,10,100,30,0,0.05,0.0
METROLOGY_CONDITIONED_EIG,504009,22.100927054375266,0.6364370048799722,29.416611489979836,36,0,0,0,83,4,12,10,100,30,0,0.05,0.0
NO_PASSIVE,504010,719.6360365457484,3.1477362780903753,445.27923823147125,0,0,0,0,53,4,12,10,100,30,0,0.05,0.0
RANDOM,504010,31.263954390941883,0.9975773075504021,43.00399244898503,38,2,0,0,53,4,12,10,100,30,0,0.05,0.0
HIGHEST_SNR,504010,18.877432044705333,0.9068825220495637,41.6890351721663,38,2,0,0,53,4,12,10,100,30,0,0.05,0.0
SHORTEST_PULSE,504010,45.23137471609277,0.8379622141783357,34.03110968708085,39,1,0,0,53,4,12,10,100,30,0,0.05,0.0
METROLOGY_CONDITIONED_EIG,504010,42.77856031563665,1.071969462351931,33.9601267676897,39,1,0,0,53,4,12,10,100,30,0,0.05,0.0
NO_PASSIVE,504011,627.8755976208289,0.889252745972396,445.27923823147125,0,0,0,0,60,4,12,10,100,30,0,0.05,0.0
RANDOM,504011,40.229002692609676,3.690306051142218,25.9980521812692,36,9,0,0,60,4,12,10,100,30,0,0.05,0.0
HIGHEST_SNR,504011,59.058217802045036,4.47192383387462,26.288760688959687,36,9,0,0,60,4,12,10,100,30,0,0.05,0.0
SHORTEST_PULSE,504011,25.251481940851846,0.34812209241024294,27.37484879787463,40,5,0,0,60,4,12,10,100,30,0,0.05,0.0
METROLOGY_CONDITIONED_EIG,504011,17.569547696729956,0.42704769356578565,25.77940851857202,39,6,0,0,60,4,12,10,100,30,0,0.05,0.0
NO_PASSIVE,504012,371.2683965602927,2.266886043087662,445.27923823147125,0,0,0,0,50,4,12,10,100,30,0,0.05,0.0
RANDOM,504012,34.42929336893822,0.3528105297618833,25.897637218681435,34,3,0,0,50,4,12,10,100,30,0,0.05,0.0
HIGHEST_SNR,504012,13.594776402818773,0.7641471991669674,27.23458622213616,36,1,0,0,50,4,12,10,100,30,0,0.05,0.0
SHORTEST_PULSE,504012,13.824207894830199,0.7475351459056322,27.681947906305002,35,2,0,0,50,4,12,10,100,30,0,0.05,0.0
METROLOGY_CONDITIONED_EIG,504012,32.268421758960386,0.22269744671697408,25.763074935829028,34,3,0,0,50,4,12,10,100,30,0,0.05,0.0
NO_PASSIVE,504013,297.70014426930777,2.8859173216174745,445.27923823147125,0,0,0,0,179,4,12,10,100,30,0,0.05,0.0
RANDOM,504013,36.56693058725955,1.2905885852515981,23.64982174071806,55,3,0,0,179,4,12,10,100,30,0,0.05,0.0
HIGHEST_SNR,504013,20.747725924668057,0.7378332013429394,26.390773158650106,54,4,0,0,179,4,12,10,100,30,0,0.05,0.0
SHORTEST_PULSE,504013,28.441413665053492,0.7126526424517754,21.126055052652255,53,5,0,0,179,4,12,10,100,30,0,0.05,0.0
METROLOGY_CONDITIONED_EIG,504013,17.63338407645512,0.4541966981866716,20.036563122373828,53,5,0,0,179,4,12,10,100,30,0,0.05,0.0
NO_PASSIVE,504014,439.2403550767329,2.4128260610226477,445.27923823147125,0,0,0,0,4,4,12,10,100,30,0,0.05,0.0
RANDOM,504014,128.3843994083836,2.2376494526868873,140.34699306368572,4,0,0,0,4,4,12,10,100,30,0,0.05,0.0
HIGHEST_SNR,504014,128.3843994083836,2.2376494526868873,140.34699306368572,4,0,0,0,4,4,12,10,100,30,0,0.05,0.0
SHORTEST_PULSE,504014,128.3843994083836,2.2376494526868873,140.34699306368572,4,0,0,0,4,4,12,10,100,30,0,0.05,0.0
METROLOGY_CONDITIONED_EIG,504014,128.3843994083836,2.2376494526868873,140.34699306368572,4,0,0,0,4,4,12,10,100,30,0,0.05,0.0
NO_PASSIVE,504015,716.0812530991469,1.0992120839474961,445.27923823147125,0,0,0,0,63,4,12,10,100,30,0,0.05,0.0
RANDOM,504015,7.428963989587458,0.3049403766183373,21.151954321755703,47,1,0,0,63,4,12,10,100,30,0,0.05,0.0
HIGHEST_SNR,504015,9.520492717296378,0.21971504294370672,20.376561817760862,48,0,0,0,63,4,12,10,100,30,0,0.05,0.0
SHORTEST_PULSE,504015,5.063608990863713,0.1485697945406897,20.428429728483554,48,0,0,0,63,4,12,10,100,30,0,0.05,0.0
METROLOGY_CONDITIONED_EIG,504015,9.934445581633895,0.13904493398817094,20.346988586994765,48,0,0,0,63,4,12,10,100,30,0,0.05,0.0
NO_PASSIVE,504016,67.04593362887435,0.8711293223706567,445.27923823147125,0,0,0,0,30,4,12,10,100,30,0,0.05,0.0
RANDOM,504016,4.019309841815672,0.07302672797100918,19.207916954136124,25,0,0,0,30,4,12,10,100,30,0,0.05,0.0
HIGHEST_SNR,504016,3.8243111345255567,0.16303665034119422,19.390941719296723,25,0,0,0,30,4,12,10,100,30,0,0.05,0.0
SHORTEST_PULSE,504016,4.704502821109282,0.2667394817665071,18.314954945893643,25,0,0,0,30,4,12,10,100,30,0,0.05,0.0
METROLOGY_CONDITIONED_EIG,504016,5.265482336555304,0.3030720991074287,18.435056682945326,25,0,0,0,30,4,12,10,100,30,0,0.05,0.0
NO_PASSIVE,504017,277.6904350898431,2.561184197188641,445.27923823147125,0,0,0,0,47,4,12,10,100,30,0,0.05,0.0
RANDOM,504017,4.2327513320198396,0.0965075562280334,23.261500488150112,30,0,0,0,47,4,12,10,100,30,0,0.05,0.0
HIGHEST_SNR,504017,4.05157125147859,0.08018922340089583,22.244415401005416,30,0,0,0,47,4,12,10,100,30,0,0.05,0.0
SHORTEST_PULSE,504017,4.05157125147859,0.08018922340089583,22.244415401005416,30,0,0,0,47,4,12,10,100,30,0,0.05,0.0
METROLOGY_CONDITIONED_EIG,504017,5.633804085208258,0.1578827875512575,22.297320977921146,30,0,0,0,47,4,12,10,100,30,0,0.05,0.0
NO_PASSIVE,504018,439.7360723344923,1.8033590319776542,445.27923823147125,0,0,0,0,198,4,12,10,100,30,0,0.05,0.0
RANDOM,504018,10.962451414010312,0.11550632161450199,17.560725329865832,59,1,0,0,198,4,12,10,100,30,0,0.05,0.0
HIGHEST_SNR,504018,14.589346297443102,1.2454810020108378,25.193630361419228,57,3,0,0,198,4,12,10,100,30,0,0.05,0.0
SHORTEST_PULSE,504018,12.320554366833864,0.353341956240477,16.505882695101583,60,0,0,0,198,4,12,10,100,30,0,0.05,0.0
METROLOGY_CONDITIONED_EIG,504018,6.871471623248128,0.34261681777261327,14.055793416116831,60,0,0,0,198,4,12,10,100,30,0,0.05,0.0
NO_PASSIVE,504019,295.22107247580635,1.8621036141432776,445.27923823147125,0,0,0,0,155,4,12,10,100,30,0,0.05,0.0
RANDOM,504019,12.583912713963024,0.42023692750031416,20.28544155739096,58,2,0,0,155,4,12,10,100,30,0,0.05,0.0
HIGHEST_SNR,504019,4.833964647368731,0.2694524958410053,20.000063645902447,57,3,0,0,155,4,12,10,100,30,0,0.05,0.0
SHORTEST_PULSE,504019,11.952671964298801,0.5174143379558104,24.08007181947967,57,3,0,0,155,4,12,10,100,30,0,0.05,0.0
METROLOGY_CONDITIONED_EIG,504019,2.5723677632196047,0.27554274159282216,17.420357874839755,58,2,0,0,155,4,12,10,100,30,0,0.05,0.0
NO_PASSIVE,504020,349.01854855274917,0.8046823444303888,445.27923823147125,0,0,0,0,82,4,12,10,100,30,0,0.05,0.0
RANDOM,504020,7.267156843624727,0.582656229178104,23.46841883313317,56,2,0,0,82,4,12,10,100,30,0,0.05,0.0
HIGHEST_SNR,504020,16.011150329499216,0.32942522478189795,43.102161915803755,57,1,0,0,82,4,12,10,100,30,0,0.05,0.0
SHORTEST_PULSE,504020,6.28087827041125,0.40225189938638645,23.579643554208598,55,3,0,0,82,4,12,10,100,30,0,0.05,0.0
METROLOGY_CONDITIONED_EIG,504020,3.8117948662216468,0.4061610775894063,24.152894159065323,56,2,0,0,82,4,12,10,100,30,0,0.05,0.0
NO_PASSIVE,504021,594.2822683834769,0.8575306311589364,445.27923823147125,0,0,0,0,162,4,12,10,100,30,0,0.05,0.0
RANDOM,504021,11.860860882156139,0.6249476937516916,19.21470487804885,48,6,0,0,162,4,12,10,100,30,0,0.05,0.0
HIGHEST_SNR,504021,15.198772363930493,0.8697913886071321,16.62636566720026,52,2,1,0,162,4,12,10,100,30,0,0.05,0.0
SHORTEST_PULSE,504021,12.324704826307203,0.2920847004819915,15.941575888287604,49,5,0,0,162,4,12,10,100,30,0,0.05,0.0
METROLOGY_CONDITIONED_EIG,504021,13.912900521728922,0.5146659736348704,15.614040442445782,51,3,0,0,162,4,12,10,100,30,0,0.05,0.0
NO_PASSIVE,504022,159.27167964151548,3.805711062105915,445.27923823147125,0,0,0,0,120,4,12,10,100,30,0,0.05,0.0
RANDOM,504022,5.442681330266066,0.31297678222776165,19.36729007699189,52,3,0,0,120,4,12,10,100,30,0,0.05,0.0
HIGHEST_SNR,504022,16.415001367156453,0.48924944747550586,19.880893992024923,52,3,0,0,120,4,12,10,100,30,0,0.05,0.0
SHORTEST_PULSE,504022,11.242984026282157,0.31581889208151087,17.736623648161007,49,6,0,0,120,4,12,10,100,30,0,0.05,0.0
METROLOGY_CONDITIONED_EIG,504022,7.501054862418302,0.09368900181932308,17.035287250432678,50,5,0,0,120,4,12,10,100,30,0,0.05,0.0
NO_PASSIVE,504023,289.68424758621217,1.542062971029221,445.27923823147125,0,0,0,0,86,4,12,10,100,30,0,0.05,0.0
RANDOM,504023,15.915098103296407,0.1817498953858744,27.312232518590502,47,3,0,0,86,4,12,10,100,30,0,0.05,0.0
HIGHEST_SNR,504023,17.677083074945315,0.1970621654817792,34.50836867346066,45,5,0,0,86,4,12,10,100,30,0,0.05,0.0
SHORTEST_PULSE,504023,28.106282464935965,0.9975062765363987,19.960932147135587,48,2,0,0,86,4,12,10,100,30,0,0.05,0.0
METROLOGY_CONDITIONED_EIG,504023,10.607033660444383,0.17261406733108725,19.87001115719845,47,3,0,0,86,4,12,10,100,30,0,0.05,0.0
NO_PASSIVE,504024,413.14201196072685,1.5257390066070278,445.27923823147125,0,0,0,0,65,4,12,10,100,30,0,0.05,0.0
RANDOM,504024,37.22375789008477,0.9696188623350691,36.26165373521004,40,3,0,0,65,4,12,10,100,30,0,0.05,0.0
HIGHEST_SNR,504024,55.11953376263057,1.1424208408421894,37.89637509714439,39,4,0,0,65,4,12,10,100,30,0,0.05,0.0
SHORTEST_PULSE,504024,43.09345925552801,1.0039069005862022,33.9846669704191,39,4,0,0,65,4,12,10,100,30,0,0.05,0.0
METROLOGY_CONDITIONED_EIG,504024,37.49523258405521,0.6349244474528117,32.426074962845476,39,4,0,0,65,4,12,10,100,30,0,0.05,0.0
NO_PASSIVE,504025,384.3907641664361,2.211464399150387,445.27923823147125,0,0,0,0,48,4,12,10,100,30,0,0.05,0.0
RANDOM,504025,61.79912703485663,1.9009552015344309,67.15706149550469,34,3,0,0,48,4,12,10,100,30,0,0.05,0.0
HIGHEST_SNR,504025,97.12386975837495,1.446349248525207,69.21424263753177,34,3,0,0,48,4,12,10,100,30,0,0.05,0.0
SHORTEST_PULSE,504025,64.23208766786391,1.9328268746083987,64.45542355503594,33,4,0,0,48,4,12,10,100,30,0,0.05,0.0
METROLOGY_CONDITIONED_EIG,504025,72.87465846151686,1.8160806483958127,65.84529788013879,33,4,0,0,48,4,12,10,100,30,0,0.05,0.0
NO_PASSIVE,504026,493.76693825984523,1.5395263855102204,445.27923823147125,0,0,0,0,134,4,12,10,100,30,0,0.05,0.0
RANDOM,504026,28.556735182564026,1.0853805957758498,72.73993545488867,56,3,1,0,134,4,12,10,100,30,0,0.05,0.0
HIGHEST_SNR,504026,57.4541525298486,0.6568277708094571,71.72728879658409,54,5,1,0,134,4,12,10,100,30,0,0.05,0.0
SHORTEST_PULSE,504026,31.727863643391263,1.0475275690476942,39.57807619754731,51,8,0,0,134,4,12,10,100,30,0,0.05,0.0
METROLOGY_CONDITIONED_EIG,504026,47.6943339676205,1.2081081691279179,38.219467909892664,50,9,1,0,134,4,12,10,100,30,0,0.05,0.0
NO_PASSIVE,504027,193.44143693828016,2.3320950377756424,445.27923823147125,0,0,0,0,166,4,12,10,100,30,0,0.05,0.0
RANDOM,504027,44.58303129212677,0.7777539860540067,22.491529676373855,55,4,0,0,166,4,12,10,100,30,0,0.05,0.0
HIGHEST_SNR,504027,4.492247070104004,0.5478458946064565,23.29010041888788,55,4,0,0,166,4,12,10,100,30,0,0.05,0.0
SHORTEST_PULSE,504027,34.79864065376681,0.6639564787952469,21.62625878335443,55,4,0,0,166,4,12,10,100,30,0,0.05,0.0
METROLOGY_CONDITIONED_EIG,504027,9.591121757418701,0.4742146770985399,20.582686659931934,56,3,0,0,166,4,12,10,100,30,0,0.05,0.0
NO_PASSIVE,504028,321.68573403008816,2.4206848196990474,445.27923823147125,0,0,0,0,14,4,12,10,100,30,0,0.05,0.0
RANDOM,504028,27.32882578026737,1.426246639013184,38.25528331274598,14,0,0,0,14,4,12,10,100,30,0,0.05,0.0
HIGHEST_SNR,504028,27.32882578026737,1.426246639013184,38.25528331274598,14,0,0,0,14,4,12,10,100,30,0,0.05,0.0
SHORTEST_PULSE,504028,27.32882578026737,1.426246639013184,38.25528331274598,14,0,0,0,14,4,12,10,100,30,0,0.05,0.0
METROLOGY_CONDITIONED_EIG,504028,27.32882578026737,1.426246639013184,38.25528331274598,14,0,0,0,14,4,12,10,100,30,0,0.05,0.0
NO_PASSIVE,504029,449.6463219712973,2.685420765494827,445.27923823147125,0,0,0,0,106,4,12,10,100,30,0,0.05,0.0
RANDOM,504029,5.9767346528279655,0.04295359235980574,21.026420871367808,42,3,0,0,106,4,12,10,100,30,0,0.05,0.0
HIGHEST_SNR,504029,18.045913362053337,0.9840452385652102,23.419455700658755,42,3,1,0,106,4,12,10,100,30,0,0.05,0.0
SHORTEST_PULSE,504029,8.5175962389897,0.45968733851531857,21.620981139197255,40,5,0,0,106,4,12,10,100,30,0,0.05,0.0
METROLOGY_CONDITIONED_EIG,504029,10.74793911431776,0.2850387003566289,16.798412386590172,41,4,0,0,106,4,12,10,100,30,0,0.05,0.0
NO_PASSIVE,505000,594.6882605898771,1.644836147811582,445.27923823147125,0,0,0,0,104,5,12,10,100,30,0,0.05,0.05
RANDOM,505000,8.26848480923891,0.16825617198390502,29.608177595654187,47,9,0,0,104,5,12,10,100,30,0,0.05,0.05
HIGHEST_SNR,505000,31.971680737581064,0.9626661314402281,25.649228624339234,48,8,0,0,104,5,12,10,100,30,0,0.05,0.05
SHORTEST_PULSE,505000,31.22136491558593,1.0387095664172967,25.47354374288732,48,8,0,0,104,5,12,10,100,30,0,0.05,0.05
METROLOGY_CONDITIONED_EIG,505000,25.92933932943365,0.704482242842032,24.769854795674995,47,9,0,0,104,5,12,10,100,30,0,0.05,0.05
NO_PASSIVE,505001,315.6142181732001,1.776538361688073,445.27923823147125,0,0,0,0,69,5,12,10,100,30,0,0.05,0.05
RANDOM,505001,27.618625511416287,0.9268915028491107,29.223319159267522,46,5,0,1,69,5,12,10,100,30,0,0.05,0.05
HIGHEST_SNR,505001,37.28667291031558,0.7892809655432617,34.54260232317053,47,4,0,2,69,5,12,10,100,30,0,0.05,0.05
SHORTEST_PULSE,505001,29.08472569662601,0.9515180885624377,28.59069749261846,47,4,0,1,69,5,12,10,100,30,0,0.05,0.05
METROLOGY_CONDITIONED_EIG,505001,32.90323433590679,1.0970687911164676,29.11475694741127,45,6,0,2,69,5,12,10,100,30,0,0.05,0.05
NO_PASSIVE,505002,833.3673379908407,1.8300920910060592,445.27923823147125,0,0,0,0,67,5,12,10,100,30,0,0.05,0.05
RANDOM,505002,22.757667191292654,0.3285480844743662,23.406078804671427,38,2,0,0,67,5,12,10,100,30,0,0.05,0.05
HIGHEST_SNR,505002,23.611206937684667,0.3015279999893848,22.50640346536363,36,4,0,0,67,5,12,10,100,30,0,0.05,0.05
SHORTEST_PULSE,505002,25.491548365100616,0.4724543712958706,23.837077602926747,35,5,0,0,67,5,12,10,100,30,0,0.05,0.05
METROLOGY_CONDITIONED_EIG,505002,23.912265873730526,0.5471650203348004,22.938608440457866,36,4,0,0,67,5,12,10,100,30,0,0.05,0.05
NO_PASSIVE,505003,441.54104748452335,2.4663534500258804,445.27923823147125,0,0,0,0,34,5,12,10,100,30,0,0.05,0.05
RANDOM,505003,49.06670764214452,1.3166021253999054,35.19005365540504,25,5,0,0,34,5,12,10,100,30,0,0.05,0.05
HIGHEST_SNR,505003,51.499757500751244,1.8814282834838765,35.25191745463954,25,5,0,0,34,5,12,10,100,30,0,0.05,0.05
SHORTEST_PULSE,505003,49.06670764214452,1.3166021253999054,35.19005365540504,25,5,0,0,34,5,12,10,100,30,0,0.05,0.05
METROLOGY_CONDITIONED_EIG,505003,50.93351360757686,1.5281952064778974,35.22981845716845,25,5,0,0,34,5,12,10,100,30,0,0.05,0.05
NO_PASSIVE,505004,664.8723118862471,1.7464188129309024,445.27923823147125,0,0,0,0,41,5,12,10,100,30,0,0.05,0.05
RANDOM,505004,8.22018825732099,0.47350719907475863,24.07676765546759,32,0,0,0,41,5,12,10,100,30,0,0.05,0.05
HIGHEST_SNR,505004,46.915604547871304,0.6369416015937139,24.535397271743406,32,0,0,0,41,5,12,10,100,30,0,0.05,0.05
SHORTEST_PULSE,505004,23.077223375704385,0.22627606748460286,21.837703354219496,32,0,0,0,41,5,12,10,100,30,0,0.05,0.05
METROLOGY_CONDITIONED_EIG,505004,23.077223375704385,0.22627606748460286,21.837703354219496,32,0,0,0,41,5,12,10,100,30,0,0.05,0.05
NO_PASSIVE,505005,509.91327106412405,0.7933155908793689,445.27923823147125,0,0,0,0,35,5,12,10,100,30,0,0.05,0.05
RANDOM,505005,46.18300527990963,0.652509123641724,62.34992708660797,29,4,0,0,35,5,12,10,100,30,0,0.05,0.05
HIGHEST_SNR,505005,52.20005388326296,0.9122819554802541,62.86113513539603,29,4,0,0,35,5,12,10,100,30,0,0.05,0.05
SHORTEST_PULSE,505005,26.321909515350583,0.4543864423951836,61.60893543028654,29,4,0,0,35,5,12,10,100,30,0,0.05,0.05
METROLOGY_CONDITIONED_EIG,505005,46.18300527990963,0.652509123641724,62.34992708660797,29,4,0,0,35,5,12,10,100,30,0,0.05,0.05
NO_PASSIVE,505006,253.20599730806111,0.9957255170144915,445.27923823147125,0,0,0,0,56,5,12,10,100,30,0,0.05,0.05
RANDOM,505006,11.200294905678916,0.5250142339103362,21.01583761980928,41,1,0,0,56,5,12,10,100,30,0,0.05,0.05
HIGHEST_SNR,505006,23.310978124377023,0.7188603960860702,20.23333652850283,40,2,0,0,56,5,12,10,100,30,0,0.05,0.05
SHORTEST_PULSE,505006,23.16107973113517,0.6842747536911868,20.232274605809987,40,2,0,0,56,5,12,10,100,30,0,0.05,0.05
METROLOGY_CONDITIONED_EIG,505006,18.197858059386004,0.6832434220857891,20.228582642250498,39,3,0,0,56,5,12,10,100,30,0,0.05,0.05
NO_PASSIVE,505007,284.52625682103826,3.316890858808683,445.27923823147125,0,0,0,0,64,5,12,10,100,30,0,0.05,0.05
RANDOM,505007,35.02004801592513,0.6398530789591733,21.180034147486893,46,4,0,0,64,5,12,10,100,30,0,0.05,0.05
HIGHEST_SNR,505007,35.36217855255871,0.9086498820517049,20.39143994625837,49,1,0,0,64,5,12,10,100,30,0,0.05,0.05
SHORTEST_PULSE,505007,26.671773093303,0.5293730929991696,20.855402460862898,46,4,0,0,64,5,12,10,100,30,0,0.05,0.05
METROLOGY_CONDITIONED_EIG,505007,31.83029397833758,0.7409572375045111,20.01137063288522,49,1,0,0,64,5,12,10,100,30,0,0.05,0.05
NO_PASSIVE,505008,396.3583307421321,3.6497479217377244,445.27923823147125,0,0,0,0,82,5,12,10,100,30,0,0.05,0.05
RANDOM,505008,47.11740599474573,0.8272180408381269,33.555066523921994,35,2,0,0,82,5,12,10,100,30,0,0.05,0.05
HIGHEST_SNR,505008,55.155035713240984,1.4609039336140144,47.27672207828592,34,3,0,0,82,5,12,10,100,30,0,0.05,0.05
SHORTEST_PULSE,505008,55.155035713240984,1.4609039336140144,47.27672207828592,34,3,0,0,82,5,12,10,100,30,0,0.05,0.05
METROLOGY_CONDITIONED_EIG,505008,63.30577827831393,1.132906123333085,31.076716556555137,35,2,0,0,82,5,12,10,100,30,0,0.05,0.05
NO_PASSIVE,505009,662.8641517911658,0.4793850677272182,445.27923823147125,0,0,0,0,60,5,12,10,100,30,0,0.05,0.05
RANDOM,505009,2.204549302467899,0.13707847471179052,16.03025603741771,40,1,0,0,60,5,12,10,100,30,0,0.05,0.05
HIGHEST_SNR,505009,3.0736629954576697,0.07893428752930835,18.012838451142446,39,2,0,0,60,5,12,10,100,30,0,0.05,0.05
SHORTEST_PULSE,505009,6.253659026738221,0.08635313363696476,16.965797993367964,38,3,0,0,60,5,12,10,100,30,0,0.05,0.05
METROLOGY_CONDITIONED_EIG,505009,6.569808356764068,0.043923973180952154,17.250921173096177,38,3,0,0,60,5,12,10,100,30,0,0.05,0.05
NO_PASSIVE,505010,464.048577453551,1.1203079042131667,445.27923823147125,0,0,0,0,43,5,12,10,100,30,0,0.05,0.05
RANDOM,505010,23.434248508377298,0.40675399637384047,23.138576207725606,32,3,0,0,43,5,12,10,100,30,0,0.05,0.05
HIGHEST_SNR,505010,23.475587062421553,0.34424491234940185,23.715036690854493,33,2,0,0,43,5,12,10,100,30,0,0.05,0.05
SHORTEST_PULSE,505010,19.96592026898019,0.21415711026411804,22.62617787936797,32,3,0,0,43,5,12,10,100,30,0,0.05,0.05
METROLOGY_CONDITIONED_EIG,505010,19.96592026898019,0.21415711026411804,22.62617787936797,32,3,0,0,43,5,12,10,100,30,0,0.05,0.05
NO_PASSIVE,505011,219.5314076041959,2.3068993989561695,445.27923823147125,0,0,0,0,57,5,12,10,100,30,0,0.05,0.05
RANDOM,505011,42.54552139632668,0.9681967222270332,44.734976438967514,34,7,0,0,57,5,12,10,100,30,0,0.05,0.05
HIGHEST_SNR,505011,34.22840563262564,0.7291537790921316,46.70809341234662,36,5,0,0,57,5,12,10,100,30,0,0.05,0.05
SHORTEST_PULSE,505011,49.864199629784615,1.3072113395470448,47.49003039737517,36,5,0,0,57,5,12,10,100,30,0,0.05,0.05
METROLOGY_CONDITIONED_EIG,505011,32.03961500091564,0.9326814258843188,45.41768523569982,36,5,0,0,57,5,12,10,100,30,0,0.05,0.05
NO_PASSIVE,505012,34.3041708496476,0.7253466449044551,445.27923823147125,0,0,0,0,58,5,12,10,100,30,0,0.05,0.05
RANDOM,505012,16.79327463815722,0.9213671124018785,46.97621566356789,30,8,0,0,58,5,12,10,100,30,0,0.05,0.05
HIGHEST_SNR,505012,29.12571634409849,0.505928191767278,60.7448125097081,31,7,0,0,58,5,12,10,100,30,0,0.05,0.05
SHORTEST_PULSE,505012,5.092775314760925,0.9792684562574094,48.9178682124582,31,7,0,0,58,5,12,10,100,30,0,0.05,0.05
METROLOGY_CONDITIONED_EIG,505012,14.383339474204037,0.13801579665841,46.30441048326587,29,9,0,0,58,5,12,10,100,30,0,0.05,0.05
NO_PASSIVE,505013,270.2555182043716,2.393858231075288,445.27923823147125,0,0,0,0,144,5,12,10,100,30,0,0.05,0.05
RANDOM,505013,75.92363992466333,1.744161073280233,72.68298677484476,56,3,0,0,144,5,12,10,100,30,0,0.05,0.05
HIGHEST_SNR,505013,75.4367209874369,1.0758027792194735,73.47064274013609,54,5,0,0,144,5,12,10,100,30,0,0.05,0.05
SHORTEST_PULSE,505013,50.719615127048904,0.864994448423734,73.11133227979154,53,6,0,0,144,5,12,10,100,30,0,0.05,0.05
METROLOGY_CONDITIONED_EIG,505013,78.43409024031726,0.9813507794015153,62.84128481387672,56,3,0,0,144,5,12,10,100,30,0,0.05,0.05
NO_PASSIVE,505014,502.13654660715974,2.043561064258871,445.27923823147125,0,0,0,0,113,5,12,10,100,30,0,0.05,0.05
RANDOM,505014,7.079213717512339,0.2824162075432845,33.20075846397505,51,6,0,0,113,5,12,10,100,30,0,0.05,0.05
HIGHEST_SNR,505014,10.448087023120822,0.9516980245071822,30.53664242788138,52,5,0,0,113,5,12,10,100,30,0,0.05,0.05
SHORTEST_PULSE,505014,16.25561686300918,0.8912098781298287,21.176008332921885,53,4,0,0,113,5,12,10,100,30,0,0.05,0.05
METROLOGY_CONDITIONED_EIG,505014,5.507324200140224,0.5382464502883072,20.652057480888896,53,4,0,0,113,5,12,10,100,30,0,0.05,0.05
NO_PASSIVE,505015,571.0665203078398,2.50926202256349,445.27923823147125,0,0,0,0,71,5,12,10,100,30,0,0.05,0.05
RANDOM,505015,14.127656986284778,3.5081903649705093,29.548935210674376,33,10,0,2,71,5,12,10,100,30,0,0.05,0.05
HIGHEST_SNR,505015,51.90625921885193,3.4163602270091693,42.39071533474513,31,12,0,2,71,5,12,10,100,30,0,0.05,0.05
SHORTEST_PULSE,505015,25.91159200615962,3.631035995152572,26.210551577425097,27,16,0,2,71,5,12,10,100,30,0,0.05,0.05
METROLOGY_CONDITIONED_EIG,505015,37.19547011733411,4.020868962255502,26.401701640787795,27,16,0,2,71,5,12,10,100,30,0,0.05,0.05
NO_PASSIVE,505016,187.79146173118147,1.0751449597144975,445.27923823147125,0,0,0,0,51,5,12,10,100,30,0,0.05,0.05
RANDOM,505016,10.52845461451465,0.26314102950322427,28.983200064434882,34,3,0,0,51,5,12,10,100,30,0,0.05,0.05
HIGHEST_SNR,505016,15.984281313263288,0.07314231787468546,29.11582272239143,34,3,0,0,51,5,12,10,100,30,0,0.05,0.05
SHORTEST_PULSE,505016,10.127394931987324,0.020423773552235493,28.18828462030012,34,3,0,0,51,5,12,10,100,30,0,0.05,0.05
METROLOGY_CONDITIONED_EIG,505016,11.28049833789043,0.1859107498028136,28.569625658168274,33,4,0,0,51,5,12,10,100,30,0,0.05,0.05
NO_PASSIVE,505017,113.66521163973154,2.8793838610535105,445.27923823147125,0,0,0,0,109,5,12,10,100,30,0,0.05,0.05
RANDOM,505017,58.18526679632352,1.3792035300721517,30.44174835761303,57,2,0,0,109,5,12,10,100,30,0,0.05,0.05
HIGHEST_SNR,505017,54.42343038316101,0.8142282084822692,32.95284138412764,57,2,0,0,109,5,12,10,100,30,0,0.05,0.05
SHORTEST_PULSE,505017,20.12297214691171,0.28156303760215257,25.609490408149085,56,3,0,0,109,5,12,10,100,30,0,0.05,0.05
METROLOGY_CONDITIONED_EIG,505017,11.744370617162318,0.41273137424564055,24.693939394732265,57,2,0,0,109,5,12,10,100,30,0,0.05,0.05
NO_PASSIVE,505018,514.5873266121677,2.4119456563253876,445.27923823147125,0,0,0,0,90,5,12,10,100,30,0,0.05,0.05
RANDOM,505018,10.647327942500132,0.352488933307745,25.979633564348315,47,9,0,0,90,5,12,10,100,30,0,0.05,0.05
HIGHEST_SNR,505018,7.870565080766206,0.3595138180342601,24.507677725850243,48,8,0,0,90,5,12,10,100,30,0,0.05,0.05
SHORTEST_PULSE,505018,15.487265516655892,0.5809607691536987,24.731699096822556,46,10,0,0,90,5,12,10,100,30,0,0.05,0.05
METROLOGY_CONDITIONED_EIG,505018,19.347536511526396,0.5682624619780959,25.261781448870185,44,12,0,0,90,5,12,10,100,30,0,0.05,0.05
NO_PASSIVE,505019,83.30036058389094,1.6024555682093466,445.27923823147125,0,0,0,0,81,5,12,10,100,30,0,0.05,0.05
RANDOM,505019,18.368789253440028,0.7056569220518951,17.665088132777722,37,6,0,0,81,5,12,10,100,30,0,0.05,0.05
HIGHEST_SNR,505019,31.88067761829164,2.2306439094493657,21.413974821812996,28,15,0,1,81,5,12,10,100,30,0,0.05,0.05
SHORTEST_PULSE,505019,628.5332696254908,0.7440094252556592,104.1090391588746,4,39,0,1,81,5,12,10,100,30,0,0.05,0.05
METROLOGY_CONDITIONED_EIG,505019,628.5332696254908,0.7440094252556592,104.1090391588746,4,39,0,1,81,5,12,10,100,30,0,0.05,0.05
NO_PASSIVE,505020,627.8147889842797,2.0944928837191243,445.27923823147125,0,0,0,0,48,5,12,10,100,30,0,0.05,0.05
RANDOM,505020,47.480868787955174,2.536753145426396,33.092057591639595,29,1,0,0,48,5,12,10,100,30,0,0.05,0.05
HIGHEST_SNR,505020,56.90586875733546,2.4444183325438504,33.432152118893114,27,3,0,0,48,5,12,10,100,30,0,0.05,0.05
SHORTEST_PULSE,505020,51.14391565964005,2.0290507755943077,33.28963701307686,27,3,0,0,48,5,12,10,100,30,0,0.05,0.05
METROLOGY_CONDITIONED_EIG,505020,42.39152112490531,1.9562066353830974,32.8477990772034,28,2,0,0,48,5,12,10,100,30,0,0.05,0.05
NO_PASSIVE,505021,299.37516895144216,1.0017477830169526,445.27923823147125,0,0,0,0,148,5,12,10,100,30,0,0.05,0.05
RANDOM,505021,3.1117964511343947,0.14308846347284632,21.93529629592733,45,5,0,1,148,5,12,10,100,30,0,0.05,0.05
HIGHEST_SNR,505021,49.249930669604844,1.3462198815563815,46.061924042183435,44,6,0,0,148,5,12,10,100,30,0,0.05,0.05
SHORTEST_PULSE,505021,5.230823174156693,0.37942172831852117,16.674386662559893,48,2,0,0,148,5,12,10,100,30,0,0.05,0.05
METROLOGY_CONDITIONED_EIG,505021,7.310693036076793,0.41765759317786505,17.156217378923248,48,2,0,0,148,5,12,10,100,30,0,0.05,0.05
NO_PASSIVE,505022,463.6757642386556,1.7048358872954676,445.27923823147125,0,0,0,0,25,5,12,10,100,30,0,0.05,0.05
RANDOM,505022,166.72634129738242,0.6343294813629008,107.68179004212452,23,1,0,1,25,5,12,10,100,30,0,0.05,0.05
HIGHEST_SNR,505022,261.2144495706673,0.6948417807120342,131.09761768334528,23,1,0,1,25,5,12,10,100,30,0,0.05,0.05
SHORTEST_PULSE,505022,166.72634129738242,0.6343294813629008,107.68179004212452,23,1,0,1,25,5,12,10,100,30,0,0.05,0.05
METROLOGY_CONDITIONED_EIG,505022,166.72634129738242,0.6343294813629008,107.68179004212452,23,1,0,1,25,5,12,10,100,30,0,0.05,0.05
NO_PASSIVE,505023,245.56319812721736,1.2089346484651262,445.27923823147125,0,0,0,0,52,5,12,10,100,30,0,0.05,0.05
RANDOM,505023,746.9755808011626,0.7044386088946152,115.32445433379718,4,32,0,3,52,5,12,10,100,30,0,0.05,0.05
HIGHEST_SNR,505023,346.583601937237,1.246114135541841,147.87543468460046,4,32,0,2,52,5,12,10,100,30,0,0.05,0.05
SHORTEST_PULSE,505023,427.68201554464656,5.816797151090014,70.22809896722188,13,23,0,1,52,5,12,10,100,30,0,0.05,0.05
METROLOGY_CONDITIONED_EIG,505023,425.4904417365651,5.940468923783335,70.67405934074294,12,24,0,1,52,5,12,10,100,30,0,0.05,0.05
NO_PASSIVE,505024,121.2261776289656,1.3801875842333922,445.27923823147125,0,0,0,0,81,5,12,10,100,30,0,0.05,0.05
RANDOM,505024,20.53901928185552,0.4785100385343218,38.4398194409488,49,6,0,0,81,5,12,10,100,30,0,0.05,0.05
HIGHEST_SNR,505024,32.41769441335161,0.7000406648098234,38.15274777253789,48,7,0,0,81,5,12,10,100,30,0,0.05,0.05
SHORTEST_PULSE,505024,20.856180368444683,0.8284993145200433,26.455088072369744,49,6,0,0,81,5,12,10,100,30,0,0.05,0.05
METROLOGY_CONDITIONED_EIG,505024,21.54727333285384,0.6672882408424715,25.871338461368353,50,5,0,0,81,5,12,10,100,30,0,0.05,0.05
NO_PASSIVE,505025,579.0246630970198,1.5294519032800546,445.27923823147125,0,0,0,0,70,5,12,10,100,30,0,0.05,0.05
RANDOM,505025,26.002473445510972,0.7939154357290332,24.233141569653732,39,7,0,0,70,5,12,10,100,30,0,0.05,0.05
HIGHEST_SNR,505025,31.486200167615472,0.9840430556945686,26.635101953528643,39,7,0,0,70,5,12,10,100,30,0,0.05,0.05
SHORTEST_PULSE,505025,24.172512292841734,0.825274925281411,24.654837468605685,39,7,0,0,70,5,12,10,100,30,0,0.05,0.05
METROLOGY_CONDITIONED_EIG,505025,22.944255609123985,0.9546075828404562,23.971313418871205,40,6,0,0,70,5,12,10,100,30,0,0.05,0.05
NO_PASSIVE,505026,609.9929905063076,2.566065050071718,445.27923823147125,0,0,0,0,50,5,12,10,100,30,0,0.05,0.05
RANDOM,505026,12.49400953065665,1.6462708813220646,37.91818177533555,31,6,0,1,50,5,12,10,100,30,0,0.05,0.05
HIGHEST_SNR,505026,42.41346515554513,1.127929411139412,43.38657445829667,31,6,0,1,50,5,12,10,100,30,0,0.05,0.05
SHORTEST_PULSE,505026,15.473056046347613,1.544750948438105,37.77031048668274,30,7,0,1,50,5,12,10,100,30,0,0.05,0.05
METROLOGY_CONDITIONED_EIG,505026,61.32498767827266,1.1871173357479807,36.038579113962115,31,6,0,2,50,5,12,10,100,30,0,0.05,0.05
NO_PASSIVE,505027,96.88506051402184,2.156795244802974,445.27923823147125,0,0,0,0,53,5,12,10,100,30,0,0.05,0.05
RANDOM,505027,35.85622307801361,1.56695863784364,33.54083282674386,34,2,0,0,53,5,12,10,100,30,0,0.05,0.05
HIGHEST_SNR,505027,47.175123749681624,1.4481837906245845,34.31932575231108,33,3,0,0,53,5,12,10,100,30,0,0.05,0.05
SHORTEST_PULSE,505027,47.175123749681624,1.4481837906245845,34.31932575231108,33,3,0,0,53,5,12,10,100,30,0,0.05,0.05
METROLOGY_CONDITIONED_EIG,505027,43.38356485185573,1.8845331180648106,33.57811647458163,33,3,0,0,53,5,12,10,100,30,0,0.05,0.05
NO_PASSIVE,505028,479.33622684741005,1.2729559810190914,445.27923823147125,0,0,0,0,59,5,12,10,100,30,0,0.05,0.05
RANDOM,505028,12.308366785336503,0.7614259104350178,34.59043628798668,38,3,0,1,59,5,12,10,100,30,0,0.05,0.05
HIGHEST_SNR,505028,14.756478471805588,0.7568601775994566,33.28270528541667,38,3,0,1,59,5,12,10,100,30,0,0.05,0.05
SHORTEST_PULSE,505028,32.94580078621563,0.8677144751781155,35.06154796884211,39,2,0,0,59,5,12,10,100,30,0,0.05,0.05
METROLOGY_CONDITIONED_EIG,505028,39.90401901594273,1.2146184667901208,33.12899362693615,39,2,0,0,59,5,12,10,100,30,0,0.05,0.05
NO_PASSIVE,505029,382.05089744006233,1.7300763607284468,445.27923823147125,0,0,0,0,77,5,12,10,100,30,0,0.05,0.05
RANDOM,505029,39.63881268574915,0.39146053252915397,34.944411559282415,44,5,0,0,77,5,12,10,100,30,0,0.05,0.05
HIGHEST_SNR,505029,24.047590489754125,0.33536590174559483,41.79605631872483,44,5,0,0,77,5,12,10,100,30,0,0.05,0.05
SHORTEST_PULSE,505029,33.36646171150296,0.5103789368750279,32.85382576131049,45,4,0,0,77,5,12,10,100,30,0,0.05,0.05
METROLOGY_CONDITIONED_EIG,505029,7.033921814500507,0.4927852947200726,32.72471314118262,45,4,0,0,77,5,12,10,100,30,0,0.05,0.05
NO_PASSIVE,506000,247.5451450030513,2.3187760013227066,445.27923823147125,0,0,0,0,136,6,12,10,100,30,0,0.05,0.15
RANDOM,506000,16.60589976843338,0.11731423039900224,17.758532190632344,49,11,0,0,136,6,12,10,100,30,0,0.05,0.15
HIGHEST_SNR,506000,18.745965667150653,0.5209903242069583,19.49936614312592,48,12,0,0,136,6,12,10,100,30,0,0.05,0.15
SHORTEST_PULSE,506000,31.278320013874474,0.514849914309711,17.708040717319605,50,10,0,0,136,6,12,10,100,30,0,0.05,0.15
METROLOGY_CONDITIONED_EIG,506000,17.657592083832984,0.7133983056509874,16.181000254097896,48,12,0,0,136,6,12,10,100,30,0,0.05,0.15
NO_PASSIVE,506001,496.33751422058697,1.0992983184986782,445.27923823147125,0,0,0,0,64,6,12,10,100,30,0,0.05,0.15
RANDOM,506001,15.613481697963415,0.6352479750846629,23.448216593386764,33,5,0,0,64,6,12,10,100,30,0,0.05,0.15
HIGHEST_SNR,506001,8.94403570267168,0.12664242460242922,22.88333070826261,31,7,0,0,64,6,12,10,100,30,0,0.05,0.15
SHORTEST_PULSE,506001,8.447187399684491,0.1740114132939432,21.44491451238291,32,6,0,0,64,6,12,10,100,30,0,0.05,0.15
METROLOGY_CONDITIONED_EIG,506001,8.186620419370257,0.17850817133883673,21.550555291373154,30,8,0,0,64,6,12,10,100,30,0,0.05,0.15
NO_PASSIVE,506002,530.845450627708,2.609592596586233,445.27923823147125,0,0,0,0,63,6,12,10,100,30,0,0.05,0.15
RANDOM,506002,28.004358845213293,0.3979127964648881,27.56347014016398,25,3,0,0,63,6,12,10,100,30,0,0.05,0.15
HIGHEST_SNR,506002,132.10534722075784,1.775713487366389,95.21977619035717,24,4,0,0,63,6,12,10,100,30,0,0.05,0.15
SHORTEST_PULSE,506002,24.295945165067117,0.335617919852187,25.010978073413863,23,5,0,0,63,6,12,10,100,30,0,0.05,0.15
METROLOGY_CONDITIONED_EIG,506002,29.09892053051092,0.8292632430491028,23.14029647626617,24,4,0,0,63,6,12,10,100,30,0,0.05,0.15
NO_PASSIVE,506003,662.2555702956791,1.9341852561087198,445.27923823147125,0,0,0,0,55,6,12,10,100,30,0,0.05,0.15
RANDOM,506003,544.4241793801868,0.8935235677352278,84.08585263782318,35,9,0,1,55,6,12,10,100,30,0,0.05,0.15
HIGHEST_SNR,506003,544.4241793801868,0.8935235677352278,84.08585263782318,35,9,0,1,55,6,12,10,100,30,0,0.05,0.15
SHORTEST_PULSE,506003,21.443009939390286,0.4623142101201197,39.054314814304384,33,11,0,0,55,6,12,10,100,30,0,0.05,0.15
METROLOGY_CONDITIONED_EIG,506003,19.426587977971597,0.3780551160523003,37.141988522647246,33,11,0,0,55,6,12,10,100,30,0,0.05,0.15
NO_PASSIVE,506004,408.71610426681696,2.39901856362774,445.27923823147125,0,0,0,0,84,6,12,10,100,30,0,0.05,0.15
RANDOM,506004,3.5022604252524214,0.28991880102428985,16.17697379548175,48,4,0,0,84,6,12,10,100,30,0,0.05,0.15
HIGHEST_SNR,506004,6.458059509232257,0.22488971696010665,15.942078994062364,48,4,0,0,84,6,12,10,100,30,0,0.05,0.15
SHORTEST_PULSE,506004,6.078447634344737,0.41934821813619766,16.31424380292205,48,4,0,0,84,6,12,10,100,30,0,0.05,0.15
METROLOGY_CONDITIONED_EIG,506004,6.495594106661491,0.4674367287300489,14.453724187059889,49,3,0,0,84,6,12,10,100,30,0,0.05,0.15
NO_PASSIVE,506005,146.60302869240064,1.855760675504616,445.27923823147125,0,0,0,0,133,6,12,10,100,30,0,0.05,0.15
RANDOM,506005,31.022669036077065,0.6664491787896257,28.50716874184864,45,12,0,0,133,6,12,10,100,30,0,0.05,0.15
HIGHEST_SNR,506005,79.3375907349314,1.947651528343232,43.44352449459729,46,11,0,0,133,6,12,10,100,30,0,0.05,0.15
SHORTEST_PULSE,506005,40.61389607003256,1.0194548411325317,26.173935667101347,46,11,0,1,133,6,12,10,100,30,0,0.05,0.15
METROLOGY_CONDITIONED_EIG,506005,40.92416916353626,0.9924594791130104,26.072439760712772,46,11,0,1,133,6,12,10,100,30,0,0.05,0.15
NO_PASSIVE,506006,332.6121822120409,1.4313836868209513,445.27923823147125,0,0,0,0,94,6,12,10,100,30,0,0.05,0.15
RANDOM,506006,16.073671516055914,0.5886566931394822,21.364982259846567,46,7,0,1,94,6,12,10,100,30,0,0.05,0.15
HIGHEST_SNR,506006,18.36209206828037,0.6592161941808163,25.946925268926083,47,6,0,2,94,6,12,10,100,30,0,0.05,0.15
SHORTEST_PULSE,506006,52.964356133424054,1.2197276001888404,22.700292349063073,46,7,0,0,94,6,12,10,100,30,0,0.05,0.15
METROLOGY_CONDITIONED_EIG,506006,12.419962452577856,0.34660438306288754,19.71238401144995,48,5,0,0,94,6,12,10,100,30,0,0.05,0.15
NO_PASSIVE,506007,198.20541095623878,1.0936142875211303,445.27923823147125,0,0,0,0,134,6,12,10,100,30,0,0.05,0.15
RANDOM,506007,27.105078396368253,1.8944634205732076,21.260147721553327,40,13,1,1,134,6,12,10,100,30,0,0.05,0.15
HIGHEST_SNR,506007,39.81921681530802,2.694347267336813,24.935761319257647,45,8,1,1,134,6,12,10,100,30,0,0.05,0.15
SHORTEST_PULSE,506007,4.985803578042044,0.6369135826886834,15.9404078869224,46,7,0,0,134,6,12,10,100,30,0,0.05,0.15
METROLOGY_CONDITIONED_EIG,506007,7.044885705163288,0.8052407236859835,15.670301140518259,44,9,0,0,134,6,12,10,100,30,0,0.05,0.15
NO_PASSIVE,506008,279.77851274429963,1.1780294405274163,445.27923823147125,0,0,0,0,77,6,12,10,100,30,0,0.05,0.15
RANDOM,506008,93.35228171808,4.214943957815858,44.80665234098244,34,19,0,2,77,6,12,10,100,30,0,0.05,0.15
HIGHEST_SNR,506008,86.5035065177016,4.852779899229352,42.13885264941558,38,15,0,2,77,6,12,10,100,30,0,0.05,0.15
SHORTEST_PULSE,506008,12.115536702149868,0.29577125032186624,34.40510493581763,44,9,0,0,77,6,12,10,100,30,0,0.05,0.15
METROLOGY_CONDITIONED_EIG,506008,117.88860128065718,3.999558519292556,46.06184714642722,31,22,0,2,77,6,12,10,100,30,0,0.05,0.15
NO_PASSIVE,506009,599.3622921986341,2.0185283532549696,445.27923823147125,0,0,0,0,97,6,12,10,100,30,0,0.05,0.15
RANDOM,506009,6.223357517550382,0.1299740451403831,30.11098834279054,52,5,0,1,97,6,12,10,100,30,0,0.05,0.15
HIGHEST_SNR,506009,63.262750584593455,0.38138847939372805,58.578444467674615,49,8,0,1,97,6,12,10,100,30,0,0.05,0.15
SHORTEST_PULSE,506009,4.978945451393725,0.23651795792349367,28.91072591526345,51,6,0,1,97,6,12,10,100,30,0,0.05,0.15
METROLOGY_CONDITIONED_EIG,506009,6.339139281559521,0.1378277662738549,28.888923908119082,51,6,0,1,97,6,12,10,100,30,0,0.05,0.15
NO_PASSIVE,506010,420.8733409935922,0.9656262426285778,445.27923823147125,0,0,0,0,81,6,12,10,100,30,0,0.05,0.15
RANDOM,506010,40.84902832536974,1.2972762812049614,19.8224157980849,39,10,0,2,81,6,12,10,100,30,0,0.05,0.15
HIGHEST_SNR,506010,263.60085777149516,0.8055419409153078,83.98545429339484,27,22,0,3,81,6,12,10,100,30,0,0.05,0.15
SHORTEST_PULSE,506010,31.207583357401685,1.0233621521834704,17.3397197166384,39,10,0,0,81,6,12,10,100,30,0,0.05,0.15
METROLOGY_CONDITIONED_EIG,506010,33.12235589368583,0.9980205418726021,17.427156550433036,39,10,0,0,81,6,12,10,100,30,0,0.05,0.15
NO_PASSIVE,506011,465.83205257364136,1.6873230163275037,445.27923823147125,0,0,0,0,50,6,12,10,100,30,0,0.05,0.15
RANDOM,506011,15.291874700050743,1.9546905112168314,48.451996426754704,22,14,0,2,50,6,12,10,100,30,0,0.05,0.15
HIGHEST_SNR,506011,90.55369012286612,1.2109166401404226,63.17586222727664,29,7,0,2,50,6,12,10,100,30,0,0.05,0.15
SHORTEST_PULSE,506011,20.92350833852608,1.6145083923842765,47.94493711428871,26,10,0,1,50,6,12,10,100,30,0,0.05,0.15
METROLOGY_CONDITIONED_EIG,506011,26.127957823018402,1.8070055610312918,43.669991071902125,27,9,0,2,50,6,12,10,100,30,0,0.05,0.15
NO_PASSIVE,506012,659.1731141377433,0.9285387255515307,445.27923823147125,0,0,0,0,46,6,12,10,100,30,0,0.05,0.15
RANDOM,506012,11.028449751393403,0.2594383821764903,27.68813597724919,37,7,0,0,46,6,12,10,100,30,0,0.05,0.15
HIGHEST_SNR,506012,13.333570076131105,0.16423912290554635,27.318981724948554,37,7,0,0,46,6,12,10,100,30,0,0.05,0.15
SHORTEST_PULSE,506012,12.448899011490955,0.15896313480995722,28.554226913120313,36,8,0,0,46,6,12,10,100,30,0,0.05,0.15
METROLOGY_CONDITIONED_EIG,506012,13.333570076131105,0.16423912290554635,27.318981724948554,37,7,0,0,46,6,12,10,100,30,0,0.05,0.15
NO_PASSIVE,506013,460.85992016945295,0.3635353597263438,445.27923823147125,0,0,0,0,106,6,12,10,100,30,0,0.05,0.15
RANDOM,506013,20.04980918400126,0.39604713441192774,32.45008615710332,44,10,0,0,106,6,12,10,100,30,0,0.05,0.15
HIGHEST_SNR,506013,31.838510579838086,0.9605348077932013,36.98989790370862,40,14,0,0,106,6,12,10,100,30,0,0.05,0.15
SHORTEST_PULSE,506013,12.815447168461679,0.269954898320138,26.451620748384915,43,11,0,0,106,6,12,10,100,30,0,0.05,0.15
METROLOGY_CONDITIONED_EIG,506013,16.22941949681687,0.39343255797388255,24.294271413990636,46,8,0,0,106,6,12,10,100,30,0,0.05,0.15
NO_PASSIVE,506014,476.27329563717035,2.752258084169938,445.27923823147125,0,0,0,0,191,6,12,10,100,30,0,0.05,0.15
RANDOM,506014,17.842727186657328,0.7301349542086844,25.361989205312952,53,7,1,1,191,6,12,10,100,30,0,0.05,0.15
HIGHEST_SNR,506014,42.30477090231985,1.3685870216746312,57.6521358057672,49,11,1,1,191,6,12,10,100,30,0,0.05,0.15
SHORTEST_PULSE,506014,5.604835893410718,0.08954330735007987,23.476319680661604,52,8,0,1,191,6,12,10,100,30,0,0.05,0.15
METROLOGY_CONDITIONED_EIG,506014,12.036265073635777,0.455436920451909,20.907437887326974,49,11,0,1,191,6,12,10,100,30,0,0.05,0.15
NO_PASSIVE,506015,444.65080852891265,4.470601774625773,445.27923823147125,0,0,0,0,108,6,12,10,100,30,0,0.05,0.15
RANDOM,506015,12.47709362273701,0.4349800419608092,17.46871389243763,43,10,0,0,108,6,12,10,100,30,0,0.05,0.15
HIGHEST_SNR,506015,412.42257122415776,5.933406499676575,78.88639508553958,11,42,0,2,108,6,12,10,100,30,0,0.05,0.15
SHORTEST_PULSE,506015,1.1695697810737278,0.2361125430832003,19.524296285983425,45,8,0,0,108,6,12,10,100,30,0,0.05,0.15
METROLOGY_CONDITIONED_EIG,506015,2.740058845935007,0.4776948035414628,17.839984128504913,42,11,0,0,108,6,12,10,100,30,0,0.05,0.15
NO_PASSIVE,506016,471.02956148422555,2.358279894385987,445.27923823147125,0,0,0,0,78,6,12,10,100,30,0,0.05,0.15
RANDOM,506016,34.57270684639135,2.0072552473454257,26.8697404888463,40,13,0,3,78,6,12,10,100,30,0,0.05,0.15
HIGHEST_SNR,506016,43.77375153556762,2.035681758513145,26.767703720199265,40,13,0,1,78,6,12,10,100,30,0,0.05,0.15
SHORTEST_PULSE,506016,45.37368058100725,1.9737910684280047,25.941781678826715,41,12,0,1,78,6,12,10,100,30,0,0.05,0.15
METROLOGY_CONDITIONED_EIG,506016,44.79162994985815,1.959529035558889,25.82808710185577,41,12,0,1,78,6,12,10,100,30,0,0.05,0.15
NO_PASSIVE,506017,401.928074225856,1.233872070505955,445.27923823147125,0,0,0,0,72,6,12,10,100,30,0,0.05,0.15
RANDOM,506017,7.69257314665062,0.2291647539629941,35.18860321946127,45,9,0,0,72,6,12,10,100,30,0,0.05,0.15
HIGHEST_SNR,506017,82.07950091423204,3.1627428652765626,63.87863695553849,30,24,0,1,72,6,12,10,100,30,0,0.05,0.15
SHORTEST_PULSE,506017,94.61594511960756,4.759608702205186,54.92872906726714,35,19,0,1,72,6,12,10,100,30,0,0.05,0.15
METROLOGY_CONDITIONED_EIG,506017,225.57472128583092,6.54314995991465,67.35633454919005,24,30,0,3,72,6,12,10,100,30,0,0.05,0.15
NO_PASSIVE,506018,116.47636050639322,2.184524319357475,445.27923823147125,0,0,0,0,18,6,12,10,100,30,0,0.05,0.15
RANDOM,506018,102.64375802066675,2.284262955330908,85.14718635781976,16,2,0,0,18,6,12,10,100,30,0,0.05,0.15
HIGHEST_SNR,506018,102.64375802066675,2.284262955330908,85.14718635781976,16,2,0,0,18,6,12,10,100,30,0,0.05,0.15
SHORTEST_PULSE,506018,102.64375802066675,2.284262955330908,85.14718635781976,16,2,0,0,18,6,12,10,100,30,0,0.05,0.15
METROLOGY_CONDITIONED_EIG,506018,102.64375802066675,2.284262955330908,85.14718635781976,16,2,0,0,18,6,12,10,100,30,0,0.05,0.15
NO_PASSIVE,506019,327.08826577459797,0.7835071667324547,445.27923823147125,0,0,0,0,88,6,12,10,100,30,0,0.05,0.15
RANDOM,506019,15.129948622598244,0.5875188966331256,32.42781008982449,34,8,0,0,88,6,12,10,100,30,0,0.05,0.15
HIGHEST_SNR,506019,27.921445165719664,0.739045767145973,30.86645612564943,35,7,0,0,88,6,12,10,100,30,0,0.05,0.15
SHORTEST_PULSE,506019,29.72784412691266,0.8213195032262697,29.859495885042463,32,10,0,0,88,6,12,10,100,30,0,0.05,0.15
METROLOGY_CONDITIONED_EIG,506019,24.806155376460346,0.6639357126353174,31.727475543608875,31,11,0,0,88,6,12,10,100,30,0,0.05,0.15
NO_PASSIVE,506020,542.7090627530688,1.6809703651855283,445.27923823147125,0,0,0,0,50,6,12,10,100,30,0,0.05,0.15
RANDOM,506020,24.652595436350452,0.9090213595755275,51.10259168737997,21,8,0,0,50,6,12,10,100,30,0,0.05,0.15
HIGHEST_SNR,506020,16.101369386385045,1.1560738866268716,83.2399296833093,21,8,0,1,50,6,12,10,100,30,0,0.05,0.15
SHORTEST_PULSE,506020,20.174839009796653,0.42964106641959177,53.310913001287524,19,10,0,0,50,6,12,10,100,30,0,0.05,0.15
METROLOGY_CONDITIONED_EIG,506020,12.798967064952283,0.7120808820754673,42.51606290549095,19,10,0,0,50,6,12,10,100,30,0,0.05,0.15
NO_PASSIVE,506021,215.89388517729677,1.7770202543126148,445.27923823147125,0,0,0,0,86,6,12,10,100,30,0,0.05,0.15
RANDOM,506021,302.5976212773425,1.1529326089412604,111.02287867149961,10,38,0,1,86,6,12,10,100,30,0,0.05,0.15
HIGHEST_SNR,506021,635.6715511529568,1.719535906562398,115.4078423659024,12,36,0,1,86,6,12,10,100,30,0,0.05,0.15
SHORTEST_PULSE,506021,183.29383063507547,2.8623506580652163,55.086063565428766,21,27,0,2,86,6,12,10,100,30,0,0.05,0.15
METROLOGY_CONDITIONED_EIG,506021,423.96990881937546,1.521050806500732,86.04021176882036,5,43,0,2,86,6,12,10,100,30,0,0.05,0.15
NO_PASSIVE,506022,355.7953488569981,0.9331814891112341,445.27923823147125,0,0,0,0,74,6,12,10,100,30,0,0.05,0.15
RANDOM,506022,61.55413339413109,1.7850091954982326,39.696608414873246,35,10,0,1,74,6,12,10,100,30,0,0.05,0.15
HIGHEST_SNR,506022,46.091273963950165,1.6337819477905333,43.34233401110379,36,9,0,1,74,6,12,10,100,30,0,0.05,0.15
SHORTEST_PULSE,506022,61.728498514653516,1.3611799567030358,45.18489371303563,32,13,0,1,74,6,12,10,100,30,0,0.05,0.15
METROLOGY_CONDITIONED_EIG,506022,118.9234553841987,3.124142986501192,32.47599426407653,36,9,0,2,74,6,12,10,100,30,0,0.05,0.15
NO_PASSIVE,506023,314.0159738558762,1.2133391200099215,445.27923823147125,0,0,0,0,120,6,12,10,100,30,0,0.05,0.15
RANDOM,506023,20.71495878916353,0.2172330195817682,24.295539877228748,46,14,0,0,120,6,12,10,100,30,0,0.05,0.15
HIGHEST_SNR,506023,24.020310362947868,0.4283737917469245,31.2745465853027,47,13,0,0,120,6,12,10,100,30,0,0.05,0.15
SHORTEST_PULSE,506023,18.989343199205685,0.4992490592136666,18.27693160056397,48,12,0,0,120,6,12,10,100,30,0,0.05,0.15
METROLOGY_CONDITIONED_EIG,506023,25.247406014090426,0.5818511736078528,18.440535647962506,46,14,0,0,120,6,12,10,100,30,0,0.05,0.15
NO_PASSIVE,506024,296.20638216723665,3.2523061609714183,445.27923823147125,0,0,0,0,106,6,12,10,100,30,0,0.05,0.15
RANDOM,506024,30.541213614114458,0.8940016256941148,31.755904266413317,42,10,0,0,106,6,12,10,100,30,0,0.05,0.15
HIGHEST_SNR,506024,15.98492981912421,0.5086437909537002,32.318676600229104,42,10,0,0,106,6,12,10,100,30,0,0.05,0.15
SHORTEST_PULSE,506024,18.442697305577987,0.542520899091246,29.580239073900543,46,6,0,0,106,6,12,10,100,30,0,0.05,0.15
METROLOGY_CONDITIONED_EIG,506024,11.384502702483042,0.10068060441367899,30.933112152127926,41,11,0,0,106,6,12,10,100,30,0,0.05,0.15
NO_PASSIVE,506025,608.4328918248929,1.9190654342717908,445.27923823147125,0,0,0,0,104,6,12,10,100,30,0,0.05,0.15
RANDOM,506025,4.101233929550427,0.14554106863770327,23.99321309008571,46,13,0,0,104,6,12,10,100,30,0,0.05,0.15
HIGHEST_SNR,506025,19.32833292411229,0.6629977598627895,24.89221198436375,46,13,0,0,104,6,12,10,100,30,0,0.05,0.15
SHORTEST_PULSE,506025,12.392343394520891,0.5540006113712087,24.03239288885056,45,14,0,0,104,6,12,10,100,30,0,0.05,0.15
METROLOGY_CONDITIONED_EIG,506025,22.674972047967398,0.7289586539757062,23.22168862133899,44,15,0,0,104,6,12,10,100,30,0,0.05,0.15
NO_PASSIVE,506026,488.4484466841953,2.453283905779229,445.27923823147125,0,0,0,0,69,6,12,10,100,30,0,0.05,0.15
RANDOM,506026,120.71871492687482,5.529048860973565,35.76717012323052,18,26,0,2,69,6,12,10,100,30,0,0.05,0.15
HIGHEST_SNR,506026,423.64075053525704,1.7668273984224532,108.30220837213463,18,26,0,1,69,6,12,10,100,30,0,0.05,0.15
SHORTEST_PULSE,506026,427.72503268453545,1.8278790159073064,110.29668185881744,13,31,0,1,69,6,12,10,100,30,0,0.05,0.15
METROLOGY_CONDITIONED_EIG,506026,422.29163888203243,1.7989796808575929,110.41899375820053,12,32,0,1,69,6,12,10,100,30,0,0.05,0.15
NO_PASSIVE,506027,295.3584055857297,1.9704004281003022,445.27923823147125,0,0,0,0,68,6,12,10,100,30,0,0.05,0.15
RANDOM,506027,569.6108814521762,3.190505780482219,80.59347185516486,11,31,0,2,68,6,12,10,100,30,0,0.05,0.15
HIGHEST_SNR,506027,55.188927282306686,0.6028435618615529,36.41846592950495,28,14,1,1,68,6,12,10,100,30,0,0.05,0.15
SHORTEST_PULSE,506027,44.997687041848636,0.27914527409936846,32.79343652703983,34,8,0,0,68,6,12,10,100,30,0,0.05,0.15
METROLOGY_CONDITIONED_EIG,506027,43.40011778697448,0.27407551396958446,31.5050174269581,35,7,0,0,68,6,12,10,100,30,0,0.05,0.15
NO_PASSIVE,506028,279.09881445122534,2.2498752668678796,445.27923823147125,0,0,0,0,43,6,12,10,100,30,0,0.05,0.15
RANDOM,506028,28.09374466767497,0.9507315988841228,27.120125071601834,25,8,0,0,43,6,12,10,100,30,0,0.05,0.15
HIGHEST_SNR,506028,17.93278088155171,0.7367799813269679,44.97666230999961,25,8,0,0,43,6,12,10,100,30,0,0.05,0.15
SHORTEST_PULSE,506028,28.301536620008555,0.6970599846293266,27.063107824089325,25,8,0,0,43,6,12,10,100,30,0,0.05,0.15
METROLOGY_CONDITIONED_EIG,506028,29.64638916080149,0.8350734684008023,27.11178332013114,25,8,0,0,43,6,12,10,100,30,0,0.05,0.15
NO_PASSIVE,506029,568.8301934846381,2.3757244532658754,445.27923823147125,0,0,0,0,55,6,12,10,100,30,0,0.05,0.15
RANDOM,506029,432.17155748346,0.968661473793499,56.218914448473335,9,33,0,4,55,6,12,10,100,30,0,0.05,0.15
HIGHEST_SNR,506029,24.097231562672686,0.991005943155915,25.09088782258277,28,14,0,2,55,6,12,10,100,30,0,0.05,0.15
SHORTEST_PULSE,506029,21.678655913865974,0.3997180525877742,23.808621673200314,32,10,0,0,55,6,12,10,100,30,0,0.05,0.15
METROLOGY_CONDITIONED_EIG,506029,28.346005552202723,0.9210981031720612,24.640072319132198,27,15,0,1,55,6,12,10,100,30,0,0.05,0.15
NO_PASSIVE,507000,492.0640000554023,1.4676703170324747,445.27923823147125,0,0,0,0,75,7,12,10,100,30,0,0.15,0.0
RANDOM,507000,74.38315689497472,0.4346327694248248,46.935236653564736,38,8,0,0,75,7,12,10,100,30,0,0.15,0.0
HIGHEST_SNR,507000,30.961561778070926,0.9631111834911755,48.780998691211664,37,9,0,0,75,7,12,10,100,30,0,0.15,0.0
SHORTEST_PULSE,507000,46.902021656538246,1.0113164090715963,45.51719048715252,36,10,0,0,75,7,12,10,100,30,0,0.15,0.0
METROLOGY_CONDITIONED_EIG,507000,67.0062917963419,0.8819837790337797,42.445664295638224,36,10,0,0,75,7,12,10,100,30,0,0.15,0.0
NO_PASSIVE,507001,293.756093147058,1.0305341311684515,445.27923823147125,0,0,0,0,61,7,12,10,100,30,0,0.15,0.0
RANDOM,507001,36.112756638540944,0.8184364010503513,33.41420875899582,35,11,0,0,61,7,12,10,100,30,0,0.15,0.0
HIGHEST_SNR,507001,24.915461825254408,0.48443451687344136,36.88148856123276,34,12,0,0,61,7,12,10,100,30,0,0.15,0.0
SHORTEST_PULSE,507001,13.6013170833853,0.5336243696907359,32.35815960078369,33,13,0,0,61,7,12,10,100,30,0,0.15,0.0
METROLOGY_CONDITIONED_EIG,507001,27.989190307339,0.6027877476432727,32.267427045457325,33,13,0,0,61,7,12,10,100,30,0,0.15,0.0
NO_PASSIVE,507002,382.6615974683226,1.512772717175096,445.27923823147125,0,0,0,0,81,7,12,10,100,30,0,0.15,0.0
RANDOM,507002,44.089503441665116,1.122736423516029,24.180280203788374,43,11,0,0,81,7,12,10,100,30,0,0.15,0.0
HIGHEST_SNR,507002,60.44894443963306,1.5419195242831696,25.351265271255745,45,9,0,0,81,7,12,10,100,30,0,0.15,0.0
SHORTEST_PULSE,507002,55.12182986489335,1.2781509635448667,25.037119044313464,43,11,0,0,81,7,12,10,100,30,0,0.15,0.0
METROLOGY_CONDITIONED_EIG,507002,19.168648949392505,0.8160088714990065,20.810545629411482,44,10,0,0,81,7,12,10,100,30,0,0.15,0.0
NO_PASSIVE,507003,895.3722326659703,1.6099187658006457,445.27923823147125,0,0,0,0,46,7,12,10,100,30,0,0.15,0.0
RANDOM,507003,13.575486944287967,0.9452062497999353,38.462728913376026,25,9,0,0,46,7,12,10,100,30,0,0.15,0.0
HIGHEST_SNR,507003,64.54983583724663,2.013353425394031,44.340650802640525,29,5,0,0,46,7,12,10,100,30,0,0.15,0.0
SHORTEST_PULSE,507003,13.628881906260268,0.9145845051898468,43.00483841238709,28,6,0,0,46,7,12,10,100,30,0,0.15,0.0
METROLOGY_CONDITIONED_EIG,507003,9.339071373528988,0.7415738959909275,38.48082442462143,28,6,0,0,46,7,12,10,100,30,0,0.15,0.0
NO_PASSIVE,507004,418.10132351023367,0.29153843717276007,445.27923823147125,0,0,0,0,58,7,12,10,100,30,0,0.15,0.0
RANDOM,507004,29.80339543407447,0.25060306095546603,48.21074592567596,29,5,0,0,58,7,12,10,100,30,0,0.15,0.0
HIGHEST_SNR,507004,34.18596530248487,0.14192255644203247,49.27525730767134,30,4,0,0,58,7,12,10,100,30,0,0.15,0.0
SHORTEST_PULSE,507004,8.964539539817322,0.6532114103003981,39.5597291304793,31,3,0,0,58,7,12,10,100,30,0,0.15,0.0
METROLOGY_CONDITIONED_EIG,507004,5.350151437713464,0.6627002808917907,39.49194695235629,31,3,0,0,58,7,12,10,100,30,0,0.15,0.0
NO_PASSIVE,507005,198.83004077359055,2.3279433488918113,445.27923823147125,0,0,0,0,105,7,12,10,100,30,0,0.15,0.0
RANDOM,507005,8.636532229521928,0.6030651950695997,30.430833917781243,51,9,0,0,105,7,12,10,100,30,0,0.15,0.0
HIGHEST_SNR,507005,41.674712883004254,1.7845044207777727,33.059761011877235,51,9,0,0,105,7,12,10,100,30,0,0.15,0.0
SHORTEST_PULSE,507005,26.03814391787607,1.048512762726575,27.77752881256952,51,9,0,0,105,7,12,10,100,30,0,0.15,0.0
METROLOGY_CONDITIONED_EIG,507005,29.18210553160358,0.8090076563781686,26.976801342749948,53,7,0,0,105,7,12,10,100,30,0,0.15,0.0
NO_PASSIVE,507006,232.3778572097187,0.9626914508462551,445.27923823147125,0,0,0,0,20,7,12,10,100,30,0,0.15,0.0
RANDOM,507006,34.83019398965558,1.5197229830167416,40.22001314651016,17,2,0,0,20,7,12,10,100,30,0,0.15,0.0
HIGHEST_SNR,507006,38.28128203688562,1.7803077705781944,40.26207053860262,16,3,0,0,20,7,12,10,100,30,0,0.15,0.0
SHORTEST_PULSE,507006,34.83019398965558,1.5197229830167416,40.22001314651016,17,2,0,0,20,7,12,10,100,30,0,0.15,0.0
METROLOGY_CONDITIONED_EIG,507006,34.83019398965558,1.5197229830167416,40.22001314651016,17,2,0,0,20,7,12,10,100,30,0,0.15,0.0
NO_PASSIVE,507007,412.9841276128257,0.2800869131748813,445.27923823147125,0,0,0,0,19,7,12,10,100,30,0,0.15,0.0
RANDOM,507007,18.816262985308917,1.1670824455039832,87.0551594572613,13,3,0,0,19,7,12,10,100,30,0,0.15,0.0
HIGHEST_SNR,507007,7.5954728490489005,0.5267910368876747,87.06326770386909,13,3,0,0,19,7,12,10,100,30,0,0.15,0.0
SHORTEST_PULSE,507007,19.55056102360368,0.4059437845351963,54.90118229857386,12,4,0,0,19,7,12,10,100,30,0,0.15,0.0
METROLOGY_CONDITIONED_EIG,507007,19.55056102360368,0.4059437845351963,54.90118229857386,12,4,0,0,19,7,12,10,100,30,0,0.15,0.0
NO_PASSIVE,507008,132.1569441441736,2.937534358383557,445.27923823147125,0,0,0,0,23,7,12,10,100,30,0,0.15,0.0
RANDOM,507008,106.76523799734454,2.9521189555907292,59.33561298786315,19,2,0,0,23,7,12,10,100,30,0,0.15,0.0
HIGHEST_SNR,507008,107.29105991212037,2.9451473786345126,59.43709758303147,19,2,0,0,23,7,12,10,100,30,0,0.15,0.0
SHORTEST_PULSE,507008,113.65937046222682,3.110031328134604,60.23990776474163,19,2,0,0,23,7,12,10,100,30,0,0.15,0.0
METROLOGY_CONDITIONED_EIG,507008,106.76523799734454,2.9521189555907292,59.33561298786315,19,2,0,0,23,7,12,10,100,30,0,0.15,0.0
NO_PASSIVE,507009,296.25223174875526,1.8058316797740317,445.27923823147125,0,0,0,0,137,7,12,10,100,30,0,0.15,0.0
RANDOM,507009,21.792807825974705,1.0839123834587914,21.931021717228926,36,13,1,0,137,7,12,10,100,30,0,0.15,0.0
HIGHEST_SNR,507009,13.44807162697254,0.30653019571725243,29.328961122610785,37,12,0,0,137,7,12,10,100,30,0,0.15,0.0
SHORTEST_PULSE,507009,24.70328625279721,0.8226981589979061,18.981740793666244,35,14,1,0,137,7,12,10,100,30,0,0.15,0.0
METROLOGY_CONDITIONED_EIG,507009,28.892251558643093,0.8688399743788958,18.839791492630642,40,9,0,0,137,7,12,10,100,30,0,0.15,0.0
NO_PASSIVE,507010,309.9529838326257,2.804855547972761,445.27923823147125,0,0,0,0,159,7,12,10,100,30,0,0.15,0.0
RANDOM,507010,20.834652163778042,1.5796041534197305,42.47002004321567,56,3,3,0,159,7,12,10,100,30,0,0.15,0.0
HIGHEST_SNR,507010,29.627497572547448,2.604518321023155,51.1805511311304,55,4,2,0,159,7,12,10,100,30,0,0.15,0.0
SHORTEST_PULSE,507010,49.433231169035246,2.6888422072076783,44.17509293851619,50,9,1,0,159,7,12,10,100,30,0,0.15,0.0
METROLOGY_CONDITIONED_EIG,507010,28.439556554639765,1.6186102804304128,38.01550594265913,51,8,1,0,159,7,12,10,100,30,0,0.15,0.0
NO_PASSIVE,507011,441.68975290188035,1.9251118022845788,445.27923823147125,0,0,0,0,73,7,12,10,100,30,0,0.15,0.0
RANDOM,507011,4.303446523926948,0.4120167332869423,42.189415749839576,34,4,0,0,73,7,12,10,100,30,0,0.15,0.0
HIGHEST_SNR,507011,21.872699036858354,0.5635540989628943,38.50838348232424,33,5,0,0,73,7,12,10,100,30,0,0.15,0.0
SHORTEST_PULSE,507011,20.80971129835531,0.04422929836951696,34.99116211795584,35,3,0,0,73,7,12,10,100,30,0,0.15,0.0
METROLOGY_CONDITIONED_EIG,507011,51.86583603117612,1.3659667758313914,35.04312490859677,31,7,0,0,73,7,12,10,100,30,0,0.15,0.0
NO_PASSIVE,507012,381.1458994395529,0.6518995106315387,445.27923823147125,0,0,0,0,50,7,12,10,100,30,0,0.15,0.0
RANDOM,507012,6.21533112806842,0.08066217002178877,29.02628781728723,35,9,0,0,50,7,12,10,100,30,0,0.15,0.0
HIGHEST_SNR,507012,6.280003368695173,0.2013492772240369,31.463382940636862,34,10,0,0,50,7,12,10,100,30,0,0.15,0.0
SHORTEST_PULSE,507012,5.9819312538947855,0.02776183486773004,29.678092036314567,34,10,0,0,50,7,12,10,100,30,0,0.15,0.0
METROLOGY_CONDITIONED_EIG,507012,6.1750942058170475,0.021733261867940102,29.69042575617433,33,11,0,0,50,7,12,10,100,30,0,0.15,0.0
NO_PASSIVE,507013,438.0422859131616,1.6671848762569164,445.27923823147125,0,0,0,0,96,7,12,10,100,30,0,0.15,0.0
RANDOM,507013,17.724632277844748,0.513632249333687,22.4478013564302,47,6,0,0,96,7,12,10,100,30,0,0.15,0.0
HIGHEST_SNR,507013,32.49290744357276,0.9311210797385192,22.55917875581845,44,9,0,0,96,7,12,10,100,30,0,0.15,0.0
SHORTEST_PULSE,507013,13.174434119973911,0.5728039273630309,25.89414861725143,44,9,0,0,96,7,12,10,100,30,0,0.15,0.0
METROLOGY_CONDITIONED_EIG,507013,13.518603609052642,0.2759233941712184,19.69876548152237,46,7,0,0,96,7,12,10,100,30,0,0.15,0.0
NO_PASSIVE,507014,434.7879294448418,1.3910038379876553,445.27923823147125,0,0,0,0,68,7,12,10,100,30,0,0.15,0.0
RANDOM,507014,16.735536278004158,1.0687243188814384,40.44424110521979,36,6,0,0,68,7,12,10,100,30,0,0.15,0.0
HIGHEST_SNR,507014,16.70895635677015,1.5073946738008512,45.706699460034926,35,7,0,0,68,7,12,10,100,30,0,0.15,0.0
SHORTEST_PULSE,507014,54.473252268273704,1.806540012105259,41.494533480584515,33,9,0,0,68,7,12,10,100,30,0,0.15,0.0
METROLOGY_CONDITIONED_EIG,507014,49.046055717160385,1.6033452568576625,40.58028871034391,32,10,0,0,68,7,12,10,100,30,0,0.15,0.0
NO_PASSIVE,507015,657.5696163786055,3.070709990327685,445.27923823147125,0,0,0,0,94,7,12,10,100,30,0,0.15,0.0
RANDOM,507015,1295.071413723342,2.9520720635050752,98.09869289247507,10,46,1,0,94,7,12,10,100,30,0,0.15,0.0
HIGHEST_SNR,507015,18.45843193226769,0.302293605415592,18.07987847575373,47,9,0,0,94,7,12,10,100,30,0,0.15,0.0
SHORTEST_PULSE,507015,11.388914714186976,0.09549429274307432,17.73658290679088,48,8,0,0,94,7,12,10,100,30,0,0.15,0.0
METROLOGY_CONDITIONED_EIG,507015,19.26385258214811,0.2746953211846619,17.46446338761759,49,7,0,0,94,7,12,10,100,30,0,0.15,0.0
NO_PASSIVE,507016,202.2693072045833,1.9028841083848604,445.27923823147125,0,0,0,0,82,7,12,10,100,30,0,0.15,0.0
RANDOM,507016,5.740926341274449,0.6010208034997176,24.741987721897473,41,8,0,0,82,7,12,10,100,30,0,0.15,0.0
HIGHEST_SNR,507016,14.102603280196341,0.513240477845402,22.940074224751775,38,11,0,0,82,7,12,10,100,30,0,0.15,0.0
SHORTEST_PULSE,507016,12.094008451615212,0.7647818929960625,23.528321612631697,39,10,0,0,82,7,12,10,100,30,0,0.15,0.0
METROLOGY_CONDITIONED_EIG,507016,15.597884557153327,0.744678156317042,21.60080372232303,38,11,0,0,82,7,12,10,100,30,0,0.15,0.0
NO_PASSIVE,507017,347.82298575539477,1.9654657181159556,445.27923823147125,0,0,0,0,70,7,12,10,100,30,0,0.15,0.0
RANDOM,507017,43.00574196601164,0.42101257893811334,80.73221054022711,31,7,0,0,70,7,12,10,100,30,0,0.15,0.0
HIGHEST_SNR,507017,96.16432978617578,1.3449586194918501,100.4734598041972,34,4,0,0,70,7,12,10,100,30,0,0.15,0.0
SHORTEST_PULSE,507017,68.69721635376145,0.8259813344200078,61.00661182713671,32,6,0,0,70,7,12,10,100,30,0,0.15,0.0
METROLOGY_CONDITIONED_EIG,507017,28.79374297977448,0.9204264491648947,49.44302485906307,31,7,0,0,70,7,12,10,100,30,0,0.15,0.0
NO_PASSIVE,507018,117.32073832325614,2.0517179153692764,445.27923823147125,0,0,0,0,116,7,12,10,100,30,0,0.15,0.0
RANDOM,507018,24.439478402588968,0.4083397559687391,21.207168408408737,51,6,1,0,116,7,12,10,100,30,0,0.15,0.0
HIGHEST_SNR,507018,37.25410069846375,2.32235080741207,25.77931287785149,53,4,0,0,116,7,12,10,100,30,0,0.15,0.0
SHORTEST_PULSE,507018,12.186691876873857,0.5034328342578863,22.630020417663847,50,7,1,0,116,7,12,10,100,30,0,0.15,0.0
METROLOGY_CONDITIONED_EIG,507018,2.0794750254295957,0.08706251915590348,16.13064068440836,51,6,0,0,116,7,12,10,100,30,0,0.15,0.0
NO_PASSIVE,507019,359.91571553621543,1.6589264671235902,445.27923823147125,0,0,0,0,53,7,12,10,100,30,0,0.15,0.0
RANDOM,507019,7.127321899249481,0.5234094253782017,45.17600391673705,32,3,0,0,53,7,12,10,100,30,0,0.15,0.0
HIGHEST_SNR,507019,34.40952434519682,0.3970215255473853,45.283030749887516,32,3,0,0,53,7,12,10,100,30,0,0.15,0.0
SHORTEST_PULSE,507019,29.0977847374873,0.6081351084172889,41.418083046287556,32,3,0,0,53,7,12,10,100,30,0,0.15,0.0
METROLOGY_CONDITIONED_EIG,507019,18.428007881748126,0.3877830599128453,41.000324647879765,33,2,1,0,53,7,12,10,100,30,0,0.15,0.0
NO_PASSIVE,507020,474.68463628855903,1.9766471184165126,445.27923823147125,0,0,0,0,56,7,12,10,100,30,0,0.15,0.0
RANDOM,507020,10.627562598238331,0.7456829445797101,71.99897245945289,45,3,0,0,56,7,12,10,100,30,0,0.15,0.0
HIGHEST_SNR,507020,37.39205983601768,0.810867129458139,72.84431618995303,45,3,0,0,56,7,12,10,100,30,0,0.15,0.0
SHORTEST_PULSE,507020,12.771339263495541,0.9314650720746864,72.27035336068835,45,3,0,0,56,7,12,10,100,30,0,0.15,0.0
METROLOGY_CONDITIONED_EIG,507020,32.08288483125813,0.6405202565161088,71.79891685334394,44,4,0,0,56,7,12,10,100,30,0,0.15,0.0
NO_PASSIVE,507021,404.469030063995,1.0507707937187594,445.27923823147125,0,0,0,0,69,7,12,10,100,30,0,0.15,0.0
RANDOM,507021,47.283749561347975,1.256524062543499,37.12792835990087,25,4,0,0,69,7,12,10,100,30,0,0.15,0.0
HIGHEST_SNR,507021,29.80344591142177,0.5239415926424182,69.35460420168778,23,6,0,0,69,7,12,10,100,30,0,0.15,0.0
SHORTEST_PULSE,507021,37.19589462931172,1.1058494721555743,30.143834132315284,25,4,0,0,69,7,12,10,100,30,0,0.15,0.0
METROLOGY_CONDITIONED_EIG,507021,42.961506668893406,1.2780925062858652,29.965991419642958,27,2,0,0,69,7,12,10,100,30,0,0.15,0.0
NO_PASSIVE,507022,353.47214309711427,1.2005617260607795,445.27923823147125,0,0,0,0,58,7,12,10,100,30,0,0.15,0.0
RANDOM,507022,10.599428622865485,1.2248310823816537,28.306645044339703,42,10,0,0,58,7,12,10,100,30,0,0.15,0.0
HIGHEST_SNR,507022,10.383787477175126,1.1801862449613363,31.11720849834845,41,11,0,0,58,7,12,10,100,30,0,0.15,0.0
SHORTEST_PULSE,507022,11.933738019134651,1.2158127415283109,29.255132440431172,41,11,0,0,58,7,12,10,100,30,0,0.15,0.0
METROLOGY_CONDITIONED_EIG,507022,11.933738019134651,1.2158127415283109,29.255132440431172,41,11,0,0,58,7,12,10,100,30,0,0.15,0.0
NO_PASSIVE,507023,154.07579040851647,0.9299943021004852,445.27923823147125,0,0,0,0,44,7,12,10,100,30,0,0.15,0.0
RANDOM,507023,22.57568808904475,0.7855925658440168,34.90585486973041,30,3,0,0,44,7,12,10,100,30,0,0.15,0.0
HIGHEST_SNR,507023,11.102056966990107,0.48677313792704713,34.91689781865616,29,4,0,0,44,7,12,10,100,30,0,0.15,0.0
SHORTEST_PULSE,507023,19.156883680556128,0.48144558449425534,34.57497399789042,30,3,0,0,44,7,12,10,100,30,0,0.15,0.0
METROLOGY_CONDITIONED_EIG,507023,13.83456976235642,0.8221390269431057,35.187522625847826,28,5,0,0,44,7,12,10,100,30,0,0.15,0.0
NO_PASSIVE,507024,915.3918963223728,2.3777981409020823,445.27923823147125,0,0,0,0,146,7,12,10,100,30,0,0.15,0.0
RANDOM,507024,25.296426046771007,0.30035469609497667,23.2548158497259,43,14,0,0,146,7,12,10,100,30,0,0.15,0.0
HIGHEST_SNR,507024,28.813325496550455,0.5817408198124852,26.74602619003418,41,16,0,0,146,7,12,10,100,30,0,0.15,0.0
SHORTEST_PULSE,507024,1080.367684414683,0.6236136937368698,293.02169138216124,23,34,0,0,146,7,12,10,100,30,0,0.15,0.0
METROLOGY_CONDITIONED_EIG,507024,28.27773422928695,0.07932477692285106,20.943577632605173,37,20,0,0,146,7,12,10,100,30,0,0.15,0.0
NO_PASSIVE,507025,365.6903925646038,2.003912275577722,445.27923823147125,0,0,0,0,98,7,12,10,100,30,0,0.15,0.0
RANDOM,507025,32.51506434377402,1.3452125900546568,33.209290903912205,38,9,0,0,98,7,12,10,100,30,0,0.15,0.0
HIGHEST_SNR,507025,51.69526931131849,1.6315085012191615,30.247724999282813,41,6,0,0,98,7,12,10,100,30,0,0.15,0.0
SHORTEST_PULSE,507025,32.46169410356203,1.1782927849617193,26.10206164804428,39,8,0,0,98,7,12,10,100,30,0,0.15,0.0
METROLOGY_CONDITIONED_EIG,507025,54.94382153767999,1.5771699112999789,25.771647496714742,38,9,0,0,98,7,12,10,100,30,0,0.15,0.0
NO_PASSIVE,507026,378.79609276279984,1.7001401134174539,445.27923823147125,0,0,0,0,177,7,12,10,100,30,0,0.15,0.0
RANDOM,507026,22.847541684279832,0.5905723940038037,18.489902171618766,50,10,2,0,177,7,12,10,100,30,0,0.15,0.0
HIGHEST_SNR,507026,62.7256716502023,0.324309868644119,52.986993704443364,53,7,1,0,177,7,12,10,100,30,0,0.15,0.0
SHORTEST_PULSE,507026,12.660311808896427,0.1882537166250767,17.5443437721956,44,16,2,0,177,7,12,10,100,30,0,0.15,0.0
METROLOGY_CONDITIONED_EIG,507026,14.709133582226443,0.15812938250865627,16.908507015547123,44,16,2,0,177,7,12,10,100,30,0,0.15,0.0
NO_PASSIVE,507027,180.604565511141,3.7364229760128,445.27923823147125,0,0,0,0,65,7,12,10,100,30,0,0.15,0.0
RANDOM,507027,26.804678735632905,1.0179105348058988,32.04777547104901,38,7,0,0,65,7,12,10,100,30,0,0.15,0.0
HIGHEST_SNR,507027,36.85956476136953,1.2811260588159177,78.4310852403371,36,9,0,0,65,7,12,10,100,30,0,0.15,0.0
SHORTEST_PULSE,507027,6.231433259406303,0.4109649386992871,20.544758167689764,39,6,0,0,65,7,12,10,100,30,0,0.15,0.0
METROLOGY_CONDITIONED_EIG,507027,7.577781122075825,0.42416578263124727,20.49850581769,39,6,0,0,65,7,12,10,100,30,0,0.15,0.0
NO_PASSIVE,507028,201.94998490682153,1.1822483798256977,445.27923823147125,0,0,0,0,65,7,12,10,100,30,0,0.15,0.0
RANDOM,507028,18.29686451025066,0.34415654197822027,34.29420367538605,30,7,1,0,65,7,12,10,100,30,0,0.15,0.0
HIGHEST_SNR,507028,21.27398303834101,1.1713345150069072,54.00825955287974,32,5,1,0,65,7,12,10,100,30,0,0.15,0.0
SHORTEST_PULSE,507028,32.59478116232126,0.6767978142325938,46.8382955309554,31,6,1,0,65,7,12,10,100,30,0,0.15,0.0
METROLOGY_CONDITIONED_EIG,507028,15.102605713033343,0.2748198103096187,25.70180640286887,30,7,1,0,65,7,12,10,100,30,0,0.15,0.0
NO_PASSIVE,507029,424.5289666570432,2.674563119848776,445.27923823147125,0,0,0,0,225,7,12,10,100,30,0,0.15,0.0
RANDOM,507029,29.06895396241608,0.7540867272640057,24.03619718228879,51,9,0,0,225,7,12,10,100,30,0,0.15,0.0
HIGHEST_SNR,507029,67.1795595474339,2.6562022626434487,61.01139321753778,52,8,0,0,225,7,12,10,100,30,0,0.15,0.0
SHORTEST_PULSE,507029,23.745262171628873,0.3406020211511888,15.23197956948753,52,8,0,0,225,7,12,10,100,30,0,0.15,0.0
METROLOGY_CONDITIONED_EIG,507029,18.507938513971265,0.5047781829992599,15.39471365064035,53,7,0,0,225,7,12,10,100,30,0,0.15,0.0
NO_PASSIVE,508000,319.8560042606476,2.2485808075711384,445.27923823147125,0,0,0,0,104,8,12,10,100,30,0,0.15,0.05
RANDOM,508000,39.44957629177996,0.9114111634506522,34.5750885095508,50,7,0,0,104,8,12,10,100,30,0,0.15,0.05
HIGHEST_SNR,508000,57.41201404635648,2.171256418487114,48.36180650046949,50,7,0,0,104,8,12,10,100,30,0,0.15,0.05
SHORTEST_PULSE,508000,25.149423956513477,0.8237284207595562,25.543024040747294,52,5,0,0,104,8,12,10,100,30,0,0.15,0.05
METROLOGY_CONDITIONED_EIG,508000,35.428685615303955,1.2942600300912395,25.796049031589543,51,6,0,0,104,8,12,10,100,30,0,0.15,0.05
NO_PASSIVE,508001,281.682129919306,2.7298727978426016,445.27923823147125,0,0,0,0,45,8,12,10,100,30,0,0.15,0.05
RANDOM,508001,16.12812845494689,0.31376916032525953,27.298141844744045,30,7,0,0,45,8,12,10,100,30,0,0.15,0.05
HIGHEST_SNR,508001,7.806169807016568,0.15374839985802927,30.008677176228275,29,8,0,0,45,8,12,10,100,30,0,0.15,0.05
SHORTEST_PULSE,508001,8.110975411944917,0.17716546441725747,25.680915537938795,29,8,0,0,45,8,12,10,100,30,0,0.15,0.05
METROLOGY_CONDITIONED_EIG,508001,8.691985358874994,0.03717089642670213,25.37349433741444,28,9,0,0,45,8,12,10,100,30,0,0.15,0.05
NO_PASSIVE,508002,145.8471112399851,2.7911046073058325,445.27923823147125,0,0,0,0,73,8,12,10,100,30,0,0.15,0.05
RANDOM,508002,10.41933528669722,0.7451084343180345,37.21628854612322,27,9,0,0,73,8,12,10,100,30,0,0.15,0.05
HIGHEST_SNR,508002,33.04013021230846,2.3703890344680727,66.36785746977327,29,7,0,2,73,8,12,10,100,30,0,0.15,0.05
SHORTEST_PULSE,508002,71.1227669499977,1.1305811252411446,38.60482482356975,28,8,0,0,73,8,12,10,100,30,0,0.15,0.05
METROLOGY_CONDITIONED_EIG,508002,64.35392422737085,2.1994245429745964,40.333074525258226,27,9,0,0,73,8,12,10,100,30,0,0.15,0.05
NO_PASSIVE,508003,77.89229112490077,3.1595804803882683,445.27923823147125,0,0,0,0,10,8,12,10,100,30,0,0.15,0.05
RANDOM,508003,78.95923670417316,1.6411805422226555,72.40501213009554,6,1,0,0,10,8,12,10,100,30,0,0.15,0.05
HIGHEST_SNR,508003,62.502633828863,1.616916777178689,70.37614376543249,7,0,0,0,10,8,12,10,100,30,0,0.15,0.05
SHORTEST_PULSE,508003,388.6308562844174,1.895349259092933,154.9010580093056,4,3,0,0,10,8,12,10,100,30,0,0.15,0.05
METROLOGY_CONDITIONED_EIG,508003,388.6308562844174,1.895349259092933,154.9010580093056,4,3,0,0,10,8,12,10,100,30,0,0.15,0.05
NO_PASSIVE,508004,1021.8208880123318,1.0698964945614955,445.27923823147125,0,0,0,0,69,8,12,10,100,30,0,0.15,0.05
RANDOM,508004,52.60744458456516,0.8969258598745542,37.542493906050005,34,13,0,0,69,8,12,10,100,30,0,0.15,0.05
HIGHEST_SNR,508004,54.527588970114756,1.0353518805640962,34.469640409883965,35,12,0,0,69,8,12,10,100,30,0,0.15,0.05
SHORTEST_PULSE,508004,31.949825957876115,0.9182367190573004,29.838236552444513,35,12,0,0,69,8,12,10,100,30,0,0.15,0.05
METROLOGY_CONDITIONED_EIG,508004,30.4115651668421,1.1762590658498362,30.327440680214472,33,14,0,0,69,8,12,10,100,30,0,0.15,0.05
NO_PASSIVE,508005,483.06106668496165,2.617343118849943,445.27923823147125,0,0,0,0,82,8,12,10,100,30,0,0.15,0.05
RANDOM,508005,28.3808551599201,0.8142935601277488,32.2204669360171,35,15,0,0,82,8,12,10,100,30,0,0.15,0.05
HIGHEST_SNR,508005,36.95451290895703,0.44721471168901356,29.25442220296211,39,11,0,0,82,8,12,10,100,30,0,0.15,0.05
SHORTEST_PULSE,508005,26.448106590532134,0.5714357595900005,24.828322679973137,38,12,0,0,82,8,12,10,100,30,0,0.15,0.05
METROLOGY_CONDITIONED_EIG,508005,23.24500005125552,0.5161259663960558,24.90785132371392,37,13,0,0,82,8,12,10,100,30,0,0.15,0.05
NO_PASSIVE,508006,412.2485434597205,0.6728001578622577,445.27923823147125,0,0,0,0,170,8,12,10,100,30,0,0.15,0.05
RANDOM,508006,31.151941224036328,0.6094203937637023,24.928255696262255,52,8,0,0,170,8,12,10,100,30,0,0.15,0.05
HIGHEST_SNR,508006,32.758433876543855,0.9935524791938523,66.69520642037944,45,15,1,0,170,8,12,10,100,30,0,0.15,0.05
SHORTEST_PULSE,508006,16.124832133733268,0.932605607894162,17.50726008898378,49,11,0,0,170,8,12,10,100,30,0,0.15,0.05
METROLOGY_CONDITIONED_EIG,508006,61.731342946748164,3.9786815422307638,18.179512027261048,40,20,1,1,170,8,12,10,100,30,0,0.15,0.05
NO_PASSIVE,508007,264.19183684381386,0.8386373258072816,445.27923823147125,0,0,0,0,65,8,12,10,100,30,0,0.15,0.05
RANDOM,508007,26.989402824409236,1.3943283294862794,52.47673202207588,44,9,0,1,65,8,12,10,100,30,0,0.15,0.05
HIGHEST_SNR,508007,13.316548007643652,1.0819235061318142,81.32313784324926,43,10,0,1,65,8,12,10,100,30,0,0.15,0.05
SHORTEST_PULSE,508007,22.369450054500792,0.5179860252723268,47.579678604999486,44,9,0,1,65,8,12,10,100,30,0,0.15,0.05
METROLOGY_CONDITIONED_EIG,508007,20.32032711253175,0.4609883414898004,47.37200161784382,43,10,0,1,65,8,12,10,100,30,0,0.15,0.05
NO_PASSIVE,508008,391.7124009706807,2.7425609636381707,445.27923823147125,0,0,0,0,132,8,12,10,100,30,0,0.15,0.05
RANDOM,508008,26.300262103233734,1.0785153044802858,23.604926438516348,49,10,0,1,132,8,12,10,100,30,0,0.15,0.05
HIGHEST_SNR,508008,4.646793452747135,0.5141210260748209,31.144839849394998,47,12,0,0,132,8,12,10,100,30,0,0.15,0.05
SHORTEST_PULSE,508008,6.402623813696786,0.5902130118063351,24.582057835006264,47,12,0,1,132,8,12,10,100,30,0,0.15,0.05
METROLOGY_CONDITIONED_EIG,508008,6.063419531012835,0.44114025576245564,21.0562970758486,50,9,0,1,132,8,12,10,100,30,0,0.15,0.05
NO_PASSIVE,508009,254.81248086290137,2.421532028911235,445.27923823147125,0,0,0,0,47,8,12,10,100,30,0,0.15,0.05
RANDOM,508009,44.90712294794943,3.7207386810419933,46.67539355686948,26,14,1,0,47,8,12,10,100,30,0,0.15,0.05
HIGHEST_SNR,508009,175.72394356299918,1.8423459251991692,73.72552804421683,27,13,1,0,47,8,12,10,100,30,0,0.15,0.05
SHORTEST_PULSE,508009,55.67527775765664,3.66597911357627,39.5824519594994,27,13,1,0,47,8,12,10,100,30,0,0.15,0.05
METROLOGY_CONDITIONED_EIG,508009,55.67527775765664,3.66597911357627,39.5824519594994,27,13,1,0,47,8,12,10,100,30,0,0.15,0.05
NO_PASSIVE,508010,374.93954803519085,1.8872835099283465,445.27923823147125,0,0,0,0,147,8,12,10,100,30,0,0.15,0.05
RANDOM,508010,33.577793405282826,0.8430539483605348,20.494419166400764,47,13,0,0,147,8,12,10,100,30,0,0.15,0.05
HIGHEST_SNR,508010,30.571706098502933,0.6010367456119547,18.361063639756683,50,10,0,0,147,8,12,10,100,30,0,0.15,0.05
SHORTEST_PULSE,508010,32.115725239976435,0.6832268907673169,17.62846835363505,47,13,0,0,147,8,12,10,100,30,0,0.15,0.05
METROLOGY_CONDITIONED_EIG,508010,32.76101645484587,0.7068088547491925,18.087850280104835,48,12,0,0,147,8,12,10,100,30,0,0.15,0.05
NO_PASSIVE,508011,841.2926578816176,1.8268067087437017,445.27923823147125,0,0,0,0,117,8,12,10,100,30,0,0.15,0.05
RANDOM,508011,29.501016187542987,1.282130106339347,24.73318702721916,46,12,0,2,117,8,12,10,100,30,0,0.15,0.05
HIGHEST_SNR,508011,26.79816947821245,0.9706348682211212,25.390320471890803,43,15,0,1,117,8,12,10,100,30,0,0.15,0.05
SHORTEST_PULSE,508011,17.138975562978665,0.25337885171674396,24.697245658742837,44,14,0,2,117,8,12,10,100,30,0,0.15,0.05
METROLOGY_CONDITIONED_EIG,508011,14.480201681620237,0.2445828475594923,24.91015005192563,42,16,0,1,117,8,12,10,100,30,0,0.15,0.05
NO_PASSIVE,508012,325.47818153236,1.067913935368333,445.27923823147125,0,0,0,0,87,8,12,10,100,30,0,0.15,0.05
RANDOM,508012,2.8183765365529654,0.12322666528487722,32.50219668365994,42,8,1,0,87,8,12,10,100,30,0,0.15,0.05
HIGHEST_SNR,508012,16.83382511193884,0.20236168764718496,29.429974415334954,39,11,1,0,87,8,12,10,100,30,0,0.15,0.05
SHORTEST_PULSE,508012,6.294163165859809,0.27725925025216513,28.060502757115973,36,14,0,0,87,8,12,10,100,30,0,0.15,0.05
METROLOGY_CONDITIONED_EIG,508012,7.29098999322367,0.2005433102888732,28.01396950384736,36,14,0,0,87,8,12,10,100,30,0,0.15,0.05
NO_PASSIVE,508013,359.29047736121146,0.5351097099412377,445.27923823147125,0,0,0,0,47,8,12,10,100,30,0,0.15,0.05
RANDOM,508013,62.48974853613286,1.2952417994476788,61.7282340545733,42,3,0,0,47,8,12,10,100,30,0,0.15,0.05
HIGHEST_SNR,508013,72.5088315342026,0.9293217164678419,63.461375901495146,42,3,0,0,47,8,12,10,100,30,0,0.15,0.05
SHORTEST_PULSE,508013,23.78736628400723,0.6679158192718533,51.98159650799182,42,3,0,0,47,8,12,10,100,30,0,0.15,0.05
METROLOGY_CONDITIONED_EIG,508013,23.78736628400723,0.6679158192718533,51.98159650799182,42,3,0,0,47,8,12,10,100,30,0,0.15,0.05
NO_PASSIVE,508014,373.4344785948341,1.664085113791882,445.27923823147125,0,0,0,0,107,8,12,10,100,30,0,0.15,0.05
RANDOM,508014,29.959668784360144,0.8824303214186038,31.60066706795481,40,7,0,0,107,8,12,10,100,30,0,0.15,0.05
HIGHEST_SNR,508014,45.095132294459006,1.9625903801763016,32.32137638796745,40,7,0,1,107,8,12,10,100,30,0,0.15,0.05
SHORTEST_PULSE,508014,29.25503560277084,1.0926732714124023,37.92335044956436,39,8,0,0,107,8,12,10,100,30,0,0.15,0.05
METROLOGY_CONDITIONED_EIG,508014,16.570732317820234,0.97288351991383,28.3102629168917,40,7,0,0,107,8,12,10,100,30,0,0.15,0.05
NO_PASSIVE,508015,734.9045901929271,2.1904211741092072,445.27923823147125,0,0,0,0,95,8,12,10,100,30,0,0.15,0.05
RANDOM,508015,13.159272753489176,0.8205916851252795,25.743732623945046,32,9,0,0,95,8,12,10,100,30,0,0.15,0.05
HIGHEST_SNR,508015,10.402007037967325,0.2319120455220618,25.94007184762597,31,10,0,0,95,8,12,10,100,30,0,0.15,0.05
SHORTEST_PULSE,508015,22.901266245198553,0.7689791837424531,24.126408591063136,34,7,0,0,95,8,12,10,100,30,0,0.15,0.05
METROLOGY_CONDITIONED_EIG,508015,19.067617372240854,0.6400746769642822,22.44723253640956,32,9,0,0,95,8,12,10,100,30,0,0.15,0.05
NO_PASSIVE,508016,446.72812697174857,1.4654517634771942,445.27923823147125,0,0,0,0,49,8,12,10,100,30,0,0.15,0.05
RANDOM,508016,4.573352926940859,0.6282793217568724,43.5414000395159,30,4,0,0,49,8,12,10,100,30,0,0.15,0.05
HIGHEST_SNR,508016,27.607509386818112,0.6933762665089366,50.920957064932885,29,5,0,0,49,8,12,10,100,30,0,0.15,0.05
SHORTEST_PULSE,508016,17.560213663508826,0.7304240638588316,51.09691601544747,29,5,0,0,49,8,12,10,100,30,0,0.15,0.05
METROLOGY_CONDITIONED_EIG,508016,29.897198443913776,0.18955955783153286,46.691932627814936,29,5,0,1,49,8,12,10,100,30,0,0.15,0.05
NO_PASSIVE,508017,269.4722158914479,1.8250833752295066,445.27923823147125,0,0,0,0,32,8,12,10,100,30,0,0.15,0.05
RANDOM,508017,57.09905095611157,1.2064775825872456,46.864055980177305,14,6,0,0,32,8,12,10,100,30,0,0.15,0.05
HIGHEST_SNR,508017,58.92588223098368,1.9560830162423,44.611400028971595,16,4,0,0,32,8,12,10,100,30,0,0.15,0.05
SHORTEST_PULSE,508017,59.86142741132931,2.0783030408388705,44.43999938006698,16,4,0,0,32,8,12,10,100,30,0,0.15,0.05
METROLOGY_CONDITIONED_EIG,508017,571.8282260921343,1.78889932387344,78.41560719926909,13,7,0,1,32,8,12,10,100,30,0,0.15,0.05
NO_PASSIVE,508018,298.19898382781827,1.7854377338632328,445.27923823147125,0,0,0,0,83,8,12,10,100,30,0,0.15,0.05
RANDOM,508018,23.859437724796717,0.9978873346536593,17.015260330832977,37,8,0,0,83,8,12,10,100,30,0,0.15,0.05
HIGHEST_SNR,508018,23.04715819009941,0.7845082609914894,16.53071069438365,36,9,0,0,83,8,12,10,100,30,0,0.15,0.05
SHORTEST_PULSE,508018,20.240266765356104,1.0247795553695744,16.460324169294715,35,10,0,0,83,8,12,10,100,30,0,0.15,0.05
METROLOGY_CONDITIONED_EIG,508018,21.2499288912111,1.1773705222858992,15.54777696994033,35,10,0,0,83,8,12,10,100,30,0,0.15,0.05
NO_PASSIVE,508019,555.800092072031,1.556538997071403,445.27923823147125,0,0,0,0,73,8,12,10,100,30,0,0.15,0.05
RANDOM,508019,30.53938259813649,1.2442718987442658,31.881588458083538,41,5,0,1,73,8,12,10,100,30,0,0.15,0.05
HIGHEST_SNR,508019,35.21091846691357,1.4838253830107624,30.382866557713818,39,7,0,1,73,8,12,10,100,30,0,0.15,0.05
SHORTEST_PULSE,508019,29.060973226065784,1.1663268898351415,31.42844312327765,39,7,0,1,73,8,12,10,100,30,0,0.15,0.05
METROLOGY_CONDITIONED_EIG,508019,15.802574707621757,0.7289865287379487,30.163670962386796,39,7,0,1,73,8,12,10,100,30,0,0.15,0.05
NO_PASSIVE,508020,227.6592758004584,2.5017749399941835,445.27923823147125,0,0,0,0,37,8,12,10,100,30,0,0.15,0.05
RANDOM,508020,177.96986478910497,2.8950512350524393,209.9623909045968,27,6,0,0,37,8,12,10,100,30,0,0.15,0.05
HIGHEST_SNR,508020,174.52901511000928,2.897003812605235,208.5786712269682,26,7,0,0,37,8,12,10,100,30,0,0.15,0.05
SHORTEST_PULSE,508020,192.91989876231233,2.8478201848814337,212.1349278923709,25,8,0,0,37,8,12,10,100,30,0,0.15,0.05
METROLOGY_CONDITIONED_EIG,508020,187.18057075746157,2.8538445450223398,210.608514282544,24,9,0,0,37,8,12,10,100,30,0,0.15,0.05
NO_PASSIVE,508021,670.5714629277794,2.51114127040594,445.27923823147125,0,0,0,0,151,8,12,10,100,30,0,0.15,0.05
RANDOM,508021,12.896661703519205,0.2892577061309828,30.982532153511478,38,10,0,0,151,8,12,10,100,30,0,0.15,0.05
HIGHEST_SNR,508021,48.643743986634234,0.5238498900457033,41.4648583056591,41,7,1,0,151,8,12,10,100,30,0,0.15,0.05
SHORTEST_PULSE,508021,36.34217254796874,1.3401827363664198,27.25588200805384,37,11,0,0,151,8,12,10,100,30,0,0.15,0.05
METROLOGY_CONDITIONED_EIG,508021,16.65699846728462,0.28328486964815724,22.068329513176472,38,10,0,0,151,8,12,10,100,30,0,0.15,0.05
NO_PASSIVE,508022,579.6871159230091,1.1585617766009593,445.27923823147125,0,0,0,0,101,8,12,10,100,30,0,0.15,0.05
RANDOM,508022,29.179654647125968,1.2679742876102664,26.580381392345977,37,9,0,0,101,8,12,10,100,30,0,0.15,0.05
HIGHEST_SNR,508022,82.71094338013182,1.8907352666412853,47.086382637869626,39,7,0,0,101,8,12,10,100,30,0,0.15,0.05
SHORTEST_PULSE,508022,28.534372631393293,1.3116812698668383,25.22088332839292,37,9,0,0,101,8,12,10,100,30,0,0.15,0.05
METROLOGY_CONDITIONED_EIG,508022,27.083995664266904,1.3996768111292677,25.191379670661295,37,9,0,0,101,8,12,10,100,30,0,0.15,0.05
NO_PASSIVE,508023,176.30448294142613,1.8206077375255802,445.27923823147125,0,0,0,0,99,8,12,10,100,30,0,0.15,0.05
RANDOM,508023,12.96126555489661,0.49027020154926265,20.79033725907147,40,6,0,0,99,8,12,10,100,30,0,0.15,0.05
HIGHEST_SNR,508023,28.018771721588813,0.9317383062844574,18.39167283364745,39,7,0,0,99,8,12,10,100,30,0,0.15,0.05
SHORTEST_PULSE,508023,21.69044978229287,0.6955753418600927,18.15191248275262,37,9,0,0,99,8,12,10,100,30,0,0.15,0.05
METROLOGY_CONDITIONED_EIG,508023,18.92635924809177,0.698298194150885,17.92364684038037,39,7,0,0,99,8,12,10,100,30,0,0.15,0.05
NO_PASSIVE,508024,152.72599310252835,3.9884697378493126,445.27923823147125,0,0,0,0,37,8,12,10,100,30,0,0.15,0.05
RANDOM,508024,152.341429215123,4.608909062700699,49.018710397837296,19,7,0,1,37,8,12,10,100,30,0,0.15,0.05
HIGHEST_SNR,508024,127.75107555720061,4.3767138429367884,43.50195909848674,17,9,0,1,37,8,12,10,100,30,0,0.15,0.05
SHORTEST_PULSE,508024,142.3996983622335,4.399236755830768,47.530050590875376,21,5,0,1,37,8,12,10,100,30,0,0.15,0.05
METROLOGY_CONDITIONED_EIG,508024,114.29958748183206,3.8208721222177267,42.40406681975523,20,6,0,1,37,8,12,10,100,30,0,0.15,0.05
NO_PASSIVE,508025,465.8033767139238,0.5676364941547603,445.27923823147125,0,0,0,0,93,8,12,10,100,30,0,0.15,0.05
RANDOM,508025,10.431385461460192,0.33553273825656516,52.659213806676355,34,9,1,0,93,8,12,10,100,30,0,0.15,0.05
HIGHEST_SNR,508025,30.109837256797913,0.9809954217119066,59.74969235601724,35,8,1,0,93,8,12,10,100,30,0,0.15,0.05
SHORTEST_PULSE,508025,14.975737982031607,0.35467998089012265,45.72125829831233,35,8,1,0,93,8,12,10,100,30,0,0.15,0.05
METROLOGY_CONDITIONED_EIG,508025,25.54473815295156,0.9448981602593786,43.29518269086423,33,10,1,0,93,8,12,10,100,30,0,0.15,0.05
NO_PASSIVE,508026,644.4740139577789,3.8024365529627033,445.27923823147125,0,0,0,0,118,8,12,10,100,30,0,0.15,0.05
RANDOM,508026,17.4920333553829,0.3580687143404956,26.761163489367885,37,11,0,0,118,8,12,10,100,30,0,0.15,0.05
HIGHEST_SNR,508026,11.432599404866586,0.33887121360174055,54.35182780142053,40,8,0,0,118,8,12,10,100,30,0,0.15,0.05
SHORTEST_PULSE,508026,11.432599404866586,0.33887121360174055,54.35182780142053,40,8,0,0,118,8,12,10,100,30,0,0.15,0.05
METROLOGY_CONDITIONED_EIG,508026,9.59987602624602,0.5574560916662158,24.247381039051557,39,9,0,0,118,8,12,10,100,30,0,0.15,0.05
NO_PASSIVE,508027,606.6877009835889,2.8003741929386683,445.27923823147125,0,0,0,0,73,8,12,10,100,30,0,0.15,0.05
RANDOM,508027,51.31519130707943,1.373551453997344,46.91231303282912,45,9,0,0,73,8,12,10,100,30,0,0.15,0.05
HIGHEST_SNR,508027,43.31912969088478,1.1227673563730443,54.08008887456228,43,11,0,0,73,8,12,10,100,30,0,0.15,0.05
SHORTEST_PULSE,508027,54.00552849621256,1.7198124901808791,45.996140788299314,47,7,0,0,73,8,12,10,100,30,0,0.15,0.05
METROLOGY_CONDITIONED_EIG,508027,34.90896509833099,1.2632155147981123,41.39645756208998,44,10,0,0,73,8,12,10,100,30,0,0.15,0.05
NO_PASSIVE,508028,95.33920941970278,0.7980683837890363,445.27923823147125,0,0,0,0,133,8,12,10,100,30,0,0.15,0.05
RANDOM,508028,30.54957175487554,0.7917594208709422,21.392431938670438,50,10,0,0,133,8,12,10,100,30,0,0.15,0.05
HIGHEST_SNR,508028,14.210305263746262,0.5627872817771346,21.469967511011934,46,14,0,0,133,8,12,10,100,30,0,0.15,0.05
SHORTEST_PULSE,508028,30.645639372023258,1.1070844995168443,20.919919865513915,50,10,0,0,133,8,12,10,100,30,0,0.15,0.05
METROLOGY_CONDITIONED_EIG,508028,16.97431012922654,0.6106376543820662,18.62727595361159,51,9,0,0,133,8,12,10,100,30,0,0.15,0.05
NO_PASSIVE,508029,163.3013268397578,1.9996026250408976,445.27923823147125,0,0,0,0,45,8,12,10,100,30,0,0.15,0.05
RANDOM,508029,30.587324527642348,1.414320269641347,39.78527641564123,27,5,0,0,45,8,12,10,100,30,0,0.15,0.05
HIGHEST_SNR,508029,29.12850228364023,1.089426499724586,39.68172481257126,27,5,0,0,45,8,12,10,100,30,0,0.15,0.05
SHORTEST_PULSE,508029,32.68802592205433,0.9543928806265504,38.57047291568156,28,4,0,0,45,8,12,10,100,30,0,0.15,0.05
METROLOGY_CONDITIONED_EIG,508029,34.28602488534313,1.2940142052430226,38.35746619416106,28,4,0,0,45,8,12,10,100,30,0,0.15,0.05
NO_PASSIVE,509000,133.4760834337533,0.2908618476443496,445.27923823147125,0,0,0,0,188,9,12,10,100,30,0,0.15,0.15
RANDOM,509000,19.599778667126852,0.7453695420743754,34.93829400802481,37,16,1,0,188,9,12,10,100,30,0,0.15,0.15
HIGHEST_SNR,509000,83.18479965468798,0.22944172139329314,76.67945059777885,43,10,1,0,188,9,12,10,100,30,0,0.15,0.15
SHORTEST_PULSE,509000,29.881251156376507,0.18328784345532345,30.18826055194897,41,12,1,0,188,9,12,10,100,30,0,0.15,0.15
METROLOGY_CONDITIONED_EIG,509000,14.031695070405217,0.5583012092837876,29.01071163116456,35,18,1,0,188,9,12,10,100,30,0,0.15,0.15
NO_PASSIVE,509001,392.49503925120484,1.8012262562881785,445.27923823147125,0,0,0,0,39,9,12,10,100,30,0,0.15,0.15
RANDOM,509001,313.92603815127444,1.125187002272757,106.17917250509802,11,19,0,1,39,9,12,10,100,30,0,0.15,0.15
HIGHEST_SNR,509001,313.3326630117619,1.1277194952099017,98.32795252751343,7,23,0,2,39,9,12,10,100,30,0,0.15,0.15
SHORTEST_PULSE,509001,313.92603815127444,1.125187002272757,106.17917250509802,11,19,0,1,39,9,12,10,100,30,0,0.15,0.15
METROLOGY_CONDITIONED_EIG,509001,313.3326630117619,1.1277194952099017,98.32795252751343,7,23,0,2,39,9,12,10,100,30,0,0.15,0.15
NO_PASSIVE,509002,142.99382936197676,0.348838623282882,445.27923823147125,0,0,0,0,70,9,12,10,100,30,0,0.15,0.15
RANDOM,509002,11.34942167602317,0.8336714270831651,42.55511611120002,39,9,0,1,70,9,12,10,100,30,0,0.15,0.15
HIGHEST_SNR,509002,26.025005754126585,0.948826959793775,42.021075024389084,40,8,0,1,70,9,12,10,100,30,0,0.15,0.15
SHORTEST_PULSE,509002,346.13864742016153,2.1897694091919626,84.43002686357987,22,26,0,2,70,9,12,10,100,30,0,0.15,0.15
METROLOGY_CONDITIONED_EIG,509002,418.3550378737877,1.7414013223729266,92.09785341942003,18,30,0,2,70,9,12,10,100,30,0,0.15,0.15
NO_PASSIVE,509003,382.0889837214277,0.9241122791217485,445.27923823147125,0,0,0,0,55,9,12,10,100,30,0,0.15,0.15
RANDOM,509003,37.620518548078685,0.6755502712249217,42.250649028010564,32,10,0,0,55,9,12,10,100,30,0,0.15,0.15
HIGHEST_SNR,509003,41.39381483175963,1.589090852619752,58.717275230720155,33,9,0,0,55,9,12,10,100,30,0,0.15,0.15
SHORTEST_PULSE,509003,41.674346467111896,1.6252531541243032,58.37011325460973,32,10,0,0,55,9,12,10,100,30,0,0.15,0.15
METROLOGY_CONDITIONED_EIG,509003,30.19613137940313,0.8056604414416283,42.136693519801796,31,11,0,0,55,9,12,10,100,30,0,0.15,0.15
NO_PASSIVE,509004,224.74719850253874,1.4489784434685153,445.27923823147125,0,0,0,0,49,9,12,10,100,30,0,0.15,0.15
RANDOM,509004,41.45483065828792,2.338649735238368,54.97984052760357,34,12,0,2,49,9,12,10,100,30,0,0.15,0.15
HIGHEST_SNR,509004,44.05757082532717,2.449146079601976,60.72820587012442,35,11,0,2,49,9,12,10,100,30,0,0.15,0.15
SHORTEST_PULSE,509004,55.008845073539554,1.996563279202267,53.76137294647947,34,12,0,2,49,9,12,10,100,30,0,0.15,0.15
METROLOGY_CONDITIONED_EIG,509004,49.53236258210994,2.0571489434888717,52.72233944712432,35,11,0,2,49,9,12,10,100,30,0,0.15,0.15
NO_PASSIVE,509005,177.07781995060225,3.5083214727965166,445.27923823147125,0,0,0,0,73,9,12,10,100,30,0,0.15,0.15
RANDOM,509005,15.15624634058073,0.3008467764002281,26.321158395660884,34,13,0,1,73,9,12,10,100,30,0,0.15,0.15
HIGHEST_SNR,509005,65.16664146592203,1.0623028838357396,29.21574001649761,34,13,0,1,73,9,12,10,100,30,0,0.15,0.15
SHORTEST_PULSE,509005,34.70059076434857,0.31155490340069725,23.63155519604672,36,11,0,1,73,9,12,10,100,30,0,0.15,0.15
METROLOGY_CONDITIONED_EIG,509005,33.30149721489276,0.28674325073043866,24.055376003964447,35,12,0,1,73,9,12,10,100,30,0,0.15,0.15
NO_PASSIVE,509006,660.9359217550873,3.462059616928105,445.27923823147125,0,0,0,0,118,9,12,10,100,30,0,0.15,0.15
RANDOM,509006,608.196169716804,4.378925742850663,108.05220694830388,15,42,1,2,118,9,12,10,100,30,0,0.15,0.15
HIGHEST_SNR,509006,1652.1427754586862,0.2061634148787895,86.3145683533502,36,21,0,1,118,9,12,10,100,30,0,0.15,0.15
SHORTEST_PULSE,509006,46.28855227158558,1.4156429447384313,30.002985558377112,42,15,0,1,118,9,12,10,100,30,0,0.15,0.15
METROLOGY_CONDITIONED_EIG,509006,46.75461357252472,1.233909802804554,30.118054848424897,41,16,0,1,118,9,12,10,100,30,0,0.15,0.15
NO_PASSIVE,509007,572.6138170863475,2.192272615940353,445.27923823147125,0,0,0,0,126,9,12,10,100,30,0,0.15,0.15
RANDOM,509007,29.2972147471936,1.2216909485098424,29.440406522912657,41,12,0,1,126,9,12,10,100,30,0,0.15,0.15
HIGHEST_SNR,509007,59.43755433837585,1.7763952677945394,48.40580037037552,43,10,0,1,126,9,12,10,100,30,0,0.15,0.15
SHORTEST_PULSE,509007,22.392171073742503,0.3207966081703484,25.294500646175845,36,17,0,1,126,9,12,10,100,30,0,0.15,0.15
METROLOGY_CONDITIONED_EIG,509007,14.279911998435331,0.29342146469929375,24.27379106444208,39,14,0,1,126,9,12,10,100,30,0,0.15,0.15
NO_PASSIVE,509008,646.2387308294964,0.41751518138723714,445.27923823147125,0,0,0,0,94,9,12,10,100,30,0,0.15,0.15
RANDOM,509008,42.60218514712399,2.2369977450615757,26.22608134320256,25,18,0,1,94,9,12,10,100,30,0,0.15,0.15
HIGHEST_SNR,509008,37.396087313251634,3.6710296916359018,26.03338198462162,20,23,0,3,94,9,12,10,100,30,0,0.15,0.15
SHORTEST_PULSE,509008,55.51455615655353,3.311494543884749,26.630093020423747,22,21,0,3,94,9,12,10,100,30,0,0.15,0.15
METROLOGY_CONDITIONED_EIG,509008,479.9734077100033,3.202191429786675,43.511147751876315,6,37,0,3,94,9,12,10,100,30,0,0.15,0.15
NO_PASSIVE,509009,358.5838204731884,1.17200858179026,445.27923823147125,0,0,0,0,17,9,12,10,100,30,0,0.15,0.15
RANDOM,509009,602.1335234112398,1.1516351808338992,331.98102336139334,1,14,1,0,17,9,12,10,100,30,0,0.15,0.15
HIGHEST_SNR,509009,602.1335234112398,1.1516351808338992,331.98102336139334,1,14,1,0,17,9,12,10,100,30,0,0.15,0.15
SHORTEST_PULSE,509009,602.1335234112398,1.1516351808338992,331.98102336139334,1,14,1,0,17,9,12,10,100,30,0,0.15,0.15
METROLOGY_CONDITIONED_EIG,509009,602.1335234112398,1.1516351808338992,331.98102336139334,1,14,1,0,17,9,12,10,100,30,0,0.15,0.15
NO_PASSIVE,509010,530.9361471685252,2.266698777909328,445.27923823147125,0,0,0,0,12,9,12,10,100,30,0,0.15,0.15
RANDOM,509010,393.314309897488,2.54731302865335,316.7597317620954,5,6,0,1,12,9,12,10,100,30,0,0.15,0.15
HIGHEST_SNR,509010,393.314309897488,2.54731302865335,316.7597317620954,5,6,0,1,12,9,12,10,100,30,0,0.15,0.15
SHORTEST_PULSE,509010,175.1073751800904,2.103955565577427,172.71127017874562,6,5,0,1,12,9,12,10,100,30,0,0.15,0.15
METROLOGY_CONDITIONED_EIG,509010,175.1073751800904,2.103955565577427,172.71127017874562,6,5,0,1,12,9,12,10,100,30,0,0.15,0.15
NO_PASSIVE,509011,100.69852496441864,0.17022236631861004,445.27923823147125,0,0,0,0,54,9,12,10,100,30,0,0.15,0.15
RANDOM,509011,102.59846326654056,1.5151507607120152,79.61434250266238,28,13,0,0,54,9,12,10,100,30,0,0.15,0.15
HIGHEST_SNR,509011,109.25508348525094,1.753795866057821,142.35475083986572,28,13,0,0,54,9,12,10,100,30,0,0.15,0.15
SHORTEST_PULSE,509011,222.27038425318926,1.435223910384932,80.92177443653853,29,12,0,1,54,9,12,10,100,30,0,0.15,0.15
METROLOGY_CONDITIONED_EIG,509011,46.90677566081708,0.7953611648435945,62.24731144910337,28,13,0,0,54,9,12,10,100,30,0,0.15,0.15
NO_PASSIVE,509012,700.8725722653513,1.3316696022117591,445.27923823147125,0,0,0,0,135,9,12,10,100,30,0,0.15,0.15
RANDOM,509012,7.679000079303309,0.4451473715121499,33.771988399433624,43,17,0,0,135,9,12,10,100,30,0,0.15,0.15
HIGHEST_SNR,509012,501.4869309852774,2.2284986636697384,57.42332948318391,27,33,0,3,135,9,12,10,100,30,0,0.15,0.15
SHORTEST_PULSE,509012,47.33027378567862,1.3053057602679266,23.0807914673994,41,19,0,0,135,9,12,10,100,30,0,0.15,0.15
METROLOGY_CONDITIONED_EIG,509012,51.75601641444248,1.3938429369856091,24.42341682231575,44,16,0,0,135,9,12,10,100,30,0,0.15,0.15
NO_PASSIVE,509013,513.2496974405758,1.0477573359161758,445.27923823147125,0,0,0,0,116,9,12,10,100,30,0,0.15,0.15
RANDOM,509013,25.371057119607688,0.9771479596048027,28.720005178239084,38,14,0,2,116,9,12,10,100,30,0,0.15,0.15
HIGHEST_SNR,509013,401.93192992147476,0.7315236355936947,120.16149743530309,5,47,2,1,116,9,12,10,100,30,0,0.15,0.15
SHORTEST_PULSE,509013,316.59605689054564,0.6609140160832,76.07384827831288,12,40,1,0,116,9,12,10,100,30,0,0.15,0.15
METROLOGY_CONDITIONED_EIG,509013,360.465282321886,0.5123641692093719,115.99483888288894,5,47,1,0,116,9,12,10,100,30,0,0.15,0.15
NO_PASSIVE,509014,282.02703868733687,3.4550126354457205,445.27923823147125,0,0,0,0,173,9,12,10,100,30,0,0.15,0.15
RANDOM,509014,116.44270717597358,4.777709560008616,37.10714906464456,19,40,0,2,173,9,12,10,100,30,0,0.15,0.15
HIGHEST_SNR,509014,39.29770760989886,1.1248565270804678,31.32976406234884,45,14,0,4,173,9,12,10,100,30,0,0.15,0.15
SHORTEST_PULSE,509014,11.161300197468128,0.18025933440375386,24.14661852364553,45,14,0,0,173,9,12,10,100,30,0,0.15,0.15
METROLOGY_CONDITIONED_EIG,509014,572.7884276073925,2.6176360644749073,63.88858621805586,7,52,1,2,173,9,12,10,100,30,0,0.15,0.15
NO_PASSIVE,509015,151.8392217197592,1.6041768652827537,445.27923823147125,0,0,0,0,137,9,12,10,100,30,0,0.15,0.15
RANDOM,509015,24.656157738900962,0.8107201124682628,43.40663278216719,34,19,0,0,137,9,12,10,100,30,0,0.15,0.15
HIGHEST_SNR,509015,32.550087526025784,1.0210231584971448,71.57181024966502,36,17,0,0,137,9,12,10,100,30,0,0.15,0.15
SHORTEST_PULSE,509015,22.16518476631224,0.7002899486233586,48.33985837582924,35,18,0,0,137,9,12,10,100,30,0,0.15,0.15
METROLOGY_CONDITIONED_EIG,509015,3.1818407118659953,0.5960409655178192,31.331890927636294,34,19,0,0,137,9,12,10,100,30,0,0.15,0.15
NO_PASSIVE,509016,291.2546759095277,0.8535649190258299,445.27923823147125,0,0,0,0,79,9,12,10,100,30,0,0.15,0.15
RANDOM,509016,64.16164180023051,2.159768380438303,40.56702907041529,26,14,0,2,79,9,12,10,100,30,0,0.15,0.15
HIGHEST_SNR,509016,45.472810297285555,1.037448543692364,100.55308167742342,24,16,0,0,79,9,12,10,100,30,0,0.15,0.15
SHORTEST_PULSE,509016,37.48820753602162,0.19085595504220335,54.003449021022945,27,13,0,1,79,9,12,10,100,30,0,0.15,0.15
METROLOGY_CONDITIONED_EIG,509016,7.980412995652996,1.183972376395129,37.67008094021587,23,17,0,2,79,9,12,10,100,30,0,0.15,0.15
NO_PASSIVE,509017,361.45578250063573,2.368602928606747,445.27923823147125,0,0,0,0,27,9,12,10,100,30,0,0.15,0.15
RANDOM,509017,65.6761534768804,0.3955317883959313,52.41335992307154,21,5,0,0,27,9,12,10,100,30,0,0.15,0.15
HIGHEST_SNR,509017,65.6761534768804,0.3955317883959313,52.41335992307154,21,5,0,0,27,9,12,10,100,30,0,0.15,0.15
SHORTEST_PULSE,509017,105.13416149847042,0.5227345068439772,58.73225956928448,21,5,0,0,27,9,12,10,100,30,0,0.15,0.15
METROLOGY_CONDITIONED_EIG,509017,65.6761534768804,0.3955317883959313,52.41335992307154,21,5,0,0,27,9,12,10,100,30,0,0.15,0.15
NO_PASSIVE,509018,314.8180524041595,1.1898388398279351,445.27923823147125,0,0,0,0,46,9,12,10,100,30,0,0.15,0.15
RANDOM,509018,20.946016129776627,0.9529398627958423,51.40141716274975,22,12,0,0,46,9,12,10,100,30,0,0.15,0.15
HIGHEST_SNR,509018,45.134032896161656,1.4391022824008202,46.563043400233674,25,9,0,0,46,9,12,10,100,30,0,0.15,0.15
SHORTEST_PULSE,509018,39.68320552186113,2.188174337951513,41.00524272826747,25,9,0,1,46,9,12,10,100,30,0,0.15,0.15
METROLOGY_CONDITIONED_EIG,509018,39.95279795724942,2.1774683090575926,41.886774129132945,25,9,0,1,46,9,12,10,100,30,0,0.15,0.15
NO_PASSIVE,509019,1027.095959997185,2.990885756386851,445.27923823147125,0,0,0,0,91,9,12,10,100,30,0,0.15,0.15
RANDOM,509019,34.555607824491744,1.1868380495743815,70.69586044907342,29,10,0,0,91,9,12,10,100,30,0,0.15,0.15
HIGHEST_SNR,509019,128.91193352047452,1.455156907286578,88.74027613985636,28,11,0,0,91,9,12,10,100,30,0,0.15,0.15
SHORTEST_PULSE,509019,115.65675934308116,0.7998933177181312,36.42327461396242,23,16,0,2,91,9,12,10,100,30,0,0.15,0.15
METROLOGY_CONDITIONED_EIG,509019,237.83437391658305,1.263707902997406,59.9922391945705,18,21,0,2,91,9,12,10,100,30,0,0.15,0.15
NO_PASSIVE,509020,667.9514564526569,1.17818540063542,445.27923823147125,0,0,0,0,82,9,12,10,100,30,0,0.15,0.15
RANDOM,509020,12.70017154281784,0.4636154094980912,31.82486321120067,34,10,0,0,82,9,12,10,100,30,0,0.15,0.15
HIGHEST_SNR,509020,37.82494106812186,2.049767067239875,39.84268882583693,31,13,0,0,82,9,12,10,100,30,0,0.15,0.15
SHORTEST_PULSE,509020,7.830206972546802,0.437207936263152,26.04205779927885,31,13,0,0,82,9,12,10,100,30,0,0.15,0.15
METROLOGY_CONDITIONED_EIG,509020,17.822113889041646,0.4119390271243582,29.50820364025312,30,14,0,0,82,9,12,10,100,30,0,0.15,0.15
NO_PASSIVE,509021,502.8766420402155,1.177212159569613,445.27923823147125,0,0,0,0,58,9,12,10,100,30,0,0.15,0.15
RANDOM,509021,18.566771100035446,0.765333928392206,32.306799919124444,34,17,1,1,58,9,12,10,100,30,0,0.15,0.15
HIGHEST_SNR,509021,36.12882841938435,1.056988488790628,33.20949890394663,34,17,1,1,58,9,12,10,100,30,0,0.15,0.15
SHORTEST_PULSE,509021,34.70819747734994,1.1157424772964857,33.204106485768335,34,17,1,1,58,9,12,10,100,30,0,0.15,0.15
METROLOGY_CONDITIONED_EIG,509021,36.12882841938435,1.056988488790628,33.20949890394663,34,17,1,1,58,9,12,10,100,30,0,0.15,0.15
NO_PASSIVE,509022,114.77101408233709,0.340179131512791,445.27923823147125,0,0,0,0,85,9,12,10,100,30,0,0.15,0.15
RANDOM,509022,15.479896718651727,1.1574061483445575,39.189062324795316,33,15,0,0,85,9,12,10,100,30,0,0.15,0.15
HIGHEST_SNR,509022,43.890141149435856,0.37314603231741156,310.13457091757147,34,14,0,0,85,9,12,10,100,30,0,0.15,0.15
SHORTEST_PULSE,509022,96.4777888475691,4.896319404857706,37.81385302954267,21,27,0,3,85,9,12,10,100,30,0,0.15,0.15
METROLOGY_CONDITIONED_EIG,509022,92.13641048234686,4.905508962755043,38.1398771801697,21,27,0,3,85,9,12,10,100,30,0,0.15,0.15
NO_PASSIVE,509023,127.12656595435944,2.28834859547084,445.27923823147125,0,0,0,0,62,9,12,10,100,30,0,0.15,0.15
RANDOM,509023,86.83780673577017,5.913395933411607,32.01819668103408,38,13,0,1,62,9,12,10,100,30,0,0.15,0.15
HIGHEST_SNR,509023,110.3812925795095,6.341878003507141,44.15864884733562,40,11,0,1,62,9,12,10,100,30,0,0.15,0.15
SHORTEST_PULSE,509023,13.366897354296762,0.2669698934259714,27.491611620924008,36,15,0,0,62,9,12,10,100,30,0,0.15,0.15
METROLOGY_CONDITIONED_EIG,509023,67.51619639802972,5.443531626434992,26.894449974574,36,15,0,1,62,9,12,10,100,30,0,0.15,0.15
NO_PASSIVE,509024,295.4040358151659,1.5724156678437624,445.27923823147125,0,0,0,0,20,9,12,10,100,30,0,0.15,0.15
RANDOM,509024,54.24672954140073,2.269668693952483,55.08494528552322,14,3,0,0,20,9,12,10,100,30,0,0.15,0.15
HIGHEST_SNR,509024,67.35376388891245,1.9844315035248767,56.30786639200853,13,4,0,0,20,9,12,10,100,30,0,0.15,0.15
SHORTEST_PULSE,509024,55.67949044251626,1.400541846332052,54.655791408187156,15,2,0,0,20,9,12,10,100,30,0,0.15,0.15
METROLOGY_CONDITIONED_EIG,509024,61.194799342446764,1.4580171354368219,55.49943159095706,14,3,0,0,20,9,12,10,100,30,0,0.15,0.15
NO_PASSIVE,509025,457.21874667681266,1.59377200077304,445.27923823147125,0,0,0,0,54,9,12,10,100,30,0,0.15,0.15
RANDOM,509025,12.40667988709022,0.5182073544850045,36.14745608252494,32,8,0,2,54,9,12,10,100,30,0,0.15,0.15
HIGHEST_SNR,509025,29.59339844017819,0.997683862384984,39.07082558957992,32,8,0,2,54,9,12,10,100,30,0,0.15,0.15
SHORTEST_PULSE,509025,14.130755366791595,0.33622144512103114,36.76660017090916,30,10,0,0,54,9,12,10,100,30,0,0.15,0.15
METROLOGY_CONDITIONED_EIG,509025,9.241846802711036,0.10524243311324165,35.98486532139786,30,10,0,1,54,9,12,10,100,30,0,0.15,0.15
NO_PASSIVE,509026,240.0931206850697,1.4143470529964965,445.27923823147125,0,0,0,0,105,9,12,10,100,30,0,0.15,0.15
RANDOM,509026,3.349710854886494,0.7332378497541768,26.633960998989178,41,18,0,0,105,9,12,10,100,30,0,0.15,0.15
HIGHEST_SNR,509026,17.148730384173522,1.9471002584579078,30.726785071352598,38,21,0,2,105,9,12,10,100,30,0,0.15,0.15
SHORTEST_PULSE,509026,13.072946864825756,0.039890718898096096,25.259543184665517,37,22,0,0,105,9,12,10,100,30,0,0.15,0.15
METROLOGY_CONDITIONED_EIG,509026,16.97423665776281,0.6014870559525981,24.91191612517099,39,20,0,1,105,9,12,10,100,30,0,0.15,0.15
NO_PASSIVE,509027,721.2916433137472,4.215537137565644,445.27923823147125,0,0,0,0,129,9,12,10,100,30,0,0.15,0.15
RANDOM,509027,7.363005226231485,0.45325763770269895,28.650284011886757,36,12,0,3,129,9,12,10,100,30,0,0.15,0.15
HIGHEST_SNR,509027,11.07531875808041,0.3843359166315848,26.731418827649083,30,18,0,1,129,9,12,10,100,30,0,0.15,0.15
SHORTEST_PULSE,509027,704.9950783079263,4.442957051599168,101.33724743114813,4,44,0,4,129,9,12,10,100,30,0,0.15,0.15
METROLOGY_CONDITIONED_EIG,509027,748.7604047638964,5.273512416837149,100.5666459097349,5,43,0,4,129,9,12,10,100,30,0,0.15,0.15
NO_PASSIVE,509028,323.1759042871319,0.8414972423688618,445.27923823147125,0,0,0,0,64,9,12,10,100,30,0,0.15,0.15
RANDOM,509028,43.26251437667208,0.36655000416735767,44.369163903181196,32,11,0,0,64,9,12,10,100,30,0,0.15,0.15
HIGHEST_SNR,509028,66.09240049542557,1.0531350852940669,42.25721764518591,31,12,0,0,64,9,12,10,100,30,0,0.15,0.15
SHORTEST_PULSE,509028,58.908666066599935,0.536458248787506,38.11442785147266,34,9,0,0,64,9,12,10,100,30,0,0.15,0.15
METROLOGY_CONDITIONED_EIG,509028,61.708456683599756,0.6607129710635669,36.94615649468921,32,11,0,0,64,9,12,10,100,30,0,0.15,0.15
NO_PASSIVE,509029,647.5232357182778,2.1901127622395182,445.27923823147125,0,0,0,0,58,9,12,10,100,30,0,0.15,0.15
RANDOM,509029,864.3047790847377,5.370228013664604,103.3181306488288,9,26,0,3,58,9,12,10,100,30,0,0.15,0.15
HIGHEST_SNR,509029,1023.4855291782667,6.274761565451821,131.2949304393311,11,24,0,3,58,9,12,10,100,30,0,0.15,0.15
SHORTEST_PULSE,509029,812.9483391694444,1.1021404022355588,105.57571766153352,4,31,0,2,58,9,12,10,100,30,0,0.15,0.15
METROLOGY_CONDITIONED_EIG,509029,1036.7935597347246,4.896669216116227,139.23119610879473,3,32,0,2,58,9,12,10,100,30,0,0.15,0.15
NO_PASSIVE,510000,228.27772474881735,0.8769957660728088,445.27923823147125,0,0,0,0,84,10,12,10,100,30,20,0.0,0.0
RANDOM,510000,30.51387850142736,1.462542528411801,25.443740630420777,52,2,0,0,84,10,12,10,100,30,20,0.0,0.0
HIGHEST_SNR,510000,47.729850719910644,2.033438184917903,22.705671783385192,53,1,0,0,84,10,12,10,100,30,20,0.0,0.0
SHORTEST_PULSE,510000,13.324216490843993,0.8821595862636842,29.843390722235068,53,1,0,0,84,10,12,10,100,30,20,0.0,0.0
METROLOGY_CONDITIONED_EIG,510000,48.09982816497522,2.060692096288426,22.699406873366655,53,1,0,0,84,10,12,10,100,30,20,0.0,0.0
NO_PASSIVE,510001,70.06328422747774,2.9003572213557405,445.27923823147125,0,0,0,0,52,10,12,10,100,30,20,0.0,0.0
RANDOM,510001,20.28172550068397,1.17942634078609,29.596744485213954,35,0,0,0,52,10,12,10,100,30,20,0.0,0.0
HIGHEST_SNR,510001,25.269064315482595,1.3154269828056333,28.275192843242756,35,0,0,0,52,10,12,10,100,30,20,0.0,0.0
SHORTEST_PULSE,510001,43.929489910326296,1.5370437145098743,34.4524612093769,35,0,0,0,52,10,12,10,100,30,20,0.0,0.0
METROLOGY_CONDITIONED_EIG,510001,27.962095822528003,1.5142950542492388,27.262113114650756,35,0,0,0,52,10,12,10,100,30,20,0.0,0.0
NO_PASSIVE,510002,48.974475189137955,1.2816447160300966,445.27923823147125,0,0,0,0,75,10,12,10,100,30,20,0.0,0.0
RANDOM,510002,33.328186916152205,0.8136997164530642,47.705191410947315,37,0,0,0,75,10,12,10,100,30,20,0.0,0.0
HIGHEST_SNR,510002,64.79122973433189,0.6618294789366688,59.300146662968764,37,0,0,0,75,10,12,10,100,30,20,0.0,0.0
SHORTEST_PULSE,510002,61.82896033869909,0.5512747010083009,65.98966564449127,37,0,0,0,75,10,12,10,100,30,20,0.0,0.0
METROLOGY_CONDITIONED_EIG,510002,23.898483744586272,0.9232114953787904,44.86879150898619,37,0,0,0,75,10,12,10,100,30,20,0.0,0.0
NO_PASSIVE,510003,198.498618529987,3.5987510997863414,445.27923823147125,0,0,0,0,2,10,12,10,100,30,20,0.0,0.0
RANDOM,510003,146.51394850721957,4.031120416939479,318.6780142012889,2,0,0,0,2,10,12,10,100,30,20,0.0,0.0
HIGHEST_SNR,510003,146.51394850721957,4.031120416939479,318.6780142012889,2,0,0,0,2,10,12,10,100,30,20,0.0,0.0
SHORTEST_PULSE,510003,146.51394850721957,4.031120416939479,318.6780142012889,2,0,0,0,2,10,12,10,100,30,20,0.0,0.0
METROLOGY_CONDITIONED_EIG,510003,146.51394850721957,4.031120416939479,318.6780142012889,2,0,0,0,2,10,12,10,100,30,20,0.0,0.0
NO_PASSIVE,510004,364.33715532010154,1.3709948183741518,445.27923823147125,0,0,0,0,135,10,12,10,100,30,20,0.0,0.0
RANDOM,510004,21.340413060313846,1.1024280517209704,21.939459315046356,58,0,0,0,135,10,12,10,100,30,20,0.0,0.0
HIGHEST_SNR,510004,38.485335394805254,1.558370011961779,32.811095698786836,58,0,0,0,135,10,12,10,100,30,20,0.0,0.0
SHORTEST_PULSE,510004,32.844207370619806,1.327778340960837,26.93591848549066,57,1,0,0,135,10,12,10,100,30,20,0.0,0.0
METROLOGY_CONDITIONED_EIG,510004,23.899454371788,1.0742291072807606,19.554624116370686,58,0,0,0,135,10,12,10,100,30,20,0.0,0.0
NO_PASSIVE,510005,191.30140907050273,1.9967647551924896,445.27923823147125,0,0,0,0,55,10,12,10,100,30,20,0.0,0.0
RANDOM,510005,111.02944915282212,3.040972086800689,56.022713920692375,48,1,0,0,55,10,12,10,100,30,20,0.0,0.0
HIGHEST_SNR,510005,71.79521326905409,2.2684002021489764,61.55232168024964,48,1,0,0,55,10,12,10,100,30,20,0.0,0.0
SHORTEST_PULSE,510005,49.596687882763085,1.9920906356502577,23.69581198112033,48,1,0,0,55,10,12,10,100,30,20,0.0,0.0
METROLOGY_CONDITIONED_EIG,510005,46.11777782049759,1.9182981529820777,23.738977057838607,48,1,0,0,55,10,12,10,100,30,20,0.0,0.0
NO_PASSIVE,510006,342.2348099030029,2.1649497424025035,445.27923823147125,0,0,0,0,80,10,12,10,100,30,20,0.0,0.0
RANDOM,510006,49.27320389516782,1.6232247843620184,32.37851418417219,56,1,0,0,80,10,12,10,100,30,20,0.0,0.0
HIGHEST_SNR,510006,19.524865959874166,1.1341679648128475,36.24690143947691,57,0,0,0,80,10,12,10,100,30,20,0.0,0.0
SHORTEST_PULSE,510006,60.29725619740836,1.776915989009984,34.77160433794668,56,1,0,0,80,10,12,10,100,30,20,0.0,0.0
METROLOGY_CONDITIONED_EIG,510006,28.403835501633818,1.1225582778257535,31.2358943249691,57,0,0,0,80,10,12,10,100,30,20,0.0,0.0
NO_PASSIVE,510007,390.2892731529826,4.104485621450025,445.27923823147125,0,0,0,0,77,10,12,10,100,30,20,0.0,0.0
RANDOM,510007,104.22294827386966,2.694985031589157,32.281193651323356,47,6,0,0,77,10,12,10,100,30,20,0.0,0.0
HIGHEST_SNR,510007,66.17910283384602,2.0313769973754745,37.456131456770954,52,1,0,0,77,10,12,10,100,30,20,0.0,0.0
SHORTEST_PULSE,510007,25.89637214726289,1.2598085534357493,25.617337787906287,51,2,0,0,77,10,12,10,100,30,20,0.0,0.0
METROLOGY_CONDITIONED_EIG,510007,23.866661278859183,1.1842272430666596,25.696022338414217,50,3,0,0,77,10,12,10,100,30,20,0.0,0.0
NO_PASSIVE,510008,764.2368274109829,3.9556947839845074,445.27923823147125,0,0,0,0,42,10,12,10,100,30,20,0.0,0.0
RANDOM,510008,13.369399050828326,0.8278182364760552,28.018986309158684,30,1,0,0,42,10,12,10,100,30,20,0.0,0.0
HIGHEST_SNR,510008,39.86397240692832,1.4991139297385574,28.745022262418818,30,1,0,0,42,10,12,10,100,30,20,0.0,0.0
SHORTEST_PULSE,510008,8.620106617841252,0.9237102225035713,26.74397741738443,30,1,0,0,42,10,12,10,100,30,20,0.0,0.0
METROLOGY_CONDITIONED_EIG,510008,28.739226243128616,1.268807737799747,28.0106006403679,29,2,0,0,42,10,12,10,100,30,20,0.0,0.0
NO_PASSIVE,510009,448.5904928253741,3.1985937509705216,445.27923823147125,0,0,0,0,95,10,12,10,100,30,20,0.0,0.0
RANDOM,510009,38.70960665151765,1.3592262468939782,29.744594393365336,57,1,0,0,95,10,12,10,100,30,20,0.0,0.0
HIGHEST_SNR,510009,31.40795044395915,0.9714020238407014,32.03603241730041,57,1,0,0,95,10,12,10,100,30,20,0.0,0.0
SHORTEST_PULSE,510009,35.20910289281528,1.2129160229110634,28.906295610140855,58,0,0,0,95,10,12,10,100,30,20,0.0,0.0
METROLOGY_CONDITIONED_EIG,510009,23.070659973627205,1.2938848485376124,29.241835720010286,57,1,0,0,95,10,12,10,100,30,20,0.0,0.0
NO_PASSIVE,510010,101.71966895518698,2.2804334573103766,445.27923823147125,0,0,0,0,119,10,12,10,100,30,20,0.0,0.0
RANDOM,510010,31.38177145550295,1.5285099633753358,30.089006225036044,43,1,0,0,119,10,12,10,100,30,20,0.0,0.0
HIGHEST_SNR,510010,17.713228667336324,1.246140368284211,23.422628037570608,44,0,0,0,119,10,12,10,100,30,20,0.0,0.0
SHORTEST_PULSE,510010,19.892622834728872,0.7680546333918844,19.079796253445977,44,0,0,0,119,10,12,10,100,30,20,0.0,0.0
METROLOGY_CONDITIONED_EIG,510010,23.158065504672447,1.0998825855763044,18.094524114514403,44,0,0,0,119,10,12,10,100,30,20,0.0,0.0
NO_PASSIVE,510011,436.2921684801543,2.3497015138141837,445.27923823147125,0,0,0,0,45,10,12,10,100,30,20,0.0,0.0
RANDOM,510011,27.290930842675632,1.3196099499502745,43.01139088482074,32,0,0,0,45,10,12,10,100,30,20,0.0,0.0
HIGHEST_SNR,510011,40.27817598291401,1.6334636602195438,39.384348776295354,32,0,0,0,45,10,12,10,100,30,20,0.0,0.0
SHORTEST_PULSE,510011,28.236193272358676,1.1441548182991281,50.41173648908621,32,0,0,0,45,10,12,10,100,30,20,0.0,0.0
METROLOGY_CONDITIONED_EIG,510011,36.972038225390335,1.178567768040722,39.43057118593605,32,0,0,0,45,10,12,10,100,30,20,0.0,0.0
NO_PASSIVE,510012,192.48873134134425,1.4800464830556022,445.27923823147125,0,0,0,0,58,10,12,10,100,30,20,0.0,0.0
RANDOM,510012,16.769540764585297,0.7167971208469425,21.154772194498598,50,0,0,0,58,10,12,10,100,30,20,0.0,0.0
HIGHEST_SNR,510012,18.583829394879075,0.6937996923716124,24.64783473639642,49,1,0,0,58,10,12,10,100,30,20,0.0,0.0
SHORTEST_PULSE,510012,9.673806182594463,0.5063802458913507,21.230070385847057,50,0,0,0,58,10,12,10,100,30,20,0.0,0.0
METROLOGY_CONDITIONED_EIG,510012,16.77683388967385,0.7124609061616559,21.154275654124206,50,0,0,0,58,10,12,10,100,30,20,0.0,0.0
NO_PASSIVE,510013,637.986319823488,2.1150496298130306,445.27923823147125,0,0,0,0,19,10,12,10,100,30,20,0.0,0.0
RANDOM,510013,14.174831960132687,0.15679455092949354,30.74359341319183,18,0,0,0,19,10,12,10,100,30,20,0.0,0.0
HIGHEST_SNR,510013,14.174831960132687,0.15679455092949354,30.74359341319183,18,0,0,0,19,10,12,10,100,30,20,0.0,0.0
SHORTEST_PULSE,510013,14.174831960132687,0.15679455092949354,30.74359341319183,18,0,0,0,19,10,12,10,100,30,20,0.0,0.0
METROLOGY_CONDITIONED_EIG,510013,14.174831960132687,0.15679455092949354,30.74359341319183,18,0,0,0,19,10,12,10,100,30,20,0.0,0.0
NO_PASSIVE,510014,670.9030667079754,4.05605259210894,445.27923823147125,0,0,0,0,87,10,12,10,100,30,20,0.0,0.0
RANDOM,510014,47.16818423487893,1.1903328229202428,19.62435957002326,54,1,0,0,87,10,12,10,100,30,20,0.0,0.0
HIGHEST_SNR,510014,51.81253539282113,1.2032112995149247,25.512181147058982,54,1,0,0,87,10,12,10,100,30,20,0.0,0.0
SHORTEST_PULSE,510014,53.35691435967793,1.2348078662266384,19.677372139868037,54,1,0,0,87,10,12,10,100,30,20,0.0,0.0
METROLOGY_CONDITIONED_EIG,510014,44.736892030901416,1.100466371262824,19.72667203976147,55,0,0,0,87,10,12,10,100,30,20,0.0,0.0
NO_PASSIVE,510015,260.03689304500654,2.6197086379504175,445.27923823147125,0,0,0,0,160,10,12,10,100,30,20,0.0,0.0
RANDOM,510015,5.578062800287449,0.7213346234954178,17.549841595890047,59,0,0,0,160,10,12,10,100,30,20,0.0,0.0
HIGHEST_SNR,510015,17.062230695652733,0.4667107995079311,17.267634778134482,59,0,0,0,160,10,12,10,100,30,20,0.0,0.0
SHORTEST_PULSE,510015,14.288763860175289,0.6009133114856526,13.167706673748325,58,1,0,0,160,10,12,10,100,30,20,0.0,0.0
METROLOGY_CONDITIONED_EIG,510015,13.851696146865715,0.8010893400512653,13.53875888915137,59,0,0,0,160,10,12,10,100,30,20,0.0,0.0
NO_PASSIVE,510016,476.77900296913964,1.6861758466119108,445.27923823147125,0,0,0,0,55,10,12,10,100,30,20,0.0,0.0
RANDOM,510016,30.356130232135072,1.2211676689683773,37.66072848260894,45,0,0,0,55,10,12,10,100,30,20,0.0,0.0
HIGHEST_SNR,510016,34.05451315212483,1.4109907321118191,38.53635881654887,45,0,0,0,55,10,12,10,100,30,20,0.0,0.0
SHORTEST_PULSE,510016,31.507800469731798,1.2174200922858582,34.3490150921726,45,0,0,0,55,10,12,10,100,30,20,0.0,0.0
METROLOGY_CONDITIONED_EIG,510016,32.689991692863096,1.258404659519886,33.78792045629064,45,0,0,0,55,10,12,10,100,30,20,0.0,0.0
NO_PASSIVE,510017,182.62640065175876,1.9877102323884088,445.27923823147125,0,0,0,0,139,10,12,10,100,30,20,0.0,0.0
RANDOM,510017,28.94923311610054,1.372255363738872,23.404821618554358,59,1,0,0,139,10,12,10,100,30,20,0.0,0.0
HIGHEST_SNR,510017,12.421113551340525,0.8126830316028038,21.453098330657106,58,2,0,0,139,10,12,10,100,30,20,0.0,0.0
SHORTEST_PULSE,510017,11.927512781012307,0.7992582713765602,17.40971875543573,59,1,0,0,139,10,12,10,100,30,20,0.0,0.0
METROLOGY_CONDITIONED_EIG,510017,14.188063704758267,0.7120659126198158,17.535621383211748,58,2,0,0,139,10,12,10,100,30,20,0.0,0.0
NO_PASSIVE,510018,305.9461423845823,5.50204611045603,445.27923823147125,0,0,0,0,81,10,12,10,100,30,20,0.0,0.0
RANDOM,510018,56.446120380788166,1.3703744863117755,35.62300720357098,46,1,0,0,81,10,12,10,100,30,20,0.0,0.0
HIGHEST_SNR,510018,60.52311526524625,2.0684859896484973,34.08470487194446,45,2,0,0,81,10,12,10,100,30,20,0.0,0.0
SHORTEST_PULSE,510018,60.05966554572192,2.0527226723645517,38.232522196361565,46,1,0,0,81,10,12,10,100,30,20,0.0,0.0
METROLOGY_CONDITIONED_EIG,510018,65.88843815283319,2.086850918191725,29.83550285379679,45,2,0,0,81,10,12,10,100,30,20,0.0,0.0
NO_PASSIVE,510019,573.2137349353219,2.1381650363473166,445.27923823147125,0,0,0,0,98,10,12,10,100,30,20,0.0,0.0
RANDOM,510019,22.61138458113615,1.16586463913558,24.77228248467485,51,0,0,0,98,10,12,10,100,30,20,0.0,0.0
HIGHEST_SNR,510019,16.795198508211804,0.5860253372798209,19.716473483737325,50,1,0,0,98,10,12,10,100,30,20,0.0,0.0
SHORTEST_PULSE,510019,16.795198508211804,0.5860253372798209,19.716473483737325,50,1,0,0,98,10,12,10,100,30,20,0.0,0.0
METROLOGY_CONDITIONED_EIG,510019,17.136264856079713,0.9097258772177688,20.720349524354347,48,3,0,0,98,10,12,10,100,30,20,0.0,0.0
NO_PASSIVE,510020,150.639707788158,2.3936686100141387,445.27923823147125,0,0,0,0,80,10,12,10,100,30,20,0.0,0.0
RANDOM,510020,4.906293894762382,0.8675537346758303,30.636472744224456,54,1,0,0,80,10,12,10,100,30,20,0.0,0.0
HIGHEST_SNR,510020,12.451970855982658,1.0681926353510134,39.43997759740633,55,0,0,0,80,10,12,10,100,30,20,0.0,0.0
SHORTEST_PULSE,510020,3.295505883429533,0.9968099551165177,22.540479460011838,55,0,0,0,80,10,12,10,100,30,20,0.0,0.0
METROLOGY_CONDITIONED_EIG,510020,2.764489166882043,0.9557048918394738,22.66767015422801,55,0,0,0,80,10,12,10,100,30,20,0.0,0.0
NO_PASSIVE,510021,28.70391648994947,1.957545803633808,445.27923823147125,0,0,0,0,55,10,12,10,100,30,20,0.0,0.0
RANDOM,510021,42.8891638416903,0.81366228566147,60.47089991574414,27,1,0,0,55,10,12,10,100,30,20,0.0,0.0
HIGHEST_SNR,510021,47.15206950720875,1.2703188860806192,88.60862796955517,27,1,0,0,55,10,12,10,100,30,20,0.0,0.0
SHORTEST_PULSE,510021,63.015748947137055,0.7299282829462244,68.20927847294709,27,1,0,0,55,10,12,10,100,30,20,0.0,0.0
METROLOGY_CONDITIONED_EIG,510021,36.06989819509485,1.2837817618279683,49.91262800639294,26,2,0,0,55,10,12,10,100,30,20,0.0,0.0
NO_PASSIVE,510022,474.62911766698596,1.7366656366104483,445.27923823147125,0,0,0,0,47,10,12,10,100,30,20,0.0,0.0
RANDOM,510022,20.354736764076193,1.145121880054175,31.25134223272557,35,1,0,0,47,10,12,10,100,30,20,0.0,0.0
HIGHEST_SNR,510022,15.766236516885622,1.0209570752866999,30.19443108667527,36,0,0,0,47,10,12,10,100,30,20,0.0,0.0
SHORTEST_PULSE,510022,19.449003853577445,1.1130283701132286,30.282123932271883,35,1,0,0,47,10,12,10,100,30,20,0.0,0.0
METROLOGY_CONDITIONED_EIG,510022,20.335730991103127,1.0976046065472376,30.235120906566607,35,1,0,0,47,10,12,10,100,30,20,0.0,0.0
NO_PASSIVE,510023,275.948645145714,0.37810461125360967,445.27923823147125,0,0,0,0,75,10,12,10,100,30,20,0.0,0.0
RANDOM,510023,26.715137533249127,0.6370229712743815,34.26994567510518,57,0,0,0,75,10,12,10,100,30,20,0.0,0.0
HIGHEST_SNR,510023,41.13119668662122,0.9256788254816731,38.016305942184786,57,0,0,0,75,10,12,10,100,30,20,0.0,0.0
SHORTEST_PULSE,510023,7.745218199651358,0.35559868985657445,29.95993103346321,57,0,0,0,75,10,12,10,100,30,20,0.0,0.0
METROLOGY_CONDITIONED_EIG,510023,11.287742997364365,0.7360583305599536,27.87428626584303,57,0,0,0,75,10,12,10,100,30,20,0.0,0.0
NO_PASSIVE,510024,351.9810487489309,5.686824063442643,445.27923823147125,0,0,0,0,157,10,12,10,100,30,20,0.0,0.0
RANDOM,510024,18.64906038281723,0.8066960655537957,19.497217263068293,57,0,0,0,157,10,12,10,100,30,20,0.0,0.0
HIGHEST_SNR,510024,32.464650442634834,0.9695525338083307,22.47943804420351,57,0,0,0,157,10,12,10,100,30,20,0.0,0.0
SHORTEST_PULSE,510024,5.464114400291922,0.5037114830541103,14.827490260258891,56,1,0,0,157,10,12,10,100,30,20,0.0,0.0
METROLOGY_CONDITIONED_EIG,510024,15.501544364507758,0.6926653956957376,15.919223855949026,56,1,0,0,157,10,12,10,100,30,20,0.0,0.0
NO_PASSIVE,510025,801.0643693833474,1.7535104696698274,445.27923823147125,0,0,0,0,70,10,12,10,100,30,20,0.0,0.0
RANDOM,510025,1.0056872014955904,0.5399538591698723,32.010094854372426,43,3,0,0,70,10,12,10,100,30,20,0.0,0.0
HIGHEST_SNR,510025,9.086294840004403,0.7186179694751376,43.550662066442726,44,2,0,0,70,10,12,10,100,30,20,0.0,0.0
SHORTEST_PULSE,510025,4.513565389035621,0.12367310230872561,29.910695239408795,45,1,0,0,70,10,12,10,100,30,20,0.0,0.0
METROLOGY_CONDITIONED_EIG,510025,4.513565389035621,0.12367310230872561,29.910695239408795,45,1,0,0,70,10,12,10,100,30,20,0.0,0.0
NO_PASSIVE,510026,303.0360578120989,2.743028171919201,445.27923823147125,0,0,0,0,97,10,12,10,100,30,20,0.0,0.0
RANDOM,510026,19.47337020844253,1.303905642674293,16.75533173725435,52,1,0,0,97,10,12,10,100,30,20,0.0,0.0
HIGHEST_SNR,510026,14.379363689275596,1.3192011470137581,22.72872045703084,52,1,0,0,97,10,12,10,100,30,20,0.0,0.0
SHORTEST_PULSE,510026,25.25876869364828,1.3266966653038748,16.20464494892963,52,1,0,0,97,10,12,10,100,30,20,0.0,0.0
METROLOGY_CONDITIONED_EIG,510026,4.930095595885478,0.5137793612995867,14.0296561161093,52,1,0,0,97,10,12,10,100,30,20,0.0,0.0
NO_PASSIVE,510027,345.14971780763045,0.9937136275715972,445.27923823147125,0,0,0,0,70,10,12,10,100,30,20,0.0,0.0
RANDOM,510027,31.194909324945897,0.6088863014888124,28.542648143108337,37,1,0,0,70,10,12,10,100,30,20,0.0,0.0
HIGHEST_SNR,510027,29.198624767987194,0.947264386051023,41.45075512117252,36,2,0,0,70,10,12,10,100,30,20,0.0,0.0
SHORTEST_PULSE,510027,17.49348701640995,0.5048065635195735,24.770440019021777,36,2,0,0,70,10,12,10,100,30,20,0.0,0.0
METROLOGY_CONDITIONED_EIG,510027,26.058204140093448,0.4379109251000836,23.998832729291994,37,1,0,0,70,10,12,10,100,30,20,0.0,0.0
NO_PASSIVE,510028,205.74788772759788,0.6815529046163263,445.27923823147125,0,0,0,0,117,10,12,10,100,30,20,0.0,0.0
RANDOM,510028,16.698308377613028,0.495795036455578,18.61976400295006,52,0,0,0,117,10,12,10,100,30,20,0.0,0.0
HIGHEST_SNR,510028,26.656006978787232,1.7174379044692147,19.91126345768461,52,0,0,0,117,10,12,10,100,30,20,0.0,0.0
SHORTEST_PULSE,510028,29.055311683869174,1.030052862855454,16.808087529890948,52,0,0,0,117,10,12,10,100,30,20,0.0,0.0
METROLOGY_CONDITIONED_EIG,510028,20.898750052929902,0.7017863277445746,17.364332882902595,52,0,0,0,117,10,12,10,100,30,20,0.0,0.0
NO_PASSIVE,510029,472.3362269791735,4.724972871457377,445.27923823147125,0,0,0,0,149,10,12,10,100,30,20,0.0,0.0
RANDOM,510029,55.76608371774428,1.4718865601005122,28.76260399348359,58,2,0,0,149,10,12,10,100,30,20,0.0,0.0
HIGHEST_SNR,510029,49.76037216760929,1.6132762999347983,28.854446882733605,60,0,0,0,149,10,12,10,100,30,20,0.0,0.0
SHORTEST_PULSE,510029,17.307684712905154,0.6307839302549986,20.995036509870847,58,2,0,0,149,10,12,10,100,30,20,0.0,0.0
METROLOGY_CONDITIONED_EIG,510029,15.738472682609846,0.8242839034955346,21.225359552166083,59,1,0,0,149,10,12,10,100,30,20,0.0,0.0
NO_PASSIVE,511000,750.0821928016151,2.4446156357470326,445.27923823147125,0,0,0,0,119,11,12,10,100,30,20,0.0,0.05
RANDOM,511000,14.961940157565706,1.0452382922365746,36.8641442940829,50,2,0,1,119,11,12,10,100,30,20,0.0,0.05
HIGHEST_SNR,511000,25.389584295513323,0.6916260950477315,42.845481391718906,49,3,0,1,119,11,12,10,100,30,20,0.0,0.05
SHORTEST_PULSE,511000,27.902890179528757,0.9748991346380858,31.768078283411644,51,1,0,1,119,11,12,10,100,30,20,0.0,0.05
METROLOGY_CONDITIONED_EIG,511000,39.68963333666361,1.3113760008706694,32.78085316565689,49,3,0,1,119,11,12,10,100,30,20,0.0,0.05
NO_PASSIVE,511001,233.95750376608933,3.004291666164528,445.27923823147125,0,0,0,0,68,11,12,10,100,30,20,0.0,0.05
RANDOM,511001,311.3692124807954,1.8100343360693567,89.57651042790447,20,20,0,1,68,11,12,10,100,30,20,0.0,0.05
HIGHEST_SNR,511001,317.1184591845594,1.9509424556636379,89.41502132891517,26,14,0,1,68,11,12,10,100,30,20,0.0,0.05
SHORTEST_PULSE,511001,303.5222901228671,1.8857753405585282,89.30530872680869,23,17,0,1,68,11,12,10,100,30,20,0.0,0.05
METROLOGY_CONDITIONED_EIG,511001,116.23978617319766,1.2638978303543262,47.64934712707624,17,23,0,1,68,11,12,10,100,30,20,0.0,0.05
NO_PASSIVE,511002,424.77397285157133,0.6946270324839903,445.27923823147125,0,0,0,0,157,11,12,10,100,30,20,0.0,0.05
RANDOM,511002,28.834987115893544,0.3768231528123372,26.8862081983573,53,2,0,1,157,11,12,10,100,30,20,0.0,0.05
HIGHEST_SNR,511002,19.003867018729327,0.3281798046482637,27.33103296180977,53,2,0,0,157,11,12,10,100,30,20,0.0,0.05
SHORTEST_PULSE,511002,14.384991415424093,1.4255180951914905,31.303543023398095,51,4,0,0,157,11,12,10,100,30,20,0.0,0.05
METROLOGY_CONDITIONED_EIG,511002,16.613194783967607,0.8200498405440895,23.319324765696624,52,3,0,0,157,11,12,10,100,30,20,0.0,0.05
NO_PASSIVE,511003,345.08460290237895,1.5124446109581757,445.27923823147125,0,0,0,0,126,11,12,10,100,30,20,0.0,0.05
RANDOM,511003,13.616283778253022,1.327656632131303,25.90728408142167,53,7,0,0,126,11,12,10,100,30,20,0.0,0.05
HIGHEST_SNR,511003,8.05329109149151,0.2031772049800352,32.199596276655505,56,4,0,0,126,11,12,10,100,30,20,0.0,0.05
SHORTEST_PULSE,511003,6.59520326277273,0.5854831158282849,23.004046882981434,54,6,0,0,126,11,12,10,100,30,20,0.0,0.05
METROLOGY_CONDITIONED_EIG,511003,5.7409785457374936,0.671990790187806,19.83686254231849,55,5,0,0,126,11,12,10,100,30,20,0.0,0.05
NO_PASSIVE,511004,566.5599019529704,1.273672197833141,445.27923823147125,0,0,0,0,63,11,12,10,100,30,20,0.0,0.05
RANDOM,511004,41.1355360371722,1.8713979364795796,26.37357023482649,28,2,0,0,63,11,12,10,100,30,20,0.0,0.05
HIGHEST_SNR,511004,29.315116105159312,1.8011776513819753,33.79898352670922,28,2,0,1,63,11,12,10,100,30,20,0.0,0.05
SHORTEST_PULSE,511004,34.20080107801147,1.241700133238104,24.35993576023572,29,1,0,0,63,11,12,10,100,30,20,0.0,0.05
METROLOGY_CONDITIONED_EIG,511004,26.277710643548247,0.48918724461551727,24.117288284689053,27,3,0,1,63,11,12,10,100,30,20,0.0,0.05
NO_PASSIVE,511005,448.56989373800894,0.5982733683536043,445.27923823147125,0,0,0,0,69,11,12,10,100,30,20,0.0,0.05
RANDOM,511005,23.084263241676823,0.23134665820092837,32.054244297430664,43,0,0,0,69,11,12,10,100,30,20,0.0,0.05
HIGHEST_SNR,511005,12.188952873495182,0.9201708380591029,41.130475718256825,42,1,0,0,69,11,12,10,100,30,20,0.0,0.05
SHORTEST_PULSE,511005,7.822934745718351,0.585956041205519,40.57712771810386,42,1,0,0,69,11,12,10,100,30,20,0.0,0.05
METROLOGY_CONDITIONED_EIG,511005,27.36439695590713,0.7566276409382596,29.301535493395274,42,1,0,0,69,11,12,10,100,30,20,0.0,0.05
NO_PASSIVE,511006,154.65120578292178,0.4997729479937431,445.27923823147125,0,0,0,0,88,11,12,10,100,30,20,0.0,0.05
RANDOM,511006,12.789514166294712,0.8154358301911256,31.558197647171635,54,0,0,0,88,11,12,10,100,30,20,0.0,0.05
HIGHEST_SNR,511006,21.191632728765928,0.7760913366221921,32.90330374883051,54,0,0,0,88,11,12,10,100,30,20,0.0,0.05
SHORTEST_PULSE,511006,18.20279955314064,0.8304560292317179,29.4048689594007,54,0,0,0,88,11,12,10,100,30,20,0.0,0.05
METROLOGY_CONDITIONED_EIG,511006,16.72145442208776,0.775197213779089,29.579893788712276,54,0,0,0,88,11,12,10,100,30,20,0.0,0.05
NO_PASSIVE,511007,124.66152413099783,2.631979392518601,445.27923823147125,0,0,0,0,51,11,12,10,100,30,20,0.0,0.05
RANDOM,511007,39.675741793578425,3.0997161251931837,69.1527326210249,20,5,0,0,51,11,12,10,100,30,20,0.0,0.05
HIGHEST_SNR,511007,188.82761501070172,2.2172226067290315,140.1493816119346,23,2,0,0,51,11,12,10,100,30,20,0.0,0.05
SHORTEST_PULSE,511007,234.73649519147816,0.6517544219847374,187.50811143102098,20,5,0,0,51,11,12,10,100,30,20,0.0,0.05
METROLOGY_CONDITIONED_EIG,511007,78.06822824438636,2.2215271551765783,64.6508312374176,22,3,0,0,51,11,12,10,100,30,20,0.0,0.05
NO_PASSIVE,511008,217.51565893553988,4.440132251404756,445.27923823147125,0,0,0,0,92,11,12,10,100,30,20,0.0,0.05
RANDOM,511008,20.817543292556785,1.299012864410658,21.603781116849753,43,1,0,0,92,11,12,10,100,30,20,0.0,0.05
HIGHEST_SNR,511008,27.071330709607096,1.196033637648209,21.097871606531367,44,0,0,0,92,11,12,10,100,30,20,0.0,0.05
SHORTEST_PULSE,511008,19.430131057336837,1.122045674960895,23.2909888561448,44,0,0,0,92,11,12,10,100,30,20,0.0,0.05
METROLOGY_CONDITIONED_EIG,511008,28.14186626626698,1.2598081135369756,20.809456468179928,44,0,0,0,92,11,12,10,100,30,20,0.0,0.05
NO_PASSIVE,511009,373.02261021211734,3.152655050535024,445.27923823147125,0,0,0,0,50,11,12,10,100,30,20,0.0,0.05
RANDOM,511009,40.826329023089755,2.0671304383117337,25.182099991867613,37,2,0,1,50,11,12,10,100,30,20,0.0,0.05
HIGHEST_SNR,511009,26.875439228688432,1.759332406640867,34.14663387391956,37,2,0,1,50,11,12,10,100,30,20,0.0,0.05
SHORTEST_PULSE,511009,39.17488652152633,1.8034288715711917,24.88803468407526,37,2,0,1,50,11,12,10,100,30,20,0.0,0.05
METROLOGY_CONDITIONED_EIG,511009,39.141189780048855,1.6398152798624277,25.136114832760043,35,4,0,1,50,11,12,10,100,30,20,0.0,0.05
NO_PASSIVE,511010,489.851113451168,3.9252865479988053,445.27923823147125,0,0,0,0,54,11,12,10,100,30,20,0.0,0.05
RANDOM,511010,141.81911112728497,1.589769316352158,136.16484010065108,34,3,0,1,54,11,12,10,100,30,20,0.0,0.05
HIGHEST_SNR,511010,60.778112728210424,1.335286850125306,127.03108395675862,35,2,0,1,54,11,12,10,100,30,20,0.0,0.05
SHORTEST_PULSE,511010,60.778112728210424,1.335286850125306,127.03108395675862,35,2,0,1,54,11,12,10,100,30,20,0.0,0.05
METROLOGY_CONDITIONED_EIG,511010,59.88924712518163,1.5023941152162372,121.02333554813353,35,2,0,1,54,11,12,10,100,30,20,0.0,0.05
NO_PASSIVE,511011,156.99060565367958,2.3912624560922695,445.27923823147125,0,0,0,0,72,11,12,10,100,30,20,0.0,0.05
RANDOM,511011,8.432997601309836,0.7072024279992278,19.776964407857132,43,6,0,1,72,11,12,10,100,30,20,0.0,0.05
HIGHEST_SNR,511011,15.99341365828601,0.7681290941188814,18.194708001108925,43,6,0,0,72,11,12,10,100,30,20,0.0,0.05
SHORTEST_PULSE,511011,18.634528294582307,0.9069347464190054,17.479622456347524,43,6,0,0,72,11,12,10,100,30,20,0.0,0.05
METROLOGY_CONDITIONED_EIG,511011,20.12650567047743,0.8080030371644014,17.609883558444313,43,6,0,0,72,11,12,10,100,30,20,0.0,0.05
NO_PASSIVE,511012,314.17708673594404,1.919223195819875,445.27923823147125,0,0,0,0,50,11,12,10,100,30,20,0.0,0.05
RANDOM,511012,5.23459393211932,0.8902921946942659,35.11575587011539,30,2,0,0,50,11,12,10,100,30,20,0.0,0.05
HIGHEST_SNR,511012,39.79998494243866,0.44495200821594644,48.87497626816059,31,1,0,0,50,11,12,10,100,30,20,0.0,0.05
SHORTEST_PULSE,511012,32.13597542276393,0.5207564489640629,33.751046248839195,31,1,0,0,50,11,12,10,100,30,20,0.0,0.05
METROLOGY_CONDITIONED_EIG,511012,5.592138429140929,0.6125110700075097,33.70597099401841,30,2,0,0,50,11,12,10,100,30,20,0.0,0.05
NO_PASSIVE,511013,659.7795008778603,1.8493472841107588,445.27923823147125,0,0,0,0,95,11,12,10,100,30,20,0.0,0.05
RANDOM,511013,13.242122954459779,0.6751678961168444,26.99921628545046,55,2,0,0,95,11,12,10,100,30,20,0.0,0.05
HIGHEST_SNR,511013,50.910678802262424,1.4609085209093047,39.32282885798725,55,2,0,0,95,11,12,10,100,30,20,0.0,0.05
SHORTEST_PULSE,511013,9.270597355120923,0.3743391023619976,23.677197297660207,55,2,0,0,95,11,12,10,100,30,20,0.0,0.05
METROLOGY_CONDITIONED_EIG,511013,17.95421398788245,0.7073052082045653,24.03470538379654,55,2,0,0,95,11,12,10,100,30,20,0.0,0.05
NO_PASSIVE,511014,351.4112382132534,4.10004789760914,445.27923823147125,0,0,0,0,135,11,12,10,100,30,20,0.0,0.05
RANDOM,511014,33.33007179213093,0.7013268544295368,27.42423185617992,57,3,0,0,135,11,12,10,100,30,20,0.0,0.05
HIGHEST_SNR,511014,80.14022378127511,2.9744062637424937,48.051179709620136,57,3,0,1,135,11,12,10,100,30,20,0.0,0.05
SHORTEST_PULSE,511014,18.38708392926319,0.988215879449047,19.270905271326352,56,4,0,0,135,11,12,10,100,30,20,0.0,0.05
METROLOGY_CONDITIONED_EIG,511014,14.366382961724204,0.7772293667447512,18.794964685779888,56,4,0,0,135,11,12,10,100,30,20,0.0,0.05
NO_PASSIVE,511015,290.81234904662966,1.0027245098406168,445.27923823147125,0,0,0,0,103,11,12,10,100,30,20,0.0,0.05
RANDOM,511015,15.624572703596893,0.21509305558439407,33.391617458574544,54,3,0,0,103,11,12,10,100,30,20,0.0,0.05
HIGHEST_SNR,511015,19.673852618633916,0.6437480504018028,42.422871729160974,55,2,0,0,103,11,12,10,100,30,20,0.0,0.05
SHORTEST_PULSE,511015,22.264336068857343,0.6286028709253098,29.185216569671613,54,3,0,0,103,11,12,10,100,30,20,0.0,0.05
METROLOGY_CONDITIONED_EIG,511015,2.6146809743826007,0.7143949586237014,29.056210166132477,55,2,0,0,103,11,12,10,100,30,20,0.0,0.05
NO_PASSIVE,511016,586.3895404364164,2.6737739735256927,445.27923823147125,0,0,0,0,44,11,12,10,100,30,20,0.0,0.05
RANDOM,511016,39.54668110191532,1.8210705093966528,40.45583189051586,32,1,0,0,44,11,12,10,100,30,20,0.0,0.05
HIGHEST_SNR,511016,33.39548549372464,1.2394358221071853,44.47463890365863,31,2,0,0,44,11,12,10,100,30,20,0.0,0.05
SHORTEST_PULSE,511016,36.790725795007454,1.4192542285395344,40.526765255172236,31,2,0,0,44,11,12,10,100,30,20,0.0,0.05
METROLOGY_CONDITIONED_EIG,511016,45.20419855211743,1.4931431612108537,40.510831690996255,31,2,0,0,44,11,12,10,100,30,20,0.0,0.05
NO_PASSIVE,511017,423.78978398115834,3.3824507630030065,445.27923823147125,0,0,0,0,53,11,12,10,100,30,20,0.0,0.05
RANDOM,511017,21.443479762034947,0.9780277322635351,28.61722747092693,39,0,0,0,53,11,12,10,100,30,20,0.0,0.05
HIGHEST_SNR,511017,59.582561116655604,0.7944472478073834,55.52943908384559,37,2,0,0,53,11,12,10,100,30,20,0.0,0.05
SHORTEST_PULSE,511017,23.579266003809103,0.9317463866272042,27.912180129100793,39,0,0,0,53,11,12,10,100,30,20,0.0,0.05
METROLOGY_CONDITIONED_EIG,511017,30.994255692292068,1.3054311537154764,27.61932266838268,39,0,0,0,53,11,12,10,100,30,20,0.0,0.05
NO_PASSIVE,511018,286.5015335588538,2.747480226133215,445.27923823147125,0,0,0,0,18,11,12,10,100,30,20,0.0,0.05
RANDOM,511018,13.266092341637927,1.7540416818827702,29.026961863332406,16,0,0,0,18,11,12,10,100,30,20,0.0,0.05
HIGHEST_SNR,511018,13.266092341637927,1.7540416818827702,29.026961863332406,16,0,0,0,18,11,12,10,100,30,20,0.0,0.05
SHORTEST_PULSE,511018,13.266092341637927,1.7540416818827702,29.026961863332406,16,0,0,0,18,11,12,10,100,30,20,0.0,0.05
METROLOGY_CONDITIONED_EIG,511018,13.266092341637927,1.7540416818827702,29.026961863332406,16,0,0,0,18,11,12,10,100,30,20,0.0,0.05
NO_PASSIVE,511019,157.3115777310213,2.309989254273255,445.27923823147125,0,0,0,0,97,11,12,10,100,30,20,0.0,0.05
RANDOM,511019,14.122286545066986,0.846553305362265,21.021245343502923,52,0,0,0,97,11,12,10,100,30,20,0.0,0.05
HIGHEST_SNR,511019,12.541171187734337,0.43751676485757496,25.36917911136814,52,0,0,0,97,11,12,10,100,30,20,0.0,0.05
SHORTEST_PULSE,511019,26.749944366079788,1.2233412589070496,21.626791743362705,51,1,0,0,97,11,12,10,100,30,20,0.0,0.05
METROLOGY_CONDITIONED_EIG,511019,10.98320885613265,0.4795683019976401,19.31059341566019,52,0,0,0,97,11,12,10,100,30,20,0.0,0.05
NO_PASSIVE,511020,877.2009873459006,6.43139837736704,445.27923823147125,0,0,0,0,47,11,12,10,100,30,20,0.0,0.05
RANDOM,511020,69.3491736637886,4.117436877566662,57.26061095506435,31,5,0,0,47,11,12,10,100,30,20,0.0,0.05
HIGHEST_SNR,511020,267.55964056810666,3.7948873137449635,86.6957263665094,32,4,0,1,47,11,12,10,100,30,20,0.0,0.05
SHORTEST_PULSE,511020,72.811645059408,4.22269772436063,57.19055627867177,31,5,0,0,47,11,12,10,100,30,20,0.0,0.05
METROLOGY_CONDITIONED_EIG,511020,47.18634340012888,3.8517088077360015,54.82153945618034,31,5,0,0,47,11,12,10,100,30,20,0.0,0.05
NO_PASSIVE,511021,425.90639916616504,1.034279125697319,445.27923823147125,0,0,0,0,35,11,12,10,100,30,20,0.0,0.05
RANDOM,511021,37.430981951552596,0.6916944134750688,67.70887697778191,25,2,0,0,35,11,12,10,100,30,20,0.0,0.05
HIGHEST_SNR,511021,90.41980178783095,0.299871272310975,78.50157937264447,25,2,0,0,35,11,12,10,100,30,20,0.0,0.05
SHORTEST_PULSE,511021,90.41980178783095,0.299871272310975,78.50157937264447,25,2,0,0,35,11,12,10,100,30,20,0.0,0.05
METROLOGY_CONDITIONED_EIG,511021,6.240928895284457,0.2728468709443994,50.03310572456568,25,2,0,0,35,11,12,10,100,30,20,0.0,0.05
NO_PASSIVE,511022,360.5023573702708,2.267911371315502,445.27923823147125,0,0,0,0,165,11,12,10,100,30,20,0.0,0.05
RANDOM,511022,16.30803838911394,0.40033523921081027,21.3539188162563,60,0,0,1,165,11,12,10,100,30,20,0.0,0.05
HIGHEST_SNR,511022,216.02027591585522,1.9817595488762756,139.88511016540343,58,2,0,0,165,11,12,10,100,30,20,0.0,0.05
SHORTEST_PULSE,511022,3.3974550524940423,0.43003642660109,18.708027358629472,58,2,0,1,165,11,12,10,100,30,20,0.0,0.05
METROLOGY_CONDITIONED_EIG,511022,30.29807015615047,0.9319121153653669,18.47472565513361,56,4,0,0,165,11,12,10,100,30,20,0.0,0.05
NO_PASSIVE,511023,209.17953169858114,1.5771094469469513,445.27923823147125,0,0,0,0,98,11,12,10,100,30,20,0.0,0.05
RANDOM,511023,366.14573234421226,5.092592375646096,93.7175376371299,8,32,0,1,98,11,12,10,100,30,20,0.0,0.05
HIGHEST_SNR,511023,273.7337399953399,2.1107465284275597,106.2716274331509,11,29,0,1,98,11,12,10,100,30,20,0.0,0.05
SHORTEST_PULSE,511023,477.4036176879999,5.810232894921676,117.04856261198675,8,32,0,1,98,11,12,10,100,30,20,0.0,0.05
METROLOGY_CONDITIONED_EIG,511023,189.0658720289652,6.263747369142023,69.24313127900304,6,34,0,1,98,11,12,10,100,30,20,0.0,0.05
NO_PASSIVE,511024,658.7904057248121,0.48671153009389756,445.27923823147125,0,0,0,0,64,11,12,10,100,30,20,0.0,0.05
RANDOM,511024,21.816161773494738,0.6025086817190414,22.816546391654605,42,6,0,0,64,11,12,10,100,30,20,0.0,0.05
HIGHEST_SNR,511024,9.391203343962179,0.45920665691979107,23.881155129462268,44,4,0,0,64,11,12,10,100,30,20,0.0,0.05
SHORTEST_PULSE,511024,10.870059566140814,0.573561686422941,21.55473235247318,42,6,0,0,64,11,12,10,100,30,20,0.0,0.05
METROLOGY_CONDITIONED_EIG,511024,15.078137551905595,0.6332450305174162,21.436458980979992,41,7,0,0,64,11,12,10,100,30,20,0.0,0.05
NO_PASSIVE,511025,563.7186083044593,1.0410296047651864,445.27923823147125,0,0,0,0,95,11,12,10,100,30,20,0.0,0.05
RANDOM,511025,21.732000783143125,1.1845829319244592,28.259029719742276,48,3,0,0,95,11,12,10,100,30,20,0.0,0.05
HIGHEST_SNR,511025,29.57567483907572,0.9182236615268526,38.01128507904333,48,3,0,0,95,11,12,10,100,30,20,0.0,0.05
SHORTEST_PULSE,511025,36.14650152347672,1.2839836132132676,29.415855852954213,47,4,0,0,95,11,12,10,100,30,20,0.0,0.05
METROLOGY_CONDITIONED_EIG,511025,30.854758922786687,1.4584847907739926,26.567192137283985,48,3,0,0,95,11,12,10,100,30,20,0.0,0.05
NO_PASSIVE,511026,667.0228780999404,3.717526149757267,445.27923823147125,0,0,0,0,69,11,12,10,100,30,20,0.0,0.05
RANDOM,511026,10.39359589900788,0.7924343359690182,35.8713890981152,46,3,0,0,69,11,12,10,100,30,20,0.0,0.05
HIGHEST_SNR,511026,28.462164644072466,0.36600272616440227,36.228769188052276,47,2,0,0,69,11,12,10,100,30,20,0.0,0.05
SHORTEST_PULSE,511026,13.907430712327741,0.45072111399172693,35.36928756731231,46,3,0,0,69,11,12,10,100,30,20,0.0,0.05
METROLOGY_CONDITIONED_EIG,511026,17.250947757715952,0.42583998465826844,34.182700707518315,46,3,0,0,69,11,12,10,100,30,20,0.0,0.05
NO_PASSIVE,511027,254.1952216455535,5.195107855725252,445.27923823147125,0,0,0,0,93,11,12,10,100,30,20,0.0,0.05
RANDOM,511027,41.15895362338657,1.002905944461192,25.199843623083318,48,5,0,0,93,11,12,10,100,30,20,0.0,0.05
HIGHEST_SNR,511027,55.451451704267726,1.7713266840427655,37.102192738789356,50,3,0,0,93,11,12,10,100,30,20,0.0,0.05
SHORTEST_PULSE,511027,35.59224908096214,1.0452069140545526,23.4261775890838,51,2,0,0,93,11,12,10,100,30,20,0.0,0.05
METROLOGY_CONDITIONED_EIG,511027,36.0084026576276,1.0502963888342345,23.710908058470267,51,2,0,0,93,11,12,10,100,30,20,0.0,0.05
NO_PASSIVE,511028,370.0752942509468,2.6025038073435125,445.27923823147125,0,0,0,0,75,11,12,10,100,30,20,0.0,0.05
RANDOM,511028,63.79611247525394,2.020637243188797,52.918648539080856,54,6,0,2,75,11,12,10,100,30,20,0.0,0.05
HIGHEST_SNR,511028,62.8224937146772,1.3964036565643572,49.27484146393518,54,6,0,2,75,11,12,10,100,30,20,0.0,0.05
SHORTEST_PULSE,511028,65.1641196157772,2.064266334272399,55.23048715841066,54,6,0,2,75,11,12,10,100,30,20,0.0,0.05
METROLOGY_CONDITIONED_EIG,511028,62.8224937146772,1.3964036565643572,49.27484146393518,54,6,0,2,75,11,12,10,100,30,20,0.0,0.05
NO_PASSIVE,511029,355.42341439808007,1.8971243711300703,445.27923823147125,0,0,0,0,126,11,12,10,100,30,20,0.0,0.05
RANDOM,511029,50.63396271616444,1.8949313428083792,24.44248692471706,49,7,0,1,126,11,12,10,100,30,20,0.0,0.05
HIGHEST_SNR,511029,41.505402503494146,0.7245961364845168,51.33243013807527,51,5,0,1,126,11,12,10,100,30,20,0.0,0.05
SHORTEST_PULSE,511029,12.209232325829941,0.5280764855670729,19.05413761399243,55,1,0,0,126,11,12,10,100,30,20,0.0,0.05
METROLOGY_CONDITIONED_EIG,511029,15.047879232909576,0.6524063793185163,18.549172775707213,51,5,0,1,126,11,12,10,100,30,20,0.0,0.05
NO_PASSIVE,512000,171.80496613881516,1.40804915640978,445.27923823147125,0,0,0,0,129,12,12,10,100,30,20,0.0,0.15
RANDOM,512000,52.119645088667625,1.9941042628143042,26.98747317905467,51,8,0,2,129,12,12,10,100,30,20,0.0,0.15
HIGHEST_SNR,512000,36.26171865896082,1.1477620320321746,32.864728766777205,49,10,0,0,129,12,12,10,100,30,20,0.0,0.15
SHORTEST_PULSE,512000,504.42543441292366,2.210670122238672,47.25195870039319,25,34,0,4,129,12,12,10,100,30,20,0.0,0.15
METROLOGY_CONDITIONED_EIG,512000,10.286642136043499,0.9546753553709557,25.533700886375442,45,14,0,1,129,12,12,10,100,30,20,0.0,0.15
NO_PASSIVE,512001,440.2099586560179,4.189488899294428,445.27923823147125,0,0,0,0,47,12,12,10,100,30,20,0.0,0.15
RANDOM,512001,12.397731870374242,0.23844116780653454,45.51091835564981,38,4,0,0,47,12,12,10,100,30,20,0.0,0.15
HIGHEST_SNR,512001,15.891162065187649,0.3853096061044008,53.04451726246794,37,5,0,0,47,12,12,10,100,30,20,0.0,0.15
SHORTEST_PULSE,512001,16.51318263668744,0.2977496484259216,43.31878803976644,38,4,0,0,47,12,12,10,100,30,20,0.0,0.15
METROLOGY_CONDITIONED_EIG,512001,17.79167585778933,0.3363934253653889,43.24677107204232,39,3,0,0,47,12,12,10,100,30,20,0.0,0.15
NO_PASSIVE,512002,478.28820528786156,1.2885556993302472,445.27923823147125,0,0,0,0,144,12,12,10,100,30,20,0.0,0.15
RANDOM,512002,24.568869488393204,1.2408396520171374,40.20278628419571,38,10,0,0,144,12,12,10,100,30,20,0.0,0.15
HIGHEST_SNR,512002,21.62910659473691,0.7219686838154463,34.109781515683224,42,6,0,1,144,12,12,10,100,30,20,0.0,0.15
SHORTEST_PULSE,512002,13.681485552261806,0.7898084154327106,37.00694119921599,41,7,0,0,144,12,12,10,100,30,20,0.0,0.15
METROLOGY_CONDITIONED_EIG,512002,38.850815157773575,0.9028954369922757,29.273520933804495,40,8,0,1,144,12,12,10,100,30,20,0.0,0.15
NO_PASSIVE,512003,569.1285554781219,4.618847102667883,445.27923823147125,0,0,0,0,38,12,12,10,100,30,20,0.0,0.15
RANDOM,512003,60.01103734958116,4.98029405284953,50.73534064021608,26,5,0,0,38,12,12,10,100,30,20,0.0,0.15
HIGHEST_SNR,512003,99.57848005808333,4.369575737556192,73.3185424442913,27,4,0,0,38,12,12,10,100,30,20,0.0,0.15
SHORTEST_PULSE,512003,72.93596336530008,4.391708065628867,50.40282711151893,27,4,0,0,38,12,12,10,100,30,20,0.0,0.15
METROLOGY_CONDITIONED_EIG,512003,72.93596336530008,4.391708065628867,50.40282711151893,27,4,0,0,38,12,12,10,100,30,20,0.0,0.15
NO_PASSIVE,512004,130.46687912519312,2.215912868438969,445.27923823147125,0,0,0,0,82,12,12,10,100,30,20,0.0,0.15
RANDOM,512004,43.31386308446827,1.7848396682729828,47.30956602993528,30,12,0,0,82,12,12,10,100,30,20,0.0,0.15
HIGHEST_SNR,512004,81.77368937483261,1.8430852613989475,42.26306676012452,35,7,0,0,82,12,12,10,100,30,20,0.0,0.15
SHORTEST_PULSE,512004,25.680786169817857,0.7085011715851601,43.27816759604743,33,9,0,0,82,12,12,10,100,30,20,0.0,0.15
METROLOGY_CONDITIONED_EIG,512004,21.44210940017504,1.3032535544610835,32.988836873867044,34,8,0,0,82,12,12,10,100,30,20,0.0,0.15
NO_PASSIVE,512005,160.11065186513667,2.0999203844303596,445.27923823147125,0,0,0,0,20,12,12,10,100,30,20,0.0,0.15
RANDOM,512005,20.652506596818153,0.5807490397343895,31.26803083704086,18,1,0,1,20,12,12,10,100,30,20,0.0,0.15
HIGHEST_SNR,512005,20.652506596818153,0.5807490397343895,31.26803083704086,18,1,0,1,20,12,12,10,100,30,20,0.0,0.15
SHORTEST_PULSE,512005,13.692612523424245,0.4214510952865796,27.081695539112655,18,1,0,1,20,12,12,10,100,30,20,0.0,0.15
METROLOGY_CONDITIONED_EIG,512005,13.692612523424245,0.4214510952865796,27.081695539112655,18,1,0,1,20,12,12,10,100,30,20,0.0,0.15
NO_PASSIVE,512006,489.2086336204432,2.661446258890217,445.27923823147125,0,0,0,0,58,12,12,10,100,30,20,0.0,0.15
RANDOM,512006,46.81258422088617,0.992175991806149,35.42019814850273,39,1,0,1,58,12,12,10,100,30,20,0.0,0.15
HIGHEST_SNR,512006,56.356976752072484,3.7765607529195613,41.90632400130936,39,1,0,2,58,12,12,10,100,30,20,0.0,0.15
SHORTEST_PULSE,512006,23.881458992290806,1.14936326148894,31.893010180859466,38,2,0,1,58,12,12,10,100,30,20,0.0,0.15
METROLOGY_CONDITIONED_EIG,512006,16.18875139761108,0.4611083063318494,32.822931938054154,37,3,0,1,58,12,12,10,100,30,20,0.0,0.15
NO_PASSIVE,512007,193.19061646401806,1.0999563675289197,445.27923823147125,0,0,0,0,161,12,12,10,100,30,20,0.0,0.15
RANDOM,512007,22.30949294678124,1.7248442846793095,33.94845661345397,31,5,0,1,161,12,12,10,100,30,20,0.0,0.15
HIGHEST_SNR,512007,418.7685677213213,1.7131180110415865,217.45288413424194,2,34,0,2,161,12,12,10,100,30,20,0.0,0.15
SHORTEST_PULSE,512007,106.23809519740433,2.6492382151938627,52.522287939542245,31,5,0,0,161,12,12,10,100,30,20,0.0,0.15
METROLOGY_CONDITIONED_EIG,512007,10.253059326543191,0.11815583169309431,25.06472252695615,32,4,0,3,161,12,12,10,100,30,20,0.0,0.15
NO_PASSIVE,512008,478.81309342424464,0.32090089255432064,445.27923823147125,0,0,0,0,43,12,12,10,100,30,20,0.0,0.15
RANDOM,512008,345.58641309960444,0.6222698737488974,103.34352904305965,24,5,0,1,43,12,12,10,100,30,20,0.0,0.15
HIGHEST_SNR,512008,89.45039774173026,1.0794039159286046,55.23738625528167,26,3,0,0,43,12,12,10,100,30,20,0.0,0.15
SHORTEST_PULSE,512008,53.90064835548883,0.8932582717710987,48.56767800750461,26,3,0,0,43,12,12,10,100,30,20,0.0,0.15
METROLOGY_CONDITIONED_EIG,512008,61.633575462955605,1.026236717754112,49.01794964807687,25,4,0,0,43,12,12,10,100,30,20,0.0,0.15
NO_PASSIVE,512009,209.18491919010668,2.459538660262572,445.27923823147125,0,0,0,0,150,12,12,10,100,30,20,0.0,0.15
RANDOM,512009,14.807273679674768,0.7592959240828548,18.29453086911022,42,12,0,1,150,12,12,10,100,30,20,0.0,0.15
HIGHEST_SNR,512009,17.723891192368978,1.0209692553205307,16.679275453304935,44,10,0,1,150,12,12,10,100,30,20,0.0,0.15
SHORTEST_PULSE,512009,18.492114705407584,0.9775561867661023,16.007995283416374,48,6,0,1,150,12,12,10,100,30,20,0.0,0.15
METROLOGY_CONDITIONED_EIG,512009,18.882102780481873,1.0197118668984706,16.03123552714847,45,9,0,1,150,12,12,10,100,30,20,0.0,0.15
NO_PASSIVE,512010,270.902651518633,2.707367051426563,445.27923823147125,0,0,0,0,23,12,12,10,100,30,20,0.0,0.15
RANDOM,512010,58.97664254258514,1.5781896134214692,62.66289859766229,19,1,0,1,23,12,12,10,100,30,20,0.0,0.15
HIGHEST_SNR,512010,64.94287876014093,2.12163542493412,62.72948706744862,19,1,0,1,23,12,12,10,100,30,20,0.0,0.15
SHORTEST_PULSE,512010,52.02438055420071,1.0617551113987675,62.439277589987675,19,1,0,0,23,12,12,10,100,30,20,0.0,0.15
METROLOGY_CONDITIONED_EIG,512010,49.08888218016792,1.3586913552938966,62.237745546146336,19,1,0,0,23,12,12,10,100,30,20,0.0,0.15
NO_PASSIVE,512011,373.52407122353566,0.9949937873746779,445.27923823147125,0,0,0,0,33,12,12,10,100,30,20,0.0,0.15
RANDOM,512011,18.921337878348492,0.7714182611739472,60.43668053708179,25,4,0,0,33,12,12,10,100,30,20,0.0,0.15
HIGHEST_SNR,512011,8.926607590344496,1.0343863279869678,58.61722902877178,26,3,0,0,33,12,12,10,100,30,20,0.0,0.15
SHORTEST_PULSE,512011,24.977428369389997,0.5781218512171643,56.43406026358453,26,3,0,0,33,12,12,10,100,30,20,0.0,0.15
METROLOGY_CONDITIONED_EIG,512011,18.574373710367194,0.8103040787900069,58.132742400837316,25,4,0,0,33,12,12,10,100,30,20,0.0,0.15
NO_PASSIVE,512012,782.1058629493291,1.4113841903085864,445.27923823147125,0,0,0,0,114,12,12,10,100,30,20,0.0,0.15
RANDOM,512012,46.269391655713626,2.4261392707817593,35.408901455557995,38,13,0,3,114,12,12,10,100,30,20,0.0,0.15
HIGHEST_SNR,512012,188.76462898137743,0.6066172980336283,50.57540537510968,40,11,0,3,114,12,12,10,100,30,20,0.0,0.15
SHORTEST_PULSE,512012,540.6478897626026,1.3121501339526513,45.84151907805489,22,29,0,3,114,12,12,10,100,30,20,0.0,0.15
METROLOGY_CONDITIONED_EIG,512012,677.2804703997466,2.1652303908529555,62.48277940542986,5,46,0,2,114,12,12,10,100,30,20,0.0,0.15
NO_PASSIVE,512013,68.78515333270984,3.5283770219976796,445.27923823147125,0,0,0,0,186,12,12,10,100,30,20,0.0,0.15
RANDOM,512013,40.91377742217587,2.4568185985995075,25.274204445993085,36,24,0,3,186,12,12,10,100,30,20,0.0,0.15
HIGHEST_SNR,512013,39.28083257299864,2.0933080337324554,26.610324601104434,51,9,0,1,186,12,12,10,100,30,20,0.0,0.15
SHORTEST_PULSE,512013,31.79893968638861,1.085671275741814,21.69329658539879,50,10,0,0,186,12,12,10,100,30,20,0.0,0.15
METROLOGY_CONDITIONED_EIG,512013,42.56740801054668,2.0226708004490765,21.51320473698873,52,8,0,0,186,12,12,10,100,30,20,0.0,0.15
NO_PASSIVE,512014,297.3073806233887,1.7907084706634417,445.27923823147125,0,0,0,0,46,12,12,10,100,30,20,0.0,0.15
RANDOM,512014,32.84302628319796,2.360368211038756,44.65326642551141,41,4,0,2,46,12,12,10,100,30,20,0.0,0.15
HIGHEST_SNR,512014,32.84302628319796,2.360368211038756,44.65326642551141,41,4,0,2,46,12,12,10,100,30,20,0.0,0.15
SHORTEST_PULSE,512014,26.337263273221254,1.0864634885515247,44.56257998264552,41,4,0,2,46,12,12,10,100,30,20,0.0,0.15
METROLOGY_CONDITIONED_EIG,512014,26.337263273221254,1.0864634885515247,44.56257998264552,41,4,0,2,46,12,12,10,100,30,20,0.0,0.15
NO_PASSIVE,512015,170.25412859678363,2.9600472378405054,445.27923823147125,0,0,0,0,26,12,12,10,100,30,20,0.0,0.15
RANDOM,512015,57.35985054575996,1.7737766201943412,67.31345570024436,14,6,0,0,26,12,12,10,100,30,20,0.0,0.15
HIGHEST_SNR,512015,87.55521486478138,2.148265178692784,74.8907074402707,13,7,0,0,26,12,12,10,100,30,20,0.0,0.15
SHORTEST_PULSE,512015,88.35884864491823,2.1278534962717064,74.85162721908227,13,7,0,0,26,12,12,10,100,30,20,0.0,0.15
METROLOGY_CONDITIONED_EIG,512015,56.1410799303289,1.7562812362300302,66.01763499636039,14,6,0,0,26,12,12,10,100,30,20,0.0,0.15
NO_PASSIVE,512016,275.7204434953751,2.3539850910964053,445.27923823147125,0,0,0,0,38,12,12,10,100,30,20,0.0,0.15
RANDOM,512016,20.996163080759686,0.7692829638450558,53.056129503855324,25,7,0,0,38,12,12,10,100,30,20,0.0,0.15
HIGHEST_SNR,512016,25.55684960441325,0.7844518009747987,53.86005263440561,25,7,0,0,38,12,12,10,100,30,20,0.0,0.15
SHORTEST_PULSE,512016,25.55684960441325,0.7844518009747987,53.86005263440561,25,7,0,0,38,12,12,10,100,30,20,0.0,0.15
METROLOGY_CONDITIONED_EIG,512016,24.334925652123363,1.0311950409016182,47.33630819828631,26,6,0,0,38,12,12,10,100,30,20,0.0,0.15
NO_PASSIVE,512017,319.89067209840067,3.0639526640079273,445.27923823147125,0,0,0,0,78,12,12,10,100,30,20,0.0,0.15
RANDOM,512017,49.215363534990864,1.161507967919976,60.23171171723169,52,4,0,1,78,12,12,10,100,30,20,0.0,0.15
HIGHEST_SNR,512017,69.34532234260159,0.7483132393478255,57.24830653555518,52,4,0,1,78,12,12,10,100,30,20,0.0,0.15
SHORTEST_PULSE,512017,26.69587342730826,0.9629539094559012,54.13534492572519,48,8,0,2,78,12,12,10,100,30,20,0.0,0.15
METROLOGY_CONDITIONED_EIG,512017,48.68297845538004,0.9673706793017056,44.203539789264696,52,4,0,2,78,12,12,10,100,30,20,0.0,0.15
NO_PASSIVE,512018,568.577832003698,1.66630070569806,445.27923823147125,0,0,0,0,86,12,12,10,100,30,20,0.0,0.15
RANDOM,512018,41.48340318289358,1.1159561374268778,33.00501195394979,44,8,0,0,86,12,12,10,100,30,20,0.0,0.15
HIGHEST_SNR,512018,9.994052330269966,2.4904715243670723,33.962725001195096,48,4,0,1,86,12,12,10,100,30,20,0.0,0.15
SHORTEST_PULSE,512018,25.727223384827667,0.5648916116823864,31.287759150952066,43,9,0,0,86,12,12,10,100,30,20,0.0,0.15
METROLOGY_CONDITIONED_EIG,512018,39.32950385431445,0.963936470364465,30.817403970738077,44,8,0,0,86,12,12,10,100,30,20,0.0,0.15
NO_PASSIVE,512019,177.9804943724371,3.175875885665313,445.27923823147125,0,0,0,0,74,12,12,10,100,30,20,0.0,0.15
RANDOM,512019,27.131931952048244,1.1728729632214803,27.79847982828834,39,11,0,0,74,12,12,10,100,30,20,0.0,0.15
HIGHEST_SNR,512019,16.876381373047874,1.0250863332695879,27.937869754928148,41,9,0,0,74,12,12,10,100,30,20,0.0,0.15
SHORTEST_PULSE,512019,22.45147764933101,1.0400110224044057,22.513134622857038,40,10,0,0,74,12,12,10,100,30,20,0.0,0.15
METROLOGY_CONDITIONED_EIG,512019,19.880336679413436,1.0446232555625492,22.07425102321707,41,9,0,0,74,12,12,10,100,30,20,0.0,0.15
NO_PASSIVE,512020,354.92549211423693,2.087243692107016,445.27923823147125,0,0,0,0,56,12,12,10,100,30,20,0.0,0.15
RANDOM,512020,43.73435634410963,1.071321044013769,54.5184241368622,44,4,0,0,56,12,12,10,100,30,20,0.0,0.15
HIGHEST_SNR,512020,77.78370680494037,0.6442858407663445,56.68754926197438,44,4,0,0,56,12,12,10,100,30,20,0.0,0.15
SHORTEST_PULSE,512020,77.78370680494037,0.6442858407663445,56.68754926197438,44,4,0,0,56,12,12,10,100,30,20,0.0,0.15
METROLOGY_CONDITIONED_EIG,512020,42.71742565747059,0.8145413637417447,53.286482951339565,43,5,0,0,56,12,12,10,100,30,20,0.0,0.15
NO_PASSIVE,512021,329.94683741993845,3.591116879410154,445.27923823147125,0,0,0,0,46,12,12,10,100,30,20,0.0,0.15
RANDOM,512021,26.724165877178255,3.9090190899676607,71.32162491691925,26,7,0,1,46,12,12,10,100,30,20,0.0,0.15
HIGHEST_SNR,512021,83.71223709411547,1.6718721470289795,317.97273416143497,29,4,0,0,46,12,12,10,100,30,20,0.0,0.15
SHORTEST_PULSE,512021,87.72507643610794,1.5717253246715899,318.14460943767745,28,5,0,0,46,12,12,10,100,30,20,0.0,0.15
METROLOGY_CONDITIONED_EIG,512021,167.26346704029856,1.4719607214431645,81.80687777866306,26,7,0,2,46,12,12,10,100,30,20,0.0,0.15
NO_PASSIVE,512022,369.55472934550727,2.388921557328343,445.27923823147125,0,0,0,0,123,12,12,10,100,30,20,0.0,0.15
RANDOM,512022,59.78980153908066,1.853443694407068,39.76357340793889,41,6,0,0,123,12,12,10,100,30,20,0.0,0.15
HIGHEST_SNR,512022,44.62416959922169,1.488102700036484,48.67637676519323,38,9,0,0,123,12,12,10,100,30,20,0.0,0.15
SHORTEST_PULSE,512022,34.43671332727018,1.1433582695260207,30.040798474321434,41,6,0,0,123,12,12,10,100,30,20,0.0,0.15
METROLOGY_CONDITIONED_EIG,512022,35.806305046504725,1.112042888427677,30.195375143984535,40,7,0,0,123,12,12,10,100,30,20,0.0,0.15
NO_PASSIVE,512023,144.26146857819987,5.379507232171143,445.27923823147125,0,0,0,0,39,12,12,10,100,30,20,0.0,0.15
RANDOM,512023,40.62967744151639,2.3994963932183917,51.17603124699661,25,3,0,0,39,12,12,10,100,30,20,0.0,0.15
HIGHEST_SNR,512023,47.21210896385568,2.6962263018372727,55.83955717780643,24,4,0,0,39,12,12,10,100,30,20,0.0,0.15
SHORTEST_PULSE,512023,54.70131360154517,2.649076357542094,33.233144489245966,26,2,0,0,39,12,12,10,100,30,20,0.0,0.15
METROLOGY_CONDITIONED_EIG,512023,58.278979293335155,2.9289377198613993,33.783167528169784,27,1,0,0,39,12,12,10,100,30,20,0.0,0.15
NO_PASSIVE,512024,257.7931458448914,2.537400960759419,445.27923823147125,0,0,0,0,126,12,12,10,100,30,20,0.0,0.15
RANDOM,512024,9.041444388002475,0.6589800404952071,16.901196545556026,49,11,0,1,126,12,12,10,100,30,20,0.0,0.15
HIGHEST_SNR,512024,19.647750152987065,0.7098703390858302,20.42701271085248,48,12,0,2,126,12,12,10,100,30,20,0.0,0.15
SHORTEST_PULSE,512024,12.192026704072646,0.7843324392839719,16.72605420212835,51,9,0,0,126,12,12,10,100,30,20,0.0,0.15
METROLOGY_CONDITIONED_EIG,512024,12.741770785079755,0.7493291233688988,14.949096808707132,49,11,0,0,126,12,12,10,100,30,20,0.0,0.15
NO_PASSIVE,512025,285.8201897204597,2.7693488795892867,445.27923823147125,0,0,0,0,16,12,12,10,100,30,20,0.0,0.15
RANDOM,512025,383.03979237401796,3.4954157719124535,80.86388961837095,10,4,0,2,16,12,12,10,100,30,20,0.0,0.15
HIGHEST_SNR,512025,383.03979237401796,3.4954157719124535,80.86388961837095,10,4,0,2,16,12,12,10,100,30,20,0.0,0.15
SHORTEST_PULSE,512025,388.5109435691335,3.3800206048620076,91.05710371405395,8,6,0,2,16,12,12,10,100,30,20,0.0,0.15
METROLOGY_CONDITIONED_EIG,512025,388.5109435691335,3.3800206048620076,91.05710371405395,8,6,0,2,16,12,12,10,100,30,20,0.0,0.15
NO_PASSIVE,512026,524.7193987140488,0.5707723643410415,445.27923823147125,0,0,0,0,190,12,12,10,100,30,20,0.0,0.15
RANDOM,512026,4.999924258475281,1.3899684427725374,31.09573486007324,51,9,0,3,190,12,12,10,100,30,20,0.0,0.15
HIGHEST_SNR,512026,40.518021521393536,0.743812719202163,36.99122212858997,53,7,0,4,190,12,12,10,100,30,20,0.0,0.15
SHORTEST_PULSE,512026,14.341448303867912,0.8533575132319061,29.58942488346224,49,11,0,0,190,12,12,10,100,30,20,0.0,0.15
METROLOGY_CONDITIONED_EIG,512026,26.990648739912764,1.2992045326017132,26.685218035830335,48,12,0,3,190,12,12,10,100,30,20,0.0,0.15
NO_PASSIVE,512027,744.7515244371376,1.891681930948842,445.27923823147125,0,0,0,0,112,12,12,10,100,30,20,0.0,0.15
RANDOM,512027,1114.368579513343,1.108651584550838,105.27182119178428,21,39,0,3,112,12,12,10,100,30,20,0.0,0.15
HIGHEST_SNR,512027,133.31649156477766,1.263955666090014,102.25989808370133,51,9,0,1,112,12,12,10,100,30,20,0.0,0.15
SHORTEST_PULSE,512027,366.8775059268862,2.4421013574959507,82.67912268196586,48,12,0,2,112,12,12,10,100,30,20,0.0,0.15
METROLOGY_CONDITIONED_EIG,512027,262.6565492195735,4.37741911927044,68.25149177767547,45,15,0,2,112,12,12,10,100,30,20,0.0,0.15
NO_PASSIVE,512028,329.2733197844418,3.418361250471883,445.27923823147125,0,0,0,0,135,12,12,10,100,30,20,0.0,0.15
RANDOM,512028,43.60535522965909,1.7243509610305938,23.794734935227357,41,10,0,1,135,12,12,10,100,30,20,0.0,0.15
HIGHEST_SNR,512028,623.4969561143499,5.278617174369362,191.86043823395238,20,31,0,3,135,12,12,10,100,30,20,0.0,0.15
SHORTEST_PULSE,512028,31.60588328969143,1.6586689627549782,17.125882469398533,44,7,0,0,135,12,12,10,100,30,20,0.0,0.15
METROLOGY_CONDITIONED_EIG,512028,32.275847973097804,1.6937653410692228,17.22445593789915,45,6,0,0,135,12,12,10,100,30,20,0.0,0.15
NO_PASSIVE,512029,216.0293654672745,1.0675347501047447,445.27923823147125,0,0,0,0,102,12,12,10,100,30,20,0.0,0.15
RANDOM,512029,27.10400778499518,0.9214807973824293,25.63372206838248,49,6,0,1,102,12,12,10,100,30,20,0.0,0.15
HIGHEST_SNR,512029,28.173313900306006,1.3436769588221356,42.88585162040602,44,11,0,1,102,12,12,10,100,30,20,0.0,0.15
SHORTEST_PULSE,512029,25.216198449730285,1.0545503861544405,23.268604576303968,48,7,0,1,102,12,12,10,100,30,20,0.0,0.15
METROLOGY_CONDITIONED_EIG,512029,33.08647220260167,1.1012163048326256,21.92632374597996,49,6,0,1,102,12,12,10,100,30,20,0.0,0.15
NO_PASSIVE,513000,366.62965462522806,0.9198448890140961,445.27923823147125,0,0,0,0,54,13,12,10,100,30,20,0.05,0.0
RANDOM,513000,29.097798177113674,2.077371446369444,29.21019668592042,33,1,0,0,54,13,12,10,100,30,20,0.05,0.0
HIGHEST_SNR,513000,38.234686825718,2.876305177177706,33.88941955161634,32,2,0,0,54,13,12,10,100,30,20,0.05,0.0
SHORTEST_PULSE,513000,34.57370931697387,2.1422365682725846,27.089489307223374,32,2,0,0,54,13,12,10,100,30,20,0.05,0.0
METROLOGY_CONDITIONED_EIG,513000,28.794440385404613,2.6317094161318506,27.09970219441333,30,4,0,0,54,13,12,10,100,30,20,0.05,0.0
NO_PASSIVE,513001,420.5703865177886,3.2583303245424875,445.27923823147125,0,0,0,0,86,13,12,10,100,30,20,0.05,0.0
RANDOM,513001,6.148015653520499,0.9930370586148011,37.84614308881269,51,6,0,0,86,13,12,10,100,30,20,0.05,0.0
HIGHEST_SNR,513001,43.59028853748147,1.5250971637850486,50.36490553153686,51,6,0,0,86,13,12,10,100,30,20,0.05,0.0
SHORTEST_PULSE,513001,30.648598715716155,1.4882654953677763,48.67170639266608,53,4,0,0,86,13,12,10,100,30,20,0.05,0.0
METROLOGY_CONDITIONED_EIG,513001,28.961146020643955,1.4050581873759311,33.83422515276419,50,7,0,0,86,13,12,10,100,30,20,0.05,0.0
NO_PASSIVE,513002,280.6815068771415,1.078811878993066,445.27923823147125,0,0,0,0,149,13,12,10,100,30,20,0.05,0.0
RANDOM,513002,16.730442306156977,0.9382091140696752,20.470229581633806,44,2,0,0,149,13,12,10,100,30,20,0.05,0.0
HIGHEST_SNR,513002,22.47259595427966,0.7920518940590026,22.221672162388113,46,0,0,0,149,13,12,10,100,30,20,0.05,0.0
SHORTEST_PULSE,513002,22.144578446501075,1.160987574628635,18.593600058218342,42,4,0,0,149,13,12,10,100,30,20,0.05,0.0
METROLOGY_CONDITIONED_EIG,513002,33.35145355897736,1.2872453564525506,18.494662868026197,44,2,0,0,149,13,12,10,100,30,20,0.05,0.0
NO_PASSIVE,513003,257.50045143838975,1.646510797581301,445.27923823147125,0,0,0,0,100,13,12,10,100,30,20,0.05,0.0
RANDOM,513003,19.342891043991948,0.8602201821061009,35.36030523166772,56,2,0,0,100,13,12,10,100,30,20,0.05,0.0
HIGHEST_SNR,513003,8.913752481933196,0.5020521834994135,36.68174795531869,56,2,0,0,100,13,12,10,100,30,20,0.05,0.0
SHORTEST_PULSE,513003,38.19490837721532,1.36333719079102,24.83211594607333,55,3,0,0,100,13,12,10,100,30,20,0.05,0.0
METROLOGY_CONDITIONED_EIG,513003,23.427614672293785,0.9893207356175204,22.45058784532778,54,4,0,0,100,13,12,10,100,30,20,0.05,0.0
NO_PASSIVE,513004,24.10391877747194,1.8636450972344283,445.27923823147125,0,0,0,0,23,13,12,10,100,30,20,0.05,0.0
RANDOM,513004,37.21274584382448,1.331729110151482,97.75334278266403,21,0,0,0,23,13,12,10,100,30,20,0.05,0.0
HIGHEST_SNR,513004,37.21274584382448,1.331729110151482,97.75334278266403,21,0,0,0,23,13,12,10,100,30,20,0.05,0.0
SHORTEST_PULSE,513004,131.0975887351062,1.1319494511995585,94.00459067562146,21,0,0,0,23,13,12,10,100,30,20,0.05,0.0
METROLOGY_CONDITIONED_EIG,513004,126.85889396863743,1.1192332619464633,82.25067657196917,21,0,0,0,23,13,12,10,100,30,20,0.05,0.0
NO_PASSIVE,513005,303.5723072316348,2.8150257503410967,445.27923823147125,0,0,0,0,44,13,12,10,100,30,20,0.05,0.0
RANDOM,513005,36.609836368973525,1.5208887994128388,23.45062730511186,33,1,0,0,44,13,12,10,100,30,20,0.05,0.0
HIGHEST_SNR,513005,46.691906656959056,1.5259117602064862,24.52870563729793,33,1,0,0,44,13,12,10,100,30,20,0.05,0.0
SHORTEST_PULSE,513005,48.0879466832831,1.5516815572128193,24.284050501794233,33,1,0,0,44,13,12,10,100,30,20,0.05,0.0
METROLOGY_CONDITIONED_EIG,513005,33.91921263664733,1.3610032470235587,22.11741211609077,33,1,0,0,44,13,12,10,100,30,20,0.05,0.0
NO_PASSIVE,513006,995.8153167842516,3.1721929029797757,445.27923823147125,0,0,0,0,28,13,12,10,100,30,20,0.05,0.0
RANDOM,513006,39.41594011531262,1.8367787040437233,46.69603987646675,23,3,1,0,28,13,12,10,100,30,20,0.05,0.0
HIGHEST_SNR,513006,39.41594011531262,1.8367787040437233,46.69603987646675,23,3,1,0,28,13,12,10,100,30,20,0.05,0.0
SHORTEST_PULSE,513006,37.80892982788798,2.041424931979133,46.711584641097424,23,3,1,0,28,13,12,10,100,30,20,0.05,0.0
METROLOGY_CONDITIONED_EIG,513006,38.107507670931284,2.0012752168804617,46.669643308198886,23,3,1,0,28,13,12,10,100,30,20,0.05,0.0
NO_PASSIVE,513007,279.2593398280616,2.849281431163706,445.27923823147125,0,0,0,0,65,13,12,10,100,30,20,0.05,0.0
RANDOM,513007,20.236543935153556,0.7784258096819942,34.0837369824691,38,3,0,0,65,13,12,10,100,30,20,0.05,0.0
HIGHEST_SNR,513007,22.602082620302802,1.0277969550500496,34.97262146504086,36,5,0,0,65,13,12,10,100,30,20,0.05,0.0
SHORTEST_PULSE,513007,22.602082620302802,1.0277969550500496,34.97262146504086,36,5,0,0,65,13,12,10,100,30,20,0.05,0.0
METROLOGY_CONDITIONED_EIG,513007,35.66244872454901,1.0899305610588028,32.847504619734906,36,5,0,0,65,13,12,10,100,30,20,0.05,0.0
NO_PASSIVE,513008,268.3200455129154,3.9414366923954693,445.27923823147125,0,0,0,0,121,13,12,10,100,30,20,0.05,0.0
RANDOM,513008,58.37686440008759,1.6954912491622784,37.314528682050266,49,5,0,0,121,13,12,10,100,30,20,0.05,0.0
HIGHEST_SNR,513008,37.03720963484825,1.105260640655306,54.511516575962794,50,4,0,0,121,13,12,10,100,30,20,0.05,0.0
SHORTEST_PULSE,513008,33.82707003657773,0.9639504301514118,25.794808016639564,48,6,0,0,121,13,12,10,100,30,20,0.05,0.0
METROLOGY_CONDITIONED_EIG,513008,34.97371893461181,1.0891385246040581,23.94700124602055,51,3,0,0,121,13,12,10,100,30,20,0.05,0.0
NO_PASSIVE,513009,166.76325913143384,3.521190410828323,445.27923823147125,0,0,0,0,85,13,12,10,100,30,20,0.05,0.0
RANDOM,513009,29.308992398958946,2.695462924520327,28.512596184001087,58,2,0,0,85,13,12,10,100,30,20,0.05,0.0
HIGHEST_SNR,513009,83.95397520318889,2.6063980731093928,67.48819045726829,56,4,0,0,85,13,12,10,100,30,20,0.05,0.0
SHORTEST_PULSE,513009,18.808212231020676,2.3598531976066894,28.029234229507228,57,3,0,0,85,13,12,10,100,30,20,0.05,0.0
METROLOGY_CONDITIONED_EIG,513009,33.26304311296176,2.567954397584343,24.67980052974199,58,2,0,0,85,13,12,10,100,30,20,0.05,0.0
NO_PASSIVE,513010,335.2740211877528,2.7888574616373014,445.27923823147125,0,0,0,0,28,13,12,10,100,30,20,0.05,0.0
RANDOM,513010,81.22616797690358,2.3263527991355377,77.9364986294703,24,1,0,0,28,13,12,10,100,30,20,0.05,0.0
HIGHEST_SNR,513010,123.67745407634729,2.6540670247236196,90.87937887168313,23,2,0,0,28,13,12,10,100,30,20,0.05,0.0
SHORTEST_PULSE,513010,81.22616797690358,2.3263527991355377,77.9364986294703,24,1,0,0,28,13,12,10,100,30,20,0.05,0.0
METROLOGY_CONDITIONED_EIG,513010,101.58501701503953,2.387634661628481,80.03371352744513,23,2,0,0,28,13,12,10,100,30,20,0.05,0.0
NO_PASSIVE,513011,515.6747067107312,3.6567251092457993,445.27923823147125,0,0,0,0,70,13,12,10,100,30,20,0.05,0.0
RANDOM,513011,24.11166293469692,1.230276981609876,28.01703099860794,46,2,0,0,70,13,12,10,100,30,20,0.05,0.0
HIGHEST_SNR,513011,21.93767975987294,1.1556453475708461,37.1859112411774,44,4,0,0,70,13,12,10,100,30,20,0.05,0.0
SHORTEST_PULSE,513011,23.580896432537898,1.0714962467003115,26.68369838312146,46,2,0,0,70,13,12,10,100,30,20,0.05,0.0
METROLOGY_CONDITIONED_EIG,513011,25.538493791675826,1.1189782069076355,26.252078290806352,46,2,0,0,70,13,12,10,100,30,20,0.05,0.0
NO_PASSIVE,513012,486.5441352686418,2.7515594702385173,445.27923823147125,0,0,0,0,45,13,12,10,100,30,20,0.05,0.0
RANDOM,513012,72.06144571154901,2.025451492411172,24.894251397425876,32,2,0,0,45,13,12,10,100,30,20,0.05,0.0
HIGHEST_SNR,513012,108.02366842780907,2.5257886964768708,26.193206466613503,30,4,0,0,45,13,12,10,100,30,20,0.05,0.0
SHORTEST_PULSE,513012,73.22432763499357,1.9741513686360286,24.122705971385482,31,3,0,0,45,13,12,10,100,30,20,0.05,0.0
METROLOGY_CONDITIONED_EIG,513012,83.0236607426149,1.9801922793851567,24.06497386744212,31,3,0,0,45,13,12,10,100,30,20,0.05,0.0
NO_PASSIVE,513013,454.68655517766575,2.631585535708738,445.27923823147125,0,0,0,0,134,13,12,10,100,30,20,0.05,0.0
RANDOM,513013,53.360078579743124,2.141093444050801,22.800964872632694,57,3,0,0,134,13,12,10,100,30,20,0.05,0.0
HIGHEST_SNR,513013,42.808253228714605,2.4473140897325094,33.826048085033925,57,3,0,0,134,13,12,10,100,30,20,0.05,0.0
SHORTEST_PULSE,513013,11.314329139496778,1.1002761812090402,18.197071082933963,56,4,0,0,134,13,12,10,100,30,20,0.05,0.0
METROLOGY_CONDITIONED_EIG,513013,16.274692002626225,1.4349937743909702,16.275149923147065,57,3,0,0,134,13,12,10,100,30,20,0.05,0.0
NO_PASSIVE,513014,112.17591324640684,1.5914669566162738,445.27923823147125,0,0,0,0,149,13,12,10,100,30,20,0.05,0.0
RANDOM,513014,7.242100232194923,0.46630361423895766,22.106214036576198,54,3,0,0,149,13,12,10,100,30,20,0.05,0.0
HIGHEST_SNR,513014,15.444548964259944,0.7637288190627457,24.178161038777144,55,2,0,0,149,13,12,10,100,30,20,0.05,0.0
SHORTEST_PULSE,513014,12.100789885013466,0.522425604852897,20.58191546651158,56,1,0,0,149,13,12,10,100,30,20,0.05,0.0
METROLOGY_CONDITIONED_EIG,513014,10.39770215011082,0.7458295065761087,19.689448402184514,56,1,0,0,149,13,12,10,100,30,20,0.05,0.0
NO_PASSIVE,513015,131.7693044186677,2.3895959674616183,445.27923823147125,0,0,0,0,61,13,12,10,100,30,20,0.05,0.0
RANDOM,513015,44.6877816733356,0.557305915837191,47.2836230679567,40,0,0,0,61,13,12,10,100,30,20,0.05,0.0
HIGHEST_SNR,513015,33.332343817501936,0.37653261115716363,60.38134874004898,40,0,0,0,61,13,12,10,100,30,20,0.05,0.0
SHORTEST_PULSE,513015,16.341513584777328,1.3726630619214617,31.13613575229405,40,0,0,0,61,13,12,10,100,30,20,0.05,0.0
METROLOGY_CONDITIONED_EIG,513015,18.241413810903232,1.170779594033952,31.746026485480794,40,0,0,0,61,13,12,10,100,30,20,0.05,0.0
NO_PASSIVE,513016,258.9764737751755,4.1574128900337115,445.27923823147125,0,0,0,0,53,13,12,10,100,30,20,0.05,0.0
RANDOM,513016,11.376988615966187,0.07454062413514222,25.824732408203165,37,2,0,0,53,13,12,10,100,30,20,0.05,0.0
HIGHEST_SNR,513016,21.54655347667444,0.2715629136720372,31.14321463059691,36,3,0,0,53,13,12,10,100,30,20,0.05,0.0
SHORTEST_PULSE,513016,22.917414594972776,0.5586901603134532,22.562006844177013,37,2,0,0,53,13,12,10,100,30,20,0.05,0.0
METROLOGY_CONDITIONED_EIG,513016,22.430314662643347,0.521388952353337,22.552841458486363,37,2,0,0,53,13,12,10,100,30,20,0.05,0.0
NO_PASSIVE,513017,126.3908676844855,1.53361506626078,445.27923823147125,0,0,0,0,87,13,12,10,100,30,20,0.05,0.0
RANDOM,513017,12.141448577571502,0.4235014862817357,18.78328649671008,56,1,0,0,87,13,12,10,100,30,20,0.05,0.0
HIGHEST_SNR,513017,16.271305206792043,0.1785720749991034,19.412959462781533,56,1,0,0,87,13,12,10,100,30,20,0.05,0.0
SHORTEST_PULSE,513017,10.66111030052599,0.09985125092072525,17.658550769563554,56,1,0,0,87,13,12,10,100,30,20,0.05,0.0
METROLOGY_CONDITIONED_EIG,513017,16.01992526276714,0.17544184528208256,16.806508214845806,56,1,0,0,87,13,12,10,100,30,20,0.05,0.0
NO_PASSIVE,513018,227.86523500184865,3.2825270572471994,445.27923823147125,0,0,0,0,135,13,12,10,100,30,20,0.05,0.0
RANDOM,513018,2.278649829450296,0.9496387178269732,26.853481548381982,53,7,0,0,135,13,12,10,100,30,20,0.05,0.0
HIGHEST_SNR,513018,25.456367784271436,1.0782979507964234,51.70516776329465,57,3,0,0,135,13,12,10,100,30,20,0.05,0.0
SHORTEST_PULSE,513018,7.937360982726276,0.7639315692353708,23.76098095621106,56,4,0,0,135,13,12,10,100,30,20,0.05,0.0
METROLOGY_CONDITIONED_EIG,513018,12.22555144081529,0.7838068322449578,24.199688609825706,55,5,0,0,135,13,12,10,100,30,20,0.05,0.0
NO_PASSIVE,513019,357.11993852216546,3.050924109456045,445.27923823147125,0,0,0,0,118,13,12,10,100,30,20,0.05,0.0
RANDOM,513019,105.66147166931982,2.614065054194522,43.31068034391663,49,6,0,0,118,13,12,10,100,30,20,0.05,0.0
HIGHEST_SNR,513019,60.144112299918575,2.2390270473020353,38.24102540539282,52,3,0,0,118,13,12,10,100,30,20,0.05,0.0
SHORTEST_PULSE,513019,101.06988484920927,2.55274404155701,44.895685024113895,52,3,0,0,118,13,12,10,100,30,20,0.05,0.0
METROLOGY_CONDITIONED_EIG,513019,72.2102566722267,1.9530200720957973,35.937762301445986,51,4,0,0,118,13,12,10,100,30,20,0.05,0.0
NO_PASSIVE,513020,448.1735757446323,2.048848138997551,445.27923823147125,0,0,0,0,119,13,12,10,100,30,20,0.05,0.0
RANDOM,513020,33.96494134320204,2.1412937926114863,39.36376521381627,41,1,0,0,119,13,12,10,100,30,20,0.05,0.0
HIGHEST_SNR,513020,78.76805441346882,1.8255382507389657,40.52348432068269,41,1,0,0,119,13,12,10,100,30,20,0.05,0.0
SHORTEST_PULSE,513020,68.18030049938587,1.8970827343648118,36.794981126220996,41,1,0,0,119,13,12,10,100,30,20,0.05,0.0
METROLOGY_CONDITIONED_EIG,513020,32.34271170616922,1.2672836573687742,32.28739324182116,40,2,0,0,119,13,12,10,100,30,20,0.05,0.0
NO_PASSIVE,513021,317.0306723512345,2.00200498751648,445.27923823147125,0,0,0,0,110,13,12,10,100,30,20,0.05,0.0
RANDOM,513021,38.152852081637946,0.4507296171126962,30.19672055429997,52,1,0,0,110,13,12,10,100,30,20,0.05,0.0
HIGHEST_SNR,513021,40.89413563512172,0.4838805379163151,33.4117216141009,51,2,0,0,110,13,12,10,100,30,20,0.05,0.0
SHORTEST_PULSE,513021,19.63096082622341,0.41465692732018,27.955731602252797,49,4,0,0,110,13,12,10,100,30,20,0.05,0.0
METROLOGY_CONDITIONED_EIG,513021,22.59817385630422,1.222664858612857,26.276256879561483,48,5,0,0,110,13,12,10,100,30,20,0.05,0.0
NO_PASSIVE,513022,154.5597513340646,1.3893772032095297,445.27923823147125,0,0,0,0,118,13,12,10,100,30,20,0.05,0.0
RANDOM,513022,15.638904433018613,1.0002173279777231,33.04954532520582,58,2,0,0,118,13,12,10,100,30,20,0.05,0.0
HIGHEST_SNR,513022,16.322469398396738,0.48809235875522305,42.748308454043354,56,4,0,0,118,13,12,10,100,30,20,0.05,0.0
SHORTEST_PULSE,513022,17.957215064198813,0.6391694062449459,38.001835111197195,56,4,0,0,118,13,12,10,100,30,20,0.05,0.0
METROLOGY_CONDITIONED_EIG,513022,27.92923379399932,1.2635140338066906,32.378329461850214,56,4,0,0,118,13,12,10,100,30,20,0.05,0.0
NO_PASSIVE,513023,476.1956481868908,2.586367584727168,445.27923823147125,0,0,0,0,15,13,12,10,100,30,20,0.05,0.0
RANDOM,513023,47.59343399914546,2.3888517240054896,58.044241294684326,12,1,1,0,15,13,12,10,100,30,20,0.05,0.0
HIGHEST_SNR,513023,62.100385867194916,2.2440395002262012,60.149583876578696,11,2,1,0,15,13,12,10,100,30,20,0.05,0.0
SHORTEST_PULSE,513023,58.950518751153226,2.169855800576581,60.07696134254777,11,2,1,0,15,13,12,10,100,30,20,0.05,0.0
METROLOGY_CONDITIONED_EIG,513023,46.822601635486095,2.3129240837051945,57.99979868576075,12,1,1,0,15,13,12,10,100,30,20,0.05,0.0
NO_PASSIVE,513024,164.13422362113332,4.592932806091595,445.27923823147125,0,0,0,0,51,13,12,10,100,30,20,0.05,0.0
RANDOM,513024,32.00514974418721,0.7350481281323599,22.72466683711326,40,0,0,0,51,13,12,10,100,30,20,0.05,0.0
HIGHEST_SNR,513024,31.882687397120232,0.9155800774636874,22.634244927541413,40,0,0,0,51,13,12,10,100,30,20,0.05,0.0
SHORTEST_PULSE,513024,26.362121775504114,0.75077513116752,22.593934621794205,40,0,0,0,51,13,12,10,100,30,20,0.05,0.0
METROLOGY_CONDITIONED_EIG,513024,31.252048102768022,0.8355772506883034,22.678102224614047,40,0,0,0,51,13,12,10,100,30,20,0.05,0.0
NO_PASSIVE,513025,801.1569532275676,4.97581066941063,445.27923823147125,0,0,0,0,74,13,12,10,100,30,20,0.05,0.0
RANDOM,513025,57.30498132075635,2.5402201621543963,23.49629729260951,42,1,0,0,74,13,12,10,100,30,20,0.05,0.0
HIGHEST_SNR,513025,30.1890565933543,1.520088038907034,22.254542325416825,43,0,0,0,74,13,12,10,100,30,20,0.05,0.0
SHORTEST_PULSE,513025,39.066575815585715,1.3417432272964898,21.077783544613524,43,0,0,0,74,13,12,10,100,30,20,0.05,0.0
METROLOGY_CONDITIONED_EIG,513025,53.73821874092826,1.8658639803927872,21.20901891055175,43,0,0,0,74,13,12,10,100,30,20,0.05,0.0
NO_PASSIVE,513026,474.0332660172376,3.6316248253934487,445.27923823147125,0,0,0,0,48,13,12,10,100,30,20,0.05,0.0
RANDOM,513026,3.571730488612493,0.33078454472237684,21.597641026351617,46,1,0,0,48,13,12,10,100,30,20,0.05,0.0
HIGHEST_SNR,513026,3.571730488612493,0.33078454472237684,21.597641026351617,46,1,0,0,48,13,12,10,100,30,20,0.05,0.0
SHORTEST_PULSE,513026,3.571730488612493,0.33078454472237684,21.597641026351617,46,1,0,0,48,13,12,10,100,30,20,0.05,0.0
METROLOGY_CONDITIONED_EIG,513026,3.571730488612493,0.33078454472237684,21.597641026351617,46,1,0,0,48,13,12,10,100,30,20,0.05,0.0
NO_PASSIVE,513027,282.2289432338774,3.5579854230939976,445.27923823147125,0,0,0,0,40,13,12,10,100,30,20,0.05,0.0
RANDOM,513027,94.59257253641047,2.3375690176666564,66.13428218298398,35,3,0,0,40,13,12,10,100,30,20,0.05,0.0
HIGHEST_SNR,513027,91.1329357798229,2.401048278647862,66.55071941193917,35,3,0,0,40,13,12,10,100,30,20,0.05,0.0
SHORTEST_PULSE,513027,92.08939320653424,2.404179622018665,65.2657423251351,35,3,0,0,40,13,12,10,100,30,20,0.05,0.0
METROLOGY_CONDITIONED_EIG,513027,92.08939320653424,2.404179622018665,65.2657423251351,35,3,0,0,40,13,12,10,100,30,20,0.05,0.0
NO_PASSIVE,513028,448.30068579893145,3.5212608618351955,445.27923823147125,0,0,0,0,111,13,12,10,100,30,20,0.05,0.0
RANDOM,513028,29.537271226618763,1.0054605896832118,18.706168008897098,53,4,0,0,111,13,12,10,100,30,20,0.05,0.0
HIGHEST_SNR,513028,34.41573594192658,0.5097453060666768,16.945172121691705,54,3,0,0,111,13,12,10,100,30,20,0.05,0.0
SHORTEST_PULSE,513028,28.825799250281648,0.7610377753644669,18.523044403034366,52,5,0,0,111,13,12,10,100,30,20,0.05,0.0
METROLOGY_CONDITIONED_EIG,513028,23.348696508210427,0.6975078431811302,15.48220162519847,54,3,0,0,111,13,12,10,100,30,20,0.05,0.0
NO_PASSIVE,513029,336.3323606536425,2.7202379309235414,445.27923823147125,0,0,0,0,124,13,12,10,100,30,20,0.05,0.0
RANDOM,513029,18.829686659673918,1.1581682186455926,33.30780735118684,49,5,0,0,124,13,12,10,100,30,20,0.05,0.0
HIGHEST_SNR,513029,17.862638294198838,0.6243964620568171,36.4760192383418,48,6,0,0,124,13,12,10,100,30,20,0.05,0.0
SHORTEST_PULSE,513029,20.53670858090646,0.9296144001304033,30.02994119541769,47,7,0,0,124,13,12,10,100,30,20,0.05,0.0
METROLOGY_CONDITIONED_EIG,513029,27.50682048908506,1.5201818830495755,29.094299131436514,49,5,0,0,124,13,12,10,100,30,20,0.05,0.0
NO_PASSIVE,514000,365.24678240171164,5.64895695208786,445.27923823147125,0,0,0,0,118,14,12,10,100,30,20,0.05,0.05
RANDOM,514000,39.2124258512321,0.9170359810708785,32.56779311438124,51,9,1,0,118,14,12,10,100,30,20,0.05,0.05
HIGHEST_SNR,514000,39.157938162298805,3.8920639315785364,55.0657134274154,53,7,1,0,118,14,12,10,100,30,20,0.05,0.05
SHORTEST_PULSE,514000,9.703571928704434,0.9822919498297369,28.080139275845035,51,9,1,0,118,14,12,10,100,30,20,0.05,0.05
METROLOGY_CONDITIONED_EIG,514000,13.981809347134527,0.41736633950361285,24.768423602976537,52,8,1,0,118,14,12,10,100,30,20,0.05,0.05
NO_PASSIVE,514001,285.26941974409067,4.092859574791583,445.27923823147125,0,0,0,0,102,14,12,10,100,30,20,0.05,0.05
RANDOM,514001,11.659589128471174,0.6195175094770785,30.421310525269718,55,3,0,0,102,14,12,10,100,30,20,0.05,0.05
HIGHEST_SNR,514001,105.54680060710673,1.7245238983804845,36.31951261234788,52,6,0,0,102,14,12,10,100,30,20,0.05,0.05
SHORTEST_PULSE,514001,27.749410500691337,1.1313526109610874,27.53419416204971,49,9,0,0,102,14,12,10,100,30,20,0.05,0.05
METROLOGY_CONDITIONED_EIG,514001,20.023139406448028,0.5498964759058034,24.979772388141654,52,6,0,0,102,14,12,10,100,30,20,0.05,0.05
NO_PASSIVE,514002,836.3744603159728,1.6474945305488564,445.27923823147125,0,0,0,0,15,14,12,10,100,30,20,0.05,0.05
RANDOM,514002,29.415447077807617,1.0934629882551623,36.156665502104744,14,1,0,0,15,14,12,10,100,30,20,0.05,0.05
HIGHEST_SNR,514002,29.415447077807617,1.0934629882551623,36.156665502104744,14,1,0,0,15,14,12,10,100,30,20,0.05,0.05
SHORTEST_PULSE,514002,29.415447077807617,1.0934629882551623,36.156665502104744,14,1,0,0,15,14,12,10,100,30,20,0.05,0.05
METROLOGY_CONDITIONED_EIG,514002,29.415447077807617,1.0934629882551623,36.156665502104744,14,1,0,0,15,14,12,10,100,30,20,0.05,0.05
NO_PASSIVE,514003,336.080003210706,1.7185045822642928,445.27923823147125,0,0,0,0,181,14,12,10,100,30,20,0.05,0.05
RANDOM,514003,24.502965302340662,1.2483239969013253,25.127835046318275,57,3,0,0,181,14,12,10,100,30,20,0.05,0.05
HIGHEST_SNR,514003,43.474024165895784,1.7756919351725204,37.67418911777917,57,3,0,0,181,14,12,10,100,30,20,0.05,0.05
SHORTEST_PULSE,514003,37.16141630940289,1.5576622173787646,18.32748622451423,56,4,1,0,181,14,12,10,100,30,20,0.05,0.05
METROLOGY_CONDITIONED_EIG,514003,29.54894697835301,1.4128738309486586,18.33796881636785,52,8,0,0,181,14,12,10,100,30,20,0.05,0.05
NO_PASSIVE,514004,186.14866383198938,2.0934032794735282,445.27923823147125,0,0,0,0,147,14,12,10,100,30,20,0.05,0.05
RANDOM,514004,7.364470583379348,0.7535667054295369,21.35038939731068,52,8,0,0,147,14,12,10,100,30,20,0.05,0.05
HIGHEST_SNR,514004,13.346102168262998,0.18597478573774073,39.43457358372198,56,4,0,0,147,14,12,10,100,30,20,0.05,0.05
SHORTEST_PULSE,514004,17.27346702583714,0.42555925025004376,18.046749940832065,52,8,0,0,147,14,12,10,100,30,20,0.05,0.05
METROLOGY_CONDITIONED_EIG,514004,10.538326830898445,0.2601182584937748,18.271459221771817,52,8,0,0,147,14,12,10,100,30,20,0.05,0.05
NO_PASSIVE,514005,810.0072429818663,2.6836672303341227,445.27923823147125,0,0,0,0,94,14,12,10,100,30,20,0.05,0.05
RANDOM,514005,758.2073993792245,2.3296432683603414,140.88412654826817,12,31,0,1,94,14,12,10,100,30,20,0.05,0.05
HIGHEST_SNR,514005,56.25933528911659,2.6995574134535776,29.352154588979076,36,7,0,0,94,14,12,10,100,30,20,0.05,0.05
SHORTEST_PULSE,514005,94.95689438663906,3.2776234966876987,23.53778689163664,33,10,0,0,94,14,12,10,100,30,20,0.05,0.05
METROLOGY_CONDITIONED_EIG,514005,95.67657410351431,3.3939793021354117,23.64257899691991,28,15,0,0,94,14,12,10,100,30,20,0.05,0.05
NO_PASSIVE,514006,178.26180995212286,1.7517126687692346,445.27923823147125,0,0,0,0,7,14,12,10,100,30,20,0.05,0.05
RANDOM,514006,151.48592229297245,1.9643393146671886,317.16309362497117,7,0,0,0,7,14,12,10,100,30,20,0.05,0.05
HIGHEST_SNR,514006,151.48592229297245,1.9643393146671886,317.16309362497117,7,0,0,0,7,14,12,10,100,30,20,0.05,0.05
SHORTEST_PULSE,514006,151.48592229297245,1.9643393146671886,317.16309362497117,7,0,0,0,7,14,12,10,100,30,20,0.05,0.05
METROLOGY_CONDITIONED_EIG,514006,151.48592229297245,1.9643393146671886,317.16309362497117,7,0,0,0,7,14,12,10,100,30,20,0.05,0.05
NO_PASSIVE,514007,328.1869532255344,1.3891163057075666,445.27923823147125,0,0,0,0,122,14,12,10,100,30,20,0.05,0.05
RANDOM,514007,6.837310983058575,0.8516093187811782,21.993735019253645,46,5,0,0,122,14,12,10,100,30,20,0.05,0.05
HIGHEST_SNR,514007,22.47657264387969,0.8582971053982994,23.024684449342516,46,5,0,0,122,14,12,10,100,30,20,0.05,0.05
SHORTEST_PULSE,514007,32.840408701572194,1.3081958036966093,18.574290842751246,44,7,0,0,122,14,12,10,100,30,20,0.05,0.05
METROLOGY_CONDITIONED_EIG,514007,31.23877635083993,1.402034897898573,18.290382755453678,46,5,0,0,122,14,12,10,100,30,20,0.05,0.05
NO_PASSIVE,514008,222.25269482941,1.0310987778299725,445.27923823147125,0,0,0,0,99,14,12,10,100,30,20,0.05,0.05
RANDOM,514008,22.108564447887282,1.016222213363774,20.96766434532645,52,7,0,0,99,14,12,10,100,30,20,0.05,0.05
HIGHEST_SNR,514008,21.639944156494213,1.205993529259959,18.80237947140981,53,6,0,0,99,14,12,10,100,30,20,0.05,0.05
SHORTEST_PULSE,514008,19.30028877918091,0.9019127433427679,17.45217564731329,56,3,0,0,99,14,12,10,100,30,20,0.05,0.05
METROLOGY_CONDITIONED_EIG,514008,24.786108011654097,1.2011800341121466,17.80049344614923,55,4,0,0,99,14,12,10,100,30,20,0.05,0.05
NO_PASSIVE,514009,753.2595777004157,3.1734587453689924,445.27923823147125,0,0,0,0,86,14,12,10,100,30,20,0.05,0.05
RANDOM,514009,8.745151112045486,0.8261253755932355,20.071614191271063,42,7,0,0,86,14,12,10,100,30,20,0.05,0.05
HIGHEST_SNR,514009,6.462001171142261,0.9836927930852548,19.547302946021023,44,5,0,0,86,14,12,10,100,30,20,0.05,0.05
SHORTEST_PULSE,514009,6.9906868433522655,0.8923054474876171,19.531405971822966,44,5,0,0,86,14,12,10,100,30,20,0.05,0.05
METROLOGY_CONDITIONED_EIG,514009,6.347118135066974,1.0371646558220564,19.795281726137805,45,4,0,0,86,14,12,10,100,30,20,0.05,0.05
NO_PASSIVE,514010,342.7514315685984,2.140974249386295,445.27923823147125,0,0,0,0,84,14,12,10,100,30,20,0.05,0.05
RANDOM,514010,35.96090232511565,1.5670467242130597,34.038531765353625,49,0,0,1,84,14,12,10,100,30,20,0.05,0.05
HIGHEST_SNR,514010,31.541090558940287,1.2275166569068778,47.44154425949282,47,2,0,1,84,14,12,10,100,30,20,0.05,0.05
SHORTEST_PULSE,514010,38.207781994229265,1.699886481113352,28.978968022101622,48,1,0,1,84,14,12,10,100,30,20,0.05,0.05
METROLOGY_CONDITIONED_EIG,514010,39.32775247931582,1.447049099947952,29.21569305431501,47,2,0,1,84,14,12,10,100,30,20,0.05,0.05
NO_PASSIVE,514011,285.8232866765693,4.006415937212669,445.27923823147125,0,0,0,0,66,14,12,10,100,30,20,0.05,0.05
RANDOM,514011,33.957971592368004,1.7735040286373474,53.23751673547803,44,3,0,1,66,14,12,10,100,30,20,0.05,0.05
HIGHEST_SNR,514011,160.48708226776955,4.296216527947201,118.95862228986978,41,6,0,1,66,14,12,10,100,30,20,0.05,0.05
SHORTEST_PULSE,514011,17.90285513575181,1.7341191230860675,37.938222720279,42,5,0,0,66,14,12,10,100,30,20,0.05,0.05
METROLOGY_CONDITIONED_EIG,514011,18.603418630219053,1.971450607536106,37.0084506052167,42,5,0,1,66,14,12,10,100,30,20,0.05,0.05
NO_PASSIVE,514012,497.0539741914317,5.842355674802892,445.27923823147125,0,0,0,0,22,14,12,10,100,30,20,0.05,0.05
RANDOM,514012,78.09218170323024,2.4081132593998653,52.507824192938315,16,2,0,0,22,14,12,10,100,30,20,0.05,0.05
HIGHEST_SNR,514012,69.09538685291473,2.262334007411259,49.0812674457951,16,2,0,0,22,14,12,10,100,30,20,0.05,0.05
SHORTEST_PULSE,514012,73.54657943624102,2.64176062305195,50.39404080283595,16,2,0,0,22,14,12,10,100,30,20,0.05,0.05
METROLOGY_CONDITIONED_EIG,514012,74.13908267958536,2.65128017648946,49.045134324185334,16,2,0,0,22,14,12,10,100,30,20,0.05,0.05
NO_PASSIVE,514013,376.05845712732116,1.5135584346430069,445.27923823147125,0,0,0,0,50,14,12,10,100,30,20,0.05,0.05
RANDOM,514013,23.42433677972982,2.8195805750722545,37.76043650268646,34,4,0,0,50,14,12,10,100,30,20,0.05,0.05
HIGHEST_SNR,514013,25.336248805299686,2.3191311985803544,37.538421796906945,35,3,0,0,50,14,12,10,100,30,20,0.05,0.05
SHORTEST_PULSE,514013,11.070489267496674,2.5284136448686683,35.87949672671144,37,1,0,0,50,14,12,10,100,30,20,0.05,0.05
METROLOGY_CONDITIONED_EIG,514013,15.283510950581952,2.59917572898887,36.037562460469175,37,1,0,0,50,14,12,10,100,30,20,0.05,0.05
NO_PASSIVE,514014,30.77247251025074,4.086249026054152,445.27923823147125,0,0,0,0,95,14,12,10,100,30,20,0.05,0.05
RANDOM,514014,15.750132907542929,1.5112853306782688,28.696395083637377,45,2,0,1,95,14,12,10,100,30,20,0.05,0.05
HIGHEST_SNR,514014,21.666864752167978,1.1983160532200632,25.38157617006957,43,4,0,0,95,14,12,10,100,30,20,0.05,0.05
SHORTEST_PULSE,514014,18.948266277179833,0.9498902542367504,30.185651674937937,43,4,0,0,95,14,12,10,100,30,20,0.05,0.05
METROLOGY_CONDITIONED_EIG,514014,24.01438843372529,1.273355017474572,25.634305254953954,42,5,0,0,95,14,12,10,100,30,20,0.05,0.05
NO_PASSIVE,514015,129.0542899873331,0.26515081422831416,445.27923823147125,0,0,0,0,155,14,12,10,100,30,20,0.05,0.05
RANDOM,514015,26.462960197013853,1.33767929381229,22.592434707336814,49,8,0,1,155,14,12,10,100,30,20,0.05,0.05
HIGHEST_SNR,514015,73.08521364028233,3.394989398474249,31.01801488927388,46,11,0,1,155,14,12,10,100,30,20,0.05,0.05
SHORTEST_PULSE,514015,48.1298805588664,2.161149014405822,23.036255764756312,51,6,0,1,155,14,12,10,100,30,20,0.05,0.05
METROLOGY_CONDITIONED_EIG,514015,23.663615262332062,0.869737117463246,18.766935506250718,48,9,0,1,155,14,12,10,100,30,20,0.05,0.05
NO_PASSIVE,514016,342.7327397655087,2.9352262201020274,445.27923823147125,0,0,0,0,52,14,12,10,100,30,20,0.05,0.05
RANDOM,514016,12.619278306669951,0.6631183558340621,45.05296942330943,38,2,0,0,52,14,12,10,100,30,20,0.05,0.05
HIGHEST_SNR,514016,19.001942480198945,0.5998407596259784,45.88154047557212,38,2,0,0,52,14,12,10,100,30,20,0.05,0.05
SHORTEST_PULSE,514016,27.665853095967154,0.6085937286191017,44.40278908929053,37,3,0,0,52,14,12,10,100,30,20,0.05,0.05
METROLOGY_CONDITIONED_EIG,514016,33.66235267482734,0.8118023511217072,44.100571550491,37,3,0,0,52,14,12,10,100,30,20,0.05,0.05
NO_PASSIVE,514017,359.9843317101202,1.598772533795183,445.27923823147125,0,0,0,0,91,14,12,10,100,30,20,0.05,0.05
RANDOM,514017,33.12863949331152,0.5400746387021055,44.80114716319027,40,7,0,1,91,14,12,10,100,30,20,0.05,0.05
HIGHEST_SNR,514017,258.9622934289772,0.3075647948263951,136.83791672573702,40,7,0,1,91,14,12,10,100,30,20,0.05,0.05
SHORTEST_PULSE,514017,21.140272161397515,0.6890869357844741,35.04324227309368,43,4,0,1,91,14,12,10,100,30,20,0.05,0.05
METROLOGY_CONDITIONED_EIG,514017,26.362329274410435,1.1451081766487274,30.89025248782131,44,3,0,1,91,14,12,10,100,30,20,0.05,0.05
NO_PASSIVE,514018,618.9154559526473,2.1142184932924417,445.27923823147125,0,0,0,0,22,14,12,10,100,30,20,0.05,0.05
RANDOM,514018,103.8630625337141,2.4744947297687996,41.40105087454424,20,0,0,0,22,14,12,10,100,30,20,0.05,0.05
HIGHEST_SNR,514018,103.8630625337141,2.4744947297687996,41.40105087454424,20,0,0,0,22,14,12,10,100,30,20,0.05,0.05
SHORTEST_PULSE,514018,103.8630625337141,2.4744947297687996,41.40105087454424,20,0,0,0,22,14,12,10,100,30,20,0.05,0.05
METROLOGY_CONDITIONED_EIG,514018,103.8630625337141,2.4744947297687996,41.40105087454424,20,0,0,0,22,14,12,10,100,30,20,0.05,0.05
NO_PASSIVE,514019,471.07122311255625,4.381467472188896,445.27923823147125,0,0,0,0,39,14,12,10,100,30,20,0.05,0.05
RANDOM,514019,19.5050574275132,0.49274512262049863,42.06649701000375,31,4,0,0,39,14,12,10,100,30,20,0.05,0.05
HIGHEST_SNR,514019,71.35806117173712,1.402143541358881,68.26923167033158,32,3,0,0,39,14,12,10,100,30,20,0.05,0.05
SHORTEST_PULSE,514019,71.35806117173712,1.402143541358881,68.26923167033158,32,3,0,0,39,14,12,10,100,30,20,0.05,0.05
METROLOGY_CONDITIONED_EIG,514019,19.041966586611288,0.4922854665141496,41.78848991884383,32,3,0,0,39,14,12,10,100,30,20,0.05,0.05
NO_PASSIVE,514020,420.29835385965885,2.034511798447126,445.27923823147125,0,0,0,0,61,14,12,10,100,30,20,0.05,0.05
RANDOM,514020,38.202283347029805,1.4113529132384695,44.31381037567018,32,5,0,0,61,14,12,10,100,30,20,0.05,0.05
HIGHEST_SNR,514020,10.964785053862265,0.31816026836887956,34.05378192646924,33,4,0,0,61,14,12,10,100,30,20,0.05,0.05
SHORTEST_PULSE,514020,13.293132591472034,0.5685236199404435,29.280053191956434,33,4,0,0,61,14,12,10,100,30,20,0.05,0.05
METROLOGY_CONDITIONED_EIG,514020,29.937827786872724,0.1727874110984044,27.428012821241282,32,5,0,0,61,14,12,10,100,30,20,0.05,0.05
NO_PASSIVE,514021,425.24507846304357,2.78732265811558,445.27923823147125,0,0,0,0,94,14,12,10,100,30,20,0.05,0.05
RANDOM,514021,29.43013675303623,1.512228136405563,27.53444286904481,48,6,0,0,94,14,12,10,100,30,20,0.05,0.05
HIGHEST_SNR,514021,66.40331468371886,2.6095035037890515,39.31183832563691,49,5,0,0,94,14,12,10,100,30,20,0.05,0.05
SHORTEST_PULSE,514021,33.46052072047933,1.556763123550195,28.643769768501897,49,5,0,0,94,14,12,10,100,30,20,0.05,0.05
METROLOGY_CONDITIONED_EIG,514021,37.179844062663825,1.475696042702059,25.713626473882222,50,4,0,0,94,14,12,10,100,30,20,0.05,0.05
NO_PASSIVE,514022,496.73386893158846,2.054996941427946,445.27923823147125,0,0,0,0,37,14,12,10,100,30,20,0.05,0.05
RANDOM,514022,81.85218695011751,2.051324401284643,40.866920176689035,23,4,0,0,37,14,12,10,100,30,20,0.05,0.05
HIGHEST_SNR,514022,64.49998497974622,2.062097340745051,40.19858500121042,25,2,0,0,37,14,12,10,100,30,20,0.05,0.05
SHORTEST_PULSE,514022,29.25887197168617,1.4684505262243441,34.64982708184172,24,3,0,0,37,14,12,10,100,30,20,0.05,0.05
METROLOGY_CONDITIONED_EIG,514022,77.62221131492326,1.8994777173409558,39.94907570224362,23,4,0,0,37,14,12,10,100,30,20,0.05,0.05
NO_PASSIVE,514023,536.3661355074213,3.4693917144718247,445.27923823147125,0,0,0,0,92,14,12,10,100,30,20,0.05,0.05
RANDOM,514023,8.724406311285112,0.8493187777202991,20.72247444914604,47,10,0,0,92,14,12,10,100,30,20,0.05,0.05
HIGHEST_SNR,514023,37.75453658475938,1.5901521413179944,32.48235705266873,43,14,0,0,92,14,12,10,100,30,20,0.05,0.05
SHORTEST_PULSE,514023,36.774761322690715,2.0813236317638473,22.35892137301101,43,14,0,1,92,14,12,10,100,30,20,0.05,0.05
METROLOGY_CONDITIONED_EIG,514023,15.629476961488928,0.7860596781329011,20.03067467169126,48,9,0,0,92,14,12,10,100,30,20,0.05,0.05
NO_PASSIVE,514024,351.61296182433773,3.161239102919027,445.27923823147125,0,0,0,0,75,14,12,10,100,30,20,0.05,0.05
RANDOM,514024,39.62510814121133,2.1397954770348715,25.482185140881075,49,5,0,1,75,14,12,10,100,30,20,0.05,0.05
HIGHEST_SNR,514024,36.02638069714777,2.0771736262639977,26.796783063215546,51,3,0,0,75,14,12,10,100,30,20,0.05,0.05
SHORTEST_PULSE,514024,64.22985202165306,2.3350879583844004,24.610688346660574,51,3,0,1,75,14,12,10,100,30,20,0.05,0.05
METROLOGY_CONDITIONED_EIG,514024,67.29376145693806,2.4312108530098056,23.821680957251967,51,3,0,1,75,14,12,10,100,30,20,0.05,0.05
NO_PASSIVE,514025,643.7212856957032,3.8480245302011666,445.27923823147125,0,0,0,0,157,14,12,10,100,30,20,0.05,0.05
RANDOM,514025,32.9091604278159,1.5536741448818485,18.988957948655454,52,8,0,0,157,14,12,10,100,30,20,0.05,0.05
HIGHEST_SNR,514025,47.484158024022996,3.2500533933736944,46.30299286456469,56,4,0,1,157,14,12,10,100,30,20,0.05,0.05
SHORTEST_PULSE,514025,18.086813823828294,0.9717073445292379,15.460083850310241,51,9,0,0,157,14,12,10,100,30,20,0.05,0.05
METROLOGY_CONDITIONED_EIG,514025,21.680353973147064,1.0665336691133716,14.643706462816105,54,6,0,0,157,14,12,10,100,30,20,0.05,0.05
NO_PASSIVE,514026,517.3614700682231,1.3213657869709265,445.27923823147125,0,0,0,0,105,14,12,10,100,30,20,0.05,0.05
RANDOM,514026,13.852944685704363,1.1935866948016054,20.885357196654482,54,2,0,0,105,14,12,10,100,30,20,0.05,0.05
HIGHEST_SNR,514026,9.30886374406424,1.025679676138858,19.660861339280608,53,3,0,0,105,14,12,10,100,30,20,0.05,0.05
SHORTEST_PULSE,514026,0.9280797791696269,1.0479894210064666,19.971439581020558,52,4,0,0,105,14,12,10,100,30,20,0.05,0.05
METROLOGY_CONDITIONED_EIG,514026,15.165529737444265,1.4017693540460885,18.26467979724324,53,3,0,0,105,14,12,10,100,30,20,0.05,0.05
NO_PASSIVE,514027,573.6806293895021,2.2883517308918675,445.27923823147125,0,0,0,0,125,14,12,10,100,30,20,0.05,0.05
RANDOM,514027,41.42075875189363,1.4272645232443233,24.8679814904044,39,14,0,2,125,14,12,10,100,30,20,0.05,0.05
HIGHEST_SNR,514027,17.855461492144602,0.4815899099908921,24.313847291133584,46,7,0,1,125,14,12,10,100,30,20,0.05,0.05
SHORTEST_PULSE,514027,25.64560514428839,1.0361964399918384,23.07445368841744,43,10,0,1,125,14,12,10,100,30,20,0.05,0.05
METROLOGY_CONDITIONED_EIG,514027,29.2160079577525,0.8932288205810691,23.303342630107256,44,9,0,1,125,14,12,10,100,30,20,0.05,0.05
NO_PASSIVE,514028,298.78045147225004,0.19875168808279756,445.27923823147125,0,0,0,0,20,14,12,10,100,30,20,0.05,0.05
RANDOM,514028,55.18733283508369,2.167196606328744,66.57577277839195,16,2,0,0,20,14,12,10,100,30,20,0.05,0.05
HIGHEST_SNR,514028,3.5905812491377342,1.3448995511335813,65.78553864985675,16,2,0,0,20,14,12,10,100,30,20,0.05,0.05
SHORTEST_PULSE,514028,3.5905812491377342,1.3448995511335813,65.78553864985675,16,2,0,0,20,14,12,10,100,30,20,0.05,0.05
METROLOGY_CONDITIONED_EIG,514028,80.41674714794512,2.662237679814154,59.61133630723994,16,2,0,0,20,14,12,10,100,30,20,0.05,0.05
NO_PASSIVE,514029,414.6844892265539,3.214331585565002,445.27923823147125,0,0,0,0,123,14,12,10,100,30,20,0.05,0.05
RANDOM,514029,53.847763454923715,1.4168344081851694,22.340710970502105,50,6,0,0,123,14,12,10,100,30,20,0.05,0.05
HIGHEST_SNR,514029,56.717599704583286,1.5849934417584124,23.088170432757245,50,6,0,0,123,14,12,10,100,30,20,0.05,0.05
SHORTEST_PULSE,514029,41.7475399027319,1.3875709530552975,18.296600849151933,49,7,0,0,123,14,12,10,100,30,20,0.05,0.05
METROLOGY_CONDITIONED_EIG,514029,35.448828381916854,1.247683586541658,18.26117215316982,50,6,0,0,123,14,12,10,100,30,20,0.05,0.05
NO_PASSIVE,515000,735.9096566262308,0.19824605098701248,445.27923823147125,0,0,0,0,99,15,12,10,100,30,20,0.05,0.15
RANDOM,515000,13.007971652879222,0.9541884451191073,29.64612770819724,43,7,0,1,99,15,12,10,100,30,20,0.05,0.15
HIGHEST_SNR,515000,73.7507657417428,0.4293385717637344,66.80824908008243,44,6,0,2,99,15,12,10,100,30,20,0.05,0.15
SHORTEST_PULSE,515000,18.055758772259935,0.33566335627776267,23.957428227331317,40,10,0,0,99,15,12,10,100,30,20,0.05,0.15
METROLOGY_CONDITIONED_EIG,515000,16.856861782289293,0.35127006675808814,23.750456757999558,42,8,0,0,99,15,12,10,100,30,20,0.05,0.15
NO_PASSIVE,515001,500.67940856074307,2.2748292167176962,445.27923823147125,0,0,0,0,37,15,12,10,100,30,20,0.05,0.15
RANDOM,515001,12.651143589728711,0.36212713930682267,58.011161131681256,29,7,0,0,37,15,12,10,100,30,20,0.05,0.15
HIGHEST_SNR,515001,12.651143589728711,0.36212713930682267,58.011161131681256,29,7,0,0,37,15,12,10,100,30,20,0.05,0.15
SHORTEST_PULSE,515001,12.581151553318943,0.36011998146661567,58.06985302458232,28,8,0,0,37,15,12,10,100,30,20,0.05,0.15
METROLOGY_CONDITIONED_EIG,515001,12.581151553318943,0.36011998146661567,58.06985302458232,28,8,0,0,37,15,12,10,100,30,20,0.05,0.15
NO_PASSIVE,515002,13.13057729983765,1.3069934969444446,445.27923823147125,0,0,0,0,32,15,12,10,100,30,20,0.05,0.15
RANDOM,515002,29.47607627701298,1.851122362344523,54.48857305225943,24,5,0,1,32,15,12,10,100,30,20,0.05,0.15
HIGHEST_SNR,515002,33.0060034913899,1.8749221119745993,53.71604853110867,25,4,0,1,32,15,12,10,100,30,20,0.05,0.15
SHORTEST_PULSE,515002,30.790066591881576,1.829154668741461,54.18577378855332,24,5,0,1,32,15,12,10,100,30,20,0.05,0.15
METROLOGY_CONDITIONED_EIG,515002,30.790066591881576,1.829154668741461,54.18577378855332,24,5,0,1,32,15,12,10,100,30,20,0.05,0.15
NO_PASSIVE,515003,602.1155371501343,2.227361295181697,445.27923823147125,0,0,0,0,68,15,12,10,100,30,20,0.05,0.15
RANDOM,515003,351.07306914482666,3.467440049448262,65.10654209949706,11,37,0,2,68,15,12,10,100,30,20,0.05,0.15
HIGHEST_SNR,515003,740.6142998839442,3.341717999446751,317.85891157525833,3,45,0,3,68,15,12,10,100,30,20,0.05,0.15
SHORTEST_PULSE,515003,385.33602064167167,3.073022474790123,58.76210599172207,18,30,0,3,68,15,12,10,100,30,20,0.05,0.15
METROLOGY_CONDITIONED_EIG,515003,385.44509048447946,2.8481079330983357,74.48659153030287,10,38,0,3,68,15,12,10,100,30,20,0.05,0.15
NO_PASSIVE,515004,445.96440705370577,1.5473776688753957,445.27923823147125,0,0,0,0,134,15,12,10,100,30,20,0.05,0.15
RANDOM,515004,53.953645035193745,1.7695466891997624,34.17504358670077,46,14,1,1,134,15,12,10,100,30,20,0.05,0.15
HIGHEST_SNR,515004,8.760026661985885,0.16452024664218529,34.54251696731392,46,14,0,0,134,15,12,10,100,30,20,0.05,0.15
SHORTEST_PULSE,515004,28.55876958983946,1.6093417977419568,30.98851192955745,45,15,1,0,134,15,12,10,100,30,20,0.05,0.15
METROLOGY_CONDITIONED_EIG,515004,35.676632179622075,1.5972492393309372,31.46351744450337,47,13,1,0,134,15,12,10,100,30,20,0.05,0.15
NO_PASSIVE,515005,350.0078025979254,2.946524838415845,445.27923823147125,0,0,0,0,80,15,12,10,100,30,20,0.05,0.15
RANDOM,515005,89.31590261548892,3.069043257200493,35.85850414331191,45,6,0,2,80,15,12,10,100,30,20,0.05,0.15
HIGHEST_SNR,515005,48.14550852511707,2.0201553616121433,33.489010309922364,44,7,0,2,80,15,12,10,100,30,20,0.05,0.15
SHORTEST_PULSE,515005,549.673347167568,0.4540774104781134,90.8533547995958,18,33,0,3,80,15,12,10,100,30,20,0.05,0.15
METROLOGY_CONDITIONED_EIG,515005,545.5596671922663,0.5142169471693955,91.19930083496199,15,36,0,3,80,15,12,10,100,30,20,0.05,0.15
NO_PASSIVE,515006,301.5902668290609,4.054406893953931,445.27923823147125,0,0,0,0,137,15,12,10,100,30,20,0.05,0.15
RANDOM,515006,22.828488483630366,1.1380119491357183,39.79033258140253,44,7,0,1,137,15,12,10,100,30,20,0.05,0.15
HIGHEST_SNR,515006,328.74241837154926,3.834969026443028,59.336890028547856,32,19,0,1,137,15,12,10,100,30,20,0.05,0.15
SHORTEST_PULSE,515006,641.5841664492293,1.3389033619948962,100.27525524220023,19,32,0,2,137,15,12,10,100,30,20,0.05,0.15
METROLOGY_CONDITIONED_EIG,515006,65.17106141389561,1.8617062666255264,37.38842550987986,39,12,0,1,137,15,12,10,100,30,20,0.05,0.15
NO_PASSIVE,515007,311.5644659194855,3.5449739392551476,445.27923823147125,0,0,0,0,67,15,12,10,100,30,20,0.05,0.15
RANDOM,515007,143.80007292499968,6.250111960861037,51.40928814658094,42,9,0,1,67,15,12,10,100,30,20,0.05,0.15
HIGHEST_SNR,515007,13.800200206589217,3.6519241685746473,36.218598698804236,43,8,0,0,67,15,12,10,100,30,20,0.05,0.15
SHORTEST_PULSE,515007,5.042892035951773,0.8448961165209334,36.014921787630406,42,9,0,0,67,15,12,10,100,30,20,0.05,0.15
METROLOGY_CONDITIONED_EIG,515007,7.197534352162428,0.8673039519082008,34.96793464525306,42,9,0,0,67,15,12,10,100,30,20,0.05,0.15
NO_PASSIVE,515008,658.0957988551326,2.1978110719824064,445.27923823147125,0,0,0,0,113,15,12,10,100,30,20,0.05,0.15
RANDOM,515008,17.615852746016238,0.5791754377804518,20.99226195153072,46,8,0,0,113,15,12,10,100,30,20,0.05,0.15
HIGHEST_SNR,515008,31.680263665470434,1.2538007901184764,26.512115430056532,48,6,0,1,113,15,12,10,100,30,20,0.05,0.15
SHORTEST_PULSE,515008,38.21519744914978,1.3062953324281021,20.45779190994686,44,10,0,0,113,15,12,10,100,30,20,0.05,0.15
METROLOGY_CONDITIONED_EIG,515008,12.173696738394263,0.29361738039762475,18.732355237849745,44,10,0,0,113,15,12,10,100,30,20,0.05,0.15
NO_PASSIVE,515009,207.27145878615042,3.488699639769733,445.27923823147125,0,0,0,0,23,15,12,10,100,30,20,0.05,0.15
RANDOM,515009,65.4888852846609,2.5169388939948907,37.496566180486745,21,1,0,0,23,15,12,10,100,30,20,0.05,0.15
HIGHEST_SNR,515009,66.49264743290233,2.5921051375860458,37.646338804648096,21,1,0,0,23,15,12,10,100,30,20,0.05,0.15
SHORTEST_PULSE,515009,65.4888852846609,2.5169388939948907,37.496566180486745,21,1,0,0,23,15,12,10,100,30,20,0.05,0.15
METROLOGY_CONDITIONED_EIG,515009,65.4888852846609,2.5169388939948907,37.496566180486745,21,1,0,0,23,15,12,10,100,30,20,0.05,0.15
NO_PASSIVE,515010,190.8354198782784,4.591056335188647,445.27923823147125,0,0,0,0,117,15,12,10,100,30,20,0.05,0.15
RANDOM,515010,109.0017957853779,2.905149742963978,25.62551898825969,47,12,1,2,117,15,12,10,100,30,20,0.05,0.15
HIGHEST_SNR,515010,89.05819059664408,3.6784492222991383,33.788806957619485,48,11,1,1,117,15,12,10,100,30,20,0.05,0.15
SHORTEST_PULSE,515010,60.088940918504306,1.8337184484476503,27.075247655710086,44,15,0,0,117,15,12,10,100,30,20,0.05,0.15
METROLOGY_CONDITIONED_EIG,515010,98.45739800480001,2.8151270659935252,22.84683317641646,45,14,1,1,117,15,12,10,100,30,20,0.05,0.15
NO_PASSIVE,515011,315.0018564529063,5.496489563434095,445.27923823147125,0,0,0,0,147,15,12,10,100,30,20,0.05,0.15
RANDOM,515011,137.8434774067991,5.2770091436706315,40.74144906914265,36,21,0,2,147,15,12,10,100,30,20,0.05,0.15
HIGHEST_SNR,515011,27.008169474144008,0.9910619003665369,24.165559882672323,46,11,0,2,147,15,12,10,100,30,20,0.05,0.15
SHORTEST_PULSE,515011,22.14856156147684,1.0683927257802674,16.23996441342431,44,13,0,0,147,15,12,10,100,30,20,0.05,0.15
METROLOGY_CONDITIONED_EIG,515011,21.870002001289205,1.0713621830986195,15.155691224681606,44,13,0,0,147,15,12,10,100,30,20,0.05,0.15
NO_PASSIVE,515012,556.8975199589589,3.501056893906832,445.27923823147125,0,0,0,0,78,15,12,10,100,30,20,0.05,0.15
RANDOM,515012,31.465850659663015,1.2195374851885035,24.29653315321117,37,6,0,0,78,15,12,10,100,30,20,0.05,0.15
HIGHEST_SNR,515012,17.054320133407217,0.37039993422079015,29.70653871002637,35,8,0,0,78,15,12,10,100,30,20,0.05,0.15
SHORTEST_PULSE,515012,20.658062194783213,0.24681505332519355,33.32928295540666,36,7,0,0,78,15,12,10,100,30,20,0.05,0.15
METROLOGY_CONDITIONED_EIG,515012,41.24440600370186,1.1502013204078818,24.337229970719715,36,7,0,0,78,15,12,10,100,30,20,0.05,0.15
NO_PASSIVE,515013,353.70043701860885,2.4149909613718847,445.27923823147125,0,0,0,0,169,15,12,10,100,30,20,0.05,0.15
RANDOM,515013,31.69889718247829,0.8543084183733346,23.420252292097018,41,15,0,0,169,15,12,10,100,30,20,0.05,0.15
HIGHEST_SNR,515013,11.006422610406,0.7955246993918021,39.488552079186384,44,12,0,0,169,15,12,10,100,30,20,0.05,0.15
SHORTEST_PULSE,515013,5.216631321109526,0.50909972070628,18.345982403142717,44,12,0,0,169,15,12,10,100,30,20,0.05,0.15
METROLOGY_CONDITIONED_EIG,515013,6.763918109260604,0.6062059071959607,18.70330366187704,45,11,0,0,169,15,12,10,100,30,20,0.05,0.15
NO_PASSIVE,515014,653.9856220306608,2.2852142340198984,445.27923823147125,0,0,0,0,60,15,12,10,100,30,20,0.05,0.15
RANDOM,515014,19.947209943358963,1.0135082390953762,37.049399520997504,34,7,0,0,60,15,12,10,100,30,20,0.05,0.15
HIGHEST_SNR,515014,68.67495734177906,1.6877774767252935,73.06051206516688,30,11,0,0,60,15,12,10,100,30,20,0.05,0.15
SHORTEST_PULSE,515014,13.935609580805462,0.684316810776321,36.17220165729991,34,7,0,0,60,15,12,10,100,30,20,0.05,0.15
METROLOGY_CONDITIONED_EIG,515014,7.981135927070042,0.5991116824344623,37.14543877407401,34,7,0,0,60,15,12,10,100,30,20,0.05,0.15
NO_PASSIVE,515015,223.98064665509466,3.9353938247030453,445.27923823147125,0,0,0,0,54,15,12,10,100,30,20,0.05,0.15
RANDOM,515015,167.84681801223536,3.2514107945478496,81.895877266101,18,19,0,2,54,15,12,10,100,30,20,0.05,0.15
HIGHEST_SNR,515015,296.5381010149543,2.8233932637225836,113.43019166500807,21,16,0,2,54,15,12,10,100,30,20,0.05,0.15
SHORTEST_PULSE,515015,56.598223835526724,4.381066076708166,71.1408999934371,26,11,0,3,54,15,12,10,100,30,20,0.05,0.15
METROLOGY_CONDITIONED_EIG,515015,49.68846240828153,3.7932251643540975,61.5586150816006,28,9,0,4,54,15,12,10,100,30,20,0.05,0.15
NO_PASSIVE,515016,325.05106961377,3.537548023466781,445.27923823147125,0,0,0,0,36,15,12,10,100,30,20,0.05,0.15
RANDOM,515016,59.750054370435876,2.0715636158456365,36.61093661088448,20,6,0,0,36,15,12,10,100,30,20,0.05,0.15
HIGHEST_SNR,515016,20.302134496966975,1.1298959527566725,29.848148231860968,21,5,0,0,36,15,12,10,100,30,20,0.05,0.15
SHORTEST_PULSE,515016,51.673300833398066,1.835157915276716,35.37988867253013,19,7,0,0,36,15,12,10,100,30,20,0.05,0.15
METROLOGY_CONDITIONED_EIG,515016,65.46594040005762,2.155551313766411,36.75730745154588,19,7,0,0,36,15,12,10,100,30,20,0.05,0.15
NO_PASSIVE,515017,289.1150018875472,3.0517369714991287,445.27923823147125,0,0,0,0,57,15,12,10,100,30,20,0.05,0.15
RANDOM,515017,37.21245627858859,0.825709652628534,40.98574711284062,30,9,0,0,57,15,12,10,100,30,20,0.05,0.15
HIGHEST_SNR,515017,34.40375507484904,0.7027956196731887,40.19759438684531,29,10,0,0,57,15,12,10,100,30,20,0.05,0.15
SHORTEST_PULSE,515017,23.279554816126065,0.9755052208672278,36.03943142655582,29,10,0,0,57,15,12,10,100,30,20,0.05,0.15
METROLOGY_CONDITIONED_EIG,515017,20.203824922949483,0.9429148138631915,30.994574848884874,31,8,0,0,57,15,12,10,100,30,20,0.05,0.15
NO_PASSIVE,515018,218.5071303244671,2.3239854113130503,445.27923823147125,0,0,0,0,33,15,12,10,100,30,20,0.05,0.15
RANDOM,515018,559.3154716409888,2.2373916180759204,111.18908931086571,17,11,0,2,33,15,12,10,100,30,20,0.05,0.15
HIGHEST_SNR,515018,55.23681077651542,0.8371445732514267,63.4028827691575,20,8,0,1,33,15,12,10,100,30,20,0.05,0.15
SHORTEST_PULSE,515018,45.039241788052614,1.1898277218110576,66.4787206632048,19,9,0,1,33,15,12,10,100,30,20,0.05,0.15
METROLOGY_CONDITIONED_EIG,515018,43.27166525480211,1.0883415689019216,65.46336657256057,19,9,0,1,33,15,12,10,100,30,20,0.05,0.15
NO_PASSIVE,515019,280.99045702186265,2.4761311143983695,445.27923823147125,0,0,0,0,61,15,12,10,100,30,20,0.05,0.15
RANDOM,515019,310.8111514607895,1.3361685081787487,37.33095499631171,27,23,0,3,61,15,12,10,100,30,20,0.05,0.15
HIGHEST_SNR,515019,309.05200169649385,1.1487675427565351,37.45004404204713,28,22,0,3,61,15,12,10,100,30,20,0.05,0.15
SHORTEST_PULSE,515019,319.40734669643285,1.526461035869613,41.66526373285302,24,26,0,3,61,15,12,10,100,30,20,0.05,0.15
METROLOGY_CONDITIONED_EIG,515019,321.6586379793282,1.8096147805781428,41.40017914739943,24,26,0,3,61,15,12,10,100,30,20,0.05,0.15
NO_PASSIVE,515020,387.4160839864366,2.8563412123172913,445.27923823147125,0,0,0,0,115,15,12,10,100,30,20,0.05,0.15
RANDOM,515020,17.560832130932223,0.5157161743286077,22.13842916988682,40,11,0,2,115,15,12,10,100,30,20,0.05,0.15
HIGHEST_SNR,515020,50.78198273381893,1.612512805711431,27.598380695652896,40,11,0,3,115,15,12,10,100,30,20,0.05,0.15
SHORTEST_PULSE,515020,11.885933314247119,0.332063126537452,17.336347533301932,45,6,0,1,115,15,12,10,100,30,20,0.05,0.15
METROLOGY_CONDITIONED_EIG,515020,11.814774190561584,0.3449156473586889,17.330545659405598,46,5,0,1,115,15,12,10,100,30,20,0.05,0.15
NO_PASSIVE,515021,270.9343008724494,2.453492716205204,445.27923823147125,0,0,0,0,30,15,12,10,100,30,20,0.05,0.15
RANDOM,515021,126.30329496294563,0.7321874316329371,48.33600415883961,21,8,0,2,30,15,12,10,100,30,20,0.05,0.15
HIGHEST_SNR,515021,126.30329496294563,0.7321874316329371,48.33600415883961,21,8,0,2,30,15,12,10,100,30,20,0.05,0.15
SHORTEST_PULSE,515021,123.92327383328184,0.8574022864119275,48.22638962195437,22,7,0,2,30,15,12,10,100,30,20,0.05,0.15
METROLOGY_CONDITIONED_EIG,515021,126.30329496294563,0.7321874316329371,48.33600415883961,21,8,0,2,30,15,12,10,100,30,20,0.05,0.15
NO_PASSIVE,515022,224.4584744588928,1.706894124167852,445.27923823147125,0,0,0,0,62,15,12,10,100,30,20,0.05,0.15
RANDOM,515022,18.36252289728249,0.35593505229604744,29.07550124113829,33,11,0,2,62,15,12,10,100,30,20,0.05,0.15
HIGHEST_SNR,515022,35.262127150222184,0.5991133972258871,30.337395493184932,36,8,0,5,62,15,12,10,100,30,20,0.05,0.15
SHORTEST_PULSE,515022,14.569876868555777,0.5319702347680173,28.847789366588934,34,10,0,2,62,15,12,10,100,30,20,0.05,0.15
METROLOGY_CONDITIONED_EIG,515022,14.569876868555777,0.5319702347680173,28.847789366588934,34,10,0,2,62,15,12,10,100,30,20,0.05,0.15
NO_PASSIVE,515023,518.4997178464123,0.7474626789005389,445.27923823147125,0,0,0,0,52,15,12,10,100,30,20,0.05,0.15
RANDOM,515023,54.901423440834186,2.061706499755407,41.43538349442652,30,7,0,1,52,15,12,10,100,30,20,0.05,0.15
HIGHEST_SNR,515023,32.11389818454998,1.3793361788649832,50.23320519175664,32,5,0,1,52,15,12,10,100,30,20,0.05,0.15
SHORTEST_PULSE,515023,50.99820390004893,2.058336065960999,37.82276818128674,30,7,0,1,52,15,12,10,100,30,20,0.05,0.15
METROLOGY_CONDITIONED_EIG,515023,46.965577732574815,2.033471947416254,37.27528580644884,31,6,0,1,52,15,12,10,100,30,20,0.05,0.15
NO_PASSIVE,515024,158.96491110750887,3.668154267483471,445.27923823147125,0,0,0,0,67,15,12,10,100,30,20,0.05,0.15
RANDOM,515024,35.13022276103777,1.73876987220524,43.44545310381417,44,7,0,2,67,15,12,10,100,30,20,0.05,0.15
HIGHEST_SNR,515024,51.2884646634726,1.9822548640458466,48.0824237420673,21,30,0,2,67,15,12,10,100,30,20,0.05,0.15
SHORTEST_PULSE,515024,37.10155276578131,1.8979551686028773,43.22950800382768,45,6,0,2,67,15,12,10,100,30,20,0.05,0.15
METROLOGY_CONDITIONED_EIG,515024,38.426198135452985,1.6901937079526423,41.95556913382265,44,7,0,2,67,15,12,10,100,30,20,0.05,0.15
NO_PASSIVE,515025,579.3903902144181,3.471446371412334,445.27923823147125,0,0,0,0,66,15,12,10,100,30,20,0.05,0.15
RANDOM,515025,23.350329178545337,1.5036648000694481,30.72467269124299,35,5,0,0,66,15,12,10,100,30,20,0.05,0.15
HIGHEST_SNR,515025,48.221669217105635,2.0705134243626646,32.65319398543827,33,7,0,1,66,15,12,10,100,30,20,0.05,0.15
SHORTEST_PULSE,515025,18.25923032073414,1.0711892288302747,32.86822152382101,33,7,0,0,66,15,12,10,100,30,20,0.05,0.15
METROLOGY_CONDITIONED_EIG,515025,24.52691883574498,1.6057111617920539,30.775126803767563,32,8,0,0,66,15,12,10,100,30,20,0.05,0.15
NO_PASSIVE,515026,697.3514479678547,4.088569834457436,445.27923823147125,0,0,0,0,29,15,12,10,100,30,20,0.05,0.15
RANDOM,515026,83.97078975537609,2.363746755606724,43.912764478037886,23,4,0,0,29,15,12,10,100,30,20,0.05,0.15
HIGHEST_SNR,515026,83.97078975537609,2.363746755606724,43.912764478037886,23,4,0,0,29,15,12,10,100,30,20,0.05,0.15
SHORTEST_PULSE,515026,821.4095578861445,5.354731708262201,133.81363090794798,3,24,0,2,29,15,12,10,100,30,20,0.05,0.15
METROLOGY_CONDITIONED_EIG,515026,821.4095578861445,5.354731708262201,133.81363090794798,3,24,0,2,29,15,12,10,100,30,20,0.05,0.15
NO_PASSIVE,515027,78.57040646653506,2.637784564160213,445.27923823147125,0,0,0,0,71,15,12,10,100,30,20,0.05,0.15
RANDOM,515027,100.60590351941562,2.468470639012573,36.78227159109924,50,7,0,1,71,15,12,10,100,30,20,0.05,0.15
HIGHEST_SNR,515027,91.51983241499083,2.584011394061615,37.88998567408966,51,6,0,1,71,15,12,10,100,30,20,0.05,0.15
SHORTEST_PULSE,515027,115.84263129961943,3.0254091921631496,32.26598665338052,49,8,0,1,71,15,12,10,100,30,20,0.05,0.15
METROLOGY_CONDITIONED_EIG,515027,116.49724348620326,3.156805210695157,32.1970063042931,50,7,0,1,71,15,12,10,100,30,20,0.05,0.15
NO_PASSIVE,515028,665.2818356375147,1.854009311417062,445.27923823147125,0,0,0,0,83,15,12,10,100,30,20,0.05,0.15
RANDOM,515028,25.395451943947762,0.9885779328767361,20.306728440744234,49,8,0,2,83,15,12,10,100,30,20,0.05,0.15
HIGHEST_SNR,515028,9.936319102270508,0.9485871745057992,19.334751512316668,49,8,0,2,83,15,12,10,100,30,20,0.05,0.15
SHORTEST_PULSE,515028,6.176691725395006,0.8991560461296921,19.771989205752668,48,9,0,2,83,15,12,10,100,30,20,0.05,0.15
METROLOGY_CONDITIONED_EIG,515028,4.054159311756568,0.9209732011643746,19.903787587599563,48,9,0,2,83,15,12,10,100,30,20,0.05,0.15
NO_PASSIVE,515029,203.87125679683268,3.759455416190396,445.27923823147125,0,0,0,0,25,15,12,10,100,30,20,0.05,0.15
RANDOM,515029,23.271329061480515,2.0896353072034617,41.30412658272381,17,4,0,0,25,15,12,10,100,30,20,0.05,0.15
HIGHEST_SNR,515029,144.88513932930204,1.916899164001936,30.89187992929462,17,4,0,1,25,15,12,10,100,30,20,0.05,0.15
SHORTEST_PULSE,515029,783.4521167046624,3.028336861646259,97.04402978175798,7,14,0,1,25,15,12,10,100,30,20,0.05,0.15
METROLOGY_CONDITIONED_EIG,515029,765.601784233626,3.1016907433844887,70.39841671567835,7,14,0,2,25,15,12,10,100,30,20,0.05,0.15
NO_PASSIVE,516000,285.4757670276662,3.700599441282727,445.27923823147125,0,0,0,0,88,16,12,10,100,30,20,0.15,0.0
RANDOM,516000,16.941194585659254,1.1983424023831573,27.968650285956315,48,6,0,0,88,16,12,10,100,30,20,0.15,0.0
HIGHEST_SNR,516000,48.350456336162694,3.128308287846247,48.29570431853032,48,6,0,0,88,16,12,10,100,30,20,0.15,0.0
SHORTEST_PULSE,516000,14.46799616251422,1.2141105716991005,17.096003197031397,48,6,0,0,88,16,12,10,100,30,20,0.15,0.0
METROLOGY_CONDITIONED_EIG,516000,13.062519616371535,1.163877878002151,17.302580942463102,48,6,0,0,88,16,12,10,100,30,20,0.15,0.0
NO_PASSIVE,516001,516.9266465061953,2.220994304399149,445.27923823147125,0,0,0,0,136,16,12,10,100,30,20,0.15,0.0
RANDOM,516001,35.31946446235886,1.220494814029791,21.744040398596542,50,10,0,0,136,16,12,10,100,30,20,0.15,0.0
HIGHEST_SNR,516001,20.267606605750125,0.5631298021831388,23.303257959946542,53,7,0,0,136,16,12,10,100,30,20,0.15,0.0
SHORTEST_PULSE,516001,17.172915592386747,0.7564489162316191,15.734602841500584,50,10,0,0,136,16,12,10,100,30,20,0.15,0.0
METROLOGY_CONDITIONED_EIG,516001,21.572112605210265,0.9957268738236551,16.213924223516,50,10,0,0,136,16,12,10,100,30,20,0.15,0.0
NO_PASSIVE,516002,432.9672559868493,3.9230445762436066,445.27923823147125,0,0,0,0,96,16,12,10,100,30,20,0.15,0.0
RANDOM,516002,28.832693191926843,0.8109287099971455,30.59838917871005,39,8,0,0,96,16,12,10,100,30,20,0.15,0.0
HIGHEST_SNR,516002,10.567484241613458,0.9663296920395542,32.86018859006493,40,7,0,0,96,16,12,10,100,30,20,0.15,0.0
SHORTEST_PULSE,516002,31.109817423097745,2.058003327460409,24.925911137264467,39,8,0,0,96,16,12,10,100,30,20,0.15,0.0
METROLOGY_CONDITIONED_EIG,516002,39.546730679834276,1.973030367665335,26.608545693752376,37,10,0,0,96,16,12,10,100,30,20,0.15,0.0
NO_PASSIVE,516003,96.07520028843572,0.8307943735755546,445.27923823147125,0,0,0,0,93,16,12,10,100,30,20,0.15,0.0
RANDOM,516003,7.511728016803197,0.8159465843056151,40.04513584099992,38,11,0,0,93,16,12,10,100,30,20,0.15,0.0
HIGHEST_SNR,516003,9.378386837485015,0.8392850507839346,36.48946016814476,41,8,0,0,93,16,12,10,100,30,20,0.15,0.0
SHORTEST_PULSE,516003,17.904702488763277,0.9339103405765669,36.08309764195183,40,9,0,0,93,16,12,10,100,30,20,0.15,0.0
METROLOGY_CONDITIONED_EIG,516003,17.903773114505142,0.9353201221947682,35.83025604484159,41,8,0,0,93,16,12,10,100,30,20,0.15,0.0
NO_PASSIVE,516004,546.0416792683254,1.0735784619399598,445.27923823147125,0,0,0,0,83,16,12,10,100,30,20,0.15,0.0
RANDOM,516004,35.43871674190114,1.6652816896579767,22.372036537103337,40,9,1,0,83,16,12,10,100,30,20,0.15,0.0
HIGHEST_SNR,516004,6.045693925995794,0.5640848296654274,26.50320166615392,39,10,0,0,83,16,12,10,100,30,20,0.15,0.0
SHORTEST_PULSE,516004,33.52708592280477,1.2070787225675854,20.415922930494048,44,5,2,0,83,16,12,10,100,30,20,0.15,0.0
METROLOGY_CONDITIONED_EIG,516004,31.529684820575635,1.257357946922789,20.158630532968786,43,6,1,0,83,16,12,10,100,30,20,0.15,0.0
NO_PASSIVE,516005,357.9362936240387,4.353440688588615,445.27923823147125,0,0,0,0,125,16,12,10,100,30,20,0.15,0.0
RANDOM,516005,16.56799147498526,1.1346454059708728,32.705422488162434,50,10,0,0,125,16,12,10,100,30,20,0.15,0.0
HIGHEST_SNR,516005,30.880613827041188,1.474046281246461,35.84866485921738,52,8,0,0,125,16,12,10,100,30,20,0.15,0.0
SHORTEST_PULSE,516005,29.442568793393512,1.1071986249471806,30.813938505459962,51,9,0,0,125,16,12,10,100,30,20,0.15,0.0
METROLOGY_CONDITIONED_EIG,516005,17.29114356522628,1.257764494475655,28.22264933203199,50,10,0,0,125,16,12,10,100,30,20,0.15,0.0
NO_PASSIVE,516006,866.5395039460291,2.0748441214136495,445.27923823147125,0,0,0,0,123,16,12,10,100,30,20,0.15,0.0
RANDOM,516006,55.64680087979531,1.8445905654822334,26.415376630846392,40,12,0,0,123,16,12,10,100,30,20,0.15,0.0
HIGHEST_SNR,516006,38.80790350069167,1.124781032194951,54.389668949614354,42,10,0,0,123,16,12,10,100,30,20,0.15,0.0
SHORTEST_PULSE,516006,74.21026686327114,2.6523590044145107,25.14617488577214,38,14,0,0,123,16,12,10,100,30,20,0.15,0.0
METROLOGY_CONDITIONED_EIG,516006,37.168618465411264,1.1571726434119032,21.75031158205633,42,10,0,0,123,16,12,10,100,30,20,0.15,0.0
NO_PASSIVE,516007,222.22450027942517,1.7665924325690259,445.27923823147125,0,0,0,0,59,16,12,10,100,30,20,0.15,0.0
RANDOM,516007,33.17306895461802,1.6818810385859715,55.06080406609448,37,3,0,0,59,16,12,10,100,30,20,0.15,0.0
HIGHEST_SNR,516007,29.88647427689851,1.433020901350471,63.82968615844013,37,3,0,0,59,16,12,10,100,30,20,0.15,0.0
SHORTEST_PULSE,516007,52.474029331718526,1.3720227245702035,57.245233932060465,37,3,0,0,59,16,12,10,100,30,20,0.15,0.0
METROLOGY_CONDITIONED_EIG,516007,51.181799297224906,1.2433915909622375,52.79901465167877,37,3,0,0,59,16,12,10,100,30,20,0.15,0.0
NO_PASSIVE,516008,373.0768634784946,2.346618431654619,445.27923823147125,0,0,0,0,66,16,12,10,100,30,20,0.15,0.0
RANDOM,516008,16.878120805367022,1.1974812604821543,26.679686870605938,39,4,0,0,66,16,12,10,100,30,20,0.15,0.0
HIGHEST_SNR,516008,26.608046325921542,0.8379823921207263,27.814743447130205,39,4,0,0,66,16,12,10,100,30,20,0.15,0.0
SHORTEST_PULSE,516008,30.371691291772603,1.4064374887688809,23.446426307553665,38,5,0,0,66,16,12,10,100,30,20,0.15,0.0
METROLOGY_CONDITIONED_EIG,516008,19.188610319250625,1.392493626808126,23.028139797435244,38,5,0,0,66,16,12,10,100,30,20,0.15,0.0
NO_PASSIVE,516009,770.9909069831976,1.742290760409229,445.27923823147125,0,0,0,0,113,16,12,10,100,30,20,0.15,0.0
RANDOM,516009,15.675113406445448,0.8323669475807005,33.22733233735478,42,8,0,0,113,16,12,10,100,30,20,0.15,0.0
HIGHEST_SNR,516009,3.3970657281528247,0.4161502433277705,31.201020610058638,42,8,0,0,113,16,12,10,100,30,20,0.15,0.0
SHORTEST_PULSE,516009,23.619730046348334,0.7703832945067671,30.01790082541845,43,7,0,0,113,16,12,10,100,30,20,0.15,0.0
METROLOGY_CONDITIONED_EIG,516009,24.165694584120775,0.7823065030033922,29.717092514329355,43,7,0,0,113,16,12,10,100,30,20,0.15,0.0
NO_PASSIVE,516010,412.49677403635815,2.7216529217217955,445.27923823147125,0,0,0,0,47,16,12,10,100,30,20,0.15,0.0
RANDOM,516010,22.973072231672656,0.8841982922523653,25.483473366091612,37,4,0,0,47,16,12,10,100,30,20,0.15,0.0
HIGHEST_SNR,516010,23.632700083982197,0.857352365721234,25.23354930738805,38,3,0,0,47,16,12,10,100,30,20,0.15,0.0
SHORTEST_PULSE,516010,17.035872551879276,0.9111745558594302,25.638635903866888,36,5,0,0,47,16,12,10,100,30,20,0.15,0.0
METROLOGY_CONDITIONED_EIG,516010,22.973072231672656,0.8841982922523653,25.483473366091612,37,4,0,0,47,16,12,10,100,30,20,0.15,0.0
NO_PASSIVE,516011,134.74038258013601,1.9386097180426844,445.27923823147125,0,0,0,0,36,16,12,10,100,30,20,0.15,0.0
RANDOM,516011,47.88130679489767,1.2793675773412363,67.60300918511554,27,7,0,0,36,16,12,10,100,30,20,0.15,0.0
HIGHEST_SNR,516011,41.90991871270203,1.292039462128958,69.81480619740303,27,7,0,0,36,16,12,10,100,30,20,0.15,0.0
SHORTEST_PULSE,516011,16.17038265724223,1.9346774905453494,57.741085419045596,28,6,0,0,36,16,12,10,100,30,20,0.15,0.0
METROLOGY_CONDITIONED_EIG,516011,16.17038265724223,1.9346774905453494,57.741085419045596,28,6,0,0,36,16,12,10,100,30,20,0.15,0.0
NO_PASSIVE,516012,351.68065908004644,2.3305493181886856,445.27923823147125,0,0,0,0,72,16,12,10,100,30,20,0.15,0.0
RANDOM,516012,39.67174180181718,1.8320498591702636,39.2352633204365,40,3,0,0,72,16,12,10,100,30,20,0.15,0.0
HIGHEST_SNR,516012,41.07821028279685,1.1677050437448577,39.84520552258305,38,5,0,0,72,16,12,10,100,30,20,0.15,0.0
SHORTEST_PULSE,516012,72.9682109194128,2.18648614813058,36.937929127593804,35,8,0,0,72,16,12,10,100,30,20,0.15,0.0
METROLOGY_CONDITIONED_EIG,516012,72.68854580056957,1.972713497154164,36.725949157477444,35,8,0,0,72,16,12,10,100,30,20,0.15,0.0
NO_PASSIVE,516013,210.3551913985806,1.5044472217550229,445.27923823147125,0,0,0,0,32,16,12,10,100,30,20,0.15,0.0
RANDOM,516013,62.334648741789266,1.214967773284496,56.451487765889205,21,3,0,0,32,16,12,10,100,30,20,0.15,0.0
HIGHEST_SNR,516013,93.52970265669393,0.6377298404520282,59.86750669779845,21,3,0,0,32,16,12,10,100,30,20,0.15,0.0
SHORTEST_PULSE,516013,35.05516696172393,0.8172703723978197,53.420524362718155,21,3,0,0,32,16,12,10,100,30,20,0.15,0.0
METROLOGY_CONDITIONED_EIG,516013,37.48927241448484,0.8406306155898721,53.003657758850416,21,3,0,0,32,16,12,10,100,30,20,0.15,0.0
NO_PASSIVE,516014,252.78145706777755,2.5626740241030537,445.27923823147125,0,0,0,0,19,16,12,10,100,30,20,0.15,0.0
RANDOM,516014,30.211223739782902,0.7823942460459891,38.155956372940345,16,1,0,0,19,16,12,10,100,30,20,0.15,0.0
HIGHEST_SNR,516014,32.25815888159796,0.5366911297980574,36.618399503042696,16,1,0,0,19,16,12,10,100,30,20,0.15,0.0
SHORTEST_PULSE,516014,32.25815888159796,0.5366911297980574,36.618399503042696,16,1,0,0,19,16,12,10,100,30,20,0.15,0.0
METROLOGY_CONDITIONED_EIG,516014,32.25815888159796,0.5366911297980574,36.618399503042696,16,1,0,0,19,16,12,10,100,30,20,0.15,0.0
NO_PASSIVE,516015,277.2944314647439,1.7363231401497539,445.27923823147125,0,0,0,0,82,16,12,10,100,30,20,0.15,0.0
RANDOM,516015,31.028671478037424,1.8369350858218902,22.52075343818444,51,5,0,0,82,16,12,10,100,30,20,0.15,0.0
HIGHEST_SNR,516015,32.22981161058964,1.524507319168723,23.279240513625272,48,8,0,0,82,16,12,10,100,30,20,0.15,0.0
SHORTEST_PULSE,516015,37.121387348626534,1.995892949628959,21.82734197142491,51,5,0,0,82,16,12,10,100,30,20,0.15,0.0
METROLOGY_CONDITIONED_EIG,516015,30.573577914626455,1.7995845969352429,22.29209549741345,50,6,0,0,82,16,12,10,100,30,20,0.15,0.0
NO_PASSIVE,516016,73.55902479450177,3.0502097952920817,445.27923823147125,0,0,0,0,48,16,12,10,100,30,20,0.15,0.0
RANDOM,516016,58.876241370206216,0.4351764419608692,37.96383009344987,32,5,0,0,48,16,12,10,100,30,20,0.15,0.0
HIGHEST_SNR,516016,45.752703723216435,1.8436473621688656,37.6607483376129,32,5,0,0,48,16,12,10,100,30,20,0.15,0.0
SHORTEST_PULSE,516016,18.9372211103853,0.5618242914369524,23.3619873098087,32,5,0,0,48,16,12,10,100,30,20,0.15,0.0
METROLOGY_CONDITIONED_EIG,516016,18.9372211103853,0.5618242914369524,23.3619873098087,32,5,0,0,48,16,12,10,100,30,20,0.15,0.0
NO_PASSIVE,516017,754.0595774271586,1.2384548903627066,445.27923823147125,0,0,0,0,88,16,12,10,100,30,20,0.15,0.0
RANDOM,516017,5.210188147644686,1.164698514077745,32.65081189575316,45,7,0,0,88,16,12,10,100,30,20,0.15,0.0
HIGHEST_SNR,516017,30.806439954972053,0.6140412485758411,35.823766056690324,42,10,0,0,88,16,12,10,100,30,20,0.15,0.0
SHORTEST_PULSE,516017,9.110046736989451,1.5877482648235866,25.84237366837741,45,7,0,0,88,16,12,10,100,30,20,0.15,0.0
METROLOGY_CONDITIONED_EIG,516017,7.249588140264796,1.5784757587093767,26.026565181139468,44,8,0,0,88,16,12,10,100,30,20,0.15,0.0
NO_PASSIVE,516018,803.7027810214958,3.6525221932595318,445.27923823147125,0,0,0,0,88,16,12,10,100,30,20,0.15,0.0
RANDOM,516018,37.42027959834391,1.4342715484186905,25.083719889715212,38,6,0,0,88,16,12,10,100,30,20,0.15,0.0
HIGHEST_SNR,516018,83.67897274936301,2.7815276618015865,38.936000085410974,37,7,0,0,88,16,12,10,100,30,20,0.15,0.0
SHORTEST_PULSE,516018,32.86977574835357,1.285579207017542,18.830215751616745,38,6,0,0,88,16,12,10,100,30,20,0.15,0.0
METROLOGY_CONDITIONED_EIG,516018,32.43547290803655,1.1942980201407407,18.37592087937644,37,7,0,0,88,16,12,10,100,30,20,0.15,0.0
NO_PASSIVE,516019,165.67976840567493,3.607973394253033,445.27923823147125,0,0,0,0,77,16,12,10,100,30,20,0.15,0.0
RANDOM,516019,74.10288743963798,2.5362426737288675,31.13520851873564,41,5,0,0,77,16,12,10,100,30,20,0.15,0.0
HIGHEST_SNR,516019,34.71836739640995,1.747386081737159,28.06617209765907,42,4,0,0,77,16,12,10,100,30,20,0.15,0.0
SHORTEST_PULSE,516019,22.291388390158318,1.5753829688720289,24.790323091077752,41,5,0,0,77,16,12,10,100,30,20,0.15,0.0
METROLOGY_CONDITIONED_EIG,516019,26.097032673569192,1.7983871803618392,24.81025914683579,42,4,0,0,77,16,12,10,100,30,20,0.15,0.0
NO_PASSIVE,516020,245.25906117264392,2.560337794668435,445.27923823147125,0,0,0,0,63,16,12,10,100,30,20,0.15,0.0
RANDOM,516020,84.66262993464323,2.070555184892482,34.25030518110281,30,7,0,0,63,16,12,10,100,30,20,0.15,0.0
HIGHEST_SNR,516020,109.61391338674589,2.9184420652422713,50.48156848996704,29,8,1,0,63,16,12,10,100,30,20,0.15,0.0
SHORTEST_PULSE,516020,80.00040933738637,2.4069484764324143,37.838706464919866,29,8,1,0,63,16,12,10,100,30,20,0.15,0.0
METROLOGY_CONDITIONED_EIG,516020,84.07146147991051,2.205861662789644,35.865516411433106,29,8,0,0,63,16,12,10,100,30,20,0.15,0.0
NO_PASSIVE,516021,223.6672523171656,2.933261708954706,445.27923823147125,0,0,0,0,119,16,12,10,100,30,20,0.15,0.0
RANDOM,516021,25.38489824205424,0.5762794195909913,26.30736495005311,45,15,0,0,119,16,12,10,100,30,20,0.15,0.0
HIGHEST_SNR,516021,4.807241093556156,1.1631180429886954,23.27347189049034,51,9,0,0,119,16,12,10,100,30,20,0.15,0.0
SHORTEST_PULSE,516021,11.378908441396673,0.7973070392170121,20.61581187124505,50,10,0,0,119,16,12,10,100,30,20,0.15,0.0
METROLOGY_CONDITIONED_EIG,516021,24.106877327257788,0.4694051069426551,19.991441280414517,50,10,0,0,119,16,12,10,100,30,20,0.15,0.0
NO_PASSIVE,516022,296.879065026959,1.5604141255493218,445.27923823147125,0,0,0,0,64,16,12,10,100,30,20,0.15,0.0
RANDOM,516022,50.08577471547282,0.3362638693957675,56.00160554860807,22,3,0,0,64,16,12,10,100,30,20,0.15,0.0
HIGHEST_SNR,516022,46.76919995855055,0.6199880107613328,89.71180808844183,23,2,0,0,64,16,12,10,100,30,20,0.15,0.0
SHORTEST_PULSE,516022,43.87429117375838,0.5250811614538861,89.81105649687724,22,3,0,0,64,16,12,10,100,30,20,0.15,0.0
METROLOGY_CONDITIONED_EIG,516022,4.411511051272391,0.7630431440067547,59.72496780589197,18,7,0,0,64,16,12,10,100,30,20,0.15,0.0
NO_PASSIVE,516023,277.3803090589153,2.7739150969246698,445.27923823147125,0,0,0,0,67,16,12,10,100,30,20,0.15,0.0
RANDOM,516023,32.18342722773105,0.5216172564086335,33.889073234353724,28,5,0,0,67,16,12,10,100,30,20,0.15,0.0
HIGHEST_SNR,516023,50.179164822769465,0.8011178807696011,68.05490363294201,24,9,0,0,67,16,12,10,100,30,20,0.15,0.0
SHORTEST_PULSE,516023,4.551159448555639,0.7295106409514391,38.96172972207281,26,7,1,0,67,16,12,10,100,30,20,0.15,0.0
METROLOGY_CONDITIONED_EIG,516023,14.775131205928487,0.7413310846646902,34.240836859042055,25,8,1,0,67,16,12,10,100,30,20,0.15,0.0
NO_PASSIVE,516024,741.2638678088517,1.4386102959863514,445.27923823147125,0,0,0,0,62,16,12,10,100,30,20,0.15,0.0
RANDOM,516024,49.12421160194594,1.3850583561751582,35.63736085772293,34,11,0,0,62,16,12,10,100,30,20,0.15,0.0
HIGHEST_SNR,516024,82.5110095669676,2.421114822487135,43.80990301279993,36,9,0,0,62,16,12,10,100,30,20,0.15,0.0
SHORTEST_PULSE,516024,20.524088358425324,1.0544326656607066,31.15105373640473,35,10,0,0,62,16,12,10,100,30,20,0.15,0.0
METROLOGY_CONDITIONED_EIG,516024,19.787592332078646,0.9019663040896562,29.769174952281713,35,10,0,0,62,16,12,10,100,30,20,0.15,0.0
NO_PASSIVE,516025,395.8064261370344,3.1410066600658983,445.27923823147125,0,0,0,0,75,16,12,10,100,30,20,0.15,0.0
RANDOM,516025,14.01411155771847,0.7025880424754315,28.00307629701761,37,14,0,0,75,16,12,10,100,30,20,0.15,0.0
HIGHEST_SNR,516025,23.27777530765412,0.9390637991946198,27.27932314246647,37,14,0,0,75,16,12,10,100,30,20,0.15,0.0
SHORTEST_PULSE,516025,26.97386740625121,1.1358844565722597,23.55515100790421,38,13,0,0,75,16,12,10,100,30,20,0.15,0.0
METROLOGY_CONDITIONED_EIG,516025,23.492806336179246,0.9596981949802165,24.579968928102083,39,12,0,0,75,16,12,10,100,30,20,0.15,0.0
NO_PASSIVE,516026,360.94402007966056,1.0741311860006886,445.27923823147125,0,0,0,0,56,16,12,10,100,30,20,0.15,0.0
RANDOM,516026,76.76427761628312,2.619702742903912,36.11529489086785,34,11,2,0,56,16,12,10,100,30,20,0.15,0.0
HIGHEST_SNR,516026,71.84595122351215,2.522423195306022,35.65141171311517,34,11,2,0,56,16,12,10,100,30,20,0.15,0.0
SHORTEST_PULSE,516026,82.68752008325689,2.6804356966703082,32.61852955129748,36,9,2,0,56,16,12,10,100,30,20,0.15,0.0
METROLOGY_CONDITIONED_EIG,516026,84.99636581534143,2.7766722046702155,33.21953381286213,35,10,2,0,56,16,12,10,100,30,20,0.15,0.0
NO_PASSIVE,516027,204.93788973501375,2.2985619616205777,445.27923823147125,0,0,0,0,88,16,12,10,100,30,20,0.15,0.0
RANDOM,516027,16.47659062123874,0.3854292756992471,20.604771008176122,43,6,0,0,88,16,12,10,100,30,20,0.15,0.0
HIGHEST_SNR,516027,27.76568988222636,1.3509977488098885,38.23308283262705,43,6,0,0,88,16,12,10,100,30,20,0.15,0.0
SHORTEST_PULSE,516027,14.62229594901044,0.8216524035203457,19.5434231779436,42,7,0,0,88,16,12,10,100,30,20,0.15,0.0
METROLOGY_CONDITIONED_EIG,516027,14.789612825479079,0.5865716488263036,18.183342352791986,41,8,0,0,88,16,12,10,100,30,20,0.15,0.0
NO_PASSIVE,516028,375.2934436220315,3.1121949952334913,445.27923823147125,0,0,0,0,177,16,12,10,100,30,20,0.15,0.0
RANDOM,516028,67.83556997834044,2.4346462012616135,29.30499805624728,38,9,0,0,177,16,12,10,100,30,20,0.15,0.0
HIGHEST_SNR,516028,91.7952232904112,2.104775999226479,44.6678834403571,41,6,2,0,177,16,12,10,100,30,20,0.15,0.0
SHORTEST_PULSE,516028,9.34281906425634,0.597947675628224,24.618798118352984,37,10,0,0,177,16,12,10,100,30,20,0.15,0.0
METROLOGY_CONDITIONED_EIG,516028,6.689360921548824,0.3433684734813353,19.07703540992832,41,6,0,0,177,16,12,10,100,30,20,0.15,0.0
NO_PASSIVE,516029,376.1731720971201,0.29529793827912315,445.27923823147125,0,0,0,0,167,16,12,10,100,30,20,0.15,0.0
RANDOM,516029,29.307479598916515,1.2118032562574585,25.196115280240882,52,7,0,0,167,16,12,10,100,30,20,0.15,0.0
HIGHEST_SNR,516029,48.8823598294063,2.0639735100184358,24.712654384337245,49,10,0,0,167,16,12,10,100,30,20,0.15,0.0
SHORTEST_PULSE,516029,25.159867134953345,1.40365899367226,21.874885665425484,50,9,0,0,167,16,12,10,100,30,20,0.15,0.0
METROLOGY_CONDITIONED_EIG,516029,38.50722591991901,1.8710383666855506,22.206148148445436,50,9,0,0,167,16,12,10,100,30,20,0.15,0.0
NO_PASSIVE,517000,323.8996583291059,2.2602125309723577,445.27923823147125,0,0,0,0,50,17,12,10,100,30,20,0.15,0.05
RANDOM,517000,50.859933512479934,1.175185102432569,32.116252932814554,26,11,0,0,50,17,12,10,100,30,20,0.15,0.05
HIGHEST_SNR,517000,41.930001694942895,1.330473304555334,33.366328785975284,25,12,0,0,50,17,12,10,100,30,20,0.15,0.05
SHORTEST_PULSE,517000,41.49606661529464,1.3530873510182815,29.96109232534405,27,10,0,0,50,17,12,10,100,30,20,0.15,0.05
METROLOGY_CONDITIONED_EIG,517000,41.49606661529464,1.3530873510182815,29.96109232534405,27,10,0,0,50,17,12,10,100,30,20,0.15,0.05
NO_PASSIVE,517001,109.92766533870969,2.511368591186023,445.27923823147125,0,0,0,0,38,17,12,10,100,30,20,0.15,0.05
RANDOM,517001,43.00543266734267,0.8896152318915975,34.54283179633097,23,4,0,0,38,17,12,10,100,30,20,0.15,0.05
HIGHEST_SNR,517001,64.64882967730819,1.5705714299111382,38.50707852653479,22,5,0,0,38,17,12,10,100,30,20,0.15,0.05
SHORTEST_PULSE,517001,870.6789945805941,1.7268857302162257,116.16773560974434,10,17,1,0,38,17,12,10,100,30,20,0.15,0.05
METROLOGY_CONDITIONED_EIG,517001,870.6789945805941,1.7268857302162257,116.16773560974434,10,17,1,0,38,17,12,10,100,30,20,0.15,0.05
NO_PASSIVE,517002,532.5808175001317,0.8674024217093171,445.27923823147125,0,0,0,0,84,17,12,10,100,30,20,0.15,0.05
RANDOM,517002,4.864254084527694,0.18283445463633785,20.276718478938278,46,14,0,0,84,17,12,10,100,30,20,0.15,0.05
HIGHEST_SNR,517002,37.68904298964049,0.19697792630504726,48.14020840297985,45,15,0,0,84,17,12,10,100,30,20,0.15,0.05
SHORTEST_PULSE,517002,7.317357177925527,0.20569011132955448,17.8986795958981,48,12,0,0,84,17,12,10,100,30,20,0.15,0.05
METROLOGY_CONDITIONED_EIG,517002,7.317357177925527,0.20569011132955448,17.8986795958981,48,12,0,0,84,17,12,10,100,30,20,0.15,0.05
NO_PASSIVE,517003,713.6560078041339,1.8407846530578222,445.27923823147125,0,0,0,0,45,17,12,10,100,30,20,0.15,0.05
RANDOM,517003,129.05647431592976,3.195144493422228,63.44043394849359,28,6,0,0,45,17,12,10,100,30,20,0.15,0.05
HIGHEST_SNR,517003,116.87344647981591,1.5586403367598574,76.51538493765531,28,6,0,0,45,17,12,10,100,30,20,0.15,0.05
SHORTEST_PULSE,517003,77.51455656518992,1.5114098571028836,54.4934604753347,27,7,0,0,45,17,12,10,100,30,20,0.15,0.05
METROLOGY_CONDITIONED_EIG,517003,67.67666522362225,1.9242374653316225,53.59346597424733,27,7,0,0,45,17,12,10,100,30,20,0.15,0.05
NO_PASSIVE,517004,414.6037848063446,4.719248715938299,445.27923823147125,0,0,0,0,139,17,12,10,100,30,20,0.15,0.05
RANDOM,517004,103.54015885592248,3.4929659001842164,34.66540885812322,47,13,0,1,139,17,12,10,100,30,20,0.15,0.05
HIGHEST_SNR,517004,107.10458258979409,3.3460072209191436,33.02207013618638,49,11,0,1,139,17,12,10,100,30,20,0.15,0.05
SHORTEST_PULSE,517004,20.448054870354976,0.6872154027432231,25.05349533314998,45,15,1,0,139,17,12,10,100,30,20,0.15,0.05
METROLOGY_CONDITIONED_EIG,517004,28.718563966156317,0.7856371753992051,20.255403937960008,52,8,0,0,139,17,12,10,100,30,20,0.15,0.05
NO_PASSIVE,517005,164.24584670264363,2.043765633777017,445.27923823147125,0,0,0,0,94,17,12,10,100,30,20,0.15,0.05
RANDOM,517005,9.864501374196632,1.03191365958487,33.740010435297656,38,16,0,0,94,17,12,10,100,30,20,0.15,0.05
HIGHEST_SNR,517005,7.520913685653792,1.5594365989867718,39.4217193255548,40,14,0,0,94,17,12,10,100,30,20,0.15,0.05
SHORTEST_PULSE,517005,21.128712924295414,0.2808825527085855,31.800595393884187,37,17,0,0,94,17,12,10,100,30,20,0.15,0.05
METROLOGY_CONDITIONED_EIG,517005,20.53651076427081,0.08349487783688372,26.281835359212113,39,15,0,0,94,17,12,10,100,30,20,0.15,0.05
NO_PASSIVE,517006,427.508286941961,4.937054196259031,445.27923823147125,0,0,0,0,105,17,12,10,100,30,20,0.15,0.05
RANDOM,517006,46.7523112295635,1.0773182365282818,30.466310588128543,43,8,0,0,105,17,12,10,100,30,20,0.15,0.05
HIGHEST_SNR,517006,28.65129648600643,0.823337131420115,27.352077491677335,45,6,0,0,105,17,12,10,100,30,20,0.15,0.05
SHORTEST_PULSE,517006,116.47037317660634,5.171659883106296,29.033922523876246,30,21,0,2,105,17,12,10,100,30,20,0.15,0.05
METROLOGY_CONDITIONED_EIG,517006,7.749309645233575,0.1286197770480382,23.138047641028685,44,7,0,0,105,17,12,10,100,30,20,0.15,0.05
NO_PASSIVE,517007,955.3477252659519,2.9091326309113064,445.27923823147125,0,0,0,0,75,17,12,10,100,30,20,0.15,0.05
RANDOM,517007,16.38467915126502,0.11911031140489282,33.914493696249764,35,6,0,0,75,17,12,10,100,30,20,0.15,0.05
HIGHEST_SNR,517007,17.20164700758392,0.10226278242418568,43.59760672915622,34,7,0,0,75,17,12,10,100,30,20,0.15,0.05
SHORTEST_PULSE,517007,12.543172807315297,0.49996162787285536,30.151756974927647,32,9,0,0,75,17,12,10,100,30,20,0.15,0.05
METROLOGY_CONDITIONED_EIG,517007,13.331927524520019,0.2799472256849664,31.04265479817148,32,9,0,0,75,17,12,10,100,30,20,0.15,0.05
NO_PASSIVE,517008,515.5186320393681,4.466826908747343,445.27923823147125,0,0,0,0,89,17,12,10,100,30,20,0.15,0.05
RANDOM,517008,64.0595935657264,2.8753573942236073,41.28090300555341,35,8,0,0,89,17,12,10,100,30,20,0.15,0.05
HIGHEST_SNR,517008,67.34872154269722,2.6451712099055307,43.27811045725147,34,9,0,0,89,17,12,10,100,30,20,0.15,0.05
SHORTEST_PULSE,517008,21.484851603803172,0.8650673058441539,29.03210230199556,33,10,0,0,89,17,12,10,100,30,20,0.15,0.05
METROLOGY_CONDITIONED_EIG,517008,15.748774396133085,0.8770178472082591,29.042369668507213,35,8,0,0,89,17,12,10,100,30,20,0.15,0.05
NO_PASSIVE,517009,527.1660070473607,0.5726689517579168,445.27923823147125,0,0,0,0,91,17,12,10,100,30,20,0.15,0.05
RANDOM,517009,32.84178139000567,0.7645811538513041,26.88084320345958,45,6,0,0,91,17,12,10,100,30,20,0.15,0.05
HIGHEST_SNR,517009,64.50312276638675,1.079100237965347,60.46074754401806,42,9,0,1,91,17,12,10,100,30,20,0.15,0.05
SHORTEST_PULSE,517009,13.787457423874047,1.0097412624535114,26.653898202394647,45,6,0,0,91,17,12,10,100,30,20,0.15,0.05
METROLOGY_CONDITIONED_EIG,517009,21.413948912491207,1.1162838593795577,24.19340317867206,43,8,0,0,91,17,12,10,100,30,20,0.15,0.05
NO_PASSIVE,517010,90.57959525175983,4.042561402449684,445.27923823147125,0,0,0,0,171,17,12,10,100,30,20,0.15,0.05
RANDOM,517010,586.6531544574261,1.81236729879269,92.60043035032083,13,41,0,1,171,17,12,10,100,30,20,0.15,0.05
HIGHEST_SNR,517010,36.41044400998653,1.3654308571005473,29.271625648991883,41,13,1,2,171,17,12,10,100,30,20,0.15,0.05
SHORTEST_PULSE,517010,21.97965442796513,0.4811035027399091,22.180213041754374,41,13,0,1,171,17,12,10,100,30,20,0.15,0.05
METROLOGY_CONDITIONED_EIG,517010,22.123470885787498,0.9333587258166374,21.837003017541896,33,21,0,1,171,17,12,10,100,30,20,0.15,0.05
NO_PASSIVE,517011,103.85626115555385,2.704599872001213,445.27923823147125,0,0,0,0,121,17,12,10,100,30,20,0.15,0.05
RANDOM,517011,30.76362551872799,2.141460982635837,53.09412190053854,36,12,0,2,121,17,12,10,100,30,20,0.15,0.05
HIGHEST_SNR,517011,40.532644254355986,0.5740864035098521,60.52515530591796,38,10,0,1,121,17,12,10,100,30,20,0.15,0.05
SHORTEST_PULSE,517011,62.55152073200516,2.1029235350987356,61.789995946726975,40,8,0,2,121,17,12,10,100,30,20,0.15,0.05
METROLOGY_CONDITIONED_EIG,517011,22.41911084305003,0.7807689849609865,50.49499089969086,38,10,0,1,121,17,12,10,100,30,20,0.15,0.05
NO_PASSIVE,517012,382.99129339846985,2.3201602286387657,445.27923823147125,0,0,0,0,107,17,12,10,100,30,20,0.15,0.05
RANDOM,517012,40.346616779999366,0.7888172171422567,29.998085359276875,45,15,0,0,107,17,12,10,100,30,20,0.15,0.05
HIGHEST_SNR,517012,17.64871463885657,0.7172955740062436,34.36010329248357,45,15,0,0,107,17,12,10,100,30,20,0.15,0.05
SHORTEST_PULSE,517012,35.46616702478533,0.7613894004125545,26.57799407897868,44,16,0,0,107,17,12,10,100,30,20,0.15,0.05
METROLOGY_CONDITIONED_EIG,517012,32.99153065691047,0.7660968058893997,26.6485816480051,42,18,1,0,107,17,12,10,100,30,20,0.15,0.05
NO_PASSIVE,517013,445.80239569818013,4.0516044440924075,445.27923823147125,0,0,0,0,37,17,12,10,100,30,20,0.15,0.05
RANDOM,517013,46.20930981027711,2.1362131751171476,21.080655375607286,23,6,0,0,37,17,12,10,100,30,20,0.15,0.05
HIGHEST_SNR,517013,45.0536370155675,1.9825366107987032,20.47693960692145,23,6,0,0,37,17,12,10,100,30,20,0.15,0.05
SHORTEST_PULSE,517013,48.57946407191417,2.3542035863914546,19.78352358145876,24,5,0,0,37,17,12,10,100,30,20,0.15,0.05
METROLOGY_CONDITIONED_EIG,517013,52.6866340362556,2.635582987395708,20.060994083841162,24,5,0,0,37,17,12,10,100,30,20,0.15,0.05
NO_PASSIVE,517014,249.54074082621483,2.257905268648233,445.27923823147125,0,0,0,0,19,17,12,10,100,30,20,0.15,0.05
RANDOM,517014,84.18118851604115,1.8415079621201433,60.600171604074674,15,4,0,0,19,17,12,10,100,30,20,0.15,0.05
HIGHEST_SNR,517014,84.18118851604115,1.8415079621201433,60.600171604074674,15,4,0,0,19,17,12,10,100,30,20,0.15,0.05
SHORTEST_PULSE,517014,84.18118851604115,1.8415079621201433,60.600171604074674,15,4,0,0,19,17,12,10,100,30,20,0.15,0.05
METROLOGY_CONDITIONED_EIG,517014,84.18118851604115,1.8415079621201433,60.600171604074674,15,4,0,0,19,17,12,10,100,30,20,0.15,0.05
NO_PASSIVE,517015,312.57056609877395,3.8604848281198243,445.27923823147125,0,0,0,0,59,17,12,10,100,30,20,0.15,0.05
RANDOM,517015,63.102334581328684,0.6769771442850898,47.324419803677344,36,7,0,0,59,17,12,10,100,30,20,0.15,0.05
HIGHEST_SNR,517015,64.57705976360343,0.7512605161778984,46.89397695141564,35,8,0,0,59,17,12,10,100,30,20,0.15,0.05
SHORTEST_PULSE,517015,35.15098365417,0.8746963943734719,44.78356155016487,34,9,0,0,59,17,12,10,100,30,20,0.15,0.05
METROLOGY_CONDITIONED_EIG,517015,32.64843382389017,0.8667173125975777,43.77211418575965,34,9,0,0,59,17,12,10,100,30,20,0.15,0.05
NO_PASSIVE,517016,214.41746664870607,0.48647474901301413,445.27923823147125,0,0,0,0,42,17,12,10,100,30,20,0.15,0.05
RANDOM,517016,610.6398690575838,1.1702284182526606,148.73387434103486,7,27,0,1,42,17,12,10,100,30,20,0.15,0.05
HIGHEST_SNR,517016,577.021920908214,0.9410629217314954,150.46195260359576,6,28,0,1,42,17,12,10,100,30,20,0.15,0.05
SHORTEST_PULSE,517016,577.021920908214,0.9410629217314954,150.46195260359576,6,28,0,1,42,17,12,10,100,30,20,0.15,0.05
METROLOGY_CONDITIONED_EIG,517016,577.021920908214,0.9410629217314954,150.46195260359576,6,28,0,1,42,17,12,10,100,30,20,0.15,0.05
NO_PASSIVE,517017,397.0343695221871,2.86251769016121,445.27923823147125,0,0,0,0,9,17,12,10,100,30,20,0.15,0.05
RANDOM,517017,300.0053603119936,3.482968392582768,316.25131545082286,8,1,0,1,9,17,12,10,100,30,20,0.15,0.05
HIGHEST_SNR,517017,300.0053603119936,3.482968392582768,316.25131545082286,8,1,0,1,9,17,12,10,100,30,20,0.15,0.05
SHORTEST_PULSE,517017,300.0053603119936,3.482968392582768,316.25131545082286,8,1,0,1,9,17,12,10,100,30,20,0.15,0.05
METROLOGY_CONDITIONED_EIG,517017,300.0053603119936,3.482968392582768,316.25131545082286,8,1,0,1,9,17,12,10,100,30,20,0.15,0.05
NO_PASSIVE,517018,509.74955273653893,3.17695697240511,445.27923823147125,0,0,0,0,43,17,12,10,100,30,20,0.15,0.05
RANDOM,517018,33.02918031461953,0.6860573596624331,53.69171207509351,27,9,0,0,43,17,12,10,100,30,20,0.15,0.05
HIGHEST_SNR,517018,36.145446574206304,0.7643367635926499,55.08259048492585,27,9,0,0,43,17,12,10,100,30,20,0.15,0.05
SHORTEST_PULSE,517018,35.34379118983172,0.44633850509616624,49.812953435148124,27,9,0,0,43,17,12,10,100,30,20,0.15,0.05
METROLOGY_CONDITIONED_EIG,517018,35.34379118983172,0.44633850509616624,49.812953435148124,27,9,0,0,43,17,12,10,100,30,20,0.15,0.05
NO_PASSIVE,517019,140.5087191709463,2.4453025988396107,445.27923823147125,0,0,0,0,130,17,12,10,100,30,20,0.15,0.05
RANDOM,517019,22.47164910571635,1.174402942008552,31.37624700037574,40,10,0,0,130,17,12,10,100,30,20,0.15,0.05
HIGHEST_SNR,517019,16.222676709081608,0.45654112508893374,33.66334765026489,39,11,0,0,130,17,12,10,100,30,20,0.15,0.05
SHORTEST_PULSE,517019,13.090320283120946,0.6556806532675521,38.35355475046115,42,8,0,1,130,17,12,10,100,30,20,0.15,0.05
METROLOGY_CONDITIONED_EIG,517019,10.909209801252915,0.5948801817048635,27.324225062410807,41,9,0,0,130,17,12,10,100,30,20,0.15,0.05
NO_PASSIVE,517020,500.2892324899608,2.962452102961331,445.27923823147125,0,0,0,0,121,17,12,10,100,30,20,0.15,0.05
RANDOM,517020,59.198155686645016,1.9880460531517523,29.726922491298534,43,15,1,0,121,17,12,10,100,30,20,0.15,0.05
HIGHEST_SNR,517020,73.3257112739833,2.3386839242966313,26.40277678702092,47,11,1,0,121,17,12,10,100,30,20,0.15,0.05
SHORTEST_PULSE,517020,67.20448332861068,2.5461324782478014,24.29338648956112,40,18,0,0,121,17,12,10,100,30,20,0.15,0.05
METROLOGY_CONDITIONED_EIG,517020,58.64618118335713,2.315421945698433,22.128568062490505,42,16,0,1,121,17,12,10,100,30,20,0.15,0.05
NO_PASSIVE,517021,703.6928243640879,5.924163649933335,445.27923823147125,0,0,0,0,56,17,12,10,100,30,20,0.15,0.05
RANDOM,517021,68.47850856008316,2.2413687088683334,34.073964439941506,31,8,0,0,56,17,12,10,100,30,20,0.15,0.05
HIGHEST_SNR,517021,69.07295574529445,3.0171195666112385,36.004940248838764,32,7,0,0,56,17,12,10,100,30,20,0.15,0.05
SHORTEST_PULSE,517021,69.07295574529445,3.0171195666112385,36.004940248838764,32,7,0,0,56,17,12,10,100,30,20,0.15,0.05
METROLOGY_CONDITIONED_EIG,517021,84.80090034292988,2.617965831810445,33.31609511702985,32,7,0,0,56,17,12,10,100,30,20,0.15,0.05
NO_PASSIVE,517022,505.9078425624101,4.417384520207553,445.27923823147125,0,0,0,0,126,17,12,10,100,30,20,0.15,0.05
RANDOM,517022,21.690517493265688,1.0356398370551265,20.4802950570342,45,13,0,0,126,17,12,10,100,30,20,0.15,0.05
HIGHEST_SNR,517022,93.5297296791246,3.0490711436875344,50.893572473543536,45,13,0,0,126,17,12,10,100,30,20,0.15,0.05
SHORTEST_PULSE,517022,21.566110892763845,0.8200503839002481,16.78036349397681,40,18,0,0,126,17,12,10,100,30,20,0.15,0.05
METROLOGY_CONDITIONED_EIG,517022,25.10504145726708,1.0423985720816151,17.20073294657824,42,16,0,0,126,17,12,10,100,30,20,0.15,0.05
NO_PASSIVE,517023,465.3681122524423,2.2739695384288616,445.27923823147125,0,0,0,0,143,17,12,10,100,30,20,0.15,0.05
RANDOM,517023,29.152351128091862,1.3631677622951226,27.360828463450908,45,11,2,0,143,17,12,10,100,30,20,0.15,0.05
HIGHEST_SNR,517023,27.011376441375802,1.171375133996323,28.229165917674013,43,13,1,1,143,17,12,10,100,30,20,0.15,0.05
SHORTEST_PULSE,517023,36.86281344575192,1.498002898276536,23.746948033299525,44,12,0,0,143,17,12,10,100,30,20,0.15,0.05
METROLOGY_CONDITIONED_EIG,517023,33.30235456899266,1.375410672316865,17.84878959928398,45,11,0,0,143,17,12,10,100,30,20,0.15,0.05
NO_PASSIVE,517024,508.7731778150968,1.6323204188694185,445.27923823147125,0,0,0,0,143,17,12,10,100,30,20,0.15,0.05
RANDOM,517024,30.213681493115057,0.9994417480136213,25.800864118295603,46,13,0,0,143,17,12,10,100,30,20,0.15,0.05
HIGHEST_SNR,517024,45.25995976016357,1.5154688798958307,39.41676866064874,46,13,0,0,143,17,12,10,100,30,20,0.15,0.05
SHORTEST_PULSE,517024,31.00945758261244,0.900312410990779,19.176793133674003,48,11,0,0,143,17,12,10,100,30,20,0.15,0.05
METROLOGY_CONDITIONED_EIG,517024,20.369200425882255,0.6263946714811347,19.407720321216473,48,11,0,0,143,17,12,10,100,30,20,0.15,0.05
NO_PASSIVE,517025,383.4440440829881,2.9553387780032967,445.27923823147125,0,0,0,0,83,17,12,10,100,30,20,0.15,0.05
RANDOM,517025,92.19455578216186,2.6419892265919405,31.82778001766859,41,7,0,0,83,17,12,10,100,30,20,0.15,0.05
HIGHEST_SNR,517025,97.42843827219774,2.4407036834462668,33.18897744677823,40,8,0,0,83,17,12,10,100,30,20,0.15,0.05
SHORTEST_PULSE,517025,97.42843827219774,2.4407036834462668,33.18897744677823,40,8,0,0,83,17,12,10,100,30,20,0.15,0.05
METROLOGY_CONDITIONED_EIG,517025,61.951479238775825,2.0036866482650044,23.40373087484984,38,10,0,0,83,17,12,10,100,30,20,0.15,0.05
NO_PASSIVE,517026,805.852831470059,2.2609107152807657,445.27923823147125,0,0,0,0,74,17,12,10,100,30,20,0.15,0.05
RANDOM,517026,17.840262959542073,0.4420917381688603,46.00926965087688,35,9,0,0,74,17,12,10,100,30,20,0.15,0.05
HIGHEST_SNR,517026,8.096601550495329,0.9579620544284999,34.92266188945683,34,10,0,0,74,17,12,10,100,30,20,0.15,0.05
SHORTEST_PULSE,517026,25.670101472433736,1.125553722317971,42.352235545529304,35,9,0,0,74,17,12,10,100,30,20,0.15,0.05
METROLOGY_CONDITIONED_EIG,517026,15.223186672885987,0.28411698221992154,33.461179166056866,34,10,0,0,74,17,12,10,100,30,20,0.15,0.05
NO_PASSIVE,517027,389.88865775161935,1.3875813413294573,445.27923823147125,0,0,0,0,62,17,12,10,100,30,20,0.15,0.05
RANDOM,517027,28.193362120329564,0.9299794045952503,33.25625920006337,47,5,0,0,62,17,12,10,100,30,20,0.15,0.05
HIGHEST_SNR,517027,23.103760954865745,0.8244170743935072,34.70928505096304,46,6,0,0,62,17,12,10,100,30,20,0.15,0.05
SHORTEST_PULSE,517027,26.764104822013042,1.0860610362615195,32.002771135641424,47,5,0,0,62,17,12,10,100,30,20,0.15,0.05
METROLOGY_CONDITIONED_EIG,517027,26.764104822013042,1.0860610362615195,32.002771135641424,47,5,0,0,62,17,12,10,100,30,20,0.15,0.05
NO_PASSIVE,517028,696.6849683056374,1.0158458967888537,445.27923823147125,0,0,0,0,58,17,12,10,100,30,20,0.15,0.05
RANDOM,517028,30.710193588191373,1.1391782045086583,27.54369958503732,36,7,0,0,58,17,12,10,100,30,20,0.15,0.05
HIGHEST_SNR,517028,31.302756634078595,1.130378658571571,32.956867108461886,35,8,0,0,58,17,12,10,100,30,20,0.15,0.05
SHORTEST_PULSE,517028,33.78240377884026,1.3415617496232122,27.20938919186822,34,9,0,0,58,17,12,10,100,30,20,0.15,0.05
METROLOGY_CONDITIONED_EIG,517028,30.656216005940056,1.3495196074625664,26.904357959055513,34,9,0,0,58,17,12,10,100,30,20,0.15,0.05
NO_PASSIVE,517029,265.4675492077596,1.8134056346296727,445.27923823147125,0,0,0,0,141,17,12,10,100,30,20,0.15,0.05
RANDOM,517029,11.611768302078094,3.0214699958342024,42.74762718096511,34,25,0,2,141,17,12,10,100,30,20,0.15,0.05
HIGHEST_SNR,517029,78.87011510061267,1.9848071451127638,48.2735812898838,48,11,0,0,141,17,12,10,100,30,20,0.15,0.05
SHORTEST_PULSE,517029,31.099116285788355,0.48521037975064524,31.392932663765702,37,22,0,1,141,17,12,10,100,30,20,0.15,0.05
METROLOGY_CONDITIONED_EIG,517029,28.99643526541866,1.2029811020767391,32.76081823235637,37,22,0,2,141,17,12,10,100,30,20,0.15,0.05
NO_PASSIVE,518000,210.55562820253974,1.9405333216310903,445.27923823147125,0,0,0,0,49,18,12,10,100,30,20,0.15,0.15
RANDOM,518000,50.46335512766288,1.8312376619857502,38.424964939454384,24,12,0,0,49,18,12,10,100,30,20,0.15,0.15
HIGHEST_SNR,518000,78.81443633224524,2.6068586150564865,46.337278079610954,24,12,0,0,49,18,12,10,100,30,20,0.15,0.15
SHORTEST_PULSE,518000,73.66572452592156,2.342541388589589,37.10702227560849,23,13,0,0,49,18,12,10,100,30,20,0.15,0.15
METROLOGY_CONDITIONED_EIG,518000,73.66572452592156,2.342541388589589,37.10702227560849,23,13,0,0,49,18,12,10,100,30,20,0.15,0.15
NO_PASSIVE,518001,286.0672528833501,2.6543238336535424,445.27923823147125,0,0,0,0,41,18,12,10,100,30,20,0.15,0.15
RANDOM,518001,765.6320619007456,2.4826409499837,102.99691863807203,5,29,0,1,41,18,12,10,100,30,20,0.15,0.15
HIGHEST_SNR,518001,19.570834614276684,1.1111687323207242,29.994101783690724,29,5,0,0,41,18,12,10,100,30,20,0.15,0.15
SHORTEST_PULSE,518001,765.6320619007456,2.4826409499837,102.99691863807203,5,29,0,1,41,18,12,10,100,30,20,0.15,0.15
METROLOGY_CONDITIONED_EIG,518001,19.570834614276684,1.1111687323207242,29.994101783690724,29,5,0,0,41,18,12,10,100,30,20,0.15,0.15
NO_PASSIVE,518002,201.4924090430041,1.9641178533536883,445.27923823147125,0,0,0,0,65,18,12,10,100,30,20,0.15,0.15
RANDOM,518002,334.9496144330205,1.4287737394272888,115.74265797227056,11,32,1,1,65,18,12,10,100,30,20,0.15,0.15
HIGHEST_SNR,518002,334.9496144330205,1.4287737394272888,115.74265797227056,11,32,1,1,65,18,12,10,100,30,20,0.15,0.15
SHORTEST_PULSE,518002,334.9496144330205,1.4287737394272888,115.74265797227056,11,32,1,1,65,18,12,10,100,30,20,0.15,0.15
METROLOGY_CONDITIONED_EIG,518002,334.9496144330205,1.4287737394272888,115.74265797227056,11,32,1,1,65,18,12,10,100,30,20,0.15,0.15
NO_PASSIVE,518003,479.48729824735517,2.5022910418282645,445.27923823147125,0,0,0,0,24,18,12,10,100,30,20,0.15,0.15
RANDOM,518003,15.16877725327062,1.3032302334457468,57.620545814498975,14,8,0,0,24,18,12,10,100,30,20,0.15,0.15
HIGHEST_SNR,518003,15.16877725327062,1.3032302334457468,57.620545814498975,14,8,0,0,24,18,12,10,100,30,20,0.15,0.15
SHORTEST_PULSE,518003,4.045485778229111,1.2519268781951087,46.504233729166636,14,8,0,0,24,18,12,10,100,30,20,0.15,0.15
METROLOGY_CONDITIONED_EIG,518003,4.045485778229111,1.2519268781951087,46.504233729166636,14,8,0,0,24,18,12,10,100,30,20,0.15,0.15
NO_PASSIVE,518004,539.9298604576614,1.7125636590229454,445.27923823147125,0,0,0,0,50,18,12,10,100,30,20,0.15,0.15
RANDOM,518004,20.217176658369194,0.8861058070771121,36.68182646739549,31,9,0,0,50,18,12,10,100,30,20,0.15,0.15
HIGHEST_SNR,518004,11.681763476242091,0.5982018700936638,34.873864640675,33,7,0,0,50,18,12,10,100,30,20,0.15,0.15
SHORTEST_PULSE,518004,14.470624941048035,0.6017488598827189,35.892795690160106,31,9,0,0,50,18,12,10,100,30,20,0.15,0.15
METROLOGY_CONDITIONED_EIG,518004,20.762704387062772,0.5699297590983268,35.89622823574055,33,7,0,0,50,18,12,10,100,30,20,0.15,0.15
NO_PASSIVE,518005,147.87606643390305,2.167632791590968,445.27923823147125,0,0,0,0,28,18,12,10,100,30,20,0.15,0.15
RANDOM,518005,121.31887607329612,2.4784467884646015,88.35972234843277,22,6,0,0,28,18,12,10,100,30,20,0.15,0.15
HIGHEST_SNR,518005,121.31887607329612,2.4784467884646015,88.35972234843277,22,6,0,0,28,18,12,10,100,30,20,0.15,0.15
SHORTEST_PULSE,518005,121.31887607329612,2.4784467884646015,88.35972234843277,22,6,0,0,28,18,12,10,100,30,20,0.15,0.15
METROLOGY_CONDITIONED_EIG,518005,121.31887607329612,2.4784467884646015,88.35972234843277,22,6,0,0,28,18,12,10,100,30,20,0.15,0.15
NO_PASSIVE,518006,643.5342388600747,4.015289634993437,445.27923823147125,0,0,0,0,104,18,12,10,100,30,20,0.15,0.15
RANDOM,518006,74.24171845963536,1.7637065367352536,32.691807183064206,32,14,0,1,104,18,12,10,100,30,20,0.15,0.15
HIGHEST_SNR,518006,19.32465985193601,1.5883679538090527,40.49505603268559,34,12,0,0,104,18,12,10,100,30,20,0.15,0.15
SHORTEST_PULSE,518006,419.34968048235464,6.988544417281442,48.167712625196565,5,41,0,5,104,18,12,10,100,30,20,0.15,0.15
METROLOGY_CONDITIONED_EIG,518006,375.86362914804306,6.70192793523507,52.99721812120957,5,41,0,5,104,18,12,10,100,30,20,0.15,0.15
NO_PASSIVE,518007,569.3309381264609,1.8743126742710334,445.27923823147125,0,0,0,0,49,18,12,10,100,30,20,0.15,0.15
RANDOM,518007,20.72062508007461,1.36630989045325,33.77834449311103,26,8,0,2,49,18,12,10,100,30,20,0.15,0.15
HIGHEST_SNR,518007,14.508752045093352,1.3310225924940429,33.081556496611164,28,6,0,2,49,18,12,10,100,30,20,0.15,0.15
SHORTEST_PULSE,518007,24.80202527215091,1.4383454757682295,32.58117234949451,26,8,0,2,49,18,12,10,100,30,20,0.15,0.15
METROLOGY_CONDITIONED_EIG,518007,28.96213459181192,1.372657668455332,32.28643510189614,28,6,0,3,49,18,12,10,100,30,20,0.15,0.15
NO_PASSIVE,518008,438.62352096489576,4.802248446407459,445.27923823147125,0,0,0,0,51,18,12,10,100,30,20,0.15,0.15
RANDOM,518008,27.445713635873403,1.608267305407925,33.463243847747755,28,9,0,0,51,18,12,10,100,30,20,0.15,0.15
HIGHEST_SNR,518008,51.4804499618618,2.0077661803086904,36.9171068116661,27,10,0,0,51,18,12,10,100,30,20,0.15,0.15
SHORTEST_PULSE,518008,37.65449678205274,1.6712530618740498,31.919909149415798,29,8,0,0,51,18,12,10,100,30,20,0.15,0.15
METROLOGY_CONDITIONED_EIG,518008,39.2867877339235,1.769140540927002,32.070475968815664,28,9,0,0,51,18,12,10,100,30,20,0.15,0.15
NO_PASSIVE,518009,236.464865763045,2.1916615940409327,445.27923823147125,0,0,0,0,108,18,12,10,100,30,20,0.15,0.15
RANDOM,518009,15.051103037442124,0.6495527510178688,27.96960471143591,31,21,0,1,108,18,12,10,100,30,20,0.15,0.15
HIGHEST_SNR,518009,175.31158566888246,7.578419855242055,42.01720531844116,26,26,0,1,108,18,12,10,100,30,20,0.15,0.15
SHORTEST_PULSE,518009,25.31577218552608,0.8845259706751066,27.292263071263758,34,18,0,0,108,18,12,10,100,30,20,0.15,0.15
METROLOGY_CONDITIONED_EIG,518009,14.411657220289301,0.1274798348534767,24.803688998667745,37,15,0,1,108,18,12,10,100,30,20,0.15,0.15
NO_PASSIVE,518010,351.27413948575673,1.7278111771363143,445.27923823147125,0,0,0,0,22,18,12,10,100,30,20,0.15,0.15
RANDOM,518010,230.63203217925746,0.3925703786276554,97.85438138219914,5,15,0,1,22,18,12,10,100,30,20,0.15,0.15
HIGHEST_SNR,518010,41.23937424286214,0.34086953952216603,60.53309588224162,11,9,0,0,22,18,12,10,100,30,20,0.15,0.15
SHORTEST_PULSE,518010,230.63203217925746,0.3925703786276554,97.85438138219914,5,15,0,1,22,18,12,10,100,30,20,0.15,0.15
METROLOGY_CONDITIONED_EIG,518010,62.64701475877916,0.544437147328498,58.91229547147162,11,9,0,0,22,18,12,10,100,30,20,0.15,0.15
NO_PASSIVE,518011,589.3826285184912,6.309917961343153,445.27923823147125,0,0,0,0,150,18,12,10,100,30,20,0.15,0.15
RANDOM,518011,50.21189397881796,2.24397479168911,36.50860774206515,41,19,0,1,150,18,12,10,100,30,20,0.15,0.15
HIGHEST_SNR,518011,140.37299801397614,2.9423737254643485,48.388594429868256,35,25,0,1,150,18,12,10,100,30,20,0.15,0.15
SHORTEST_PULSE,518011,107.73244128470367,2.5837217142068476,43.49705210384134,40,20,0,0,150,18,12,10,100,30,20,0.15,0.15
METROLOGY_CONDITIONED_EIG,518011,54.572061573979404,0.9850315866043908,35.07335157550473,46,14,0,1,150,18,12,10,100,30,20,0.15,0.15
NO_PASSIVE,518012,88.24636803891053,1.5335880158452835,445.27923823147125,0,0,0,0,99,18,12,10,100,30,20,0.15,0.15
RANDOM,518012,8.826947718608118,0.580847444125125,30.023790119352153,40,14,0,0,99,18,12,10,100,30,20,0.15,0.15
HIGHEST_SNR,518012,19.400617445496742,0.23229727023163005,27.97107927051016,42,12,0,0,99,18,12,10,100,30,20,0.15,0.15
SHORTEST_PULSE,518012,4.591378140390587,0.40485890658451285,28.883317416320867,43,11,0,0,99,18,12,10,100,30,20,0.15,0.15
METROLOGY_CONDITIONED_EIG,518012,12.052893700114454,0.6264490041845835,26.696729631595783,42,12,0,0,99,18,12,10,100,30,20,0.15,0.15
NO_PASSIVE,518013,640.291212366318,0.6782734488538884,445.27923823147125,0,0,0,0,81,18,12,10,100,30,20,0.15,0.15
RANDOM,518013,12.107190143809683,0.6091944136609492,26.47262315638723,37,11,0,1,81,18,12,10,100,30,20,0.15,0.15
HIGHEST_SNR,518013,37.56984558688603,0.39993329034980124,34.838292655932776,34,14,0,0,81,18,12,10,100,30,20,0.15,0.15
SHORTEST_PULSE,518013,18.897457404041496,1.2005398303912784,26.310028046813496,36,12,0,0,81,18,12,10,100,30,20,0.15,0.15
METROLOGY_CONDITIONED_EIG,518013,28.655454872410655,1.3728109365843941,25.41453164307837,37,11,0,0,81,18,12,10,100,30,20,0.15,0.15
NO_PASSIVE,518014,248.37750650831146,6.164341523574268,445.27923823147125,0,0,0,0,117,18,12,10,100,30,20,0.15,0.15
RANDOM,518014,18.317925642524877,0.8031782363712956,35.76384557941267,41,17,0,0,117,18,12,10,100,30,20,0.15,0.15
HIGHEST_SNR,518014,538.8102794288368,2.553181740450254,64.46158224522557,9,49,0,3,117,18,12,10,100,30,20,0.15,0.15
SHORTEST_PULSE,518014,45.834812879152636,1.5136250808657516,18.923613522784823,38,20,0,0,117,18,12,10,100,30,20,0.15,0.15
METROLOGY_CONDITIONED_EIG,518014,901.7062468177049,8.958017230193857,87.56923248270297,5,53,0,3,117,18,12,10,100,30,20,0.15,0.15
NO_PASSIVE,518015,361.21345293242877,2.1341681543819178,445.27923823147125,0,0,0,0,120,18,12,10,100,30,20,0.15,0.15
RANDOM,518015,17.974499369558202,0.8166209185111268,30.98767022531155,42,17,0,1,120,18,12,10,100,30,20,0.15,0.15
HIGHEST_SNR,518015,42.6706174142282,0.993192824174224,39.48404942646163,42,17,0,1,120,18,12,10,100,30,20,0.15,0.15
SHORTEST_PULSE,518015,66.1919085112514,1.877899485189636,29.382042661090207,44,15,0,2,120,18,12,10,100,30,20,0.15,0.15
METROLOGY_CONDITIONED_EIG,518015,43.45074291326864,1.3336869413945889,26.656722971593773,41,18,0,2,120,18,12,10,100,30,20,0.15,0.15
NO_PASSIVE,518016,355.7660797090496,1.189068997755599,445.27923823147125,0,0,0,0,42,18,12,10,100,30,20,0.15,0.15
RANDOM,518016,195.34450040147635,1.1212462303430133,76.02396051062938,21,10,0,1,42,18,12,10,100,30,20,0.15,0.15
HIGHEST_SNR,518016,227.06557218403688,0.9244420744939119,77.3379107603892,20,11,0,1,42,18,12,10,100,30,20,0.15,0.15
SHORTEST_PULSE,518016,25.103622384374503,1.1910350625801687,27.84023206779814,25,6,0,1,42,18,12,10,100,30,20,0.15,0.15
METROLOGY_CONDITIONED_EIG,518016,24.923511204009014,1.1882854153840845,27.520926177573692,26,5,0,1,42,18,12,10,100,30,20,0.15,0.15
NO_PASSIVE,518017,340.1006130771343,2.924376405013483,445.27923823147125,0,0,0,0,11,18,12,10,100,30,20,0.15,0.15
RANDOM,518017,248.1741975856456,2.4397282199636727,61.00409196053538,7,2,0,1,11,18,12,10,100,30,20,0.15,0.15
HIGHEST_SNR,518017,854.960526213139,3.2296943288357514,69.77896862604668,7,2,0,1,11,18,12,10,100,30,20,0.15,0.15
SHORTEST_PULSE,518017,32.56663810528062,2.7404898761521577,66.57070603291406,6,3,0,0,11,18,12,10,100,30,20,0.15,0.15
METROLOGY_CONDITIONED_EIG,518017,32.56663810528062,2.7404898761521577,66.57070603291406,6,3,0,0,11,18,12,10,100,30,20,0.15,0.15
NO_PASSIVE,518018,670.9626894608953,4.2531002338265145,445.27923823147125,0,0,0,0,91,18,12,10,100,30,20,0.15,0.15
RANDOM,518018,98.77863246178336,2.8776924433098245,40.77214480877476,26,16,0,1,91,18,12,10,100,30,20,0.15,0.15
HIGHEST_SNR,518018,40.028596374668965,1.6505017000707376,25.8425237543054,28,14,0,2,91,18,12,10,100,30,20,0.15,0.15
SHORTEST_PULSE,518018,48.4753100684642,1.810596729292267,23.55533828132689,28,14,0,1,91,18,12,10,100,30,20,0.15,0.15
METROLOGY_CONDITIONED_EIG,518018,47.71162200432731,1.6703852558543428,23.691522502260227,26,16,0,1,91,18,12,10,100,30,20,0.15,0.15
NO_PASSIVE,518019,722.8870221379667,0.3641240593719028,445.27923823147125,0,0,0,0,103,18,12,10,100,30,20,0.15,0.15
RANDOM,518019,6.824107916698136,0.3173149054693958,32.74323513403327,38,21,0,1,103,18,12,10,100,30,20,0.15,0.15
HIGHEST_SNR,518019,59.745141768698836,1.1521639515782605,68.68408545617909,40,19,1,1,103,18,12,10,100,30,20,0.15,0.15
SHORTEST_PULSE,518019,20.248246525646266,0.4249494075663291,19.700758157711427,38,21,0,1,103,18,12,10,100,30,20,0.15,0.15
METROLOGY_CONDITIONED_EIG,518019,60.909654505916144,2.0563727582174085,26.801374266362703,37,22,0,1,103,18,12,10,100,30,20,0.15,0.15
NO_PASSIVE,518020,596.1131167354002,2.9771630212158255,445.27923823147125,0,0,0,0,68,18,12,10,100,30,20,0.15,0.15
RANDOM,518020,73.0735886015592,2.4251143014460124,48.1867512742346,35,9,0,0,68,18,12,10,100,30,20,0.15,0.15
HIGHEST_SNR,518020,39.78530046078055,2.5096508210243984,48.27939218888446,34,10,0,0,68,18,12,10,100,30,20,0.15,0.15
SHORTEST_PULSE,518020,42.80265893499545,1.7630881918499275,44.34302022966919,35,9,0,0,68,18,12,10,100,30,20,0.15,0.15
METROLOGY_CONDITIONED_EIG,518020,58.46469290841307,2.4109684513049245,41.34784520707297,36,8,0,0,68,18,12,10,100,30,20,0.15,0.15
NO_PASSIVE,518021,329.5555399632946,1.3805852643031529,445.27923823147125,0,0,0,0,112,18,12,10,100,30,20,0.15,0.15
RANDOM,518021,186.90801816393105,3.063927516426451,61.33190098906449,20,32,1,6,112,18,12,10,100,30,20,0.15,0.15
HIGHEST_SNR,518021,189.98514138447734,3.1215246055298893,69.07633231936661,18,34,0,5,112,18,12,10,100,30,20,0.15,0.15
SHORTEST_PULSE,518021,45.150196109660065,0.27431892854771,54.63363531677544,35,17,0,2,112,18,12,10,100,30,20,0.15,0.15
METROLOGY_CONDITIONED_EIG,518021,176.4188973841738,2.9913491826472685,40.2269110021901,19,33,1,7,112,18,12,10,100,30,20,0.15,0.15
NO_PASSIVE,518022,611.1206888038647,1.6519279001674176,445.27923823147125,0,0,0,0,103,18,12,10,100,30,20,0.15,0.15
RANDOM,518022,48.289614297329436,1.2643370968153582,28.18301788409897,33,18,0,0,103,18,12,10,100,30,20,0.15,0.15
HIGHEST_SNR,518022,55.111121699676204,1.4642683261366938,38.91899739291681,35,16,0,1,103,18,12,10,100,30,20,0.15,0.15
SHORTEST_PULSE,518022,54.46888479336342,1.4351907020060108,30.8079211687408,31,20,0,0,103,18,12,10,100,30,20,0.15,0.15
METROLOGY_CONDITIONED_EIG,518022,55.41092729130664,1.0447529046604804,25.407444932918537,32,19,0,2,103,18,12,10,100,30,20,0.15,0.15
NO_PASSIVE,518023,578.1601159058152,1.7576862749190882,445.27923823147125,0,0,0,0,118,18,12,10,100,30,20,0.15,0.15
RANDOM,518023,3.5956221761352634,0.171031867949726,32.887307505504346,42,18,0,1,118,18,12,10,100,30,20,0.15,0.15
HIGHEST_SNR,518023,17.34563359439958,0.4553905240693766,40.39048362946762,45,15,0,1,118,18,12,10,100,30,20,0.15,0.15
SHORTEST_PULSE,518023,10.60557674825208,0.8368308768889577,31.232975965428516,41,19,0,0,118,18,12,10,100,30,20,0.15,0.15
METROLOGY_CONDITIONED_EIG,518023,31.474234980836783,1.2526509694455987,28.454185859628453,41,19,0,0,118,18,12,10,100,30,20,0.15,0.15
NO_PASSIVE,518024,351.0812270631409,3.3971684414805607,445.27923823147125,0,0,0,0,42,18,12,10,100,30,20,0.15,0.15
RANDOM,518024,43.29158009900139,2.020586308189065,32.7867423315466,28,12,0,0,42,18,12,10,100,30,20,0.15,0.15
HIGHEST_SNR,518024,43.29158009900139,2.020586308189065,32.7867423315466,28,12,0,0,42,18,12,10,100,30,20,0.15,0.15
SHORTEST_PULSE,518024,40.50315156190248,2.023135174566506,32.902696424214284,27,13,0,0,42,18,12,10,100,30,20,0.15,0.15
METROLOGY_CONDITIONED_EIG,518024,40.50315156190248,2.023135174566506,32.902696424214284,27,13,0,0,42,18,12,10,100,30,20,0.15,0.15
NO_PASSIVE,518025,722.0409008313114,2.5406277767411933,445.27923823147125,0,0,0,0,95,18,12,10,100,30,20,0.15,0.15
RANDOM,518025,368.06398256018974,3.7456636821635882,68.12909156976876,18,37,2,3,95,18,12,10,100,30,20,0.15,0.15
HIGHEST_SNR,518025,39.07630417255695,1.8774867100392776,19.40117738360295,39,16,0,0,95,18,12,10,100,30,20,0.15,0.15
SHORTEST_PULSE,518025,23.042872465569918,1.1173513113138367,19.680184554673176,37,18,0,0,95,18,12,10,100,30,20,0.15,0.15
METROLOGY_CONDITIONED_EIG,518025,23.58343140225312,1.5230289624639968,19.711661835992846,38,17,0,0,95,18,12,10,100,30,20,0.15,0.15
NO_PASSIVE,518026,78.43240267979954,1.2700214419514821,445.27923823147125,0,0,0,0,54,18,12,10,100,30,20,0.15,0.15
RANDOM,518026,39.75016240909359,0.6853694548538528,64.28790124791296,23,7,0,0,54,18,12,10,100,30,20,0.15,0.15
HIGHEST_SNR,518026,5.118653440523075,0.3134264200333653,71.09381625561265,22,8,0,0,54,18,12,10,100,30,20,0.15,0.15
SHORTEST_PULSE,518026,36.328823518266525,0.02701971412407436,63.9801224629743,21,9,0,0,54,18,12,10,100,30,20,0.15,0.15
METROLOGY_CONDITIONED_EIG,518026,17.721786046849136,0.8044050754073593,58.89036436233222,20,10,0,0,54,18,12,10,100,30,20,0.15,0.15
NO_PASSIVE,518027,487.8774587437619,1.004589609509355,445.27923823147125,0,0,0,0,69,18,12,10,100,30,20,0.15,0.15
RANDOM,518027,104.38853006994206,0.059391840843693824,61.454420623075364,25,11,0,0,69,18,12,10,100,30,20,0.15,0.15
HIGHEST_SNR,518027,156.2297948200905,1.1178551572095798,63.59809563695151,29,7,1,1,69,18,12,10,100,30,20,0.15,0.15
SHORTEST_PULSE,518027,16.76255653517606,0.0667582565183226,35.00831805580476,24,12,0,0,69,18,12,10,100,30,20,0.15,0.15
METROLOGY_CONDITIONED_EIG,518027,13.506970874945303,0.26288258280521615,35.25619100376482,24,12,0,0,69,18,12,10,100,30,20,0.15,0.15
NO_PASSIVE,518028,291.9960569956365,1.3879234489697494,445.27923823147125,0,0,0,0,139,18,12,10,100,30,20,0.15,0.15
RANDOM,518028,14.078437514691396,1.2942811562842589,20.42725572902787,41,19,0,0,139,18,12,10,100,30,20,0.15,0.15
HIGHEST_SNR,518028,83.55761448623527,1.2268839634664197,59.554176777326006,39,21,0,0,139,18,12,10,100,30,20,0.15,0.15
SHORTEST_PULSE,518028,441.75582811741657,0.6518627831001967,97.4322724278523,11,49,0,1,139,18,12,10,100,30,20,0.15,0.15
METROLOGY_CONDITIONED_EIG,518028,439.1599362034271,1.9498136340041299,99.43628801778213,10,50,0,1,139,18,12,10,100,30,20,0.15,0.15
NO_PASSIVE,518029,282.612768572021,1.6538241177271695,445.27923823147125,0,0,0,0,113,18,12,10,100,30,20,0.15,0.15
RANDOM,518029,9.086206789794502,0.7416509465793801,33.89721589033473,45,15,0,0,113,18,12,10,100,30,20,0.15,0.15
HIGHEST_SNR,518029,56.91063835054929,0.8846949256744907,47.19204166685759,46,14,0,0,113,18,12,10,100,30,20,0.15,0.15
SHORTEST_PULSE,518029,12.190172600160654,0.6265885591560976,30.975068976281598,42,18,0,0,113,18,12,10,100,30,20,0.15,0.15
METROLOGY_CONDITIONED_EIG,518029,12.169433489113478,0.5015870407258538,31.34843075338599,42,18,0,0,113,18,12,10,100,30,20,0.15,0.15
NO_PASSIVE,519000,698.2852771644085,5.470509106391753,445.27923823147125,0,0,0,0,109,19,12,10,100,30,45,0.0,0.0
RANDOM,519000,28.114692006813243,2.0050684402128813,17.505711474936756,55,0,0,0,109,19,12,10,100,30,45,0.0,0.0
HIGHEST_SNR,519000,23.88732503317363,1.7944052433468414,20.50897592351821,55,0,0,0,109,19,12,10,100,30,45,0.0,0.0
SHORTEST_PULSE,519000,41.370496621866685,2.296580715886063,15.269202009533007,54,1,0,0,109,19,12,10,100,30,45,0.0,0.0
METROLOGY_CONDITIONED_EIG,519000,41.12603905691649,2.211429619999694,15.22817551951194,53,2,0,0,109,19,12,10,100,30,45,0.0,0.0
NO_PASSIVE,519001,221.0127484691129,5.415284566523121,445.27923823147125,0,0,0,0,19,19,12,10,100,30,45,0.0,0.0
RANDOM,519001,181.32326645112997,4.6925146332949605,63.728158780894134,18,1,0,0,19,19,12,10,100,30,45,0.0,0.0
HIGHEST_SNR,519001,181.32326645112997,4.6925146332949605,63.728158780894134,18,1,0,0,19,19,12,10,100,30,45,0.0,0.0
SHORTEST_PULSE,519001,181.32326645112997,4.6925146332949605,63.728158780894134,18,1,0,0,19,19,12,10,100,30,45,0.0,0.0
METROLOGY_CONDITIONED_EIG,519001,181.32326645112997,4.6925146332949605,63.728158780894134,18,1,0,0,19,19,12,10,100,30,45,0.0,0.0
NO_PASSIVE,519002,355.4489898270545,3.1144907558024433,445.27923823147125,0,0,0,0,104,19,12,10,100,30,45,0.0,0.0
RANDOM,519002,41.0939122430494,2.165176366361009,33.38399174712703,52,0,0,0,104,19,12,10,100,30,45,0.0,0.0
HIGHEST_SNR,519002,72.42473364936681,2.783160508843159,36.640953747870675,51,1,0,0,104,19,12,10,100,30,45,0.0,0.0
SHORTEST_PULSE,519002,36.772606904685205,1.9719524508680653,31.56232178140427,52,0,0,0,104,19,12,10,100,30,45,0.0,0.0
METROLOGY_CONDITIONED_EIG,519002,32.20102427174959,1.866551825355753,30.490541157058637,52,0,0,0,104,19,12,10,100,30,45,0.0,0.0
NO_PASSIVE,519003,504.9994436148736,4.703420085069502,445.27923823147125,0,0,0,0,115,19,12,10,100,30,45,0.0,0.0
RANDOM,519003,26.673395972027745,2.2819875299680117,18.011458604391752,43,1,0,0,115,19,12,10,100,30,45,0.0,0.0
HIGHEST_SNR,519003,27.077430877307904,2.2864699174265324,17.30866853000872,44,0,0,0,115,19,12,10,100,30,45,0.0,0.0
SHORTEST_PULSE,519003,12.999901318748885,1.4084102875710742,15.351380491257816,44,0,0,0,115,19,12,10,100,30,45,0.0,0.0
METROLOGY_CONDITIONED_EIG,519003,17.613504267164803,1.8278586698146106,15.912004291768099,44,0,0,0,115,19,12,10,100,30,45,0.0,0.0
NO_PASSIVE,519004,677.7322633231801,3.7597486544104703,445.27923823147125,0,0,0,0,27,19,12,10,100,30,45,0.0,0.0
RANDOM,519004,31.140984059084435,1.1701423421889265,29.90530809840439,23,0,0,0,27,19,12,10,100,30,45,0.0,0.0
HIGHEST_SNR,519004,24.201406903770792,0.7981581603931803,29.761363741831108,23,0,0,0,27,19,12,10,100,30,45,0.0,0.0
SHORTEST_PULSE,519004,41.182584973972396,1.4099929678124974,29.749631710901227,23,0,0,0,27,19,12,10,100,30,45,0.0,0.0
METROLOGY_CONDITIONED_EIG,519004,41.182584973972396,1.4099929678124974,29.749631710901227,23,0,0,0,27,19,12,10,100,30,45,0.0,0.0
NO_PASSIVE,519005,206.5114780819406,5.515475092037521,445.27923823147125,0,0,0,0,45,19,12,10,100,30,45,0.0,0.0
RANDOM,519005,86.23828920909286,3.4665600133582295,41.4668479605721,39,0,0,0,45,19,12,10,100,30,45,0.0,0.0
HIGHEST_SNR,519005,88.94019263610492,3.5402346090498757,41.36277907129791,39,0,0,0,45,19,12,10,100,30,45,0.0,0.0
SHORTEST_PULSE,519005,106.8246366697036,3.924771955110651,38.01389513183385,39,0,0,0,45,19,12,10,100,30,45,0.0,0.0
METROLOGY_CONDITIONED_EIG,519005,106.67332735498579,3.8391131275347923,38.010148496173706,39,0,0,0,45,19,12,10,100,30,45,0.0,0.0
NO_PASSIVE,519006,319.509853599903,4.908919550779851,445.27923823147125,0,0,0,0,79,19,12,10,100,30,45,0.0,0.0
RANDOM,519006,24.928910175097947,0.828071020412189,29.525866266984035,42,0,0,0,79,19,12,10,100,30,45,0.0,0.0
HIGHEST_SNR,519006,47.083197755500024,1.5852184050448292,27.47210353264108,40,2,0,0,79,19,12,10,100,30,45,0.0,0.0
SHORTEST_PULSE,519006,13.743563879873504,0.5857814252723589,28.04998455916379,42,0,0,0,79,19,12,10,100,30,45,0.0,0.0
METROLOGY_CONDITIONED_EIG,519006,42.91750302087005,1.3131733559097345,26.37418131769572,41,1,0,0,79,19,12,10,100,30,45,0.0,0.0
NO_PASSIVE,519007,302.0678083877082,5.77601589531089,445.27923823147125,0,0,0,0,40,19,12,10,100,30,45,0.0,0.0
RANDOM,519007,168.05252239642857,4.951480349778598,84.7043471536822,26,0,0,0,40,19,12,10,100,30,45,0.0,0.0
HIGHEST_SNR,519007,240.863713212115,6.209020669511431,101.9690931339347,26,0,0,0,40,19,12,10,100,30,45,0.0,0.0
SHORTEST_PULSE,519007,239.1692244198317,6.066072246185694,95.72372175107479,26,0,0,0,40,19,12,10,100,30,45,0.0,0.0
METROLOGY_CONDITIONED_EIG,519007,160.20313366635708,4.830081593033671,83.19837253802692,26,0,0,0,40,19,12,10,100,30,45,0.0,0.0
NO_PASSIVE,519008,277.0285767358217,3.2594998176780865,445.27923823147125,0,0,0,0,65,19,12,10,100,30,45,0.0,0.0
RANDOM,519008,15.026549065467025,1.5566721393078125,23.16337712900805,43,0,0,0,65,19,12,10,100,30,45,0.0,0.0
HIGHEST_SNR,519008,10.99301959777152,1.493312540697675,22.403272857302976,43,0,0,0,65,19,12,10,100,30,45,0.0,0.0
SHORTEST_PULSE,519008,20.154385573976523,1.4246327033778556,18.951535107368024,43,0,0,0,65,19,12,10,100,30,45,0.0,0.0
METROLOGY_CONDITIONED_EIG,519008,18.072481859848768,1.7212812767712786,18.609447529843607,43,0,0,0,65,19,12,10,100,30,45,0.0,0.0
NO_PASSIVE,519009,300.480434813474,1.5371175375407566,445.27923823147125,0,0,0,0,60,19,12,10,100,30,45,0.0,0.0
RANDOM,519009,18.787121286332173,0.5571630050156359,23.18703451450017,43,0,0,0,60,19,12,10,100,30,45,0.0,0.0
HIGHEST_SNR,519009,11.252794053952773,0.543149622954651,23.06581084336927,42,1,0,0,60,19,12,10,100,30,45,0.0,0.0
SHORTEST_PULSE,519009,9.147802336215566,0.5702674294577035,22.891837972197557,42,1,0,0,60,19,12,10,100,30,45,0.0,0.0
METROLOGY_CONDITIONED_EIG,519009,15.639923496499101,0.5704327454465925,23.216292875520686,42,1,0,0,60,19,12,10,100,30,45,0.0,0.0
NO_PASSIVE,519010,513.6054397440126,9.285038882723573,445.27923823147125,0,0,0,0,62,19,12,10,100,30,45,0.0,0.0
RANDOM,519010,220.7554992233406,6.075548889492598,46.41068595778373,35,8,0,0,62,19,12,10,100,30,45,0.0,0.0
HIGHEST_SNR,519010,204.79517360743824,5.606978656643361,50.9884600748354,36,7,0,0,62,19,12,10,100,30,45,0.0,0.0
SHORTEST_PULSE,519010,214.18439300401482,5.976475293989594,44.71333660035873,36,7,0,0,62,19,12,10,100,30,45,0.0,0.0
METROLOGY_CONDITIONED_EIG,519010,224.11630077917394,6.170744624135139,46.81007358880348,33,10,0,0,62,19,12,10,100,30,45,0.0,0.0
NO_PASSIVE,519011,356.52926711316326,6.665437422575447,445.27923823147125,0,0,0,0,80,19,12,10,100,30,45,0.0,0.0
RANDOM,519011,143.26876903584633,5.201465310646608,27.73048998706054,32,1,0,0,80,19,12,10,100,30,45,0.0,0.0
HIGHEST_SNR,519011,105.85921187470579,4.118324335907128,34.350066320137785,29,4,0,0,80,19,12,10,100,30,45,0.0,0.0
SHORTEST_PULSE,519011,113.2936461529491,4.7636700528715235,24.87997216970804,33,0,0,0,80,19,12,10,100,30,45,0.0,0.0
METROLOGY_CONDITIONED_EIG,519011,118.4121979747737,4.899775282930988,27.828373542155173,31,2,0,0,80,19,12,10,100,30,45,0.0,0.0
NO_PASSIVE,519012,373.7572463377177,0.97447889137897,445.27923823147125,0,0,0,0,119,19,12,10,100,30,45,0.0,0.0
RANDOM,519012,42.9268873686886,2.0295397494387224,33.543680613188926,50,2,0,0,119,19,12,10,100,30,45,0.0,0.0
HIGHEST_SNR,519012,93.26254519717268,1.4913033000823301,53.49142230281674,50,2,0,0,119,19,12,10,100,30,45,0.0,0.0
SHORTEST_PULSE,519012,17.673078116570466,0.8995648313717711,30.2092998159745,50,2,0,0,119,19,12,10,100,30,45,0.0,0.0
METROLOGY_CONDITIONED_EIG,519012,20.79573833548256,1.3383951808824575,23.01143411656824,51,1,0,0,119,19,12,10,100,30,45,0.0,0.0
NO_PASSIVE,519013,319.82626398127917,5.207506079486708,445.27923823147125,0,0,0,0,92,19,12,10,100,30,45,0.0,0.0
RANDOM,519013,95.14855281637301,4.064238357240393,41.817543742105684,47,0,0,0,92,19,12,10,100,30,45,0.0,0.0
HIGHEST_SNR,519013,91.39823700492741,3.6983384826101404,42.88997799810847,47,0,0,0,92,19,12,10,100,30,45,0.0,0.0
SHORTEST_PULSE,519013,55.75993503712778,3.264836164903458,28.112189913448347,47,0,0,0,92,19,12,10,100,30,45,0.0,0.0
METROLOGY_CONDITIONED_EIG,519013,48.35871302040762,2.7871833203258927,26.444546443264507,47,0,0,0,92,19,12,10,100,30,45,0.0,0.0
NO_PASSIVE,519014,444.2356077858322,1.2251118875042943,445.27923823147125,0,0,0,0,183,19,12,10,100,30,45,0.0,0.0
RANDOM,519014,31.6371287110875,1.2510636662836665,14.8272170691738,59,1,0,0,183,19,12,10,100,30,45,0.0,0.0
HIGHEST_SNR,519014,34.141855201596265,1.6480958220064053,16.26150953281618,60,0,0,0,183,19,12,10,100,30,45,0.0,0.0
SHORTEST_PULSE,519014,37.66950562689958,1.2582275921025232,13.752550042419905,59,1,0,0,183,19,12,10,100,30,45,0.0,0.0
METROLOGY_CONDITIONED_EIG,519014,33.476781236291394,1.2185005125673458,13.796398201492169,59,1,0,0,183,19,12,10,100,30,45,0.0,0.0
NO_PASSIVE,519015,177.6153794435244,3.195580761143647,445.27923823147125,0,0,0,0,21,19,12,10,100,30,45,0.0,0.0
RANDOM,519015,52.67303636699157,2.4311610263420342,65.5279742573476,20,0,0,0,21,19,12,10,100,30,45,0.0,0.0
HIGHEST_SNR,519015,57.04020164743389,2.4908724294021494,65.40998059562376,20,0,0,0,21,19,12,10,100,30,45,0.0,0.0
SHORTEST_PULSE,519015,52.67303636699157,2.4311610263420342,65.5279742573476,20,0,0,0,21,19,12,10,100,30,45,0.0,0.0
METROLOGY_CONDITIONED_EIG,519015,52.67303636699157,2.4311610263420342,65.5279742573476,20,0,0,0,21,19,12,10,100,30,45,0.0,0.0
NO_PASSIVE,519016,503.05319744679275,7.852783065235834,445.27923823147125,0,0,0,0,113,19,12,10,100,30,45,0.0,0.0
RANDOM,519016,168.04417044898364,5.084432079406995,32.3712007751088,54,5,0,0,113,19,12,10,100,30,45,0.0,0.0
HIGHEST_SNR,519016,224.62223946275955,7.225770274469601,41.45708892477506,59,0,0,0,113,19,12,10,100,30,45,0.0,0.0
SHORTEST_PULSE,519016,175.00881028306898,5.339407367201185,32.07922523980564,45,14,0,0,113,19,12,10,100,30,45,0.0,0.0
METROLOGY_CONDITIONED_EIG,519016,207.76763330822573,6.299943985507379,36.27075090985241,43,16,0,0,113,19,12,10,100,30,45,0.0,0.0
NO_PASSIVE,519017,364.8775333423284,5.037245812302508,445.27923823147125,0,0,0,0,18,19,12,10,100,30,45,0.0,0.0
RANDOM,519017,59.23555922934991,2.3462880310811776,44.248805003123614,14,3,0,0,18,19,12,10,100,30,45,0.0,0.0
HIGHEST_SNR,519017,59.214331239049294,2.120109533118302,39.40127174055648,15,2,0,0,18,19,12,10,100,30,45,0.0,0.0
SHORTEST_PULSE,519017,59.23555922934991,2.3462880310811776,44.248805003123614,14,3,0,0,18,19,12,10,100,30,45,0.0,0.0
METROLOGY_CONDITIONED_EIG,519017,59.23555922934991,2.3462880310811776,44.248805003123614,14,3,0,0,18,19,12,10,100,30,45,0.0,0.0
NO_PASSIVE,519018,436.5160724056247,6.22055349439823,445.27923823147125,0,0,0,0,121,19,12,10,100,30,45,0.0,0.0
RANDOM,519018,77.89879673593873,2.6809682057639486,24.291970285968727,56,3,0,0,121,19,12,10,100,30,45,0.0,0.0
HIGHEST_SNR,519018,53.07973786084294,2.0080638592283457,25.413359510277335,55,4,0,0,121,19,12,10,100,30,45,0.0,0.0
SHORTEST_PULSE,519018,44.266443178208796,1.8996917359327212,18.71633624548467,58,1,0,0,121,19,12,10,100,30,45,0.0,0.0
METROLOGY_CONDITIONED_EIG,519018,44.75819290531394,1.91682436687832,18.731067511089496,58,1,0,0,121,19,12,10,100,30,45,0.0,0.0
NO_PASSIVE,519019,539.092793912382,3.357663849916012,445.27923823147125,0,0,0,0,66,19,12,10,100,30,45,0.0,0.0
RANDOM,519019,41.69908344157982,2.2804022560546886,29.242826983691433,41,0,0,0,66,19,12,10,100,30,45,0.0,0.0
HIGHEST_SNR,519019,85.72837817836728,3.3276095233307634,40.47670329188185,41,0,0,0,66,19,12,10,100,30,45,0.0,0.0
SHORTEST_PULSE,519019,28.617875584319084,1.8716831793963842,25.141669248107537,41,0,0,0,66,19,12,10,100,30,45,0.0,0.0
METROLOGY_CONDITIONED_EIG,519019,29.285851794286437,2.044189128140543,25.228231085889945,41,0,0,0,66,19,12,10,100,30,45,0.0,0.0
NO_PASSIVE,519020,740.4353376608088,5.745176378564521,445.27923823147125,0,0,0,0,174,19,12,10,100,30,45,0.0,0.0
RANDOM,519020,9.39643659637405,0.7153529105197691,16.79646888161932,56,1,0,0,174,19,12,10,100,30,45,0.0,0.0
HIGHEST_SNR,519020,21.61337287705926,1.2610653672607945,18.20842244188685,57,0,0,0,174,19,12,10,100,30,45,0.0,0.0
SHORTEST_PULSE,519020,15.120985128267208,0.9270222047380537,19.023895730788375,57,0,0,0,174,19,12,10,100,30,45,0.0,0.0
METROLOGY_CONDITIONED_EIG,519020,19.522630214608952,0.9675625985214057,14.97201925572202,57,0,0,0,174,19,12,10,100,30,45,0.0,0.0
NO_PASSIVE,519021,106.93481868664583,4.328754521694127,445.27923823147125,0,0,0,0,36,19,12,10,100,30,45,0.0,0.0
RANDOM,519021,37.60363600975595,2.4942488026014145,42.508170146490016,29,2,0,0,36,19,12,10,100,30,45,0.0,0.0
HIGHEST_SNR,519021,34.67992113931562,2.431750536163953,40.71396935034253,30,1,0,0,36,19,12,10,100,30,45,0.0,0.0
SHORTEST_PULSE,519021,35.506576904447236,2.44642864505375,33.459043435123064,30,1,0,0,36,19,12,10,100,30,45,0.0,0.0
METROLOGY_CONDITIONED_EIG,519021,28.580285651080917,2.1251915120542564,30.257586599542712,30,1,0,0,36,19,12,10,100,30,45,0.0,0.0
NO_PASSIVE,519022,647.657682716305,6.440724804973246,445.27923823147125,0,0,0,0,89,19,12,10,100,30,45,0.0,0.0
RANDOM,519022,39.589729318100616,2.9618388513621325,22.131856798989997,57,1,0,0,89,19,12,10,100,30,45,0.0,0.0
HIGHEST_SNR,519022,84.66087308599813,4.110815655087108,32.004353471805885,55,3,0,0,89,19,12,10,100,30,45,0.0,0.0
SHORTEST_PULSE,519022,41.94772559827959,2.6465581176371344,21.798657886495317,58,0,0,0,89,19,12,10,100,30,45,0.0,0.0
METROLOGY_CONDITIONED_EIG,519022,38.02762171283913,2.453395919708905,21.293385834071753,58,0,0,0,89,19,12,10,100,30,45,0.0,0.0
NO_PASSIVE,519023,968.780993211075,4.086242737942763,445.27923823147125,0,0,0,0,153,19,12,10,100,30,45,0.0,0.0
RANDOM,519023,22.287809081472624,1.1223172530912982,25.88642188230213,52,8,0,0,153,19,12,10,100,30,45,0.0,0.0
HIGHEST_SNR,519023,998.2668509461141,2.431722366835577,316.1369583413138,10,50,0,0,153,19,12,10,100,30,45,0.0,0.0
SHORTEST_PULSE,519023,24.107068028799446,1.215867348739229,24.949973813139724,56,4,0,0,153,19,12,10,100,30,45,0.0,0.0
METROLOGY_CONDITIONED_EIG,519023,25.44664618176166,1.3226480917524202,22.165703564858664,56,4,0,0,153,19,12,10,100,30,45,0.0,0.0
NO_PASSIVE,519024,249.11385990042402,2.7887987993367735,445.27923823147125,0,0,0,0,66,19,12,10,100,30,45,0.0,0.0
RANDOM,519024,33.31243223814474,1.9579677870875352,32.66582451277332,50,1,0,0,66,19,12,10,100,30,45,0.0,0.0
HIGHEST_SNR,519024,37.333112489951326,1.8080764641739446,36.513507546644256,50,1,0,0,66,19,12,10,100,30,45,0.0,0.0
SHORTEST_PULSE,519024,34.17726063990233,1.8832887997657335,32.85869573498205,50,1,0,0,66,19,12,10,100,30,45,0.0,0.0
METROLOGY_CONDITIONED_EIG,519024,22.723636660142898,1.9822012363588466,30.29010400657736,50,1,0,0,66,19,12,10,100,30,45,0.0,0.0
NO_PASSIVE,519025,349.19653190931365,3.99119225289053,445.27923823147125,0,0,0,0,107,19,12,10,100,30,45,0.0,0.0
RANDOM,519025,79.54415316737709,3.5738152738145716,21.171562671736552,44,3,0,0,107,19,12,10,100,30,45,0.0,0.0
HIGHEST_SNR,519025,70.11201622535853,3.7151803569233093,23.96727709314958,45,2,0,0,107,19,12,10,100,30,45,0.0,0.0
SHORTEST_PULSE,519025,74.30929622656281,3.3376420407319727,22.224311585032908,42,5,0,0,107,19,12,10,100,30,45,0.0,0.0
METROLOGY_CONDITIONED_EIG,519025,71.38040718779703,3.5770805574057167,22.186709016770845,42,5,0,0,107,19,12,10,100,30,45,0.0,0.0
NO_PASSIVE,519026,146.96596094360564,4.678102561065655,445.27923823147125,0,0,0,0,24,19,12,10,100,30,45,0.0,0.0
RANDOM,519026,82.0240900158225,3.5719513188131193,56.17316710388455,24,0,0,0,24,19,12,10,100,30,45,0.0,0.0
HIGHEST_SNR,519026,82.0240900158225,3.5719513188131193,56.17316710388455,24,0,0,0,24,19,12,10,100,30,45,0.0,0.0
SHORTEST_PULSE,519026,82.0240900158225,3.5719513188131193,56.17316710388455,24,0,0,0,24,19,12,10,100,30,45,0.0,0.0
METROLOGY_CONDITIONED_EIG,519026,82.0240900158225,3.5719513188131193,56.17316710388455,24,0,0,0,24,19,12,10,100,30,45,0.0,0.0
NO_PASSIVE,519027,311.4712026605874,2.4629608444834066,445.27923823147125,0,0,0,0,55,19,12,10,100,30,45,0.0,0.0
RANDOM,519027,6.98788049113725,1.1800290167343892,48.10897829389607,29,0,0,0,55,19,12,10,100,30,45,0.0,0.0
HIGHEST_SNR,519027,14.41875530595196,1.5690227804988606,55.09389295672209,28,1,0,0,55,19,12,10,100,30,45,0.0,0.0
SHORTEST_PULSE,519027,9.149471873410716,1.6675092172481998,52.040202472075684,28,1,0,0,55,19,12,10,100,30,45,0.0,0.0
METROLOGY_CONDITIONED_EIG,519027,12.763310318114332,1.944743847978759,45.56975959396227,29,0,0,0,55,19,12,10,100,30,45,0.0,0.0
NO_PASSIVE,519028,663.0071937598228,2.2770401360930275,445.27923823147125,0,0,0,0,38,19,12,10,100,30,45,0.0,0.0
RANDOM,519028,23.30617800940666,1.0930088800296083,50.909134118119105,29,0,0,0,38,19,12,10,100,30,45,0.0,0.0
HIGHEST_SNR,519028,27.100800293519473,0.893194882374409,61.975756549394966,29,0,0,0,38,19,12,10,100,30,45,0.0,0.0
SHORTEST_PULSE,519028,15.702644857782309,1.0037831736036982,34.52903725261254,29,0,0,0,38,19,12,10,100,30,45,0.0,0.0
METROLOGY_CONDITIONED_EIG,519028,11.699117424300942,0.8412375161290108,34.545006625835505,29,0,0,0,38,19,12,10,100,30,45,0.0,0.0
NO_PASSIVE,519029,180.69832733269678,2.0215026587973144,445.27923823147125,0,0,0,0,61,19,12,10,100,30,45,0.0,0.0
RANDOM,519029,38.10061718303833,2.134957116198384,46.95770512249291,43,0,0,0,61,19,12,10,100,30,45,0.0,0.0
HIGHEST_SNR,519029,46.95861310027561,2.5733942191027137,53.11793903768602,43,0,0,0,61,19,12,10,100,30,45,0.0,0.0
SHORTEST_PULSE,519029,35.950544386347964,2.1169910808927623,45.53992010356903,43,0,0,0,61,19,12,10,100,30,45,0.0,0.0
METROLOGY_CONDITIONED_EIG,519029,33.77124241852642,2.1827294728249558,41.77586433919095,43,0,0,0,61,19,12,10,100,30,45,0.0,0.0
NO_PASSIVE,520000,209.55337306610937,3.1573121241039237,445.27923823147125,0,0,0,0,32,20,12,10,100,30,45,0.0,0.05
RANDOM,520000,50.8600747333779,2.166247960117936,45.33059021142381,28,1,0,0,32,20,12,10,100,30,45,0.0,0.05
HIGHEST_SNR,520000,54.21481719752243,2.207331249402696,45.21585322399381,28,1,0,0,32,20,12,10,100,30,45,0.0,0.05
SHORTEST_PULSE,520000,22.752721013468744,1.6964222773557895,31.19594481448307,28,1,0,0,32,20,12,10,100,30,45,0.0,0.05
METROLOGY_CONDITIONED_EIG,520000,24.252269311983465,1.6780785177009572,31.20539076124659,28,1,0,0,32,20,12,10,100,30,45,0.0,0.05
NO_PASSIVE,520001,428.8594436656932,6.837895019411454,445.27923823147125,0,0,0,0,100,20,12,10,100,30,45,0.0,0.05
RANDOM,520001,30.73036658593843,2.765286702492389,22.74020441155806,56,3,0,0,100,20,12,10,100,30,45,0.0,0.05
HIGHEST_SNR,520001,71.71674401000034,4.007528321732727,44.4524064228433,57,2,0,0,100,20,12,10,100,30,45,0.0,0.05
SHORTEST_PULSE,520001,57.10509932298222,3.62196948216905,25.437359652950995,57,2,0,0,100,20,12,10,100,30,45,0.0,0.05
METROLOGY_CONDITIONED_EIG,520001,38.457576250589824,2.481410518426999,19.169185118160957,56,3,0,0,100,20,12,10,100,30,45,0.0,0.05
NO_PASSIVE,520002,689.0702026869699,5.999555269569546,445.27923823147125,0,0,0,0,18,20,12,10,100,30,45,0.0,0.05
RANDOM,520002,51.73877230104163,2.768336436185322,29.82206645312972,17,0,0,0,18,20,12,10,100,30,45,0.0,0.05
HIGHEST_SNR,520002,45.86640774288487,2.195577900312242,29.78110395415607,17,0,0,0,18,20,12,10,100,30,45,0.0,0.05
SHORTEST_PULSE,520002,45.86640774288487,2.195577900312242,29.78110395415607,17,0,0,0,18,20,12,10,100,30,45,0.0,0.05
METROLOGY_CONDITIONED_EIG,520002,45.86640774288487,2.195577900312242,29.78110395415607,17,0,0,0,18,20,12,10,100,30,45,0.0,0.05
NO_PASSIVE,520003,189.2886403952642,5.285442914258054,445.27923823147125,0,0,0,0,148,20,12,10,100,30,45,0.0,0.05
RANDOM,520003,53.936390305271466,2.8034442300292546,22.69085514012828,55,5,0,0,148,20,12,10,100,30,45,0.0,0.05
HIGHEST_SNR,520003,35.50735683751051,2.25159204751817,26.297461714090634,58,2,0,0,148,20,12,10,100,30,45,0.0,0.05
SHORTEST_PULSE,520003,86.95303254537701,3.0984193610888693,20.85294581774789,50,10,0,0,148,20,12,10,100,30,45,0.0,0.05
METROLOGY_CONDITIONED_EIG,520003,120.13606960470831,3.974868988306114,23.821665695922277,49,11,0,0,148,20,12,10,100,30,45,0.0,0.05
NO_PASSIVE,520004,426.7486811190383,2.8941416046480715,445.27923823147125,0,0,0,0,73,20,12,10,100,30,45,0.0,0.05
RANDOM,520004,46.661077382402986,1.8707440514709694,20.411918269944366,37,2,0,0,73,20,12,10,100,30,45,0.0,0.05
HIGHEST_SNR,520004,35.18968738576847,1.9616053159907412,24.695627510665908,36,3,0,0,73,20,12,10,100,30,45,0.0,0.05
SHORTEST_PULSE,520004,55.363275652010785,2.267319204780971,20.135174846651683,36,3,0,0,73,20,12,10,100,30,45,0.0,0.05
METROLOGY_CONDITIONED_EIG,520004,56.542719814503975,2.275929887442239,20.135407714222264,36,3,0,0,73,20,12,10,100,30,45,0.0,0.05
NO_PASSIVE,520005,644.223972671409,2.186854497222478,445.27923823147125,0,0,0,0,76,20,12,10,100,30,45,0.0,0.05
RANDOM,520005,43.547893951183504,1.7221881563623687,27.02865194476086,40,1,0,0,76,20,12,10,100,30,45,0.0,0.05
HIGHEST_SNR,520005,0.8958084466408338,0.9255996068238235,36.17439098530905,40,1,0,0,76,20,12,10,100,30,45,0.0,0.05
SHORTEST_PULSE,520005,38.01339737851887,1.5298634675874523,28.171167385112884,41,0,0,0,76,20,12,10,100,30,45,0.0,0.05
METROLOGY_CONDITIONED_EIG,520005,13.048715463754743,0.9600792674233531,24.297962240766626,41,0,0,0,76,20,12,10,100,30,45,0.0,0.05
NO_PASSIVE,520006,517.3738785119932,4.3019614196307145,445.27923823147125,0,0,0,0,52,20,12,10,100,30,45,0.0,0.05
RANDOM,520006,38.83596201598262,2.5078433685526904,29.946812519837902,37,3,0,0,52,20,12,10,100,30,45,0.0,0.05
HIGHEST_SNR,520006,35.409442686004645,2.0922449513504575,30.75572881352026,37,3,0,0,52,20,12,10,100,30,45,0.0,0.05
SHORTEST_PULSE,520006,48.028326902822116,2.6044707507510654,28.918427673931184,37,3,0,0,52,20,12,10,100,30,45,0.0,0.05
METROLOGY_CONDITIONED_EIG,520006,55.721767430815596,2.5953241373780807,29.025056573136364,37,3,0,0,52,20,12,10,100,30,45,0.0,0.05
NO_PASSIVE,520007,451.8566653079408,5.603823327350944,445.27923823147125,0,0,0,0,52,20,12,10,100,30,45,0.0,0.05
RANDOM,520007,84.99497023667904,2.9216825341742156,48.980859922985424,41,2,0,0,52,20,12,10,100,30,45,0.0,0.05
HIGHEST_SNR,520007,82.7705293505634,2.9443679760008132,45.641927344639235,41,2,0,0,52,20,12,10,100,30,45,0.0,0.05
SHORTEST_PULSE,520007,64.83615060234987,2.0103987873217535,48.15409435617143,41,2,0,0,52,20,12,10,100,30,45,0.0,0.05
METROLOGY_CONDITIONED_EIG,520007,90.45615726474401,2.471260706639274,45.52190855191122,41,2,0,0,52,20,12,10,100,30,45,0.0,0.05
NO_PASSIVE,520008,316.30014084413085,4.749331717740223,445.27923823147125,0,0,0,0,89,20,12,10,100,30,45,0.0,0.05
RANDOM,520008,57.29944735508392,2.674001991259617,27.776114849156517,53,3,0,0,89,20,12,10,100,30,45,0.0,0.05
HIGHEST_SNR,520008,12.632889425196788,0.8737120713636644,28.653566821294046,56,0,0,1,89,20,12,10,100,30,45,0.0,0.05
SHORTEST_PULSE,520008,23.903630120970007,1.2823552980818678,24.332727958792063,56,0,0,1,89,20,12,10,100,30,45,0.0,0.05
METROLOGY_CONDITIONED_EIG,520008,51.940455356351656,2.2425485220040953,25.331635963142052,52,4,0,0,89,20,12,10,100,30,45,0.0,0.05
NO_PASSIVE,520009,400.3799334495955,6.554995231340903,445.27923823147125,0,0,0,0,138,20,12,10,100,30,45,0.0,0.05
RANDOM,520009,29.71151777692734,2.5438138145648814,24.540630558058158,55,3,0,1,138,20,12,10,100,30,45,0.0,0.05
HIGHEST_SNR,520009,4.238598995093475,3.8901261294761027,41.55599734370005,53,5,0,1,138,20,12,10,100,30,45,0.0,0.05
SHORTEST_PULSE,520009,16.299561528349482,1.3234738991651174,18.53498028362953,55,3,0,0,138,20,12,10,100,30,45,0.0,0.05
METROLOGY_CONDITIONED_EIG,520009,13.907071389121063,1.445030544768751,18.226882835349024,58,0,0,0,138,20,12,10,100,30,45,0.0,0.05
NO_PASSIVE,520010,347.42503730092955,4.514958547930435,445.27923823147125,0,0,0,0,121,20,12,10,100,30,45,0.0,0.05
RANDOM,520010,25.454364728015456,2.113824190389523,28.032670464217272,57,3,0,0,121,20,12,10,100,30,45,0.0,0.05
HIGHEST_SNR,520010,102.41183879932078,4.060605584667494,38.20723280192883,57,3,0,1,121,20,12,10,100,30,45,0.0,0.05
SHORTEST_PULSE,520010,33.51661639756979,1.9120557063175578,22.90206258963383,58,2,0,0,121,20,12,10,100,30,45,0.0,0.05
METROLOGY_CONDITIONED_EIG,520010,34.057737734766874,2.0271598947552127,21.81090454640279,59,1,0,0,121,20,12,10,100,30,45,0.0,0.05
NO_PASSIVE,520011,281.03213545932516,5.010475134760336,445.27923823147125,0,0,0,0,22,20,12,10,100,30,45,0.0,0.05
RANDOM,520011,36.853759028360265,1.9895607668452508,44.919928016010225,21,0,0,0,22,20,12,10,100,30,45,0.0,0.05
HIGHEST_SNR,520011,36.853759028360265,1.9895607668452508,44.919928016010225,21,0,0,0,22,20,12,10,100,30,45,0.0,0.05
SHORTEST_PULSE,520011,43.881090292644416,2.2432589436474943,40.29983113927038,21,0,0,0,22,20,12,10,100,30,45,0.0,0.05
METROLOGY_CONDITIONED_EIG,520011,43.881090292644416,2.2432589436474943,40.29983113927038,21,0,0,0,22,20,12,10,100,30,45,0.0,0.05
NO_PASSIVE,520012,145.4954317772434,2.4768791049975336,445.27923823147125,0,0,0,0,55,20,12,10,100,30,45,0.0,0.05
RANDOM,520012,62.79705060986006,2.637417122770111,49.82783333584256,41,1,0,0,55,20,12,10,100,30,45,0.0,0.05
HIGHEST_SNR,520012,59.18440783002058,2.501745230640099,46.02193927506665,41,1,0,0,55,20,12,10,100,30,45,0.0,0.05
SHORTEST_PULSE,520012,65.22528171989913,2.4966416844641652,54.67734826959927,41,1,0,0,55,20,12,10,100,30,45,0.0,0.05
METROLOGY_CONDITIONED_EIG,520012,58.92860829628117,2.4484974912630983,47.86411092950615,41,1,0,0,55,20,12,10,100,30,45,0.0,0.05
NO_PASSIVE,520013,441.5933977405601,2.8481781416055356,445.27923823147125,0,0,0,0,26,20,12,10,100,30,45,0.0,0.05
RANDOM,520013,33.34250818160231,1.851416774881931,96.59436917440522,22,0,0,1,26,20,12,10,100,30,45,0.0,0.05
HIGHEST_SNR,520013,59.196829564104,1.6291254245228313,101.23478035791973,22,0,0,1,26,20,12,10,100,30,45,0.0,0.05
SHORTEST_PULSE,520013,46.92007030192239,1.6541793720529232,97.52024407579735,22,0,0,1,26,20,12,10,100,30,45,0.0,0.05
METROLOGY_CONDITIONED_EIG,520013,38.30620406204855,1.6594023514555152,94.28683685852856,22,0,0,1,26,20,12,10,100,30,45,0.0,0.05
NO_PASSIVE,520014,238.09810507069346,2.7987560531688813,445.27923823147125,0,0,0,0,106,20,12,10,100,30,45,0.0,0.05
RANDOM,520014,30.07773265053439,1.4832963450816816,34.12423768483827,48,1,0,0,106,20,12,10,100,30,45,0.0,0.05
HIGHEST_SNR,520014,45.999141026614325,1.7480963037625947,58.79381996303677,48,1,0,1,106,20,12,10,100,30,45,0.0,0.05
SHORTEST_PULSE,520014,25.660200177279727,1.1792416534427774,27.201226434478162,48,1,0,0,106,20,12,10,100,30,45,0.0,0.05
METROLOGY_CONDITIONED_EIG,520014,13.521842323901712,0.8907026802577311,24.44212230231391,48,1,0,0,106,20,12,10,100,30,45,0.0,0.05
NO_PASSIVE,520015,541.1487314293144,6.997941067771251,445.27923823147125,0,0,0,0,80,20,12,10,100,30,45,0.0,0.05
RANDOM,520015,108.01617585726751,4.5259797888043725,29.81943333724491,53,3,0,0,80,20,12,10,100,30,45,0.0,0.05
HIGHEST_SNR,520015,98.04565540409598,4.482787286698217,29.636586658936423,54,2,0,0,80,20,12,10,100,30,45,0.0,0.05
SHORTEST_PULSE,520015,66.33994338662416,3.665594390764092,24.285543167290527,53,3,0,0,80,20,12,10,100,30,45,0.0,0.05
METROLOGY_CONDITIONED_EIG,520015,69.45507188977405,3.760905956025163,24.177846978349322,54,2,0,0,80,20,12,10,100,30,45,0.0,0.05
NO_PASSIVE,520016,174.6452263999575,6.6636624511260845,445.27923823147125,0,0,0,0,37,20,12,10,100,30,45,0.0,0.05
RANDOM,520016,198.82791993417817,5.056748877683531,61.229582999140014,25,3,0,0,37,20,12,10,100,30,45,0.0,0.05
HIGHEST_SNR,520016,200.48520190677192,5.177278800159777,59.00514156441568,26,2,0,0,37,20,12,10,100,30,45,0.0,0.05
SHORTEST_PULSE,520016,101.39294570680474,3.6172512749361134,33.8783726097154,25,3,0,0,37,20,12,10,100,30,45,0.0,0.05
METROLOGY_CONDITIONED_EIG,520016,97.71864619757922,3.5548534401692615,33.75951088821756,25,3,0,0,37,20,12,10,100,30,45,0.0,0.05
NO_PASSIVE,520017,254.3452793331297,4.072316543126031,445.27923823147125,0,0,0,0,50,20,12,10,100,30,45,0.0,0.05
RANDOM,520017,85.15435708101747,3.98734549153486,42.92453245616839,31,5,0,0,50,20,12,10,100,30,45,0.0,0.05
HIGHEST_SNR,520017,83.2153126645469,3.6699812097003424,57.800177316254704,31,5,0,0,50,20,12,10,100,30,45,0.0,0.05
SHORTEST_PULSE,520017,82.00021577040833,3.767191988179197,42.55516176713415,30,6,0,0,50,20,12,10,100,30,45,0.0,0.05
METROLOGY_CONDITIONED_EIG,520017,86.13793653581665,4.048163317797287,42.36534037548134,30,6,0,0,50,20,12,10,100,30,45,0.0,0.05
NO_PASSIVE,520018,486.7704812875483,3.925225797699327,445.27923823147125,0,0,0,0,147,20,12,10,100,30,45,0.0,0.05
RANDOM,520018,21.271006445678815,1.528750821626106,22.052049414821653,59,1,0,0,147,20,12,10,100,30,45,0.0,0.05
HIGHEST_SNR,520018,20.058614426701162,1.3005848754987974,23.181065993659136,58,2,0,0,147,20,12,10,100,30,45,0.0,0.05
SHORTEST_PULSE,520018,33.65217738689769,1.5390742175334753,17.91166374668909,55,5,0,0,147,20,12,10,100,30,45,0.0,0.05
METROLOGY_CONDITIONED_EIG,520018,14.470690129069787,1.2404011751109398,15.294183306127934,57,3,0,0,147,20,12,10,100,30,45,0.0,0.05
NO_PASSIVE,520019,745.8635620757051,1.4409284091506023,445.27923823147125,0,0,0,0,16,20,12,10,100,30,45,0.0,0.05
RANDOM,520019,5.8517362981028205,1.2669212371640737,61.22039186292165,13,0,0,0,16,20,12,10,100,30,45,0.0,0.05
HIGHEST_SNR,520019,5.8517362981028205,1.2669212371640737,61.22039186292165,13,0,0,0,16,20,12,10,100,30,45,0.0,0.05
SHORTEST_PULSE,520019,11.921884587583428,2.103709461424074,61.198371266704314,13,0,0,0,16,20,12,10,100,30,45,0.0,0.05
METROLOGY_CONDITIONED_EIG,520019,11.921884587583428,2.103709461424074,61.198371266704314,13,0,0,0,16,20,12,10,100,30,45,0.0,0.05
NO_PASSIVE,520020,404.381261201171,8.278153329272932,445.27923823147125,0,0,0,0,75,20,12,10,100,30,45,0.0,0.05
RANDOM,520020,157.59752624446944,4.886651472111696,62.66066030174864,54,2,0,0,75,20,12,10,100,30,45,0.0,0.05
HIGHEST_SNR,520020,200.34561204274604,5.78663519609342,77.97975808465905,54,2,0,0,75,20,12,10,100,30,45,0.0,0.05
SHORTEST_PULSE,520020,195.18854986772337,6.003072813543314,58.19870259132064,54,2,0,0,75,20,12,10,100,30,45,0.0,0.05
METROLOGY_CONDITIONED_EIG,520020,165.62014280291402,5.169031960091974,59.095775224076405,54,2,0,0,75,20,12,10,100,30,45,0.0,0.05
NO_PASSIVE,520021,54.02613781913314,3.4784871026379394,445.27923823147125,0,0,0,0,54,20,12,10,100,30,45,0.0,0.05
RANDOM,520021,47.65624244319935,3.1422864256496568,46.76432261869369,33,1,0,0,54,20,12,10,100,30,45,0.0,0.05
HIGHEST_SNR,520021,52.513423445432345,3.6593918940685373,57.77074005076017,33,1,0,0,54,20,12,10,100,30,45,0.0,0.05
SHORTEST_PULSE,520021,83.52665451965643,4.27376479530153,57.68442517152464,33,1,0,0,54,20,12,10,100,30,45,0.0,0.05
METROLOGY_CONDITIONED_EIG,520021,40.47648390054033,2.669709750098202,42.67890832114716,33,1,0,1,54,20,12,10,100,30,45,0.0,0.05
NO_PASSIVE,520022,754.4280736679299,7.792394953282828,445.27923823147125,0,0,0,0,57,20,12,10,100,30,45,0.0,0.05
RANDOM,520022,84.83449356124086,4.025128738915192,34.4735470060005,41,3,0,0,57,20,12,10,100,30,45,0.0,0.05
HIGHEST_SNR,520022,101.37265042127025,4.016428420035362,34.73282830444128,42,2,0,0,57,20,12,10,100,30,45,0.0,0.05
SHORTEST_PULSE,520022,82.45989022230386,4.440802981734571,31.473570695684344,42,2,0,0,57,20,12,10,100,30,45,0.0,0.05
METROLOGY_CONDITIONED_EIG,520022,77.20846122569432,3.1825775211730347,31.33432069724798,42,2,0,0,57,20,12,10,100,30,45,0.0,0.05
NO_PASSIVE,520023,298.6226406440791,1.9402040699214853,445.27923823147125,0,0,0,0,27,20,12,10,100,30,45,0.0,0.05
RANDOM,520023,23.039566647803223,1.277317607296094,51.549726104210826,19,4,0,0,27,20,12,10,100,30,45,0.0,0.05
HIGHEST_SNR,520023,2.826441714149737,1.6856653370227395,67.13038520142464,20,3,0,0,27,20,12,10,100,30,45,0.0,0.05
SHORTEST_PULSE,520023,23.039566647803223,1.277317607296094,51.549726104210826,19,4,0,0,27,20,12,10,100,30,45,0.0,0.05
METROLOGY_CONDITIONED_EIG,520023,22.641453497988103,1.3213216928464087,51.387872037567554,20,3,0,0,27,20,12,10,100,30,45,0.0,0.05
NO_PASSIVE,520024,509.43522148618956,5.389106417283671,445.27923823147125,0,0,0,0,152,20,12,10,100,30,45,0.0,0.05
RANDOM,520024,9.523921351514895,1.4207607330692347,14.853318741638828,52,3,0,0,152,20,12,10,100,30,45,0.0,0.05
HIGHEST_SNR,520024,58.550780899064286,2.6714281089495167,34.08181138329899,50,5,0,0,152,20,12,10,100,30,45,0.0,0.05
SHORTEST_PULSE,520024,23.847667177491175,1.3016313341266357,13.38803033438609,52,3,0,0,152,20,12,10,100,30,45,0.0,0.05
METROLOGY_CONDITIONED_EIG,520024,15.672303241352955,1.2565211391885789,13.341146990290012,54,1,0,0,152,20,12,10,100,30,45,0.0,0.05
NO_PASSIVE,520025,252.6035878442087,7.892361860588314,445.27923823147125,0,0,0,0,122,20,12,10,100,30,45,0.0,0.05
RANDOM,520025,112.63763998764996,5.2283137650227465,32.11816653041674,35,5,0,1,122,20,12,10,100,30,45,0.0,0.05
HIGHEST_SNR,520025,64.5584392483928,4.037658366257154,39.14461889732337,37,3,0,2,122,20,12,10,100,30,45,0.0,0.05
SHORTEST_PULSE,520025,115.8714272319817,4.657619016414773,26.951099358265836,33,7,0,1,122,20,12,10,100,30,45,0.0,0.05
METROLOGY_CONDITIONED_EIG,520025,107.26901820060685,4.436397987845465,28.12643717180581,32,8,0,1,122,20,12,10,100,30,45,0.0,0.05
NO_PASSIVE,520026,217.47114361324327,5.733806349961817,445.27923823147125,0,0,0,0,89,20,12,10,100,30,45,0.0,0.05
RANDOM,520026,60.03243276149931,2.525644158851652,25.061373421488664,36,3,0,1,89,20,12,10,100,30,45,0.0,0.05
HIGHEST_SNR,520026,412.7042600025289,4.747524228045042,148.7517471040636,33,6,0,1,89,20,12,10,100,30,45,0.0,0.05
SHORTEST_PULSE,520026,61.10303666529516,1.6832246849351797,21.722762797763615,34,5,0,0,89,20,12,10,100,30,45,0.0,0.05
METROLOGY_CONDITIONED_EIG,520026,61.42139327054159,1.7608219792172175,21.69597644370785,34,5,0,0,89,20,12,10,100,30,45,0.0,0.05
NO_PASSIVE,520027,397.4063210105719,2.2679577885550066,445.27923823147125,0,0,0,0,169,20,12,10,100,30,45,0.0,0.05
RANDOM,520027,37.200385317147784,1.104245938096441,22.485808620323365,48,2,0,0,169,20,12,10,100,30,45,0.0,0.05
HIGHEST_SNR,520027,52.4366123255986,1.610604979043992,23.819689252570026,49,1,0,0,169,20,12,10,100,30,45,0.0,0.05
SHORTEST_PULSE,520027,41.06837001904083,1.235297700878073,21.060021229109516,47,3,0,0,169,20,12,10,100,30,45,0.0,0.05
METROLOGY_CONDITIONED_EIG,520027,43.88496742934636,1.7694720677834905,19.911189935723566,48,2,0,0,169,20,12,10,100,30,45,0.0,0.05
NO_PASSIVE,520028,222.52104583524,3.7062677631147407,445.27923823147125,0,0,0,0,164,20,12,10,100,30,45,0.0,0.05
RANDOM,520028,51.40684561781718,2.2700582985159015,21.67299291705706,44,4,0,1,164,20,12,10,100,30,45,0.0,0.05
HIGHEST_SNR,520028,45.31529320666502,1.7748931187589747,23.914582030249175,46,2,0,0,164,20,12,10,100,30,45,0.0,0.05
SHORTEST_PULSE,520028,23.10104484191082,1.133949941721955,20.77914586029178,47,1,0,0,164,20,12,10,100,30,45,0.0,0.05
METROLOGY_CONDITIONED_EIG,520028,21.447842530241093,0.9771442896843728,17.6637289702905,44,4,0,0,164,20,12,10,100,30,45,0.0,0.05
NO_PASSIVE,520029,203.07852372609187,2.854886336052865,445.27923823147125,0,0,0,0,146,20,12,10,100,30,45,0.0,0.05
RANDOM,520029,83.60733230753213,1.7394812532510038,33.28660033689197,57,3,0,1,146,20,12,10,100,30,45,0.0,0.05
HIGHEST_SNR,520029,42.296865626883985,2.3711652935580187,36.59681811357983,58,2,0,1,146,20,12,10,100,30,45,0.0,0.05
SHORTEST_PULSE,520029,51.488289098983756,1.8510644092686157,60.745200020677615,59,1,0,1,146,20,12,10,100,30,45,0.0,0.05
METROLOGY_CONDITIONED_EIG,520029,62.34231714915022,1.5322760227089924,29.4258024716194,58,2,0,1,146,20,12,10,100,30,45,0.0,0.05
NO_PASSIVE,521000,1070.6813467374473,4.166225609067467,445.27923823147125,0,0,0,0,135,21,12,10,100,30,45,0.0,0.15
RANDOM,521000,285.6838943368729,2.6309802938136735,51.50881332248355,26,32,0,2,135,21,12,10,100,30,45,0.0,0.15
HIGHEST_SNR,521000,283.2211408979073,2.989596792145078,58.28520174512926,29,29,0,2,135,21,12,10,100,30,45,0.0,0.15
SHORTEST_PULSE,521000,31.771141460008913,1.9638692972741598,49.24912824946896,49,9,0,0,135,21,12,10,100,30,45,0.0,0.15
METROLOGY_CONDITIONED_EIG,521000,37.80360820265306,1.4573025048526838,22.876357600508065,49,9,0,0,135,21,12,10,100,30,45,0.0,0.15
NO_PASSIVE,521001,641.6533703047405,5.370532640470498,445.27923823147125,0,0,0,0,105,21,12,10,100,30,45,0.0,0.15
RANDOM,521001,66.18978514263614,2.5188452826627805,26.519301571461472,48,7,0,0,105,21,12,10,100,30,45,0.0,0.15
HIGHEST_SNR,521001,59.39283681205103,2.3644466772733104,28.057856881257617,48,7,0,0,105,21,12,10,100,30,45,0.0,0.15
SHORTEST_PULSE,521001,50.69773838441276,2.2644023330559597,21.869238190307637,48,7,0,0,105,21,12,10,100,30,45,0.0,0.15
METROLOGY_CONDITIONED_EIG,521001,47.73689539913999,2.2369589450768865,21.50667598479212,49,6,0,0,105,21,12,10,100,30,45,0.0,0.15
NO_PASSIVE,521002,246.59982945817862,5.7839036887239565,445.27923823147125,0,0,0,0,143,21,12,10,100,30,45,0.0,0.15
RANDOM,521002,50.913979839232645,3.068105720757695,24.330121316014942,49,9,0,1,143,21,12,10,100,30,45,0.0,0.15
HIGHEST_SNR,521002,70.5762670167566,3.060335595709612,24.65790198490695,50,8,0,1,143,21,12,10,100,30,45,0.0,0.15
SHORTEST_PULSE,521002,49.266061065184545,2.837043825947586,25.326177063818374,31,27,0,2,143,21,12,10,100,30,45,0.0,0.15
METROLOGY_CONDITIONED_EIG,521002,45.74469697753549,2.9253634744710313,25.24182859207149,29,29,0,3,143,21,12,10,100,30,45,0.0,0.15
NO_PASSIVE,521003,233.95636169122693,4.5650259990465205,445.27923823147125,0,0,0,0,129,21,12,10,100,30,45,0.0,0.15
RANDOM,521003,371.8463779899739,3.3122382377708655,51.755414017453376,21,27,0,4,129,21,12,10,100,30,45,0.0,0.15
HIGHEST_SNR,521003,342.5963346859195,2.888998974327609,56.73929175659535,23,25,0,3,129,21,12,10,100,30,45,0.0,0.15
SHORTEST_PULSE,521003,386.76303476024555,3.316585252701539,129.18076098973242,13,35,0,3,129,21,12,10,100,30,45,0.0,0.15
METROLOGY_CONDITIONED_EIG,521003,444.8676612295174,5.156066921070917,39.700573861497524,12,36,0,4,129,21,12,10,100,30,45,0.0,0.15
NO_PASSIVE,521004,358.1125687054741,3.4332525473083657,445.27923823147125,0,0,0,0,86,21,12,10,100,30,45,0.0,0.15
RANDOM,521004,683.2327025999848,0.4757242170172026,117.94860893975392,15,34,0,1,86,21,12,10,100,30,45,0.0,0.15
HIGHEST_SNR,521004,716.5747051081427,0.9513725979303469,125.00187574525278,9,40,0,1,86,21,12,10,100,30,45,0.0,0.15
SHORTEST_PULSE,521004,697.8924182367145,0.8663326331429813,115.94891350078271,26,23,0,1,86,21,12,10,100,30,45,0.0,0.15
METROLOGY_CONDITIONED_EIG,521004,719.176348470538,0.681529516108789,128.84624037480182,7,42,0,1,86,21,12,10,100,30,45,0.0,0.15
NO_PASSIVE,521005,217.83843828988896,7.268949069355251,445.27923823147125,0,0,0,0,79,21,12,10,100,30,45,0.0,0.15
RANDOM,521005,60.79293149025149,2.9047554102733426,22.327696553278646,38,7,0,0,79,21,12,10,100,30,45,0.0,0.15
HIGHEST_SNR,521005,138.40656107330406,6.883594853828188,66.24880194461997,24,21,0,2,79,21,12,10,100,30,45,0.0,0.15
SHORTEST_PULSE,521005,39.48467791786782,2.304195373630056,19.88507450996709,37,8,0,0,79,21,12,10,100,30,45,0.0,0.15
METROLOGY_CONDITIONED_EIG,521005,65.16405815992084,2.91575552706291,19.34990981610604,39,6,0,0,79,21,12,10,100,30,45,0.0,0.15
NO_PASSIVE,521006,638.7881921306322,1.838951733437149,445.27923823147125,0,0,0,0,88,21,12,10,100,30,45,0.0,0.15
RANDOM,521006,54.700242824856296,3.6809294501257366,29.731710998998743,20,35,0,3,88,21,12,10,100,30,45,0.0,0.15
HIGHEST_SNR,521006,675.8958338262551,1.2323367178157527,106.68681615874694,10,45,0,3,88,21,12,10,100,30,45,0.0,0.15
SHORTEST_PULSE,521006,267.26752361258355,0.3581656294065925,65.20548485246282,9,46,0,2,88,21,12,10,100,30,45,0.0,0.15
METROLOGY_CONDITIONED_EIG,521006,281.02136605163025,0.17179552646357726,63.276615132397176,9,46,0,3,88,21,12,10,100,30,45,0.0,0.15
NO_PASSIVE,521007,212.7288895254792,5.1425391677686925,445.27923823147125,0,0,0,0,123,21,12,10,100,30,45,0.0,0.15
RANDOM,521007,89.3608147972565,3.627595400235243,25.62823851335245,50,10,0,0,123,21,12,10,100,30,45,0.0,0.15
HIGHEST_SNR,521007,48.5780802720269,2.663492417887909,20.121488309605525,49,11,0,1,123,21,12,10,100,30,45,0.0,0.15
SHORTEST_PULSE,521007,110.96616307173353,3.6682632780526387,34.97476288644666,52,8,0,0,123,21,12,10,100,30,45,0.0,0.15
METROLOGY_CONDITIONED_EIG,521007,41.00150346155021,2.3109864430091793,20.083074342420122,51,9,0,1,123,21,12,10,100,30,45,0.0,0.15
NO_PASSIVE,521008,543.2618995089204,5.513382839316316,445.27923823147125,0,0,0,0,21,21,12,10,100,30,45,0.0,0.15
RANDOM,521008,403.6208111855398,5.67055380167762,133.87339430592425,3,18,0,2,21,21,12,10,100,30,45,0.0,0.15
HIGHEST_SNR,521008,403.6208111855398,5.67055380167762,133.87339430592425,3,18,0,2,21,21,12,10,100,30,45,0.0,0.15
SHORTEST_PULSE,521008,403.6208111855398,5.67055380167762,133.87339430592425,3,18,0,2,21,21,12,10,100,30,45,0.0,0.15
METROLOGY_CONDITIONED_EIG,521008,403.6208111855398,5.67055380167762,133.87339430592425,3,18,0,2,21,21,12,10,100,30,45,0.0,0.15
NO_PASSIVE,521009,475.8371502928477,3.4767494726565547,445.27923823147125,0,0,0,0,120,21,12,10,100,30,45,0.0,0.15
RANDOM,521009,62.49089510836574,2.698141782773334,28.858499209298813,45,10,0,3,120,21,12,10,100,30,45,0.0,0.15
HIGHEST_SNR,521009,101.8424434947124,3.636207722071128,39.19033761117262,49,6,0,2,120,21,12,10,100,30,45,0.0,0.15
SHORTEST_PULSE,521009,62.779627568081715,2.848749655417653,23.823228921138867,41,14,0,0,120,21,12,10,100,30,45,0.0,0.15
METROLOGY_CONDITIONED_EIG,521009,64.05281430064841,2.797182295251375,23.087417013702364,42,13,0,1,120,21,12,10,100,30,45,0.0,0.15
NO_PASSIVE,521010,583.9730380217857,3.8289084024881612,445.27923823147125,0,0,0,0,44,21,12,10,100,30,45,0.0,0.15
RANDOM,521010,67.17569802070805,0.8000504132554301,39.7010551717777,36,5,0,2,44,21,12,10,100,30,45,0.0,0.15
HIGHEST_SNR,521010,36.34526438888238,0.641696433064189,39.09599875857698,36,5,0,1,44,21,12,10,100,30,45,0.0,0.15
SHORTEST_PULSE,521010,36.34526438888238,0.641696433064189,39.09599875857698,36,5,0,1,44,21,12,10,100,30,45,0.0,0.15
METROLOGY_CONDITIONED_EIG,521010,36.34526438888238,0.641696433064189,39.09599875857698,36,5,0,1,44,21,12,10,100,30,45,0.0,0.15
NO_PASSIVE,521011,683.1929780859613,4.647685221146095,445.27923823147125,0,0,0,0,22,21,12,10,100,30,45,0.0,0.15
RANDOM,521011,607.0002603020249,4.607628935320068,132.27436275157635,7,15,0,1,22,21,12,10,100,30,45,0.0,0.15
HIGHEST_SNR,521011,607.0002603020249,4.607628935320068,132.27436275157635,7,15,0,1,22,21,12,10,100,30,45,0.0,0.15
SHORTEST_PULSE,521011,607.0002603020249,4.607628935320068,132.27436275157635,7,15,0,1,22,21,12,10,100,30,45,0.0,0.15
METROLOGY_CONDITIONED_EIG,521011,607.0002603020249,4.607628935320068,132.27436275157635,7,15,0,1,22,21,12,10,100,30,45,0.0,0.15
NO_PASSIVE,521012,130.30428063803336,4.179590102678149,445.27923823147125,0,0,0,0,58,21,12,10,100,30,45,0.0,0.15
RANDOM,521012,73.1172012574274,3.4069979322351633,59.78874450831439,33,4,0,2,58,21,12,10,100,30,45,0.0,0.15
HIGHEST_SNR,521012,109.54686093531548,4.846208071464533,81.31981029135413,33,4,0,1,58,21,12,10,100,30,45,0.0,0.15
SHORTEST_PULSE,521012,26.860291828428416,1.6190966855151352,40.45049210218925,35,2,0,1,58,21,12,10,100,30,45,0.0,0.15
METROLOGY_CONDITIONED_EIG,521012,25.56532030122908,1.6247388620114933,40.494928433135236,34,3,0,1,58,21,12,10,100,30,45,0.0,0.15
NO_PASSIVE,521013,663.2149872655094,5.8730754950426585,445.27923823147125,0,0,0,0,52,21,12,10,100,30,45,0.0,0.15
RANDOM,521013,89.13446578362229,3.793709174153873,36.721926920708135,25,10,0,1,52,21,12,10,100,30,45,0.0,0.15
HIGHEST_SNR,521013,21.382758207213765,1.9461261373542724,29.618409806963612,31,4,0,0,52,21,12,10,100,30,45,0.0,0.15
SHORTEST_PULSE,521013,18.717473191140524,2.015382199470616,29.525767242021058,31,4,0,0,52,21,12,10,100,30,45,0.0,0.15
METROLOGY_CONDITIONED_EIG,521013,21.496214942244404,2.1425968876795967,29.663494708170713,31,4,0,0,52,21,12,10,100,30,45,0.0,0.15
NO_PASSIVE,521014,645.8520087424095,5.40686958104096,445.27923823147125,0,0,0,0,41,21,12,10,100,30,45,0.0,0.15
RANDOM,521014,86.30982594758811,3.2109466159459203,52.93631072790354,24,9,0,0,41,21,12,10,100,30,45,0.0,0.15
HIGHEST_SNR,521014,68.58669996217947,2.8295054119529284,61.32389119350773,25,8,0,0,41,21,12,10,100,30,45,0.0,0.15
SHORTEST_PULSE,521014,68.58669996217947,2.8295054119529284,61.32389119350773,25,8,0,0,41,21,12,10,100,30,45,0.0,0.15
METROLOGY_CONDITIONED_EIG,521014,46.03573012664642,2.572923159766379,50.51676718140685,27,6,0,0,41,21,12,10,100,30,45,0.0,0.15
NO_PASSIVE,521015,214.685045100225,3.9818429408326925,445.27923823147125,0,0,0,0,91,21,12,10,100,30,45,0.0,0.15
RANDOM,521015,56.2446993918207,2.6076606596396434,36.1384202674998,41,5,0,1,91,21,12,10,100,30,45,0.0,0.15
HIGHEST_SNR,521015,70.94656926906994,3.181337784274872,30.562005088644067,43,3,0,0,91,21,12,10,100,30,45,0.0,0.15
SHORTEST_PULSE,521015,68.4421644637937,3.2041766524536666,25.50491883709652,42,4,0,0,91,21,12,10,100,30,45,0.0,0.15
METROLOGY_CONDITIONED_EIG,521015,80.96622617889795,3.5048350791590055,27.170509238023662,39,7,0,0,91,21,12,10,100,30,45,0.0,0.15
NO_PASSIVE,521016,161.6618079645832,6.298916533196963,445.27923823147125,0,0,0,0,67,21,12,10,100,30,45,0.0,0.15
RANDOM,521016,50.90457460801727,8.20006685003546,39.71841640245727,37,10,0,2,67,21,12,10,100,30,45,0.0,0.15
HIGHEST_SNR,521016,54.38204978091808,8.008057144639048,39.97350132066595,37,10,0,2,67,21,12,10,100,30,45,0.0,0.15
SHORTEST_PULSE,521016,54.38204978091808,8.008057144639048,39.97350132066595,37,10,0,2,67,21,12,10,100,30,45,0.0,0.15
METROLOGY_CONDITIONED_EIG,521016,46.23009116346158,7.9771878713531414,38.892498747443,37,10,0,3,67,21,12,10,100,30,45,0.0,0.15
NO_PASSIVE,521017,316.40264429118395,6.628272090783762,445.27923823147125,0,0,0,0,68,21,12,10,100,30,45,0.0,0.15
RANDOM,521017,128.1945772943816,4.728132084650223,52.11432541689445,30,5,0,1,68,21,12,10,100,30,45,0.0,0.15
HIGHEST_SNR,521017,207.49417613912087,4.139264942132167,67.32960218403734,34,1,0,1,68,21,12,10,100,30,45,0.0,0.15
SHORTEST_PULSE,521017,107.87770682386656,4.23358245919695,35.24100689024742,32,3,0,0,68,21,12,10,100,30,45,0.0,0.15
METROLOGY_CONDITIONED_EIG,521017,94.10358721933368,4.077581969482199,37.250421456372436,32,3,0,1,68,21,12,10,100,30,45,0.0,0.15
NO_PASSIVE,521018,335.95554099524054,4.275199281775266,445.27923823147125,0,0,0,0,38,21,12,10,100,30,45,0.0,0.15
RANDOM,521018,80.3059461619402,1.7780909198472785,42.67876980529036,23,2,0,1,38,21,12,10,100,30,45,0.0,0.15
HIGHEST_SNR,521018,37.74808485632436,1.519206683354851,35.54145921945222,25,0,0,1,38,21,12,10,100,30,45,0.0,0.15
SHORTEST_PULSE,521018,100.97844089723418,2.2422219223676727,42.704905050247156,23,2,0,1,38,21,12,10,100,30,45,0.0,0.15
METROLOGY_CONDITIONED_EIG,521018,88.59626061764148,2.1510536230103297,36.91216823401976,23,2,0,1,38,21,12,10,100,30,45,0.0,0.15
NO_PASSIVE,521019,233.84551695273154,3.1791686487811814,445.27923823147125,0,0,0,0,34,21,12,10,100,30,45,0.0,0.15
RANDOM,521019,3.7627613728426876,2.0132360543221535,59.787661742754345,30,4,0,0,34,21,12,10,100,30,45,0.0,0.15
HIGHEST_SNR,521019,3.7627613728426876,2.0132360543221535,59.787661742754345,30,4,0,0,34,21,12,10,100,30,45,0.0,0.15
SHORTEST_PULSE,521019,3.7627613728426876,2.0132360543221535,59.787661742754345,30,4,0,0,34,21,12,10,100,30,45,0.0,0.15
METROLOGY_CONDITIONED_EIG,521019,3.7627613728426876,2.0132360543221535,59.787661742754345,30,4,0,0,34,21,12,10,100,30,45,0.0,0.15
NO_PASSIVE,521020,744.5426021655207,3.0254629543623155,445.27923823147125,0,0,0,0,30,21,12,10,100,30,45,0.0,0.15
RANDOM,521020,162.99076761871996,4.864523452171755,56.39149858242648,26,3,0,2,30,21,12,10,100,30,45,0.0,0.15
HIGHEST_SNR,521020,161.41597247520855,4.835684907359611,56.55170765712329,26,3,0,2,30,21,12,10,100,30,45,0.0,0.15
SHORTEST_PULSE,521020,162.99076761871996,4.864523452171755,56.39149858242648,26,3,0,2,30,21,12,10,100,30,45,0.0,0.15
METROLOGY_CONDITIONED_EIG,521020,162.99076761871996,4.864523452171755,56.39149858242648,26,3,0,2,30,21,12,10,100,30,45,0.0,0.15
NO_PASSIVE,521021,609.0609201042934,6.807302532494516,445.27923823147125,0,0,0,0,53,21,12,10,100,30,45,0.0,0.15
RANDOM,521021,67.12812043796278,3.5228869882302583,38.87962301826693,29,2,0,1,53,21,12,10,100,30,45,0.0,0.15
HIGHEST_SNR,521021,58.54029300175455,3.868058428140241,46.128566036098476,28,3,0,1,53,21,12,10,100,30,45,0.0,0.15
SHORTEST_PULSE,521021,58.54029300175455,3.868058428140241,46.128566036098476,28,3,0,1,53,21,12,10,100,30,45,0.0,0.15
METROLOGY_CONDITIONED_EIG,521021,64.29790921041676,3.950007058383776,36.788147383340664,27,4,0,1,53,21,12,10,100,30,45,0.0,0.15
NO_PASSIVE,521022,347.1631114570891,3.1548189977860273,445.27923823147125,0,0,0,0,66,21,12,10,100,30,45,0.0,0.15
RANDOM,521022,77.73478773601232,2.804774228690671,29.91417061923083,35,7,0,0,66,21,12,10,100,30,45,0.0,0.15
HIGHEST_SNR,521022,52.20680144718716,2.2987116779407657,35.690144296419916,34,8,0,0,66,21,12,10,100,30,45,0.0,0.15
SHORTEST_PULSE,521022,57.799089748656975,2.3607795378991647,32.17623717511599,36,6,0,0,66,21,12,10,100,30,45,0.0,0.15
METROLOGY_CONDITIONED_EIG,521022,54.8236456425308,2.2149284245236274,25.985532672945006,36,6,0,0,66,21,12,10,100,30,45,0.0,0.15
NO_PASSIVE,521023,832.1416161255596,3.2187767823524127,445.27923823147125,0,0,0,0,18,21,12,10,100,30,45,0.0,0.15
RANDOM,521023,939.5312197439703,3.2197744245061055,331.6138225660969,1,17,0,1,18,21,12,10,100,30,45,0.0,0.15
HIGHEST_SNR,521023,939.5312197439703,3.2197744245061055,331.6138225660969,1,17,0,1,18,21,12,10,100,30,45,0.0,0.15
SHORTEST_PULSE,521023,939.5312197439703,3.2197744245061055,331.6138225660969,1,17,0,1,18,21,12,10,100,30,45,0.0,0.15
METROLOGY_CONDITIONED_EIG,521023,939.5312197439703,3.2197744245061055,331.6138225660969,1,17,0,1,18,21,12,10,100,30,45,0.0,0.15
NO_PASSIVE,521024,405.55579818976173,6.05579516913464,445.27923823147125,0,0,0,0,189,21,12,10,100,30,45,0.0,0.15
RANDOM,521024,36.74217517976619,1.4551563171839617,17.47518207976478,53,7,0,0,189,21,12,10,100,30,45,0.0,0.15
HIGHEST_SNR,521024,26.930780778352208,1.4777634896815641,20.895166263335526,52,8,0,0,189,21,12,10,100,30,45,0.0,0.15
SHORTEST_PULSE,521024,114.26244198014255,7.017548966207479,22.42198399944099,35,25,0,1,189,21,12,10,100,30,45,0.0,0.15
METROLOGY_CONDITIONED_EIG,521024,161.30539644142493,6.669583693363623,28.673538832211783,19,41,0,1,189,21,12,10,100,30,45,0.0,0.15
NO_PASSIVE,521025,387.12809936432774,6.795900890578431,445.27923823147125,0,0,0,0,151,21,12,10,100,30,45,0.0,0.15
RANDOM,521025,32.80312237552434,2.0950337487050095,22.75893425834201,37,11,0,0,151,21,12,10,100,30,45,0.0,0.15
HIGHEST_SNR,521025,11.842585738356943,1.7588617243800528,38.49816634465855,39,9,0,1,151,21,12,10,100,30,45,0.0,0.15
SHORTEST_PULSE,521025,54.67086168326571,2.707951892817559,15.98318699674562,37,11,0,0,151,21,12,10,100,30,45,0.0,0.15
METROLOGY_CONDITIONED_EIG,521025,53.95512261684202,2.749128621964655,16.15151146046841,36,12,0,0,151,21,12,10,100,30,45,0.0,0.15
NO_PASSIVE,521026,178.52798791942223,3.9925757528556156,445.27923823147125,0,0,0,0,71,21,12,10,100,30,45,0.0,0.15
RANDOM,521026,32.91484922508956,1.8359812699272142,26.135344380894534,29,7,0,0,71,21,12,10,100,30,45,0.0,0.15
HIGHEST_SNR,521026,48.79884441486449,2.0874358232820427,25.864025069671733,34,2,0,0,71,21,12,10,100,30,45,0.0,0.15
SHORTEST_PULSE,521026,25.01544773560769,1.1775755222000441,21.13713854789446,31,5,0,0,71,21,12,10,100,30,45,0.0,0.15
METROLOGY_CONDITIONED_EIG,521026,32.5367537565102,1.375820325349372,20.625283575621676,33,3,0,0,71,21,12,10,100,30,45,0.0,0.15
NO_PASSIVE,521027,201.85131562097163,1.7392962264804346,445.27923823147125,0,0,0,0,90,21,12,10,100,30,45,0.0,0.15
RANDOM,521027,78.44957103210614,5.13588901476643,39.26189835707416,35,17,0,1,90,21,12,10,100,30,45,0.0,0.15
HIGHEST_SNR,521027,40.52793209194909,5.239772593172187,47.2008500909515,36,16,0,2,90,21,12,10,100,30,45,0.0,0.15
SHORTEST_PULSE,521027,54.808740817855934,1.5578941815720935,29.88628592363334,47,5,0,0,90,21,12,10,100,30,45,0.0,0.15
METROLOGY_CONDITIONED_EIG,521027,68.97457752819307,2.062393022603172,29.381308072121026,49,3,0,0,90,21,12,10,100,30,45,0.0,0.15
NO_PASSIVE,521028,919.2836305811284,5.941878704775903,445.27923823147125,0,0,0,0,190,21,12,10,100,30,45,0.0,0.15
RANDOM,521028,14.669951473152667,7.286920723332097,22.964689494873642,23,37,0,3,190,21,12,10,100,30,45,0.0,0.15
HIGHEST_SNR,521028,95.48883866757615,4.121255267637612,29.598123529666353,50,10,0,4,190,21,12,10,100,30,45,0.0,0.15
SHORTEST_PULSE,521028,731.3361830327639,7.297807133255039,63.753129315246724,17,43,0,2,190,21,12,10,100,30,45,0.0,0.15
METROLOGY_CONDITIONED_EIG,521028,351.5504974477181,4.833333490613164,84.77112796655098,5,55,0,2,190,21,12,10,100,30,45,0.0,0.15
NO_PASSIVE,521029,486.24096650581686,1.6693553383364683,445.27923823147125,0,0,0,0,38,21,12,10,100,30,45,0.0,0.15
RANDOM,521029,73.05946960050441,3.588427598721816,49.721795584926326,24,8,0,2,38,21,12,10,100,30,45,0.0,0.15
HIGHEST_SNR,521029,37.28978345273217,2.39579041837678,71.71295065217085,24,8,0,2,38,21,12,10,100,30,45,0.0,0.15
SHORTEST_PULSE,521029,89.87595345188328,4.363872107879021,46.79684304260602,25,7,0,2,38,21,12,10,100,30,45,0.0,0.15
METROLOGY_CONDITIONED_EIG,521029,89.50752894176819,4.37759411124377,46.84517248323324,25,7,0,2,38,21,12,10,100,30,45,0.0,0.15
NO_PASSIVE,522000,668.8501652399074,2.1922527802913536,445.27923823147125,0,0,0,0,63,22,12,10,100,30,45,0.05,0.0
RANDOM,522000,16.24127667697495,1.3905670907965497,37.72755287014434,39,2,0,0,63,22,12,10,100,30,45,0.05,0.0
HIGHEST_SNR,522000,5.244035115965094,1.1627656316316288,38.395572130107624,39,2,0,0,63,22,12,10,100,30,45,0.05,0.0
SHORTEST_PULSE,522000,18.812942724768508,1.2904859725060882,38.39889516675537,38,3,0,0,63,22,12,10,100,30,45,0.05,0.0
METROLOGY_CONDITIONED_EIG,522000,14.653222161504578,0.949933794047045,34.4878856795439,38,3,0,0,63,22,12,10,100,30,45,0.05,0.0
NO_PASSIVE,522001,537.5900429317602,5.054929889203769,445.27923823147125,0,0,0,0,126,22,12,10,100,30,45,0.05,0.0
RANDOM,522001,57.88227449829748,2.8648822105668192,23.27104023450649,52,4,0,0,126,22,12,10,100,30,45,0.05,0.0
HIGHEST_SNR,522001,38.502274745860106,2.545494583811151,22.833834750728204,50,6,0,0,126,22,12,10,100,30,45,0.05,0.0
SHORTEST_PULSE,522001,56.81532241438674,2.6649946414501966,23.794412669907807,49,7,0,0,126,22,12,10,100,30,45,0.05,0.0
METROLOGY_CONDITIONED_EIG,522001,55.41401006650083,2.665497844100858,19.694025111279693,49,7,0,0,126,22,12,10,100,30,45,0.05,0.0
NO_PASSIVE,522002,328.41048335853117,3.7843251203031354,445.27923823147125,0,0,0,0,105,22,12,10,100,30,45,0.05,0.0
RANDOM,522002,39.20239590466209,2.1562597118956512,25.69100217863184,50,4,0,0,105,22,12,10,100,30,45,0.05,0.0
HIGHEST_SNR,522002,39.216306493452656,2.718154189611187,42.05479274043192,52,2,0,0,105,22,12,10,100,30,45,0.05,0.0
SHORTEST_PULSE,522002,40.55859360674035,1.8413335345770652,17.721560718468716,49,5,0,0,105,22,12,10,100,30,45,0.05,0.0
METROLOGY_CONDITIONED_EIG,522002,40.341569279441316,1.8497624168866544,17.717304804614347,49,5,0,0,105,22,12,10,100,30,45,0.05,0.0
NO_PASSIVE,522003,81.22547243606871,5.922287642079197,445.27923823147125,0,0,0,0,42,22,12,10,100,30,45,0.05,0.0
RANDOM,522003,20.374385699414947,1.6947974554377434,22.253061910130704,28,2,0,0,42,22,12,10,100,30,45,0.05,0.0
HIGHEST_SNR,522003,32.04667276242966,1.8754696956347767,22.53387109082282,27,3,0,0,42,22,12,10,100,30,45,0.05,0.0
SHORTEST_PULSE,522003,22.109638676969123,1.7147692778652677,22.10433822981091,28,2,0,0,42,22,12,10,100,30,45,0.05,0.0
METROLOGY_CONDITIONED_EIG,522003,20.865777149988432,1.637025017961675,22.228164869789627,27,3,0,0,42,22,12,10,100,30,45,0.05,0.0
NO_PASSIVE,522004,282.1513718207565,4.971775018975859,445.27923823147125,0,0,0,0,58,22,12,10,100,30,45,0.05,0.0
RANDOM,522004,66.18942839605401,2.99794569740755,27.996711106746794,32,2,0,0,58,22,12,10,100,30,45,0.05,0.0
HIGHEST_SNR,522004,76.05778381368827,4.319688251455097,39.21447974635523,31,3,0,0,58,22,12,10,100,30,45,0.05,0.0
SHORTEST_PULSE,522004,68.40907017828776,3.244341922330058,38.60109843150045,32,2,0,0,58,22,12,10,100,30,45,0.05,0.0
METROLOGY_CONDITIONED_EIG,522004,48.867345934361886,2.5876131634521387,26.12395324721398,32,2,0,0,58,22,12,10,100,30,45,0.05,0.0
NO_PASSIVE,522005,320.45934429282295,3.6489157665378107,445.27923823147125,0,0,0,0,42,22,12,10,100,30,45,0.05,0.0
RANDOM,522005,29.832021654222032,2.4761013825026774,54.29091229063185,33,4,0,0,42,22,12,10,100,30,45,0.05,0.0
HIGHEST_SNR,522005,37.09601042300574,2.6292896832067147,54.80081030313781,34,3,0,0,42,22,12,10,100,30,45,0.05,0.0
SHORTEST_PULSE,522005,35.65050723379198,2.603220850571261,55.25107909315975,33,4,0,0,42,22,12,10,100,30,45,0.05,0.0
METROLOGY_CONDITIONED_EIG,522005,28.202375907153456,2.1289050692122578,51.66809945942787,33,4,0,0,42,22,12,10,100,30,45,0.05,0.0
NO_PASSIVE,522006,523.5694311275082,4.167096167631669,445.27923823147125,0,0,0,0,121,22,12,10,100,30,45,0.05,0.0
RANDOM,522006,82.32600523912986,2.837387748268173,31.464610019049317,51,6,0,0,121,22,12,10,100,30,45,0.05,0.0
HIGHEST_SNR,522006,37.38193300909408,1.2167540585248924,52.36455404038133,53,4,0,0,121,22,12,10,100,30,45,0.05,0.0
SHORTEST_PULSE,522006,131.22944484633146,3.7280376130326784,33.16439787354996,49,8,0,0,121,22,12,10,100,30,45,0.05,0.0
METROLOGY_CONDITIONED_EIG,522006,68.69325535124783,2.4550156016658486,23.426822327062006,49,8,0,0,121,22,12,10,100,30,45,0.05,0.0
NO_PASSIVE,522007,373.83989735504167,2.4117627088608216,445.27923823147125,0,0,0,0,120,22,12,10,100,30,45,0.05,0.0
RANDOM,522007,52.70449814695731,1.9138933845197803,36.0685079404639,53,4,0,0,120,22,12,10,100,30,45,0.05,0.0
HIGHEST_SNR,522007,41.05742368944088,2.314789488313267,36.68909926215653,52,5,0,0,120,22,12,10,100,30,45,0.05,0.0
SHORTEST_PULSE,522007,72.42517627605363,3.5119140884578286,36.70865081951586,52,5,0,0,120,22,12,10,100,30,45,0.05,0.0
METROLOGY_CONDITIONED_EIG,522007,24.091181913117254,0.3333170088447237,30.66548415614143,54,3,0,0,120,22,12,10,100,30,45,0.05,0.0
NO_PASSIVE,522008,523.0075533014931,4.529244848647959,445.27923823147125,0,0,0,0,16,22,12,10,100,30,45,0.05,0.0
RANDOM,522008,116.82007549118642,4.90162842456932,87.26983357181403,16,0,0,0,16,22,12,10,100,30,45,0.05,0.0
HIGHEST_SNR,522008,116.82007549118642,4.90162842456932,87.26983357181403,16,0,0,0,16,22,12,10,100,30,45,0.05,0.0
SHORTEST_PULSE,522008,116.82007549118642,4.90162842456932,87.26983357181403,16,0,0,0,16,22,12,10,100,30,45,0.05,0.0
METROLOGY_CONDITIONED_EIG,522008,116.82007549118642,4.90162842456932,87.26983357181403,16,0,0,0,16,22,12,10,100,30,45,0.05,0.0
NO_PASSIVE,522009,679.8175747528372,3.279604322478195,445.27923823147125,0,0,0,0,51,22,12,10,100,30,45,0.05,0.0
RANDOM,522009,43.33443891368049,3.6206962871026445,27.528380767781243,29,4,0,0,51,22,12,10,100,30,45,0.05,0.0
HIGHEST_SNR,522009,19.882781742563786,2.9865793502373266,31.98545929060036,28,5,0,0,51,22,12,10,100,30,45,0.05,0.0
SHORTEST_PULSE,522009,29.36066335533742,3.46986466416764,26.106113676760142,30,3,0,0,51,22,12,10,100,30,45,0.05,0.0
METROLOGY_CONDITIONED_EIG,522009,30.58111304518666,3.2345529561435877,26.611346011046614,30,3,0,0,51,22,12,10,100,30,45,0.05,0.0
NO_PASSIVE,522010,417.6195171764413,3.3468304428333884,445.27923823147125,0,0,0,0,64,22,12,10,100,30,45,0.05,0.0
RANDOM,522010,61.549216765270614,2.9561327433429914,55.83777554394233,33,4,0,0,64,22,12,10,100,30,45,0.05,0.0
HIGHEST_SNR,522010,71.78923948954018,2.3278470126522017,69.01216191346238,33,4,0,0,64,22,12,10,100,30,45,0.05,0.0
SHORTEST_PULSE,522010,71.78923948954018,2.3278470126522017,69.01216191346238,33,4,0,0,64,22,12,10,100,30,45,0.05,0.0
METROLOGY_CONDITIONED_EIG,522010,45.21686473163153,2.433823475187739,47.27396732451281,33,4,0,0,64,22,12,10,100,30,45,0.05,0.0
NO_PASSIVE,522011,387.2815579593706,3.404145370270345,445.27923823147125,0,0,0,0,90,22,12,10,100,30,45,0.05,0.0
RANDOM,522011,50.28920252420774,2.153792422524603,24.81620423685221,44,3,0,0,90,22,12,10,100,30,45,0.05,0.0
HIGHEST_SNR,522011,65.24662474403095,2.584044551556367,33.66893048422956,45,2,0,0,90,22,12,10,100,30,45,0.05,0.0
SHORTEST_PULSE,522011,39.96604052149882,1.9878264036259248,23.65682756997152,41,6,0,0,90,22,12,10,100,30,45,0.05,0.0
METROLOGY_CONDITIONED_EIG,522011,38.08076000397698,1.9797034506396458,23.42037164197444,43,4,0,0,90,22,12,10,100,30,45,0.05,0.0
NO_PASSIVE,522012,60.238047988306455,3.7085033222497423,445.27923823147125,0,0,0,0,36,22,12,10,100,30,45,0.05,0.0
RANDOM,522012,41.2359156034477,2.243943851629734,48.96053995001665,30,3,0,0,36,22,12,10,100,30,45,0.05,0.0
HIGHEST_SNR,522012,42.47017109377392,2.398750641064732,49.20205678082555,30,3,0,0,36,22,12,10,100,30,45,0.05,0.0
SHORTEST_PULSE,522012,65.15813500978808,2.9167242979652785,40.44932568506846,30,3,0,0,36,22,12,10,100,30,45,0.05,0.0
METROLOGY_CONDITIONED_EIG,522012,63.615128633804886,2.756684820232889,40.337345515909234,30,3,0,0,36,22,12,10,100,30,45,0.05,0.0
NO_PASSIVE,522013,375.85225073054755,2.614807940273566,445.27923823147125,0,0,0,0,72,22,12,10,100,30,45,0.05,0.0
RANDOM,522013,18.94066289935214,1.3361614417052061,25.47564992989671,47,3,0,0,72,22,12,10,100,30,45,0.05,0.0
HIGHEST_SNR,522013,25.60883329945205,1.3294304598486912,23.319091262779043,46,4,0,0,72,22,12,10,100,30,45,0.05,0.0
SHORTEST_PULSE,522013,19.12816384172452,1.2744750372834959,23.992310179030916,46,4,0,0,72,22,12,10,100,30,45,0.05,0.0
METROLOGY_CONDITIONED_EIG,522013,16.912163934599477,1.2986227031226867,23.050932573155947,46,4,0,0,72,22,12,10,100,30,45,0.05,0.0
NO_PASSIVE,522014,289.5866185366612,6.8130707886932695,445.27923823147125,0,0,0,0,69,22,12,10,100,30,45,0.05,0.0
RANDOM,522014,94.63237323759196,4.589660806074572,34.75956820378229,42,5,0,0,69,22,12,10,100,30,45,0.05,0.0
HIGHEST_SNR,522014,106.91209422918641,5.363974010539077,49.78617868236556,43,4,0,0,69,22,12,10,100,30,45,0.05,0.0
SHORTEST_PULSE,522014,106.46305653589376,4.939489907925617,32.31858787094004,42,5,0,0,69,22,12,10,100,30,45,0.05,0.0
METROLOGY_CONDITIONED_EIG,522014,89.85557706487519,3.684136843748316,31.212576189466677,41,6,0,0,69,22,12,10,100,30,45,0.05,0.0
NO_PASSIVE,522015,52.79798640119894,7.558932095240202,445.27923823147125,0,0,0,0,22,22,12,10,100,30,45,0.05,0.0
RANDOM,522015,104.54067021357284,5.213777961506989,43.63952774270268,16,1,0,0,22,22,12,10,100,30,45,0.05,0.0
HIGHEST_SNR,522015,98.7413374060108,4.857811434832864,42.87762529591827,17,0,0,0,22,22,12,10,100,30,45,0.05,0.0
SHORTEST_PULSE,522015,99.51454072047004,5.03028424327537,42.874952987994355,17,0,0,0,22,22,12,10,100,30,45,0.05,0.0
METROLOGY_CONDITIONED_EIG,522015,54.20310039069091,3.8181145116637283,36.47961250748818,17,0,0,0,22,22,12,10,100,30,45,0.05,0.0
NO_PASSIVE,522016,299.44483902908974,3.5803882870769708,445.27923823147125,0,0,0,0,107,22,12,10,100,30,45,0.05,0.0
RANDOM,522016,43.582452289668716,1.7535618613988107,21.80438889153121,56,0,1,0,107,22,12,10,100,30,45,0.05,0.0
HIGHEST_SNR,522016,36.36868360312965,1.7591670706024223,24.514214663567703,55,1,2,0,107,22,12,10,100,30,45,0.05,0.0
SHORTEST_PULSE,522016,67.72725527401151,2.7067919119368287,18.583761745559215,53,3,2,0,107,22,12,10,100,30,45,0.05,0.0
METROLOGY_CONDITIONED_EIG,522016,41.133879690779196,1.7723325872717586,17.352700327698198,54,2,1,0,107,22,12,10,100,30,45,0.05,0.0
NO_PASSIVE,522017,477.7541377864702,5.17331120559623,445.27923823147125,0,0,0,0,109,22,12,10,100,30,45,0.05,0.0
RANDOM,522017,20.355535357884758,0.753274998400975,18.13325461515764,52,2,0,0,109,22,12,10,100,30,45,0.05,0.0
HIGHEST_SNR,522017,33.05979186182528,1.6511058907660328,19.727386033368482,53,1,0,0,109,22,12,10,100,30,45,0.05,0.0
SHORTEST_PULSE,522017,22.23180739259307,0.9168951758275378,17.595561122565325,52,2,0,0,109,22,12,10,100,30,45,0.05,0.0
METROLOGY_CONDITIONED_EIG,522017,26.464614946108643,0.9783385588848948,17.447108370158116,52,2,0,0,109,22,12,10,100,30,45,0.05,0.0
NO_PASSIVE,522018,378.5683087036267,4.794454931838231,445.27923823147125,0,0,0,0,27,22,12,10,100,30,45,0.05,0.0
RANDOM,522018,52.196773357735715,2.200353404163168,53.08409514682753,21,1,0,0,27,22,12,10,100,30,45,0.05,0.0
HIGHEST_SNR,522018,48.58760903911821,2.367617970047294,59.676873267105925,21,1,0,0,27,22,12,10,100,30,45,0.05,0.0
SHORTEST_PULSE,522018,45.62036389955119,2.2699657431945957,46.14144858890841,21,1,0,0,27,22,12,10,100,30,45,0.05,0.0
METROLOGY_CONDITIONED_EIG,522018,49.96526562429297,2.8319527756813105,46.248591172279625,21,1,0,0,27,22,12,10,100,30,45,0.05,0.0
NO_PASSIVE,522019,441.73485714506563,5.037494257503961,445.27923823147125,0,0,0,0,46,22,12,10,100,30,45,0.05,0.0
RANDOM,522019,40.05428045153876,2.3794065323425313,32.299565959307515,30,3,0,0,46,22,12,10,100,30,45,0.05,0.0
HIGHEST_SNR,522019,115.44579203909623,3.5355082414993797,60.70364523324025,31,2,0,0,46,22,12,10,100,30,45,0.05,0.0
SHORTEST_PULSE,522019,45.29974363427167,2.4197227653510756,31.529456697536837,31,2,0,0,46,22,12,10,100,30,45,0.05,0.0
METROLOGY_CONDITIONED_EIG,522019,42.3330506461353,2.3958172741149455,32.31171989509871,31,2,0,0,46,22,12,10,100,30,45,0.05,0.0
NO_PASSIVE,522020,384.0521169493658,7.153302698908626,445.27923823147125,0,0,0,0,99,22,12,10,100,30,45,0.05,0.0
RANDOM,522020,67.11850190979673,3.1256395954267076,19.867638795518825,51,1,0,0,99,22,12,10,100,30,45,0.05,0.0
HIGHEST_SNR,522020,67.70753663088487,3.339025436250278,21.360913514624965,50,2,0,0,99,22,12,10,100,30,45,0.05,0.0
SHORTEST_PULSE,522020,72.40514533716521,3.2288251383012607,20.44607554688347,49,3,0,0,99,22,12,10,100,30,45,0.05,0.0
METROLOGY_CONDITIONED_EIG,522020,67.12263395810133,3.104351027580831,19.636045375344068,50,2,0,0,99,22,12,10,100,30,45,0.05,0.0
NO_PASSIVE,522021,699.6277998118885,6.28878674415394,445.27923823147125,0,0,0,0,68,22,12,10,100,30,45,0.05,0.0
RANDOM,522021,163.26678971620714,5.182187728690994,52.75290735866307,33,2,0,0,68,22,12,10,100,30,45,0.05,0.0
HIGHEST_SNR,522021,244.2368594465023,5.055590416316984,70.49465855758291,34,1,0,0,68,22,12,10,100,30,45,0.05,0.0
SHORTEST_PULSE,522021,103.07199384892756,3.477002026931068,44.63711791069931,31,4,0,0,68,22,12,10,100,30,45,0.05,0.0
METROLOGY_CONDITIONED_EIG,522021,88.79675899284328,3.2774520269083833,33.55832297357905,32,3,0,0,68,22,12,10,100,30,45,0.05,0.0
NO_PASSIVE,522022,66.91073577884819,4.354213333153899,445.27923823147125,0,0,0,0,147,22,12,10,100,30,45,0.05,0.0
RANDOM,522022,84.01981476021514,3.224747649505762,24.444000717085444,48,12,0,0,147,22,12,10,100,30,45,0.05,0.0
HIGHEST_SNR,522022,114.58297675227762,3.886725464764907,36.47605038383717,46,14,0,0,147,22,12,10,100,30,45,0.05,0.0
SHORTEST_PULSE,522022,149.03833368020113,5.011526572327163,27.504243892210212,51,9,0,0,147,22,12,10,100,30,45,0.05,0.0
METROLOGY_CONDITIONED_EIG,522022,50.30120567321132,2.1829309473822884,16.585194783716847,56,4,0,0,147,22,12,10,100,30,45,0.05,0.0
NO_PASSIVE,522023,536.9032706716652,6.059484910518827,445.27923823147125,0,0,0,0,100,22,12,10,100,30,45,0.05,0.0
RANDOM,522023,29.167880623273383,1.7560687650689715,31.145848601390952,49,2,0,0,100,22,12,10,100,30,45,0.05,0.0
HIGHEST_SNR,522023,17.476892823609475,2.1045071575227228,47.1277063600927,50,1,0,0,100,22,12,10,100,30,45,0.05,0.0
SHORTEST_PULSE,522023,30.6996972076375,1.7041779487433752,32.73337596959331,50,1,0,0,100,22,12,10,100,30,45,0.05,0.0
METROLOGY_CONDITIONED_EIG,522023,12.661301991025548,1.6558567594225273,29.48410024885023,47,4,0,0,100,22,12,10,100,30,45,0.05,0.0
NO_PASSIVE,522024,114.98310968961759,5.291064597722802,445.27923823147125,0,0,0,0,36,22,12,10,100,30,45,0.05,0.0
RANDOM,522024,151.94850078898284,4.5660394379006615,80.97810350860657,34,1,0,0,36,22,12,10,100,30,45,0.05,0.0
HIGHEST_SNR,522024,102.50364979918866,5.266905824545906,89.68845253516615,34,1,0,0,36,22,12,10,100,30,45,0.05,0.0
SHORTEST_PULSE,522024,151.94850078898284,4.5660394379006615,80.97810350860657,34,1,0,0,36,22,12,10,100,30,45,0.05,0.0
METROLOGY_CONDITIONED_EIG,522024,151.94850078898284,4.5660394379006615,80.97810350860657,34,1,0,0,36,22,12,10,100,30,45,0.05,0.0
NO_PASSIVE,522025,341.907007183312,5.722282112199676,445.27923823147125,0,0,0,0,90,22,12,10,100,30,45,0.05,0.0
RANDOM,522025,75.77580421504739,4.863861035896993,39.36592542956812,52,3,0,0,90,22,12,10,100,30,45,0.05,0.0
HIGHEST_SNR,522025,71.56689740748025,4.544997004251308,38.48387700535755,51,4,0,0,90,22,12,10,100,30,45,0.05,0.0
SHORTEST_PULSE,522025,20.909098763400078,3.5610962967991098,24.403373289849824,50,5,0,0,90,22,12,10,100,30,45,0.05,0.0
METROLOGY_CONDITIONED_EIG,522025,31.61545151268505,3.648013249025441,24.00733332118557,50,5,0,0,90,22,12,10,100,30,45,0.05,0.0
NO_PASSIVE,522026,241.5641818325564,4.796867125091144,445.27923823147125,0,0,0,0,135,22,12,10,100,30,45,0.05,0.0
RANDOM,522026,31.433446534273795,1.6805952513128766,28.382072514602598,56,4,0,0,135,22,12,10,100,30,45,0.05,0.0
HIGHEST_SNR,522026,54.525470571886174,2.553640840689092,37.978574543037325,54,6,0,0,135,22,12,10,100,30,45,0.05,0.0
SHORTEST_PULSE,522026,35.11850725700374,1.8155252520013676,27.870546852632728,54,6,0,0,135,22,12,10,100,30,45,0.05,0.0
METROLOGY_CONDITIONED_EIG,522026,41.344333439594955,1.6259850305314758,26.60351013533299,52,8,0,0,135,22,12,10,100,30,45,0.05,0.0
NO_PASSIVE,522027,877.9866829062399,2.698375379588939,445.27923823147125,0,0,0,0,69,22,12,10,100,30,45,0.05,0.0
RANDOM,522027,86.78753634725453,3.3917332827829827,29.254742218313233,37,7,0,0,69,22,12,10,100,30,45,0.05,0.0
HIGHEST_SNR,522027,48.387472903131105,2.406327191063113,34.54880466777869,36,8,0,0,69,22,12,10,100,30,45,0.05,0.0
SHORTEST_PULSE,522027,96.38399642946867,3.198338739530751,28.281225836176585,37,7,0,0,69,22,12,10,100,30,45,0.05,0.0
METROLOGY_CONDITIONED_EIG,522027,64.8940828070939,2.319192037422367,27.705691163448396,37,7,0,0,69,22,12,10,100,30,45,0.05,0.0
NO_PASSIVE,522028,365.64206212033656,5.62092437950449,445.27923823147125,0,0,0,0,71,22,12,10,100,30,45,0.05,0.0
RANDOM,522028,41.96208951649406,2.9239001888519454,21.739812764623426,47,3,0,0,71,22,12,10,100,30,45,0.05,0.0
HIGHEST_SNR,522028,47.838549914789674,2.8941736179537476,23.958352028139423,47,3,0,0,71,22,12,10,100,30,45,0.05,0.0
SHORTEST_PULSE,522028,32.83723464141678,2.642996969325671,17.039670831764557,47,3,0,0,71,22,12,10,100,30,45,0.05,0.0
METROLOGY_CONDITIONED_EIG,522028,33.328588076210785,2.682294685602858,17.03382540613662,47,3,0,0,71,22,12,10,100,30,45,0.05,0.0
NO_PASSIVE,522029,587.1839854652769,5.4190298601281635,445.27923823147125,0,0,0,0,23,22,12,10,100,30,45,0.05,0.0
RANDOM,522029,648.5961071725974,5.143923697992357,309.3657876882605,21,2,0,0,23,22,12,10,100,30,45,0.05,0.0
HIGHEST_SNR,522029,648.5961071725974,5.143923697992357,309.3657876882605,21,2,0,0,23,22,12,10,100,30,45,0.05,0.0
SHORTEST_PULSE,522029,648.5961071725974,5.143923697992357,309.3657876882605,21,2,0,0,23,22,12,10,100,30,45,0.05,0.0
METROLOGY_CONDITIONED_EIG,522029,648.5961071725974,5.143923697992357,309.3657876882605,21,2,0,0,23,22,12,10,100,30,45,0.05,0.0
NO_PASSIVE,523000,350.49215339551927,5.791936600210652,445.27923823147125,0,0,0,0,56,23,12,10,100,30,45,0.05,0.05
RANDOM,523000,30.747521538751382,1.8825540338196085,21.605168561513604,34,5,0,0,56,23,12,10,100,30,45,0.05,0.05
HIGHEST_SNR,523000,44.851578466867785,2.234717329414985,23.25732972810462,33,6,0,0,56,23,12,10,100,30,45,0.05,0.05
SHORTEST_PULSE,523000,27.631733890639037,1.8625804058970163,18.61252506755363,33,6,0,0,56,23,12,10,100,30,45,0.05,0.05
METROLOGY_CONDITIONED_EIG,523000,28.241104597875335,1.849006118872243,18.67132807121966,33,6,0,0,56,23,12,10,100,30,45,0.05,0.05
NO_PASSIVE,523001,670.4530166866645,5.059851500506283,445.27923823147125,0,0,0,0,54,23,12,10,100,30,45,0.05,0.05
RANDOM,523001,55.148705187426486,3.1720544014473364,39.66414338443515,40,8,1,0,54,23,12,10,100,30,45,0.05,0.05
HIGHEST_SNR,523001,53.86305799122762,3.3043383425785047,39.6644791370461,39,9,1,0,54,23,12,10,100,30,45,0.05,0.05
SHORTEST_PULSE,523001,69.38907870626119,3.491441096850932,41.40400544369949,40,8,1,0,54,23,12,10,100,30,45,0.05,0.05
METROLOGY_CONDITIONED_EIG,523001,57.08241782139334,3.448710690269376,40.790569692752285,40,8,1,0,54,23,12,10,100,30,45,0.05,0.05
NO_PASSIVE,523002,820.402357786856,5.626776507010792,445.27923823147125,0,0,0,0,37,23,12,10,100,30,45,0.05,0.05
RANDOM,523002,115.78903627350854,4.401992784787447,53.46458071840313,32,2,0,0,37,23,12,10,100,30,45,0.05,0.05
HIGHEST_SNR,523002,110.64258187083622,4.318778399827405,53.570326321759254,32,2,0,0,37,23,12,10,100,30,45,0.05,0.05
SHORTEST_PULSE,523002,112.2425998930935,4.354238382253122,53.41982052678003,32,2,0,0,37,23,12,10,100,30,45,0.05,0.05
METROLOGY_CONDITIONED_EIG,523002,115.78903627350854,4.401992784787447,53.46458071840313,32,2,0,0,37,23,12,10,100,30,45,0.05,0.05
NO_PASSIVE,523003,611.9982022853999,8.362423882099067,445.27923823147125,0,0,0,0,72,23,12,10,100,30,45,0.05,0.05
RANDOM,523003,105.69508297359384,4.843168191541051,36.9548825250495,47,3,0,1,72,23,12,10,100,30,45,0.05,0.05
HIGHEST_SNR,523003,93.35505161956969,4.37229605559596,38.2469781125225,45,5,0,1,72,23,12,10,100,30,45,0.05,0.05
SHORTEST_PULSE,523003,114.96553224719612,5.430967881726301,37.02457489249498,46,4,0,1,72,23,12,10,100,30,45,0.05,0.05
METROLOGY_CONDITIONED_EIG,523003,158.07205564283723,6.051470195243974,36.17283188996314,47,3,0,2,72,23,12,10,100,30,45,0.05,0.05
NO_PASSIVE,523004,434.1468290935423,1.8150591399896983,445.27923823147125,0,0,0,0,55,23,12,10,100,30,45,0.05,0.05
RANDOM,523004,54.924875259956934,2.4260403425568384,44.64403497337118,33,2,0,0,55,23,12,10,100,30,45,0.05,0.05
HIGHEST_SNR,523004,37.19919843122396,2.430693768254685,45.1302200917078,30,5,0,0,55,23,12,10,100,30,45,0.05,0.05
SHORTEST_PULSE,523004,36.833020638065804,2.6273554067599525,40.95735171295934,30,5,0,0,55,23,12,10,100,30,45,0.05,0.05
METROLOGY_CONDITIONED_EIG,523004,41.322540821142034,2.150854469746754,36.06133407834315,31,4,0,0,55,23,12,10,100,30,45,0.05,0.05
NO_PASSIVE,523005,429.5236733278802,5.380255779413129,445.27923823147125,0,0,0,0,135,23,12,10,100,30,45,0.05,0.05
RANDOM,523005,15.836119344645235,1.036115581332302,19.7623387193991,52,8,0,0,135,23,12,10,100,30,45,0.05,0.05
HIGHEST_SNR,523005,25.847018338183773,1.640253861783563,21.964413783996864,54,6,0,0,135,23,12,10,100,30,45,0.05,0.05
SHORTEST_PULSE,523005,28.253787790558636,1.2491659368194177,17.820817143872766,53,7,0,0,135,23,12,10,100,30,45,0.05,0.05
METROLOGY_CONDITIONED_EIG,523005,16.40990333916122,0.8049084292243397,17.312192855065472,52,8,0,0,135,23,12,10,100,30,45,0.05,0.05
NO_PASSIVE,523006,545.0592844461019,6.270760721033922,445.27923823147125,0,0,0,0,118,23,12,10,100,30,45,0.05,0.05
RANDOM,523006,36.45473274010577,2.1062463374090163,25.156392193141862,49,5,0,0,118,23,12,10,100,30,45,0.05,0.05
HIGHEST_SNR,523006,55.40019689537511,3.480160411353614,38.83069656544979,47,7,0,0,118,23,12,10,100,30,45,0.05,0.05
SHORTEST_PULSE,523006,37.3057419633523,2.3441098298811776,25.605724014166693,49,5,0,0,118,23,12,10,100,30,45,0.05,0.05
METROLOGY_CONDITIONED_EIG,523006,37.513736019766384,2.388006912246917,25.002750116645387,47,7,0,0,118,23,12,10,100,30,45,0.05,0.05
NO_PASSIVE,523007,548.8622928775203,2.101770586950031,445.27923823147125,0,0,0,0,100,23,12,10,100,30,45,0.05,0.05
RANDOM,523007,7.789649708156971,1.0641182803008105,48.34259305991762,43,8,0,0,100,23,12,10,100,30,45,0.05,0.05
HIGHEST_SNR,523007,52.46708420541804,0.532928321703763,46.90875408425086,46,5,0,0,100,23,12,10,100,30,45,0.05,0.05
SHORTEST_PULSE,523007,29.299847384270567,2.5373060999258614,38.895741174718104,48,3,0,0,100,23,12,10,100,30,45,0.05,0.05
METROLOGY_CONDITIONED_EIG,523007,19.541292463255942,1.9792638912880989,38.242589027940355,45,6,0,0,100,23,12,10,100,30,45,0.05,0.05
NO_PASSIVE,523008,593.510782971119,5.986047008685036,445.27923823147125,0,0,0,0,78,23,12,10,100,30,45,0.05,0.05
RANDOM,523008,265.7180412389116,10.644104687784194,41.34887655208173,23,20,0,1,78,23,12,10,100,30,45,0.05,0.05
HIGHEST_SNR,523008,141.6050992475249,5.248541576057874,39.38662452406488,35,8,0,0,78,23,12,10,100,30,45,0.05,0.05
SHORTEST_PULSE,523008,131.22530992945204,5.177356252597991,29.776122696893523,36,7,0,0,78,23,12,10,100,30,45,0.05,0.05
METROLOGY_CONDITIONED_EIG,523008,67.2833622496139,3.2934852259763394,24.381884208796702,39,4,0,0,78,23,12,10,100,30,45,0.05,0.05
NO_PASSIVE,523009,353.9275104969486,2.350991733050162,445.27923823147125,0,0,0,0,11,23,12,10,100,30,45,0.05,0.05
RANDOM,523009,45.75974619191726,1.664166450793221,31.681820826433526,10,0,0,0,11,23,12,10,100,30,45,0.05,0.05
HIGHEST_SNR,523009,54.742279671063486,1.0846158100696401,33.7067345072088,10,0,0,0,11,23,12,10,100,30,45,0.05,0.05
SHORTEST_PULSE,523009,45.75974619191726,1.664166450793221,31.681820826433526,10,0,0,0,11,23,12,10,100,30,45,0.05,0.05
METROLOGY_CONDITIONED_EIG,523009,45.75974619191726,1.664166450793221,31.681820826433526,10,0,0,0,11,23,12,10,100,30,45,0.05,0.05
NO_PASSIVE,523010,693.2577606275175,4.893853500730147,445.27923823147125,0,0,0,0,49,23,12,10,100,30,45,0.05,0.05
RANDOM,523010,42.04542315873737,1.2579112855020873,42.65373978030865,36,3,0,1,49,23,12,10,100,30,45,0.05,0.05
HIGHEST_SNR,523010,101.6521415508169,1.9568731481240538,53.11863980788648,35,4,0,1,49,23,12,10,100,30,45,0.05,0.05
SHORTEST_PULSE,523010,48.09470222534863,1.1180982610135661,39.07632087698573,36,3,0,1,49,23,12,10,100,30,45,0.05,0.05
METROLOGY_CONDITIONED_EIG,523010,48.09470222534863,1.1180982610135661,39.07632087698573,36,3,0,1,49,23,12,10,100,30,45,0.05,0.05
NO_PASSIVE,523011,413.60619050865864,3.4443525210639905,445.27923823147125,0,0,0,0,101,23,12,10,100,30,45,0.05,0.05
RANDOM,523011,37.947305021416774,1.3777663457155436,25.64200978553136,33,3,0,0,101,23,12,10,100,30,45,0.05,0.05
HIGHEST_SNR,523011,52.37423631024028,1.6520926260288493,49.350226879986785,33,3,0,0,101,23,12,10,100,30,45,0.05,0.05
SHORTEST_PULSE,523011,31.305944523907016,1.0867630422073382,27.654059678710137,33,3,0,0,101,23,12,10,100,30,45,0.05,0.05
METROLOGY_CONDITIONED_EIG,523011,35.73951066412153,1.3979476282551724,23.49585280877577,34,2,0,0,101,23,12,10,100,30,45,0.05,0.05
NO_PASSIVE,523012,775.3422103622634,5.8125065828167335,445.27923823147125,0,0,0,0,134,23,12,10,100,30,45,0.05,0.05
RANDOM,523012,44.8285388131067,2.6130588149273,34.857664292931055,46,7,0,0,134,23,12,10,100,30,45,0.05,0.05
HIGHEST_SNR,523012,116.30836143697323,3.4479019402497983,50.64920476178212,47,6,0,0,134,23,12,10,100,30,45,0.05,0.05
SHORTEST_PULSE,523012,30.303215862436605,1.3611000201872365,33.28590869732444,46,7,0,0,134,23,12,10,100,30,45,0.05,0.05
METROLOGY_CONDITIONED_EIG,523012,23.83782012388874,1.424674644604472,26.40656066433361,44,9,0,0,134,23,12,10,100,30,45,0.05,0.05
NO_PASSIVE,523013,537.765262815277,3.8871139396101184,445.27923823147125,0,0,0,0,143,23,12,10,100,30,45,0.05,0.05
RANDOM,523013,39.71222089160325,2.386565325523715,26.99897448627257,53,7,0,0,143,23,12,10,100,30,45,0.05,0.05
HIGHEST_SNR,523013,30.25993414528016,1.9143532473804383,26.406197325814716,55,5,0,0,143,23,12,10,100,30,45,0.05,0.05
SHORTEST_PULSE,523013,28.230012030489373,1.6708568034723361,33.94752367689036,52,8,0,0,143,23,12,10,100,30,45,0.05,0.05
METROLOGY_CONDITIONED_EIG,523013,29.762854857951062,1.849341739889257,23.145705178943466,55,5,0,0,143,23,12,10,100,30,45,0.05,0.05
NO_PASSIVE,523014,403.0751112758885,1.0056717197417453,445.27923823147125,0,0,0,0,42,23,12,10,100,30,45,0.05,0.05
RANDOM,523014,22.014111287105298,1.1403798210204792,37.96850224335165,28,1,0,0,42,23,12,10,100,30,45,0.05,0.05
HIGHEST_SNR,523014,14.61303471284612,1.1549351203817677,37.807823385941354,29,0,0,0,42,23,12,10,100,30,45,0.05,0.05
SHORTEST_PULSE,523014,17.72636651941476,0.9907668957147915,34.13138932698668,28,1,0,0,42,23,12,10,100,30,45,0.05,0.05
METROLOGY_CONDITIONED_EIG,523014,17.4774903003592,0.9819490467136887,31.84382763810079,27,2,0,0,42,23,12,10,100,30,45,0.05,0.05
NO_PASSIVE,523015,368.0270592330181,6.666648744292651,445.27923823147125,0,0,0,0,16,23,12,10,100,30,45,0.05,0.05
RANDOM,523015,155.3605747442253,4.7857232119981035,62.06950716722466,15,1,0,0,16,23,12,10,100,30,45,0.05,0.05
HIGHEST_SNR,523015,155.3605747442253,4.7857232119981035,62.06950716722466,15,1,0,0,16,23,12,10,100,30,45,0.05,0.05
SHORTEST_PULSE,523015,155.3605747442253,4.7857232119981035,62.06950716722466,15,1,0,0,16,23,12,10,100,30,45,0.05,0.05
METROLOGY_CONDITIONED_EIG,523015,155.3605747442253,4.7857232119981035,62.06950716722466,15,1,0,0,16,23,12,10,100,30,45,0.05,0.05
NO_PASSIVE,523016,661.4565835116447,5.54159444418846,445.27923823147125,0,0,0,0,24,23,12,10,100,30,45,0.05,0.05
RANDOM,523016,16.017267740538156,3.0653946321165053,35.87140268211344,19,4,0,0,24,23,12,10,100,30,45,0.05,0.05
HIGHEST_SNR,523016,16.017267740538156,3.0653946321165053,35.87140268211344,19,4,0,0,24,23,12,10,100,30,45,0.05,0.05
SHORTEST_PULSE,523016,37.76494971523799,3.318823860615084,35.513958909518536,19,4,0,0,24,23,12,10,100,30,45,0.05,0.05
METROLOGY_CONDITIONED_EIG,523016,37.76494971523799,3.318823860615084,35.513958909518536,19,4,0,0,24,23,12,10,100,30,45,0.05,0.05
NO_PASSIVE,523017,407.7578147569212,2.978823738205872,445.27923823147125,0,0,0,0,70,23,12,10,100,30,45,0.05,0.05
RANDOM,523017,31.31420415708656,0.8362333147343134,36.72013819275376,43,5,0,0,70,23,12,10,100,30,45,0.05,0.05
HIGHEST_SNR,523017,29.635263211910296,0.44309817714132516,37.47840661920492,42,6,0,1,70,23,12,10,100,30,45,0.05,0.05
SHORTEST_PULSE,523017,34.70036749155701,0.9707247712045172,35.847756701529526,42,6,0,0,70,23,12,10,100,30,45,0.05,0.05
METROLOGY_CONDITIONED_EIG,523017,37.36699402689217,0.39458361102965256,35.84422320542282,41,7,0,1,70,23,12,10,100,30,45,0.05,0.05
NO_PASSIVE,523018,471.52300271903425,3.2845247783003733,445.27923823147125,0,0,0,0,115,23,12,10,100,30,45,0.05,0.05
RANDOM,523018,39.50899330335708,1.819304544727143,27.796878769601392,55,4,0,0,115,23,12,10,100,30,45,0.05,0.05
HIGHEST_SNR,523018,10.021823312246163,1.4390151084738234,27.044307484750778,55,4,0,1,115,23,12,10,100,30,45,0.05,0.05
SHORTEST_PULSE,523018,13.750228771137044,1.070626567543168,25.578003035903723,57,2,0,0,115,23,12,10,100,30,45,0.05,0.05
METROLOGY_CONDITIONED_EIG,523018,35.57523458176563,2.0148301204819874,22.257556653498348,57,2,0,0,115,23,12,10,100,30,45,0.05,0.05
NO_PASSIVE,523019,476.824844718161,6.90491496623332,445.27923823147125,0,0,0,0,102,23,12,10,100,30,45,0.05,0.05
RANDOM,523019,170.81806935118732,5.520788730624989,45.61084059990746,40,9,0,1,102,23,12,10,100,30,45,0.05,0.05
HIGHEST_SNR,523019,146.99332176503518,5.0334275827438555,72.35249119339991,42,7,0,1,102,23,12,10,100,30,45,0.05,0.05
SHORTEST_PULSE,523019,69.34759677579021,3.150270522008293,28.172588185773858,40,9,0,0,102,23,12,10,100,30,45,0.05,0.05
METROLOGY_CONDITIONED_EIG,523019,74.90364006979863,3.469625224634247,29.21184216124066,41,8,0,1,102,23,12,10,100,30,45,0.05,0.05
NO_PASSIVE,523020,371.16966771656615,3.7208464838811746,445.27923823147125,0,0,0,0,51,23,12,10,100,30,45,0.05,0.05
RANDOM,523020,10.77593787342031,0.7639858255129854,28.754497029533137,34,4,0,0,51,23,12,10,100,30,45,0.05,0.05
HIGHEST_SNR,523020,21.205267479102456,0.7758725246146684,22.50120837726703,34,4,0,0,51,23,12,10,100,30,45,0.05,0.05
SHORTEST_PULSE,523020,11.85583336662729,1.037936055534862,21.30548549192419,34,4,0,0,51,23,12,10,100,30,45,0.05,0.05
METROLOGY_CONDITIONED_EIG,523020,11.85583336662729,1.037936055534862,21.30548549192419,34,4,0,0,51,23,12,10,100,30,45,0.05,0.05
NO_PASSIVE,523021,379.6652013512208,2.2228924143560556,445.27923823147125,0,0,0,0,60,23,12,10,100,30,45,0.05,0.05
RANDOM,523021,38.13697715400984,2.989580893863145,71.73823168305826,37,9,0,0,60,23,12,10,100,30,45,0.05,0.05
HIGHEST_SNR,523021,57.93542301597424,2.6514572074756666,74.16485489105264,39,7,0,1,60,23,12,10,100,30,45,0.05,0.05
SHORTEST_PULSE,523021,25.977643024443626,2.530405553534334,71.39883035005514,38,8,0,0,60,23,12,10,100,30,45,0.05,0.05
METROLOGY_CONDITIONED_EIG,523021,34.95686769695459,2.4691644596774625,71.81008098283661,37,9,0,0,60,23,12,10,100,30,45,0.05,0.05
NO_PASSIVE,523022,491.08647464809917,6.8121298652155895,445.27923823147125,0,0,0,0,188,23,12,10,100,30,45,0.05,0.05
RANDOM,523022,59.0058383886205,4.119465356622764,22.075773018803428,56,4,0,0,188,23,12,10,100,30,45,0.05,0.05
HIGHEST_SNR,523022,68.30408291299517,3.8531303159198322,42.50815628824718,56,4,0,1,188,23,12,10,100,30,45,0.05,0.05
SHORTEST_PULSE,523022,135.98037889583333,4.963769773922049,29.030983725393696,52,8,0,0,188,23,12,10,100,30,45,0.05,0.05
METROLOGY_CONDITIONED_EIG,523022,142.67725526868853,5.083609805739991,28.855040800967718,49,11,0,0,188,23,12,10,100,30,45,0.05,0.05
NO_PASSIVE,523023,505.7217064141401,5.245479495697525,445.27923823147125,0,0,0,0,135,23,12,10,100,30,45,0.05,0.05
RANDOM,523023,47.311784797027045,2.2776432984779693,27.145250991555592,38,4,0,0,135,23,12,10,100,30,45,0.05,0.05
HIGHEST_SNR,523023,73.09893299143896,2.9561901894740594,37.89590517322842,39,3,0,0,135,23,12,10,100,30,45,0.05,0.05
SHORTEST_PULSE,523023,40.84749522478961,2.2546749250369227,23.68663364213342,39,3,0,1,135,23,12,10,100,30,45,0.05,0.05
METROLOGY_CONDITIONED_EIG,523023,20.44877791226955,1.6859209320385609,25.010060438120533,38,4,0,1,135,23,12,10,100,30,45,0.05,0.05
NO_PASSIVE,523024,177.11671171371464,4.213055845457873,445.27923823147125,0,0,0,0,12,23,12,10,100,30,45,0.05,0.05
RANDOM,523024,126.90652303046448,4.133115681633543,87.29892006198588,10,0,0,0,12,23,12,10,100,30,45,0.05,0.05
HIGHEST_SNR,523024,119.22213217859415,4.2004494569747575,91.43295600084005,9,1,0,0,12,23,12,10,100,30,45,0.05,0.05
SHORTEST_PULSE,523024,108.2239993346618,4.007949350562453,86.53350104866267,10,0,0,0,12,23,12,10,100,30,45,0.05,0.05
METROLOGY_CONDITIONED_EIG,523024,108.2239993346618,4.007949350562453,86.53350104866267,10,0,0,0,12,23,12,10,100,30,45,0.05,0.05
NO_PASSIVE,523025,587.1118850064847,8.002277653112102,445.27923823147125,0,0,0,0,38,23,12,10,100,30,45,0.05,0.05
RANDOM,523025,27.81012403545609,3.2101908992600063,34.47653670600244,27,8,0,0,38,23,12,10,100,30,45,0.05,0.05
HIGHEST_SNR,523025,46.444297800194036,3.3965287047459665,50.37693475672665,27,8,0,0,38,23,12,10,100,30,45,0.05,0.05
SHORTEST_PULSE,523025,26.4027960781503,1.9760651596364676,34.734352378435425,26,9,0,0,38,23,12,10,100,30,45,0.05,0.05
METROLOGY_CONDITIONED_EIG,523025,26.4027960781503,1.9760651596364676,34.734352378435425,26,9,0,0,38,23,12,10,100,30,45,0.05,0.05
NO_PASSIVE,523026,37.032664429261104,6.144369525752219,445.27923823147125,0,0,0,0,60,23,12,10,100,30,45,0.05,0.05
RANDOM,523026,128.25362274447588,5.535837266544984,37.96096780180278,37,3,0,0,60,23,12,10,100,30,45,0.05,0.05
HIGHEST_SNR,523026,110.28135884495521,5.270656024106373,35.98154788445578,39,1,0,0,60,23,12,10,100,30,45,0.05,0.05
SHORTEST_PULSE,523026,50.75532717501706,2.9016156658908665,29.428432731932798,39,1,0,0,60,23,12,10,100,30,45,0.05,0.05
METROLOGY_CONDITIONED_EIG,523026,56.25458514794744,3.1672592927166225,27.83778019802306,37,3,0,0,60,23,12,10,100,30,45,0.05,0.05
NO_PASSIVE,523027,235.5394703533324,2.901200713741298,445.27923823147125,0,0,0,0,61,23,12,10,100,30,45,0.05,0.05
RANDOM,523027,62.964091237879146,3.8885689069144638,45.44780235960644,47,4,0,1,61,23,12,10,100,30,45,0.05,0.05
HIGHEST_SNR,523027,62.40707603664208,3.92231847120499,50.68220754788135,46,5,0,1,61,23,12,10,100,30,45,0.05,0.05
SHORTEST_PULSE,523027,74.50608637073388,3.970737339531147,47.444493332677965,46,5,0,1,61,23,12,10,100,30,45,0.05,0.05
METROLOGY_CONDITIONED_EIG,523027,71.83820869432017,3.9141144399805086,44.63887480416142,47,4,0,1,61,23,12,10,100,30,45,0.05,0.05
NO_PASSIVE,523028,561.8165066979192,2.260385007021746,445.27923823147125,0,0,0,0,18,23,12,10,100,30,45,0.05,0.05
RANDOM,523028,43.14550107049247,2.074404649028891,57.47018811472151,15,1,0,0,18,23,12,10,100,30,45,0.05,0.05
HIGHEST_SNR,523028,42.44214575544912,2.1037558386679964,50.38365712996555,15,1,0,0,18,23,12,10,100,30,45,0.05,0.05
SHORTEST_PULSE,523028,42.44214575544912,2.1037558386679964,50.38365712996555,15,1,0,0,18,23,12,10,100,30,45,0.05,0.05
METROLOGY_CONDITIONED_EIG,523028,42.44214575544912,2.1037558386679964,50.38365712996555,15,1,0,0,18,23,12,10,100,30,45,0.05,0.05
NO_PASSIVE,523029,193.69499613060623,4.198890925723321,445.27923823147125,0,0,0,0,107,23,12,10,100,30,45,0.05,0.05
RANDOM,523029,27.18742044788171,1.883233719343605,29.734700781960008,43,9,0,0,107,23,12,10,100,30,45,0.05,0.05
HIGHEST_SNR,523029,37.8822437848991,2.0442939442347594,29.408427435813024,44,8,0,0,107,23,12,10,100,30,45,0.05,0.05
SHORTEST_PULSE,523029,4.544545976056587,0.6972544299573169,26.451960028615755,44,8,0,0,107,23,12,10,100,30,45,0.05,0.05
METROLOGY_CONDITIONED_EIG,523029,30.066730590342633,1.5211773256368148,26.537162298615755,46,6,0,0,107,23,12,10,100,30,45,0.05,0.05
NO_PASSIVE,524000,344.9550282252272,1.7042527688657778,445.27923823147125,0,0,0,0,74,24,12,10,100,30,45,0.05,0.15
RANDOM,524000,423.6704432869315,2.005226895894182,43.942313641776316,10,33,0,3,74,24,12,10,100,30,45,0.05,0.15
HIGHEST_SNR,524000,350.9909129863788,2.063513082943184,38.81220692354701,13,30,0,4,74,24,12,10,100,30,45,0.05,0.15
SHORTEST_PULSE,524000,415.0484668382675,2.0279135921259077,79.51254598361237,22,21,0,2,74,24,12,10,100,30,45,0.05,0.15
METROLOGY_CONDITIONED_EIG,524000,372.8437511916522,2.12107835744365,40.81664429809974,9,34,0,3,74,24,12,10,100,30,45,0.05,0.15
NO_PASSIVE,524001,293.69206759051184,5.69941974476573,445.27923823147125,0,0,0,0,54,24,12,10,100,30,45,0.05,0.15
RANDOM,524001,49.11586182653751,2.5494594115369047,64.03971581598698,31,11,0,0,54,24,12,10,100,30,45,0.05,0.15
HIGHEST_SNR,524001,65.5001224965317,2.984004333027648,69.30174039812242,31,11,0,0,54,24,12,10,100,30,45,0.05,0.15
SHORTEST_PULSE,524001,45.12907426710962,2.439819627694288,64.86243556846178,32,10,0,0,54,24,12,10,100,30,45,0.05,0.15
METROLOGY_CONDITIONED_EIG,524001,61.33937017638723,2.7467759530044047,63.97889033981884,30,12,0,0,54,24,12,10,100,30,45,0.05,0.15
NO_PASSIVE,524002,415.2078478102719,3.7604774196519393,445.27923823147125,0,0,0,0,86,24,12,10,100,30,45,0.05,0.15
RANDOM,524002,38.32346784993752,1.6028163478106385,28.563579660273746,40,17,0,1,86,24,12,10,100,30,45,0.05,0.15
HIGHEST_SNR,524002,741.0752463079597,2.290538348836652,104.96327139727552,8,49,0,2,86,24,12,10,100,30,45,0.05,0.15
SHORTEST_PULSE,524002,24.152713511776657,1.1889606153913148,23.845136660437092,45,12,0,1,86,24,12,10,100,30,45,0.05,0.15
METROLOGY_CONDITIONED_EIG,524002,26.030837431825393,1.3645145852659286,24.77010790440595,42,15,0,1,86,24,12,10,100,30,45,0.05,0.15
NO_PASSIVE,524003,661.5824562356062,4.557710231195595,445.27923823147125,0,0,0,0,171,24,12,10,100,30,45,0.05,0.15
RANDOM,524003,47.42241707445321,2.546532435738691,17.248025798175767,40,14,1,0,171,24,12,10,100,30,45,0.05,0.15
HIGHEST_SNR,524003,471.89863826110314,3.38995754420283,54.11948598653979,14,40,1,2,171,24,12,10,100,30,45,0.05,0.15
SHORTEST_PULSE,524003,137.81558072606987,8.823208124113878,28.14370844203031,22,32,0,5,171,24,12,10,100,30,45,0.05,0.15
METROLOGY_CONDITIONED_EIG,524003,25.62726510797327,1.7496874224147658,15.730587256448871,38,16,1,0,171,24,12,10,100,30,45,0.05,0.15
NO_PASSIVE,524004,286.08960718448014,2.619213105304794,445.27923823147125,0,0,0,0,45,24,12,10,100,30,45,0.05,0.15
RANDOM,524004,95.06819286898325,2.9121764985598495,34.8156966785542,28,6,0,1,45,24,12,10,100,30,45,0.05,0.15
HIGHEST_SNR,524004,100.66715918099,3.2485820707920032,34.936197696653124,30,4,0,1,45,24,12,10,100,30,45,0.05,0.15
SHORTEST_PULSE,524004,86.18956523873837,3.037290324910016,31.800980909882675,28,6,0,1,45,24,12,10,100,30,45,0.05,0.15
METROLOGY_CONDITIONED_EIG,524004,70.10901314460857,2.5320383301401863,32.62502914646244,28,6,0,1,45,24,12,10,100,30,45,0.05,0.15
NO_PASSIVE,524005,223.17698355794053,6.076799893998527,445.27923823147125,0,0,0,0,57,24,12,10,100,30,45,0.05,0.15
RANDOM,524005,47.380199387883344,2.232389963867565,48.6495435759491,33,8,0,1,57,24,12,10,100,30,45,0.05,0.15
HIGHEST_SNR,524005,50.086651723841214,2.4600155369025236,52.878067595904504,29,12,0,1,57,24,12,10,100,30,45,0.05,0.15
SHORTEST_PULSE,524005,46.31463256560368,2.5261691629451377,49.05988485518477,32,9,0,1,57,24,12,10,100,30,45,0.05,0.15
METROLOGY_CONDITIONED_EIG,524005,58.95469821917206,2.9070818011705066,50.449395731677285,30,11,0,1,57,24,12,10,100,30,45,0.05,0.15
NO_PASSIVE,524006,769.8385711724551,4.0326158964455585,445.27923823147125,0,0,0,0,39,24,12,10,100,30,45,0.05,0.15
RANDOM,524006,41.94019993691114,1.5210517433854884,35.28977862610304,31,2,0,0,39,24,12,10,100,30,45,0.05,0.15
HIGHEST_SNR,524006,71.09933183758271,2.219924281732697,36.57853133298736,30,3,0,0,39,24,12,10,100,30,45,0.05,0.15
SHORTEST_PULSE,524006,69.61749022194832,2.0947654835665523,36.42192715377337,31,2,0,0,39,24,12,10,100,30,45,0.05,0.15
METROLOGY_CONDITIONED_EIG,524006,39.337628053243584,1.4497095778603406,30.593040097983394,31,2,0,0,39,24,12,10,100,30,45,0.05,0.15
NO_PASSIVE,524007,334.86292606233144,3.661574870604779,445.27923823147125,0,0,0,0,131,24,12,10,100,30,45,0.05,0.15
RANDOM,524007,31.049079544053903,2.0844563387516253,24.125242373466182,51,9,0,1,131,24,12,10,100,30,45,0.05,0.15
HIGHEST_SNR,524007,38.88921784763331,2.4629999874965924,26.147485096051252,51,9,0,0,131,24,12,10,100,30,45,0.05,0.15
SHORTEST_PULSE,524007,51.782847137047646,2.4296436557593166,18.754086276222754,49,11,0,0,131,24,12,10,100,30,45,0.05,0.15
METROLOGY_CONDITIONED_EIG,524007,48.242366193167946,2.391146758930036,17.79967403194149,48,12,0,1,131,24,12,10,100,30,45,0.05,0.15
NO_PASSIVE,524008,385.4329248089292,6.027606834270538,445.27923823147125,0,0,0,0,87,24,12,10,100,30,45,0.05,0.15
RANDOM,524008,36.73930009649482,2.1823522616508613,44.028928200860946,32,13,0,4,87,24,12,10,100,30,45,0.05,0.15
HIGHEST_SNR,524008,59.97004277124777,3.3118803383045536,52.35839402850348,36,9,0,2,87,24,12,10,100,30,45,0.05,0.15
SHORTEST_PULSE,524008,100.98196479459332,3.281962718407151,47.68719620031649,33,12,0,3,87,24,12,10,100,30,45,0.05,0.15
METROLOGY_CONDITIONED_EIG,524008,128.31659838468815,3.9848189539187553,43.13685099971877,23,22,0,3,87,24,12,10,100,30,45,0.05,0.15
NO_PASSIVE,524009,680.9362164609023,2.557239882280433,445.27923823147125,0,0,0,0,94,24,12,10,100,30,45,0.05,0.15
RANDOM,524009,23.56416065166814,1.634403738881246,30.545582865483794,44,10,0,0,94,24,12,10,100,30,45,0.05,0.15
HIGHEST_SNR,524009,45.56481577047309,1.1085390914655855,49.64729810811507,45,9,0,0,94,24,12,10,100,30,45,0.05,0.15
SHORTEST_PULSE,524009,33.360017083758414,2.0898631792262066,30.338613738264076,43,11,0,0,94,24,12,10,100,30,45,0.05,0.15
METROLOGY_CONDITIONED_EIG,524009,10.76863349207157,1.3327533774046458,27.38045720948011,44,10,0,0,94,24,12,10,100,30,45,0.05,0.15
NO_PASSIVE,524010,151.30459629184924,1.7015789090439093,445.27923823147125,0,0,0,0,134,24,12,10,100,30,45,0.05,0.15
RANDOM,524010,27.556382335189312,0.523146259786465,33.56922791249826,39,9,0,1,134,24,12,10,100,30,45,0.05,0.15
HIGHEST_SNR,524010,70.81858972737996,0.9281418730737541,31.608290198192286,39,9,0,1,134,24,12,10,100,30,45,0.05,0.15
SHORTEST_PULSE,524010,57.998559296352745,0.6550074544143691,32.02255727208224,41,7,0,1,134,24,12,10,100,30,45,0.05,0.15
METROLOGY_CONDITIONED_EIG,524010,11.496257988072374,0.9837092917490132,29.775856599332133,40,8,0,2,134,24,12,10,100,30,45,0.05,0.15
NO_PASSIVE,524011,454.05028167564024,3.4259025444285585,445.27923823147125,0,0,0,0,93,24,12,10,100,30,45,0.05,0.15
RANDOM,524011,50.51286548985602,2.0222397745735874,25.73521980442282,34,8,0,1,93,24,12,10,100,30,45,0.05,0.15
HIGHEST_SNR,524011,30.453485350908625,1.4324693231156178,30.183853256409964,32,10,0,1,93,24,12,10,100,30,45,0.05,0.15
SHORTEST_PULSE,524011,73.10918423515152,2.9083838264174195,23.68328182743915,27,15,0,2,93,24,12,10,100,30,45,0.05,0.15
METROLOGY_CONDITIONED_EIG,524011,90.0685937812882,3.2819311457833926,22.887569815014995,27,15,0,3,93,24,12,10,100,30,45,0.05,0.15
NO_PASSIVE,524012,332.7271474719274,7.638712059988147,445.27923823147125,0,0,0,0,46,24,12,10,100,30,45,0.05,0.15
RANDOM,524012,88.38012472392772,3.3813203078430174,39.52615566909305,25,3,0,1,46,24,12,10,100,30,45,0.05,0.15
HIGHEST_SNR,524012,57.49868891428736,3.0120563591316687,70.41497496858717,25,3,0,0,46,24,12,10,100,30,45,0.05,0.15
SHORTEST_PULSE,524012,56.40428850792504,2.687861267052729,39.46983393040813,26,2,0,0,46,24,12,10,100,30,45,0.05,0.15
METROLOGY_CONDITIONED_EIG,524012,56.40428850792504,2.687861267052729,39.46983393040813,26,2,0,0,46,24,12,10,100,30,45,0.05,0.15
NO_PASSIVE,524013,315.13564750262435,1.293287096421584,445.27923823147125,0,0,0,0,76,24,12,10,100,30,45,0.05,0.15
RANDOM,524013,32.835219491356455,1.5661790375702065,44.52992426484514,46,6,0,1,76,24,12,10,100,30,45,0.05,0.15
HIGHEST_SNR,524013,34.455017474711084,1.6314483222199028,42.23540128765083,47,5,0,1,76,24,12,10,100,30,45,0.05,0.15
SHORTEST_PULSE,524013,37.22375108114765,1.4741049526826242,40.50381124789796,47,5,0,2,76,24,12,10,100,30,45,0.05,0.15
METROLOGY_CONDITIONED_EIG,524013,37.748103929046145,1.503578695679807,37.510623242564556,49,3,0,1,76,24,12,10,100,30,45,0.05,0.15
NO_PASSIVE,524014,430.4487906521235,4.137218024770384,445.27923823147125,0,0,0,0,202,24,12,10,100,30,45,0.05,0.15
RANDOM,524014,84.70548577859078,3.4404399379551474,23.591395774868044,40,14,0,2,202,24,12,10,100,30,45,0.05,0.15
HIGHEST_SNR,524014,62.89032918992813,3.23255581610044,22.07362969071313,44,10,0,0,202,24,12,10,100,30,45,0.05,0.15
SHORTEST_PULSE,524014,102.30956849144115,3.831878765609174,23.498151291168938,33,21,0,1,202,24,12,10,100,30,45,0.05,0.15
METROLOGY_CONDITIONED_EIG,524014,56.52278607701335,2.9880745782976743,17.55701902982035,38,16,0,0,202,24,12,10,100,30,45,0.05,0.15
NO_PASSIVE,524015,508.3528389564132,7.391014762336804,445.27923823147125,0,0,0,0,67,24,12,10,100,30,45,0.05,0.15
RANDOM,524015,72.20575076917522,3.4563774622072736,29.706408114292145,33,7,0,0,67,24,12,10,100,30,45,0.05,0.15
HIGHEST_SNR,524015,109.81475145006604,5.747117571884794,38.72783215158015,26,14,0,2,67,24,12,10,100,30,45,0.05,0.15
SHORTEST_PULSE,524015,100.24051439983653,4.086663523186263,33.4104266284446,31,9,0,0,67,24,12,10,100,30,45,0.05,0.15
METROLOGY_CONDITIONED_EIG,524015,63.98073274234334,3.231009709084856,29.544015345099005,34,6,0,0,67,24,12,10,100,30,45,0.05,0.15
NO_PASSIVE,524016,110.20816236402813,4.728022536936102,445.27923823147125,0,0,0,0,117,24,12,10,100,30,45,0.05,0.15
RANDOM,524016,68.74551368398214,3.0049467408412562,23.471151963665484,44,16,0,0,117,24,12,10,100,30,45,0.05,0.15
HIGHEST_SNR,524016,52.492105076363934,2.5178231551757575,23.89860205614651,44,16,0,0,117,24,12,10,100,30,45,0.05,0.15
SHORTEST_PULSE,524016,80.43121260914842,3.2907910508077904,24.471642500732337,42,18,0,0,117,24,12,10,100,30,45,0.05,0.15
METROLOGY_CONDITIONED_EIG,524016,75.99797673114237,2.6548362746432597,22.50286914712428,42,18,0,0,117,24,12,10,100,30,45,0.05,0.15
NO_PASSIVE,524017,773.2331609327475,6.935490212240239,445.27923823147125,0,0,0,0,121,24,12,10,100,30,45,0.05,0.15
RANDOM,524017,547.0745630448431,5.6339672788576465,76.75822859340143,14,43,0,4,121,24,12,10,100,30,45,0.05,0.15
HIGHEST_SNR,524017,532.3228957617706,3.760633735103951,76.91123340855242,13,44,0,4,121,24,12,10,100,30,45,0.05,0.15
SHORTEST_PULSE,524017,82.06570400850784,3.7658435857650057,24.516985291117777,44,13,0,0,121,24,12,10,100,30,45,0.05,0.15
METROLOGY_CONDITIONED_EIG,524017,272.81313623815663,8.007829246651587,39.06466718328035,37,20,0,2,121,24,12,10,100,30,45,0.05,0.15
NO_PASSIVE,524018,174.00318168552153,4.18257237619252,445.27923823147125,0,0,0,0,184,24,12,10,100,30,45,0.05,0.15
RANDOM,524018,58.20998894421001,1.5652471599624023,37.8129076379518,38,10,0,0,184,24,12,10,100,30,45,0.05,0.15
HIGHEST_SNR,524018,250.08954067166184,6.253789373611303,110.54184707080896,30,18,0,5,184,24,12,10,100,30,45,0.05,0.15
SHORTEST_PULSE,524018,124.14610886132805,3.232228297670738,29.871970856955265,40,8,0,0,184,24,12,10,100,30,45,0.05,0.15
METROLOGY_CONDITIONED_EIG,524018,123.05738275722877,7.011578151835975,30.76368860825019,16,32,0,1,184,24,12,10,100,30,45,0.05,0.15
NO_PASSIVE,524019,1015.0900364648792,5.646364697798785,445.27923823147125,0,0,0,0,68,24,12,10,100,30,45,0.05,0.15
RANDOM,524019,640.1216076604347,5.343481584788441,73.21867154339901,13,34,0,4,68,24,12,10,100,30,45,0.05,0.15
HIGHEST_SNR,524019,576.7152675103589,4.919797738832518,72.31847289703425,16,31,0,4,68,24,12,10,100,30,45,0.05,0.15
SHORTEST_PULSE,524019,426.46649882900505,3.7590916782080757,86.35551469939305,15,32,0,3,68,24,12,10,100,30,45,0.05,0.15
METROLOGY_CONDITIONED_EIG,524019,579.0676589244576,4.827010659199003,96.2338973770587,8,39,0,3,68,24,12,10,100,30,45,0.05,0.15
NO_PASSIVE,524020,336.55560396432327,2.1088342451755873,445.27923823147125,0,0,0,0,82,24,12,10,100,30,45,0.05,0.15
RANDOM,524020,33.220539310502936,1.8868658293839098,27.65903677320027,35,9,0,0,82,24,12,10,100,30,45,0.05,0.15
HIGHEST_SNR,524020,19.001733264102008,1.209642551604279,26.346064003881413,39,5,0,1,82,24,12,10,100,30,45,0.05,0.15
SHORTEST_PULSE,524020,26.71444549354467,1.633028703530917,24.430003139807187,37,7,0,0,82,24,12,10,100,30,45,0.05,0.15
METROLOGY_CONDITIONED_EIG,524020,14.214954498093807,1.2850937655666437,24.451572163950058,35,9,0,0,82,24,12,10,100,30,45,0.05,0.15
NO_PASSIVE,524021,805.8374993730145,5.682385261814206,445.27923823147125,0,0,0,0,97,24,12,10,100,30,45,0.05,0.15
RANDOM,524021,116.46552005848187,4.177391871562995,50.0183254137213,47,12,0,2,97,24,12,10,100,30,45,0.05,0.15
HIGHEST_SNR,524021,92.13782120271156,4.118028053599738,53.52684747915909,50,9,0,3,97,24,12,10,100,30,45,0.05,0.15
SHORTEST_PULSE,524021,124.4224149774928,4.01350776648755,33.92441665644182,48,11,0,3,97,24,12,10,100,30,45,0.05,0.15
METROLOGY_CONDITIONED_EIG,524021,127.23417647006232,3.8991480467426043,33.85804324891739,46,13,0,3,97,24,12,10,100,30,45,0.05,0.15
NO_PASSIVE,524022,624.8297637911332,5.4603385239131494,445.27923823147125,0,0,0,0,99,24,12,10,100,30,45,0.05,0.15
RANDOM,524022,80.45148876082665,3.047850539369653,28.108378733492707,41,9,0,0,99,24,12,10,100,30,45,0.05,0.15
HIGHEST_SNR,524022,58.610680912990794,2.4522237219378495,24.598863679975796,41,9,0,0,99,24,12,10,100,30,45,0.05,0.15
SHORTEST_PULSE,524022,65.4828925173611,2.4216098502402916,26.341338865265232,41,9,0,0,99,24,12,10,100,30,45,0.05,0.15
METROLOGY_CONDITIONED_EIG,524022,69.49375361040163,2.8134861298812726,21.33687370283287,45,5,0,0,99,24,12,10,100,30,45,0.05,0.15
NO_PASSIVE,524023,711.9643379114028,0.8939393794471234,445.27923823147125,0,0,0,0,55,24,12,10,100,30,45,0.05,0.15
RANDOM,524023,18.524115658694885,0.9109013760204496,28.961911324619813,38,5,0,1,55,24,12,10,100,30,45,0.05,0.15
HIGHEST_SNR,524023,15.412965340806341,1.4519971083286238,35.80797488786842,37,6,0,1,55,24,12,10,100,30,45,0.05,0.15
SHORTEST_PULSE,524023,9.181779847524911,1.4926042806563484,28.470840269727606,37,6,0,1,55,24,12,10,100,30,45,0.05,0.15
METROLOGY_CONDITIONED_EIG,524023,9.181779847524911,1.4926042806563484,28.470840269727606,37,6,0,1,55,24,12,10,100,30,45,0.05,0.15
NO_PASSIVE,524024,257.3669700091043,3.631714364208672,445.27923823147125,0,0,0,0,107,24,12,10,100,30,45,0.05,0.15
RANDOM,524024,75.51334564162535,2.8600414326167076,27.06314199751457,37,13,0,0,107,24,12,10,100,30,45,0.05,0.15
HIGHEST_SNR,524024,52.888152788383614,2.0762602729303685,29.517650236383176,38,12,0,0,107,24,12,10,100,30,45,0.05,0.15
SHORTEST_PULSE,524024,62.01989350062849,2.455609680026475,30.021750828317064,34,16,0,0,107,24,12,10,100,30,45,0.05,0.15
METROLOGY_CONDITIONED_EIG,524024,61.239486899372395,2.517984902932043,27.14044921746753,35,15,0,0,107,24,12,10,100,30,45,0.05,0.15
NO_PASSIVE,524025,312.8846426564791,3.856474406812859,445.27923823147125,0,0,0,0,32,24,12,10,100,30,45,0.05,0.15
RANDOM,524025,56.568956906225495,2.490638078535078,30.522862614073155,26,0,0,0,32,24,12,10,100,30,45,0.05,0.15
HIGHEST_SNR,524025,57.38988741922712,2.589597800152549,30.575526352341598,25,1,0,0,32,24,12,10,100,30,45,0.05,0.15
SHORTEST_PULSE,524025,48.251557595134706,2.464537807096865,30.943320475044636,25,1,0,0,32,24,12,10,100,30,45,0.05,0.15
METROLOGY_CONDITIONED_EIG,524025,74.72065249582025,3.098821100938577,32.501114963784175,24,2,0,0,32,24,12,10,100,30,45,0.05,0.15
NO_PASSIVE,524026,293.6733789296661,3.673001355799259,445.27923823147125,0,0,0,0,109,24,12,10,100,30,45,0.05,0.15
RANDOM,524026,58.956044842035645,1.7226619005965018,29.09014413320129,46,11,0,0,109,24,12,10,100,30,45,0.05,0.15
HIGHEST_SNR,524026,42.49163707007224,1.6558148039080667,35.748231183172436,49,8,0,0,109,24,12,10,100,30,45,0.05,0.15
SHORTEST_PULSE,524026,62.86065883663079,2.3340458734220055,25.893779126625823,42,15,0,0,109,24,12,10,100,30,45,0.05,0.15
METROLOGY_CONDITIONED_EIG,524026,63.9760491060897,2.4832414061705417,25.08540250225636,43,14,0,0,109,24,12,10,100,30,45,0.05,0.15
NO_PASSIVE,524027,529.4431986712004,2.1422613075947794,445.27923823147125,0,0,0,0,51,24,12,10,100,30,45,0.05,0.15
RANDOM,524027,88.65297600845851,3.3891434103870997,36.08375824977834,32,8,0,2,51,24,12,10,100,30,45,0.05,0.15
HIGHEST_SNR,524027,32.85728414638958,1.9415075164892264,45.96378997434274,30,10,0,0,51,24,12,10,100,30,45,0.05,0.15
SHORTEST_PULSE,524027,88.43675922019901,3.320312655879998,35.801403529711024,27,13,0,2,51,24,12,10,100,30,45,0.05,0.15
METROLOGY_CONDITIONED_EIG,524027,84.34089878029418,4.168381938492619,36.079075586373584,26,14,0,2,51,24,12,10,100,30,45,0.05,0.15
NO_PASSIVE,524028,479.5381523911612,5.189265957229557,445.27923823147125,0,0,0,0,60,24,12,10,100,30,45,0.05,0.15
RANDOM,524028,94.59689478552816,3.8047902432836134,28.342970416218595,39,7,0,3,60,24,12,10,100,30,45,0.05,0.15
HIGHEST_SNR,524028,108.59392702739613,4.3080789649496465,29.758321158010727,38,8,0,3,60,24,12,10,100,30,45,0.05,0.15
SHORTEST_PULSE,524028,110.41838730657874,4.186139229133309,30.11248124610251,37,9,0,3,60,24,12,10,100,30,45,0.05,0.15
METROLOGY_CONDITIONED_EIG,524028,108.83833258930325,4.12944335630535,29.12816228183297,36,10,0,3,60,24,12,10,100,30,45,0.05,0.15
NO_PASSIVE,524029,686.8902417711273,2.039181621131893,445.27923823147125,0,0,0,0,92,24,12,10,100,30,45,0.05,0.15
RANDOM,524029,32.58611157988246,1.6523884581625947,24.94193283836328,42,8,0,3,92,24,12,10,100,30,45,0.05,0.15
HIGHEST_SNR,524029,47.10432914748504,2.2281467687524987,22.243969366837558,41,9,0,0,92,24,12,10,100,30,45,0.05,0.15
SHORTEST_PULSE,524029,52.33153736010508,2.1996040711830958,24.396335218949623,41,9,0,0,92,24,12,10,100,30,45,0.05,0.15
METROLOGY_CONDITIONED_EIG,524029,45.874828749991565,2.1241850618430624,23.372248573473826,40,10,0,0,92,24,12,10,100,30,45,0.05,0.15
NO_PASSIVE,525000,324.3433217100233,5.851528209980747,445.27923823147125,0,0,0,0,44,25,12,10,100,30,45,0.15,0.0
RANDOM,525000,72.55235073107444,4.351313048420293,59.83123221079318,26,5,0,0,44,25,12,10,100,30,45,0.15,0.0
HIGHEST_SNR,525000,165.0650282410695,6.329308352005662,68.35152745562758,25,6,0,0,44,25,12,10,100,30,45,0.15,0.0
SHORTEST_PULSE,525000,178.41330723099205,5.408312079046457,66.77232488325096,26,5,0,0,44,25,12,10,100,30,45,0.15,0.0
METROLOGY_CONDITIONED_EIG,525000,116.35943751647392,4.450302047306149,58.127550350934555,24,7,0,0,44,25,12,10,100,30,45,0.15,0.0
NO_PASSIVE,525001,734.8209918390797,3.584028513210653,445.27923823147125,0,0,0,0,24,25,12,10,100,30,45,0.15,0.0
RANDOM,525001,1409.1417876494766,4.038639383297567,146.03311760052645,4,17,1,0,24,25,12,10,100,30,45,0.15,0.0
HIGHEST_SNR,525001,1409.1417876494766,4.038639383297567,146.03311760052645,4,17,1,0,24,25,12,10,100,30,45,0.15,0.0
SHORTEST_PULSE,525001,1409.1417876494766,4.038639383297567,146.03311760052645,4,17,1,0,24,25,12,10,100,30,45,0.15,0.0
METROLOGY_CONDITIONED_EIG,525001,871.583656630915,3.840484795595943,114.7712518754626,7,14,1,0,24,25,12,10,100,30,45,0.15,0.0
NO_PASSIVE,525002,551.7832825552232,4.314407841202826,445.27923823147125,0,0,0,0,48,25,12,10,100,30,45,0.15,0.0
RANDOM,525002,76.47988070919884,3.1885930848877586,30.201038194315238,32,6,0,0,48,25,12,10,100,30,45,0.15,0.0
HIGHEST_SNR,525002,73.0589480697471,3.1115501392805704,29.90753019865503,31,7,0,0,48,25,12,10,100,30,45,0.15,0.0
SHORTEST_PULSE,525002,73.0589480697471,3.1115501392805704,29.90753019865503,31,7,0,0,48,25,12,10,100,30,45,0.15,0.0
METROLOGY_CONDITIONED_EIG,525002,75.0742240081941,3.1210438711844826,29.75466772537065,31,7,0,0,48,25,12,10,100,30,45,0.15,0.0
NO_PASSIVE,525003,417.2948725478806,5.289065858654567,445.27923823147125,0,0,0,0,82,25,12,10,100,30,45,0.15,0.0
RANDOM,525003,20.680102343130915,1.570619305264199,32.91601233369397,35,6,0,0,82,25,12,10,100,30,45,0.15,0.0
HIGHEST_SNR,525003,25.816257478220276,1.8796154351082965,34.84943252047476,38,3,0,0,82,25,12,10,100,30,45,0.15,0.0
SHORTEST_PULSE,525003,49.1555588759411,2.0712897352626025,27.987159861934725,36,5,0,0,82,25,12,10,100,30,45,0.15,0.0
METROLOGY_CONDITIONED_EIG,525003,46.93670730479029,1.7782911387348994,27.03825364378256,35,6,0,0,82,25,12,10,100,30,45,0.15,0.0
NO_PASSIVE,525004,187.48533811530575,3.549217552403505,445.27923823147125,0,0,0,0,89,25,12,10,100,30,45,0.15,0.0
RANDOM,525004,10.416958972988589,0.4900064275809702,21.738941246454868,44,8,0,0,89,25,12,10,100,30,45,0.15,0.0
HIGHEST_SNR,525004,39.99654969301715,1.3889452658111705,21.438005988266966,42,10,0,0,89,25,12,10,100,30,45,0.15,0.0
SHORTEST_PULSE,525004,52.31399626768539,1.841798907790961,20.90084879303119,41,11,0,0,89,25,12,10,100,30,45,0.15,0.0
METROLOGY_CONDITIONED_EIG,525004,57.019708859588,2.084208592141689,21.0162043404169,41,11,0,0,89,25,12,10,100,30,45,0.15,0.0
NO_PASSIVE,525005,233.2136000994699,3.0537702366184925,445.27923823147125,0,0,0,0,88,25,12,10,100,30,45,0.15,0.0
RANDOM,525005,42.31705988330732,2.0129969735126507,25.910918832462773,45,12,1,0,88,25,12,10,100,30,45,0.15,0.0
HIGHEST_SNR,525005,24.91487963225045,1.5163191531208442,24.347563170433276,47,10,0,0,88,25,12,10,100,30,45,0.15,0.0
SHORTEST_PULSE,525005,33.08355727163708,1.6275721974806245,22.37594576987393,46,11,0,0,88,25,12,10,100,30,45,0.15,0.0
METROLOGY_CONDITIONED_EIG,525005,31.95341260277404,1.6317411449852464,22.163687139315485,47,10,0,0,88,25,12,10,100,30,45,0.15,0.0
NO_PASSIVE,525006,155.26445487854562,2.970748452120615,445.27923823147125,0,0,0,0,9,25,12,10,100,30,45,0.15,0.0
RANDOM,525006,113.99170005419917,3.7719261605586976,69.60254844889076,6,3,0,0,9,25,12,10,100,30,45,0.15,0.0
HIGHEST_SNR,525006,113.99170005419917,3.7719261605586976,69.60254844889076,6,3,0,0,9,25,12,10,100,30,45,0.15,0.0
SHORTEST_PULSE,525006,113.99170005419917,3.7719261605586976,69.60254844889076,6,3,0,0,9,25,12,10,100,30,45,0.15,0.0
METROLOGY_CONDITIONED_EIG,525006,113.99170005419917,3.7719261605586976,69.60254844889076,6,3,0,0,9,25,12,10,100,30,45,0.15,0.0
NO_PASSIVE,525007,388.55722901542043,4.315519601779836,445.27923823147125,0,0,0,0,61,25,12,10,100,30,45,0.15,0.0
RANDOM,525007,73.19789039356873,3.317226312553474,56.17709466003698,38,4,0,0,61,25,12,10,100,30,45,0.15,0.0
HIGHEST_SNR,525007,149.83421257240767,1.6723450892777207,73.00259144101952,38,4,0,0,61,25,12,10,100,30,45,0.15,0.0
SHORTEST_PULSE,525007,37.368686581819894,2.3102151373455495,46.10232683358097,39,3,0,0,61,25,12,10,100,30,45,0.15,0.0
METROLOGY_CONDITIONED_EIG,525007,31.035977343546463,2.2267899950677754,46.1937014243018,39,3,0,0,61,25,12,10,100,30,45,0.15,0.0
NO_PASSIVE,525008,66.84953529729304,1.8801842274966356,445.27923823147125,0,0,0,0,26,25,12,10,100,30,45,0.15,0.0
RANDOM,525008,89.97785529787068,2.3866571507106578,186.71944988565278,23,3,0,0,26,25,12,10,100,30,45,0.15,0.0
HIGHEST_SNR,525008,89.97785529787068,2.3866571507106578,186.71944988565278,23,3,0,0,26,25,12,10,100,30,45,0.15,0.0
SHORTEST_PULSE,525008,89.97785529787068,2.3866571507106578,186.71944988565278,23,3,0,0,26,25,12,10,100,30,45,0.15,0.0
METROLOGY_CONDITIONED_EIG,525008,89.97785529787068,2.3866571507106578,186.71944988565278,23,3,0,0,26,25,12,10,100,30,45,0.15,0.0
NO_PASSIVE,525009,90.4482811936527,4.013941533268283,445.27923823147125,0,0,0,0,72,25,12,10,100,30,45,0.15,0.0
RANDOM,525009,75.55572632811248,3.691123486069719,48.80624918837102,36,10,0,0,72,25,12,10,100,30,45,0.15,0.0
HIGHEST_SNR,525009,52.364968438380764,2.6890065234347142,70.25621910851041,38,8,0,0,72,25,12,10,100,30,45,0.15,0.0
SHORTEST_PULSE,525009,31.99229402038228,2.6936504904090888,56.99586180049772,37,9,0,0,72,25,12,10,100,30,45,0.15,0.0
METROLOGY_CONDITIONED_EIG,525009,65.89336014562953,3.529694322406388,44.42445915264264,37,9,0,0,72,25,12,10,100,30,45,0.15,0.0
NO_PASSIVE,525010,263.7932758731532,6.015530065743473,445.27923823147125,0,0,0,0,81,25,12,10,100,30,45,0.15,0.0
RANDOM,525010,57.460335559348145,2.413466518896289,26.61255222473599,50,7,0,0,81,25,12,10,100,30,45,0.15,0.0
HIGHEST_SNR,525010,50.64013081939399,2.4318132733683973,32.05571453110277,54,3,0,0,81,25,12,10,100,30,45,0.15,0.0
SHORTEST_PULSE,525010,105.4986469406949,3.5065926704077226,35.24713405811528,44,13,0,0,81,25,12,10,100,30,45,0.15,0.0
METROLOGY_CONDITIONED_EIG,525010,48.85690799024143,2.176484842871894,26.607989448341876,51,6,0,0,81,25,12,10,100,30,45,0.15,0.0
NO_PASSIVE,525011,167.4833729737815,4.554537893335845,445.27923823147125,0,0,0,0,33,25,12,10,100,30,45,0.15,0.0
RANDOM,525011,129.8905553990847,3.532822613510019,38.753411305549335,25,3,0,0,33,25,12,10,100,30,45,0.15,0.0
HIGHEST_SNR,525011,174.97979148188946,4.449906583568483,44.25933782173705,25,3,0,0,33,25,12,10,100,30,45,0.15,0.0
SHORTEST_PULSE,525011,125.44780746538004,3.4787250127296603,38.155367325016435,25,3,0,0,33,25,12,10,100,30,45,0.15,0.0
METROLOGY_CONDITIONED_EIG,525011,125.44780746538004,3.4787250127296603,38.155367325016435,25,3,0,0,33,25,12,10,100,30,45,0.15,0.0
NO_PASSIVE,525012,166.2818642033967,1.8759627255995421,445.27923823147125,0,0,0,0,168,25,12,10,100,30,45,0.15,0.0
RANDOM,525012,15.981945251534292,0.5911063694233764,23.112506389491127,43,17,1,0,168,25,12,10,100,30,45,0.15,0.0
HIGHEST_SNR,525012,26.623425611447438,1.461317493298454,29.302416974666578,50,10,1,0,168,25,12,10,100,30,45,0.15,0.0
SHORTEST_PULSE,525012,522.7725210256075,1.4151228757572045,112.2511449566929,19,41,1,0,168,25,12,10,100,30,45,0.15,0.0
METROLOGY_CONDITIONED_EIG,525012,38.50868467779644,2.162233036696952,19.089959446248443,51,9,0,0,168,25,12,10,100,30,45,0.15,0.0
NO_PASSIVE,525013,18.851718923379412,3.598253652601536,445.27923823147125,0,0,0,0,53,25,12,10,100,30,45,0.15,0.0
RANDOM,525013,26.494702916386967,2.5358294587620565,39.34198271123233,29,3,0,0,53,25,12,10,100,30,45,0.15,0.0
HIGHEST_SNR,525013,33.40347788393331,2.248226295479825,41.552193778768405,29,3,0,0,53,25,12,10,100,30,45,0.15,0.0
SHORTEST_PULSE,525013,9.506761668663653,1.9061402461344965,44.14423307014038,30,2,0,0,53,25,12,10,100,30,45,0.15,0.0
METROLOGY_CONDITIONED_EIG,525013,39.99295649562036,2.256009444908037,38.04253701626228,30,2,0,0,53,25,12,10,100,30,45,0.15,0.0
NO_PASSIVE,525014,689.774763479447,6.327607414901176,445.27923823147125,0,0,0,0,97,25,12,10,100,30,45,0.15,0.0
RANDOM,525014,44.11386877103002,1.6192312716630717,22.993693401979602,44,11,0,0,97,25,12,10,100,30,45,0.15,0.0
HIGHEST_SNR,525014,58.659249391436255,2.3690492580833706,19.221290592566664,43,12,1,0,97,25,12,10,100,30,45,0.15,0.0
SHORTEST_PULSE,525014,46.08093368469959,1.9235610541075683,21.31117128108194,43,12,1,0,97,25,12,10,100,30,45,0.15,0.0
METROLOGY_CONDITIONED_EIG,525014,58.01289059798445,2.3411489933326894,19.60227469735344,40,15,1,0,97,25,12,10,100,30,45,0.15,0.0
NO_PASSIVE,525015,682.6358058656049,5.008604964724774,445.27923823147125,0,0,0,0,104,25,12,10,100,30,45,0.15,0.0
RANDOM,525015,36.247979539770874,1.3890566616057967,22.291854998464522,37,1,0,0,104,25,12,10,100,30,45,0.15,0.0
HIGHEST_SNR,525015,49.7768861568675,2.4886477630417447,25.874164998892265,35,3,0,0,104,25,12,10,100,30,45,0.15,0.0
SHORTEST_PULSE,525015,28.01662723662059,1.4907853120240497,19.557498031771452,34,4,0,0,104,25,12,10,100,30,45,0.15,0.0
METROLOGY_CONDITIONED_EIG,525015,36.97572524166613,1.530695551335239,19.648094242922433,36,2,0,0,104,25,12,10,100,30,45,0.15,0.0
NO_PASSIVE,525016,367.1352136027265,4.331244262006417,445.27923823147125,0,0,0,0,26,25,12,10,100,30,45,0.15,0.0
RANDOM,525016,108.08545057382482,3.2134277964875797,36.71039872675608,20,3,0,0,26,25,12,10,100,30,45,0.15,0.0
HIGHEST_SNR,525016,108.40999112824878,3.386631748296992,47.00697358637036,20,3,0,0,26,25,12,10,100,30,45,0.15,0.0
SHORTEST_PULSE,525016,108.08545057382482,3.2134277964875797,36.71039872675608,20,3,0,0,26,25,12,10,100,30,45,0.15,0.0
METROLOGY_CONDITIONED_EIG,525016,110.45371782153983,3.420617453330167,36.685160707244215,20,3,0,0,26,25,12,10,100,30,45,0.15,0.0
NO_PASSIVE,525017,177.5224827276502,5.743016028375261,445.27923823147125,0,0,0,0,108,25,12,10,100,30,45,0.15,0.0
RANDOM,525017,64.57979639057284,3.4067281166502688,36.75856775298671,52,8,0,0,108,25,12,10,100,30,45,0.15,0.0
HIGHEST_SNR,525017,66.07299503867893,3.545036322864772,36.60406229767863,53,7,0,0,108,25,12,10,100,30,45,0.15,0.0
SHORTEST_PULSE,525017,89.77220756460493,3.922384354014178,34.65460685667725,56,4,0,0,108,25,12,10,100,30,45,0.15,0.0
METROLOGY_CONDITIONED_EIG,525017,72.70912124338037,3.1787226302978984,31.478366822357955,50,10,0,0,108,25,12,10,100,30,45,0.15,0.0
NO_PASSIVE,525018,1028.9828354365548,6.826299032104797,445.27923823147125,0,0,0,0,151,25,12,10,100,30,45,0.15,0.0
RANDOM,525018,4.953671283393541,0.1029190126589028,25.668863452640213,44,13,1,0,151,25,12,10,100,30,45,0.15,0.0
HIGHEST_SNR,525018,5.499214457425933,2.7126832245253447,46.47828255777122,45,12,1,0,151,25,12,10,100,30,45,0.15,0.0
SHORTEST_PULSE,525018,79.67379514695806,1.768370253569922,41.30907404065758,50,7,0,0,151,25,12,10,100,30,45,0.15,0.0
METROLOGY_CONDITIONED_EIG,525018,22.448745058277343,1.3574188112251404,18.209825891027105,49,8,0,0,151,25,12,10,100,30,45,0.15,0.0
NO_PASSIVE,525019,719.1572684673579,6.254652698066798,445.27923823147125,0,0,0,0,35,25,12,10,100,30,45,0.15,0.0
RANDOM,525019,42.43991044461225,3.2806144529110317,49.57301803599773,25,4,0,0,35,25,12,10,100,30,45,0.15,0.0
HIGHEST_SNR,525019,60.09769566595933,3.1073254107643793,57.00708712245428,25,4,0,0,35,25,12,10,100,30,45,0.15,0.0
SHORTEST_PULSE,525019,48.66240893221106,3.3704438167244923,48.76678592884502,25,4,0,0,35,25,12,10,100,30,45,0.15,0.0
METROLOGY_CONDITIONED_EIG,525019,60.84143068557435,3.445331553938353,49.322643441282366,25,4,0,0,35,25,12,10,100,30,45,0.15,0.0
NO_PASSIVE,525020,615.1647606510668,1.4323484382003244,445.27923823147125,0,0,0,0,43,25,12,10,100,30,45,0.15,0.0
RANDOM,525020,86.02377956450549,2.7442830905394926,47.08211984907201,26,9,0,0,43,25,12,10,100,30,45,0.15,0.0
HIGHEST_SNR,525020,35.36669647631989,1.435830697125775,52.11588820144121,27,8,0,0,43,25,12,10,100,30,45,0.15,0.0
SHORTEST_PULSE,525020,59.64091302170756,1.8349649721495094,42.27604175891726,25,10,0,0,43,25,12,10,100,30,45,0.15,0.0
METROLOGY_CONDITIONED_EIG,525020,59.64091302170756,1.8349649721495094,42.27604175891726,25,10,0,0,43,25,12,10,100,30,45,0.15,0.0
NO_PASSIVE,525021,648.5890543098856,3.6288367535233395,445.27923823147125,0,0,0,0,58,25,12,10,100,30,45,0.15,0.0
RANDOM,525021,32.36010551494874,2.04927611014689,32.51902247756062,34,6,0,0,58,25,12,10,100,30,45,0.15,0.0
HIGHEST_SNR,525021,65.78238496075004,2.2212961651045577,36.4243282452121,32,8,0,0,58,25,12,10,100,30,45,0.15,0.0
SHORTEST_PULSE,525021,87.42115774546106,2.284081258310926,33.64417240034015,31,9,0,0,58,25,12,10,100,30,45,0.15,0.0
METROLOGY_CONDITIONED_EIG,525021,67.47103251628037,1.9302535686172682,33.86754043231421,32,8,0,0,58,25,12,10,100,30,45,0.15,0.0
NO_PASSIVE,525022,577.4384957269712,6.4298990034042935,445.27923823147125,0,0,0,0,137,25,12,10,100,30,45,0.15,0.0
RANDOM,525022,38.78019370734582,2.1628431713225096,24.656203148228208,40,8,0,0,137,25,12,10,100,30,45,0.15,0.0
HIGHEST_SNR,525022,146.95084863557986,4.668554053243373,55.63381002570835,43,5,0,0,137,25,12,10,100,30,45,0.15,0.0
SHORTEST_PULSE,525022,19.20254023389253,1.5407249249245272,18.677020567188496,40,8,0,0,137,25,12,10,100,30,45,0.15,0.0
METROLOGY_CONDITIONED_EIG,525022,19.724115236764735,1.4804675555035955,18.774264902341503,40,8,0,0,137,25,12,10,100,30,45,0.15,0.0
NO_PASSIVE,525023,59.02078115472116,2.679181942254362,445.27923823147125,0,0,0,0,150,25,12,10,100,30,45,0.15,0.0
RANDOM,525023,36.22156227430637,2.204828962618955,26.41713424586367,52,8,0,0,150,25,12,10,100,30,45,0.15,0.0
HIGHEST_SNR,525023,42.65803892869371,2.866122197931273,48.54851701030561,49,11,0,0,150,25,12,10,100,30,45,0.15,0.0
SHORTEST_PULSE,525023,15.485297074773348,1.4625515618440519,26.45143059937635,51,9,0,0,150,25,12,10,100,30,45,0.15,0.0
METROLOGY_CONDITIONED_EIG,525023,26.489684350519852,1.4782190152289145,25.173508115930048,48,12,0,0,150,25,12,10,100,30,45,0.15,0.0
NO_PASSIVE,525024,361.94364356072737,6.51400155340805,445.27923823147125,0,0,0,0,46,25,12,10,100,30,45,0.15,0.0
RANDOM,525024,39.16421134724293,2.592828398669167,32.94493800736847,31,6,0,0,46,25,12,10,100,30,45,0.15,0.0
HIGHEST_SNR,525024,59.5925716810942,3.0184974856072446,38.13115301771208,31,6,0,0,46,25,12,10,100,30,45,0.15,0.0
SHORTEST_PULSE,525024,54.1457127977895,3.2987440612005443,32.19484296404267,30,7,0,0,46,25,12,10,100,30,45,0.15,0.0
METROLOGY_CONDITIONED_EIG,525024,53.513129979212685,3.209666506200078,32.21755772367526,30,7,0,0,46,25,12,10,100,30,45,0.15,0.0
NO_PASSIVE,525025,222.54519840083822,3.685072839831475,445.27923823147125,0,0,0,0,24,25,12,10,100,30,45,0.15,0.0
RANDOM,525025,29.752580127109784,2.444577987163049,57.9676429898128,18,1,0,0,24,25,12,10,100,30,45,0.15,0.0
HIGHEST_SNR,525025,25.863352836643575,2.9360261856263383,63.60442257834556,19,0,0,0,24,25,12,10,100,30,45,0.15,0.0
SHORTEST_PULSE,525025,41.52641616043936,1.8512244368514283,57.72954463794602,18,1,0,0,24,25,12,10,100,30,45,0.15,0.0
METROLOGY_CONDITIONED_EIG,525025,29.752580127109784,2.444577987163049,57.9676429898128,18,1,0,0,24,25,12,10,100,30,45,0.15,0.0
NO_PASSIVE,525026,820.7606165234104,5.128972995418006,445.27923823147125,0,0,0,0,83,25,12,10,100,30,45,0.15,0.0
RANDOM,525026,52.20929869692943,3.3591608844525775,34.98911958846458,37,4,0,0,83,25,12,10,100,30,45,0.15,0.0
HIGHEST_SNR,525026,86.50033395001022,4.039206496276941,43.30750459242888,35,6,0,0,83,25,12,10,100,30,45,0.15,0.0
SHORTEST_PULSE,525026,64.29553642431266,3.9795291902949046,35.162335816754485,32,9,1,0,83,25,12,10,100,30,45,0.15,0.0
METROLOGY_CONDITIONED_EIG,525026,49.05044913174149,3.564571771040842,32.84733210306039,31,10,1,0,83,25,12,10,100,30,45,0.15,0.0
NO_PASSIVE,525027,137.23219077981423,1.1404796248477995,445.27923823147125,0,0,0,0,106,25,12,10,100,30,45,0.15,0.0
RANDOM,525027,24.79433008041363,0.6006582011274935,24.433260274583546,45,10,0,0,106,25,12,10,100,30,45,0.15,0.0
HIGHEST_SNR,525027,30.70044679072271,1.3690784343255282,45.939878056830075,45,10,0,0,106,25,12,10,100,30,45,0.15,0.0
SHORTEST_PULSE,525027,13.582705057072918,0.4996840566035098,19.035292993931748,45,10,0,0,106,25,12,10,100,30,45,0.15,0.0
METROLOGY_CONDITIONED_EIG,525027,22.72774035172815,0.8533842455132086,19.350490357702125,44,11,0,0,106,25,12,10,100,30,45,0.15,0.0
NO_PASSIVE,525028,70.86606459659835,3.9350608405049954,445.27923823147125,0,0,0,0,58,25,12,10,100,30,45,0.15,0.0
RANDOM,525028,21.221235335603666,2.270115113050772,33.399990998911804,36,5,0,0,58,25,12,10,100,30,45,0.15,0.0
HIGHEST_SNR,525028,14.371967286975046,1.9893171330334483,34.70823933158821,36,5,0,0,58,25,12,10,100,30,45,0.15,0.0
SHORTEST_PULSE,525028,91.70515551204353,3.848542684996527,31.496227770635972,35,6,0,0,58,25,12,10,100,30,45,0.15,0.0
METROLOGY_CONDITIONED_EIG,525028,55.69550005965485,2.8412692732405778,29.85283770723217,35,6,0,0,58,25,12,10,100,30,45,0.15,0.0
NO_PASSIVE,525029,214.89409155372493,6.325481257816024,445.27923823147125,0,0,0,0,86,25,12,10,100,30,45,0.15,0.0
RANDOM,525029,37.95161894781114,2.953634534863313,36.797192707177395,46,12,0,0,86,25,12,10,100,30,45,0.15,0.0
HIGHEST_SNR,525029,42.34275968354517,2.7808464386774254,36.884898599368256,49,9,0,0,86,25,12,10,100,30,45,0.15,0.0
SHORTEST_PULSE,525029,77.84924347580967,3.706233039838709,37.28718865985382,42,16,0,0,86,25,12,10,100,30,45,0.15,0.0
METROLOGY_CONDITIONED_EIG,525029,53.84187232509568,2.9853566307415114,36.699243000061166,43,15,0,0,86,25,12,10,100,30,45,0.15,0.0
NO_PASSIVE,526000,506.1727127837426,2.6082638395047795,445.27923823147125,0,0,0,0,44,26,12,10,100,30,45,0.15,0.05
RANDOM,526000,41.0281170547005,2.011145235231531,31.85096160558724,30,7,0,0,44,26,12,10,100,30,45,0.15,0.05
HIGHEST_SNR,526000,59.89181638907298,2.366416088648911,59.30235915471789,32,5,0,0,44,26,12,10,100,30,45,0.15,0.05
SHORTEST_PULSE,526000,52.19642381766906,2.811314181129044,31.245457191086807,31,6,0,0,44,26,12,10,100,30,45,0.15,0.05
METROLOGY_CONDITIONED_EIG,526000,53.218590431475064,2.3313655626146006,31.564188820606002,32,5,0,0,44,26,12,10,100,30,45,0.15,0.05
NO_PASSIVE,526001,189.8988959120801,5.758646973457694,445.27923823147125,0,0,0,0,140,26,12,10,100,30,45,0.15,0.05
RANDOM,526001,32.0155426665894,2.1278724025586646,20.583702592549976,37,11,0,0,140,26,12,10,100,30,45,0.15,0.05
HIGHEST_SNR,526001,108.04054036499281,3.8818579318837303,25.47946428428276,32,16,0,0,140,26,12,10,100,30,45,0.15,0.05
SHORTEST_PULSE,526001,74.10577864813719,3.3500167271344488,22.651960589003508,34,14,0,0,140,26,12,10,100,30,45,0.15,0.05
METROLOGY_CONDITIONED_EIG,526001,56.51416116682849,2.4885716703504137,18.914772659781285,37,11,0,0,140,26,12,10,100,30,45,0.15,0.05
NO_PASSIVE,526002,566.8386428684851,3.1458977467613543,445.27923823147125,0,0,0,0,81,26,12,10,100,30,45,0.15,0.05
RANDOM,526002,63.35004557428608,1.8367759777220973,44.14400941231671,33,9,0,1,81,26,12,10,100,30,45,0.15,0.05
HIGHEST_SNR,526002,12.83034300351271,0.6780224389738488,31.310341883650658,36,6,0,1,81,26,12,10,100,30,45,0.15,0.05
SHORTEST_PULSE,526002,7.228183041544875,0.602573611833935,35.23292158254282,34,8,0,1,81,26,12,10,100,30,45,0.15,0.05
METROLOGY_CONDITIONED_EIG,526002,11.32509597452562,0.5845946736068754,35.0317779430707,33,9,0,2,81,26,12,10,100,30,45,0.15,0.05
NO_PASSIVE,526003,542.5975108337758,8.086762396890181,445.27923823147125,0,0,0,0,63,26,12,10,100,30,45,0.15,0.05
RANDOM,526003,240.80046333954917,7.5065223598780975,56.842666592651966,35,11,0,0,63,26,12,10,100,30,45,0.15,0.05
HIGHEST_SNR,526003,276.21597122672694,8.490887798277864,65.63891974192674,36,10,0,0,63,26,12,10,100,30,45,0.15,0.05
SHORTEST_PULSE,526003,208.62715075738745,6.539032069659722,56.80167028685489,34,12,0,0,63,26,12,10,100,30,45,0.15,0.05
METROLOGY_CONDITIONED_EIG,526003,215.61965086325017,6.747197374079567,56.72299571017102,34,12,0,0,63,26,12,10,100,30,45,0.15,0.05
NO_PASSIVE,526004,409.2790403344906,4.057491040671826,445.27923823147125,0,0,0,0,45,26,12,10,100,30,45,0.15,0.05
RANDOM,526004,17.907518207879612,1.4029986707694009,30.88209986047029,24,6,0,0,45,26,12,10,100,30,45,0.15,0.05
HIGHEST_SNR,526004,13.806639651416795,1.5371596045752434,34.85988895386271,24,6,1,0,45,26,12,10,100,30,45,0.15,0.05
SHORTEST_PULSE,526004,16.077213614924442,1.2438052499997807,28.2508002166469,22,8,0,0,45,26,12,10,100,30,45,0.15,0.05
METROLOGY_CONDITIONED_EIG,526004,25.693842383047333,1.5300220860939284,27.757343083197778,23,7,0,0,45,26,12,10,100,30,45,0.15,0.05
NO_PASSIVE,526005,444.1402384425038,8.449782890643297,445.27923823147125,0,0,0,0,42,26,12,10,100,30,45,0.15,0.05
RANDOM,526005,65.57057381090105,3.0513372866638813,47.37856488900422,27,9,0,0,42,26,12,10,100,30,45,0.15,0.05
HIGHEST_SNR,526005,65.88261628295292,3.247246413816521,54.0196559145758,25,11,0,0,42,26,12,10,100,30,45,0.15,0.05
SHORTEST_PULSE,526005,82.44080465300975,2.8457195366576014,35.193610156216366,27,9,0,0,42,26,12,10,100,30,45,0.15,0.05
METROLOGY_CONDITIONED_EIG,526005,84.62429217527745,3.1552682749490475,35.3693186531517,26,10,0,0,42,26,12,10,100,30,45,0.15,0.05
NO_PASSIVE,526006,424.5020919449492,2.949209306186017,445.27923823147125,0,0,0,0,70,26,12,10,100,30,45,0.15,0.05
RANDOM,526006,39.65556258555523,2.8361218212149493,31.04972348358803,30,6,0,0,70,26,12,10,100,30,45,0.15,0.05
HIGHEST_SNR,526006,64.07263511982735,3.140008430330283,38.014901527973535,28,8,0,0,70,26,12,10,100,30,45,0.15,0.05
SHORTEST_PULSE,526006,43.93736306975435,2.8123718800575594,28.445971655970073,31,5,0,0,70,26,12,10,100,30,45,0.15,0.05
METROLOGY_CONDITIONED_EIG,526006,31.920187264806792,2.3109199469233226,28.386909172722646,31,5,0,0,70,26,12,10,100,30,45,0.15,0.05
NO_PASSIVE,526007,818.1914441093419,6.022564706113905,445.27923823147125,0,0,0,0,161,26,12,10,100,30,45,0.15,0.05
RANDOM,526007,64.50084968450649,2.5521985695255096,33.71825094324812,50,9,0,0,161,26,12,10,100,30,45,0.15,0.05
HIGHEST_SNR,526007,184.49317455702095,4.2596646028182645,53.41695498921835,49,10,0,0,161,26,12,10,100,30,45,0.15,0.05
SHORTEST_PULSE,526007,39.386165988309365,1.86615638257208,16.95743117988687,49,10,0,0,161,26,12,10,100,30,45,0.15,0.05
METROLOGY_CONDITIONED_EIG,526007,39.96658232098484,1.8502816877125312,16.98014792501199,47,12,0,0,161,26,12,10,100,30,45,0.15,0.05
NO_PASSIVE,526008,670.3226024419811,7.28935087077337,445.27923823147125,0,0,0,0,15,26,12,10,100,30,45,0.15,0.05
RANDOM,526008,192.6721927621431,6.91439422637605,58.09913126507038,10,3,0,0,15,26,12,10,100,30,45,0.15,0.05
HIGHEST_SNR,526008,194.2702288683786,6.563460168482311,57.842011944097585,10,3,0,0,15,26,12,10,100,30,45,0.15,0.05
SHORTEST_PULSE,526008,192.6721927621431,6.91439422637605,58.09913126507038,10,3,0,0,15,26,12,10,100,30,45,0.15,0.05
METROLOGY_CONDITIONED_EIG,526008,194.67891809290978,6.5585050708474375,57.54314848097537,11,2,0,0,15,26,12,10,100,30,45,0.15,0.05
NO_PASSIVE,526009,174.48921431999372,5.95304356695304,445.27923823147125,0,0,0,0,65,26,12,10,100,30,45,0.15,0.05
RANDOM,526009,80.35609914693408,3.9841236866976857,40.33682036160208,33,9,0,1,65,26,12,10,100,30,45,0.15,0.05
HIGHEST_SNR,526009,86.19419875521145,4.056891258273379,51.21676775973524,33,9,0,1,65,26,12,10,100,30,45,0.15,0.05
SHORTEST_PULSE,526009,76.63670058621794,4.068038092004016,37.26317266265415,33,9,0,1,65,26,12,10,100,30,45,0.15,0.05
METROLOGY_CONDITIONED_EIG,526009,79.6784438997291,4.1396319599480575,36.60824809088182,33,9,0,1,65,26,12,10,100,30,45,0.15,0.05
NO_PASSIVE,526010,254.93235097585284,3.145124962047897,445.27923823147125,0,0,0,0,96,26,12,10,100,30,45,0.15,0.05
RANDOM,526010,111.00997789598902,6.997284421852072,41.179773137551095,23,17,1,2,96,26,12,10,100,30,45,0.15,0.05
HIGHEST_SNR,526010,213.5388311165366,5.911692199200077,49.050664540172164,17,23,0,2,96,26,12,10,100,30,45,0.15,0.05
SHORTEST_PULSE,526010,23.782721913643563,1.020524619737263,21.203441790668677,36,4,0,0,96,26,12,10,100,30,45,0.15,0.05
METROLOGY_CONDITIONED_EIG,526010,15.150442197949872,1.016184811750157,21.357673722158367,33,7,0,0,96,26,12,10,100,30,45,0.15,0.05
NO_PASSIVE,526011,542.0091515308418,3.333195581651818,445.27923823147125,0,0,0,0,98,26,12,10,100,30,45,0.15,0.05
RANDOM,526011,45.05888883712224,2.512957550859805,20.293044261541954,38,10,0,0,98,26,12,10,100,30,45,0.15,0.05
HIGHEST_SNR,526011,37.46328609086393,1.841584102540346,24.56703946044999,38,10,0,0,98,26,12,10,100,30,45,0.15,0.05
SHORTEST_PULSE,526011,63.2166890760896,2.5155232956240408,18.50014227586356,39,9,0,0,98,26,12,10,100,30,45,0.15,0.05
METROLOGY_CONDITIONED_EIG,526011,64.13968277458632,2.5584067864668323,18.567351511318833,39,9,0,0,98,26,12,10,100,30,45,0.15,0.05
NO_PASSIVE,526012,684.2755440601807,3.487708216120916,445.27923823147125,0,0,0,0,138,26,12,10,100,30,45,0.15,0.05
RANDOM,526012,40.35134990398989,2.1667086082822924,25.332441014617707,49,10,0,0,138,26,12,10,100,30,45,0.15,0.05
HIGHEST_SNR,526012,53.27964039328642,2.605609551429352,32.40543177333522,52,7,0,0,138,26,12,10,100,30,45,0.15,0.05
SHORTEST_PULSE,526012,25.647321613377198,1.3640637367632578,19.724878323847552,48,11,0,0,138,26,12,10,100,30,45,0.15,0.05
METROLOGY_CONDITIONED_EIG,526012,474.41155853793066,2.076416396118353,99.75427873042436,11,48,0,1,138,26,12,10,100,30,45,0.15,0.05
NO_PASSIVE,526013,785.7688902370619,7.1880592346953,445.27923823147125,0,0,0,0,13,26,12,10,100,30,45,0.15,0.05
RANDOM,526013,133.58959178148402,5.4231482798986566,57.715902072836855,12,1,0,0,13,26,12,10,100,30,45,0.15,0.05
HIGHEST_SNR,526013,133.58959178148402,5.4231482798986566,57.715902072836855,12,1,0,0,13,26,12,10,100,30,45,0.15,0.05
SHORTEST_PULSE,526013,133.58959178148402,5.4231482798986566,57.715902072836855,12,1,0,0,13,26,12,10,100,30,45,0.15,0.05
METROLOGY_CONDITIONED_EIG,526013,133.58959178148402,5.4231482798986566,57.715902072836855,12,1,0,0,13,26,12,10,100,30,45,0.15,0.05
NO_PASSIVE,526014,117.69270007443386,2.4512447548406073,445.27923823147125,0,0,0,0,38,26,12,10,100,30,45,0.15,0.05
RANDOM,526014,34.07374682925231,2.4042819456031252,28.469131272653183,25,6,0,0,38,26,12,10,100,30,45,0.15,0.05
HIGHEST_SNR,526014,30.488966420664102,2.1843532475001366,27.52849632758808,25,6,0,0,38,26,12,10,100,30,45,0.15,0.05
SHORTEST_PULSE,526014,39.67807151166987,2.3216256564448265,28.47817294085532,25,6,0,0,38,26,12,10,100,30,45,0.15,0.05
METROLOGY_CONDITIONED_EIG,526014,32.83519903709149,2.2475310314855537,28.07115689968985,24,7,0,0,38,26,12,10,100,30,45,0.15,0.05
NO_PASSIVE,526015,220.19342722777557,7.340351169556322,445.27923823147125,0,0,0,0,98,26,12,10,100,30,45,0.15,0.05
RANDOM,526015,73.33010693009693,3.7841691241425153,30.13521443453758,37,15,1,0,98,26,12,10,100,30,45,0.15,0.05
HIGHEST_SNR,526015,114.71768189529838,4.7735803426605266,32.08180793548858,44,8,1,0,98,26,12,10,100,30,45,0.15,0.05
SHORTEST_PULSE,526015,142.65733819875854,5.426926075849593,34.78558747711925,33,19,2,0,98,26,12,10,100,30,45,0.15,0.05
METROLOGY_CONDITIONED_EIG,526015,142.75891540734136,5.307428195019504,32.79374840205776,37,15,2,0,98,26,12,10,100,30,45,0.15,0.05
NO_PASSIVE,526016,468.58250986536535,4.859725533031441,445.27923823147125,0,0,0,0,12,26,12,10,100,30,45,0.15,0.05
RANDOM,526016,129.64918276589162,5.502394564529736,67.77238594015122,10,0,0,0,12,26,12,10,100,30,45,0.15,0.05
HIGHEST_SNR,526016,129.64918276589162,5.502394564529736,67.77238594015122,10,0,0,0,12,26,12,10,100,30,45,0.15,0.05
SHORTEST_PULSE,526016,129.64918276589162,5.502394564529736,67.77238594015122,10,0,0,0,12,26,12,10,100,30,45,0.15,0.05
METROLOGY_CONDITIONED_EIG,526016,23.464790310653115,3.2646899250202557,51.649186901026056,10,0,0,0,12,26,12,10,100,30,45,0.15,0.05
NO_PASSIVE,526017,616.2505830983752,6.951733631956397,445.27923823147125,0,0,0,0,91,26,12,10,100,30,45,0.15,0.05
RANDOM,526017,33.300827668973845,1.9928866435825376,22.720912338740185,43,4,2,0,91,26,12,10,100,30,45,0.15,0.05
HIGHEST_SNR,526017,31.639829832409845,2.257362567612186,25.18649186093439,43,4,2,0,91,26,12,10,100,30,45,0.15,0.05
SHORTEST_PULSE,526017,19.328718699077818,1.3321382608065124,21.760623794556047,43,4,2,0,91,26,12,10,100,30,45,0.15,0.05
METROLOGY_CONDITIONED_EIG,526017,26.33429445307767,1.3644177529246226,20.35565507758604,43,4,2,0,91,26,12,10,100,30,45,0.15,0.05
NO_PASSIVE,526018,286.38029189410935,3.61430222682483,445.27923823147125,0,0,0,0,48,26,12,10,100,30,45,0.15,0.05
RANDOM,526018,43.93091337943579,2.809816912737631,81.82524998232441,27,11,0,0,48,26,12,10,100,30,45,0.15,0.05
HIGHEST_SNR,526018,42.999802622202516,2.7975808183583086,82.06064984407305,29,9,0,0,48,26,12,10,100,30,45,0.15,0.05
SHORTEST_PULSE,526018,63.56300160249584,3.0218892482667,80.8425207591342,29,9,0,0,48,26,12,10,100,30,45,0.15,0.05
METROLOGY_CONDITIONED_EIG,526018,59.872989035219355,2.628669539321089,80.32801072779687,29,9,0,0,48,26,12,10,100,30,45,0.15,0.05
NO_PASSIVE,526019,463.4285284923816,1.9243835694807734,445.27923823147125,0,0,0,0,84,26,12,10,100,30,45,0.15,0.05
RANDOM,526019,38.33936358371414,1.7199321448420197,31.94393563822689,43,5,0,0,84,26,12,10,100,30,45,0.15,0.05
HIGHEST_SNR,526019,43.17310169478846,1.7486824174225697,36.8293258116924,41,7,0,0,84,26,12,10,100,30,45,0.15,0.05
SHORTEST_PULSE,526019,32.32972642761239,1.635873762257153,31.049710828519785,43,5,0,0,84,26,12,10,100,30,45,0.15,0.05
METROLOGY_CONDITIONED_EIG,526019,23.643427894744796,1.5971932584920714,29.781419867463697,43,5,0,0,84,26,12,10,100,30,45,0.15,0.05
NO_PASSIVE,526020,315.8751999384994,6.33725086766677,445.27923823147125,0,0,0,0,79,26,12,10,100,30,45,0.15,0.05
RANDOM,526020,40.9773870633059,2.586877072363959,17.5616539213611,44,7,0,1,79,26,12,10,100,30,45,0.15,0.05
HIGHEST_SNR,526020,43.43495749086193,2.442610460207631,19.175039394395522,43,8,0,0,79,26,12,10,100,30,45,0.15,0.05
SHORTEST_PULSE,526020,45.79933443293429,2.30050098499164,19.305839130774185,40,11,0,0,79,26,12,10,100,30,45,0.15,0.05
METROLOGY_CONDITIONED_EIG,526020,44.30308118032854,2.1807742736230926,19.514366152318264,38,13,0,0,79,26,12,10,100,30,45,0.15,0.05
NO_PASSIVE,526021,326.3877418661721,3.344265054194672,445.27923823147125,0,0,0,0,41,26,12,10,100,30,45,0.15,0.05
RANDOM,526021,50.68603510530234,1.4954707313234374,42.71770085599655,26,7,0,1,41,26,12,10,100,30,45,0.15,0.05
HIGHEST_SNR,526021,46.13294235106148,1.3965729295360259,40.500290152331964,27,6,0,1,41,26,12,10,100,30,45,0.15,0.05
SHORTEST_PULSE,526021,45.79625760551541,1.536514610798106,40.51886395961459,25,8,0,1,41,26,12,10,100,30,45,0.15,0.05
METROLOGY_CONDITIONED_EIG,526021,45.98763481665346,1.4184902636793677,40.51584555964038,26,7,0,1,41,26,12,10,100,30,45,0.15,0.05
NO_PASSIVE,526022,698.5684430939665,4.976820394002019,445.27923823147125,0,0,0,0,62,26,12,10,100,30,45,0.15,0.05
RANDOM,526022,73.29298228614356,3.0595806017025424,37.81065859928278,34,8,0,0,62,26,12,10,100,30,45,0.15,0.05
HIGHEST_SNR,526022,80.79685133864564,3.795722585938927,37.804374876775476,36,6,0,0,62,26,12,10,100,30,45,0.15,0.05
SHORTEST_PULSE,526022,75.02524736497072,3.099837758056024,35.64253303048152,31,11,0,0,62,26,12,10,100,30,45,0.15,0.05
METROLOGY_CONDITIONED_EIG,526022,71.45071341254376,2.930269762698135,35.53357672007602,32,10,0,0,62,26,12,10,100,30,45,0.15,0.05
NO_PASSIVE,526023,526.9956984612388,4.30043765487837,445.27923823147125,0,0,0,0,117,26,12,10,100,30,45,0.15,0.05
RANDOM,526023,4.245173224273522,1.478149232458684,21.489239246707083,44,8,0,1,117,26,12,10,100,30,45,0.15,0.05
HIGHEST_SNR,526023,19.7051645617521,1.4518590801958522,21.815920247078516,42,10,0,0,117,26,12,10,100,30,45,0.15,0.05
SHORTEST_PULSE,526023,32.79052791450701,1.807801500913379,21.327564362081542,44,8,0,0,117,26,12,10,100,30,45,0.15,0.05
METROLOGY_CONDITIONED_EIG,526023,15.161661947911167,1.3321410595967178,19.16464057338439,44,8,0,0,117,26,12,10,100,30,45,0.15,0.05
NO_PASSIVE,526024,131.17342441587513,3.4585011899544287,445.27923823147125,0,0,0,0,97,26,12,10,100,30,45,0.15,0.05
RANDOM,526024,34.55165982531795,1.9322949813879438,30.72208408336983,44,13,0,0,97,26,12,10,100,30,45,0.15,0.05
HIGHEST_SNR,526024,21.074711981163485,1.0811769744610402,33.40173152186764,46,11,0,0,97,26,12,10,100,30,45,0.15,0.05
SHORTEST_PULSE,526024,48.554884773904625,1.3882558126045697,37.83627974073586,45,12,0,0,97,26,12,10,100,30,45,0.15,0.05
METROLOGY_CONDITIONED_EIG,526024,48.69273907138562,2.300434217472597,28.952260968710963,43,14,0,0,97,26,12,10,100,30,45,0.15,0.05
NO_PASSIVE,526025,286.4144726988866,6.46116829922631,445.27923823147125,0,0,0,0,126,26,12,10,100,30,45,0.15,0.05
RANDOM,526025,47.554325567154635,2.3175116758803034,20.982730098494606,49,10,0,0,126,26,12,10,100,30,45,0.15,0.05
HIGHEST_SNR,526025,97.79785949740588,3.8292405603999127,30.208591138657646,52,7,0,0,126,26,12,10,100,30,45,0.15,0.05
SHORTEST_PULSE,526025,110.962016355166,3.9774706283379566,26.67500109529867,41,18,0,0,126,26,12,10,100,30,45,0.15,0.05
METROLOGY_CONDITIONED_EIG,526025,117.5882086805157,4.132643296565778,27.26438869819948,41,18,0,0,126,26,12,10,100,30,45,0.15,0.05
NO_PASSIVE,526026,223.35451476372208,3.5496606471866015,445.27923823147125,0,0,0,0,95,26,12,10,100,30,45,0.15,0.05
RANDOM,526026,43.815825393975985,2.7339037411881915,23.925821462225418,41,12,0,0,95,26,12,10,100,30,45,0.15,0.05
HIGHEST_SNR,526026,37.835971144730124,2.3848345169864196,25.76833561330888,40,13,0,0,95,26,12,10,100,30,45,0.15,0.05
SHORTEST_PULSE,526026,37.25967882865106,2.5677899912907343,22.185625024585462,42,11,0,0,95,26,12,10,100,30,45,0.15,0.05
METROLOGY_CONDITIONED_EIG,526026,41.68882786901788,2.4328198050103396,22.44037883961882,42,11,0,0,95,26,12,10,100,30,45,0.15,0.05
NO_PASSIVE,526027,969.9637147544839,8.06184790701461,445.27923823147125,0,0,0,0,94,26,12,10,100,30,45,0.15,0.05
RANDOM,526027,87.93376696630047,3.0903378380602486,29.06632837608615,37,8,0,0,94,26,12,10,100,30,45,0.15,0.05
HIGHEST_SNR,526027,150.347665390958,4.453596721015182,29.113711382113873,34,11,0,1,94,26,12,10,100,30,45,0.15,0.05
SHORTEST_PULSE,526027,140.31883289081696,4.290739702644889,25.78757645001719,33,12,0,1,94,26,12,10,100,30,45,0.15,0.05
METROLOGY_CONDITIONED_EIG,526027,142.21731469821512,4.235539860043216,25.115269760385956,37,8,0,1,94,26,12,10,100,30,45,0.15,0.05
NO_PASSIVE,526028,349.9555585245574,1.995527271170948,445.27923823147125,0,0,0,0,30,26,12,10,100,30,45,0.15,0.05
RANDOM,526028,34.30688468139368,2.2391317347862785,65.5693169325527,22,3,0,0,30,26,12,10,100,30,45,0.15,0.05
HIGHEST_SNR,526028,47.15838754190491,2.5927138083982926,70.68800837053983,22,3,0,1,30,26,12,10,100,30,45,0.15,0.05
SHORTEST_PULSE,526028,32.70780619494249,2.249457937191036,64.84392457952544,22,3,0,0,30,26,12,10,100,30,45,0.15,0.05
METROLOGY_CONDITIONED_EIG,526028,32.70780619494249,2.249457937191036,64.84392457952544,22,3,0,0,30,26,12,10,100,30,45,0.15,0.05
NO_PASSIVE,526029,790.8302035113217,4.228775933437341,445.27923823147125,0,0,0,0,140,26,12,10,100,30,45,0.15,0.05
RANDOM,526029,40.565534931620206,2.5561767562004527,28.133448780515664,40,16,0,1,140,26,12,10,100,30,45,0.15,0.05
HIGHEST_SNR,526029,87.9651821468391,3.50426533159994,42.45218408851462,41,15,1,2,140,26,12,10,100,30,45,0.15,0.05
SHORTEST_PULSE,526029,136.35713968876374,4.760353293043894,34.93634625256467,38,18,0,0,140,26,12,10,100,30,45,0.15,0.05
METROLOGY_CONDITIONED_EIG,526029,62.224709330391846,3.4159004294665842,23.856122594912154,22,34,0,1,140,26,12,10,100,30,45,0.15,0.05
NO_PASSIVE,527000,267.1231751186729,1.3599516118669683,445.27923823147125,0,0,0,0,151,27,12,10,100,30,45,0.15,0.15
RANDOM,527000,61.50052089131732,2.290391589573504,31.967191270936187,32,10,0,0,151,27,12,10,100,30,45,0.15,0.15
HIGHEST_SNR,527000,85.17507249832535,4.2922104245076165,34.654674548906684,27,15,0,1,151,27,12,10,100,30,45,0.15,0.15
SHORTEST_PULSE,527000,62.36292226551887,2.602176137398825,34.051666454453034,29,13,0,0,151,27,12,10,100,30,45,0.15,0.15
METROLOGY_CONDITIONED_EIG,527000,61.14214472327522,2.6339973598065636,30.861996752742265,28,14,0,1,151,27,12,10,100,30,45,0.15,0.15
NO_PASSIVE,527001,121.46336299052655,4.433861375630455,445.27923823147125,0,0,0,0,95,27,12,10,100,30,45,0.15,0.15
RANDOM,527001,30.218600488488025,1.8652112152424065,31.382215001568966,38,22,0,0,95,27,12,10,100,30,45,0.15,0.15
HIGHEST_SNR,527001,57.613080813348866,2.3176139993244647,42.48271987565784,42,18,0,1,95,27,12,10,100,30,45,0.15,0.15
SHORTEST_PULSE,527001,145.0480913245016,6.0262150529026055,34.69611659029186,34,26,1,0,95,27,12,10,100,30,45,0.15,0.15
METROLOGY_CONDITIONED_EIG,527001,134.72029500575874,5.68323855814256,31.230268218868225,36,24,1,0,95,27,12,10,100,30,45,0.15,0.15
NO_PASSIVE,527002,184.75418766699272,4.13053237274267,445.27923823147125,0,0,0,0,129,27,12,10,100,30,45,0.15,0.15
RANDOM,527002,34.81900727594862,2.0863514383332835,26.571188517229785,46,8,0,0,129,27,12,10,100,30,45,0.15,0.15
HIGHEST_SNR,527002,39.507010759366565,2.2646398360430005,25.70343142855266,47,7,0,0,129,27,12,10,100,30,45,0.15,0.15
SHORTEST_PULSE,527002,38.41560299460854,2.1580852741953573,34.33845835653381,41,13,0,0,129,27,12,10,100,30,45,0.15,0.15
METROLOGY_CONDITIONED_EIG,527002,40.520175228055216,2.269722171523778,23.85960628613736,42,12,0,0,129,27,12,10,100,30,45,0.15,0.15
NO_PASSIVE,527003,192.10154527195533,5.1271813781340185,445.27923823147125,0,0,0,0,61,27,12,10,100,30,45,0.15,0.15
RANDOM,527003,49.502931053288805,2.287747731722129,51.80204097021122,28,15,0,0,61,27,12,10,100,30,45,0.15,0.15
HIGHEST_SNR,527003,88.28608290406743,3.4932897380520287,59.37616526859315,33,10,0,0,61,27,12,10,100,30,45,0.15,0.15
SHORTEST_PULSE,527003,28.53832580113224,1.919639617811337,30.592970227413534,33,10,0,0,61,27,12,10,100,30,45,0.15,0.15
METROLOGY_CONDITIONED_EIG,527003,35.581119448213364,2.3427100064465827,30.07238384957003,31,12,1,0,61,27,12,10,100,30,45,0.15,0.15
NO_PASSIVE,527004,541.5900017462468,4.236566143587879,445.27923823147125,0,0,0,0,132,27,12,10,100,30,45,0.15,0.15
RANDOM,527004,39.945329997797465,1.9929946285109321,30.555290056380088,42,16,0,1,132,27,12,10,100,30,45,0.15,0.15
HIGHEST_SNR,527004,58.55244329256289,2.4384484398006006,28.389611585807685,46,12,0,2,132,27,12,10,100,30,45,0.15,0.15
SHORTEST_PULSE,527004,48.75362437517108,2.212739369770871,28.110862181228622,48,10,0,0,132,27,12,10,100,30,45,0.15,0.15
METROLOGY_CONDITIONED_EIG,527004,69.23838878343473,3.307832850570757,29.900724478859765,42,16,0,1,132,27,12,10,100,30,45,0.15,0.15
NO_PASSIVE,527005,326.0732550886894,6.609701444295419,445.27923823147125,0,0,0,0,27,27,12,10,100,30,45,0.15,0.15
RANDOM,527005,53.1228354853523,5.956521759765556,34.585395419597,13,10,0,0,27,27,12,10,100,30,45,0.15,0.15
HIGHEST_SNR,527005,53.81519032358437,6.065737982825435,34.44518448101856,14,9,0,0,27,27,12,10,100,30,45,0.15,0.15
SHORTEST_PULSE,527005,57.636149856168,5.374646765727203,34.650140287180115,14,9,0,0,27,27,12,10,100,30,45,0.15,0.15
METROLOGY_CONDITIONED_EIG,527005,60.02740795282573,5.295605899955098,34.92931514786032,14,9,0,0,27,27,12,10,100,30,45,0.15,0.15
NO_PASSIVE,527006,275.06395503782517,5.549179873418607,445.27923823147125,0,0,0,0,70,27,12,10,100,30,45,0.15,0.15
RANDOM,527006,47.501557312186215,2.6584598491395295,27.2592768170228,33,12,0,1,70,27,12,10,100,30,45,0.15,0.15
HIGHEST_SNR,527006,69.40072410869232,3.2279273537702,28.162825134256533,34,11,0,1,70,27,12,10,100,30,45,0.15,0.15
SHORTEST_PULSE,527006,63.81386669166692,3.1298103542656075,28.72329699093451,31,14,0,1,70,27,12,10,100,30,45,0.15,0.15
METROLOGY_CONDITIONED_EIG,527006,70.23457657167233,3.291980622539494,28.36054859521909,31,14,0,1,70,27,12,10,100,30,45,0.15,0.15
NO_PASSIVE,527007,191.07854445349338,4.490392723723003,445.27923823147125,0,0,0,0,134,27,12,10,100,30,45,0.15,0.15
RANDOM,527007,87.57125598677659,3.5878428351821965,29.165616513213738,36,15,0,0,134,27,12,10,100,30,45,0.15,0.15
HIGHEST_SNR,527007,105.66310358564886,4.003632243049629,27.711114727566518,34,17,0,0,134,27,12,10,100,30,45,0.15,0.15
SHORTEST_PULSE,527007,240.82192787566902,3.2071796227869966,75.31775756234983,27,24,0,2,134,27,12,10,100,30,45,0.15,0.15
METROLOGY_CONDITIONED_EIG,527007,62.42854526499556,2.655999219887164,24.519542961906758,35,16,0,0,134,27,12,10,100,30,45,0.15,0.15
NO_PASSIVE,527008,285.9590350824038,2.107478849557909,445.27923823147125,0,0,0,0,72,27,12,10,100,30,45,0.15,0.15
RANDOM,527008,503.33372417600935,2.7197469696674155,56.093323368038725,24,14,0,2,72,27,12,10,100,30,45,0.15,0.15
HIGHEST_SNR,527008,497.1292454812412,2.3612311665223147,56.479956724936265,24,14,0,2,72,27,12,10,100,30,45,0.15,0.15
SHORTEST_PULSE,527008,482.07412661211276,2.6594959068796022,49.91581185713291,23,15,0,2,72,27,12,10,100,30,45,0.15,0.15
METROLOGY_CONDITIONED_EIG,527008,75.11642700875842,3.13396553467203,54.7701823822856,22,16,0,0,72,27,12,10,100,30,45,0.15,0.15
NO_PASSIVE,527009,355.00009422471265,5.213956334886575,445.27923823147125,0,0,0,0,67,27,12,10,100,30,45,0.15,0.15
RANDOM,527009,117.24239024455733,3.139571877966697,53.2828526006069,34,16,0,0,67,27,12,10,100,30,45,0.15,0.15
HIGHEST_SNR,527009,198.26499078905022,4.7582798251250376,72.58434638430862,33,17,0,0,67,27,12,10,100,30,45,0.15,0.15
SHORTEST_PULSE,527009,51.1887768148934,1.7347533238224826,32.6410232428529,39,11,0,0,67,27,12,10,100,30,45,0.15,0.15
METROLOGY_CONDITIONED_EIG,527009,76.41000128993056,2.418788906491657,36.06529187318088,36,14,0,0,67,27,12,10,100,30,45,0.15,0.15
NO_PASSIVE,527010,365.20620658739153,4.655314304223399,445.27923823147125,0,0,0,0,50,27,12,10,100,30,45,0.15,0.15
RANDOM,527010,334.46598819686426,5.088074617057142,119.50780615889526,21,17,0,1,50,27,12,10,100,30,45,0.15,0.15
HIGHEST_SNR,527010,385.1246569698469,4.894593669334826,126.29934658567711,24,14,0,1,50,27,12,10,100,30,45,0.15,0.15
SHORTEST_PULSE,527010,400.38582918070546,4.8607725208556065,126.41688496723876,21,17,0,1,50,27,12,10,100,30,45,0.15,0.15
METROLOGY_CONDITIONED_EIG,527010,339.2328526492195,4.99042869892774,119.75515519951615,17,21,0,1,50,27,12,10,100,30,45,0.15,0.15
NO_PASSIVE,527011,749.9661995504854,5.605917519364903,445.27923823147125,0,0,0,0,166,27,12,10,100,30,45,0.15,0.15
RANDOM,527011,68.21063563714071,2.751656397110111,30.25701437568315,41,19,0,2,166,27,12,10,100,30,45,0.15,0.15
HIGHEST_SNR,527011,55.89599062871083,2.552191940642902,30.33167029951206,44,16,0,1,166,27,12,10,100,30,45,0.15,0.15
SHORTEST_PULSE,527011,44.46868097947313,2.270431649849705,24.37090816406849,41,19,0,1,166,27,12,10,100,30,45,0.15,0.15
METROLOGY_CONDITIONED_EIG,527011,34.10810405969148,2.2011268882175616,24.83707595603705,41,19,0,1,166,27,12,10,100,30,45,0.15,0.15
NO_PASSIVE,527012,244.69833392464378,1.4121283532843736,445.27923823147125,0,0,0,0,162,27,12,10,100,30,45,0.15,0.15
RANDOM,527012,44.779038610177636,1.9284690921387426,24.94585826113666,38,15,0,2,162,27,12,10,100,30,45,0.15,0.15
HIGHEST_SNR,527012,57.275552088567196,2.543264857936101,28.509255643028336,42,11,0,4,162,27,12,10,100,30,45,0.15,0.15
SHORTEST_PULSE,527012,38.75921476188828,1.4777963561254561,23.585354386895997,38,15,0,0,162,27,12,10,100,30,45,0.15,0.15
METROLOGY_CONDITIONED_EIG,527012,60.64681644008516,2.7091034388084334,22.705403273665638,33,20,0,2,162,27,12,10,100,30,45,0.15,0.15
NO_PASSIVE,527013,255.63713090606905,2.4022894613988712,445.27923823147125,0,0,0,0,74,27,12,10,100,30,45,0.15,0.15
RANDOM,527013,28.15328542021892,1.4888333622094203,58.03474073998681,28,12,0,2,74,27,12,10,100,30,45,0.15,0.15
HIGHEST_SNR,527013,51.845595810096775,1.844885495795671,42.226639852747134,29,11,0,2,74,27,12,10,100,30,45,0.15,0.15
SHORTEST_PULSE,527013,39.31045446167986,1.8382910013680647,37.923079965824456,30,10,0,1,74,27,12,10,100,30,45,0.15,0.15
METROLOGY_CONDITIONED_EIG,527013,77.2352058226028,2.433038097134029,34.214884978100564,29,11,0,2,74,27,12,10,100,30,45,0.15,0.15
NO_PASSIVE,527014,462.50799118408423,8.41866926359701,445.27923823147125,0,0,0,0,71,27,12,10,100,30,45,0.15,0.15
RANDOM,527014,675.012998441022,7.043044320558064,68.59285677663219,15,36,0,5,71,27,12,10,100,30,45,0.15,0.15
HIGHEST_SNR,527014,82.79530378979578,3.337577225997832,35.81143113546422,31,20,0,4,71,27,12,10,100,30,45,0.15,0.15
SHORTEST_PULSE,527014,194.18824830996644,4.716227334943222,37.651836957994476,26,25,0,4,71,27,12,10,100,30,45,0.15,0.15
METROLOGY_CONDITIONED_EIG,527014,194.18824830996644,4.716227334943222,37.651836957994476,26,25,0,4,71,27,12,10,100,30,45,0.15,0.15
NO_PASSIVE,527015,236.7451191695036,1.8942230426909885,445.27923823147125,0,0,0,0,88,27,12,10,100,30,45,0.15,0.15
RANDOM,527015,38.849059135523795,2.412441387319768,44.35072278510222,43,13,0,0,88,27,12,10,100,30,45,0.15,0.15
HIGHEST_SNR,527015,29.92235954852619,1.9774452278660761,44.182955299967986,42,14,0,0,88,27,12,10,100,30,45,0.15,0.15
SHORTEST_PULSE,527015,43.50275020519294,1.8980405610886504,28.78234957521416,40,16,0,0,88,27,12,10,100,30,45,0.15,0.15
METROLOGY_CONDITIONED_EIG,527015,47.91038127254285,2.3327730189294167,26.745640828493286,44,12,0,0,88,27,12,10,100,30,45,0.15,0.15
NO_PASSIVE,527016,424.69041092970247,5.981412521941111,445.27923823147125,0,0,0,0,12,27,12,10,100,30,45,0.15,0.15
RANDOM,527016,303.0846251873826,5.786201284440833,80.72264313525962,5,7,0,0,12,27,12,10,100,30,45,0.15,0.15
HIGHEST_SNR,527016,303.0846251873826,5.786201284440833,80.72264313525962,5,7,0,0,12,27,12,10,100,30,45,0.15,0.15
SHORTEST_PULSE,527016,303.0846251873826,5.786201284440833,80.72264313525962,5,7,0,0,12,27,12,10,100,30,45,0.15,0.15
METROLOGY_CONDITIONED_EIG,527016,303.0846251873826,5.786201284440833,80.72264313525962,5,7,0,0,12,27,12,10,100,30,45,0.15,0.15
NO_PASSIVE,527017,387.36115074520706,5.983226819904466,445.27923823147125,0,0,0,0,37,27,12,10,100,30,45,0.15,0.15
RANDOM,527017,120.18050547313109,3.9896842161913453,42.77769220581155,14,14,0,0,37,27,12,10,100,30,45,0.15,0.15
HIGHEST_SNR,527017,143.9822317514194,5.1747687802886295,49.21683377731221,16,12,0,0,37,27,12,10,100,30,45,0.15,0.15
SHORTEST_PULSE,527017,105.1855348515748,3.8750969649344635,40.57526638793309,14,14,0,0,37,27,12,10,100,30,45,0.15,0.15
METROLOGY_CONDITIONED_EIG,527017,106.0198260605767,3.8658409635930013,40.563217128096916,15,13,0,0,37,27,12,10,100,30,45,0.15,0.15
NO_PASSIVE,527018,143.932807189864,3.3872990645413443,445.27923823147125,0,0,0,0,85,27,12,10,100,30,45,0.15,0.15
RANDOM,527018,104.47697851281788,4.688933582390246,44.530587976808,35,18,0,2,85,27,12,10,100,30,45,0.15,0.15
HIGHEST_SNR,527018,90.04257427840332,4.559802591294528,46.47448713567494,33,20,0,1,85,27,12,10,100,30,45,0.15,0.15
SHORTEST_PULSE,527018,30.144612044275586,3.3192039410971415,29.345723299270812,37,16,0,1,85,27,12,10,100,30,45,0.15,0.15
METROLOGY_CONDITIONED_EIG,527018,32.38561163776201,3.1351805852197794,31.78212741885981,36,17,0,1,85,27,12,10,100,30,45,0.15,0.15
NO_PASSIVE,527019,323.4678269253563,8.19658288340197,445.27923823147125,0,0,0,0,67,27,12,10,100,30,45,0.15,0.15
RANDOM,527019,107.13447937721445,4.555375317729592,22.015475623180272,34,6,1,0,67,27,12,10,100,30,45,0.15,0.15
HIGHEST_SNR,527019,102.9193934358143,4.096532885738449,24.25693065499965,35,5,0,0,67,27,12,10,100,30,45,0.15,0.15
SHORTEST_PULSE,527019,96.22628899289147,4.114753286439249,22.040026501650118,32,8,1,0,67,27,12,10,100,30,45,0.15,0.15
METROLOGY_CONDITIONED_EIG,527019,98.8676827777928,4.376841119999498,22.23574429196595,31,9,1,0,67,27,12,10,100,30,45,0.15,0.15
NO_PASSIVE,527020,406.23098340793103,6.255099502317134,445.27923823147125,0,0,0,0,79,27,12,10,100,30,45,0.15,0.15
RANDOM,527020,41.51306808373769,2.6982334331608144,29.51326590612869,34,9,0,0,79,27,12,10,100,30,45,0.15,0.15
HIGHEST_SNR,527020,46.50681463613958,2.9899335637891027,31.774296030091378,35,8,0,0,79,27,12,10,100,30,45,0.15,0.15
SHORTEST_PULSE,527020,37.53559464745682,2.4683243150425525,30.67841545501099,34,9,0,0,79,27,12,10,100,30,45,0.15,0.15
METROLOGY_CONDITIONED_EIG,527020,49.83095308823136,2.7412800903274186,27.956563486239975,34,9,0,0,79,27,12,10,100,30,45,0.15,0.15
NO_PASSIVE,527021,406.8210896860963,4.380677143523406,445.27923823147125,0,0,0,0,113,27,12,10,100,30,45,0.15,0.15
RANDOM,527021,38.824545098809274,1.7874395301704535,22.12193550982335,41,12,0,0,113,27,12,10,100,30,45,0.15,0.15
HIGHEST_SNR,527021,23.936417862999374,1.0712638702047559,27.751676422723143,44,9,0,0,113,27,12,10,100,30,45,0.15,0.15
SHORTEST_PULSE,527021,33.085435381435694,1.5023628451392539,18.98704722342969,46,7,0,0,113,27,12,10,100,30,45,0.15,0.15
METROLOGY_CONDITIONED_EIG,527021,21.526267394151706,1.2309664913902698,19.688527128842793,43,10,0,0,113,27,12,10,100,30,45,0.15,0.15
NO_PASSIVE,527022,170.2537288465998,5.847784342399373,445.27923823147125,0,0,0,0,69,27,12,10,100,30,45,0.15,0.15
RANDOM,527022,139.80205282944183,8.76795885294536,58.607981318377945,27,14,0,1,69,27,12,10,100,30,45,0.15,0.15
HIGHEST_SNR,527022,83.09473730497493,6.12483893616156,46.97727458280677,22,19,0,0,69,27,12,10,100,30,45,0.15,0.15
SHORTEST_PULSE,527022,159.62954797704634,9.007839587396287,59.639652288334695,21,20,0,1,69,27,12,10,100,30,45,0.15,0.15
METROLOGY_CONDITIONED_EIG,527022,122.38565992030918,9.578616829309608,55.80345432126972,20,21,0,1,69,27,12,10,100,30,45,0.15,0.15
NO_PASSIVE,527023,266.6896961356753,6.872021492690979,445.27923823147125,0,0,0,0,41,27,12,10,100,30,45,0.15,0.15
RANDOM,527023,183.38888737556886,7.339637068576505,75.81993001920503,16,17,0,2,41,27,12,10,100,30,45,0.15,0.15
HIGHEST_SNR,527023,86.54699076265868,6.729335611645015,87.35576378160586,23,10,0,2,41,27,12,10,100,30,45,0.15,0.15
SHORTEST_PULSE,527023,67.18320158918317,6.866107359452925,85.83145967632625,24,9,0,2,41,27,12,10,100,30,45,0.15,0.15
METROLOGY_CONDITIONED_EIG,527023,130.8846873702838,6.469037424444506,71.55829802074891,17,16,0,2,41,27,12,10,100,30,45,0.15,0.15
NO_PASSIVE,527024,155.67626251474996,3.8592512205490013,445.27923823147125,0,0,0,0,69,27,12,10,100,30,45,0.15,0.15
RANDOM,527024,82.00593404808346,2.4577993502682123,64.4329355707062,28,16,0,2,69,27,12,10,100,30,45,0.15,0.15
HIGHEST_SNR,527024,224.5023855677784,2.665278134473992,75.87815674600232,29,15,0,2,69,27,12,10,100,30,45,0.15,0.15
SHORTEST_PULSE,527024,24.1513634410601,1.3872891603933504,41.38574769281553,29,15,0,1,69,27,12,10,100,30,45,0.15,0.15
METROLOGY_CONDITIONED_EIG,527024,24.84975937602451,1.633566467048529,41.37036729411458,30,14,0,1,69,27,12,10,100,30,45,0.15,0.15
NO_PASSIVE,527025,1035.6892984898452,3.6742484524795627,445.27923823147125,0,0,0,0,18,27,12,10,100,30,45,0.15,0.15
RANDOM,527025,6.7222969825805405,4.033338041250903,44.01536290201428,11,6,0,0,18,27,12,10,100,30,45,0.15,0.15
HIGHEST_SNR,527025,22.059922114458153,3.7720037346160424,43.054786136491735,11,6,0,0,18,27,12,10,100,30,45,0.15,0.15
SHORTEST_PULSE,527025,22.059922114458153,3.7720037346160424,43.054786136491735,11,6,0,0,18,27,12,10,100,30,45,0.15,0.15
METROLOGY_CONDITIONED_EIG,527025,22.059922114458153,3.7720037346160424,43.054786136491735,11,6,0,0,18,27,12,10,100,30,45,0.15,0.15
NO_PASSIVE,527026,183.01122527143545,6.250405593385244,445.27923823147125,0,0,0,0,35,27,12,10,100,30,45,0.15,0.15
RANDOM,527026,199.7498053302319,5.149109382703706,83.29475586285977,25,6,0,0,35,27,12,10,100,30,45,0.15,0.15
HIGHEST_SNR,527026,204.15297160818454,5.291007025140078,85.29787815707654,25,6,0,0,35,27,12,10,100,30,45,0.15,0.15
SHORTEST_PULSE,527026,189.81398782285714,5.192682015012297,84.34929503947193,24,7,0,0,35,27,12,10,100,30,45,0.15,0.15
METROLOGY_CONDITIONED_EIG,527026,189.81398782285714,5.192682015012297,84.34929503947193,24,7,0,0,35,27,12,10,100,30,45,0.15,0.15
NO_PASSIVE,527027,539.4735129867594,4.681313558024324,445.27923823147125,0,0,0,0,131,27,12,10,100,30,45,0.15,0.15
RANDOM,527027,53.98406676979934,3.065627811260359,29.836541883040418,38,21,1,1,131,27,12,10,100,30,45,0.15,0.15
HIGHEST_SNR,527027,77.83173197689548,3.8136501228885455,40.00293122724248,39,20,1,1,131,27,12,10,100,30,45,0.15,0.15
SHORTEST_PULSE,527027,24.798338763797183,2.492815108692781,25.937263261746516,38,21,0,1,131,27,12,10,100,30,45,0.15,0.15
METROLOGY_CONDITIONED_EIG,527027,44.371617943751744,2.4145453615363164,21.154011295085283,42,17,0,1,131,27,12,10,100,30,45,0.15,0.15
NO_PASSIVE,527028,312.74321243726894,5.050100291536759,445.27923823147125,0,0,0,0,126,27,12,10,100,30,45,0.15,0.15
RANDOM,527028,671.5221251270508,4.197890341361753,125.3072312507603,5,50,1,0,126,27,12,10,100,30,45,0.15,0.15
HIGHEST_SNR,527028,113.12745280796968,3.552163210124198,38.861234979330725,36,19,0,0,126,27,12,10,100,30,45,0.15,0.15
SHORTEST_PULSE,527028,99.89413733823142,3.9705404303914746,36.7836798924771,37,18,0,0,126,27,12,10,100,30,45,0.15,0.15
METROLOGY_CONDITIONED_EIG,527028,56.63755314410628,3.387617987544802,29.992455096663015,38,17,0,0,126,27,12,10,100,30,45,0.15,0.15
NO_PASSIVE,527029,292.0090240813654,1.3742505220964216,445.27923823147125,0,0,0,0,79,27,12,10,100,30,45,0.15,0.15
RANDOM,527029,41.648185197630966,1.5170560057133629,33.97078675848011,27,13,0,0,79,27,12,10,100,30,45,0.15,0.15
HIGHEST_SNR,527029,49.219490964019776,2.2980983133326793,47.482401883719064,30,10,0,0,79,27,12,10,100,30,45,0.15,0.15
SHORTEST_PULSE,527029,18.8781364359275,1.0889590123822062,43.69501079819931,26,14,0,0,79,27,12,10,100,30,45,0.15,0.15
METROLOGY_CONDITIONED_EIG,527029,46.52398309943636,2.3234708946971208,40.3070975906189,26,14,0,0,79,27,12,10,100,30,45,0.15,0.15
