policy,seed,position_error_final_m,velocity_error_final_mps,position_sigma_final_m,used_measurements,rejected_measurements,assoc_bad_accepted,outlier_accepted,eligible_measurements,scenario_id,n_donors,clutter_db,rcs,donor_sigma
NO_PASSIVE,301000,248.0070055500257,6.250315460305274,445.27923823147125,0,0,0,0,0,1,4,5,10,30
RANDOM,301000,248.0070055500257,6.250315460305274,445.27923823147125,0,0,0,0,0,1,4,5,10,30
HIGHEST_SNR,301000,248.0070055500257,6.250315460305274,445.27923823147125,0,0,0,0,0,1,4,5,10,30
SHORTEST_PULSE,301000,248.0070055500257,6.250315460305274,445.27923823147125,0,0,0,0,0,1,4,5,10,30
METROLOGY_CONDITIONED_EIG,301000,248.0070055500257,6.250315460305274,445.27923823147125,0,0,0,0,0,1,4,5,10,30
NO_PASSIVE,301001,438.916957411431,1.051461385048121,445.27923823147125,0,0,0,0,1,1,4,5,10,30
RANDOM,301001,330.45800776671473,0.9104867579336138,320.9083032578574,1,0,0,0,1,1,4,5,10,30
HIGHEST_SNR,301001,330.45800776671473,0.9104867579336138,320.9083032578574,1,0,0,0,1,1,4,5,10,30
SHORTEST_PULSE,301001,330.45800776671473,0.9104867579336138,320.9083032578574,1,0,0,0,1,1,4,5,10,30
METROLOGY_CONDITIONED_EIG,301001,330.45800776671473,0.9104867579336138,320.9083032578574,1,0,0,0,1,1,4,5,10,30
NO_PASSIVE,301002,411.79783709568795,1.8216252312479013,445.27923823147125,0,0,0,0,26,1,4,5,10,30
RANDOM,301002,11.67831400232061,1.2450920416003253,64.38022715013894,26,0,0,0,26,1,4,5,10,30
HIGHEST_SNR,301002,11.67831400232061,1.2450920416003253,64.38022715013894,26,0,0,0,26,1,4,5,10,30
SHORTEST_PULSE,301002,11.67831400232061,1.2450920416003253,64.38022715013894,26,0,0,0,26,1,4,5,10,30
METROLOGY_CONDITIONED_EIG,301002,11.67831400232061,1.2450920416003253,64.38022715013894,26,0,0,0,26,1,4,5,10,30
NO_PASSIVE,301003,310.44659662206385,1.5362718396238093,445.27923823147125,0,0,0,0,1,1,4,5,10,30
RANDOM,301003,356.627788752284,1.6417307413985942,331.80960402791146,1,0,0,0,1,1,4,5,10,30
HIGHEST_SNR,301003,356.627788752284,1.6417307413985942,331.80960402791146,1,0,0,0,1,1,4,5,10,30
SHORTEST_PULSE,301003,356.627788752284,1.6417307413985942,331.80960402791146,1,0,0,0,1,1,4,5,10,30
METROLOGY_CONDITIONED_EIG,301003,356.627788752284,1.6417307413985942,331.80960402791146,1,0,0,0,1,1,4,5,10,30
NO_PASSIVE,301004,505.1100764092419,3.1792161899756666,445.27923823147125,0,0,0,0,4,1,4,5,10,30
RANDOM,301004,110.74037737152436,2.5256718250740424,69.25064461343138,4,0,0,0,4,1,4,5,10,30
HIGHEST_SNR,301004,110.74037737152436,2.5256718250740424,69.25064461343138,4,0,0,0,4,1,4,5,10,30
SHORTEST_PULSE,301004,110.74037737152436,2.5256718250740424,69.25064461343138,4,0,0,0,4,1,4,5,10,30
METROLOGY_CONDITIONED_EIG,301004,110.74037737152436,2.5256718250740424,69.25064461343138,4,0,0,0,4,1,4,5,10,30
NO_PASSIVE,301005,143.91701415123995,1.241510837045339,445.27923823147125,0,0,0,0,0,1,4,5,10,30
RANDOM,301005,143.91701415123995,1.241510837045339,445.27923823147125,0,0,0,0,0,1,4,5,10,30
HIGHEST_SNR,301005,143.91701415123995,1.241510837045339,445.27923823147125,0,0,0,0,0,1,4,5,10,30
SHORTEST_PULSE,301005,143.91701415123995,1.241510837045339,445.27923823147125,0,0,0,0,0,1,4,5,10,30
METROLOGY_CONDITIONED_EIG,301005,143.91701415123995,1.241510837045339,445.27923823147125,0,0,0,0,0,1,4,5,10,30
NO_PASSIVE,301006,662.3114955480698,1.9590012273828952,445.27923823147125,0,0,0,0,8,1,4,5,10,30
RANDOM,301006,32.634371141531844,1.0660385746801961,104.50388970272441,8,0,0,0,8,1,4,5,10,30
HIGHEST_SNR,301006,32.634371141531844,1.0660385746801961,104.50388970272441,8,0,0,0,8,1,4,5,10,30
SHORTEST_PULSE,301006,32.634371141531844,1.0660385746801961,104.50388970272441,8,0,0,0,8,1,4,5,10,30
METROLOGY_CONDITIONED_EIG,301006,32.634371141531844,1.0660385746801961,104.50388970272441,8,0,0,0,8,1,4,5,10,30
NO_PASSIVE,301007,129.43485552189094,0.9835676505623158,445.27923823147125,0,0,0,0,14,1,4,5,10,30
RANDOM,301007,38.127756905998055,1.3316128272366419,74.40570183038746,14,0,0,0,14,1,4,5,10,30
HIGHEST_SNR,301007,38.127756905998055,1.3316128272366419,74.40570183038746,14,0,0,0,14,1,4,5,10,30
SHORTEST_PULSE,301007,38.127756905998055,1.3316128272366419,74.40570183038746,14,0,0,0,14,1,4,5,10,30
METROLOGY_CONDITIONED_EIG,301007,38.127756905998055,1.3316128272366419,74.40570183038746,14,0,0,0,14,1,4,5,10,30
NO_PASSIVE,301008,385.41425532921096,2.2030234844948913,445.27923823147125,0,0,0,0,18,1,4,5,10,30
RANDOM,301008,287.6690783150833,1.8518807223114135,315.0159436861354,18,0,0,0,18,1,4,5,10,30
HIGHEST_SNR,301008,287.6690783150833,1.8518807223114135,315.0159436861354,18,0,0,0,18,1,4,5,10,30
SHORTEST_PULSE,301008,287.6690783150833,1.8518807223114135,315.0159436861354,18,0,0,0,18,1,4,5,10,30
METROLOGY_CONDITIONED_EIG,301008,287.6690783150833,1.8518807223114135,315.0159436861354,18,0,0,0,18,1,4,5,10,30
NO_PASSIVE,301009,363.19094237394705,3.228613183547216,445.27923823147125,0,0,0,0,39,1,4,5,10,30
RANDOM,301009,12.961258244072894,1.1706154212601625,38.357604543779374,25,0,0,0,39,1,4,5,10,30
HIGHEST_SNR,301009,15.162358737388537,0.1622559620079747,51.716646916593604,25,0,0,0,39,1,4,5,10,30
SHORTEST_PULSE,301009,15.162358737388537,0.1622559620079747,51.716646916593604,25,0,0,0,39,1,4,5,10,30
METROLOGY_CONDITIONED_EIG,301009,52.61914105167102,1.2355105323590678,36.591464932948725,25,0,0,0,39,1,4,5,10,30
NO_PASSIVE,301010,852.3238055701586,3.836697231963563,445.27923823147125,0,0,0,0,26,1,4,5,10,30
RANDOM,301010,38.4392722886578,0.6893348253019438,51.57295192427871,24,1,0,0,26,1,4,5,10,30
HIGHEST_SNR,301010,245.04079963065928,3.771094410912227,97.92224756035829,25,0,0,0,26,1,4,5,10,30
SHORTEST_PULSE,301010,38.4392722886578,0.6893348253019438,51.57295192427871,24,1,0,0,26,1,4,5,10,30
METROLOGY_CONDITIONED_EIG,301010,38.4392722886578,0.6893348253019438,51.57295192427871,24,1,0,0,26,1,4,5,10,30
NO_PASSIVE,301011,788.748588502513,0.7068767525325937,445.27923823147125,0,0,0,0,20,1,4,5,10,30
RANDOM,301011,19.504394329095742,0.8469386122858855,113.56971130243265,19,0,0,0,20,1,4,5,10,30
HIGHEST_SNR,301011,778.1270291212065,0.9144172100485908,320.1581303755571,19,0,0,0,20,1,4,5,10,30
SHORTEST_PULSE,301011,19.504394329095742,0.8469386122858855,113.56971130243265,19,0,0,0,20,1,4,5,10,30
METROLOGY_CONDITIONED_EIG,301011,19.504394329095742,0.8469386122858855,113.56971130243265,19,0,0,0,20,1,4,5,10,30
NO_PASSIVE,301012,857.9074844930308,3.5969393797435476,445.27923823147125,0,0,0,0,3,1,4,5,10,30
RANDOM,301012,5.979420528114426,2.547827296271705,81.13219122969893,3,0,0,0,3,1,4,5,10,30
HIGHEST_SNR,301012,5.979420528114426,2.547827296271705,81.13219122969893,3,0,0,0,3,1,4,5,10,30
SHORTEST_PULSE,301012,5.979420528114426,2.547827296271705,81.13219122969893,3,0,0,0,3,1,4,5,10,30
METROLOGY_CONDITIONED_EIG,301012,5.979420528114426,2.547827296271705,81.13219122969893,3,0,0,0,3,1,4,5,10,30
NO_PASSIVE,301013,394.4997874498849,1.379524931435153,445.27923823147125,0,0,0,0,39,1,4,5,10,30
RANDOM,301013,45.766373400873626,1.2185974083643025,67.36555822595774,35,1,0,0,39,1,4,5,10,30
HIGHEST_SNR,301013,61.427291043062276,0.7959540339629456,69.69758729033705,36,0,0,0,39,1,4,5,10,30
SHORTEST_PULSE,301013,45.766373400873626,1.2185974083643025,67.36555822595774,35,1,0,0,39,1,4,5,10,30
METROLOGY_CONDITIONED_EIG,301013,45.766373400873626,1.2185974083643025,67.36555822595774,35,1,0,0,39,1,4,5,10,30
NO_PASSIVE,301014,245.9248874690054,1.0686426808446376,445.27923823147125,0,0,0,0,0,1,4,5,10,30
RANDOM,301014,245.9248874690054,1.0686426808446376,445.27923823147125,0,0,0,0,0,1,4,5,10,30
HIGHEST_SNR,301014,245.9248874690054,1.0686426808446376,445.27923823147125,0,0,0,0,0,1,4,5,10,30
SHORTEST_PULSE,301014,245.9248874690054,1.0686426808446376,445.27923823147125,0,0,0,0,0,1,4,5,10,30
METROLOGY_CONDITIONED_EIG,301014,245.9248874690054,1.0686426808446376,445.27923823147125,0,0,0,0,0,1,4,5,10,30
NO_PASSIVE,301015,370.971497311858,1.2431453454497823,445.27923823147125,0,0,0,0,6,1,4,5,10,30
RANDOM,301015,122.03236787395001,1.7064712424099677,84.37979189004206,5,0,0,0,6,1,4,5,10,30
HIGHEST_SNR,301015,112.48526819783034,1.388035336050497,86.95333529805686,5,0,0,0,6,1,4,5,10,30
SHORTEST_PULSE,301015,112.48526819783034,1.388035336050497,86.95333529805686,5,0,0,0,6,1,4,5,10,30
METROLOGY_CONDITIONED_EIG,301015,122.03236787395001,1.7064712424099677,84.37979189004206,5,0,0,0,6,1,4,5,10,30
NO_PASSIVE,301016,698.8089320468249,1.105957676811083,445.27923823147125,0,0,0,0,22,1,4,5,10,30
RANDOM,301016,841.5345886012893,1.071312409130985,311.3237101906897,22,0,0,0,22,1,4,5,10,30
HIGHEST_SNR,301016,841.5345886012893,1.071312409130985,311.3237101906897,22,0,0,0,22,1,4,5,10,30
SHORTEST_PULSE,301016,841.5345886012893,1.071312409130985,311.3237101906897,22,0,0,0,22,1,4,5,10,30
METROLOGY_CONDITIONED_EIG,301016,841.5345886012893,1.071312409130985,311.3237101906897,22,0,0,0,22,1,4,5,10,30
NO_PASSIVE,301017,870.8521593171615,0.47056050542044836,445.27923823147125,0,0,0,0,16,1,4,5,10,30
RANDOM,301017,104.04464905151562,1.0944347181267255,143.39242282483593,14,0,0,0,16,1,4,5,10,30
HIGHEST_SNR,301017,125.41600084125389,1.1460424264139373,149.27758268210272,14,0,0,0,16,1,4,5,10,30
SHORTEST_PULSE,301017,19.63033535610101,1.5250945729427872,39.80694392825585,14,0,0,0,16,1,4,5,10,30
METROLOGY_CONDITIONED_EIG,301017,17.415471777728257,1.5562391196349727,39.51200888875332,14,0,0,0,16,1,4,5,10,30
NO_PASSIVE,301018,481.74189871470213,3.220109648159953,445.27923823147125,0,0,0,0,6,1,4,5,10,30
RANDOM,301018,458.7059295711185,1.78539081020835,315.28751081383047,6,0,0,0,6,1,4,5,10,30
HIGHEST_SNR,301018,458.7059295711185,1.78539081020835,315.28751081383047,6,0,0,0,6,1,4,5,10,30
SHORTEST_PULSE,301018,458.7059295711185,1.78539081020835,315.28751081383047,6,0,0,0,6,1,4,5,10,30
METROLOGY_CONDITIONED_EIG,301018,458.7059295711185,1.78539081020835,315.28751081383047,6,0,0,0,6,1,4,5,10,30
NO_PASSIVE,301019,167.60306810250134,1.574248351549966,445.27923823147125,0,0,0,0,12,1,4,5,10,30
RANDOM,301019,36.24054931986818,1.8277531331462786,71.70111143208857,11,0,0,0,12,1,4,5,10,30
HIGHEST_SNR,301019,37.943742895138655,1.897858482678251,71.23732300368336,11,0,0,0,12,1,4,5,10,30
SHORTEST_PULSE,301019,36.24054931986818,1.8277531331462786,71.70111143208857,11,0,0,0,12,1,4,5,10,30
METROLOGY_CONDITIONED_EIG,301019,36.24054931986818,1.8277531331462786,71.70111143208857,11,0,0,0,12,1,4,5,10,30
NO_PASSIVE,301020,238.81869662165673,2.5101187858910814,445.27923823147125,0,0,0,0,3,1,4,5,10,30
RANDOM,301020,85.17800382428078,1.691609218715288,315.1640496756174,3,0,0,0,3,1,4,5,10,30
HIGHEST_SNR,301020,85.17800382428078,1.691609218715288,315.1640496756174,3,0,0,0,3,1,4,5,10,30
SHORTEST_PULSE,301020,85.17800382428078,1.691609218715288,315.1640496756174,3,0,0,0,3,1,4,5,10,30
METROLOGY_CONDITIONED_EIG,301020,85.17800382428078,1.691609218715288,315.1640496756174,3,0,0,0,3,1,4,5,10,30
NO_PASSIVE,301021,295.8044556148472,2.1264540871295523,445.27923823147125,0,0,0,0,3,1,4,5,10,30
RANDOM,301021,287.5917432005899,2.131637606402658,320.4121248535444,3,0,0,0,3,1,4,5,10,30
HIGHEST_SNR,301021,287.5917432005899,2.131637606402658,320.4121248535444,3,0,0,0,3,1,4,5,10,30
SHORTEST_PULSE,301021,287.5917432005899,2.131637606402658,320.4121248535444,3,0,0,0,3,1,4,5,10,30
METROLOGY_CONDITIONED_EIG,301021,287.5917432005899,2.131637606402658,320.4121248535444,3,0,0,0,3,1,4,5,10,30
NO_PASSIVE,301022,700.9842794357727,0.9576650196715439,445.27923823147125,0,0,0,0,0,1,4,5,10,30
RANDOM,301022,700.9842794357727,0.9576650196715439,445.27923823147125,0,0,0,0,0,1,4,5,10,30
HIGHEST_SNR,301022,700.9842794357727,0.9576650196715439,445.27923823147125,0,0,0,0,0,1,4,5,10,30
SHORTEST_PULSE,301022,700.9842794357727,0.9576650196715439,445.27923823147125,0,0,0,0,0,1,4,5,10,30
METROLOGY_CONDITIONED_EIG,301022,700.9842794357727,0.9576650196715439,445.27923823147125,0,0,0,0,0,1,4,5,10,30
NO_PASSIVE,301023,197.32539452018807,0.9329948274603158,445.27923823147125,0,0,0,0,4,1,4,5,10,30
RANDOM,301023,35.084483975785076,0.9832625503705834,315.74466485666943,4,0,0,0,4,1,4,5,10,30
HIGHEST_SNR,301023,35.084483975785076,0.9832625503705834,315.74466485666943,4,0,0,0,4,1,4,5,10,30
SHORTEST_PULSE,301023,35.084483975785076,0.9832625503705834,315.74466485666943,4,0,0,0,4,1,4,5,10,30
METROLOGY_CONDITIONED_EIG,301023,35.084483975785076,0.9832625503705834,315.74466485666943,4,0,0,0,4,1,4,5,10,30
NO_PASSIVE,301024,710.4355699825603,3.0108863695630457,445.27923823147125,0,0,0,0,26,1,4,5,10,30
RANDOM,301024,209.94387588985296,2.389745901503108,97.2624407284486,26,0,0,0,26,1,4,5,10,30
HIGHEST_SNR,301024,209.94387588985296,2.389745901503108,97.2624407284486,26,0,0,0,26,1,4,5,10,30
SHORTEST_PULSE,301024,209.94387588985296,2.389745901503108,97.2624407284486,26,0,0,0,26,1,4,5,10,30
METROLOGY_CONDITIONED_EIG,301024,209.94387588985296,2.389745901503108,97.2624407284486,26,0,0,0,26,1,4,5,10,30
NO_PASSIVE,301025,311.2288044180308,0.24389807469523375,445.27923823147125,0,0,0,0,24,1,4,5,10,30
RANDOM,301025,316.5213109809227,0.7439923236546407,326.62126912769725,24,0,0,0,24,1,4,5,10,30
HIGHEST_SNR,301025,316.5213109809227,0.7439923236546407,326.62126912769725,24,0,0,0,24,1,4,5,10,30
SHORTEST_PULSE,301025,316.5213109809227,0.7439923236546407,326.62126912769725,24,0,0,0,24,1,4,5,10,30
METROLOGY_CONDITIONED_EIG,301025,316.5213109809227,0.7439923236546407,326.62126912769725,24,0,0,0,24,1,4,5,10,30
NO_PASSIVE,301026,220.88290277038442,2.058489088068073,445.27923823147125,0,0,0,0,3,1,4,5,10,30
RANDOM,301026,186.35261324598065,2.063862714375172,318.87911446418144,3,0,0,0,3,1,4,5,10,30
HIGHEST_SNR,301026,186.35261324598065,2.063862714375172,318.87911446418144,3,0,0,0,3,1,4,5,10,30
SHORTEST_PULSE,301026,186.35261324598065,2.063862714375172,318.87911446418144,3,0,0,0,3,1,4,5,10,30
METROLOGY_CONDITIONED_EIG,301026,186.35261324598065,2.063862714375172,318.87911446418144,3,0,0,0,3,1,4,5,10,30
NO_PASSIVE,301027,366.8168060869171,1.4240617040082588,445.27923823147125,0,0,0,0,39,1,4,5,10,30
RANDOM,301027,31.862709795523962,1.4212950264292028,39.21337504308352,31,0,0,0,39,1,4,5,10,30
HIGHEST_SNR,301027,161.19143950862755,1.6413976869444924,192.77486984726667,31,0,0,0,39,1,4,5,10,30
SHORTEST_PULSE,301027,5.36128695532141,0.4919012608499085,37.27259106897943,31,0,0,0,39,1,4,5,10,30
METROLOGY_CONDITIONED_EIG,301027,33.7473233141227,1.5534899951060737,38.93452902911374,31,0,0,0,39,1,4,5,10,30
NO_PASSIVE,301028,354.05019998540206,2.4597528011343837,445.27923823147125,0,0,0,0,1,1,4,5,10,30
RANDOM,301028,325.3214485931944,2.471456494161779,315.63377256768433,1,0,0,0,1,1,4,5,10,30
HIGHEST_SNR,301028,325.3214485931944,2.471456494161779,315.63377256768433,1,0,0,0,1,1,4,5,10,30
SHORTEST_PULSE,301028,325.3214485931944,2.471456494161779,315.63377256768433,1,0,0,0,1,1,4,5,10,30
METROLOGY_CONDITIONED_EIG,301028,325.3214485931944,2.471456494161779,315.63377256768433,1,0,0,0,1,1,4,5,10,30
NO_PASSIVE,301029,472.7304678700772,1.2247840940431796,445.27923823147125,0,0,0,0,35,1,4,5,10,30
RANDOM,301029,381.2735867074728,1.1092216260943248,222.04459846888312,27,0,0,0,35,1,4,5,10,30
HIGHEST_SNR,301029,544.9815835966044,0.9913192559741982,308.6180622359416,27,0,0,0,35,1,4,5,10,30
SHORTEST_PULSE,301029,362.9611132991677,1.0127417491615884,209.55824310025278,27,0,0,0,35,1,4,5,10,30
METROLOGY_CONDITIONED_EIG,301029,362.9611132991677,1.0127417491615884,209.55824310025278,27,0,0,0,35,1,4,5,10,30
NO_PASSIVE,302000,109.99855657158756,2.140847936844606,445.27923823147125,0,0,0,0,21,2,4,5,10,100
RANDOM,302000,130.38825732935032,2.5059209614171216,313.5092423900735,21,0,0,0,21,2,4,5,10,100
HIGHEST_SNR,302000,130.38825732935032,2.5059209614171216,313.5092423900735,21,0,0,0,21,2,4,5,10,100
SHORTEST_PULSE,302000,130.38825732935032,2.5059209614171216,313.5092423900735,21,0,0,0,21,2,4,5,10,100
METROLOGY_CONDITIONED_EIG,302000,130.38825732935032,2.5059209614171216,313.5092423900735,21,0,0,0,21,2,4,5,10,100
NO_PASSIVE,302001,170.4567328101468,1.5929719232008188,445.27923823147125,0,0,0,0,9,2,4,5,10,100
RANDOM,302001,170.5931391703935,1.387596075662108,101.1190564934533,9,0,0,0,9,2,4,5,10,100
HIGHEST_SNR,302001,170.5931391703935,1.387596075662108,101.1190564934533,9,0,0,0,9,2,4,5,10,100
SHORTEST_PULSE,302001,170.5931391703935,1.387596075662108,101.1190564934533,9,0,0,0,9,2,4,5,10,100
METROLOGY_CONDITIONED_EIG,302001,170.5931391703935,1.387596075662108,101.1190564934533,9,0,0,0,9,2,4,5,10,100
NO_PASSIVE,302002,486.0618335027516,0.8038334458106291,445.27923823147125,0,0,0,0,42,2,4,5,10,100
RANDOM,302002,10.13667725537704,0.7252069024831027,38.43488903048685,29,0,0,0,42,2,4,5,10,100
HIGHEST_SNR,302002,31.360990770884534,1.3794926790768887,38.7830881896555,29,0,0,0,42,2,4,5,10,100
SHORTEST_PULSE,302002,28.13809539762613,0.9589942768013285,39.09684799320189,29,0,0,0,42,2,4,5,10,100
METROLOGY_CONDITIONED_EIG,302002,15.96025177300623,0.695064581289917,38.632412557311646,29,0,0,0,42,2,4,5,10,100
NO_PASSIVE,302003,222.2473171407806,2.477732637728608,445.27923823147125,0,0,0,0,1,2,4,5,10,100
RANDOM,302003,166.42593251814841,2.5839593526394635,322.090721642406,1,0,0,0,1,2,4,5,10,100
HIGHEST_SNR,302003,166.42593251814841,2.5839593526394635,322.090721642406,1,0,0,0,1,2,4,5,10,100
SHORTEST_PULSE,302003,166.42593251814841,2.5839593526394635,322.090721642406,1,0,0,0,1,2,4,5,10,100
METROLOGY_CONDITIONED_EIG,302003,166.42593251814841,2.5839593526394635,322.090721642406,1,0,0,0,1,2,4,5,10,100
NO_PASSIVE,302004,166.68352588424636,1.4454875399036522,445.27923823147125,0,0,0,0,26,2,4,5,10,100
RANDOM,302004,39.214585050536876,0.3348836438683234,47.67832751357726,23,0,0,0,26,2,4,5,10,100
HIGHEST_SNR,302004,41.712673600083455,0.3536458077063184,47.94603461439936,23,0,0,0,26,2,4,5,10,100
SHORTEST_PULSE,302004,41.712673600083455,0.3536458077063184,47.94603461439936,23,0,0,0,26,2,4,5,10,100
METROLOGY_CONDITIONED_EIG,302004,38.819664572017544,0.30077829843610276,47.61508666263479,23,0,0,0,26,2,4,5,10,100
NO_PASSIVE,302005,841.4655230845931,2.841215041871043,445.27923823147125,0,0,0,0,2,2,4,5,10,100
RANDOM,302005,487.38403042627266,2.729185038410971,329.1968151368477,2,0,0,0,2,2,4,5,10,100
HIGHEST_SNR,302005,487.38403042627266,2.729185038410971,329.1968151368477,2,0,0,0,2,2,4,5,10,100
SHORTEST_PULSE,302005,487.38403042627266,2.729185038410971,329.1968151368477,2,0,0,0,2,2,4,5,10,100
METROLOGY_CONDITIONED_EIG,302005,487.38403042627266,2.729185038410971,329.1968151368477,2,0,0,0,2,2,4,5,10,100
NO_PASSIVE,302006,502.65742406818424,1.1137595617596059,445.27923823147125,0,0,0,0,27,2,4,5,10,100
RANDOM,302006,43.254941793996764,1.0792278571517306,187.72902468338563,27,0,0,0,27,2,4,5,10,100
HIGHEST_SNR,302006,43.254941793996764,1.0792278571517306,187.72902468338563,27,0,0,0,27,2,4,5,10,100
SHORTEST_PULSE,302006,43.254941793996764,1.0792278571517306,187.72902468338563,27,0,0,0,27,2,4,5,10,100
METROLOGY_CONDITIONED_EIG,302006,43.254941793996764,1.0792278571517306,187.72902468338563,27,0,0,0,27,2,4,5,10,100
NO_PASSIVE,302007,177.57979851373486,3.0489235089023725,445.27923823147125,0,0,0,0,17,2,4,5,10,100
RANDOM,302007,28.53068962343722,1.9384865681111612,55.51738195795278,17,0,0,0,17,2,4,5,10,100
HIGHEST_SNR,302007,28.53068962343722,1.9384865681111612,55.51738195795278,17,0,0,0,17,2,4,5,10,100
SHORTEST_PULSE,302007,28.53068962343722,1.9384865681111612,55.51738195795278,17,0,0,0,17,2,4,5,10,100
METROLOGY_CONDITIONED_EIG,302007,28.53068962343722,1.9384865681111612,55.51738195795278,17,0,0,0,17,2,4,5,10,100
NO_PASSIVE,302008,616.3105737598846,4.335954314502046,445.27923823147125,0,0,0,0,12,2,4,5,10,100
RANDOM,302008,38.66803602957758,3.6150009132691783,135.3071059467293,12,0,0,0,12,2,4,5,10,100
HIGHEST_SNR,302008,38.66803602957758,3.6150009132691783,135.3071059467293,12,0,0,0,12,2,4,5,10,100
SHORTEST_PULSE,302008,38.66803602957758,3.6150009132691783,135.3071059467293,12,0,0,0,12,2,4,5,10,100
METROLOGY_CONDITIONED_EIG,302008,38.66803602957758,3.6150009132691783,135.3071059467293,12,0,0,0,12,2,4,5,10,100
NO_PASSIVE,302009,197.15829151078938,1.3576626952750064,445.27923823147125,0,0,0,0,0,2,4,5,10,100
RANDOM,302009,197.15829151078938,1.3576626952750064,445.27923823147125,0,0,0,0,0,2,4,5,10,100
HIGHEST_SNR,302009,197.15829151078938,1.3576626952750064,445.27923823147125,0,0,0,0,0,2,4,5,10,100
SHORTEST_PULSE,302009,197.15829151078938,1.3576626952750064,445.27923823147125,0,0,0,0,0,2,4,5,10,100
METROLOGY_CONDITIONED_EIG,302009,197.15829151078938,1.3576626952750064,445.27923823147125,0,0,0,0,0,2,4,5,10,100
NO_PASSIVE,302010,433.38102153357335,0.7789804714935015,445.27923823147125,0,0,0,0,2,2,4,5,10,100
RANDOM,302010,398.11166460654096,0.7252454933856892,326.48781643792375,2,0,0,0,2,2,4,5,10,100
HIGHEST_SNR,302010,398.11166460654096,0.7252454933856892,326.48781643792375,2,0,0,0,2,2,4,5,10,100
SHORTEST_PULSE,302010,398.11166460654096,0.7252454933856892,326.48781643792375,2,0,0,0,2,2,4,5,10,100
METROLOGY_CONDITIONED_EIG,302010,398.11166460654096,0.7252454933856892,326.48781643792375,2,0,0,0,2,2,4,5,10,100
NO_PASSIVE,302011,446.5901364728807,2.2550756736686677,445.27923823147125,0,0,0,0,3,2,4,5,10,100
RANDOM,302011,326.67702439503836,0.9159460814016567,318.10998154879775,3,0,0,0,3,2,4,5,10,100
HIGHEST_SNR,302011,326.67702439503836,0.9159460814016567,318.10998154879775,3,0,0,0,3,2,4,5,10,100
SHORTEST_PULSE,302011,326.67702439503836,0.9159460814016567,318.10998154879775,3,0,0,0,3,2,4,5,10,100
METROLOGY_CONDITIONED_EIG,302011,326.67702439503836,0.9159460814016567,318.10998154879775,3,0,0,0,3,2,4,5,10,100
NO_PASSIVE,302012,535.3731455878072,2.5364127615536884,445.27923823147125,0,0,0,0,1,2,4,5,10,100
RANDOM,302012,361.03787057076295,2.6881886240245394,319.05501557213427,1,0,0,0,1,2,4,5,10,100
HIGHEST_SNR,302012,361.03787057076295,2.6881886240245394,319.05501557213427,1,0,0,0,1,2,4,5,10,100
SHORTEST_PULSE,302012,361.03787057076295,2.6881886240245394,319.05501557213427,1,0,0,0,1,2,4,5,10,100
METROLOGY_CONDITIONED_EIG,302012,361.03787057076295,2.6881886240245394,319.05501557213427,1,0,0,0,1,2,4,5,10,100
NO_PASSIVE,302013,494.93199431139703,1.3050892536235594,445.27923823147125,0,0,0,0,16,2,4,5,10,100
RANDOM,302013,334.4866650207849,1.6899522256921173,313.4708149772218,16,0,0,0,16,2,4,5,10,100
HIGHEST_SNR,302013,334.4866650207849,1.6899522256921173,313.4708149772218,16,0,0,0,16,2,4,5,10,100
SHORTEST_PULSE,302013,334.4866650207849,1.6899522256921173,313.4708149772218,16,0,0,0,16,2,4,5,10,100
METROLOGY_CONDITIONED_EIG,302013,334.4866650207849,1.6899522256921173,313.4708149772218,16,0,0,0,16,2,4,5,10,100
NO_PASSIVE,302014,360.59114024411184,2.1374996068722596,445.27923823147125,0,0,0,0,2,2,4,5,10,100
RANDOM,302014,266.3115514315438,2.072241344233248,169.2398655724292,2,0,0,0,2,2,4,5,10,100
HIGHEST_SNR,302014,266.3115514315438,2.072241344233248,169.2398655724292,2,0,0,0,2,2,4,5,10,100
SHORTEST_PULSE,302014,266.3115514315438,2.072241344233248,169.2398655724292,2,0,0,0,2,2,4,5,10,100
METROLOGY_CONDITIONED_EIG,302014,266.3115514315438,2.072241344233248,169.2398655724292,2,0,0,0,2,2,4,5,10,100
NO_PASSIVE,302015,495.058565081103,1.9581958344931478,445.27923823147125,0,0,0,0,3,2,4,5,10,100
RANDOM,302015,210.2095881423525,1.682450221295072,219.3756181514629,3,0,0,0,3,2,4,5,10,100
HIGHEST_SNR,302015,210.2095881423525,1.682450221295072,219.3756181514629,3,0,0,0,3,2,4,5,10,100
SHORTEST_PULSE,302015,210.2095881423525,1.682450221295072,219.3756181514629,3,0,0,0,3,2,4,5,10,100
METROLOGY_CONDITIONED_EIG,302015,210.2095881423525,1.682450221295072,219.3756181514629,3,0,0,0,3,2,4,5,10,100
NO_PASSIVE,302016,414.58138491185974,0.34474493288297053,445.27923823147125,0,0,0,0,16,2,4,5,10,100
RANDOM,302016,60.67976163280917,0.6814331407872883,47.57918240949644,16,0,0,0,16,2,4,5,10,100
HIGHEST_SNR,302016,60.67976163280917,0.6814331407872883,47.57918240949644,16,0,0,0,16,2,4,5,10,100
SHORTEST_PULSE,302016,60.67976163280917,0.6814331407872883,47.57918240949644,16,0,0,0,16,2,4,5,10,100
METROLOGY_CONDITIONED_EIG,302016,60.67976163280917,0.6814331407872883,47.57918240949644,16,0,0,0,16,2,4,5,10,100
NO_PASSIVE,302017,204.22504426080772,2.7056033513948847,445.27923823147125,0,0,0,0,16,2,4,5,10,100
RANDOM,302017,144.28638241770724,2.335667960159824,313.85337748588563,16,0,0,0,16,2,4,5,10,100
HIGHEST_SNR,302017,144.28638241770724,2.335667960159824,313.85337748588563,16,0,0,0,16,2,4,5,10,100
SHORTEST_PULSE,302017,144.28638241770724,2.335667960159824,313.85337748588563,16,0,0,0,16,2,4,5,10,100
METROLOGY_CONDITIONED_EIG,302017,144.28638241770724,2.335667960159824,313.85337748588563,16,0,0,0,16,2,4,5,10,100
NO_PASSIVE,302018,414.69649626202823,0.5853087634999401,445.27923823147125,0,0,0,0,5,2,4,5,10,100
RANDOM,302018,291.02401078569994,0.4981396808561509,285.1169706879907,5,0,0,0,5,2,4,5,10,100
HIGHEST_SNR,302018,291.02401078569994,0.4981396808561509,285.1169706879907,5,0,0,0,5,2,4,5,10,100
SHORTEST_PULSE,302018,291.02401078569994,0.4981396808561509,285.1169706879907,5,0,0,0,5,2,4,5,10,100
METROLOGY_CONDITIONED_EIG,302018,291.02401078569994,0.4981396808561509,285.1169706879907,5,0,0,0,5,2,4,5,10,100
NO_PASSIVE,302019,345.1437179559787,0.5119828748177585,445.27923823147125,0,0,0,0,3,2,4,5,10,100
RANDOM,302019,209.60381902262003,0.31532576310958205,319.63930001435494,3,0,0,0,3,2,4,5,10,100
HIGHEST_SNR,302019,209.60381902262003,0.31532576310958205,319.63930001435494,3,0,0,0,3,2,4,5,10,100
SHORTEST_PULSE,302019,209.60381902262003,0.31532576310958205,319.63930001435494,3,0,0,0,3,2,4,5,10,100
METROLOGY_CONDITIONED_EIG,302019,209.60381902262003,0.31532576310958205,319.63930001435494,3,0,0,0,3,2,4,5,10,100
NO_PASSIVE,302020,728.2833619412777,1.9214882358930516,445.27923823147125,0,0,0,0,1,2,4,5,10,100
RANDOM,302020,727.7175708196789,1.927683131238422,332.2000823786032,1,0,0,0,1,2,4,5,10,100
HIGHEST_SNR,302020,727.7175708196789,1.927683131238422,332.2000823786032,1,0,0,0,1,2,4,5,10,100
SHORTEST_PULSE,302020,727.7175708196789,1.927683131238422,332.2000823786032,1,0,0,0,1,2,4,5,10,100
METROLOGY_CONDITIONED_EIG,302020,727.7175708196789,1.927683131238422,332.2000823786032,1,0,0,0,1,2,4,5,10,100
NO_PASSIVE,302021,380.6534930139189,2.65009229032993,445.27923823147125,0,0,0,0,18,2,4,5,10,100
RANDOM,302021,125.1292754329989,0.7798570439099848,82.31192577253954,18,0,0,0,18,2,4,5,10,100
HIGHEST_SNR,302021,125.1292754329989,0.7798570439099848,82.31192577253954,18,0,0,0,18,2,4,5,10,100
SHORTEST_PULSE,302021,125.1292754329989,0.7798570439099848,82.31192577253954,18,0,0,0,18,2,4,5,10,100
METROLOGY_CONDITIONED_EIG,302021,125.1292754329989,0.7798570439099848,82.31192577253954,18,0,0,0,18,2,4,5,10,100
NO_PASSIVE,302022,455.1636326132372,1.9669934501438329,445.27923823147125,0,0,0,0,14,2,4,5,10,100
RANDOM,302022,161.39535518968142,1.7176414527075856,185.244686440626,14,0,0,0,14,2,4,5,10,100
HIGHEST_SNR,302022,161.39535518968142,1.7176414527075856,185.244686440626,14,0,0,0,14,2,4,5,10,100
SHORTEST_PULSE,302022,161.39535518968142,1.7176414527075856,185.244686440626,14,0,0,0,14,2,4,5,10,100
METROLOGY_CONDITIONED_EIG,302022,161.39535518968142,1.7176414527075856,185.244686440626,14,0,0,0,14,2,4,5,10,100
NO_PASSIVE,302023,366.81735635934285,0.9345193478709536,445.27923823147125,0,0,0,0,0,2,4,5,10,100
RANDOM,302023,366.81735635934285,0.9345193478709536,445.27923823147125,0,0,0,0,0,2,4,5,10,100
HIGHEST_SNR,302023,366.81735635934285,0.9345193478709536,445.27923823147125,0,0,0,0,0,2,4,5,10,100
SHORTEST_PULSE,302023,366.81735635934285,0.9345193478709536,445.27923823147125,0,0,0,0,0,2,4,5,10,100
METROLOGY_CONDITIONED_EIG,302023,366.81735635934285,0.9345193478709536,445.27923823147125,0,0,0,0,0,2,4,5,10,100
NO_PASSIVE,302024,229.58451292617195,1.0596065027351318,445.27923823147125,0,0,0,0,23,2,4,5,10,100
RANDOM,302024,472.2254661246596,0.6661044510344322,300.03637046705734,22,1,0,0,23,2,4,5,10,100
HIGHEST_SNR,302024,472.2254661246596,0.6661044510344322,300.03637046705734,22,1,0,0,23,2,4,5,10,100
SHORTEST_PULSE,302024,472.2254661246596,0.6661044510344322,300.03637046705734,22,1,0,0,23,2,4,5,10,100
METROLOGY_CONDITIONED_EIG,302024,472.2254661246596,0.6661044510344322,300.03637046705734,22,1,0,0,23,2,4,5,10,100
NO_PASSIVE,302025,152.96878342091978,2.408034169437895,445.27923823147125,0,0,0,0,45,2,4,5,10,100
RANDOM,302025,122.83385736929486,0.7294292193058616,197.37629559710348,45,0,0,0,45,2,4,5,10,100
HIGHEST_SNR,302025,122.83385736929486,0.7294292193058616,197.37629559710348,45,0,0,0,45,2,4,5,10,100
SHORTEST_PULSE,302025,122.83385736929486,0.7294292193058616,197.37629559710348,45,0,0,0,45,2,4,5,10,100
METROLOGY_CONDITIONED_EIG,302025,122.83385736929486,0.7294292193058616,197.37629559710348,45,0,0,0,45,2,4,5,10,100
NO_PASSIVE,302026,550.4009882537987,2.0346032346645266,445.27923823147125,0,0,0,0,23,2,4,5,10,100
RANDOM,302026,119.91239521184008,1.8061744783130222,94.48740066948402,23,0,0,0,23,2,4,5,10,100
HIGHEST_SNR,302026,119.91239521184008,1.8061744783130222,94.48740066948402,23,0,0,0,23,2,4,5,10,100
SHORTEST_PULSE,302026,119.91239521184008,1.8061744783130222,94.48740066948402,23,0,0,0,23,2,4,5,10,100
METROLOGY_CONDITIONED_EIG,302026,119.91239521184008,1.8061744783130222,94.48740066948402,23,0,0,0,23,2,4,5,10,100
NO_PASSIVE,302027,724.727023030518,2.058512094057589,445.27923823147125,0,0,0,0,42,2,4,5,10,100
RANDOM,302027,34.277964185784434,0.544014279622864,65.12514642570657,24,0,0,0,42,2,4,5,10,100
HIGHEST_SNR,302027,140.1691487324628,0.38497830694711893,283.75689250309085,24,0,0,0,42,2,4,5,10,100
SHORTEST_PULSE,302027,140.1691487324628,0.38497830694711893,283.75689250309085,24,0,0,0,42,2,4,5,10,100
METROLOGY_CONDITIONED_EIG,302027,6.110096456908668,0.917517005431209,64.43800118911928,24,0,0,0,42,2,4,5,10,100
NO_PASSIVE,302028,807.0590375008353,1.121355938051962,445.27923823147125,0,0,0,0,19,2,4,5,10,100
RANDOM,302028,403.6331734054728,0.6666735907389697,226.49636667954624,19,0,0,0,19,2,4,5,10,100
HIGHEST_SNR,302028,403.6331734054728,0.6666735907389697,226.49636667954624,19,0,0,0,19,2,4,5,10,100
SHORTEST_PULSE,302028,403.6331734054728,0.6666735907389697,226.49636667954624,19,0,0,0,19,2,4,5,10,100
METROLOGY_CONDITIONED_EIG,302028,403.6331734054728,0.6666735907389697,226.49636667954624,19,0,0,0,19,2,4,5,10,100
NO_PASSIVE,302029,447.2722857289469,1.8368644196814288,445.27923823147125,0,0,0,0,19,2,4,5,10,100
RANDOM,302029,116.34581032698158,1.7578953033706968,259.70070532540143,18,0,0,0,19,2,4,5,10,100
HIGHEST_SNR,302029,458.6512589821395,1.7143429619603243,314.5351903771173,18,0,0,0,19,2,4,5,10,100
SHORTEST_PULSE,302029,116.34581032698158,1.7578953033706968,259.70070532540143,18,0,0,0,19,2,4,5,10,100
METROLOGY_CONDITIONED_EIG,302029,116.34581032698158,1.7578953033706968,259.70070532540143,18,0,0,0,19,2,4,5,10,100
NO_PASSIVE,303000,439.5832506566814,1.4749914672623012,445.27923823147125,0,0,0,0,14,3,4,5,100,30
RANDOM,303000,463.09579767811,0.7270878530599142,311.8980310156343,14,0,0,0,14,3,4,5,100,30
HIGHEST_SNR,303000,463.09579767811,0.7270878530599142,311.8980310156343,14,0,0,0,14,3,4,5,100,30
SHORTEST_PULSE,303000,463.09579767811,0.7270878530599142,311.8980310156343,14,0,0,0,14,3,4,5,100,30
METROLOGY_CONDITIONED_EIG,303000,463.09579767811,0.7270878530599142,311.8980310156343,14,0,0,0,14,3,4,5,100,30
NO_PASSIVE,303001,272.7669924544527,1.507619064289951,445.27923823147125,0,0,0,0,69,3,4,5,100,30
RANDOM,303001,40.33575766135394,1.0152765920263018,29.952486710305674,51,0,0,0,69,3,4,5,100,30
HIGHEST_SNR,303001,39.8734371735715,1.6312183918569947,33.01452482911418,51,0,0,0,69,3,4,5,100,30
SHORTEST_PULSE,303001,23.64268068130287,0.48623172968309514,36.40417792750125,50,1,0,0,69,3,4,5,100,30
METROLOGY_CONDITIONED_EIG,303001,25.436295507841965,0.6726448424656263,32.20695042186667,50,1,0,0,69,3,4,5,100,30
NO_PASSIVE,303002,208.98207224020004,0.29806760015660766,445.27923823147125,0,0,0,0,20,3,4,5,100,30
RANDOM,303002,196.3072678816452,0.5594526054653277,317.63605462835693,20,0,0,0,20,3,4,5,100,30
HIGHEST_SNR,303002,196.3072678816452,0.5594526054653277,317.63605462835693,20,0,0,0,20,3,4,5,100,30
SHORTEST_PULSE,303002,196.3072678816452,0.5594526054653277,317.63605462835693,20,0,0,0,20,3,4,5,100,30
METROLOGY_CONDITIONED_EIG,303002,196.3072678816452,0.5594526054653277,317.63605462835693,20,0,0,0,20,3,4,5,100,30
NO_PASSIVE,303003,316.0516174335926,2.5975240134030826,445.27923823147125,0,0,0,0,19,3,4,5,100,30
RANDOM,303003,212.30167288308195,1.5063279872050956,313.4900984933738,19,0,0,0,19,3,4,5,100,30
HIGHEST_SNR,303003,212.30167288308195,1.5063279872050956,313.4900984933738,19,0,0,0,19,3,4,5,100,30
SHORTEST_PULSE,303003,212.30167288308195,1.5063279872050956,313.4900984933738,19,0,0,0,19,3,4,5,100,30
METROLOGY_CONDITIONED_EIG,303003,212.30167288308195,1.5063279872050956,313.4900984933738,19,0,0,0,19,3,4,5,100,30
NO_PASSIVE,303004,118.83070390691732,1.5005823755736112,445.27923823147125,0,0,0,0,71,3,4,5,100,30
RANDOM,303004,8.016334129169287,0.11961620293554644,21.366756694358,47,1,0,0,71,3,4,5,100,30
HIGHEST_SNR,303004,6.659122603641154,0.267156407866039,18.72316787625017,48,0,0,0,71,3,4,5,100,30
SHORTEST_PULSE,303004,6.659122603641154,0.267156407866039,18.72316787625017,48,0,0,0,71,3,4,5,100,30
METROLOGY_CONDITIONED_EIG,303004,6.659122603641154,0.267156407866039,18.72316787625017,48,0,0,0,71,3,4,5,100,30
NO_PASSIVE,303005,566.8700005114459,2.6767035342418066,445.27923823147125,0,0,0,0,84,3,4,5,100,30
RANDOM,303005,28.336471475498524,0.437147005975303,40.551164502792396,55,1,0,0,84,3,4,5,100,30
HIGHEST_SNR,303005,27.793336385152244,0.26950147981312966,38.88777695891765,56,0,0,0,84,3,4,5,100,30
SHORTEST_PULSE,303005,21.502899835690485,0.1782653261636228,33.89633364879872,55,1,0,0,84,3,4,5,100,30
METROLOGY_CONDITIONED_EIG,303005,9.222551620380518,0.36468080078420134,34.09634619286451,55,1,0,0,84,3,4,5,100,30
NO_PASSIVE,303006,357.5926370903083,2.725755850749399,445.27923823147125,0,0,0,0,42,3,4,5,100,30
RANDOM,303006,71.26635774342691,0.7692699117093266,44.10672965783393,32,1,0,0,42,3,4,5,100,30
HIGHEST_SNR,303006,56.16050805046385,0.6507274898551673,40.33088959364787,32,1,0,0,42,3,4,5,100,30
SHORTEST_PULSE,303006,91.6539991493179,1.0856588173734727,47.942560759323825,32,1,0,0,42,3,4,5,100,30
METROLOGY_CONDITIONED_EIG,303006,56.16050805046385,0.6507274898551673,40.33088959364787,32,1,0,0,42,3,4,5,100,30
NO_PASSIVE,303007,333.93643502930695,1.2635179738414744,445.27923823147125,0,0,0,0,70,3,4,5,100,30
RANDOM,303007,7.706985072922053,0.3808180585108212,42.686069841845836,45,1,0,0,70,3,4,5,100,30
HIGHEST_SNR,303007,5.473552476322301,0.37383444144181444,38.96118166883395,45,1,0,0,70,3,4,5,100,30
SHORTEST_PULSE,303007,5.473552476322301,0.37383444144181444,38.96118166883395,45,1,0,0,70,3,4,5,100,30
METROLOGY_CONDITIONED_EIG,303007,7.336516260255738,0.4003559150381518,39.058181829977855,45,1,0,0,70,3,4,5,100,30
NO_PASSIVE,303008,405.6830981628499,0.7394460540511202,445.27923823147125,0,0,0,0,8,3,4,5,100,30
RANDOM,303008,382.0367534853929,0.40542779885356844,314.57869496946694,8,0,0,0,8,3,4,5,100,30
HIGHEST_SNR,303008,382.0367534853929,0.40542779885356844,314.57869496946694,8,0,0,0,8,3,4,5,100,30
SHORTEST_PULSE,303008,382.0367534853929,0.40542779885356844,314.57869496946694,8,0,0,0,8,3,4,5,100,30
METROLOGY_CONDITIONED_EIG,303008,382.0367534853929,0.40542779885356844,314.57869496946694,8,0,0,0,8,3,4,5,100,30
NO_PASSIVE,303009,601.0542234334828,2.8837689425110207,445.27923823147125,0,0,0,0,48,3,4,5,100,30
RANDOM,303009,19.064318705220952,1.2263061509270068,47.55016703822029,48,0,0,0,48,3,4,5,100,30
HIGHEST_SNR,303009,19.064318705220952,1.2263061509270068,47.55016703822029,48,0,0,0,48,3,4,5,100,30
SHORTEST_PULSE,303009,19.064318705220952,1.2263061509270068,47.55016703822029,48,0,0,0,48,3,4,5,100,30
METROLOGY_CONDITIONED_EIG,303009,19.064318705220952,1.2263061509270068,47.55016703822029,48,0,0,0,48,3,4,5,100,30
NO_PASSIVE,303010,400.1129044333586,1.8585686791867964,445.27923823147125,0,0,0,0,46,3,4,5,100,30
RANDOM,303010,18.548902889454354,2.0111400330175395,92.52093820441637,46,0,0,0,46,3,4,5,100,30
HIGHEST_SNR,303010,18.548902889454354,2.0111400330175395,92.52093820441637,46,0,0,0,46,3,4,5,100,30
SHORTEST_PULSE,303010,18.548902889454354,2.0111400330175395,92.52093820441637,46,0,0,0,46,3,4,5,100,30
METROLOGY_CONDITIONED_EIG,303010,18.548902889454354,2.0111400330175395,92.52093820441637,46,0,0,0,46,3,4,5,100,30
NO_PASSIVE,303011,489.49767650303556,1.1109155794033276,445.27923823147125,0,0,0,0,69,3,4,5,100,30
RANDOM,303011,53.034927691577415,1.6435651079344142,30.2882632723027,55,2,0,0,69,3,4,5,100,30
HIGHEST_SNR,303011,42.78999140205108,1.3997798959737082,30.705446203580788,56,1,0,0,69,3,4,5,100,30
SHORTEST_PULSE,303011,48.75962646346509,1.5299324252602933,27.464548179824515,55,2,0,0,69,3,4,5,100,30
METROLOGY_CONDITIONED_EIG,303011,48.75962646346509,1.5299324252602933,27.464548179824515,55,2,0,0,69,3,4,5,100,30
NO_PASSIVE,303012,192.0021761412759,1.1548907647020499,445.27923823147125,0,0,0,0,42,3,4,5,100,30
RANDOM,303012,9.280062982806287,0.09677163822508442,23.149574342980074,29,0,0,0,42,3,4,5,100,30
HIGHEST_SNR,303012,7.933818275238478,0.21791573417013066,24.50856191929822,29,0,0,0,42,3,4,5,100,30
SHORTEST_PULSE,303012,12.730664363959132,0.0644073463653004,22.623063061079776,29,0,0,0,42,3,4,5,100,30
METROLOGY_CONDITIONED_EIG,303012,8.430569980713507,0.13278256171032676,22.70464331190878,29,0,0,0,42,3,4,5,100,30
NO_PASSIVE,303013,100.52718737808875,0.7041246835510474,445.27923823147125,0,0,0,0,17,3,4,5,100,30
RANDOM,303013,37.56014080600956,0.7189002669966872,314.8888387469568,17,0,0,0,17,3,4,5,100,30
HIGHEST_SNR,303013,37.56014080600956,0.7189002669966872,314.8888387469568,17,0,0,0,17,3,4,5,100,30
SHORTEST_PULSE,303013,37.56014080600956,0.7189002669966872,314.8888387469568,17,0,0,0,17,3,4,5,100,30
METROLOGY_CONDITIONED_EIG,303013,37.56014080600956,0.7189002669966872,314.8888387469568,17,0,0,0,17,3,4,5,100,30
NO_PASSIVE,303014,298.1347202046967,4.80696780783503,445.27923823147125,0,0,0,0,41,3,4,5,100,30
RANDOM,303014,57.68141185108922,0.8149386232152542,30.61490257662265,38,1,0,0,41,3,4,5,100,30
HIGHEST_SNR,303014,57.68141185108922,0.8149386232152542,30.61490257662265,38,1,0,0,41,3,4,5,100,30
SHORTEST_PULSE,303014,66.77838005843654,1.058375609622519,29.081654827649125,38,1,0,0,41,3,4,5,100,30
METROLOGY_CONDITIONED_EIG,303014,66.77838005843654,1.058375609622519,29.081654827649125,38,1,0,0,41,3,4,5,100,30
NO_PASSIVE,303015,505.357821666562,1.515144853821249,445.27923823147125,0,0,0,0,65,3,4,5,100,30
RANDOM,303015,37.75134063734845,0.9168852253397082,27.480484667298267,46,0,0,0,65,3,4,5,100,30
HIGHEST_SNR,303015,34.7193943623762,1.0760074489012974,26.679239197143634,46,0,0,0,65,3,4,5,100,30
SHORTEST_PULSE,303015,34.7193943623762,1.0760074489012974,26.679239197143634,46,0,0,0,65,3,4,5,100,30
METROLOGY_CONDITIONED_EIG,303015,34.7193943623762,1.0760074489012974,26.679239197143634,46,0,0,0,65,3,4,5,100,30
NO_PASSIVE,303016,244.87314713167143,1.3335479562678707,445.27923823147125,0,0,0,0,24,3,4,5,100,30
RANDOM,303016,289.56088253665695,1.334527581713197,310.67455400130694,24,0,0,0,24,3,4,5,100,30
HIGHEST_SNR,303016,289.56088253665695,1.334527581713197,310.67455400130694,24,0,0,0,24,3,4,5,100,30
SHORTEST_PULSE,303016,289.56088253665695,1.334527581713197,310.67455400130694,24,0,0,0,24,3,4,5,100,30
METROLOGY_CONDITIONED_EIG,303016,289.56088253665695,1.334527581713197,310.67455400130694,24,0,0,0,24,3,4,5,100,30
NO_PASSIVE,303017,612.712467809793,2.0254666950157896,445.27923823147125,0,0,0,0,25,3,4,5,100,30
RANDOM,303017,17.841189650963152,0.11457578988482467,28.87420447376461,25,0,0,0,25,3,4,5,100,30
HIGHEST_SNR,303017,17.841189650963152,0.11457578988482467,28.87420447376461,25,0,0,0,25,3,4,5,100,30
SHORTEST_PULSE,303017,17.841189650963152,0.11457578988482467,28.87420447376461,25,0,0,0,25,3,4,5,100,30
METROLOGY_CONDITIONED_EIG,303017,17.841189650963152,0.11457578988482467,28.87420447376461,25,0,0,0,25,3,4,5,100,30
NO_PASSIVE,303018,438.40435517297374,2.1936819237246303,445.27923823147125,0,0,0,0,72,3,4,5,100,30
RANDOM,303018,6.059603981974712,0.45098614546868704,17.005375255505626,48,0,0,0,72,3,4,5,100,30
HIGHEST_SNR,303018,5.532294177109081,0.4640379897266625,17.711949074810416,48,0,0,0,72,3,4,5,100,30
SHORTEST_PULSE,303018,6.578235444574477,0.48526799516083474,16.71184200741806,48,0,0,0,72,3,4,5,100,30
METROLOGY_CONDITIONED_EIG,303018,6.578235444574477,0.48526799516083474,16.71184200741806,48,0,0,0,72,3,4,5,100,30
NO_PASSIVE,303019,152.76333490630054,1.1264435010817582,445.27923823147125,0,0,0,0,59,3,4,5,100,30
RANDOM,303019,17.673118170310648,0.24393905400696478,16.847819752036415,53,0,0,0,59,3,4,5,100,30
HIGHEST_SNR,303019,12.570251916864413,0.24724854018325976,17.509064510344448,53,0,0,0,59,3,4,5,100,30
SHORTEST_PULSE,303019,17.74980133300894,0.26755727503835636,16.326078181027476,53,0,0,0,59,3,4,5,100,30
METROLOGY_CONDITIONED_EIG,303019,17.74980133300894,0.26755727503835636,16.326078181027476,53,0,0,0,59,3,4,5,100,30
NO_PASSIVE,303020,550.0450319256713,1.7115522782184966,445.27923823147125,0,0,0,0,71,3,4,5,100,30
RANDOM,303020,5.905314591130127,0.09725645975704314,21.698872185622722,48,0,0,0,71,3,4,5,100,30
HIGHEST_SNR,303020,11.031605588574852,0.6334617064498529,19.507201762888155,48,0,0,0,71,3,4,5,100,30
SHORTEST_PULSE,303020,5.8820782391662325,0.3105917470979792,17.965195653601405,48,0,0,0,71,3,4,5,100,30
METROLOGY_CONDITIONED_EIG,303020,6.565633130827328,0.25972475769687925,18.09626462010008,48,0,0,0,71,3,4,5,100,30
NO_PASSIVE,303021,455.7527021851812,1.3647128498018741,445.27923823147125,0,0,0,0,86,3,4,5,100,30
RANDOM,303021,52.57063893541067,1.1758791832391673,37.48320294663196,36,0,0,0,86,3,4,5,100,30
HIGHEST_SNR,303021,74.55082871064998,1.6310789538780102,223.64128329290256,36,0,0,0,86,3,4,5,100,30
SHORTEST_PULSE,303021,113.07690139442877,0.5394575762364056,119.31046566418797,36,0,0,0,86,3,4,5,100,30
METROLOGY_CONDITIONED_EIG,303021,13.369609786779801,0.17248721381444132,29.80966142630605,36,0,0,0,86,3,4,5,100,30
NO_PASSIVE,303022,353.59053738210446,1.2484609617639109,445.27923823147125,0,0,0,0,63,3,4,5,100,30
RANDOM,303022,51.50113151280644,0.9680324540426873,213.26635809136366,24,0,0,0,63,3,4,5,100,30
HIGHEST_SNR,303022,230.03741747301515,1.4263005826314683,327.1249361206042,24,0,0,0,63,3,4,5,100,30
SHORTEST_PULSE,303022,213.16356678046924,1.8269587619114205,324.5376758597547,24,0,0,0,63,3,4,5,100,30
METROLOGY_CONDITIONED_EIG,303022,102.11282446769916,2.7937152496274025,210.97486069445793,24,0,0,0,63,3,4,5,100,30
NO_PASSIVE,303023,382.46556314895207,2.129340130599218,445.27923823147125,0,0,0,0,47,3,4,5,100,30
RANDOM,303023,43.21943831194905,0.9408656829123481,42.21667751094782,47,0,0,0,47,3,4,5,100,30
HIGHEST_SNR,303023,43.21943831194905,0.9408656829123481,42.21667751094782,47,0,0,0,47,3,4,5,100,30
SHORTEST_PULSE,303023,43.21943831194905,0.9408656829123481,42.21667751094782,47,0,0,0,47,3,4,5,100,30
METROLOGY_CONDITIONED_EIG,303023,43.21943831194905,0.9408656829123481,42.21667751094782,47,0,0,0,47,3,4,5,100,30
NO_PASSIVE,303024,322.49524902903374,0.9503675771405398,445.27923823147125,0,0,0,0,8,3,4,5,100,30
RANDOM,303024,315.0489654294273,0.17684325658402275,315.3316197115011,8,0,0,0,8,3,4,5,100,30
HIGHEST_SNR,303024,315.0489654294273,0.17684325658402275,315.3316197115011,8,0,0,0,8,3,4,5,100,30
SHORTEST_PULSE,303024,315.0489654294273,0.17684325658402275,315.3316197115011,8,0,0,0,8,3,4,5,100,30
METROLOGY_CONDITIONED_EIG,303024,315.0489654294273,0.17684325658402275,315.3316197115011,8,0,0,0,8,3,4,5,100,30
NO_PASSIVE,303025,484.66045471258457,3.2703761602337096,445.27923823147125,0,0,0,0,47,3,4,5,100,30
RANDOM,303025,465.30222298108896,3.186878935016863,284.56113475387014,39,0,0,0,47,3,4,5,100,30
HIGHEST_SNR,303025,342.09446832188377,3.1474011384407627,298.20164773056234,39,0,0,0,47,3,4,5,100,30
SHORTEST_PULSE,303025,481.036565920461,3.230995609800561,273.32005152594047,39,0,0,0,47,3,4,5,100,30
METROLOGY_CONDITIONED_EIG,303025,470.28061164890136,3.2338518963845666,274.48258077627327,39,0,0,0,47,3,4,5,100,30
NO_PASSIVE,303026,505.26808194673043,0.8729253539579128,445.27923823147125,0,0,0,0,57,3,4,5,100,30
RANDOM,303026,15.571024732391615,1.6168186395323592,43.02668790493054,54,0,0,0,57,3,4,5,100,30
HIGHEST_SNR,303026,15.97654081678623,1.5341286543225359,43.025740975871834,54,0,0,0,57,3,4,5,100,30
SHORTEST_PULSE,303026,20.359595582301313,1.594767356160873,43.49778664268199,54,0,0,0,57,3,4,5,100,30
METROLOGY_CONDITIONED_EIG,303026,15.97654081678623,1.5341286543225359,43.025740975871834,54,0,0,0,57,3,4,5,100,30
NO_PASSIVE,303027,402.23120970069874,1.6047600589630606,445.27923823147125,0,0,0,0,63,3,4,5,100,30
RANDOM,303027,23.857865604671222,0.4195050464579261,30.178781657806184,48,0,0,0,63,3,4,5,100,30
HIGHEST_SNR,303027,30.615518410105356,0.35576949332409463,55.5563049882115,48,0,0,0,63,3,4,5,100,30
SHORTEST_PULSE,303027,17.871896840306714,0.2255687557814657,32.1407103794155,48,0,0,0,63,3,4,5,100,30
METROLOGY_CONDITIONED_EIG,303027,13.752195266388465,0.7512624313981089,27.402833005577477,48,0,0,0,63,3,4,5,100,30
NO_PASSIVE,303028,426.7362822649611,1.0986480512477312,445.27923823147125,0,0,0,0,24,3,4,5,100,30
RANDOM,303028,133.2398250743353,1.4827825269819033,81.1551366676885,21,1,0,0,24,3,4,5,100,30
HIGHEST_SNR,303028,107.44243514796915,1.1929093653424936,79.51741543039873,21,1,0,0,24,3,4,5,100,30
SHORTEST_PULSE,303028,114.94976613101305,1.2302361520176883,84.93747583099437,21,1,0,0,24,3,4,5,100,30
METROLOGY_CONDITIONED_EIG,303028,107.44243514796915,1.1929093653424936,79.51741543039873,21,1,0,0,24,3,4,5,100,30
NO_PASSIVE,303029,523.6067712273382,1.89407539220298,445.27923823147125,0,0,0,0,47,3,4,5,100,30
RANDOM,303029,20.079083573092575,1.4255497594278452,65.52447560062245,46,1,0,0,47,3,4,5,100,30
HIGHEST_SNR,303029,20.079083573092575,1.4255497594278452,65.52447560062245,46,1,0,0,47,3,4,5,100,30
SHORTEST_PULSE,303029,20.079083573092575,1.4255497594278452,65.52447560062245,46,1,0,0,47,3,4,5,100,30
METROLOGY_CONDITIONED_EIG,303029,20.079083573092575,1.4255497594278452,65.52447560062245,46,1,0,0,47,3,4,5,100,30
NO_PASSIVE,304000,585.2748632284456,4.383603722341448,445.27923823147125,0,0,0,0,24,4,4,5,100,100
RANDOM,304000,246.5195018480102,1.508607177579386,287.1962933462394,24,0,0,0,24,4,4,5,100,100
HIGHEST_SNR,304000,246.5195018480102,1.508607177579386,287.1962933462394,24,0,0,0,24,4,4,5,100,100
SHORTEST_PULSE,304000,246.5195018480102,1.508607177579386,287.1962933462394,24,0,0,0,24,4,4,5,100,100
METROLOGY_CONDITIONED_EIG,304000,246.5195018480102,1.508607177579386,287.1962933462394,24,0,0,0,24,4,4,5,100,100
NO_PASSIVE,304001,267.18080500955244,2.7208607183033062,445.27923823147125,0,0,0,0,76,4,4,5,100,100
RANDOM,304001,62.89289126466674,2.9395974955619946,38.665176191719205,36,0,0,0,76,4,4,5,100,100
HIGHEST_SNR,304001,75.84574904468279,2.1171804685172675,56.54044963873484,36,0,0,0,76,4,4,5,100,100
SHORTEST_PULSE,304001,61.64086709528687,2.397900501872894,35.445428186128176,36,0,0,0,76,4,4,5,100,100
METROLOGY_CONDITIONED_EIG,304001,37.69216935428305,1.8174745773573184,36.43307034109821,36,0,0,0,76,4,4,5,100,100
NO_PASSIVE,304002,159.9056204138154,0.6092374686206957,445.27923823147125,0,0,0,0,81,4,4,5,100,100
RANDOM,304002,59.430946722327626,0.7181513371134269,37.0938790804484,45,2,0,0,81,4,4,5,100,100
HIGHEST_SNR,304002,17.071247860304947,0.7312571812630623,44.460183585907856,46,1,0,0,81,4,4,5,100,100
SHORTEST_PULSE,304002,17.25731928223515,0.8717193617197696,32.37200637658073,45,2,0,0,81,4,4,5,100,100
METROLOGY_CONDITIONED_EIG,304002,14.287693601904536,0.9787195089879842,32.385208721095196,45,2,0,0,81,4,4,5,100,100
NO_PASSIVE,304003,842.6476600467286,1.2808543872315685,445.27923823147125,0,0,0,0,72,4,4,5,100,100
RANDOM,304003,3.858836063738333,0.2217014330167727,97.01047319623375,36,0,0,0,72,4,4,5,100,100
HIGHEST_SNR,304003,147.96676392985884,0.8261232985011749,170.0380781261485,36,0,0,0,72,4,4,5,100,100
SHORTEST_PULSE,304003,125.89931001798071,0.8335763874674705,105.74442971140813,35,1,0,0,72,4,4,5,100,100
METROLOGY_CONDITIONED_EIG,304003,23.204140569900126,0.6508658474794725,88.32771274234736,35,1,0,0,72,4,4,5,100,100
NO_PASSIVE,304004,230.6936625073862,0.89882771380421,445.27923823147125,0,0,0,0,7,4,4,5,100,100
RANDOM,304004,239.95749396782855,0.818042553217559,314.65853289113323,7,0,0,0,7,4,4,5,100,100
HIGHEST_SNR,304004,239.95749396782855,0.818042553217559,314.65853289113323,7,0,0,0,7,4,4,5,100,100
SHORTEST_PULSE,304004,239.95749396782855,0.818042553217559,314.65853289113323,7,0,0,0,7,4,4,5,100,100
METROLOGY_CONDITIONED_EIG,304004,239.95749396782855,0.818042553217559,314.65853289113323,7,0,0,0,7,4,4,5,100,100
NO_PASSIVE,304005,469.78162724661183,1.7734745106856133,445.27923823147125,0,0,0,0,40,4,4,5,100,100
RANDOM,304005,51.95923552927788,1.4709113416085162,91.44872027821263,22,1,0,0,40,4,4,5,100,100
HIGHEST_SNR,304005,108.08668857373333,1.589363813368184,134.27243270321753,23,0,0,0,40,4,4,5,100,100
SHORTEST_PULSE,304005,108.08668857373333,1.589363813368184,134.27243270321753,23,0,0,0,40,4,4,5,100,100
METROLOGY_CONDITIONED_EIG,304005,38.498073957308755,0.8853112408380576,90.40457981636489,22,1,0,0,40,4,4,5,100,100
NO_PASSIVE,304006,166.13902007386292,0.7350676385252298,445.27923823147125,0,0,0,0,43,4,4,5,100,100
RANDOM,304006,72.13767147555421,1.3861961064968604,29.411724195243643,36,0,0,0,43,4,4,5,100,100
HIGHEST_SNR,304006,89.2365826202447,1.7097214323974088,34.74399960404885,36,0,0,0,43,4,4,5,100,100
SHORTEST_PULSE,304006,54.755089269783724,1.3067045684783853,28.422026924847057,36,0,0,0,43,4,4,5,100,100
METROLOGY_CONDITIONED_EIG,304006,54.755089269783724,1.3067045684783853,28.422026924847057,36,0,0,0,43,4,4,5,100,100
NO_PASSIVE,304007,651.9604493694579,0.2501266160304077,445.27923823147125,0,0,0,0,70,4,4,5,100,100
RANDOM,304007,62.126900115599376,0.7264388827460602,45.6850065595576,36,0,0,0,70,4,4,5,100,100
HIGHEST_SNR,304007,41.80094925720542,0.44486197649093795,40.47365363980967,36,0,0,0,70,4,4,5,100,100
SHORTEST_PULSE,304007,75.04617337208045,0.21917706621664407,53.409296510714384,36,0,0,0,70,4,4,5,100,100
METROLOGY_CONDITIONED_EIG,304007,30.593238722739926,0.3773815056080456,40.42667006005524,36,0,0,0,70,4,4,5,100,100
NO_PASSIVE,304008,61.87504867767261,0.8286958003213851,445.27923823147125,0,0,0,0,53,4,4,5,100,100
RANDOM,304008,44.91216769852997,1.0756995967317142,58.87303786765843,48,1,0,0,53,4,4,5,100,100
HIGHEST_SNR,304008,48.70279863013957,1.1813201399811653,64.47195687096263,48,1,0,0,53,4,4,5,100,100
SHORTEST_PULSE,304008,30.571734478975685,1.213561039241256,54.32720394539363,48,1,0,0,53,4,4,5,100,100
METROLOGY_CONDITIONED_EIG,304008,30.571734478975685,1.213561039241256,54.32720394539363,48,1,0,0,53,4,4,5,100,100
NO_PASSIVE,304009,440.17721668738074,2.612814672330845,445.27923823147125,0,0,0,0,26,4,4,5,100,100
RANDOM,304009,134.84125316412246,2.3514671430609217,79.11544227793685,26,0,0,0,26,4,4,5,100,100
HIGHEST_SNR,304009,134.84125316412246,2.3514671430609217,79.11544227793685,26,0,0,0,26,4,4,5,100,100
SHORTEST_PULSE,304009,134.84125316412246,2.3514671430609217,79.11544227793685,26,0,0,0,26,4,4,5,100,100
METROLOGY_CONDITIONED_EIG,304009,134.84125316412246,2.3514671430609217,79.11544227793685,26,0,0,0,26,4,4,5,100,100
NO_PASSIVE,304010,44.34026282613319,1.0008401702531122,445.27923823147125,0,0,0,0,30,4,4,5,100,100
RANDOM,304010,49.49468912053485,0.8037407318399447,62.112488426933105,27,0,0,0,30,4,4,5,100,100
HIGHEST_SNR,304010,60.149729090674256,0.9565075764350425,67.47250930643173,27,0,0,0,30,4,4,5,100,100
SHORTEST_PULSE,304010,56.04224129818583,0.9778044298538601,61.49419228444412,27,0,0,0,30,4,4,5,100,100
METROLOGY_CONDITIONED_EIG,304010,56.04224129818583,0.9778044298538601,61.49419228444412,27,0,0,0,30,4,4,5,100,100
NO_PASSIVE,304011,518.8935728057064,1.4085632233388008,445.27923823147125,0,0,0,0,66,4,4,5,100,100
RANDOM,304011,18.44255360421776,1.5178112613754995,32.24271050161048,49,0,0,0,66,4,4,5,100,100
HIGHEST_SNR,304011,18.441390658952162,1.7990536602422817,33.299996372447595,49,0,0,0,66,4,4,5,100,100
SHORTEST_PULSE,304011,17.298378433111996,1.4257774537983952,32.03345592881612,49,0,0,0,66,4,4,5,100,100
METROLOGY_CONDITIONED_EIG,304011,15.554870650339126,1.4990530154305777,32.204330679144036,49,0,0,0,66,4,4,5,100,100
NO_PASSIVE,304012,312.2131344874844,3.48766088904032,445.27923823147125,0,0,0,0,9,4,4,5,100,100
RANDOM,304012,148.7827321966054,0.9338400489253752,316.66484309154123,9,0,0,0,9,4,4,5,100,100
HIGHEST_SNR,304012,148.7827321966054,0.9338400489253752,316.66484309154123,9,0,0,0,9,4,4,5,100,100
SHORTEST_PULSE,304012,148.7827321966054,0.9338400489253752,316.66484309154123,9,0,0,0,9,4,4,5,100,100
METROLOGY_CONDITIONED_EIG,304012,148.7827321966054,0.9338400489253752,316.66484309154123,9,0,0,0,9,4,4,5,100,100
NO_PASSIVE,304013,417.1392891476654,1.508374059208464,445.27923823147125,0,0,0,0,90,4,4,5,100,100
RANDOM,304013,22.859074968970077,0.46945197402913824,39.41766476913472,59,1,0,0,90,4,4,5,100,100
HIGHEST_SNR,304013,6.052041698929711,0.36451845223015816,38.88406940668271,60,0,0,0,90,4,4,5,100,100
SHORTEST_PULSE,304013,3.9840177967544266,0.2637032721143632,45.65026098148617,60,0,0,0,90,4,4,5,100,100
METROLOGY_CONDITIONED_EIG,304013,29.6246945866765,0.9905373557204118,36.723631348631294,60,0,0,0,90,4,4,5,100,100
NO_PASSIVE,304014,715.5769872290797,0.30669692957818884,445.27923823147125,0,0,0,0,43,4,4,5,100,100
RANDOM,304014,34.65096996548677,1.0993828944840842,34.664381290703865,35,0,0,0,43,4,4,5,100,100
HIGHEST_SNR,304014,32.062287079439194,0.865220844256899,36.23832625519186,35,0,0,0,43,4,4,5,100,100
SHORTEST_PULSE,304014,47.41214372610367,1.4677147002361075,33.937772051329226,35,0,0,0,43,4,4,5,100,100
METROLOGY_CONDITIONED_EIG,304014,46.6988680962447,1.1815497650754634,34.80248554496051,35,0,0,0,43,4,4,5,100,100
NO_PASSIVE,304015,282.0409630001821,3.44362757202874,445.27923823147125,0,0,0,0,48,4,4,5,100,100
RANDOM,304015,68.32537531895163,3.110462815436921,110.25051434314392,24,0,0,0,48,4,4,5,100,100
HIGHEST_SNR,304015,117.08154026724903,3.369222877871543,313.9055925418902,24,0,0,0,48,4,4,5,100,100
SHORTEST_PULSE,304015,128.28749627043175,3.0169568608318005,314.6712142317791,24,0,0,0,48,4,4,5,100,100
METROLOGY_CONDITIONED_EIG,304015,184.37629664651115,3.492667787731329,109.5564981384348,24,0,0,0,48,4,4,5,100,100
NO_PASSIVE,304016,686.6811400375,1.469896313270871,445.27923823147125,0,0,0,0,80,4,4,5,100,100
RANDOM,304016,8.61223777702221,0.5505366058609243,45.53337491610015,54,0,0,0,80,4,4,5,100,100
HIGHEST_SNR,304016,47.05360616711832,0.2952464376768267,49.67722203638064,54,0,0,0,80,4,4,5,100,100
SHORTEST_PULSE,304016,29.237437809216026,0.7353539754427222,47.57680851221685,54,0,0,0,80,4,4,5,100,100
METROLOGY_CONDITIONED_EIG,304016,9.01808798186343,0.7404763145527335,44.2135058894523,54,0,0,0,80,4,4,5,100,100
NO_PASSIVE,304017,611.2858870909627,2.218181154122409,445.27923823147125,0,0,0,0,24,4,4,5,100,100
RANDOM,304017,688.9133521670999,2.0877174493170343,314.84617674218106,24,0,0,0,24,4,4,5,100,100
HIGHEST_SNR,304017,688.9133521670999,2.0877174493170343,314.84617674218106,24,0,0,0,24,4,4,5,100,100
SHORTEST_PULSE,304017,688.9133521670999,2.0877174493170343,314.84617674218106,24,0,0,0,24,4,4,5,100,100
METROLOGY_CONDITIONED_EIG,304017,688.9133521670999,2.0877174493170343,314.84617674218106,24,0,0,0,24,4,4,5,100,100
NO_PASSIVE,304018,696.3136868721335,0.06492875362823645,445.27923823147125,0,0,0,0,23,4,4,5,100,100
RANDOM,304018,697.8819204815987,1.0855099514409847,314.82226477985256,23,0,0,0,23,4,4,5,100,100
HIGHEST_SNR,304018,697.8819204815987,1.0855099514409847,314.82226477985256,23,0,0,0,23,4,4,5,100,100
SHORTEST_PULSE,304018,697.8819204815987,1.0855099514409847,314.82226477985256,23,0,0,0,23,4,4,5,100,100
METROLOGY_CONDITIONED_EIG,304018,697.8819204815987,1.0855099514409847,314.82226477985256,23,0,0,0,23,4,4,5,100,100
NO_PASSIVE,304019,494.2827975400644,1.326496966607551,445.27923823147125,0,0,0,0,25,4,4,5,100,100
RANDOM,304019,22.391493956903343,0.9521431879374228,82.39393989746691,22,0,0,0,25,4,4,5,100,100
HIGHEST_SNR,304019,18.694023286703615,1.5966641377319453,316.3328465342369,22,0,0,0,25,4,4,5,100,100
SHORTEST_PULSE,304019,48.448981610344724,1.2037111831060907,55.37597152534222,22,0,0,0,25,4,4,5,100,100
METROLOGY_CONDITIONED_EIG,304019,48.448981610344724,1.2037111831060907,55.37597152534222,22,0,0,0,25,4,4,5,100,100
NO_PASSIVE,304020,442.43403389488157,0.9643672334937722,445.27923823147125,0,0,0,0,75,4,4,5,100,100
RANDOM,304020,69.45266212925173,0.9265360202464421,50.579432842991785,24,0,0,0,75,4,4,5,100,100
HIGHEST_SNR,304020,420.28536707383415,1.6290302888780652,312.37349563811534,22,2,0,0,75,4,4,5,100,100
SHORTEST_PULSE,304020,89.68383589230669,0.5437352260366495,57.41332928455808,24,0,0,0,75,4,4,5,100,100
METROLOGY_CONDITIONED_EIG,304020,28.33546430734283,0.6412107203956279,47.02584601890975,24,0,0,0,75,4,4,5,100,100
NO_PASSIVE,304021,302.1970102460638,2.45525664526607,445.27923823147125,0,0,0,0,32,4,4,5,100,100
RANDOM,304021,46.77718371274227,1.9074658399235356,137.72193899378232,27,0,0,0,32,4,4,5,100,100
HIGHEST_SNR,304021,93.68868612557678,2.972154359930001,158.18636036204006,26,1,0,0,32,4,4,5,100,100
SHORTEST_PULSE,304021,116.88406545591859,2.3305820021797006,136.67592032808656,26,1,0,0,32,4,4,5,100,100
METROLOGY_CONDITIONED_EIG,304021,99.7454382609562,2.5964430554152393,137.00123535669624,26,1,0,0,32,4,4,5,100,100
NO_PASSIVE,304022,272.3356619606182,0.80750575746943,445.27923823147125,0,0,0,0,63,4,4,5,100,100
RANDOM,304022,21.617334672889804,0.5283736553738897,44.97060444427544,36,0,0,0,63,4,4,5,100,100
HIGHEST_SNR,304022,28.201598200976097,0.46966737313673,73.37463867064186,35,1,0,0,63,4,4,5,100,100
SHORTEST_PULSE,304022,33.96609564931483,1.3572513050011088,49.877125535399806,36,0,0,0,63,4,4,5,100,100
METROLOGY_CONDITIONED_EIG,304022,31.684897618146948,0.4417432799107136,44.29280184974553,36,0,0,0,63,4,4,5,100,100
NO_PASSIVE,304023,117.61003783592027,0.09143850235126671,445.27923823147125,0,0,0,0,70,4,4,5,100,100
RANDOM,304023,12.953052736635142,0.4538502467090189,37.47582680862679,46,0,0,0,70,4,4,5,100,100
HIGHEST_SNR,304023,21.679176587081766,0.8549661038821303,60.96016515525715,46,0,0,0,70,4,4,5,100,100
SHORTEST_PULSE,304023,15.01201928895947,1.0861446163063488,34.85285709240525,46,0,0,0,70,4,4,5,100,100
METROLOGY_CONDITIONED_EIG,304023,15.804578426481509,1.1628509980081456,34.90009969095248,46,0,0,0,70,4,4,5,100,100
NO_PASSIVE,304024,477.29479450659545,1.319531199911172,445.27923823147125,0,0,0,0,58,4,4,5,100,100
RANDOM,304024,54.22262401589432,1.1539342590900112,45.61322239687497,55,0,0,0,58,4,4,5,100,100
HIGHEST_SNR,304024,10.21529018324515,0.33544851288072025,49.23277660594529,54,1,0,0,58,4,4,5,100,100
SHORTEST_PULSE,304024,11.946655392580835,0.14242416943078923,47.45947469989591,54,1,0,0,58,4,4,5,100,100
METROLOGY_CONDITIONED_EIG,304024,5.23674484822136,0.2597578172376543,47.38753925960892,54,1,0,0,58,4,4,5,100,100
NO_PASSIVE,304025,267.141258110475,1.8020425179958999,445.27923823147125,0,0,0,0,75,4,4,5,100,100
RANDOM,304025,33.190524638286945,0.1401523978926637,42.83194805490474,48,0,0,0,75,4,4,5,100,100
HIGHEST_SNR,304025,8.512458794497748,0.5613579351086966,49.13925836471503,48,0,0,0,75,4,4,5,100,100
SHORTEST_PULSE,304025,12.116251563367111,0.7451505403354262,44.23653957086556,46,2,0,0,75,4,4,5,100,100
METROLOGY_CONDITIONED_EIG,304025,24.509381135678108,0.8235633521435922,43.20416009484624,48,0,0,0,75,4,4,5,100,100
NO_PASSIVE,304026,183.2235840645697,2.6681629455641187,445.27923823147125,0,0,0,0,86,4,4,5,100,100
RANDOM,304026,22.299214305407364,1.232595121638927,43.836552963587444,41,0,0,0,86,4,4,5,100,100
HIGHEST_SNR,304026,16.056583284619347,1.7398113047555983,52.356299072388616,41,0,0,0,86,4,4,5,100,100
SHORTEST_PULSE,304026,10.37212937301327,0.9038717512757243,37.42117256421191,41,0,0,0,86,4,4,5,100,100
METROLOGY_CONDITIONED_EIG,304026,20.58827259316849,0.4702603243995991,37.607197543976184,41,0,0,0,86,4,4,5,100,100
NO_PASSIVE,304027,127.30269800412374,0.14530496412015834,445.27923823147125,0,0,0,0,62,4,4,5,100,100
RANDOM,304027,57.35919354720664,2.017067229124917,59.886069291895375,55,1,0,0,62,4,4,5,100,100
HIGHEST_SNR,304027,57.35919354720664,2.017067229124917,59.886069291895375,55,1,0,0,62,4,4,5,100,100
SHORTEST_PULSE,304027,89.75489008461078,1.8214053428844732,57.21183242752957,54,2,0,0,62,4,4,5,100,100
METROLOGY_CONDITIONED_EIG,304027,70.25232335167894,1.4848130562215012,56.760253555423525,54,2,0,0,62,4,4,5,100,100
NO_PASSIVE,304028,756.2849484694914,1.2735313241199593,445.27923823147125,0,0,0,0,34,4,4,5,100,100
RANDOM,304028,25.332425590150713,0.25412760120561534,35.670890724321275,33,1,0,0,34,4,4,5,100,100
HIGHEST_SNR,304028,25.332425590150713,0.25412760120561534,35.670890724321275,33,1,0,0,34,4,4,5,100,100
SHORTEST_PULSE,304028,25.332425590150713,0.25412760120561534,35.670890724321275,33,1,0,0,34,4,4,5,100,100
METROLOGY_CONDITIONED_EIG,304028,25.332425590150713,0.25412760120561534,35.670890724321275,33,1,0,0,34,4,4,5,100,100
NO_PASSIVE,304029,517.9626025303758,0.719386629049178,445.27923823147125,0,0,0,0,60,4,4,5,100,100
RANDOM,304029,85.83926478854848,1.7614695157169857,46.661605721996246,39,0,0,0,60,4,4,5,100,100
HIGHEST_SNR,304029,81.7794812107651,2.0217806411363837,44.24577981057318,39,0,0,0,60,4,4,5,100,100
SHORTEST_PULSE,304029,81.7794812107651,2.0217806411363837,44.24577981057318,39,0,0,0,60,4,4,5,100,100
METROLOGY_CONDITIONED_EIG,304029,81.4024664327708,1.995062250795154,44.2477844783927,39,0,0,0,60,4,4,5,100,100
NO_PASSIVE,305000,246.21789266394293,2.3658119185513216,445.27923823147125,0,0,0,0,72,5,4,5,1000,30
RANDOM,305000,8.66448818439948,1.6574573947365678,52.67806823852189,47,1,0,0,72,5,4,5,1000,30
HIGHEST_SNR,305000,24.436910845242974,2.0836486760781887,43.628449187303794,47,1,0,0,72,5,4,5,1000,30
SHORTEST_PULSE,305000,239.88683632146567,2.5479348652847778,109.00829993394596,47,1,0,0,72,5,4,5,1000,30
METROLOGY_CONDITIONED_EIG,305000,24.436910845242974,2.0836486760781887,43.628449187303794,47,1,0,0,72,5,4,5,1000,30
NO_PASSIVE,305001,586.5702985490052,1.2751429612795486,445.27923823147125,0,0,0,0,72,5,4,5,1000,30
RANDOM,305001,32.36725387776952,0.43864787408169287,36.227792013557874,35,1,0,0,72,5,4,5,1000,30
HIGHEST_SNR,305001,24.204838423371363,0.4761321300963409,38.682087093763144,36,0,0,0,72,5,4,5,1000,30
SHORTEST_PULSE,305001,16.029067754009226,0.19943892644451308,39.735081413906215,36,0,0,0,72,5,4,5,1000,30
METROLOGY_CONDITIONED_EIG,305001,22.602230320881013,0.3812527585024385,35.0053076522572,35,1,0,0,72,5,4,5,1000,30
NO_PASSIVE,305002,143.2451895382998,5.189361108757873,445.27923823147125,0,0,0,0,24,5,4,5,1000,30
RANDOM,305002,25.54962702937747,5.119267812260119,315.58028254712764,24,0,0,0,24,5,4,5,1000,30
HIGHEST_SNR,305002,25.54962702937747,5.119267812260119,315.58028254712764,24,0,0,0,24,5,4,5,1000,30
SHORTEST_PULSE,305002,25.54962702937747,5.119267812260119,315.58028254712764,24,0,0,0,24,5,4,5,1000,30
METROLOGY_CONDITIONED_EIG,305002,25.54962702937747,5.119267812260119,315.58028254712764,24,0,0,0,24,5,4,5,1000,30
NO_PASSIVE,305003,481.9390113066698,2.5238111602964044,445.27923823147125,0,0,0,0,72,5,4,5,1000,30
RANDOM,305003,8.140739349011573,0.6769348184740199,35.637100700250215,48,0,0,0,72,5,4,5,1000,30
HIGHEST_SNR,305003,21.82991350853679,0.581555039651569,32.57120299396811,48,0,0,0,72,5,4,5,1000,30
SHORTEST_PULSE,305003,26.361788461348084,0.942648642488018,36.10790194145973,48,0,0,0,72,5,4,5,1000,30
METROLOGY_CONDITIONED_EIG,305003,48.834939804348586,0.43683529590785486,34.342536608875186,48,0,0,0,72,5,4,5,1000,30
NO_PASSIVE,305004,549.633628091315,1.0722151806735418,445.27923823147125,0,0,0,0,48,5,4,5,1000,30
RANDOM,305004,26.402384932575213,0.4285994318682444,31.63461438556244,36,0,0,0,48,5,4,5,1000,30
HIGHEST_SNR,305004,14.097194243986248,0.1708132501833976,29.784308355336066,36,0,0,0,48,5,4,5,1000,30
SHORTEST_PULSE,305004,11.643073491987794,0.24178757050895697,33.875175590311095,36,0,0,0,48,5,4,5,1000,30
METROLOGY_CONDITIONED_EIG,305004,14.097194243986248,0.1708132501833976,29.784308355336066,36,0,0,0,48,5,4,5,1000,30
NO_PASSIVE,305005,263.4850812147734,1.6688260964158452,445.27923823147125,0,0,0,0,48,5,4,5,1000,30
RANDOM,305005,76.10973572825053,1.833963841486805,53.501209752938024,47,1,0,0,48,5,4,5,1000,30
HIGHEST_SNR,305005,76.10973572825053,1.833963841486805,53.501209752938024,47,1,0,0,48,5,4,5,1000,30
SHORTEST_PULSE,305005,76.10973572825053,1.833963841486805,53.501209752938024,47,1,0,0,48,5,4,5,1000,30
METROLOGY_CONDITIONED_EIG,305005,76.10973572825053,1.833963841486805,53.501209752938024,47,1,0,0,48,5,4,5,1000,30
NO_PASSIVE,305006,108.4717984869225,3.2293667099772647,445.27923823147125,0,0,0,0,48,5,4,5,1000,30
RANDOM,305006,100.12477554808778,1.0066358468449017,66.04831797284653,24,0,0,0,48,5,4,5,1000,30
HIGHEST_SNR,305006,82.63773385154094,3.178471775564273,314.95698129448704,24,0,0,0,48,5,4,5,1000,30
SHORTEST_PULSE,305006,82.63773385154094,3.178471775564273,314.95698129448704,24,0,0,0,48,5,4,5,1000,30
METROLOGY_CONDITIONED_EIG,305006,72.57745223674146,0.9933254339510125,58.197050759031114,24,0,0,0,48,5,4,5,1000,30
NO_PASSIVE,305007,308.6716757711656,2.238408766563946,445.27923823147125,0,0,0,0,72,5,4,5,1000,30
RANDOM,305007,77.14852011314568,1.0410360864369064,33.56613173665854,48,0,0,0,72,5,4,5,1000,30
HIGHEST_SNR,305007,82.02127249082812,1.1374598876299695,30.77556034500022,48,0,0,0,72,5,4,5,1000,30
SHORTEST_PULSE,305007,82.02127249082812,1.1374598876299695,30.77556034500022,48,0,0,0,72,5,4,5,1000,30
METROLOGY_CONDITIONED_EIG,305007,82.02127249082812,1.1374598876299695,30.77556034500022,48,0,0,0,72,5,4,5,1000,30
NO_PASSIVE,305008,632.3769425270732,1.737008478809373,445.27923823147125,0,0,0,0,48,5,4,5,1000,30
RANDOM,305008,91.7254590153322,0.8264725224040964,168.65301584127306,23,1,0,0,48,5,4,5,1000,30
HIGHEST_SNR,305008,789.9791191797561,1.6795819602377517,273.6751397412798,24,0,0,0,48,5,4,5,1000,30
SHORTEST_PULSE,305008,789.9791191797561,1.6795819602377517,273.6751397412798,24,0,0,0,48,5,4,5,1000,30
METROLOGY_CONDITIONED_EIG,305008,133.7519562064893,0.9247425730001744,161.86466655908296,24,0,0,0,48,5,4,5,1000,30
NO_PASSIVE,305009,452.1302109800612,0.4802680481598549,445.27923823147125,0,0,0,0,58,5,4,5,1000,30
RANDOM,305009,26.303230461489942,0.1612509139218854,24.4033882344323,36,0,0,0,58,5,4,5,1000,30
HIGHEST_SNR,305009,20.329831917267065,0.5058321517601914,23.209890202238434,35,1,0,0,58,5,4,5,1000,30
SHORTEST_PULSE,305009,21.96114708055742,0.7219448641928321,27.2035097424238,36,0,0,0,58,5,4,5,1000,30
METROLOGY_CONDITIONED_EIG,305009,18.725959706335694,0.2715967266130287,23.35463905819635,35,1,0,0,58,5,4,5,1000,30
NO_PASSIVE,305010,181.480677707271,1.8682324120373737,445.27923823147125,0,0,0,0,72,5,4,5,1000,30
RANDOM,305010,38.31591729137049,0.6058590073006694,56.79598895758636,35,1,0,0,72,5,4,5,1000,30
HIGHEST_SNR,305010,170.41425324634835,0.18204548974345547,95.21833609792833,35,1,0,0,72,5,4,5,1000,30
SHORTEST_PULSE,305010,172.42459074705914,1.450037938181237,97.09381754346269,34,2,0,0,72,5,4,5,1000,30
METROLOGY_CONDITIONED_EIG,305010,28.886306447716507,0.34365999989203794,56.30069419534197,34,2,0,0,72,5,4,5,1000,30
NO_PASSIVE,305011,412.4279385939754,1.3724407138471286,445.27923823147125,0,0,0,0,72,5,4,5,1000,30
RANDOM,305011,55.391770161408864,1.6810911882075392,47.67608982012029,35,1,0,0,72,5,4,5,1000,30
HIGHEST_SNR,305011,109.31221154223034,2.209006097530121,55.38399615709315,36,0,0,0,72,5,4,5,1000,30
SHORTEST_PULSE,305011,109.31221154223034,2.209006097530121,55.38399615709315,36,0,0,0,72,5,4,5,1000,30
METROLOGY_CONDITIONED_EIG,305011,44.250360676730445,2.1189561987904963,46.08824787218963,36,0,0,0,72,5,4,5,1000,30
NO_PASSIVE,305012,489.01818506512416,1.8162066004815993,445.27923823147125,0,0,0,0,23,5,4,5,1000,30
RANDOM,305012,194.47137722606746,1.4629409249722387,313.5834637476172,23,0,0,0,23,5,4,5,1000,30
HIGHEST_SNR,305012,194.47137722606746,1.4629409249722387,313.5834637476172,23,0,0,0,23,5,4,5,1000,30
SHORTEST_PULSE,305012,194.47137722606746,1.4629409249722387,313.5834637476172,23,0,0,0,23,5,4,5,1000,30
METROLOGY_CONDITIONED_EIG,305012,194.47137722606746,1.4629409249722387,313.5834637476172,23,0,0,0,23,5,4,5,1000,30
NO_PASSIVE,305013,250.6752795729191,0.3366301177287315,445.27923823147125,0,0,0,0,96,5,4,5,1000,30
RANDOM,305013,25.985949316309544,0.4393781189466408,25.06766091587388,60,0,0,0,96,5,4,5,1000,30
HIGHEST_SNR,305013,10.131847430367465,0.43428532567903944,26.481936788205836,60,0,0,0,96,5,4,5,1000,30
SHORTEST_PULSE,305013,5.386057294769923,0.29461360017797933,23.48352539161137,60,0,0,0,96,5,4,5,1000,30
METROLOGY_CONDITIONED_EIG,305013,5.826466493937969,0.42616281166648257,24.098075491688515,60,0,0,0,96,5,4,5,1000,30
NO_PASSIVE,305014,144.29705488323737,2.0043022382101747,445.27923823147125,0,0,0,0,48,5,4,5,1000,30
RANDOM,305014,16.058973385439742,1.225653296314247,243.93259874586386,36,0,0,0,48,5,4,5,1000,30
HIGHEST_SNR,305014,72.71999100998471,1.241244899784934,258.4497217895398,36,0,0,0,48,5,4,5,1000,30
SHORTEST_PULSE,305014,72.71999100998471,1.241244899784934,258.4497217895398,36,0,0,0,48,5,4,5,1000,30
METROLOGY_CONDITIONED_EIG,305014,114.1768862212037,1.048837496386607,251.5634964400461,36,0,0,0,48,5,4,5,1000,30
NO_PASSIVE,305015,858.3567506134384,3.18310321638513,445.27923823147125,0,0,0,0,96,5,4,5,1000,30
RANDOM,305015,9.941472094553937,0.5121339565230335,15.120282435221224,56,4,0,0,96,5,4,5,1000,30
HIGHEST_SNR,305015,21.196359986007106,0.48467755656403233,18.917497452852466,58,2,0,0,96,5,4,5,1000,30
SHORTEST_PULSE,305015,5.87786512243722,0.09864598916702563,13.757323452612807,58,2,0,0,96,5,4,5,1000,30
METROLOGY_CONDITIONED_EIG,305015,7.230393813025948,0.12077865880051408,12.45049292960138,58,2,0,0,96,5,4,5,1000,30
NO_PASSIVE,305016,181.46257548916674,2.5100012511004577,445.27923823147125,0,0,0,0,72,5,4,5,1000,30
RANDOM,305016,7.7966702481847765,0.5416651965937375,24.45882247707165,36,0,0,0,72,5,4,5,1000,30
HIGHEST_SNR,305016,12.092982575666117,1.2453870876710278,37.26779712020718,36,0,0,0,72,5,4,5,1000,30
SHORTEST_PULSE,305016,12.092982575666117,1.2453870876710278,37.26779712020718,36,0,0,0,72,5,4,5,1000,30
METROLOGY_CONDITIONED_EIG,305016,24.669437725021496,0.6783050071318237,24.854116260870377,36,0,0,0,72,5,4,5,1000,30
NO_PASSIVE,305017,522.3225811370734,0.8234786385691719,445.27923823147125,0,0,0,0,48,5,4,5,1000,30
RANDOM,305017,148.79487983310787,0.3876547901717223,154.16488705714335,36,0,0,0,48,5,4,5,1000,30
HIGHEST_SNR,305017,154.4949749126295,0.6289568429542594,148.39338181804797,36,0,0,0,48,5,4,5,1000,30
SHORTEST_PULSE,305017,56.682833573182165,0.494443129555208,164.363456034069,36,0,0,0,48,5,4,5,1000,30
METROLOGY_CONDITIONED_EIG,305017,203.1563047338403,0.8553483379613155,143.30951159669297,35,1,0,0,48,5,4,5,1000,30
NO_PASSIVE,305018,127.24853198347499,2.709916775820291,445.27923823147125,0,0,0,0,72,5,4,5,1000,30
RANDOM,305018,8.699194754154567,0.38467005614652205,25.997289878070514,48,0,0,0,72,5,4,5,1000,30
HIGHEST_SNR,305018,7.441969259973343,0.21303622828565305,24.863960565417674,48,0,0,0,72,5,4,5,1000,30
SHORTEST_PULSE,305018,29.386845151365783,1.269445110923153,30.639378824202637,48,0,0,0,72,5,4,5,1000,30
METROLOGY_CONDITIONED_EIG,305018,1.275975722127961,0.30782428595731215,24.26274973845203,48,0,0,0,72,5,4,5,1000,30
NO_PASSIVE,305019,584.1104170262672,0.7843816416424247,445.27923823147125,0,0,0,0,72,5,4,5,1000,30
RANDOM,305019,4.347454321745303,0.6907122687219936,21.468366661593922,48,0,0,0,72,5,4,5,1000,30
HIGHEST_SNR,305019,9.637007486250274,0.30667747663119593,25.21914717213617,47,1,0,0,72,5,4,5,1000,30
SHORTEST_PULSE,305019,28.36144788534683,0.5540304577360573,19.043879045367,47,1,0,0,72,5,4,5,1000,30
METROLOGY_CONDITIONED_EIG,305019,29.94778642291475,0.5623468177755522,19.078377381371432,47,1,0,0,72,5,4,5,1000,30
NO_PASSIVE,305020,79.84269493823898,1.9882197814882616,445.27923823147125,0,0,0,0,48,5,4,5,1000,30
RANDOM,305020,18.1605305145363,1.2392041636325175,51.5272406293748,24,0,0,0,48,5,4,5,1000,30
HIGHEST_SNR,305020,31.212472506715564,1.5273957080109088,314.5567606115625,24,0,0,0,48,5,4,5,1000,30
SHORTEST_PULSE,305020,31.212472506715564,1.5273957080109088,314.5567606115625,24,0,0,0,48,5,4,5,1000,30
METROLOGY_CONDITIONED_EIG,305020,50.50370865339719,1.373288184908827,47.920424852396295,24,0,0,0,48,5,4,5,1000,30
NO_PASSIVE,305021,345.97925615146335,1.0329154734103312,445.27923823147125,0,0,0,0,72,5,4,5,1000,30
RANDOM,305021,30.52869254245743,0.7213775014163873,38.949132310132654,36,0,0,0,72,5,4,5,1000,30
HIGHEST_SNR,305021,37.47615756556287,0.8731624487076759,36.816696378042586,36,0,0,0,72,5,4,5,1000,30
SHORTEST_PULSE,305021,4.276756135560428,0.13564862133450978,40.243809449892034,36,0,0,0,72,5,4,5,1000,30
METROLOGY_CONDITIONED_EIG,305021,34.229344306785514,0.650407366152074,36.82088378958356,36,0,0,0,72,5,4,5,1000,30
NO_PASSIVE,305022,658.4549948136166,2.0474155564830716,445.27923823147125,0,0,0,0,72,5,4,5,1000,30
RANDOM,305022,18.978385550906683,0.24862648613267452,42.690635561966815,48,0,0,0,72,5,4,5,1000,30
HIGHEST_SNR,305022,90.79887289492136,2.187988368823421,96.82421696180539,48,0,0,0,72,5,4,5,1000,30
SHORTEST_PULSE,305022,90.79887289492136,2.187988368823421,96.82421696180539,48,0,0,0,72,5,4,5,1000,30
METROLOGY_CONDITIONED_EIG,305022,5.286876357218902,0.4282962696361382,42.71343534706868,48,0,0,0,72,5,4,5,1000,30
NO_PASSIVE,305023,472.8324699551057,1.3554479577283667,445.27923823147125,0,0,0,0,72,5,4,5,1000,30
RANDOM,305023,67.0998415817948,1.791752311503464,41.87870939658591,58,2,0,0,72,5,4,5,1000,30
HIGHEST_SNR,305023,67.90617042542057,1.9008725726984468,43.152351519547835,59,1,0,0,72,5,4,5,1000,30
SHORTEST_PULSE,305023,57.569450311481084,1.6793487410583003,38.9518746225914,59,1,0,0,72,5,4,5,1000,30
METROLOGY_CONDITIONED_EIG,305023,51.52003215733688,1.5377714928514938,40.747622454171626,59,1,0,0,72,5,4,5,1000,30
NO_PASSIVE,305024,392.5247636898925,1.9272362137107135,445.27923823147125,0,0,0,0,72,5,4,5,1000,30
RANDOM,305024,102.0584820118772,1.988801577414688,42.308214576584085,59,1,0,0,72,5,4,5,1000,30
HIGHEST_SNR,305024,100.73830683639746,1.8533104060844872,42.77360153216013,59,1,0,0,72,5,4,5,1000,30
SHORTEST_PULSE,305024,103.17283767234379,1.9194722819390524,42.24812325961446,59,1,0,0,72,5,4,5,1000,30
METROLOGY_CONDITIONED_EIG,305024,103.17283767234379,1.9194722819390524,42.24812325961446,59,1,0,0,72,5,4,5,1000,30
NO_PASSIVE,305025,423.79438335397975,3.536212528239869,445.27923823147125,0,0,0,0,48,5,4,5,1000,30
RANDOM,305025,118.86115571998343,2.48401723125477,94.22289785397099,48,0,0,0,48,5,4,5,1000,30
HIGHEST_SNR,305025,118.86115571998343,2.48401723125477,94.22289785397099,48,0,0,0,48,5,4,5,1000,30
SHORTEST_PULSE,305025,118.86115571998343,2.48401723125477,94.22289785397099,48,0,0,0,48,5,4,5,1000,30
METROLOGY_CONDITIONED_EIG,305025,118.86115571998343,2.48401723125477,94.22289785397099,48,0,0,0,48,5,4,5,1000,30
NO_PASSIVE,305026,386.3192902202796,2.6159614409467356,445.27923823147125,0,0,0,0,24,5,4,5,1000,30
RANDOM,305026,180.89354651950947,1.2093799747925074,315.31532493979955,24,0,0,0,24,5,4,5,1000,30
HIGHEST_SNR,305026,180.89354651950947,1.2093799747925074,315.31532493979955,24,0,0,0,24,5,4,5,1000,30
SHORTEST_PULSE,305026,180.89354651950947,1.2093799747925074,315.31532493979955,24,0,0,0,24,5,4,5,1000,30
METROLOGY_CONDITIONED_EIG,305026,180.89354651950947,1.2093799747925074,315.31532493979955,24,0,0,0,24,5,4,5,1000,30
NO_PASSIVE,305027,695.4866274881392,0.6694454308015678,445.27923823147125,0,0,0,0,72,5,4,5,1000,30
RANDOM,305027,27.21481173924253,0.49010269027722086,40.95609815311021,24,0,0,0,72,5,4,5,1000,30
HIGHEST_SNR,305027,384.8716096867478,0.7484906765319038,316.82379800761754,23,1,0,0,72,5,4,5,1000,30
SHORTEST_PULSE,305027,644.9633153996793,0.3038072392899164,313.4956988143839,24,0,0,0,72,5,4,5,1000,30
METROLOGY_CONDITIONED_EIG,305027,13.42384035914762,0.3733807925025875,37.50633820360229,24,0,0,0,72,5,4,5,1000,30
NO_PASSIVE,305028,631.7876524538832,1.784817896212106,445.27923823147125,0,0,0,0,71,5,4,5,1000,30
RANDOM,305028,28.163838735272538,0.9424135344779355,41.681440728660085,36,0,0,0,71,5,4,5,1000,30
HIGHEST_SNR,305028,95.54813915378145,1.9051519929120693,107.70184809121837,36,0,0,0,71,5,4,5,1000,30
SHORTEST_PULSE,305028,27.366763997225952,0.6631982226190292,35.7639484144486,36,0,0,0,71,5,4,5,1000,30
METROLOGY_CONDITIONED_EIG,305028,18.744615427027757,0.7131945203963037,35.72616175272556,36,0,0,0,71,5,4,5,1000,30
NO_PASSIVE,305029,465.156226788247,2.097922085009751,445.27923823147125,0,0,0,0,95,5,4,5,1000,30
RANDOM,305029,33.3087377007475,1.1384849362720173,29.425276742006368,48,0,0,0,95,5,4,5,1000,30
HIGHEST_SNR,305029,44.44919209364708,1.2250343571332698,29.238426615601885,47,1,0,0,95,5,4,5,1000,30
SHORTEST_PULSE,305029,59.700087554688494,1.4125379495003416,39.88995051275557,47,1,0,0,95,5,4,5,1000,30
METROLOGY_CONDITIONED_EIG,305029,13.107809765625413,0.6299703097484028,23.678153975277503,48,0,0,0,95,5,4,5,1000,30
NO_PASSIVE,306000,436.3645844558151,1.2778280757659783,445.27923823147125,0,0,0,0,24,6,4,5,1000,100
RANDOM,306000,107.76688519659184,0.8213288205155997,313.83570951508284,24,0,0,0,24,6,4,5,1000,100
HIGHEST_SNR,306000,107.76688519659184,0.8213288205155997,313.83570951508284,24,0,0,0,24,6,4,5,1000,100
SHORTEST_PULSE,306000,107.76688519659184,0.8213288205155997,313.83570951508284,24,0,0,0,24,6,4,5,1000,100
METROLOGY_CONDITIONED_EIG,306000,107.76688519659184,0.8213288205155997,313.83570951508284,24,0,0,0,24,6,4,5,1000,100
NO_PASSIVE,306001,430.7904946730753,0.9399627063350879,445.27923823147125,0,0,0,0,47,6,4,5,1000,100
RANDOM,306001,5.023614355123754,0.9169144573932136,51.73238987883637,24,0,0,0,47,6,4,5,1000,100
HIGHEST_SNR,306001,453.89477863121897,0.08873546459240488,313.47508748255,24,0,0,0,47,6,4,5,1000,100
SHORTEST_PULSE,306001,40.83601790268628,1.1460755705794272,120.07986506838621,23,1,0,0,47,6,4,5,1000,100
METROLOGY_CONDITIONED_EIG,306001,43.65444779897553,1.3903570715363447,47.89920422324114,23,1,0,0,47,6,4,5,1000,100
NO_PASSIVE,306002,573.0396930071512,0.7982995168944644,445.27923823147125,0,0,0,0,72,6,4,5,1000,100
RANDOM,306002,11.467093570485526,0.8923958930984963,61.17812954457315,48,0,0,0,72,6,4,5,1000,100
HIGHEST_SNR,306002,14.54269274424314,0.5829132503358131,66.97928482770888,47,1,0,0,72,6,4,5,1000,100
SHORTEST_PULSE,306002,59.137102972795326,0.4772002675387492,63.1284549645938,48,0,0,0,72,6,4,5,1000,100
METROLOGY_CONDITIONED_EIG,306002,31.5156376155688,0.6124498597722998,60.56036945014712,48,0,0,0,72,6,4,5,1000,100
NO_PASSIVE,306003,227.00909885755476,1.787498608842055,445.27923823147125,0,0,0,0,72,6,4,5,1000,100
RANDOM,306003,216.45113469315973,0.5511696083288724,104.1054652668454,36,0,0,0,72,6,4,5,1000,100
HIGHEST_SNR,306003,131.54889016666448,0.8415610185903311,83.92902936733115,35,1,0,0,72,6,4,5,1000,100
SHORTEST_PULSE,306003,246.41234020918404,0.2703948679112746,243.4954606011405,36,0,0,0,72,6,4,5,1000,100
METROLOGY_CONDITIONED_EIG,306003,89.78599016170084,1.0155319429313237,82.3891460386298,36,0,0,0,72,6,4,5,1000,100
NO_PASSIVE,306004,190.10331513738362,1.7754315313316609,445.27923823147125,0,0,0,0,96,6,4,5,1000,100
RANDOM,306004,8.554268141166931,0.3704265197258558,30.417704336338854,60,0,0,0,96,6,4,5,1000,100
HIGHEST_SNR,306004,8.20568665495936,0.31459488696542615,34.14127991439221,59,1,0,0,96,6,4,5,1000,100
SHORTEST_PULSE,306004,8.382792226975742,0.7764315875146468,29.12215594186889,60,0,0,0,96,6,4,5,1000,100
METROLOGY_CONDITIONED_EIG,306004,5.430736104350397,0.33833713104437535,27.979142886541833,60,0,0,0,96,6,4,5,1000,100
NO_PASSIVE,306005,564.2505123382304,3.4989544639598447,445.27923823147125,0,0,0,0,47,6,4,5,1000,100
RANDOM,306005,14.519495007087928,0.9285284351931928,42.86436921192259,35,0,0,0,47,6,4,5,1000,100
HIGHEST_SNR,306005,7.593744553763117,0.40052945171383497,45.945457675323844,35,0,0,0,47,6,4,5,1000,100
SHORTEST_PULSE,306005,22.37410588525559,1.0186680416671705,42.75692670858828,35,0,0,0,47,6,4,5,1000,100
METROLOGY_CONDITIONED_EIG,306005,12.846124233543781,0.5551246829358906,43.133506641753776,34,1,0,0,47,6,4,5,1000,100
NO_PASSIVE,306006,450.568722346586,1.6564633485838784,445.27923823147125,0,0,0,0,47,6,4,5,1000,100
RANDOM,306006,28.304954655410658,0.5394750021014965,46.82004594732623,34,1,0,0,47,6,4,5,1000,100
HIGHEST_SNR,306006,33.31698622124122,0.727488096247382,44.965752498656066,34,1,0,0,47,6,4,5,1000,100
SHORTEST_PULSE,306006,46.522718035694574,0.5971423869106817,51.3474357166859,34,1,0,0,47,6,4,5,1000,100
METROLOGY_CONDITIONED_EIG,306006,34.76392799930169,0.41884909279782573,45.07158369472464,34,1,0,0,47,6,4,5,1000,100
NO_PASSIVE,306007,257.97588745329864,1.8219399478242864,445.27923823147125,0,0,0,0,48,6,4,5,1000,100
RANDOM,306007,33.58579340019935,0.5434440036304142,101.84681373084976,23,1,0,0,48,6,4,5,1000,100
HIGHEST_SNR,306007,125.29329462074487,1.4328308977350912,314.8231157048778,23,1,0,0,48,6,4,5,1000,100
SHORTEST_PULSE,306007,107.29436199381665,0.609353464700332,314.32079024129206,24,0,0,0,48,6,4,5,1000,100
METROLOGY_CONDITIONED_EIG,306007,89.09540048793055,1.036280909513939,97.96186724617978,24,0,0,0,48,6,4,5,1000,100
NO_PASSIVE,306008,679.8480397693386,2.8814706722201313,445.27923823147125,0,0,0,0,96,6,4,5,1000,100
RANDOM,306008,6.204123249249254,0.9933195739277929,48.62535056887401,35,1,0,0,96,6,4,5,1000,100
HIGHEST_SNR,306008,27.242423871154617,1.0084008848223989,61.49877119855151,36,0,0,0,96,6,4,5,1000,100
SHORTEST_PULSE,306008,61.38639850115186,1.4910967200283736,60.79950599095743,35,1,0,0,96,6,4,5,1000,100
METROLOGY_CONDITIONED_EIG,306008,26.40817447848128,0.8736761891618336,43.053790179581696,36,0,0,0,96,6,4,5,1000,100
NO_PASSIVE,306009,416.0687238492394,1.166275400054873,445.27923823147125,0,0,0,0,72,6,4,5,1000,100
RANDOM,306009,59.052624146088334,1.9431883992224637,68.02583336100885,35,1,0,0,72,6,4,5,1000,100
HIGHEST_SNR,306009,60.456938949425414,2.3180371816769907,65.84849873977252,36,0,0,0,72,6,4,5,1000,100
SHORTEST_PULSE,306009,129.62749392381588,1.2210769653607552,73.71215366533345,36,0,0,0,72,6,4,5,1000,100
METROLOGY_CONDITIONED_EIG,306009,66.69037308791,1.9043359809691478,65.48860687945538,36,0,0,0,72,6,4,5,1000,100
NO_PASSIVE,306010,385.86302372762685,0.8777503808836081,445.27923823147125,0,0,0,0,70,6,4,5,1000,100
RANDOM,306010,12.119845946459504,0.4693871621667214,39.711841724870254,47,0,0,0,70,6,4,5,1000,100
HIGHEST_SNR,306010,25.79345535279184,0.6119166167166561,37.666195876622254,47,0,0,0,70,6,4,5,1000,100
SHORTEST_PULSE,306010,84.7152532160517,0.6433645098085871,83.68543691138002,47,0,0,0,70,6,4,5,1000,100
METROLOGY_CONDITIONED_EIG,306010,25.012629437851707,0.575068095934997,37.77979131937826,47,0,0,0,70,6,4,5,1000,100
NO_PASSIVE,306011,836.0775555152941,1.0237815963141492,445.27923823147125,0,0,0,0,71,6,4,5,1000,100
RANDOM,306011,56.64599363837025,0.7515094213512022,48.2486668085265,48,0,0,0,71,6,4,5,1000,100
HIGHEST_SNR,306011,214.49928481526175,1.4752776972841437,106.56093360309707,48,0,0,0,71,6,4,5,1000,100
SHORTEST_PULSE,306011,52.47131765548392,0.7850551823534555,40.969885387958,48,0,0,0,71,6,4,5,1000,100
METROLOGY_CONDITIONED_EIG,306011,52.47131765548392,0.7850551823534555,40.969885387958,48,0,0,0,71,6,4,5,1000,100
NO_PASSIVE,306012,500.36752197587344,3.086475893680329,445.27923823147125,0,0,0,0,71,6,4,5,1000,100
RANDOM,306012,16.886514309242532,0.7609065444146095,35.71929065040235,36,0,0,0,71,6,4,5,1000,100
HIGHEST_SNR,306012,47.394899870924114,1.9417743985477147,61.37300009011043,36,0,0,0,71,6,4,5,1000,100
SHORTEST_PULSE,306012,47.394899870924114,1.9417743985477147,61.37300009011043,36,0,0,0,71,6,4,5,1000,100
METROLOGY_CONDITIONED_EIG,306012,8.512886256707125,0.24078668324867952,31.886465509072146,36,0,0,0,71,6,4,5,1000,100
NO_PASSIVE,306013,199.83839948373287,2.658317999695539,445.27923823147125,0,0,0,0,96,6,4,5,1000,100
RANDOM,306013,37.2123686827856,1.7121499477971995,43.47683545136457,48,0,0,0,96,6,4,5,1000,100
HIGHEST_SNR,306013,13.069431608374625,1.5971358293245037,50.79656778751696,48,0,0,0,96,6,4,5,1000,100
SHORTEST_PULSE,306013,6.375781936491302,1.4407941595190739,75.91307921112224,48,0,0,0,96,6,4,5,1000,100
METROLOGY_CONDITIONED_EIG,306013,46.61616841563848,2.0324777287058957,38.03682891732083,48,0,0,0,96,6,4,5,1000,100
NO_PASSIVE,306014,885.8806299017123,1.6792356533866981,445.27923823147125,0,0,0,0,48,6,4,5,1000,100
RANDOM,306014,16.479442627287867,0.3963568934540445,35.91693011777494,35,1,0,0,48,6,4,5,1000,100
HIGHEST_SNR,306014,15.751357274081917,0.7311826620041575,34.600685864726344,36,0,0,0,48,6,4,5,1000,100
SHORTEST_PULSE,306014,8.768607530909282,0.45569317555847816,38.817153998579386,35,1,0,0,48,6,4,5,1000,100
METROLOGY_CONDITIONED_EIG,306014,17.28630696682164,0.8497843453217506,34.96953242201397,34,2,0,0,48,6,4,5,1000,100
NO_PASSIVE,306015,316.8128253022289,2.2630624734402143,445.27923823147125,0,0,0,0,48,6,4,5,1000,100
RANDOM,306015,7.3654561974740025,0.47014197612543795,29.910038104820913,48,0,0,0,48,6,4,5,1000,100
HIGHEST_SNR,306015,7.3654561974740025,0.47014197612543795,29.910038104820913,48,0,0,0,48,6,4,5,1000,100
SHORTEST_PULSE,306015,7.3654561974740025,0.47014197612543795,29.910038104820913,48,0,0,0,48,6,4,5,1000,100
METROLOGY_CONDITIONED_EIG,306015,7.3654561974740025,0.47014197612543795,29.910038104820913,48,0,0,0,48,6,4,5,1000,100
NO_PASSIVE,306016,496.38650311762945,1.0403348895867792,445.27923823147125,0,0,0,0,48,6,4,5,1000,100
RANDOM,306016,60.28217452889998,1.8137384318139602,42.26083861242445,24,0,0,0,48,6,4,5,1000,100
HIGHEST_SNR,306016,535.8694923977555,1.18541586576349,309.3423745747959,24,0,0,0,48,6,4,5,1000,100
SHORTEST_PULSE,306016,430.79608871032787,0.8858872237116131,311.7152462666646,24,0,0,0,48,6,4,5,1000,100
METROLOGY_CONDITIONED_EIG,306016,51.18683536151887,1.2893340167777922,40.48072419757005,24,0,0,0,48,6,4,5,1000,100
NO_PASSIVE,306017,359.94679825314313,1.6844207824521646,445.27923823147125,0,0,0,0,71,6,4,5,1000,100
RANDOM,306017,123.10334621775583,0.6672921935651378,66.16209293698206,34,1,0,0,71,6,4,5,1000,100
HIGHEST_SNR,306017,273.62348131975443,1.7901434683030713,199.88473523002347,35,0,0,0,71,6,4,5,1000,100
SHORTEST_PULSE,306017,172.1669678400724,1.426348581787306,224.3890795175411,35,0,0,0,71,6,4,5,1000,100
METROLOGY_CONDITIONED_EIG,306017,24.750327452993787,0.22251287191868396,56.456063991164406,34,1,0,0,71,6,4,5,1000,100
NO_PASSIVE,306018,615.2397117897251,0.805681574805096,445.27923823147125,0,0,0,0,47,6,4,5,1000,100
RANDOM,306018,14.331104636434734,0.8504969080851892,37.569189939750615,24,0,0,0,47,6,4,5,1000,100
HIGHEST_SNR,306018,628.4140761702387,0.7463684724730326,314.79638276854325,24,0,0,0,47,6,4,5,1000,100
SHORTEST_PULSE,306018,49.957430259518794,1.299122933141465,82.65821437632619,24,0,0,0,47,6,4,5,1000,100
METROLOGY_CONDITIONED_EIG,306018,51.01131237304711,1.786535174813546,35.98385178001288,24,0,0,0,47,6,4,5,1000,100
NO_PASSIVE,306019,266.0876287477844,1.2131720655532046,445.27923823147125,0,0,0,0,48,6,4,5,1000,100
RANDOM,306019,36.156183486184425,0.9306158557506868,125.71379595431819,48,0,0,0,48,6,4,5,1000,100
HIGHEST_SNR,306019,36.156183486184425,0.9306158557506868,125.71379595431819,48,0,0,0,48,6,4,5,1000,100
SHORTEST_PULSE,306019,36.156183486184425,0.9306158557506868,125.71379595431819,48,0,0,0,48,6,4,5,1000,100
METROLOGY_CONDITIONED_EIG,306019,36.156183486184425,0.9306158557506868,125.71379595431819,48,0,0,0,48,6,4,5,1000,100
NO_PASSIVE,306020,372.2084568419837,1.9158551298559174,445.27923823147125,0,0,0,0,48,6,4,5,1000,100
RANDOM,306020,67.81769212428092,0.7237453121141387,56.092345791838,36,0,0,0,48,6,4,5,1000,100
HIGHEST_SNR,306020,35.357267426084356,0.3298153021835224,61.498917393753764,35,1,0,0,48,6,4,5,1000,100
SHORTEST_PULSE,306020,24.91580254571183,0.5683076211642563,58.53400295255525,36,0,0,0,48,6,4,5,1000,100
METROLOGY_CONDITIONED_EIG,306020,58.94185394917599,1.1128286613748222,52.89113800010868,36,0,0,0,48,6,4,5,1000,100
NO_PASSIVE,306021,98.59256180659692,1.6655568019320488,445.27923823147125,0,0,0,0,72,6,4,5,1000,100
RANDOM,306021,20.83662796324368,1.1240711701152581,25.428266395506103,59,1,0,0,72,6,4,5,1000,100
HIGHEST_SNR,306021,25.04804545619796,1.3990312713319615,27.770914522197742,59,1,0,0,72,6,4,5,1000,100
SHORTEST_PULSE,306021,17.963138904658532,1.1140270183660994,25.29957203477478,59,1,0,0,72,6,4,5,1000,100
METROLOGY_CONDITIONED_EIG,306021,17.963138904658532,1.1140270183660994,25.29957203477478,59,1,0,0,72,6,4,5,1000,100
NO_PASSIVE,306022,442.26488388232724,2.730259173933223,445.27923823147125,0,0,0,0,24,6,4,5,1000,100
RANDOM,306022,11.495068557740058,2.5717633702401237,311.5757050596925,24,0,0,0,24,6,4,5,1000,100
HIGHEST_SNR,306022,11.495068557740058,2.5717633702401237,311.5757050596925,24,0,0,0,24,6,4,5,1000,100
SHORTEST_PULSE,306022,11.495068557740058,2.5717633702401237,311.5757050596925,24,0,0,0,24,6,4,5,1000,100
METROLOGY_CONDITIONED_EIG,306022,11.495068557740058,2.5717633702401237,311.5757050596925,24,0,0,0,24,6,4,5,1000,100
NO_PASSIVE,306023,606.4698092053,2.743836777466527,445.27923823147125,0,0,0,0,96,6,4,5,1000,100
RANDOM,306023,32.17337018769758,1.1335078741780678,33.269803267707424,46,2,0,0,96,6,4,5,1000,100
HIGHEST_SNR,306023,26.04603520606828,1.0858019593238686,34.65393832314342,46,2,0,0,96,6,4,5,1000,100
SHORTEST_PULSE,306023,26.93274212916185,0.8041849854084548,35.00357921173339,48,0,0,0,96,6,4,5,1000,100
METROLOGY_CONDITIONED_EIG,306023,24.131052021110662,0.8696928244289568,32.29918327864095,47,1,0,0,96,6,4,5,1000,100
NO_PASSIVE,306024,249.5461270543347,1.7899095994821999,445.27923823147125,0,0,0,0,72,6,4,5,1000,100
RANDOM,306024,71.81310111338847,1.4788249901191666,51.84532081638236,47,1,0,0,72,6,4,5,1000,100
HIGHEST_SNR,306024,75.20809860521697,1.201525730475973,50.35535532353584,47,1,0,0,72,6,4,5,1000,100
SHORTEST_PULSE,306024,32.91226551974386,1.139087588778994,50.291967427863675,47,1,0,0,72,6,4,5,1000,100
METROLOGY_CONDITIONED_EIG,306024,75.01279848012564,1.6082225525410672,50.25559781217819,47,1,0,0,72,6,4,5,1000,100
NO_PASSIVE,306025,379.3131357727802,2.490238909540952,445.27923823147125,0,0,0,0,48,6,4,5,1000,100
RANDOM,306025,11.159544148822746,0.3529721193047628,55.41506531784819,36,0,0,0,48,6,4,5,1000,100
HIGHEST_SNR,306025,32.30205097756479,0.6082467552388313,53.65626420275355,36,0,0,0,48,6,4,5,1000,100
SHORTEST_PULSE,306025,47.74515371638527,0.04127611230624471,63.540604832655646,36,0,0,0,48,6,4,5,1000,100
METROLOGY_CONDITIONED_EIG,306025,30.761843875063768,0.41086473024859965,53.63286749778324,36,0,0,0,48,6,4,5,1000,100
NO_PASSIVE,306026,324.9845193771387,0.998682074533517,445.27923823147125,0,0,0,0,72,6,4,5,1000,100
RANDOM,306026,74.92946787367444,0.6045323841118256,46.493165420473375,60,0,0,0,72,6,4,5,1000,100
HIGHEST_SNR,306026,54.07071618912978,0.5126046858511434,46.905513043183376,60,0,0,0,72,6,4,5,1000,100
SHORTEST_PULSE,306026,86.81706862501326,0.8139637023382594,46.38147446146735,60,0,0,0,72,6,4,5,1000,100
METROLOGY_CONDITIONED_EIG,306026,86.41666024686569,0.7801335614471279,46.40005573852931,60,0,0,0,72,6,4,5,1000,100
NO_PASSIVE,306027,421.346329471298,0.20441002272073333,445.27923823147125,0,0,0,0,72,6,4,5,1000,100
RANDOM,306027,30.84835775318411,0.9483287338443991,44.7797010320713,47,1,0,0,72,6,4,5,1000,100
HIGHEST_SNR,306027,32.41503378058757,1.3624729459640383,55.98718539958822,47,1,0,0,72,6,4,5,1000,100
SHORTEST_PULSE,306027,9.482633967581117,0.22864960917175164,39.850768717511144,48,0,0,0,72,6,4,5,1000,100
METROLOGY_CONDITIONED_EIG,306027,9.482633967581117,0.22864960917175164,39.850768717511144,48,0,0,0,72,6,4,5,1000,100
NO_PASSIVE,306028,311.66697260719593,1.9345499769008367,445.27923823147125,0,0,0,0,71,6,4,5,1000,100
RANDOM,306028,18.952283858223115,0.700616817484793,43.31553678964234,58,1,0,0,71,6,4,5,1000,100
HIGHEST_SNR,306028,48.63792556693124,0.40552744786676825,46.281516524968865,58,1,0,0,71,6,4,5,1000,100
SHORTEST_PULSE,306028,48.63792556693124,0.40552744786676825,46.281516524968865,58,1,0,0,71,6,4,5,1000,100
METROLOGY_CONDITIONED_EIG,306028,27.332271369287888,0.5603677015530475,42.189229480995074,57,2,0,0,71,6,4,5,1000,100
NO_PASSIVE,306029,122.10827660747123,0.9508611395451161,445.27923823147125,0,0,0,0,96,6,4,5,1000,100
RANDOM,306029,63.096791754584316,1.7588248813536056,56.11888138067017,48,0,0,0,96,6,4,5,1000,100
HIGHEST_SNR,306029,42.753683329362,1.4436496766545384,55.771399362044995,48,0,0,0,96,6,4,5,1000,100
SHORTEST_PULSE,306029,67.22783953217831,1.8916980777284618,54.855379421139254,47,1,0,0,96,6,4,5,1000,100
METROLOGY_CONDITIONED_EIG,306029,73.8468375926152,1.9123166572330201,52.643422748329876,46,2,0,0,96,6,4,5,1000,100
NO_PASSIVE,307000,261.0158309582422,3.6973853624394883,445.27923823147125,0,0,0,0,0,7,4,15,10,30
RANDOM,307000,261.0158309582422,3.6973853624394883,445.27923823147125,0,0,0,0,0,7,4,15,10,30
HIGHEST_SNR,307000,261.0158309582422,3.6973853624394883,445.27923823147125,0,0,0,0,0,7,4,15,10,30
SHORTEST_PULSE,307000,261.0158309582422,3.6973853624394883,445.27923823147125,0,0,0,0,0,7,4,15,10,30
METROLOGY_CONDITIONED_EIG,307000,261.0158309582422,3.6973853624394883,445.27923823147125,0,0,0,0,0,7,4,15,10,30
NO_PASSIVE,307001,214.66544271980297,1.9485192351787333,445.27923823147125,0,0,0,0,0,7,4,15,10,30
RANDOM,307001,214.66544271980297,1.9485192351787333,445.27923823147125,0,0,0,0,0,7,4,15,10,30
HIGHEST_SNR,307001,214.66544271980297,1.9485192351787333,445.27923823147125,0,0,0,0,0,7,4,15,10,30
SHORTEST_PULSE,307001,214.66544271980297,1.9485192351787333,445.27923823147125,0,0,0,0,0,7,4,15,10,30
METROLOGY_CONDITIONED_EIG,307001,214.66544271980297,1.9485192351787333,445.27923823147125,0,0,0,0,0,7,4,15,10,30
NO_PASSIVE,307002,1034.4119082403693,1.3413115020599145,445.27923823147125,0,0,0,0,18,7,4,15,10,30
RANDOM,307002,1034.4119082403693,1.3413115020599145,445.27923823147125,0,18,0,0,18,7,4,15,10,30
HIGHEST_SNR,307002,1034.4119082403693,1.3413115020599145,445.27923823147125,0,18,0,0,18,7,4,15,10,30
SHORTEST_PULSE,307002,1034.4119082403693,1.3413115020599145,445.27923823147125,0,18,0,0,18,7,4,15,10,30
METROLOGY_CONDITIONED_EIG,307002,1034.4119082403693,1.3413115020599145,445.27923823147125,0,18,0,0,18,7,4,15,10,30
NO_PASSIVE,307003,171.63090183909787,2.2931952746664805,445.27923823147125,0,0,0,0,0,7,4,15,10,30
RANDOM,307003,171.63090183909787,2.2931952746664805,445.27923823147125,0,0,0,0,0,7,4,15,10,30
HIGHEST_SNR,307003,171.63090183909787,2.2931952746664805,445.27923823147125,0,0,0,0,0,7,4,15,10,30
SHORTEST_PULSE,307003,171.63090183909787,2.2931952746664805,445.27923823147125,0,0,0,0,0,7,4,15,10,30
METROLOGY_CONDITIONED_EIG,307003,171.63090183909787,2.2931952746664805,445.27923823147125,0,0,0,0,0,7,4,15,10,30
NO_PASSIVE,307004,242.15801086854682,1.9556148512331009,445.27923823147125,0,0,0,0,0,7,4,15,10,30
RANDOM,307004,242.15801086854682,1.9556148512331009,445.27923823147125,0,0,0,0,0,7,4,15,10,30
HIGHEST_SNR,307004,242.15801086854682,1.9556148512331009,445.27923823147125,0,0,0,0,0,7,4,15,10,30
SHORTEST_PULSE,307004,242.15801086854682,1.9556148512331009,445.27923823147125,0,0,0,0,0,7,4,15,10,30
METROLOGY_CONDITIONED_EIG,307004,242.15801086854682,1.9556148512331009,445.27923823147125,0,0,0,0,0,7,4,15,10,30
NO_PASSIVE,307005,182.2161601456239,1.809532796101302,445.27923823147125,0,0,0,0,21,7,4,15,10,30
RANDOM,307005,172.38484902081527,1.1465400189588428,311.7894626357213,20,1,0,0,21,7,4,15,10,30
HIGHEST_SNR,307005,172.38484902081527,1.1465400189588428,311.7894626357213,20,1,0,0,21,7,4,15,10,30
SHORTEST_PULSE,307005,172.38484902081527,1.1465400189588428,311.7894626357213,20,1,0,0,21,7,4,15,10,30
METROLOGY_CONDITIONED_EIG,307005,172.38484902081527,1.1465400189588428,311.7894626357213,20,1,0,0,21,7,4,15,10,30
NO_PASSIVE,307006,662.07492668704,1.4756961438160265,445.27923823147125,0,0,0,0,0,7,4,15,10,30
RANDOM,307006,662.07492668704,1.4756961438160265,445.27923823147125,0,0,0,0,0,7,4,15,10,30
HIGHEST_SNR,307006,662.07492668704,1.4756961438160265,445.27923823147125,0,0,0,0,0,7,4,15,10,30
SHORTEST_PULSE,307006,662.07492668704,1.4756961438160265,445.27923823147125,0,0,0,0,0,7,4,15,10,30
METROLOGY_CONDITIONED_EIG,307006,662.07492668704,1.4756961438160265,445.27923823147125,0,0,0,0,0,7,4,15,10,30
NO_PASSIVE,307007,369.23340715871535,1.0960831072682375,445.27923823147125,0,0,0,0,0,7,4,15,10,30
RANDOM,307007,369.23340715871535,1.0960831072682375,445.27923823147125,0,0,0,0,0,7,4,15,10,30
HIGHEST_SNR,307007,369.23340715871535,1.0960831072682375,445.27923823147125,0,0,0,0,0,7,4,15,10,30
SHORTEST_PULSE,307007,369.23340715871535,1.0960831072682375,445.27923823147125,0,0,0,0,0,7,4,15,10,30
METROLOGY_CONDITIONED_EIG,307007,369.23340715871535,1.0960831072682375,445.27923823147125,0,0,0,0,0,7,4,15,10,30
NO_PASSIVE,307008,601.5495644271139,0.2795808937378221,445.27923823147125,0,0,0,0,0,7,4,15,10,30
RANDOM,307008,601.5495644271139,0.2795808937378221,445.27923823147125,0,0,0,0,0,7,4,15,10,30
HIGHEST_SNR,307008,601.5495644271139,0.2795808937378221,445.27923823147125,0,0,0,0,0,7,4,15,10,30
SHORTEST_PULSE,307008,601.5495644271139,0.2795808937378221,445.27923823147125,0,0,0,0,0,7,4,15,10,30
METROLOGY_CONDITIONED_EIG,307008,601.5495644271139,0.2795808937378221,445.27923823147125,0,0,0,0,0,7,4,15,10,30
NO_PASSIVE,307009,256.3939152519384,1.6930755915776066,445.27923823147125,0,0,0,0,0,7,4,15,10,30
RANDOM,307009,256.3939152519384,1.6930755915776066,445.27923823147125,0,0,0,0,0,7,4,15,10,30
HIGHEST_SNR,307009,256.3939152519384,1.6930755915776066,445.27923823147125,0,0,0,0,0,7,4,15,10,30
SHORTEST_PULSE,307009,256.3939152519384,1.6930755915776066,445.27923823147125,0,0,0,0,0,7,4,15,10,30
METROLOGY_CONDITIONED_EIG,307009,256.3939152519384,1.6930755915776066,445.27923823147125,0,0,0,0,0,7,4,15,10,30
NO_PASSIVE,307010,415.6284048261577,1.199287873168816,445.27923823147125,0,0,0,0,0,7,4,15,10,30
RANDOM,307010,415.6284048261577,1.199287873168816,445.27923823147125,0,0,0,0,0,7,4,15,10,30
HIGHEST_SNR,307010,415.6284048261577,1.199287873168816,445.27923823147125,0,0,0,0,0,7,4,15,10,30
SHORTEST_PULSE,307010,415.6284048261577,1.199287873168816,445.27923823147125,0,0,0,0,0,7,4,15,10,30
METROLOGY_CONDITIONED_EIG,307010,415.6284048261577,1.199287873168816,445.27923823147125,0,0,0,0,0,7,4,15,10,30
NO_PASSIVE,307011,321.62542895033414,1.5266104431785266,445.27923823147125,0,0,0,0,0,7,4,15,10,30
RANDOM,307011,321.62542895033414,1.5266104431785266,445.27923823147125,0,0,0,0,0,7,4,15,10,30
HIGHEST_SNR,307011,321.62542895033414,1.5266104431785266,445.27923823147125,0,0,0,0,0,7,4,15,10,30
SHORTEST_PULSE,307011,321.62542895033414,1.5266104431785266,445.27923823147125,0,0,0,0,0,7,4,15,10,30
METROLOGY_CONDITIONED_EIG,307011,321.62542895033414,1.5266104431785266,445.27923823147125,0,0,0,0,0,7,4,15,10,30
NO_PASSIVE,307012,489.9246753607385,2.2455146983719843,445.27923823147125,0,0,0,0,0,7,4,15,10,30
RANDOM,307012,489.9246753607385,2.2455146983719843,445.27923823147125,0,0,0,0,0,7,4,15,10,30
HIGHEST_SNR,307012,489.9246753607385,2.2455146983719843,445.27923823147125,0,0,0,0,0,7,4,15,10,30
SHORTEST_PULSE,307012,489.9246753607385,2.2455146983719843,445.27923823147125,0,0,0,0,0,7,4,15,10,30
METROLOGY_CONDITIONED_EIG,307012,489.9246753607385,2.2455146983719843,445.27923823147125,0,0,0,0,0,7,4,15,10,30
NO_PASSIVE,307013,420.15835894195453,0.8391596840645643,445.27923823147125,0,0,0,0,0,7,4,15,10,30
RANDOM,307013,420.15835894195453,0.8391596840645643,445.27923823147125,0,0,0,0,0,7,4,15,10,30
HIGHEST_SNR,307013,420.15835894195453,0.8391596840645643,445.27923823147125,0,0,0,0,0,7,4,15,10,30
SHORTEST_PULSE,307013,420.15835894195453,0.8391596840645643,445.27923823147125,0,0,0,0,0,7,4,15,10,30
METROLOGY_CONDITIONED_EIG,307013,420.15835894195453,0.8391596840645643,445.27923823147125,0,0,0,0,0,7,4,15,10,30
NO_PASSIVE,307014,725.0257662748298,3.592934353720893,445.27923823147125,0,0,0,0,0,7,4,15,10,30
RANDOM,307014,725.0257662748298,3.592934353720893,445.27923823147125,0,0,0,0,0,7,4,15,10,30
HIGHEST_SNR,307014,725.0257662748298,3.592934353720893,445.27923823147125,0,0,0,0,0,7,4,15,10,30
SHORTEST_PULSE,307014,725.0257662748298,3.592934353720893,445.27923823147125,0,0,0,0,0,7,4,15,10,30
METROLOGY_CONDITIONED_EIG,307014,725.0257662748298,3.592934353720893,445.27923823147125,0,0,0,0,0,7,4,15,10,30
NO_PASSIVE,307015,931.015621998254,2.5776908882471012,445.27923823147125,0,0,0,0,0,7,4,15,10,30
RANDOM,307015,931.015621998254,2.5776908882471012,445.27923823147125,0,0,0,0,0,7,4,15,10,30
HIGHEST_SNR,307015,931.015621998254,2.5776908882471012,445.27923823147125,0,0,0,0,0,7,4,15,10,30
SHORTEST_PULSE,307015,931.015621998254,2.5776908882471012,445.27923823147125,0,0,0,0,0,7,4,15,10,30
METROLOGY_CONDITIONED_EIG,307015,931.015621998254,2.5776908882471012,445.27923823147125,0,0,0,0,0,7,4,15,10,30
NO_PASSIVE,307016,731.3987935663147,1.3490854241631915,445.27923823147125,0,0,0,0,0,7,4,15,10,30
RANDOM,307016,731.3987935663147,1.3490854241631915,445.27923823147125,0,0,0,0,0,7,4,15,10,30
HIGHEST_SNR,307016,731.3987935663147,1.3490854241631915,445.27923823147125,0,0,0,0,0,7,4,15,10,30
SHORTEST_PULSE,307016,731.3987935663147,1.3490854241631915,445.27923823147125,0,0,0,0,0,7,4,15,10,30
METROLOGY_CONDITIONED_EIG,307016,731.3987935663147,1.3490854241631915,445.27923823147125,0,0,0,0,0,7,4,15,10,30
NO_PASSIVE,307017,466.3592224525158,2.7389454576733514,445.27923823147125,0,0,0,0,0,7,4,15,10,30
RANDOM,307017,466.3592224525158,2.7389454576733514,445.27923823147125,0,0,0,0,0,7,4,15,10,30
HIGHEST_SNR,307017,466.3592224525158,2.7389454576733514,445.27923823147125,0,0,0,0,0,7,4,15,10,30
SHORTEST_PULSE,307017,466.3592224525158,2.7389454576733514,445.27923823147125,0,0,0,0,0,7,4,15,10,30
METROLOGY_CONDITIONED_EIG,307017,466.3592224525158,2.7389454576733514,445.27923823147125,0,0,0,0,0,7,4,15,10,30
NO_PASSIVE,307018,143.13036846045668,1.6395292032365225,445.27923823147125,0,0,0,0,0,7,4,15,10,30
RANDOM,307018,143.13036846045668,1.6395292032365225,445.27923823147125,0,0,0,0,0,7,4,15,10,30
HIGHEST_SNR,307018,143.13036846045668,1.6395292032365225,445.27923823147125,0,0,0,0,0,7,4,15,10,30
SHORTEST_PULSE,307018,143.13036846045668,1.6395292032365225,445.27923823147125,0,0,0,0,0,7,4,15,10,30
METROLOGY_CONDITIONED_EIG,307018,143.13036846045668,1.6395292032365225,445.27923823147125,0,0,0,0,0,7,4,15,10,30
NO_PASSIVE,307019,148.5332764102812,2.988254153203839,445.27923823147125,0,0,0,0,0,7,4,15,10,30
RANDOM,307019,148.5332764102812,2.988254153203839,445.27923823147125,0,0,0,0,0,7,4,15,10,30
HIGHEST_SNR,307019,148.5332764102812,2.988254153203839,445.27923823147125,0,0,0,0,0,7,4,15,10,30
SHORTEST_PULSE,307019,148.5332764102812,2.988254153203839,445.27923823147125,0,0,0,0,0,7,4,15,10,30
METROLOGY_CONDITIONED_EIG,307019,148.5332764102812,2.988254153203839,445.27923823147125,0,0,0,0,0,7,4,15,10,30
NO_PASSIVE,307020,530.056097289846,2.131494681689383,445.27923823147125,0,0,0,0,0,7,4,15,10,30
RANDOM,307020,530.056097289846,2.131494681689383,445.27923823147125,0,0,0,0,0,7,4,15,10,30
HIGHEST_SNR,307020,530.056097289846,2.131494681689383,445.27923823147125,0,0,0,0,0,7,4,15,10,30
SHORTEST_PULSE,307020,530.056097289846,2.131494681689383,445.27923823147125,0,0,0,0,0,7,4,15,10,30
METROLOGY_CONDITIONED_EIG,307020,530.056097289846,2.131494681689383,445.27923823147125,0,0,0,0,0,7,4,15,10,30
NO_PASSIVE,307021,87.74114445790902,1.0233052306577644,445.27923823147125,0,0,0,0,0,7,4,15,10,30
RANDOM,307021,87.74114445790902,1.0233052306577644,445.27923823147125,0,0,0,0,0,7,4,15,10,30
HIGHEST_SNR,307021,87.74114445790902,1.0233052306577644,445.27923823147125,0,0,0,0,0,7,4,15,10,30
SHORTEST_PULSE,307021,87.74114445790902,1.0233052306577644,445.27923823147125,0,0,0,0,0,7,4,15,10,30
METROLOGY_CONDITIONED_EIG,307021,87.74114445790902,1.0233052306577644,445.27923823147125,0,0,0,0,0,7,4,15,10,30
NO_PASSIVE,307022,211.71931199888544,1.0582390669005908,445.27923823147125,0,0,0,0,0,7,4,15,10,30
RANDOM,307022,211.71931199888544,1.0582390669005908,445.27923823147125,0,0,0,0,0,7,4,15,10,30
HIGHEST_SNR,307022,211.71931199888544,1.0582390669005908,445.27923823147125,0,0,0,0,0,7,4,15,10,30
SHORTEST_PULSE,307022,211.71931199888544,1.0582390669005908,445.27923823147125,0,0,0,0,0,7,4,15,10,30
METROLOGY_CONDITIONED_EIG,307022,211.71931199888544,1.0582390669005908,445.27923823147125,0,0,0,0,0,7,4,15,10,30
NO_PASSIVE,307023,284.81507327837176,2.0528318576889477,445.27923823147125,0,0,0,0,0,7,4,15,10,30
RANDOM,307023,284.81507327837176,2.0528318576889477,445.27923823147125,0,0,0,0,0,7,4,15,10,30
HIGHEST_SNR,307023,284.81507327837176,2.0528318576889477,445.27923823147125,0,0,0,0,0,7,4,15,10,30
SHORTEST_PULSE,307023,284.81507327837176,2.0528318576889477,445.27923823147125,0,0,0,0,0,7,4,15,10,30
METROLOGY_CONDITIONED_EIG,307023,284.81507327837176,2.0528318576889477,445.27923823147125,0,0,0,0,0,7,4,15,10,30
NO_PASSIVE,307024,585.7465266801112,1.953793859562578,445.27923823147125,0,0,0,0,0,7,4,15,10,30
RANDOM,307024,585.7465266801112,1.953793859562578,445.27923823147125,0,0,0,0,0,7,4,15,10,30
HIGHEST_SNR,307024,585.7465266801112,1.953793859562578,445.27923823147125,0,0,0,0,0,7,4,15,10,30
SHORTEST_PULSE,307024,585.7465266801112,1.953793859562578,445.27923823147125,0,0,0,0,0,7,4,15,10,30
METROLOGY_CONDITIONED_EIG,307024,585.7465266801112,1.953793859562578,445.27923823147125,0,0,0,0,0,7,4,15,10,30
NO_PASSIVE,307025,300.54917188838,2.195167537000147,445.27923823147125,0,0,0,0,0,7,4,15,10,30
RANDOM,307025,300.54917188838,2.195167537000147,445.27923823147125,0,0,0,0,0,7,4,15,10,30
HIGHEST_SNR,307025,300.54917188838,2.195167537000147,445.27923823147125,0,0,0,0,0,7,4,15,10,30
SHORTEST_PULSE,307025,300.54917188838,2.195167537000147,445.27923823147125,0,0,0,0,0,7,4,15,10,30
METROLOGY_CONDITIONED_EIG,307025,300.54917188838,2.195167537000147,445.27923823147125,0,0,0,0,0,7,4,15,10,30
NO_PASSIVE,307026,372.4265569218165,1.7900098860247442,445.27923823147125,0,0,0,0,0,7,4,15,10,30
RANDOM,307026,372.4265569218165,1.7900098860247442,445.27923823147125,0,0,0,0,0,7,4,15,10,30
HIGHEST_SNR,307026,372.4265569218165,1.7900098860247442,445.27923823147125,0,0,0,0,0,7,4,15,10,30
SHORTEST_PULSE,307026,372.4265569218165,1.7900098860247442,445.27923823147125,0,0,0,0,0,7,4,15,10,30
METROLOGY_CONDITIONED_EIG,307026,372.4265569218165,1.7900098860247442,445.27923823147125,0,0,0,0,0,7,4,15,10,30
NO_PASSIVE,307027,415.1404836477657,1.7177594483038403,445.27923823147125,0,0,0,0,0,7,4,15,10,30
RANDOM,307027,415.1404836477657,1.7177594483038403,445.27923823147125,0,0,0,0,0,7,4,15,10,30
HIGHEST_SNR,307027,415.1404836477657,1.7177594483038403,445.27923823147125,0,0,0,0,0,7,4,15,10,30
SHORTEST_PULSE,307027,415.1404836477657,1.7177594483038403,445.27923823147125,0,0,0,0,0,7,4,15,10,30
METROLOGY_CONDITIONED_EIG,307027,415.1404836477657,1.7177594483038403,445.27923823147125,0,0,0,0,0,7,4,15,10,30
NO_PASSIVE,307028,201.26627919296212,1.5685110262984459,445.27923823147125,0,0,0,0,0,7,4,15,10,30
RANDOM,307028,201.26627919296212,1.5685110262984459,445.27923823147125,0,0,0,0,0,7,4,15,10,30
HIGHEST_SNR,307028,201.26627919296212,1.5685110262984459,445.27923823147125,0,0,0,0,0,7,4,15,10,30
SHORTEST_PULSE,307028,201.26627919296212,1.5685110262984459,445.27923823147125,0,0,0,0,0,7,4,15,10,30
METROLOGY_CONDITIONED_EIG,307028,201.26627919296212,1.5685110262984459,445.27923823147125,0,0,0,0,0,7,4,15,10,30
NO_PASSIVE,307029,830.5047227924141,1.5990323610188253,445.27923823147125,0,0,0,0,0,7,4,15,10,30
RANDOM,307029,830.5047227924141,1.5990323610188253,445.27923823147125,0,0,0,0,0,7,4,15,10,30
HIGHEST_SNR,307029,830.5047227924141,1.5990323610188253,445.27923823147125,0,0,0,0,0,7,4,15,10,30
SHORTEST_PULSE,307029,830.5047227924141,1.5990323610188253,445.27923823147125,0,0,0,0,0,7,4,15,10,30
METROLOGY_CONDITIONED_EIG,307029,830.5047227924141,1.5990323610188253,445.27923823147125,0,0,0,0,0,7,4,15,10,30
NO_PASSIVE,308000,293.249699564924,3.17105840109351,445.27923823147125,0,0,0,0,0,8,4,15,10,100
RANDOM,308000,293.249699564924,3.17105840109351,445.27923823147125,0,0,0,0,0,8,4,15,10,100
HIGHEST_SNR,308000,293.249699564924,3.17105840109351,445.27923823147125,0,0,0,0,0,8,4,15,10,100
SHORTEST_PULSE,308000,293.249699564924,3.17105840109351,445.27923823147125,0,0,0,0,0,8,4,15,10,100
METROLOGY_CONDITIONED_EIG,308000,293.249699564924,3.17105840109351,445.27923823147125,0,0,0,0,0,8,4,15,10,100
NO_PASSIVE,308001,750.6637073390301,1.9295489756417175,445.27923823147125,0,0,0,0,0,8,4,15,10,100
RANDOM,308001,750.6637073390301,1.9295489756417175,445.27923823147125,0,0,0,0,0,8,4,15,10,100
HIGHEST_SNR,308001,750.6637073390301,1.9295489756417175,445.27923823147125,0,0,0,0,0,8,4,15,10,100
SHORTEST_PULSE,308001,750.6637073390301,1.9295489756417175,445.27923823147125,0,0,0,0,0,8,4,15,10,100
METROLOGY_CONDITIONED_EIG,308001,750.6637073390301,1.9295489756417175,445.27923823147125,0,0,0,0,0,8,4,15,10,100
NO_PASSIVE,308002,704.5740174128838,1.62564756680577,445.27923823147125,0,0,0,0,0,8,4,15,10,100
RANDOM,308002,704.5740174128838,1.62564756680577,445.27923823147125,0,0,0,0,0,8,4,15,10,100
HIGHEST_SNR,308002,704.5740174128838,1.62564756680577,445.27923823147125,0,0,0,0,0,8,4,15,10,100
SHORTEST_PULSE,308002,704.5740174128838,1.62564756680577,445.27923823147125,0,0,0,0,0,8,4,15,10,100
METROLOGY_CONDITIONED_EIG,308002,704.5740174128838,1.62564756680577,445.27923823147125,0,0,0,0,0,8,4,15,10,100
NO_PASSIVE,308003,616.8645147549364,1.559051267555143,445.27923823147125,0,0,0,0,2,8,4,15,10,100
RANDOM,308003,503.1986172360891,1.5266134958167212,327.4088225571735,2,0,0,0,2,8,4,15,10,100
HIGHEST_SNR,308003,503.1986172360891,1.5266134958167212,327.4088225571735,2,0,0,0,2,8,4,15,10,100
SHORTEST_PULSE,308003,503.1986172360891,1.5266134958167212,327.4088225571735,2,0,0,0,2,8,4,15,10,100
METROLOGY_CONDITIONED_EIG,308003,503.1986172360891,1.5266134958167212,327.4088225571735,2,0,0,0,2,8,4,15,10,100
NO_PASSIVE,308004,82.32162609347631,2.362543258917841,445.27923823147125,0,0,0,0,0,8,4,15,10,100
RANDOM,308004,82.32162609347631,2.362543258917841,445.27923823147125,0,0,0,0,0,8,4,15,10,100
HIGHEST_SNR,308004,82.32162609347631,2.362543258917841,445.27923823147125,0,0,0,0,0,8,4,15,10,100
SHORTEST_PULSE,308004,82.32162609347631,2.362543258917841,445.27923823147125,0,0,0,0,0,8,4,15,10,100
METROLOGY_CONDITIONED_EIG,308004,82.32162609347631,2.362543258917841,445.27923823147125,0,0,0,0,0,8,4,15,10,100
NO_PASSIVE,308005,473.2435005344044,1.935450752373512,445.27923823147125,0,0,0,0,0,8,4,15,10,100
RANDOM,308005,473.2435005344044,1.935450752373512,445.27923823147125,0,0,0,0,0,8,4,15,10,100
HIGHEST_SNR,308005,473.2435005344044,1.935450752373512,445.27923823147125,0,0,0,0,0,8,4,15,10,100
SHORTEST_PULSE,308005,473.2435005344044,1.935450752373512,445.27923823147125,0,0,0,0,0,8,4,15,10,100
METROLOGY_CONDITIONED_EIG,308005,473.2435005344044,1.935450752373512,445.27923823147125,0,0,0,0,0,8,4,15,10,100
NO_PASSIVE,308006,123.30682754918539,0.8144839284603932,445.27923823147125,0,0,0,0,1,8,4,15,10,100
RANDOM,308006,176.51722003812492,0.8215306852169311,332.69778962794084,1,0,0,0,1,8,4,15,10,100
HIGHEST_SNR,308006,176.51722003812492,0.8215306852169311,332.69778962794084,1,0,0,0,1,8,4,15,10,100
SHORTEST_PULSE,308006,176.51722003812492,0.8215306852169311,332.69778962794084,1,0,0,0,1,8,4,15,10,100
METROLOGY_CONDITIONED_EIG,308006,176.51722003812492,0.8215306852169311,332.69778962794084,1,0,0,0,1,8,4,15,10,100
NO_PASSIVE,308007,441.93427777120235,2.5493373637666275,445.27923823147125,0,0,0,0,0,8,4,15,10,100
RANDOM,308007,441.93427777120235,2.5493373637666275,445.27923823147125,0,0,0,0,0,8,4,15,10,100
HIGHEST_SNR,308007,441.93427777120235,2.5493373637666275,445.27923823147125,0,0,0,0,0,8,4,15,10,100
SHORTEST_PULSE,308007,441.93427777120235,2.5493373637666275,445.27923823147125,0,0,0,0,0,8,4,15,10,100
METROLOGY_CONDITIONED_EIG,308007,441.93427777120235,2.5493373637666275,445.27923823147125,0,0,0,0,0,8,4,15,10,100
NO_PASSIVE,308008,129.3814031246252,1.8784815889904052,445.27923823147125,0,0,0,0,0,8,4,15,10,100
RANDOM,308008,129.3814031246252,1.8784815889904052,445.27923823147125,0,0,0,0,0,8,4,15,10,100
HIGHEST_SNR,308008,129.3814031246252,1.8784815889904052,445.27923823147125,0,0,0,0,0,8,4,15,10,100
SHORTEST_PULSE,308008,129.3814031246252,1.8784815889904052,445.27923823147125,0,0,0,0,0,8,4,15,10,100
METROLOGY_CONDITIONED_EIG,308008,129.3814031246252,1.8784815889904052,445.27923823147125,0,0,0,0,0,8,4,15,10,100
NO_PASSIVE,308009,510.6194881522275,2.032659783927097,445.27923823147125,0,0,0,0,0,8,4,15,10,100
RANDOM,308009,510.6194881522275,2.032659783927097,445.27923823147125,0,0,0,0,0,8,4,15,10,100
HIGHEST_SNR,308009,510.6194881522275,2.032659783927097,445.27923823147125,0,0,0,0,0,8,4,15,10,100
SHORTEST_PULSE,308009,510.6194881522275,2.032659783927097,445.27923823147125,0,0,0,0,0,8,4,15,10,100
METROLOGY_CONDITIONED_EIG,308009,510.6194881522275,2.032659783927097,445.27923823147125,0,0,0,0,0,8,4,15,10,100
NO_PASSIVE,308010,598.319361741396,2.1581813304403257,445.27923823147125,0,0,0,0,0,8,4,15,10,100
RANDOM,308010,598.319361741396,2.1581813304403257,445.27923823147125,0,0,0,0,0,8,4,15,10,100
HIGHEST_SNR,308010,598.319361741396,2.1581813304403257,445.27923823147125,0,0,0,0,0,8,4,15,10,100
SHORTEST_PULSE,308010,598.319361741396,2.1581813304403257,445.27923823147125,0,0,0,0,0,8,4,15,10,100
METROLOGY_CONDITIONED_EIG,308010,598.319361741396,2.1581813304403257,445.27923823147125,0,0,0,0,0,8,4,15,10,100
NO_PASSIVE,308011,430.7400438918041,3.1738031361106005,445.27923823147125,0,0,0,0,1,8,4,15,10,100
RANDOM,308011,470.5570434987726,3.2080783192830613,333.0996671281469,1,0,0,0,1,8,4,15,10,100
HIGHEST_SNR,308011,470.5570434987726,3.2080783192830613,333.0996671281469,1,0,0,0,1,8,4,15,10,100
SHORTEST_PULSE,308011,470.5570434987726,3.2080783192830613,333.0996671281469,1,0,0,0,1,8,4,15,10,100
METROLOGY_CONDITIONED_EIG,308011,470.5570434987726,3.2080783192830613,333.0996671281469,1,0,0,0,1,8,4,15,10,100
NO_PASSIVE,308012,348.51802862330703,0.8452568062229008,445.27923823147125,0,0,0,0,1,8,4,15,10,100
RANDOM,308012,338.3351349712612,0.8588056391168036,328.7755715882353,1,0,0,0,1,8,4,15,10,100
HIGHEST_SNR,308012,338.3351349712612,0.8588056391168036,328.7755715882353,1,0,0,0,1,8,4,15,10,100
SHORTEST_PULSE,308012,338.3351349712612,0.8588056391168036,328.7755715882353,1,0,0,0,1,8,4,15,10,100
METROLOGY_CONDITIONED_EIG,308012,338.3351349712612,0.8588056391168036,328.7755715882353,1,0,0,0,1,8,4,15,10,100
NO_PASSIVE,308013,139.8166041864427,2.4385839050664346,445.27923823147125,0,0,0,0,0,8,4,15,10,100
RANDOM,308013,139.8166041864427,2.4385839050664346,445.27923823147125,0,0,0,0,0,8,4,15,10,100
HIGHEST_SNR,308013,139.8166041864427,2.4385839050664346,445.27923823147125,0,0,0,0,0,8,4,15,10,100
SHORTEST_PULSE,308013,139.8166041864427,2.4385839050664346,445.27923823147125,0,0,0,0,0,8,4,15,10,100
METROLOGY_CONDITIONED_EIG,308013,139.8166041864427,2.4385839050664346,445.27923823147125,0,0,0,0,0,8,4,15,10,100
NO_PASSIVE,308014,303.98135934967956,1.4580103937817661,445.27923823147125,0,0,0,0,0,8,4,15,10,100
RANDOM,308014,303.98135934967956,1.4580103937817661,445.27923823147125,0,0,0,0,0,8,4,15,10,100
HIGHEST_SNR,308014,303.98135934967956,1.4580103937817661,445.27923823147125,0,0,0,0,0,8,4,15,10,100
SHORTEST_PULSE,308014,303.98135934967956,1.4580103937817661,445.27923823147125,0,0,0,0,0,8,4,15,10,100
METROLOGY_CONDITIONED_EIG,308014,303.98135934967956,1.4580103937817661,445.27923823147125,0,0,0,0,0,8,4,15,10,100
NO_PASSIVE,308015,218.03090799948043,1.2702003017202805,445.27923823147125,0,0,0,0,8,8,4,15,10,100
RANDOM,308015,107.33830311504268,1.2101896072440825,319.2226278706525,8,0,0,0,8,8,4,15,10,100
HIGHEST_SNR,308015,107.33830311504268,1.2101896072440825,319.2226278706525,8,0,0,0,8,8,4,15,10,100
SHORTEST_PULSE,308015,107.33830311504268,1.2101896072440825,319.2226278706525,8,0,0,0,8,8,4,15,10,100
METROLOGY_CONDITIONED_EIG,308015,107.33830311504268,1.2101896072440825,319.2226278706525,8,0,0,0,8,8,4,15,10,100
NO_PASSIVE,308016,134.7524430660293,2.3902430961314454,445.27923823147125,0,0,0,0,0,8,4,15,10,100
RANDOM,308016,134.7524430660293,2.3902430961314454,445.27923823147125,0,0,0,0,0,8,4,15,10,100
HIGHEST_SNR,308016,134.7524430660293,2.3902430961314454,445.27923823147125,0,0,0,0,0,8,4,15,10,100
SHORTEST_PULSE,308016,134.7524430660293,2.3902430961314454,445.27923823147125,0,0,0,0,0,8,4,15,10,100
METROLOGY_CONDITIONED_EIG,308016,134.7524430660293,2.3902430961314454,445.27923823147125,0,0,0,0,0,8,4,15,10,100
NO_PASSIVE,308017,646.9381428208709,3.0439944322177728,445.27923823147125,0,0,0,0,0,8,4,15,10,100
RANDOM,308017,646.9381428208709,3.0439944322177728,445.27923823147125,0,0,0,0,0,8,4,15,10,100
HIGHEST_SNR,308017,646.9381428208709,3.0439944322177728,445.27923823147125,0,0,0,0,0,8,4,15,10,100
SHORTEST_PULSE,308017,646.9381428208709,3.0439944322177728,445.27923823147125,0,0,0,0,0,8,4,15,10,100
METROLOGY_CONDITIONED_EIG,308017,646.9381428208709,3.0439944322177728,445.27923823147125,0,0,0,0,0,8,4,15,10,100
NO_PASSIVE,308018,353.5552050624759,1.519418020285357,445.27923823147125,0,0,0,0,0,8,4,15,10,100
RANDOM,308018,353.5552050624759,1.519418020285357,445.27923823147125,0,0,0,0,0,8,4,15,10,100
HIGHEST_SNR,308018,353.5552050624759,1.519418020285357,445.27923823147125,0,0,0,0,0,8,4,15,10,100
SHORTEST_PULSE,308018,353.5552050624759,1.519418020285357,445.27923823147125,0,0,0,0,0,8,4,15,10,100
METROLOGY_CONDITIONED_EIG,308018,353.5552050624759,1.519418020285357,445.27923823147125,0,0,0,0,0,8,4,15,10,100
NO_PASSIVE,308019,337.5121487959997,2.0087009414225907,445.27923823147125,0,0,0,0,1,8,4,15,10,100
RANDOM,308019,298.33421068029276,2.225820732420205,316.2224007625546,1,0,0,0,1,8,4,15,10,100
HIGHEST_SNR,308019,298.33421068029276,2.225820732420205,316.2224007625546,1,0,0,0,1,8,4,15,10,100
SHORTEST_PULSE,308019,298.33421068029276,2.225820732420205,316.2224007625546,1,0,0,0,1,8,4,15,10,100
METROLOGY_CONDITIONED_EIG,308019,298.33421068029276,2.225820732420205,316.2224007625546,1,0,0,0,1,8,4,15,10,100
NO_PASSIVE,308020,284.83764512573214,0.7285283262520744,445.27923823147125,0,0,0,0,22,8,4,15,10,100
RANDOM,308020,258.6666185550902,1.720396085961122,274.2671938580884,21,1,0,0,22,8,4,15,10,100
HIGHEST_SNR,308020,258.6666185550902,1.720396085961122,274.2671938580884,21,1,0,0,22,8,4,15,10,100
SHORTEST_PULSE,308020,258.6666185550902,1.720396085961122,274.2671938580884,21,1,0,0,22,8,4,15,10,100
METROLOGY_CONDITIONED_EIG,308020,258.6666185550902,1.720396085961122,274.2671938580884,21,1,0,0,22,8,4,15,10,100
NO_PASSIVE,308021,841.9062467971474,3.257886991235016,445.27923823147125,0,0,0,0,0,8,4,15,10,100
RANDOM,308021,841.9062467971474,3.257886991235016,445.27923823147125,0,0,0,0,0,8,4,15,10,100
HIGHEST_SNR,308021,841.9062467971474,3.257886991235016,445.27923823147125,0,0,0,0,0,8,4,15,10,100
SHORTEST_PULSE,308021,841.9062467971474,3.257886991235016,445.27923823147125,0,0,0,0,0,8,4,15,10,100
METROLOGY_CONDITIONED_EIG,308021,841.9062467971474,3.257886991235016,445.27923823147125,0,0,0,0,0,8,4,15,10,100
NO_PASSIVE,308022,105.70298264632652,3.024320497204013,445.27923823147125,0,0,0,0,0,8,4,15,10,100
RANDOM,308022,105.70298264632652,3.024320497204013,445.27923823147125,0,0,0,0,0,8,4,15,10,100
HIGHEST_SNR,308022,105.70298264632652,3.024320497204013,445.27923823147125,0,0,0,0,0,8,4,15,10,100
SHORTEST_PULSE,308022,105.70298264632652,3.024320497204013,445.27923823147125,0,0,0,0,0,8,4,15,10,100
METROLOGY_CONDITIONED_EIG,308022,105.70298264632652,3.024320497204013,445.27923823147125,0,0,0,0,0,8,4,15,10,100
NO_PASSIVE,308023,144.92736947149635,2.6803322565855163,445.27923823147125,0,0,0,0,0,8,4,15,10,100
RANDOM,308023,144.92736947149635,2.6803322565855163,445.27923823147125,0,0,0,0,0,8,4,15,10,100
HIGHEST_SNR,308023,144.92736947149635,2.6803322565855163,445.27923823147125,0,0,0,0,0,8,4,15,10,100
SHORTEST_PULSE,308023,144.92736947149635,2.6803322565855163,445.27923823147125,0,0,0,0,0,8,4,15,10,100
METROLOGY_CONDITIONED_EIG,308023,144.92736947149635,2.6803322565855163,445.27923823147125,0,0,0,0,0,8,4,15,10,100
NO_PASSIVE,308024,878.3103370289485,4.038960886484859,445.27923823147125,0,0,0,0,0,8,4,15,10,100
RANDOM,308024,878.3103370289485,4.038960886484859,445.27923823147125,0,0,0,0,0,8,4,15,10,100
HIGHEST_SNR,308024,878.3103370289485,4.038960886484859,445.27923823147125,0,0,0,0,0,8,4,15,10,100
SHORTEST_PULSE,308024,878.3103370289485,4.038960886484859,445.27923823147125,0,0,0,0,0,8,4,15,10,100
METROLOGY_CONDITIONED_EIG,308024,878.3103370289485,4.038960886484859,445.27923823147125,0,0,0,0,0,8,4,15,10,100
NO_PASSIVE,308025,110.11338992364612,2.262766092694203,445.27923823147125,0,0,0,0,0,8,4,15,10,100
RANDOM,308025,110.11338992364612,2.262766092694203,445.27923823147125,0,0,0,0,0,8,4,15,10,100
HIGHEST_SNR,308025,110.11338992364612,2.262766092694203,445.27923823147125,0,0,0,0,0,8,4,15,10,100
SHORTEST_PULSE,308025,110.11338992364612,2.262766092694203,445.27923823147125,0,0,0,0,0,8,4,15,10,100
METROLOGY_CONDITIONED_EIG,308025,110.11338992364612,2.262766092694203,445.27923823147125,0,0,0,0,0,8,4,15,10,100
NO_PASSIVE,308026,214.1054174490993,2.2892669119518887,445.27923823147125,0,0,0,0,0,8,4,15,10,100
RANDOM,308026,214.1054174490993,2.2892669119518887,445.27923823147125,0,0,0,0,0,8,4,15,10,100
HIGHEST_SNR,308026,214.1054174490993,2.2892669119518887,445.27923823147125,0,0,0,0,0,8,4,15,10,100
SHORTEST_PULSE,308026,214.1054174490993,2.2892669119518887,445.27923823147125,0,0,0,0,0,8,4,15,10,100
METROLOGY_CONDITIONED_EIG,308026,214.1054174490993,2.2892669119518887,445.27923823147125,0,0,0,0,0,8,4,15,10,100
NO_PASSIVE,308027,404.97048683343024,0.746609564284012,445.27923823147125,0,0,0,0,0,8,4,15,10,100
RANDOM,308027,404.97048683343024,0.746609564284012,445.27923823147125,0,0,0,0,0,8,4,15,10,100
HIGHEST_SNR,308027,404.97048683343024,0.746609564284012,445.27923823147125,0,0,0,0,0,8,4,15,10,100
SHORTEST_PULSE,308027,404.97048683343024,0.746609564284012,445.27923823147125,0,0,0,0,0,8,4,15,10,100
METROLOGY_CONDITIONED_EIG,308027,404.97048683343024,0.746609564284012,445.27923823147125,0,0,0,0,0,8,4,15,10,100
NO_PASSIVE,308028,289.21487403310607,0.31399782240590374,445.27923823147125,0,0,0,0,5,8,4,15,10,100
RANDOM,308028,52.245697003592376,0.266300989095097,132.8532538151215,5,0,0,0,5,8,4,15,10,100
HIGHEST_SNR,308028,52.245697003592376,0.266300989095097,132.8532538151215,5,0,0,0,5,8,4,15,10,100
SHORTEST_PULSE,308028,52.245697003592376,0.266300989095097,132.8532538151215,5,0,0,0,5,8,4,15,10,100
METROLOGY_CONDITIONED_EIG,308028,52.245697003592376,0.266300989095097,132.8532538151215,5,0,0,0,5,8,4,15,10,100
NO_PASSIVE,308029,588.5410740983428,2.2832356080877303,445.27923823147125,0,0,0,0,0,8,4,15,10,100
RANDOM,308029,588.5410740983428,2.2832356080877303,445.27923823147125,0,0,0,0,0,8,4,15,10,100
HIGHEST_SNR,308029,588.5410740983428,2.2832356080877303,445.27923823147125,0,0,0,0,0,8,4,15,10,100
SHORTEST_PULSE,308029,588.5410740983428,2.2832356080877303,445.27923823147125,0,0,0,0,0,8,4,15,10,100
METROLOGY_CONDITIONED_EIG,308029,588.5410740983428,2.2832356080877303,445.27923823147125,0,0,0,0,0,8,4,15,10,100
NO_PASSIVE,309000,134.3248365021921,2.640442940729793,445.27923823147125,0,0,0,0,10,9,4,15,100,30
RANDOM,309000,68.6534091635222,1.5074399580680682,82.64023894836293,10,0,0,0,10,9,4,15,100,30
HIGHEST_SNR,309000,68.6534091635222,1.5074399580680682,82.64023894836293,10,0,0,0,10,9,4,15,100,30
SHORTEST_PULSE,309000,68.6534091635222,1.5074399580680682,82.64023894836293,10,0,0,0,10,9,4,15,100,30
METROLOGY_CONDITIONED_EIG,309000,68.6534091635222,1.5074399580680682,82.64023894836293,10,0,0,0,10,9,4,15,100,30
NO_PASSIVE,309001,250.7704393696912,2.4414443611118806,445.27923823147125,0,0,0,0,33,9,4,15,100,30
RANDOM,309001,14.899335566124995,2.2661904158584187,51.09290950024565,30,2,0,0,33,9,4,15,100,30
HIGHEST_SNR,309001,61.660418285160446,2.3521702440600016,179.80728117490733,30,2,0,0,33,9,4,15,100,30
SHORTEST_PULSE,309001,61.660418285160446,2.3521702440600016,179.80728117490733,30,2,0,0,33,9,4,15,100,30
METROLOGY_CONDITIONED_EIG,309001,14.899335566124995,2.2661904158584187,51.09290950024565,30,2,0,0,33,9,4,15,100,30
NO_PASSIVE,309002,395.24700467653156,1.8503365030203967,445.27923823147125,0,0,0,0,20,9,4,15,100,30
RANDOM,309002,331.30123863929015,2.118581935527981,316.0309844810359,20,0,0,0,20,9,4,15,100,30
HIGHEST_SNR,309002,331.30123863929015,2.118581935527981,316.0309844810359,20,0,0,0,20,9,4,15,100,30
SHORTEST_PULSE,309002,331.30123863929015,2.118581935527981,316.0309844810359,20,0,0,0,20,9,4,15,100,30
METROLOGY_CONDITIONED_EIG,309002,331.30123863929015,2.118581935527981,316.0309844810359,20,0,0,0,20,9,4,15,100,30
NO_PASSIVE,309003,639.136524899209,1.655628157094985,445.27923823147125,0,0,0,0,24,9,4,15,100,30
RANDOM,309003,22.289126936756844,0.4145155990442284,76.0853021991386,24,0,0,0,24,9,4,15,100,30
HIGHEST_SNR,309003,22.289126936756844,0.4145155990442284,76.0853021991386,24,0,0,0,24,9,4,15,100,30
SHORTEST_PULSE,309003,22.289126936756844,0.4145155990442284,76.0853021991386,24,0,0,0,24,9,4,15,100,30
METROLOGY_CONDITIONED_EIG,309003,22.289126936756844,0.4145155990442284,76.0853021991386,24,0,0,0,24,9,4,15,100,30
NO_PASSIVE,309004,596.9032233332211,2.3122330392768533,445.27923823147125,0,0,0,0,5,9,4,15,100,30
RANDOM,309004,88.33059039229376,2.1790692231356577,112.73969048175937,4,0,0,0,5,9,4,15,100,30
HIGHEST_SNR,309004,30.81179479236433,1.15113523489813,106.71784890374276,4,0,0,0,5,9,4,15,100,30
SHORTEST_PULSE,309004,88.33059039229376,2.1790692231356577,112.73969048175937,4,0,0,0,5,9,4,15,100,30
METROLOGY_CONDITIONED_EIG,309004,30.81179479236433,1.15113523489813,106.71784890374276,4,0,0,0,5,9,4,15,100,30
NO_PASSIVE,309005,345.75209338493926,0.4796336832045305,445.27923823147125,0,0,0,0,23,9,4,15,100,30
RANDOM,309005,242.93028077294412,0.3221100158426993,314.1653553151678,23,0,0,0,23,9,4,15,100,30
HIGHEST_SNR,309005,242.93028077294412,0.3221100158426993,314.1653553151678,23,0,0,0,23,9,4,15,100,30
SHORTEST_PULSE,309005,242.93028077294412,0.3221100158426993,314.1653553151678,23,0,0,0,23,9,4,15,100,30
METROLOGY_CONDITIONED_EIG,309005,242.93028077294412,0.3221100158426993,314.1653553151678,23,0,0,0,23,9,4,15,100,30
NO_PASSIVE,309006,114.69802755362291,0.8431014664662133,445.27923823147125,0,0,0,0,24,9,4,15,100,30
RANDOM,309006,43.82745415734334,1.6420970379257531,145.25670509390008,24,0,0,0,24,9,4,15,100,30
HIGHEST_SNR,309006,43.82745415734334,1.6420970379257531,145.25670509390008,24,0,0,0,24,9,4,15,100,30
SHORTEST_PULSE,309006,43.82745415734334,1.6420970379257531,145.25670509390008,24,0,0,0,24,9,4,15,100,30
METROLOGY_CONDITIONED_EIG,309006,43.82745415734334,1.6420970379257531,145.25670509390008,24,0,0,0,24,9,4,15,100,30
NO_PASSIVE,309007,290.7320898296434,3.0853677140789277,445.27923823147125,0,0,0,0,24,9,4,15,100,30
RANDOM,309007,157.29287128100796,2.8392776998510434,300.639773586849,24,0,0,0,24,9,4,15,100,30
HIGHEST_SNR,309007,157.29287128100796,2.8392776998510434,300.639773586849,24,0,0,0,24,9,4,15,100,30
SHORTEST_PULSE,309007,157.29287128100796,2.8392776998510434,300.639773586849,24,0,0,0,24,9,4,15,100,30
METROLOGY_CONDITIONED_EIG,309007,157.29287128100796,2.8392776998510434,300.639773586849,24,0,0,0,24,9,4,15,100,30
NO_PASSIVE,309008,653.9533004307201,3.164039902061718,445.27923823147125,0,0,0,0,21,9,4,15,100,30
RANDOM,309008,39.3338339405699,3.7239824419832814,179.47551117189118,21,0,0,0,21,9,4,15,100,30
HIGHEST_SNR,309008,39.3338339405699,3.7239824419832814,179.47551117189118,21,0,0,0,21,9,4,15,100,30
SHORTEST_PULSE,309008,39.3338339405699,3.7239824419832814,179.47551117189118,21,0,0,0,21,9,4,15,100,30
METROLOGY_CONDITIONED_EIG,309008,39.3338339405699,3.7239824419832814,179.47551117189118,21,0,0,0,21,9,4,15,100,30
NO_PASSIVE,309009,645.4560366543373,1.624595372139014,445.27923823147125,0,0,0,0,1,9,4,15,100,30
RANDOM,309009,636.2506514271703,1.4831182654741324,336.86352207488414,1,0,0,0,1,9,4,15,100,30
HIGHEST_SNR,309009,636.2506514271703,1.4831182654741324,336.86352207488414,1,0,0,0,1,9,4,15,100,30
SHORTEST_PULSE,309009,636.2506514271703,1.4831182654741324,336.86352207488414,1,0,0,0,1,9,4,15,100,30
METROLOGY_CONDITIONED_EIG,309009,636.2506514271703,1.4831182654741324,336.86352207488414,1,0,0,0,1,9,4,15,100,30
NO_PASSIVE,309010,166.3763815301873,2.7408788973011586,445.27923823147125,0,0,0,0,1,9,4,15,100,30
RANDOM,309010,168.2734578526535,2.7642397098157425,318.6590683241768,1,0,0,0,1,9,4,15,100,30
HIGHEST_SNR,309010,168.2734578526535,2.7642397098157425,318.6590683241768,1,0,0,0,1,9,4,15,100,30
SHORTEST_PULSE,309010,168.2734578526535,2.7642397098157425,318.6590683241768,1,0,0,0,1,9,4,15,100,30
METROLOGY_CONDITIONED_EIG,309010,168.2734578526535,2.7642397098157425,318.6590683241768,1,0,0,0,1,9,4,15,100,30
NO_PASSIVE,309011,219.53934241398863,0.10228495217139542,445.27923823147125,0,0,0,0,18,9,4,15,100,30
RANDOM,309011,40.2562983335857,0.7391344852924765,43.09942640957741,18,0,0,0,18,9,4,15,100,30
HIGHEST_SNR,309011,40.2562983335857,0.7391344852924765,43.09942640957741,18,0,0,0,18,9,4,15,100,30
SHORTEST_PULSE,309011,40.2562983335857,0.7391344852924765,43.09942640957741,18,0,0,0,18,9,4,15,100,30
METROLOGY_CONDITIONED_EIG,309011,40.2562983335857,0.7391344852924765,43.09942640957741,18,0,0,0,18,9,4,15,100,30
NO_PASSIVE,309012,473.5320419559433,1.9974115435714794,445.27923823147125,0,0,0,0,10,9,4,15,100,30
RANDOM,309012,376.2182900910832,1.8516442194164964,249.83846432820522,10,0,0,0,10,9,4,15,100,30
HIGHEST_SNR,309012,376.2182900910832,1.8516442194164964,249.83846432820522,10,0,0,0,10,9,4,15,100,30
SHORTEST_PULSE,309012,376.2182900910832,1.8516442194164964,249.83846432820522,10,0,0,0,10,9,4,15,100,30
METROLOGY_CONDITIONED_EIG,309012,376.2182900910832,1.8516442194164964,249.83846432820522,10,0,0,0,10,9,4,15,100,30
NO_PASSIVE,309013,205.3501789524417,3.1043286114698434,445.27923823147125,0,0,0,0,10,9,4,15,100,30
RANDOM,309013,188.80119067392494,0.6455948776562811,140.76961763356718,10,0,0,0,10,9,4,15,100,30
HIGHEST_SNR,309013,188.80119067392494,0.6455948776562811,140.76961763356718,10,0,0,0,10,9,4,15,100,30
SHORTEST_PULSE,309013,188.80119067392494,0.6455948776562811,140.76961763356718,10,0,0,0,10,9,4,15,100,30
METROLOGY_CONDITIONED_EIG,309013,188.80119067392494,0.6455948776562811,140.76961763356718,10,0,0,0,10,9,4,15,100,30
NO_PASSIVE,309014,41.38308859938777,3.3417590399371053,445.27923823147125,0,0,0,0,3,9,4,15,100,30
RANDOM,309014,32.40708154034543,3.3485109285308794,322.08984669723975,3,0,0,0,3,9,4,15,100,30
HIGHEST_SNR,309014,32.40708154034543,3.3485109285308794,322.08984669723975,3,0,0,0,3,9,4,15,100,30
SHORTEST_PULSE,309014,32.40708154034543,3.3485109285308794,322.08984669723975,3,0,0,0,3,9,4,15,100,30
METROLOGY_CONDITIONED_EIG,309014,32.40708154034543,3.3485109285308794,322.08984669723975,3,0,0,0,3,9,4,15,100,30
NO_PASSIVE,309015,128.4399068884787,1.2770356748586469,445.27923823147125,0,0,0,0,20,9,4,15,100,30
RANDOM,309015,80.13938011424328,1.1440346538134059,314.6138626714911,20,0,0,0,20,9,4,15,100,30
HIGHEST_SNR,309015,80.13938011424328,1.1440346538134059,314.6138626714911,20,0,0,0,20,9,4,15,100,30
SHORTEST_PULSE,309015,80.13938011424328,1.1440346538134059,314.6138626714911,20,0,0,0,20,9,4,15,100,30
METROLOGY_CONDITIONED_EIG,309015,80.13938011424328,1.1440346538134059,314.6138626714911,20,0,0,0,20,9,4,15,100,30
NO_PASSIVE,309016,278.45826101076995,1.1691019191724226,445.27923823147125,0,0,0,0,8,9,4,15,100,30
RANDOM,309016,224.94455991381287,1.0370050497823204,314.73968376954844,8,0,0,0,8,9,4,15,100,30
HIGHEST_SNR,309016,224.94455991381287,1.0370050497823204,314.73968376954844,8,0,0,0,8,9,4,15,100,30
SHORTEST_PULSE,309016,224.94455991381287,1.0370050497823204,314.73968376954844,8,0,0,0,8,9,4,15,100,30
METROLOGY_CONDITIONED_EIG,309016,224.94455991381287,1.0370050497823204,314.73968376954844,8,0,0,0,8,9,4,15,100,30
NO_PASSIVE,309017,504.2185251761812,0.499815539223855,445.27923823147125,0,0,0,0,13,9,4,15,100,30
RANDOM,309017,325.0160090599817,0.16209148140326377,315.21277801357206,13,0,0,0,13,9,4,15,100,30
HIGHEST_SNR,309017,325.0160090599817,0.16209148140326377,315.21277801357206,13,0,0,0,13,9,4,15,100,30
SHORTEST_PULSE,309017,325.0160090599817,0.16209148140326377,315.21277801357206,13,0,0,0,13,9,4,15,100,30
METROLOGY_CONDITIONED_EIG,309017,325.0160090599817,0.16209148140326377,315.21277801357206,13,0,0,0,13,9,4,15,100,30
NO_PASSIVE,309018,24.91773681231748,1.8793354898483223,445.27923823147125,0,0,0,0,23,9,4,15,100,30
RANDOM,309018,103.43963823029992,0.6116047747255934,314.41890562099616,23,0,0,0,23,9,4,15,100,30
HIGHEST_SNR,309018,103.43963823029992,0.6116047747255934,314.41890562099616,23,0,0,0,23,9,4,15,100,30
SHORTEST_PULSE,309018,103.43963823029992,0.6116047747255934,314.41890562099616,23,0,0,0,23,9,4,15,100,30
METROLOGY_CONDITIONED_EIG,309018,103.43963823029992,0.6116047747255934,314.41890562099616,23,0,0,0,23,9,4,15,100,30
NO_PASSIVE,309019,269.0878848330206,2.7686557626977937,445.27923823147125,0,0,0,0,3,9,4,15,100,30
RANDOM,309019,74.20130381697558,2.538780695957013,317.27014598706205,3,0,0,0,3,9,4,15,100,30
HIGHEST_SNR,309019,74.20130381697558,2.538780695957013,317.27014598706205,3,0,0,0,3,9,4,15,100,30
SHORTEST_PULSE,309019,74.20130381697558,2.538780695957013,317.27014598706205,3,0,0,0,3,9,4,15,100,30
METROLOGY_CONDITIONED_EIG,309019,74.20130381697558,2.538780695957013,317.27014598706205,3,0,0,0,3,9,4,15,100,30
NO_PASSIVE,309020,554.8901576190232,1.6502646614887853,445.27923823147125,0,0,0,0,0,9,4,15,100,30
RANDOM,309020,554.8901576190232,1.6502646614887853,445.27923823147125,0,0,0,0,0,9,4,15,100,30
HIGHEST_SNR,309020,554.8901576190232,1.6502646614887853,445.27923823147125,0,0,0,0,0,9,4,15,100,30
SHORTEST_PULSE,309020,554.8901576190232,1.6502646614887853,445.27923823147125,0,0,0,0,0,9,4,15,100,30
METROLOGY_CONDITIONED_EIG,309020,554.8901576190232,1.6502646614887853,445.27923823147125,0,0,0,0,0,9,4,15,100,30
NO_PASSIVE,309021,493.5986530042621,0.2750460635806067,445.27923823147125,0,0,0,0,19,9,4,15,100,30
RANDOM,309021,35.94038509476813,1.652472357704222,69.19635848816907,17,0,0,0,19,9,4,15,100,30
HIGHEST_SNR,309021,47.17992766953243,1.8442393987861032,69.56447319704903,17,0,0,0,19,9,4,15,100,30
SHORTEST_PULSE,309021,35.94038509476813,1.652472357704222,69.19635848816907,17,0,0,0,19,9,4,15,100,30
METROLOGY_CONDITIONED_EIG,309021,47.17992766953243,1.8442393987861032,69.56447319704903,17,0,0,0,19,9,4,15,100,30
NO_PASSIVE,309022,281.74687298657784,1.8211001292974056,445.27923823147125,0,0,0,0,21,9,4,15,100,30
RANDOM,309022,268.87527138478197,1.744089473045597,302.582985126317,21,0,0,0,21,9,4,15,100,30
HIGHEST_SNR,309022,268.87527138478197,1.744089473045597,302.582985126317,21,0,0,0,21,9,4,15,100,30
SHORTEST_PULSE,309022,268.87527138478197,1.744089473045597,302.582985126317,21,0,0,0,21,9,4,15,100,30
METROLOGY_CONDITIONED_EIG,309022,268.87527138478197,1.744089473045597,302.582985126317,21,0,0,0,21,9,4,15,100,30
NO_PASSIVE,309023,278.23343950239376,0.2991489873160887,445.27923823147125,0,0,0,0,14,9,4,15,100,30
RANDOM,309023,53.480506534838206,1.0127402282144367,70.81697735434206,14,0,0,0,14,9,4,15,100,30
HIGHEST_SNR,309023,53.480506534838206,1.0127402282144367,70.81697735434206,14,0,0,0,14,9,4,15,100,30
SHORTEST_PULSE,309023,53.480506534838206,1.0127402282144367,70.81697735434206,14,0,0,0,14,9,4,15,100,30
METROLOGY_CONDITIONED_EIG,309023,53.480506534838206,1.0127402282144367,70.81697735434206,14,0,0,0,14,9,4,15,100,30
NO_PASSIVE,309024,701.0915749085915,1.1383257114492122,445.27923823147125,0,0,0,0,2,9,4,15,100,30
RANDOM,309024,263.98425594573223,0.8520610533350358,324.3596490798451,2,0,0,0,2,9,4,15,100,30
HIGHEST_SNR,309024,263.98425594573223,0.8520610533350358,324.3596490798451,2,0,0,0,2,9,4,15,100,30
SHORTEST_PULSE,309024,263.98425594573223,0.8520610533350358,324.3596490798451,2,0,0,0,2,9,4,15,100,30
METROLOGY_CONDITIONED_EIG,309024,263.98425594573223,0.8520610533350358,324.3596490798451,2,0,0,0,2,9,4,15,100,30
NO_PASSIVE,309025,397.29308832601936,3.1532593338056714,445.27923823147125,0,0,0,0,26,9,4,15,100,30
RANDOM,309025,25.959910321697304,0.16305675780761963,45.307294261617436,25,0,0,0,26,9,4,15,100,30
HIGHEST_SNR,309025,25.959910321697304,0.16305675780761963,45.307294261617436,25,0,0,0,26,9,4,15,100,30
SHORTEST_PULSE,309025,25.959910321697304,0.16305675780761963,45.307294261617436,25,0,0,0,26,9,4,15,100,30
METROLOGY_CONDITIONED_EIG,309025,21.835297997230118,0.16729041291717228,45.02758295368544,25,0,0,0,26,9,4,15,100,30
NO_PASSIVE,309026,109.76741616465533,2.9510865669888444,445.27923823147125,0,0,0,0,2,9,4,15,100,30
RANDOM,309026,115.44214766721629,2.0757171560845418,321.6465974411815,2,0,0,0,2,9,4,15,100,30
HIGHEST_SNR,309026,115.44214766721629,2.0757171560845418,321.6465974411815,2,0,0,0,2,9,4,15,100,30
SHORTEST_PULSE,309026,115.44214766721629,2.0757171560845418,321.6465974411815,2,0,0,0,2,9,4,15,100,30
METROLOGY_CONDITIONED_EIG,309026,115.44214766721629,2.0757171560845418,321.6465974411815,2,0,0,0,2,9,4,15,100,30
NO_PASSIVE,309027,578.7754820910528,1.3129699513631314,445.27923823147125,0,0,0,0,6,9,4,15,100,30
RANDOM,309027,18.083908864787215,1.4323361614234593,81.94395315411118,6,0,0,0,6,9,4,15,100,30
HIGHEST_SNR,309027,18.083908864787215,1.4323361614234593,81.94395315411118,6,0,0,0,6,9,4,15,100,30
SHORTEST_PULSE,309027,18.083908864787215,1.4323361614234593,81.94395315411118,6,0,0,0,6,9,4,15,100,30
METROLOGY_CONDITIONED_EIG,309027,18.083908864787215,1.4323361614234593,81.94395315411118,6,0,0,0,6,9,4,15,100,30
NO_PASSIVE,309028,266.4128005420797,2.116678089813859,445.27923823147125,0,0,0,0,3,9,4,15,100,30
RANDOM,309028,36.60040776717464,2.049735881948549,230.62858120761655,3,0,0,0,3,9,4,15,100,30
HIGHEST_SNR,309028,36.60040776717464,2.049735881948549,230.62858120761655,3,0,0,0,3,9,4,15,100,30
SHORTEST_PULSE,309028,36.60040776717464,2.049735881948549,230.62858120761655,3,0,0,0,3,9,4,15,100,30
METROLOGY_CONDITIONED_EIG,309028,36.60040776717464,2.049735881948549,230.62858120761655,3,0,0,0,3,9,4,15,100,30
NO_PASSIVE,309029,517.0103350267549,0.858036731472245,445.27923823147125,0,0,0,0,1,9,4,15,100,30
RANDOM,309029,438.1650000426175,0.7986253017313546,323.8050940972701,1,0,0,0,1,9,4,15,100,30
HIGHEST_SNR,309029,438.1650000426175,0.7986253017313546,323.8050940972701,1,0,0,0,1,9,4,15,100,30
SHORTEST_PULSE,309029,438.1650000426175,0.7986253017313546,323.8050940972701,1,0,0,0,1,9,4,15,100,30
METROLOGY_CONDITIONED_EIG,309029,438.1650000426175,0.7986253017313546,323.8050940972701,1,0,0,0,1,9,4,15,100,30
NO_PASSIVE,310000,503.56679908557123,0.9276459838585511,445.27923823147125,0,0,0,0,50,10,4,15,100,100
RANDOM,310000,53.052970878457735,0.9817860423844603,86.85527962433005,36,0,0,0,50,10,4,15,100,100
HIGHEST_SNR,310000,74.69386421408774,0.7517863047077673,114.39134998877616,35,1,0,0,50,10,4,15,100,100
SHORTEST_PULSE,310000,22.74299526172855,0.9409108760821615,71.07556151733786,35,1,0,0,50,10,4,15,100,100
METROLOGY_CONDITIONED_EIG,310000,46.67818041243138,0.7062470748661336,71.05226646638084,36,0,0,0,50,10,4,15,100,100
NO_PASSIVE,310001,464.2119844455614,2.798076090081695,445.27923823147125,0,0,0,0,1,10,4,15,100,100
RANDOM,310001,117.61360154157701,2.5187204476019547,323.60365137484615,1,0,0,0,1,10,4,15,100,100
HIGHEST_SNR,310001,117.61360154157701,2.5187204476019547,323.60365137484615,1,0,0,0,1,10,4,15,100,100
SHORTEST_PULSE,310001,117.61360154157701,2.5187204476019547,323.60365137484615,1,0,0,0,1,10,4,15,100,100
METROLOGY_CONDITIONED_EIG,310001,117.61360154157701,2.5187204476019547,323.60365137484615,1,0,0,0,1,10,4,15,100,100
NO_PASSIVE,310002,324.3032360693065,3.2926424711515554,445.27923823147125,0,0,0,0,24,10,4,15,100,100
RANDOM,310002,39.1912282842562,1.3526962578244033,80.00302427141804,23,0,0,0,24,10,4,15,100,100
HIGHEST_SNR,310002,39.1912282842562,1.3526962578244033,80.00302427141804,23,0,0,0,24,10,4,15,100,100
SHORTEST_PULSE,310002,38.666261690513636,1.3194686362195422,79.92814918579391,23,0,0,0,24,10,4,15,100,100
METROLOGY_CONDITIONED_EIG,310002,39.1912282842562,1.3526962578244033,80.00302427141804,23,0,0,0,24,10,4,15,100,100
NO_PASSIVE,310003,572.18731191432,1.515025971926851,445.27923823147125,0,0,0,0,0,10,4,15,100,100
RANDOM,310003,572.18731191432,1.515025971926851,445.27923823147125,0,0,0,0,0,10,4,15,100,100
HIGHEST_SNR,310003,572.18731191432,1.515025971926851,445.27923823147125,0,0,0,0,0,10,4,15,100,100
SHORTEST_PULSE,310003,572.18731191432,1.515025971926851,445.27923823147125,0,0,0,0,0,10,4,15,100,100
METROLOGY_CONDITIONED_EIG,310003,572.18731191432,1.515025971926851,445.27923823147125,0,0,0,0,0,10,4,15,100,100
NO_PASSIVE,310004,651.7082332257413,2.4088029014245658,445.27923823147125,0,0,0,0,6,10,4,15,100,100
RANDOM,310004,130.3990735177276,2.271696194712665,189.68627060667293,6,0,0,0,6,10,4,15,100,100
HIGHEST_SNR,310004,130.3990735177276,2.271696194712665,189.68627060667293,6,0,0,0,6,10,4,15,100,100
SHORTEST_PULSE,310004,130.3990735177276,2.271696194712665,189.68627060667293,6,0,0,0,6,10,4,15,100,100
METROLOGY_CONDITIONED_EIG,310004,130.3990735177276,2.271696194712665,189.68627060667293,6,0,0,0,6,10,4,15,100,100
NO_PASSIVE,310005,656.4037721353319,2.2003441799058487,445.27923823147125,0,0,0,0,0,10,4,15,100,100
RANDOM,310005,656.4037721353319,2.2003441799058487,445.27923823147125,0,0,0,0,0,10,4,15,100,100
HIGHEST_SNR,310005,656.4037721353319,2.2003441799058487,445.27923823147125,0,0,0,0,0,10,4,15,100,100
SHORTEST_PULSE,310005,656.4037721353319,2.2003441799058487,445.27923823147125,0,0,0,0,0,10,4,15,100,100
METROLOGY_CONDITIONED_EIG,310005,656.4037721353319,2.2003441799058487,445.27923823147125,0,0,0,0,0,10,4,15,100,100
NO_PASSIVE,310006,172.74296895138,2.2322377953667325,445.27923823147125,0,0,0,0,0,10,4,15,100,100
RANDOM,310006,172.74296895138,2.2322377953667325,445.27923823147125,0,0,0,0,0,10,4,15,100,100
HIGHEST_SNR,310006,172.74296895138,2.2322377953667325,445.27923823147125,0,0,0,0,0,10,4,15,100,100
SHORTEST_PULSE,310006,172.74296895138,2.2322377953667325,445.27923823147125,0,0,0,0,0,10,4,15,100,100
METROLOGY_CONDITIONED_EIG,310006,172.74296895138,2.2322377953667325,445.27923823147125,0,0,0,0,0,10,4,15,100,100
NO_PASSIVE,310007,444.54343804125807,1.0712969279367375,445.27923823147125,0,0,0,0,2,10,4,15,100,100
RANDOM,310007,142.90314677970773,1.0769957426796473,320.50714932880055,2,0,0,0,2,10,4,15,100,100
HIGHEST_SNR,310007,142.90314677970773,1.0769957426796473,320.50714932880055,2,0,0,0,2,10,4,15,100,100
SHORTEST_PULSE,310007,142.90314677970773,1.0769957426796473,320.50714932880055,2,0,0,0,2,10,4,15,100,100
METROLOGY_CONDITIONED_EIG,310007,142.90314677970773,1.0769957426796473,320.50714932880055,2,0,0,0,2,10,4,15,100,100
NO_PASSIVE,310008,511.57361847990387,1.5897123346055433,445.27923823147125,0,0,0,0,57,10,4,15,100,100
RANDOM,310008,30.98431483524064,2.6091753880296937,84.64106685936133,23,1,0,0,57,10,4,15,100,100
HIGHEST_SNR,310008,24.30832141272294,2.168392450788035,80.47465415484047,24,0,0,0,57,10,4,15,100,100
SHORTEST_PULSE,310008,73.35085168138927,2.1803165254766186,140.04334507259742,24,0,0,0,57,10,4,15,100,100
METROLOGY_CONDITIONED_EIG,310008,59.96637443553511,2.558890217328614,81.23943655013068,24,0,0,0,57,10,4,15,100,100
NO_PASSIVE,310009,63.77240312330883,3.1392215370238348,445.27923823147125,0,0,0,0,19,10,4,15,100,100
RANDOM,310009,61.27798382239911,2.834316831082885,88.53411248481531,14,0,0,0,19,10,4,15,100,100
HIGHEST_SNR,310009,34.409120279298314,2.994404888287022,98.41136401989762,14,0,0,0,19,10,4,15,100,100
SHORTEST_PULSE,310009,34.409120279298314,2.994404888287022,98.41136401989762,14,0,0,0,19,10,4,15,100,100
METROLOGY_CONDITIONED_EIG,310009,95.3462729176264,3.0557027162988946,86.51227992982108,14,0,0,0,19,10,4,15,100,100
NO_PASSIVE,310010,361.680536967724,0.36681683706637136,445.27923823147125,0,0,0,0,4,10,4,15,100,100
RANDOM,310010,21.403341509497277,0.5689578633898984,107.27931066330791,4,0,0,0,4,10,4,15,100,100
HIGHEST_SNR,310010,21.403341509497277,0.5689578633898984,107.27931066330791,4,0,0,0,4,10,4,15,100,100
SHORTEST_PULSE,310010,21.403341509497277,0.5689578633898984,107.27931066330791,4,0,0,0,4,10,4,15,100,100
METROLOGY_CONDITIONED_EIG,310010,21.403341509497277,0.5689578633898984,107.27931066330791,4,0,0,0,4,10,4,15,100,100
NO_PASSIVE,310011,207.00320910341136,1.675542162121027,445.27923823147125,0,0,0,0,30,10,4,15,100,100
RANDOM,310011,85.21117064308608,0.8871783178691892,64.86970150670665,30,0,0,0,30,10,4,15,100,100
HIGHEST_SNR,310011,85.21117064308608,0.8871783178691892,64.86970150670665,30,0,0,0,30,10,4,15,100,100
SHORTEST_PULSE,310011,85.21117064308608,0.8871783178691892,64.86970150670665,30,0,0,0,30,10,4,15,100,100
METROLOGY_CONDITIONED_EIG,310011,85.21117064308608,0.8871783178691892,64.86970150670665,30,0,0,0,30,10,4,15,100,100
NO_PASSIVE,310012,589.7108216386604,3.057983193217218,445.27923823147125,0,0,0,0,2,10,4,15,100,100
RANDOM,310012,186.5115686659034,2.8903917654697624,130.3158083882208,2,0,0,0,2,10,4,15,100,100
HIGHEST_SNR,310012,186.5115686659034,2.8903917654697624,130.3158083882208,2,0,0,0,2,10,4,15,100,100
SHORTEST_PULSE,310012,186.5115686659034,2.8903917654697624,130.3158083882208,2,0,0,0,2,10,4,15,100,100
METROLOGY_CONDITIONED_EIG,310012,186.5115686659034,2.8903917654697624,130.3158083882208,2,0,0,0,2,10,4,15,100,100
NO_PASSIVE,310013,179.10619428132108,2.415615329853188,445.27923823147125,0,0,0,0,0,10,4,15,100,100
RANDOM,310013,179.10619428132108,2.415615329853188,445.27923823147125,0,0,0,0,0,10,4,15,100,100
HIGHEST_SNR,310013,179.10619428132108,2.415615329853188,445.27923823147125,0,0,0,0,0,10,4,15,100,100
SHORTEST_PULSE,310013,179.10619428132108,2.415615329853188,445.27923823147125,0,0,0,0,0,10,4,15,100,100
METROLOGY_CONDITIONED_EIG,310013,179.10619428132108,2.415615329853188,445.27923823147125,0,0,0,0,0,10,4,15,100,100
NO_PASSIVE,310014,82.51837116659696,2.875763630199996,445.27923823147125,0,0,0,0,2,10,4,15,100,100
RANDOM,310014,89.72169988791961,3.0160417035609486,207.9615912066157,2,0,0,0,2,10,4,15,100,100
HIGHEST_SNR,310014,89.72169988791961,3.0160417035609486,207.9615912066157,2,0,0,0,2,10,4,15,100,100
SHORTEST_PULSE,310014,89.72169988791961,3.0160417035609486,207.9615912066157,2,0,0,0,2,10,4,15,100,100
METROLOGY_CONDITIONED_EIG,310014,89.72169988791961,3.0160417035609486,207.9615912066157,2,0,0,0,2,10,4,15,100,100
NO_PASSIVE,310015,492.5440542848354,1.9828061597230617,445.27923823147125,0,0,0,0,57,10,4,15,100,100
RANDOM,310015,46.507888964239726,1.3768348499755498,52.98424113251309,32,1,0,0,57,10,4,15,100,100
HIGHEST_SNR,310015,49.133289631840306,2.172551353785935,50.67786782895896,32,1,0,0,57,10,4,15,100,100
SHORTEST_PULSE,310015,52.408502430427376,1.4982626032998843,51.177130435630175,33,0,0,0,57,10,4,15,100,100
METROLOGY_CONDITIONED_EIG,310015,47.521054783411714,1.51123588040137,49.928176296999744,33,0,0,0,57,10,4,15,100,100
NO_PASSIVE,310016,658.8773009620043,1.5961244232522138,445.27923823147125,0,0,0,0,0,10,4,15,100,100
RANDOM,310016,658.8773009620043,1.5961244232522138,445.27923823147125,0,0,0,0,0,10,4,15,100,100
HIGHEST_SNR,310016,658.8773009620043,1.5961244232522138,445.27923823147125,0,0,0,0,0,10,4,15,100,100
SHORTEST_PULSE,310016,658.8773009620043,1.5961244232522138,445.27923823147125,0,0,0,0,0,10,4,15,100,100
METROLOGY_CONDITIONED_EIG,310016,658.8773009620043,1.5961244232522138,445.27923823147125,0,0,0,0,0,10,4,15,100,100
NO_PASSIVE,310017,588.9747410819485,2.4932064236305322,445.27923823147125,0,0,0,0,11,10,4,15,100,100
RANDOM,310017,75.58661277620642,2.2431938490372616,135.54897661155348,11,0,0,0,11,10,4,15,100,100
HIGHEST_SNR,310017,75.58661277620642,2.2431938490372616,135.54897661155348,11,0,0,0,11,10,4,15,100,100
SHORTEST_PULSE,310017,75.58661277620642,2.2431938490372616,135.54897661155348,11,0,0,0,11,10,4,15,100,100
METROLOGY_CONDITIONED_EIG,310017,75.58661277620642,2.2431938490372616,135.54897661155348,11,0,0,0,11,10,4,15,100,100
NO_PASSIVE,310018,1300.807030534886,2.5701370700595376,445.27923823147125,0,0,0,0,0,10,4,15,100,100
RANDOM,310018,1300.807030534886,2.5701370700595376,445.27923823147125,0,0,0,0,0,10,4,15,100,100
HIGHEST_SNR,310018,1300.807030534886,2.5701370700595376,445.27923823147125,0,0,0,0,0,10,4,15,100,100
SHORTEST_PULSE,310018,1300.807030534886,2.5701370700595376,445.27923823147125,0,0,0,0,0,10,4,15,100,100
METROLOGY_CONDITIONED_EIG,310018,1300.807030534886,2.5701370700595376,445.27923823147125,0,0,0,0,0,10,4,15,100,100
NO_PASSIVE,310019,241.95881724087914,2.086662126733551,445.27923823147125,0,0,0,0,13,10,4,15,100,100
RANDOM,310019,75.69563823659117,0.667201145534842,166.2002098740006,13,0,0,0,13,10,4,15,100,100
HIGHEST_SNR,310019,75.69563823659117,0.667201145534842,166.2002098740006,13,0,0,0,13,10,4,15,100,100
SHORTEST_PULSE,310019,75.69563823659117,0.667201145534842,166.2002098740006,13,0,0,0,13,10,4,15,100,100
METROLOGY_CONDITIONED_EIG,310019,75.69563823659117,0.667201145534842,166.2002098740006,13,0,0,0,13,10,4,15,100,100
NO_PASSIVE,310020,656.7346532173771,0.6069296961117058,445.27923823147125,0,0,0,0,14,10,4,15,100,100
RANDOM,310020,601.913398329081,0.8902762669898079,317.1080951999125,14,0,0,0,14,10,4,15,100,100
HIGHEST_SNR,310020,601.913398329081,0.8902762669898079,317.1080951999125,14,0,0,0,14,10,4,15,100,100
SHORTEST_PULSE,310020,601.913398329081,0.8902762669898079,317.1080951999125,14,0,0,0,14,10,4,15,100,100
METROLOGY_CONDITIONED_EIG,310020,601.913398329081,0.8902762669898079,317.1080951999125,14,0,0,0,14,10,4,15,100,100
NO_PASSIVE,310021,474.14436634354666,2.1919758795219457,445.27923823147125,0,0,0,0,4,10,4,15,100,100
RANDOM,310021,94.37518575580425,1.972589272508663,118.54575090981974,4,0,0,0,4,10,4,15,100,100
HIGHEST_SNR,310021,94.37518575580425,1.972589272508663,118.54575090981974,4,0,0,0,4,10,4,15,100,100
SHORTEST_PULSE,310021,94.37518575580425,1.972589272508663,118.54575090981974,4,0,0,0,4,10,4,15,100,100
METROLOGY_CONDITIONED_EIG,310021,94.37518575580425,1.972589272508663,118.54575090981974,4,0,0,0,4,10,4,15,100,100
NO_PASSIVE,310022,566.0369341776219,1.6278638064720143,445.27923823147125,0,0,0,0,7,10,4,15,100,100
RANDOM,310022,402.06665148020346,1.638683343376851,316.444542868325,6,0,0,0,7,10,4,15,100,100
HIGHEST_SNR,310022,402.06665148020346,1.638683343376851,316.444542868325,6,0,0,0,7,10,4,15,100,100
SHORTEST_PULSE,310022,279.38765230900054,1.5032625937040305,228.75557719096463,6,0,0,0,7,10,4,15,100,100
METROLOGY_CONDITIONED_EIG,310022,279.38765230900054,1.5032625937040305,228.75557719096463,6,0,0,0,7,10,4,15,100,100
NO_PASSIVE,310023,357.41493630787016,3.9839464522599437,445.27923823147125,0,0,0,0,1,10,4,15,100,100
RANDOM,310023,354.85664672764,4.040086719797434,321.20514406630224,1,0,0,0,1,10,4,15,100,100
HIGHEST_SNR,310023,354.85664672764,4.040086719797434,321.20514406630224,1,0,0,0,1,10,4,15,100,100
SHORTEST_PULSE,310023,354.85664672764,4.040086719797434,321.20514406630224,1,0,0,0,1,10,4,15,100,100
METROLOGY_CONDITIONED_EIG,310023,354.85664672764,4.040086719797434,321.20514406630224,1,0,0,0,1,10,4,15,100,100
NO_PASSIVE,310024,307.30884188672957,3.31192045155673,445.27923823147125,0,0,0,0,10,10,4,15,100,100
RANDOM,310024,97.23064625340147,3.2121084168442,316.35963179303906,10,0,0,0,10,10,4,15,100,100
HIGHEST_SNR,310024,97.23064625340147,3.2121084168442,316.35963179303906,10,0,0,0,10,10,4,15,100,100
SHORTEST_PULSE,310024,97.23064625340147,3.2121084168442,316.35963179303906,10,0,0,0,10,10,4,15,100,100
METROLOGY_CONDITIONED_EIG,310024,97.23064625340147,3.2121084168442,316.35963179303906,10,0,0,0,10,10,4,15,100,100
NO_PASSIVE,310025,491.679504610018,1.2235831501283316,445.27923823147125,0,0,0,0,30,10,4,15,100,100
RANDOM,310025,60.01810808297912,1.4438226336109108,61.246590682059285,23,1,0,0,30,10,4,15,100,100
HIGHEST_SNR,310025,728.6480837358388,1.7288094445513669,310.4202200194568,23,1,0,0,30,10,4,15,100,100
SHORTEST_PULSE,310025,20.601705212488863,1.0097744774911817,55.09167709727578,23,1,0,0,30,10,4,15,100,100
METROLOGY_CONDITIONED_EIG,310025,18.528084581926738,1.0060838499484237,55.31947045790186,23,1,0,0,30,10,4,15,100,100
NO_PASSIVE,310026,899.7206509117794,1.5792790661252691,445.27923823147125,0,0,0,0,0,10,4,15,100,100
RANDOM,310026,899.7206509117794,1.5792790661252691,445.27923823147125,0,0,0,0,0,10,4,15,100,100
HIGHEST_SNR,310026,899.7206509117794,1.5792790661252691,445.27923823147125,0,0,0,0,0,10,4,15,100,100
SHORTEST_PULSE,310026,899.7206509117794,1.5792790661252691,445.27923823147125,0,0,0,0,0,10,4,15,100,100
METROLOGY_CONDITIONED_EIG,310026,899.7206509117794,1.5792790661252691,445.27923823147125,0,0,0,0,0,10,4,15,100,100
NO_PASSIVE,310027,128.46446359910482,2.4149096383305593,445.27923823147125,0,0,0,0,0,10,4,15,100,100
RANDOM,310027,128.46446359910482,2.4149096383305593,445.27923823147125,0,0,0,0,0,10,4,15,100,100
HIGHEST_SNR,310027,128.46446359910482,2.4149096383305593,445.27923823147125,0,0,0,0,0,10,4,15,100,100
SHORTEST_PULSE,310027,128.46446359910482,2.4149096383305593,445.27923823147125,0,0,0,0,0,10,4,15,100,100
METROLOGY_CONDITIONED_EIG,310027,128.46446359910482,2.4149096383305593,445.27923823147125,0,0,0,0,0,10,4,15,100,100
NO_PASSIVE,310028,40.778852418436486,3.5220077869268764,445.27923823147125,0,0,0,0,23,10,4,15,100,100
RANDOM,310028,36.51113230931329,3.6492051869327846,324.6697299582661,23,0,0,0,23,10,4,15,100,100
HIGHEST_SNR,310028,36.51113230931329,3.6492051869327846,324.6697299582661,23,0,0,0,23,10,4,15,100,100
SHORTEST_PULSE,310028,36.51113230931329,3.6492051869327846,324.6697299582661,23,0,0,0,23,10,4,15,100,100
METROLOGY_CONDITIONED_EIG,310028,36.51113230931329,3.6492051869327846,324.6697299582661,23,0,0,0,23,10,4,15,100,100
NO_PASSIVE,310029,547.1981848941824,1.234015028091905,445.27923823147125,0,0,0,0,7,10,4,15,100,100
RANDOM,310029,321.8386373060006,1.0973536652369316,317.91291438676785,7,0,0,0,7,10,4,15,100,100
HIGHEST_SNR,310029,321.8386373060006,1.0973536652369316,317.91291438676785,7,0,0,0,7,10,4,15,100,100
SHORTEST_PULSE,310029,321.8386373060006,1.0973536652369316,317.91291438676785,7,0,0,0,7,10,4,15,100,100
METROLOGY_CONDITIONED_EIG,310029,321.8386373060006,1.0973536652369316,317.91291438676785,7,0,0,0,7,10,4,15,100,100
NO_PASSIVE,311000,158.8696406281858,2.8987419603878073,445.27923823147125,0,0,0,0,72,11,4,15,1000,30
RANDOM,311000,12.827106508516488,0.4823561585288147,25.948553899943157,48,0,0,0,72,11,4,15,1000,30
HIGHEST_SNR,311000,9.658377237348175,0.2337604591010734,29.034596170797048,47,1,0,0,72,11,4,15,1000,30
SHORTEST_PULSE,311000,2.0262054574835475,0.06800076475291005,24.546149922301883,48,0,0,0,72,11,4,15,1000,30
METROLOGY_CONDITIONED_EIG,311000,1.5659824780183262,0.053279448428197096,24.655554763894102,48,0,0,0,72,11,4,15,1000,30
NO_PASSIVE,311001,206.5636627815437,1.083040776027603,445.27923823147125,0,0,0,0,13,11,4,15,1000,30
RANDOM,311001,170.35702171951365,0.9827808337827307,314.8155521567667,13,0,0,0,13,11,4,15,1000,30
HIGHEST_SNR,311001,170.35702171951365,0.9827808337827307,314.8155521567667,13,0,0,0,13,11,4,15,1000,30
SHORTEST_PULSE,311001,170.35702171951365,0.9827808337827307,314.8155521567667,13,0,0,0,13,11,4,15,1000,30
METROLOGY_CONDITIONED_EIG,311001,170.35702171951365,0.9827808337827307,314.8155521567667,13,0,0,0,13,11,4,15,1000,30
NO_PASSIVE,311002,439.49131415816186,4.159424505696517,445.27923823147125,0,0,0,0,44,11,4,15,1000,30
RANDOM,311002,49.09713531413227,1.3741443132518434,63.901583370357145,33,1,0,0,44,11,4,15,1000,30
HIGHEST_SNR,311002,57.74968441265992,1.7752272940542968,62.77349316997418,33,1,0,0,44,11,4,15,1000,30
SHORTEST_PULSE,311002,65.64892419689842,2.0895683620715815,75.12244058009202,33,1,0,0,44,11,4,15,1000,30
METROLOGY_CONDITIONED_EIG,311002,59.300736770467296,1.649418565318889,62.75837592897943,33,1,0,0,44,11,4,15,1000,30
NO_PASSIVE,311003,516.6693558087844,0.5263520403299085,445.27923823147125,0,0,0,0,48,11,4,15,1000,30
RANDOM,311003,10.857138794667692,0.32150062483085634,60.81228610871658,48,0,0,0,48,11,4,15,1000,30
HIGHEST_SNR,311003,10.857138794667692,0.32150062483085634,60.81228610871658,48,0,0,0,48,11,4,15,1000,30
SHORTEST_PULSE,311003,10.857138794667692,0.32150062483085634,60.81228610871658,48,0,0,0,48,11,4,15,1000,30
METROLOGY_CONDITIONED_EIG,311003,10.857138794667692,0.32150062483085634,60.81228610871658,48,0,0,0,48,11,4,15,1000,30
NO_PASSIVE,311004,437.85055923224917,1.5513759098367688,445.27923823147125,0,0,0,0,17,11,4,15,1000,30
RANDOM,311004,452.2782723279683,1.6004886824914872,313.9063962375556,17,0,0,0,17,11,4,15,1000,30
HIGHEST_SNR,311004,452.2782723279683,1.6004886824914872,313.9063962375556,17,0,0,0,17,11,4,15,1000,30
SHORTEST_PULSE,311004,452.2782723279683,1.6004886824914872,313.9063962375556,17,0,0,0,17,11,4,15,1000,30
METROLOGY_CONDITIONED_EIG,311004,452.2782723279683,1.6004886824914872,313.9063962375556,17,0,0,0,17,11,4,15,1000,30
NO_PASSIVE,311005,162.9987074697193,0.923752349287908,445.27923823147125,0,0,0,0,68,11,4,15,1000,30
RANDOM,311005,28.225751030022835,0.5669905691325466,35.3635593347832,43,0,0,0,68,11,4,15,1000,30
HIGHEST_SNR,311005,25.87699776288222,1.0204140627892317,76.38788925709673,43,0,0,0,68,11,4,15,1000,30
SHORTEST_PULSE,311005,27.47096854150367,0.9163307536000016,57.127662211197936,43,0,0,0,68,11,4,15,1000,30
METROLOGY_CONDITIONED_EIG,311005,20.019228483793103,0.47607722139750847,32.83800773220141,43,0,0,0,68,11,4,15,1000,30
NO_PASSIVE,311006,407.9516901177799,1.5869464822495478,445.27923823147125,0,0,0,0,46,11,4,15,1000,30
RANDOM,311006,21.899747517690198,0.5761938041007945,37.79726599487881,45,1,0,0,46,11,4,15,1000,30
HIGHEST_SNR,311006,21.899747517690198,0.5761938041007945,37.79726599487881,45,1,0,0,46,11,4,15,1000,30
SHORTEST_PULSE,311006,21.899747517690198,0.5761938041007945,37.79726599487881,45,1,0,0,46,11,4,15,1000,30
METROLOGY_CONDITIONED_EIG,311006,21.899747517690198,0.5761938041007945,37.79726599487881,45,1,0,0,46,11,4,15,1000,30
NO_PASSIVE,311007,471.2793214355018,2.9410330700590506,445.27923823147125,0,0,0,0,45,11,4,15,1000,30
RANDOM,311007,10.941621378916928,0.35759787729565295,23.412420049362282,37,0,0,0,45,11,4,15,1000,30
HIGHEST_SNR,311007,13.581194631695539,0.38807477273042995,24.187055840726806,37,0,0,0,45,11,4,15,1000,30
SHORTEST_PULSE,311007,11.393576287094326,0.4241841378540415,23.35542695776241,37,0,0,0,45,11,4,15,1000,30
METROLOGY_CONDITIONED_EIG,311007,11.79550516187268,0.36900560281351813,23.42104609685847,37,0,0,0,45,11,4,15,1000,30
NO_PASSIVE,311008,563.0440103761277,1.684256914385317,445.27923823147125,0,0,0,0,45,11,4,15,1000,30
RANDOM,311008,58.53103953829387,0.9517189967716754,64.75153647379163,38,2,0,0,45,11,4,15,1000,30
HIGHEST_SNR,311008,75.96095811539318,0.8488178186766882,65.14408136049941,39,1,0,0,45,11,4,15,1000,30
SHORTEST_PULSE,311008,75.96095811539318,0.8488178186766882,65.14408136049941,39,1,0,0,45,11,4,15,1000,30
METROLOGY_CONDITIONED_EIG,311008,34.92064895262151,0.8927617525224306,63.631049182085576,39,1,0,0,45,11,4,15,1000,30
NO_PASSIVE,311009,628.0338185822927,0.7594071961350494,445.27923823147125,0,0,0,0,91,11,4,15,1000,30
RANDOM,311009,37.98343115172296,0.5131271685192548,30.5938630859361,47,1,0,0,91,11,4,15,1000,30
HIGHEST_SNR,311009,32.00417563567191,0.5634459713492052,26.000500663125706,48,0,0,0,91,11,4,15,1000,30
SHORTEST_PULSE,311009,23.54863989612726,0.4523536561093219,26.63341505716657,48,0,0,0,91,11,4,15,1000,30
METROLOGY_CONDITIONED_EIG,311009,32.00417563567191,0.5634459713492052,26.000500663125706,48,0,0,0,91,11,4,15,1000,30
NO_PASSIVE,311010,493.0257160803163,2.335179773634114,445.27923823147125,0,0,0,0,44,11,4,15,1000,30
RANDOM,311010,9.984068303571416,0.3648095983894128,25.06905236432841,43,1,0,0,44,11,4,15,1000,30
HIGHEST_SNR,311010,9.984068303571416,0.3648095983894128,25.06905236432841,43,1,0,0,44,11,4,15,1000,30
SHORTEST_PULSE,311010,9.984068303571416,0.3648095983894128,25.06905236432841,43,1,0,0,44,11,4,15,1000,30
METROLOGY_CONDITIONED_EIG,311010,9.984068303571416,0.3648095983894128,25.06905236432841,43,1,0,0,44,11,4,15,1000,30
NO_PASSIVE,311011,360.69618611675224,1.0248969486701462,445.27923823147125,0,0,0,0,69,11,4,15,1000,30
RANDOM,311011,8.979237991918728,0.6118874670591107,17.361403947374573,36,0,0,0,69,11,4,15,1000,30
HIGHEST_SNR,311011,21.146156223739933,0.3600673048739974,25.192960180118188,36,0,0,0,69,11,4,15,1000,30
SHORTEST_PULSE,311011,1.313540146616844,0.10526635117920666,16.87953422573306,36,0,0,0,69,11,4,15,1000,30
METROLOGY_CONDITIONED_EIG,311011,5.966889790517087,0.07196750129677018,16.810196520642034,36,0,0,0,69,11,4,15,1000,30
NO_PASSIVE,311012,1096.9540472617582,3.466702876453271,445.27923823147125,0,0,0,0,42,11,4,15,1000,30
RANDOM,311012,1065.2383370495834,2.240024193163616,315.34359111764104,22,17,0,0,42,11,4,15,1000,30
HIGHEST_SNR,311012,1065.2383370495834,2.240024193163616,315.34359111764104,22,17,0,0,42,11,4,15,1000,30
SHORTEST_PULSE,311012,1065.5084475744318,2.2429204507603906,315.3681080184794,20,19,0,0,42,11,4,15,1000,30
METROLOGY_CONDITIONED_EIG,311012,1065.5084475744318,2.2429204507603906,315.3681080184794,20,19,0,0,42,11,4,15,1000,30
NO_PASSIVE,311013,674.6613315345438,2.5553562839174675,445.27923823147125,0,0,0,0,71,11,4,15,1000,30
RANDOM,311013,48.14393242550664,0.6810184453486943,42.747973946290465,57,3,0,0,71,11,4,15,1000,30
HIGHEST_SNR,311013,56.548017041961316,0.8240020160022832,45.73449035234343,57,3,0,0,71,11,4,15,1000,30
SHORTEST_PULSE,311013,56.548017041961316,0.8240020160022832,45.73449035234343,57,3,0,0,71,11,4,15,1000,30
METROLOGY_CONDITIONED_EIG,311013,17.45557288973344,0.07087206601863258,41.587283006537554,58,2,0,0,71,11,4,15,1000,30
NO_PASSIVE,311014,350.28145611227364,1.302127373933092,445.27923823147125,0,0,0,0,61,11,4,15,1000,30
RANDOM,311014,9.328771282297707,0.1236311379467099,24.61274203957623,44,0,0,0,61,11,4,15,1000,30
HIGHEST_SNR,311014,6.905612066852991,0.10607727625365687,24.222381657570597,44,0,0,0,61,11,4,15,1000,30
SHORTEST_PULSE,311014,17.65667595718017,0.8484739142101813,28.11620370249335,44,0,0,0,61,11,4,15,1000,30
METROLOGY_CONDITIONED_EIG,311014,13.490093763803086,0.29133753087060466,23.29152072156726,44,0,0,0,61,11,4,15,1000,30
NO_PASSIVE,311015,189.7725631455561,0.6005929000353362,445.27923823147125,0,0,0,0,57,11,4,15,1000,30
RANDOM,311015,13.621019532929859,0.05639823884924905,42.44043516956328,48,0,0,0,57,11,4,15,1000,30
HIGHEST_SNR,311015,40.99564276662573,1.5803362150244538,49.854746425193845,48,0,0,0,57,11,4,15,1000,30
SHORTEST_PULSE,311015,22.075637932444284,0.5399284178551396,38.658806771345034,48,0,0,0,57,11,4,15,1000,30
METROLOGY_CONDITIONED_EIG,311015,23.008016958766845,0.6255405663308833,38.71175696834623,48,0,0,0,57,11,4,15,1000,30
NO_PASSIVE,311016,399.27054692389976,1.093870194875869,445.27923823147125,0,0,0,0,0,11,4,15,1000,30
RANDOM,311016,399.27054692389976,1.093870194875869,445.27923823147125,0,0,0,0,0,11,4,15,1000,30
HIGHEST_SNR,311016,399.27054692389976,1.093870194875869,445.27923823147125,0,0,0,0,0,11,4,15,1000,30
SHORTEST_PULSE,311016,399.27054692389976,1.093870194875869,445.27923823147125,0,0,0,0,0,11,4,15,1000,30
METROLOGY_CONDITIONED_EIG,311016,399.27054692389976,1.093870194875869,445.27923823147125,0,0,0,0,0,11,4,15,1000,30
NO_PASSIVE,311017,420.14816368003267,1.0813615169686912,445.27923823147125,0,0,0,0,72,11,4,15,1000,30
RANDOM,311017,71.71217921794845,0.5002634803242624,90.76047236058206,36,0,0,0,72,11,4,15,1000,30
HIGHEST_SNR,311017,27.222382360359514,1.040031061449692,100.52175954566465,36,0,0,0,72,11,4,15,1000,30
SHORTEST_PULSE,311017,13.691640830914151,0.52670295273767,98.01581541378654,36,0,0,0,72,11,4,15,1000,30
METROLOGY_CONDITIONED_EIG,311017,45.408355125035044,0.3208053764852046,78.63235366005767,36,0,0,0,72,11,4,15,1000,30
NO_PASSIVE,311018,420.2254735457904,0.8309551291292004,445.27923823147125,0,0,0,0,8,11,4,15,1000,30
RANDOM,311018,388.29144782706095,0.8303374311435232,314.36217940688294,8,0,0,0,8,11,4,15,1000,30
HIGHEST_SNR,311018,388.29144782706095,0.8303374311435232,314.36217940688294,8,0,0,0,8,11,4,15,1000,30
SHORTEST_PULSE,311018,388.29144782706095,0.8303374311435232,314.36217940688294,8,0,0,0,8,11,4,15,1000,30
METROLOGY_CONDITIONED_EIG,311018,388.29144782706095,0.8303374311435232,314.36217940688294,8,0,0,0,8,11,4,15,1000,30
NO_PASSIVE,311019,273.8539247706573,3.5669493396445753,445.27923823147125,0,0,0,0,76,11,4,15,1000,30
RANDOM,311019,3.629504670217935,0.3593080610309232,22.126343516050543,47,0,0,0,76,11,4,15,1000,30
HIGHEST_SNR,311019,89.2719842388543,1.943117806390205,61.722969103121144,47,0,0,0,76,11,4,15,1000,30
SHORTEST_PULSE,311019,21.182052993952155,0.8013464447095355,22.324850346047345,47,0,0,0,76,11,4,15,1000,30
METROLOGY_CONDITIONED_EIG,311019,17.302671383263565,0.41021688295633646,18.539453911175592,47,0,0,0,76,11,4,15,1000,30
NO_PASSIVE,311020,202.72457350098162,1.8863538550839865,445.27923823147125,0,0,0,0,21,11,4,15,1000,30
RANDOM,311020,214.78049287846056,1.8932865005188262,313.37812735091086,21,0,0,0,21,11,4,15,1000,30
HIGHEST_SNR,311020,214.78049287846056,1.8932865005188262,313.37812735091086,21,0,0,0,21,11,4,15,1000,30
SHORTEST_PULSE,311020,214.78049287846056,1.8932865005188262,313.37812735091086,21,0,0,0,21,11,4,15,1000,30
METROLOGY_CONDITIONED_EIG,311020,214.78049287846056,1.8932865005188262,313.37812735091086,21,0,0,0,21,11,4,15,1000,30
NO_PASSIVE,311021,355.35923204607485,1.5381738055084673,445.27923823147125,0,0,0,0,18,11,4,15,1000,30
RANDOM,311021,68.04301021187183,2.145518403138062,316.87628332173347,18,0,0,0,18,11,4,15,1000,30
HIGHEST_SNR,311021,68.04301021187183,2.145518403138062,316.87628332173347,18,0,0,0,18,11,4,15,1000,30
SHORTEST_PULSE,311021,68.04301021187183,2.145518403138062,316.87628332173347,18,0,0,0,18,11,4,15,1000,30
METROLOGY_CONDITIONED_EIG,311021,68.04301021187183,2.145518403138062,316.87628332173347,18,0,0,0,18,11,4,15,1000,30
NO_PASSIVE,311022,386.55714786696905,1.1019695206399338,445.27923823147125,0,0,0,0,36,11,4,15,1000,30
RANDOM,311022,35.415408412577,0.8299834676454866,22.5156938117411,33,1,0,0,36,11,4,15,1000,30
HIGHEST_SNR,311022,38.55332035277302,0.8682687998001699,24.057179709140875,33,1,0,0,36,11,4,15,1000,30
SHORTEST_PULSE,311022,38.55332035277302,0.8682687998001699,24.057179709140875,33,1,0,0,36,11,4,15,1000,30
METROLOGY_CONDITIONED_EIG,311022,33.591801432804495,0.9525907314616429,23.776391086788003,33,1,0,0,36,11,4,15,1000,30
NO_PASSIVE,311023,167.76075929637955,0.963321104288003,445.27923823147125,0,0,0,0,48,11,4,15,1000,30
RANDOM,311023,160.21054235890125,1.052270310789366,94.47585982781911,36,0,0,0,48,11,4,15,1000,30
HIGHEST_SNR,311023,195.50113444353386,1.4543205266598127,92.53365607456224,36,0,0,0,48,11,4,15,1000,30
SHORTEST_PULSE,311023,195.50113444353386,1.4543205266598127,92.53365607456224,36,0,0,0,48,11,4,15,1000,30
METROLOGY_CONDITIONED_EIG,311023,197.99990267518544,1.3744068945670977,93.47538270637412,36,0,0,0,48,11,4,15,1000,30
NO_PASSIVE,311024,537.9473501589774,1.7425178446781275,445.27923823147125,0,0,0,0,43,11,4,15,1000,30
RANDOM,311024,8.249090113179998,0.19993775375492362,31.505738498971738,43,0,0,0,43,11,4,15,1000,30
HIGHEST_SNR,311024,8.249090113179998,0.19993775375492362,31.505738498971738,43,0,0,0,43,11,4,15,1000,30
SHORTEST_PULSE,311024,8.249090113179998,0.19993775375492362,31.505738498971738,43,0,0,0,43,11,4,15,1000,30
METROLOGY_CONDITIONED_EIG,311024,8.249090113179998,0.19993775375492362,31.505738498971738,43,0,0,0,43,11,4,15,1000,30
NO_PASSIVE,311025,689.7234174717734,1.138887081554982,445.27923823147125,0,0,0,0,48,11,4,15,1000,30
RANDOM,311025,37.30960370470579,1.0712558156440133,33.44522724356186,36,0,0,0,48,11,4,15,1000,30
HIGHEST_SNR,311025,32.14296609337189,1.0632235475477874,34.331772859878384,36,0,0,0,48,11,4,15,1000,30
SHORTEST_PULSE,311025,41.26670294064975,1.1853959472184301,34.34899017380384,36,0,0,0,48,11,4,15,1000,30
METROLOGY_CONDITIONED_EIG,311025,44.33089286599756,1.725296535197293,33.37363776900782,36,0,0,0,48,11,4,15,1000,30
NO_PASSIVE,311026,218.61015509618682,1.1406364316371747,445.27923823147125,0,0,0,0,33,11,4,15,1000,30
RANDOM,311026,6.588448214802964,0.89591983343003,31.16988715225567,33,0,0,0,33,11,4,15,1000,30
HIGHEST_SNR,311026,6.588448214802964,0.89591983343003,31.16988715225567,33,0,0,0,33,11,4,15,1000,30
SHORTEST_PULSE,311026,6.588448214802964,0.89591983343003,31.16988715225567,33,0,0,0,33,11,4,15,1000,30
METROLOGY_CONDITIONED_EIG,311026,6.588448214802964,0.89591983343003,31.16988715225567,33,0,0,0,33,11,4,15,1000,30
NO_PASSIVE,311027,565.3177361303389,0.8769144799876044,445.27923823147125,0,0,0,0,22,11,4,15,1000,30
RANDOM,311027,24.81315194688854,1.373373721398532,34.29880400201852,20,0,0,0,22,11,4,15,1000,30
HIGHEST_SNR,311027,29.704451183309253,1.349846469188134,46.85358136771985,20,0,0,0,22,11,4,15,1000,30
SHORTEST_PULSE,311027,29.704451183309253,1.349846469188134,46.85358136771985,20,0,0,0,22,11,4,15,1000,30
METROLOGY_CONDITIONED_EIG,311027,24.81315194688854,1.373373721398532,34.29880400201852,20,0,0,0,22,11,4,15,1000,30
NO_PASSIVE,311028,424.2170057819194,1.6887705575269722,445.27923823147125,0,0,0,0,50,11,4,15,1000,30
RANDOM,311028,11.103851574334792,0.3110039596538124,61.36724180265304,34,0,0,0,50,11,4,15,1000,30
HIGHEST_SNR,311028,9.850542248674927,0.09553030937571161,79.37335794956242,34,0,0,0,50,11,4,15,1000,30
SHORTEST_PULSE,311028,22.639565202860368,0.3761235637045298,64.33697896265214,34,0,0,0,50,11,4,15,1000,30
METROLOGY_CONDITIONED_EIG,311028,16.93088722848121,0.3866698563459886,49.87357701557663,34,0,0,0,50,11,4,15,1000,30
NO_PASSIVE,311029,322.7531088697614,0.6308891315974682,445.27923823147125,0,0,0,0,70,11,4,15,1000,30
RANDOM,311029,3.33413464664442,0.2506003137661898,25.225805223333168,46,1,0,0,70,11,4,15,1000,30
HIGHEST_SNR,311029,7.9685530478608015,0.5124402433754789,24.851964048569762,46,1,0,0,70,11,4,15,1000,30
SHORTEST_PULSE,311029,7.9685530478608015,0.5124402433754789,24.851964048569762,46,1,0,0,70,11,4,15,1000,30
METROLOGY_CONDITIONED_EIG,311029,4.800485124428918,0.17423920458133937,24.454547562010422,46,1,0,0,70,11,4,15,1000,30
NO_PASSIVE,312000,311.4463730950631,0.2995256161828079,445.27923823147125,0,0,0,0,47,12,4,15,1000,100
RANDOM,312000,49.07983738969078,0.6292185941619185,70.8494347866427,24,0,0,0,47,12,4,15,1000,100
HIGHEST_SNR,312000,194.74477864592944,0.3513103500613146,314.0726334045253,24,0,0,0,47,12,4,15,1000,100
SHORTEST_PULSE,312000,194.74477864592944,0.3513103500613146,314.0726334045253,24,0,0,0,47,12,4,15,1000,100
METROLOGY_CONDITIONED_EIG,312000,44.899018961045954,0.1865982080943218,68.66842434040639,24,0,0,0,47,12,4,15,1000,100
NO_PASSIVE,312001,510.66147950454416,3.0606383890053035,445.27923823147125,0,0,0,0,44,12,4,15,1000,100
RANDOM,312001,538.2067922258914,1.4954275706496947,303.3068431829056,44,0,0,0,44,12,4,15,1000,100
HIGHEST_SNR,312001,538.2067922258914,1.4954275706496947,303.3068431829056,44,0,0,0,44,12,4,15,1000,100
SHORTEST_PULSE,312001,538.2067922258914,1.4954275706496947,303.3068431829056,44,0,0,0,44,12,4,15,1000,100
METROLOGY_CONDITIONED_EIG,312001,538.2067922258914,1.4954275706496947,303.3068431829056,44,0,0,0,44,12,4,15,1000,100
NO_PASSIVE,312002,560.29121881593,1.7003853342243906,445.27923823147125,0,0,0,0,53,12,4,15,1000,100
RANDOM,312002,10.729560811164706,0.6030421577234356,36.9183372401532,50,0,0,0,53,12,4,15,1000,100
HIGHEST_SNR,312002,11.14886279241288,0.5734757540937011,36.9193131228942,50,0,0,0,53,12,4,15,1000,100
SHORTEST_PULSE,312002,10.202998056262844,0.5883975688916538,36.62676990630474,50,0,0,0,53,12,4,15,1000,100
METROLOGY_CONDITIONED_EIG,312002,10.457028732058097,0.5665254291921553,36.628191023476255,50,0,0,0,53,12,4,15,1000,100
NO_PASSIVE,312003,183.46267386447295,0.3187309416204878,445.27923823147125,0,0,0,0,47,12,4,15,1000,100
RANDOM,312003,70.68898994785373,0.5111808367708571,101.54998072873134,34,1,0,0,47,12,4,15,1000,100
HIGHEST_SNR,312003,110.00939275294526,0.6018082843988789,116.68798535944958,33,2,0,0,47,12,4,15,1000,100
SHORTEST_PULSE,312003,54.37003973517754,0.14577002700869826,96.03524613537094,34,1,0,0,47,12,4,15,1000,100
METROLOGY_CONDITIONED_EIG,312003,65.65076780333443,0.6249399256231699,98.0415165552298,34,1,0,0,47,12,4,15,1000,100
NO_PASSIVE,312004,729.2070512941466,3.51777806593327,445.27923823147125,0,0,0,0,42,12,4,15,1000,100
RANDOM,312004,90.56520206250235,1.522764039896118,39.76501669584437,28,0,0,0,42,12,4,15,1000,100
HIGHEST_SNR,312004,90.23376760099387,1.507217696091553,39.54022807375957,28,0,0,0,42,12,4,15,1000,100
SHORTEST_PULSE,312004,89.68724183440486,2.0996180131617463,44.216034458112546,28,0,0,0,42,12,4,15,1000,100
METROLOGY_CONDITIONED_EIG,312004,84.79773496830565,1.4715087547702055,39.333667349628655,28,0,0,0,42,12,4,15,1000,100
NO_PASSIVE,312005,409.7421195561,3.173184218886253,445.27923823147125,0,0,0,0,58,12,4,15,1000,100
RANDOM,312005,70.72987011684259,1.6348183052638943,68.27104352512634,24,0,0,0,58,12,4,15,1000,100
HIGHEST_SNR,312005,172.5937274448937,2.9304220612504426,190.96339030032982,24,0,0,0,58,12,4,15,1000,100
SHORTEST_PULSE,312005,40.42202589105568,3.3285822389646604,120.94868871155907,24,0,0,0,58,12,4,15,1000,100
METROLOGY_CONDITIONED_EIG,312005,30.10325288439794,1.4368700579277474,50.921395636630905,24,0,0,0,58,12,4,15,1000,100
NO_PASSIVE,312006,598.1094663759018,4.174166417600759,445.27923823147125,0,0,0,0,44,12,4,15,1000,100
RANDOM,312006,41.45235967636296,1.2362939293348671,39.29671701859945,40,0,0,0,44,12,4,15,1000,100
HIGHEST_SNR,312006,17.0940077586136,0.7031228796355269,37.236260311471625,40,0,0,0,44,12,4,15,1000,100
SHORTEST_PULSE,312006,41.01216245644344,1.2916762593633377,39.40138597778119,40,0,0,0,44,12,4,15,1000,100
METROLOGY_CONDITIONED_EIG,312006,16.249749470938358,0.7286060230012366,36.994079590187006,40,0,0,0,44,12,4,15,1000,100
NO_PASSIVE,312007,290.8923994688242,3.756261432185545,445.27923823147125,0,0,0,0,70,12,4,15,1000,100
RANDOM,312007,164.73941047628145,3.588423251811113,192.48914978894834,46,1,0,0,70,12,4,15,1000,100
HIGHEST_SNR,312007,298.768130182042,3.7197490755320786,219.40886027470395,45,2,0,0,70,12,4,15,1000,100
SHORTEST_PULSE,312007,114.04881602768809,3.736819100217717,213.95503596346842,46,1,0,0,70,12,4,15,1000,100
METROLOGY_CONDITIONED_EIG,312007,117.68225829360135,3.4932517391920506,190.27890398989885,46,1,0,0,70,12,4,15,1000,100
NO_PASSIVE,312008,186.8786874680137,2.3258138998014024,445.27923823147125,0,0,0,0,31,12,4,15,1000,100
RANDOM,312008,83.41885835587614,1.9903491234797,58.1262620842175,23,0,0,0,31,12,4,15,1000,100
HIGHEST_SNR,312008,64.90356708194932,2.3549954173883396,65.3791041737129,22,1,0,0,31,12,4,15,1000,100
SHORTEST_PULSE,312008,86.04648841259701,1.8645974938838914,57.53507834628562,23,0,0,0,31,12,4,15,1000,100
METROLOGY_CONDITIONED_EIG,312008,96.77287146152668,2.257868758549244,58.56103681186298,23,0,0,0,31,12,4,15,1000,100
NO_PASSIVE,312009,303.7833697459691,2.7418321241364563,445.27923823147125,0,0,0,0,30,12,4,15,1000,100
RANDOM,312009,38.42602761854413,1.3515901297873274,45.18276951158208,30,0,0,0,30,12,4,15,1000,100
HIGHEST_SNR,312009,38.42602761854413,1.3515901297873274,45.18276951158208,30,0,0,0,30,12,4,15,1000,100
SHORTEST_PULSE,312009,38.42602761854413,1.3515901297873274,45.18276951158208,30,0,0,0,30,12,4,15,1000,100
METROLOGY_CONDITIONED_EIG,312009,38.42602761854413,1.3515901297873274,45.18276951158208,30,0,0,0,30,12,4,15,1000,100
NO_PASSIVE,312010,503.64789156777346,0.9294642450268074,445.27923823147125,0,0,0,0,56,12,4,15,1000,100
RANDOM,312010,45.53547175504926,1.70634894980275,29.15206931840117,40,0,0,0,56,12,4,15,1000,100
HIGHEST_SNR,312010,47.30221849575645,1.5889923153631955,29.23526752455955,40,0,0,0,56,12,4,15,1000,100
SHORTEST_PULSE,312010,7.342086139541312,0.7473283241923119,27.90316352335401,40,0,0,0,56,12,4,15,1000,100
METROLOGY_CONDITIONED_EIG,312010,45.80134225355328,1.462240823534207,27.09824694364329,40,0,0,0,56,12,4,15,1000,100
NO_PASSIVE,312011,91.3877939765737,1.7479792014191327,445.27923823147125,0,0,0,0,34,12,4,15,1000,100
RANDOM,312011,65.75742530128844,0.7031730022737592,53.10714804660862,23,1,0,0,34,12,4,15,1000,100
HIGHEST_SNR,312011,193.23700501355424,0.777949101621047,313.74090847454835,23,1,0,0,34,12,4,15,1000,100
SHORTEST_PULSE,312011,62.06347510321163,1.0235226504601405,52.42789689852508,23,1,0,0,34,12,4,15,1000,100
METROLOGY_CONDITIONED_EIG,312011,65.74489859326698,0.8081414975345026,53.131139191484806,23,1,0,0,34,12,4,15,1000,100
NO_PASSIVE,312012,451.4100652974926,3.360749493332902,445.27923823147125,0,0,0,0,45,12,4,15,1000,100
RANDOM,312012,57.47059057461247,1.3713510002130602,63.77031243251733,25,0,0,0,45,12,4,15,1000,100
HIGHEST_SNR,312012,109.9032422798658,2.7962233802332426,219.62648109848737,25,0,0,0,45,12,4,15,1000,100
SHORTEST_PULSE,312012,43.0438383968876,0.8795605389008186,53.67430001017417,25,0,0,0,45,12,4,15,1000,100
METROLOGY_CONDITIONED_EIG,312012,45.79027544811492,1.1513220034195961,54.455720063279124,25,0,0,0,45,12,4,15,1000,100
NO_PASSIVE,312013,736.2730286947119,1.3195769324526514,445.27923823147125,0,0,0,0,71,12,4,15,1000,100
RANDOM,312013,34.67782395656312,1.816735453861053,50.173595592728574,59,0,0,0,71,12,4,15,1000,100
HIGHEST_SNR,312013,22.544521758490113,1.1257185088842399,52.38043793261132,59,0,0,0,71,12,4,15,1000,100
SHORTEST_PULSE,312013,27.392217891791482,1.5343256836232735,49.33644110084992,59,0,0,0,71,12,4,15,1000,100
METROLOGY_CONDITIONED_EIG,312013,27.392217891791482,1.5343256836232735,49.33644110084992,59,0,0,0,71,12,4,15,1000,100
NO_PASSIVE,312014,621.5757573561636,2.0855379230705875,445.27923823147125,0,0,0,0,10,12,4,15,1000,100
RANDOM,312014,550.8040701841749,2.0124082755582746,314.15364403918426,10,0,0,0,10,12,4,15,1000,100
HIGHEST_SNR,312014,550.8040701841749,2.0124082755582746,314.15364403918426,10,0,0,0,10,12,4,15,1000,100
SHORTEST_PULSE,312014,550.8040701841749,2.0124082755582746,314.15364403918426,10,0,0,0,10,12,4,15,1000,100
METROLOGY_CONDITIONED_EIG,312014,550.8040701841749,2.0124082755582746,314.15364403918426,10,0,0,0,10,12,4,15,1000,100
NO_PASSIVE,312015,421.94395741693853,2.510883019151405,445.27923823147125,0,0,0,0,79,12,4,15,1000,100
RANDOM,312015,48.99069451579126,1.5100433965812448,36.30637646124471,55,2,0,0,79,12,4,15,1000,100
HIGHEST_SNR,312015,52.7857188738118,1.4957383950697263,35.84636468766559,55,2,0,0,79,12,4,15,1000,100
SHORTEST_PULSE,312015,52.0516782312436,1.4233538826018954,35.15301551128257,55,2,0,0,79,12,4,15,1000,100
METROLOGY_CONDITIONED_EIG,312015,55.4845522879764,1.6550472728770467,35.82474793793415,55,2,0,0,79,12,4,15,1000,100
NO_PASSIVE,312016,350.578515664356,1.2682987566169592,445.27923823147125,0,0,0,0,86,12,4,15,1000,100
RANDOM,312016,18.064376238072143,1.010161484453793,51.283629860268924,58,0,0,0,86,12,4,15,1000,100
HIGHEST_SNR,312016,10.393022390163182,0.38792502051706995,66.36030013262871,58,0,0,0,86,12,4,15,1000,100
SHORTEST_PULSE,312016,21.214506428498826,0.8615388545065515,47.16568550295382,58,0,0,0,86,12,4,15,1000,100
METROLOGY_CONDITIONED_EIG,312016,21.214506428498826,0.8615388545065515,47.16568550295382,58,0,0,0,86,12,4,15,1000,100
NO_PASSIVE,312017,67.31267253789704,1.1302203429001179,445.27923823147125,0,0,0,0,45,12,4,15,1000,100
RANDOM,312017,17.26890293877635,0.6593860562936159,23.854884150470525,34,0,0,0,45,12,4,15,1000,100
HIGHEST_SNR,312017,3.2566130506506568,0.19740988334352394,24.465665861293317,34,0,0,0,45,12,4,15,1000,100
SHORTEST_PULSE,312017,22.345610599388973,1.0185406486688684,23.964128705988582,34,0,0,0,45,12,4,15,1000,100
METROLOGY_CONDITIONED_EIG,312017,19.38812127797308,0.9800340611154931,23.06583605155576,34,0,0,0,45,12,4,15,1000,100
NO_PASSIVE,312018,401.13260621927674,1.361361101966574,445.27923823147125,0,0,0,0,10,12,4,15,1000,100
RANDOM,312018,84.04272281990178,1.1887861820519725,307.3487851480999,9,0,0,0,10,12,4,15,1000,100
HIGHEST_SNR,312018,84.04272281990178,1.1887861820519725,307.3487851480999,9,0,0,0,10,12,4,15,1000,100
SHORTEST_PULSE,312018,13.09869977239071,1.3496424935301017,310.6930333530654,9,0,0,0,10,12,4,15,1000,100
METROLOGY_CONDITIONED_EIG,312018,84.04272281990178,1.1887861820519725,307.3487851480999,9,0,0,0,10,12,4,15,1000,100
NO_PASSIVE,312019,465.1839502403748,1.6909183716224312,445.27923823147125,0,0,0,0,47,12,4,15,1000,100
RANDOM,312019,43.535849836117976,1.8889002120617078,54.76860756126451,47,0,0,0,47,12,4,15,1000,100
HIGHEST_SNR,312019,43.535849836117976,1.8889002120617078,54.76860756126451,47,0,0,0,47,12,4,15,1000,100
SHORTEST_PULSE,312019,43.535849836117976,1.8889002120617078,54.76860756126451,47,0,0,0,47,12,4,15,1000,100
METROLOGY_CONDITIONED_EIG,312019,43.535849836117976,1.8889002120617078,54.76860756126451,47,0,0,0,47,12,4,15,1000,100
NO_PASSIVE,312020,272.821443374087,0.5701895937771247,445.27923823147125,0,0,0,0,6,12,4,15,1000,100
RANDOM,312020,185.6127481977158,0.6762030563985973,310.33888385852197,6,0,0,0,6,12,4,15,1000,100
HIGHEST_SNR,312020,185.6127481977158,0.6762030563985973,310.33888385852197,6,0,0,0,6,12,4,15,1000,100
SHORTEST_PULSE,312020,185.6127481977158,0.6762030563985973,310.33888385852197,6,0,0,0,6,12,4,15,1000,100
METROLOGY_CONDITIONED_EIG,312020,185.6127481977158,0.6762030563985973,310.33888385852197,6,0,0,0,6,12,4,15,1000,100
NO_PASSIVE,312021,116.67930257025442,2.0032877423336224,445.27923823147125,0,0,0,0,2,12,4,15,1000,100
RANDOM,312021,139.1561063794658,1.8226560776698808,314.41130433456476,2,0,0,0,2,12,4,15,1000,100
HIGHEST_SNR,312021,139.1561063794658,1.8226560776698808,314.41130433456476,2,0,0,0,2,12,4,15,1000,100
SHORTEST_PULSE,312021,139.1561063794658,1.8226560776698808,314.41130433456476,2,0,0,0,2,12,4,15,1000,100
METROLOGY_CONDITIONED_EIG,312021,139.1561063794658,1.8226560776698808,314.41130433456476,2,0,0,0,2,12,4,15,1000,100
NO_PASSIVE,312022,186.25423699475942,0.38355234527478704,445.27923823147125,0,0,0,0,0,12,4,15,1000,100
RANDOM,312022,186.25423699475942,0.38355234527478704,445.27923823147125,0,0,0,0,0,12,4,15,1000,100
HIGHEST_SNR,312022,186.25423699475942,0.38355234527478704,445.27923823147125,0,0,0,0,0,12,4,15,1000,100
SHORTEST_PULSE,312022,186.25423699475942,0.38355234527478704,445.27923823147125,0,0,0,0,0,12,4,15,1000,100
METROLOGY_CONDITIONED_EIG,312022,186.25423699475942,0.38355234527478704,445.27923823147125,0,0,0,0,0,12,4,15,1000,100
NO_PASSIVE,312023,254.88354229012955,1.7189914966924262,445.27923823147125,0,0,0,0,22,12,4,15,1000,100
RANDOM,312023,47.46135156626178,1.4508115474497771,40.96973276458944,21,0,0,0,22,12,4,15,1000,100
HIGHEST_SNR,312023,45.15940205067942,1.3456068189078405,39.30554235944383,21,0,0,0,22,12,4,15,1000,100
SHORTEST_PULSE,312023,47.46135156626178,1.4508115474497771,40.96973276458944,21,0,0,0,22,12,4,15,1000,100
METROLOGY_CONDITIONED_EIG,312023,47.46135156626178,1.4508115474497771,40.96973276458944,21,0,0,0,22,12,4,15,1000,100
NO_PASSIVE,312024,233.05537585334991,1.976934641743519,445.27923823147125,0,0,0,0,46,12,4,15,1000,100
RANDOM,312024,108.7908959923192,1.6581902267062132,56.553479022468224,36,0,0,0,46,12,4,15,1000,100
HIGHEST_SNR,312024,37.21077543174771,0.6486423119010496,49.68153815928611,35,1,0,0,46,12,4,15,1000,100
SHORTEST_PULSE,312024,150.43014111715536,1.4558856634559867,59.774757107922,35,1,0,0,46,12,4,15,1000,100
METROLOGY_CONDITIONED_EIG,312024,24.865081047421413,0.7447811156664496,49.310831376946496,36,0,0,0,46,12,4,15,1000,100
NO_PASSIVE,312025,39.88017484193359,1.3065807663394575,445.27923823147125,0,0,0,0,46,12,4,15,1000,100
RANDOM,312025,49.282615249057415,0.5595242403298357,40.98383107763369,45,1,0,0,46,12,4,15,1000,100
HIGHEST_SNR,312025,49.282615249057415,0.5595242403298357,40.98383107763369,45,1,0,0,46,12,4,15,1000,100
SHORTEST_PULSE,312025,49.282615249057415,0.5595242403298357,40.98383107763369,45,1,0,0,46,12,4,15,1000,100
METROLOGY_CONDITIONED_EIG,312025,49.282615249057415,0.5595242403298357,40.98383107763369,45,1,0,0,46,12,4,15,1000,100
NO_PASSIVE,312026,1018.4416723525399,0.6765612975201755,445.27923823147125,0,0,0,0,40,12,4,15,1000,100
RANDOM,312026,999.7214566329687,0.4779913708829883,313.4274753535552,19,13,0,0,40,12,4,15,1000,100
HIGHEST_SNR,312026,1005.093294674055,0.5254128141301122,313.297973107189,22,10,0,0,40,12,4,15,1000,100
SHORTEST_PULSE,312026,969.6150934015084,0.2742500900152407,314.36351994035584,14,18,0,0,40,12,4,15,1000,100
METROLOGY_CONDITIONED_EIG,312026,969.6150934015084,0.2742500900152407,314.36351994035584,14,18,0,0,40,12,4,15,1000,100
NO_PASSIVE,312027,534.842120725394,2.2983371847127634,445.27923823147125,0,0,0,0,23,12,4,15,1000,100
RANDOM,312027,567.4885302593638,2.4247574255495503,313.9987527691678,23,0,0,0,23,12,4,15,1000,100
HIGHEST_SNR,312027,567.4885302593638,2.4247574255495503,313.9987527691678,23,0,0,0,23,12,4,15,1000,100
SHORTEST_PULSE,312027,567.4885302593638,2.4247574255495503,313.9987527691678,23,0,0,0,23,12,4,15,1000,100
METROLOGY_CONDITIONED_EIG,312027,567.4885302593638,2.4247574255495503,313.9987527691678,23,0,0,0,23,12,4,15,1000,100
NO_PASSIVE,312028,97.97191658362989,0.34978082223341994,445.27923823147125,0,0,0,0,48,12,4,15,1000,100
RANDOM,312028,92.11314241285412,0.5364710445907965,64.1470210429572,46,1,0,0,48,12,4,15,1000,100
HIGHEST_SNR,312028,157.87748437033932,0.5206808187594832,69.21811848709103,46,1,0,0,48,12,4,15,1000,100
SHORTEST_PULSE,312028,92.11314241285412,0.5364710445907965,64.1470210429572,46,1,0,0,48,12,4,15,1000,100
METROLOGY_CONDITIONED_EIG,312028,92.11314241285412,0.5364710445907965,64.1470210429572,46,1,0,0,48,12,4,15,1000,100
NO_PASSIVE,312029,147.2257916041261,2.3358222034718445,445.27923823147125,0,0,0,0,68,12,4,15,1000,100
RANDOM,312029,99.21703758908266,1.833493059408245,72.15502263603759,36,0,0,0,68,12,4,15,1000,100
HIGHEST_SNR,312029,57.99134003191731,2.40373438752951,81.13878563294601,35,1,0,0,68,12,4,15,1000,100
SHORTEST_PULSE,312029,85.46611211284035,2.1062645936430786,110.57443171220952,34,2,0,0,68,12,4,15,1000,100
METROLOGY_CONDITIONED_EIG,312029,66.02928945800343,2.1411113641051167,68.18752160714533,35,1,0,0,68,12,4,15,1000,100
NO_PASSIVE,313000,237.8899582837631,1.21040264647137,445.27923823147125,0,0,0,0,0,13,4,25,10,30
RANDOM,313000,237.8899582837631,1.21040264647137,445.27923823147125,0,0,0,0,0,13,4,25,10,30
HIGHEST_SNR,313000,237.8899582837631,1.21040264647137,445.27923823147125,0,0,0,0,0,13,4,25,10,30
SHORTEST_PULSE,313000,237.8899582837631,1.21040264647137,445.27923823147125,0,0,0,0,0,13,4,25,10,30
METROLOGY_CONDITIONED_EIG,313000,237.8899582837631,1.21040264647137,445.27923823147125,0,0,0,0,0,13,4,25,10,30
NO_PASSIVE,313001,33.00621678125948,2.6610570406551033,445.27923823147125,0,0,0,0,0,13,4,25,10,30
RANDOM,313001,33.00621678125948,2.6610570406551033,445.27923823147125,0,0,0,0,0,13,4,25,10,30
HIGHEST_SNR,313001,33.00621678125948,2.6610570406551033,445.27923823147125,0,0,0,0,0,13,4,25,10,30
SHORTEST_PULSE,313001,33.00621678125948,2.6610570406551033,445.27923823147125,0,0,0,0,0,13,4,25,10,30
METROLOGY_CONDITIONED_EIG,313001,33.00621678125948,2.6610570406551033,445.27923823147125,0,0,0,0,0,13,4,25,10,30
NO_PASSIVE,313002,770.1037701632426,1.8840876312372121,445.27923823147125,0,0,0,0,0,13,4,25,10,30
RANDOM,313002,770.1037701632426,1.8840876312372121,445.27923823147125,0,0,0,0,0,13,4,25,10,30
HIGHEST_SNR,313002,770.1037701632426,1.8840876312372121,445.27923823147125,0,0,0,0,0,13,4,25,10,30
SHORTEST_PULSE,313002,770.1037701632426,1.8840876312372121,445.27923823147125,0,0,0,0,0,13,4,25,10,30
METROLOGY_CONDITIONED_EIG,313002,770.1037701632426,1.8840876312372121,445.27923823147125,0,0,0,0,0,13,4,25,10,30
NO_PASSIVE,313003,252.02952477330444,3.008474510051995,445.27923823147125,0,0,0,0,0,13,4,25,10,30
RANDOM,313003,252.02952477330444,3.008474510051995,445.27923823147125,0,0,0,0,0,13,4,25,10,30
HIGHEST_SNR,313003,252.02952477330444,3.008474510051995,445.27923823147125,0,0,0,0,0,13,4,25,10,30
SHORTEST_PULSE,313003,252.02952477330444,3.008474510051995,445.27923823147125,0,0,0,0,0,13,4,25,10,30
METROLOGY_CONDITIONED_EIG,313003,252.02952477330444,3.008474510051995,445.27923823147125,0,0,0,0,0,13,4,25,10,30
NO_PASSIVE,313004,367.0716247968673,1.1735696112300555,445.27923823147125,0,0,0,0,0,13,4,25,10,30
RANDOM,313004,367.0716247968673,1.1735696112300555,445.27923823147125,0,0,0,0,0,13,4,25,10,30
HIGHEST_SNR,313004,367.0716247968673,1.1735696112300555,445.27923823147125,0,0,0,0,0,13,4,25,10,30
SHORTEST_PULSE,313004,367.0716247968673,1.1735696112300555,445.27923823147125,0,0,0,0,0,13,4,25,10,30
METROLOGY_CONDITIONED_EIG,313004,367.0716247968673,1.1735696112300555,445.27923823147125,0,0,0,0,0,13,4,25,10,30
NO_PASSIVE,313005,609.341243150081,2.6921684818210725,445.27923823147125,0,0,0,0,0,13,4,25,10,30
RANDOM,313005,609.341243150081,2.6921684818210725,445.27923823147125,0,0,0,0,0,13,4,25,10,30
HIGHEST_SNR,313005,609.341243150081,2.6921684818210725,445.27923823147125,0,0,0,0,0,13,4,25,10,30
SHORTEST_PULSE,313005,609.341243150081,2.6921684818210725,445.27923823147125,0,0,0,0,0,13,4,25,10,30
METROLOGY_CONDITIONED_EIG,313005,609.341243150081,2.6921684818210725,445.27923823147125,0,0,0,0,0,13,4,25,10,30
NO_PASSIVE,313006,266.96480955806356,1.2531020736329928,445.27923823147125,0,0,0,0,0,13,4,25,10,30
RANDOM,313006,266.96480955806356,1.2531020736329928,445.27923823147125,0,0,0,0,0,13,4,25,10,30
HIGHEST_SNR,313006,266.96480955806356,1.2531020736329928,445.27923823147125,0,0,0,0,0,13,4,25,10,30
SHORTEST_PULSE,313006,266.96480955806356,1.2531020736329928,445.27923823147125,0,0,0,0,0,13,4,25,10,30
METROLOGY_CONDITIONED_EIG,313006,266.96480955806356,1.2531020736329928,445.27923823147125,0,0,0,0,0,13,4,25,10,30
NO_PASSIVE,313007,452.55287052850696,3.1938500517360504,445.27923823147125,0,0,0,0,0,13,4,25,10,30
RANDOM,313007,452.55287052850696,3.1938500517360504,445.27923823147125,0,0,0,0,0,13,4,25,10,30
HIGHEST_SNR,313007,452.55287052850696,3.1938500517360504,445.27923823147125,0,0,0,0,0,13,4,25,10,30
SHORTEST_PULSE,313007,452.55287052850696,3.1938500517360504,445.27923823147125,0,0,0,0,0,13,4,25,10,30
METROLOGY_CONDITIONED_EIG,313007,452.55287052850696,3.1938500517360504,445.27923823147125,0,0,0,0,0,13,4,25,10,30
NO_PASSIVE,313008,79.36299950474871,0.9345977812694379,445.27923823147125,0,0,0,0,0,13,4,25,10,30
RANDOM,313008,79.36299950474871,0.9345977812694379,445.27923823147125,0,0,0,0,0,13,4,25,10,30
HIGHEST_SNR,313008,79.36299950474871,0.9345977812694379,445.27923823147125,0,0,0,0,0,13,4,25,10,30
SHORTEST_PULSE,313008,79.36299950474871,0.9345977812694379,445.27923823147125,0,0,0,0,0,13,4,25,10,30
METROLOGY_CONDITIONED_EIG,313008,79.36299950474871,0.9345977812694379,445.27923823147125,0,0,0,0,0,13,4,25,10,30
NO_PASSIVE,313009,392.15824935809803,3.640024966635331,445.27923823147125,0,0,0,0,0,13,4,25,10,30
RANDOM,313009,392.15824935809803,3.640024966635331,445.27923823147125,0,0,0,0,0,13,4,25,10,30
HIGHEST_SNR,313009,392.15824935809803,3.640024966635331,445.27923823147125,0,0,0,0,0,13,4,25,10,30
SHORTEST_PULSE,313009,392.15824935809803,3.640024966635331,445.27923823147125,0,0,0,0,0,13,4,25,10,30
METROLOGY_CONDITIONED_EIG,313009,392.15824935809803,3.640024966635331,445.27923823147125,0,0,0,0,0,13,4,25,10,30
NO_PASSIVE,313010,107.20126649464724,1.6244539324510974,445.27923823147125,0,0,0,0,0,13,4,25,10,30
RANDOM,313010,107.20126649464724,1.6244539324510974,445.27923823147125,0,0,0,0,0,13,4,25,10,30
HIGHEST_SNR,313010,107.20126649464724,1.6244539324510974,445.27923823147125,0,0,0,0,0,13,4,25,10,30
SHORTEST_PULSE,313010,107.20126649464724,1.6244539324510974,445.27923823147125,0,0,0,0,0,13,4,25,10,30
METROLOGY_CONDITIONED_EIG,313010,107.20126649464724,1.6244539324510974,445.27923823147125,0,0,0,0,0,13,4,25,10,30
NO_PASSIVE,313011,462.13782472676775,0.6118668749872029,445.27923823147125,0,0,0,0,0,13,4,25,10,30
RANDOM,313011,462.13782472676775,0.6118668749872029,445.27923823147125,0,0,0,0,0,13,4,25,10,30
HIGHEST_SNR,313011,462.13782472676775,0.6118668749872029,445.27923823147125,0,0,0,0,0,13,4,25,10,30
SHORTEST_PULSE,313011,462.13782472676775,0.6118668749872029,445.27923823147125,0,0,0,0,0,13,4,25,10,30
METROLOGY_CONDITIONED_EIG,313011,462.13782472676775,0.6118668749872029,445.27923823147125,0,0,0,0,0,13,4,25,10,30
NO_PASSIVE,313012,66.36622243463171,1.3966693454982833,445.27923823147125,0,0,0,0,0,13,4,25,10,30
RANDOM,313012,66.36622243463171,1.3966693454982833,445.27923823147125,0,0,0,0,0,13,4,25,10,30
HIGHEST_SNR,313012,66.36622243463171,1.3966693454982833,445.27923823147125,0,0,0,0,0,13,4,25,10,30
SHORTEST_PULSE,313012,66.36622243463171,1.3966693454982833,445.27923823147125,0,0,0,0,0,13,4,25,10,30
METROLOGY_CONDITIONED_EIG,313012,66.36622243463171,1.3966693454982833,445.27923823147125,0,0,0,0,0,13,4,25,10,30
NO_PASSIVE,313013,730.6241942745795,3.1478310621587817,445.27923823147125,0,0,0,0,0,13,4,25,10,30
RANDOM,313013,730.6241942745795,3.1478310621587817,445.27923823147125,0,0,0,0,0,13,4,25,10,30
HIGHEST_SNR,313013,730.6241942745795,3.1478310621587817,445.27923823147125,0,0,0,0,0,13,4,25,10,30
SHORTEST_PULSE,313013,730.6241942745795,3.1478310621587817,445.27923823147125,0,0,0,0,0,13,4,25,10,30
METROLOGY_CONDITIONED_EIG,313013,730.6241942745795,3.1478310621587817,445.27923823147125,0,0,0,0,0,13,4,25,10,30
NO_PASSIVE,313014,227.1115383499292,3.6599803756603353,445.27923823147125,0,0,0,0,0,13,4,25,10,30
RANDOM,313014,227.1115383499292,3.6599803756603353,445.27923823147125,0,0,0,0,0,13,4,25,10,30
HIGHEST_SNR,313014,227.1115383499292,3.6599803756603353,445.27923823147125,0,0,0,0,0,13,4,25,10,30
SHORTEST_PULSE,313014,227.1115383499292,3.6599803756603353,445.27923823147125,0,0,0,0,0,13,4,25,10,30
METROLOGY_CONDITIONED_EIG,313014,227.1115383499292,3.6599803756603353,445.27923823147125,0,0,0,0,0,13,4,25,10,30
NO_PASSIVE,313015,385.72271909669433,1.482692660932243,445.27923823147125,0,0,0,0,0,13,4,25,10,30
RANDOM,313015,385.72271909669433,1.482692660932243,445.27923823147125,0,0,0,0,0,13,4,25,10,30
HIGHEST_SNR,313015,385.72271909669433,1.482692660932243,445.27923823147125,0,0,0,0,0,13,4,25,10,30
SHORTEST_PULSE,313015,385.72271909669433,1.482692660932243,445.27923823147125,0,0,0,0,0,13,4,25,10,30
METROLOGY_CONDITIONED_EIG,313015,385.72271909669433,1.482692660932243,445.27923823147125,0,0,0,0,0,13,4,25,10,30
NO_PASSIVE,313016,511.38157085577166,2.8586820110686513,445.27923823147125,0,0,0,0,0,13,4,25,10,30
RANDOM,313016,511.38157085577166,2.8586820110686513,445.27923823147125,0,0,0,0,0,13,4,25,10,30
HIGHEST_SNR,313016,511.38157085577166,2.8586820110686513,445.27923823147125,0,0,0,0,0,13,4,25,10,30
SHORTEST_PULSE,313016,511.38157085577166,2.8586820110686513,445.27923823147125,0,0,0,0,0,13,4,25,10,30
METROLOGY_CONDITIONED_EIG,313016,511.38157085577166,2.8586820110686513,445.27923823147125,0,0,0,0,0,13,4,25,10,30
NO_PASSIVE,313017,266.6260406386504,2.315349841740474,445.27923823147125,0,0,0,0,0,13,4,25,10,30
RANDOM,313017,266.6260406386504,2.315349841740474,445.27923823147125,0,0,0,0,0,13,4,25,10,30
HIGHEST_SNR,313017,266.6260406386504,2.315349841740474,445.27923823147125,0,0,0,0,0,13,4,25,10,30
SHORTEST_PULSE,313017,266.6260406386504,2.315349841740474,445.27923823147125,0,0,0,0,0,13,4,25,10,30
METROLOGY_CONDITIONED_EIG,313017,266.6260406386504,2.315349841740474,445.27923823147125,0,0,0,0,0,13,4,25,10,30
NO_PASSIVE,313018,284.21234892133975,2.2324978508441027,445.27923823147125,0,0,0,0,8,13,4,25,10,30
RANDOM,313018,298.6240410315031,2.447360880767261,274.07851853979304,8,0,0,0,8,13,4,25,10,30
HIGHEST_SNR,313018,298.6240410315031,2.447360880767261,274.07851853979304,8,0,0,0,8,13,4,25,10,30
SHORTEST_PULSE,313018,298.6240410315031,2.447360880767261,274.07851853979304,8,0,0,0,8,13,4,25,10,30
METROLOGY_CONDITIONED_EIG,313018,298.6240410315031,2.447360880767261,274.07851853979304,8,0,0,0,8,13,4,25,10,30
NO_PASSIVE,313019,174.93623127642263,3.714870134663863,445.27923823147125,0,0,0,0,0,13,4,25,10,30
RANDOM,313019,174.93623127642263,3.714870134663863,445.27923823147125,0,0,0,0,0,13,4,25,10,30
HIGHEST_SNR,313019,174.93623127642263,3.714870134663863,445.27923823147125,0,0,0,0,0,13,4,25,10,30
SHORTEST_PULSE,313019,174.93623127642263,3.714870134663863,445.27923823147125,0,0,0,0,0,13,4,25,10,30
METROLOGY_CONDITIONED_EIG,313019,174.93623127642263,3.714870134663863,445.27923823147125,0,0,0,0,0,13,4,25,10,30
NO_PASSIVE,313020,605.4557580924851,3.774373076782065,445.27923823147125,0,0,0,0,0,13,4,25,10,30
RANDOM,313020,605.4557580924851,3.774373076782065,445.27923823147125,0,0,0,0,0,13,4,25,10,30
HIGHEST_SNR,313020,605.4557580924851,3.774373076782065,445.27923823147125,0,0,0,0,0,13,4,25,10,30
SHORTEST_PULSE,313020,605.4557580924851,3.774373076782065,445.27923823147125,0,0,0,0,0,13,4,25,10,30
METROLOGY_CONDITIONED_EIG,313020,605.4557580924851,3.774373076782065,445.27923823147125,0,0,0,0,0,13,4,25,10,30
NO_PASSIVE,313021,257.79086415338253,0.5572019277560059,445.27923823147125,0,0,0,0,0,13,4,25,10,30
RANDOM,313021,257.79086415338253,0.5572019277560059,445.27923823147125,0,0,0,0,0,13,4,25,10,30
HIGHEST_SNR,313021,257.79086415338253,0.5572019277560059,445.27923823147125,0,0,0,0,0,13,4,25,10,30
SHORTEST_PULSE,313021,257.79086415338253,0.5572019277560059,445.27923823147125,0,0,0,0,0,13,4,25,10,30
METROLOGY_CONDITIONED_EIG,313021,257.79086415338253,0.5572019277560059,445.27923823147125,0,0,0,0,0,13,4,25,10,30
NO_PASSIVE,313022,547.7495649193118,1.8866765038337452,445.27923823147125,0,0,0,0,0,13,4,25,10,30
RANDOM,313022,547.7495649193118,1.8866765038337452,445.27923823147125,0,0,0,0,0,13,4,25,10,30
HIGHEST_SNR,313022,547.7495649193118,1.8866765038337452,445.27923823147125,0,0,0,0,0,13,4,25,10,30
SHORTEST_PULSE,313022,547.7495649193118,1.8866765038337452,445.27923823147125,0,0,0,0,0,13,4,25,10,30
METROLOGY_CONDITIONED_EIG,313022,547.7495649193118,1.8866765038337452,445.27923823147125,0,0,0,0,0,13,4,25,10,30
NO_PASSIVE,313023,373.0616841161284,2.484634598527413,445.27923823147125,0,0,0,0,0,13,4,25,10,30
RANDOM,313023,373.0616841161284,2.484634598527413,445.27923823147125,0,0,0,0,0,13,4,25,10,30
HIGHEST_SNR,313023,373.0616841161284,2.484634598527413,445.27923823147125,0,0,0,0,0,13,4,25,10,30
SHORTEST_PULSE,313023,373.0616841161284,2.484634598527413,445.27923823147125,0,0,0,0,0,13,4,25,10,30
METROLOGY_CONDITIONED_EIG,313023,373.0616841161284,2.484634598527413,445.27923823147125,0,0,0,0,0,13,4,25,10,30
NO_PASSIVE,313024,530.3552506820397,0.631293082842647,445.27923823147125,0,0,0,0,1,13,4,25,10,30
RANDOM,313024,468.3553665421567,0.9255612095878889,318.80221463497816,1,0,0,0,1,13,4,25,10,30
HIGHEST_SNR,313024,468.3553665421567,0.9255612095878889,318.80221463497816,1,0,0,0,1,13,4,25,10,30
SHORTEST_PULSE,313024,468.3553665421567,0.9255612095878889,318.80221463497816,1,0,0,0,1,13,4,25,10,30
METROLOGY_CONDITIONED_EIG,313024,468.3553665421567,0.9255612095878889,318.80221463497816,1,0,0,0,1,13,4,25,10,30
NO_PASSIVE,313025,613.8809208922103,2.00792594300671,445.27923823147125,0,0,0,0,0,13,4,25,10,30
RANDOM,313025,613.8809208922103,2.00792594300671,445.27923823147125,0,0,0,0,0,13,4,25,10,30
HIGHEST_SNR,313025,613.8809208922103,2.00792594300671,445.27923823147125,0,0,0,0,0,13,4,25,10,30
SHORTEST_PULSE,313025,613.8809208922103,2.00792594300671,445.27923823147125,0,0,0,0,0,13,4,25,10,30
METROLOGY_CONDITIONED_EIG,313025,613.8809208922103,2.00792594300671,445.27923823147125,0,0,0,0,0,13,4,25,10,30
NO_PASSIVE,313026,259.8948938626665,1.2475192285316326,445.27923823147125,0,0,0,0,1,13,4,25,10,30
RANDOM,313026,261.7442972412076,1.2436182634191988,370.4029404670524,1,0,0,0,1,13,4,25,10,30
HIGHEST_SNR,313026,261.7442972412076,1.2436182634191988,370.4029404670524,1,0,0,0,1,13,4,25,10,30
SHORTEST_PULSE,313026,261.7442972412076,1.2436182634191988,370.4029404670524,1,0,0,0,1,13,4,25,10,30
METROLOGY_CONDITIONED_EIG,313026,261.7442972412076,1.2436182634191988,370.4029404670524,1,0,0,0,1,13,4,25,10,30
NO_PASSIVE,313027,470.26742109208465,2.4755248425606906,445.27923823147125,0,0,0,0,0,13,4,25,10,30
RANDOM,313027,470.26742109208465,2.4755248425606906,445.27923823147125,0,0,0,0,0,13,4,25,10,30
HIGHEST_SNR,313027,470.26742109208465,2.4755248425606906,445.27923823147125,0,0,0,0,0,13,4,25,10,30
SHORTEST_PULSE,313027,470.26742109208465,2.4755248425606906,445.27923823147125,0,0,0,0,0,13,4,25,10,30
METROLOGY_CONDITIONED_EIG,313027,470.26742109208465,2.4755248425606906,445.27923823147125,0,0,0,0,0,13,4,25,10,30
NO_PASSIVE,313028,251.89058955655878,2.13074286914902,445.27923823147125,0,0,0,0,14,13,4,25,10,30
RANDOM,313028,417.95069975658197,2.2508936734223357,289.4805848085485,14,0,0,0,14,13,4,25,10,30
HIGHEST_SNR,313028,417.95069975658197,2.2508936734223357,289.4805848085485,14,0,0,0,14,13,4,25,10,30
SHORTEST_PULSE,313028,417.95069975658197,2.2508936734223357,289.4805848085485,14,0,0,0,14,13,4,25,10,30
METROLOGY_CONDITIONED_EIG,313028,417.95069975658197,2.2508936734223357,289.4805848085485,14,0,0,0,14,13,4,25,10,30
NO_PASSIVE,313029,592.273908558655,0.8259024748272973,445.27923823147125,0,0,0,0,0,13,4,25,10,30
RANDOM,313029,592.273908558655,0.8259024748272973,445.27923823147125,0,0,0,0,0,13,4,25,10,30
HIGHEST_SNR,313029,592.273908558655,0.8259024748272973,445.27923823147125,0,0,0,0,0,13,4,25,10,30
SHORTEST_PULSE,313029,592.273908558655,0.8259024748272973,445.27923823147125,0,0,0,0,0,13,4,25,10,30
METROLOGY_CONDITIONED_EIG,313029,592.273908558655,0.8259024748272973,445.27923823147125,0,0,0,0,0,13,4,25,10,30
NO_PASSIVE,314000,626.2162535435137,1.8187228895894696,445.27923823147125,0,0,0,0,0,14,4,25,10,100
RANDOM,314000,626.2162535435137,1.8187228895894696,445.27923823147125,0,0,0,0,0,14,4,25,10,100
HIGHEST_SNR,314000,626.2162535435137,1.8187228895894696,445.27923823147125,0,0,0,0,0,14,4,25,10,100
SHORTEST_PULSE,314000,626.2162535435137,1.8187228895894696,445.27923823147125,0,0,0,0,0,14,4,25,10,100
METROLOGY_CONDITIONED_EIG,314000,626.2162535435137,1.8187228895894696,445.27923823147125,0,0,0,0,0,14,4,25,10,100
NO_PASSIVE,314001,84.90664237883267,1.2744387169946492,445.27923823147125,0,0,0,0,0,14,4,25,10,100
RANDOM,314001,84.90664237883267,1.2744387169946492,445.27923823147125,0,0,0,0,0,14,4,25,10,100
HIGHEST_SNR,314001,84.90664237883267,1.2744387169946492,445.27923823147125,0,0,0,0,0,14,4,25,10,100
SHORTEST_PULSE,314001,84.90664237883267,1.2744387169946492,445.27923823147125,0,0,0,0,0,14,4,25,10,100
METROLOGY_CONDITIONED_EIG,314001,84.90664237883267,1.2744387169946492,445.27923823147125,0,0,0,0,0,14,4,25,10,100
NO_PASSIVE,314002,411.5296430128299,2.344995458874037,445.27923823147125,0,0,0,0,0,14,4,25,10,100
RANDOM,314002,411.5296430128299,2.344995458874037,445.27923823147125,0,0,0,0,0,14,4,25,10,100
HIGHEST_SNR,314002,411.5296430128299,2.344995458874037,445.27923823147125,0,0,0,0,0,14,4,25,10,100
SHORTEST_PULSE,314002,411.5296430128299,2.344995458874037,445.27923823147125,0,0,0,0,0,14,4,25,10,100
METROLOGY_CONDITIONED_EIG,314002,411.5296430128299,2.344995458874037,445.27923823147125,0,0,0,0,0,14,4,25,10,100
NO_PASSIVE,314003,243.0329535611583,3.108147678026715,445.27923823147125,0,0,0,0,0,14,4,25,10,100
RANDOM,314003,243.0329535611583,3.108147678026715,445.27923823147125,0,0,0,0,0,14,4,25,10,100
HIGHEST_SNR,314003,243.0329535611583,3.108147678026715,445.27923823147125,0,0,0,0,0,14,4,25,10,100
SHORTEST_PULSE,314003,243.0329535611583,3.108147678026715,445.27923823147125,0,0,0,0,0,14,4,25,10,100
METROLOGY_CONDITIONED_EIG,314003,243.0329535611583,3.108147678026715,445.27923823147125,0,0,0,0,0,14,4,25,10,100
NO_PASSIVE,314004,215.19503064142725,0.7941891710535631,445.27923823147125,0,0,0,0,0,14,4,25,10,100
RANDOM,314004,215.19503064142725,0.7941891710535631,445.27923823147125,0,0,0,0,0,14,4,25,10,100
HIGHEST_SNR,314004,215.19503064142725,0.7941891710535631,445.27923823147125,0,0,0,0,0,14,4,25,10,100
SHORTEST_PULSE,314004,215.19503064142725,0.7941891710535631,445.27923823147125,0,0,0,0,0,14,4,25,10,100
METROLOGY_CONDITIONED_EIG,314004,215.19503064142725,0.7941891710535631,445.27923823147125,0,0,0,0,0,14,4,25,10,100
NO_PASSIVE,314005,761.9748751660619,1.8718278282022245,445.27923823147125,0,0,0,0,0,14,4,25,10,100
RANDOM,314005,761.9748751660619,1.8718278282022245,445.27923823147125,0,0,0,0,0,14,4,25,10,100
HIGHEST_SNR,314005,761.9748751660619,1.8718278282022245,445.27923823147125,0,0,0,0,0,14,4,25,10,100
SHORTEST_PULSE,314005,761.9748751660619,1.8718278282022245,445.27923823147125,0,0,0,0,0,14,4,25,10,100
METROLOGY_CONDITIONED_EIG,314005,761.9748751660619,1.8718278282022245,445.27923823147125,0,0,0,0,0,14,4,25,10,100
NO_PASSIVE,314006,230.4385305767142,1.8518942868851187,445.27923823147125,0,0,0,0,0,14,4,25,10,100
RANDOM,314006,230.4385305767142,1.8518942868851187,445.27923823147125,0,0,0,0,0,14,4,25,10,100
HIGHEST_SNR,314006,230.4385305767142,1.8518942868851187,445.27923823147125,0,0,0,0,0,14,4,25,10,100
SHORTEST_PULSE,314006,230.4385305767142,1.8518942868851187,445.27923823147125,0,0,0,0,0,14,4,25,10,100
METROLOGY_CONDITIONED_EIG,314006,230.4385305767142,1.8518942868851187,445.27923823147125,0,0,0,0,0,14,4,25,10,100
NO_PASSIVE,314007,668.601420237285,1.720105883732082,445.27923823147125,0,0,0,0,0,14,4,25,10,100
RANDOM,314007,668.601420237285,1.720105883732082,445.27923823147125,0,0,0,0,0,14,4,25,10,100
HIGHEST_SNR,314007,668.601420237285,1.720105883732082,445.27923823147125,0,0,0,0,0,14,4,25,10,100
SHORTEST_PULSE,314007,668.601420237285,1.720105883732082,445.27923823147125,0,0,0,0,0,14,4,25,10,100
METROLOGY_CONDITIONED_EIG,314007,668.601420237285,1.720105883732082,445.27923823147125,0,0,0,0,0,14,4,25,10,100
NO_PASSIVE,314008,296.92877240247265,1.8613901412471072,445.27923823147125,0,0,0,0,0,14,4,25,10,100
RANDOM,314008,296.92877240247265,1.8613901412471072,445.27923823147125,0,0,0,0,0,14,4,25,10,100
HIGHEST_SNR,314008,296.92877240247265,1.8613901412471072,445.27923823147125,0,0,0,0,0,14,4,25,10,100
SHORTEST_PULSE,314008,296.92877240247265,1.8613901412471072,445.27923823147125,0,0,0,0,0,14,4,25,10,100
METROLOGY_CONDITIONED_EIG,314008,296.92877240247265,1.8613901412471072,445.27923823147125,0,0,0,0,0,14,4,25,10,100
NO_PASSIVE,314009,347.68760816825795,0.9414880409619008,445.27923823147125,0,0,0,0,0,14,4,25,10,100
RANDOM,314009,347.68760816825795,0.9414880409619008,445.27923823147125,0,0,0,0,0,14,4,25,10,100
HIGHEST_SNR,314009,347.68760816825795,0.9414880409619008,445.27923823147125,0,0,0,0,0,14,4,25,10,100
SHORTEST_PULSE,314009,347.68760816825795,0.9414880409619008,445.27923823147125,0,0,0,0,0,14,4,25,10,100
METROLOGY_CONDITIONED_EIG,314009,347.68760816825795,0.9414880409619008,445.27923823147125,0,0,0,0,0,14,4,25,10,100
NO_PASSIVE,314010,232.96389193729024,2.552670562428014,445.27923823147125,0,0,0,0,0,14,4,25,10,100
RANDOM,314010,232.96389193729024,2.552670562428014,445.27923823147125,0,0,0,0,0,14,4,25,10,100
HIGHEST_SNR,314010,232.96389193729024,2.552670562428014,445.27923823147125,0,0,0,0,0,14,4,25,10,100
SHORTEST_PULSE,314010,232.96389193729024,2.552670562428014,445.27923823147125,0,0,0,0,0,14,4,25,10,100
METROLOGY_CONDITIONED_EIG,314010,232.96389193729024,2.552670562428014,445.27923823147125,0,0,0,0,0,14,4,25,10,100
NO_PASSIVE,314011,457.8865779941444,3.5349318351430408,445.27923823147125,0,0,0,0,0,14,4,25,10,100
RANDOM,314011,457.8865779941444,3.5349318351430408,445.27923823147125,0,0,0,0,0,14,4,25,10,100
HIGHEST_SNR,314011,457.8865779941444,3.5349318351430408,445.27923823147125,0,0,0,0,0,14,4,25,10,100
SHORTEST_PULSE,314011,457.8865779941444,3.5349318351430408,445.27923823147125,0,0,0,0,0,14,4,25,10,100
METROLOGY_CONDITIONED_EIG,314011,457.8865779941444,3.5349318351430408,445.27923823147125,0,0,0,0,0,14,4,25,10,100
NO_PASSIVE,314012,529.3708384295004,2.046645093166388,445.27923823147125,0,0,0,0,0,14,4,25,10,100
RANDOM,314012,529.3708384295004,2.046645093166388,445.27923823147125,0,0,0,0,0,14,4,25,10,100
HIGHEST_SNR,314012,529.3708384295004,2.046645093166388,445.27923823147125,0,0,0,0,0,14,4,25,10,100
SHORTEST_PULSE,314012,529.3708384295004,2.046645093166388,445.27923823147125,0,0,0,0,0,14,4,25,10,100
METROLOGY_CONDITIONED_EIG,314012,529.3708384295004,2.046645093166388,445.27923823147125,0,0,0,0,0,14,4,25,10,100
NO_PASSIVE,314013,719.3730867728424,0.5034929558279515,445.27923823147125,0,0,0,0,0,14,4,25,10,100
RANDOM,314013,719.3730867728424,0.5034929558279515,445.27923823147125,0,0,0,0,0,14,4,25,10,100
HIGHEST_SNR,314013,719.3730867728424,0.5034929558279515,445.27923823147125,0,0,0,0,0,14,4,25,10,100
SHORTEST_PULSE,314013,719.3730867728424,0.5034929558279515,445.27923823147125,0,0,0,0,0,14,4,25,10,100
METROLOGY_CONDITIONED_EIG,314013,719.3730867728424,0.5034929558279515,445.27923823147125,0,0,0,0,0,14,4,25,10,100
NO_PASSIVE,314014,208.4253733966042,3.385337179688349,445.27923823147125,0,0,0,0,0,14,4,25,10,100
RANDOM,314014,208.4253733966042,3.385337179688349,445.27923823147125,0,0,0,0,0,14,4,25,10,100
HIGHEST_SNR,314014,208.4253733966042,3.385337179688349,445.27923823147125,0,0,0,0,0,14,4,25,10,100
SHORTEST_PULSE,314014,208.4253733966042,3.385337179688349,445.27923823147125,0,0,0,0,0,14,4,25,10,100
METROLOGY_CONDITIONED_EIG,314014,208.4253733966042,3.385337179688349,445.27923823147125,0,0,0,0,0,14,4,25,10,100
NO_PASSIVE,314015,242.67621393947738,1.5512182197247188,445.27923823147125,0,0,0,0,0,14,4,25,10,100
RANDOM,314015,242.67621393947738,1.5512182197247188,445.27923823147125,0,0,0,0,0,14,4,25,10,100
HIGHEST_SNR,314015,242.67621393947738,1.5512182197247188,445.27923823147125,0,0,0,0,0,14,4,25,10,100
SHORTEST_PULSE,314015,242.67621393947738,1.5512182197247188,445.27923823147125,0,0,0,0,0,14,4,25,10,100
METROLOGY_CONDITIONED_EIG,314015,242.67621393947738,1.5512182197247188,445.27923823147125,0,0,0,0,0,14,4,25,10,100
NO_PASSIVE,314016,218.74187450558858,2.534521870692363,445.27923823147125,0,0,0,0,0,14,4,25,10,100
RANDOM,314016,218.74187450558858,2.534521870692363,445.27923823147125,0,0,0,0,0,14,4,25,10,100
HIGHEST_SNR,314016,218.74187450558858,2.534521870692363,445.27923823147125,0,0,0,0,0,14,4,25,10,100
SHORTEST_PULSE,314016,218.74187450558858,2.534521870692363,445.27923823147125,0,0,0,0,0,14,4,25,10,100
METROLOGY_CONDITIONED_EIG,314016,218.74187450558858,2.534521870692363,445.27923823147125,0,0,0,0,0,14,4,25,10,100
NO_PASSIVE,314017,440.8363974852536,2.373645656290785,445.27923823147125,0,0,0,0,0,14,4,25,10,100
RANDOM,314017,440.8363974852536,2.373645656290785,445.27923823147125,0,0,0,0,0,14,4,25,10,100
HIGHEST_SNR,314017,440.8363974852536,2.373645656290785,445.27923823147125,0,0,0,0,0,14,4,25,10,100
SHORTEST_PULSE,314017,440.8363974852536,2.373645656290785,445.27923823147125,0,0,0,0,0,14,4,25,10,100
METROLOGY_CONDITIONED_EIG,314017,440.8363974852536,2.373645656290785,445.27923823147125,0,0,0,0,0,14,4,25,10,100
NO_PASSIVE,314018,471.58338448607634,0.43950337532373007,445.27923823147125,0,0,0,0,0,14,4,25,10,100
RANDOM,314018,471.58338448607634,0.43950337532373007,445.27923823147125,0,0,0,0,0,14,4,25,10,100
HIGHEST_SNR,314018,471.58338448607634,0.43950337532373007,445.27923823147125,0,0,0,0,0,14,4,25,10,100
SHORTEST_PULSE,314018,471.58338448607634,0.43950337532373007,445.27923823147125,0,0,0,0,0,14,4,25,10,100
METROLOGY_CONDITIONED_EIG,314018,471.58338448607634,0.43950337532373007,445.27923823147125,0,0,0,0,0,14,4,25,10,100
NO_PASSIVE,314019,216.14355485853702,1.464924696878526,445.27923823147125,0,0,0,0,0,14,4,25,10,100
RANDOM,314019,216.14355485853702,1.464924696878526,445.27923823147125,0,0,0,0,0,14,4,25,10,100
HIGHEST_SNR,314019,216.14355485853702,1.464924696878526,445.27923823147125,0,0,0,0,0,14,4,25,10,100
SHORTEST_PULSE,314019,216.14355485853702,1.464924696878526,445.27923823147125,0,0,0,0,0,14,4,25,10,100
METROLOGY_CONDITIONED_EIG,314019,216.14355485853702,1.464924696878526,445.27923823147125,0,0,0,0,0,14,4,25,10,100
NO_PASSIVE,314020,329.37327269718133,2.716489996808078,445.27923823147125,0,0,0,0,0,14,4,25,10,100
RANDOM,314020,329.37327269718133,2.716489996808078,445.27923823147125,0,0,0,0,0,14,4,25,10,100
HIGHEST_SNR,314020,329.37327269718133,2.716489996808078,445.27923823147125,0,0,0,0,0,14,4,25,10,100
SHORTEST_PULSE,314020,329.37327269718133,2.716489996808078,445.27923823147125,0,0,0,0,0,14,4,25,10,100
METROLOGY_CONDITIONED_EIG,314020,329.37327269718133,2.716489996808078,445.27923823147125,0,0,0,0,0,14,4,25,10,100
NO_PASSIVE,314021,9.76494430323824,4.270580647981761,445.27923823147125,0,0,0,0,0,14,4,25,10,100
RANDOM,314021,9.76494430323824,4.270580647981761,445.27923823147125,0,0,0,0,0,14,4,25,10,100
HIGHEST_SNR,314021,9.76494430323824,4.270580647981761,445.27923823147125,0,0,0,0,0,14,4,25,10,100
SHORTEST_PULSE,314021,9.76494430323824,4.270580647981761,445.27923823147125,0,0,0,0,0,14,4,25,10,100
METROLOGY_CONDITIONED_EIG,314021,9.76494430323824,4.270580647981761,445.27923823147125,0,0,0,0,0,14,4,25,10,100
NO_PASSIVE,314022,171.52270262012883,1.9153297400111622,445.27923823147125,0,0,0,0,0,14,4,25,10,100
RANDOM,314022,171.52270262012883,1.9153297400111622,445.27923823147125,0,0,0,0,0,14,4,25,10,100
HIGHEST_SNR,314022,171.52270262012883,1.9153297400111622,445.27923823147125,0,0,0,0,0,14,4,25,10,100
SHORTEST_PULSE,314022,171.52270262012883,1.9153297400111622,445.27923823147125,0,0,0,0,0,14,4,25,10,100
METROLOGY_CONDITIONED_EIG,314022,171.52270262012883,1.9153297400111622,445.27923823147125,0,0,0,0,0,14,4,25,10,100
NO_PASSIVE,314023,173.77318819223123,3.1926004544458775,445.27923823147125,0,0,0,0,0,14,4,25,10,100
RANDOM,314023,173.77318819223123,3.1926004544458775,445.27923823147125,0,0,0,0,0,14,4,25,10,100
HIGHEST_SNR,314023,173.77318819223123,3.1926004544458775,445.27923823147125,0,0,0,0,0,14,4,25,10,100
SHORTEST_PULSE,314023,173.77318819223123,3.1926004544458775,445.27923823147125,0,0,0,0,0,14,4,25,10,100
METROLOGY_CONDITIONED_EIG,314023,173.77318819223123,3.1926004544458775,445.27923823147125,0,0,0,0,0,14,4,25,10,100
NO_PASSIVE,314024,447.13290506009577,0.5710323741977046,445.27923823147125,0,0,0,0,0,14,4,25,10,100
RANDOM,314024,447.13290506009577,0.5710323741977046,445.27923823147125,0,0,0,0,0,14,4,25,10,100
HIGHEST_SNR,314024,447.13290506009577,0.5710323741977046,445.27923823147125,0,0,0,0,0,14,4,25,10,100
SHORTEST_PULSE,314024,447.13290506009577,0.5710323741977046,445.27923823147125,0,0,0,0,0,14,4,25,10,100
METROLOGY_CONDITIONED_EIG,314024,447.13290506009577,0.5710323741977046,445.27923823147125,0,0,0,0,0,14,4,25,10,100
NO_PASSIVE,314025,486.2719321065212,2.145562430234932,445.27923823147125,0,0,0,0,0,14,4,25,10,100
RANDOM,314025,486.2719321065212,2.145562430234932,445.27923823147125,0,0,0,0,0,14,4,25,10,100
HIGHEST_SNR,314025,486.2719321065212,2.145562430234932,445.27923823147125,0,0,0,0,0,14,4,25,10,100
SHORTEST_PULSE,314025,486.2719321065212,2.145562430234932,445.27923823147125,0,0,0,0,0,14,4,25,10,100
METROLOGY_CONDITIONED_EIG,314025,486.2719321065212,2.145562430234932,445.27923823147125,0,0,0,0,0,14,4,25,10,100
NO_PASSIVE,314026,94.88582729124077,2.446958565346153,445.27923823147125,0,0,0,0,0,14,4,25,10,100
RANDOM,314026,94.88582729124077,2.446958565346153,445.27923823147125,0,0,0,0,0,14,4,25,10,100
HIGHEST_SNR,314026,94.88582729124077,2.446958565346153,445.27923823147125,0,0,0,0,0,14,4,25,10,100
SHORTEST_PULSE,314026,94.88582729124077,2.446958565346153,445.27923823147125,0,0,0,0,0,14,4,25,10,100
METROLOGY_CONDITIONED_EIG,314026,94.88582729124077,2.446958565346153,445.27923823147125,0,0,0,0,0,14,4,25,10,100
NO_PASSIVE,314027,604.8734826394367,2.3036259352125095,445.27923823147125,0,0,0,0,0,14,4,25,10,100
RANDOM,314027,604.8734826394367,2.3036259352125095,445.27923823147125,0,0,0,0,0,14,4,25,10,100
HIGHEST_SNR,314027,604.8734826394367,2.3036259352125095,445.27923823147125,0,0,0,0,0,14,4,25,10,100
SHORTEST_PULSE,314027,604.8734826394367,2.3036259352125095,445.27923823147125,0,0,0,0,0,14,4,25,10,100
METROLOGY_CONDITIONED_EIG,314027,604.8734826394367,2.3036259352125095,445.27923823147125,0,0,0,0,0,14,4,25,10,100
NO_PASSIVE,314028,695.8669020646994,2.5057460964180303,445.27923823147125,0,0,0,0,0,14,4,25,10,100
RANDOM,314028,695.8669020646994,2.5057460964180303,445.27923823147125,0,0,0,0,0,14,4,25,10,100
HIGHEST_SNR,314028,695.8669020646994,2.5057460964180303,445.27923823147125,0,0,0,0,0,14,4,25,10,100
SHORTEST_PULSE,314028,695.8669020646994,2.5057460964180303,445.27923823147125,0,0,0,0,0,14,4,25,10,100
METROLOGY_CONDITIONED_EIG,314028,695.8669020646994,2.5057460964180303,445.27923823147125,0,0,0,0,0,14,4,25,10,100
NO_PASSIVE,314029,389.7575656531981,1.7839296505613809,445.27923823147125,0,0,0,0,0,14,4,25,10,100
RANDOM,314029,389.7575656531981,1.7839296505613809,445.27923823147125,0,0,0,0,0,14,4,25,10,100
HIGHEST_SNR,314029,389.7575656531981,1.7839296505613809,445.27923823147125,0,0,0,0,0,14,4,25,10,100
SHORTEST_PULSE,314029,389.7575656531981,1.7839296505613809,445.27923823147125,0,0,0,0,0,14,4,25,10,100
METROLOGY_CONDITIONED_EIG,314029,389.7575656531981,1.7839296505613809,445.27923823147125,0,0,0,0,0,14,4,25,10,100
NO_PASSIVE,315000,690.6918541949916,2.8956363434375154,445.27923823147125,0,0,0,0,0,15,4,25,100,30
RANDOM,315000,690.6918541949916,2.8956363434375154,445.27923823147125,0,0,0,0,0,15,4,25,100,30
HIGHEST_SNR,315000,690.6918541949916,2.8956363434375154,445.27923823147125,0,0,0,0,0,15,4,25,100,30
SHORTEST_PULSE,315000,690.6918541949916,2.8956363434375154,445.27923823147125,0,0,0,0,0,15,4,25,100,30
METROLOGY_CONDITIONED_EIG,315000,690.6918541949916,2.8956363434375154,445.27923823147125,0,0,0,0,0,15,4,25,100,30
NO_PASSIVE,315001,77.17105433981511,0.7882084764712081,445.27923823147125,0,0,0,0,0,15,4,25,100,30
RANDOM,315001,77.17105433981511,0.7882084764712081,445.27923823147125,0,0,0,0,0,15,4,25,100,30
HIGHEST_SNR,315001,77.17105433981511,0.7882084764712081,445.27923823147125,0,0,0,0,0,15,4,25,100,30
SHORTEST_PULSE,315001,77.17105433981511,0.7882084764712081,445.27923823147125,0,0,0,0,0,15,4,25,100,30
METROLOGY_CONDITIONED_EIG,315001,77.17105433981511,0.7882084764712081,445.27923823147125,0,0,0,0,0,15,4,25,100,30
NO_PASSIVE,315002,508.27162228188075,0.6573583481662075,445.27923823147125,0,0,0,0,0,15,4,25,100,30
RANDOM,315002,508.27162228188075,0.6573583481662075,445.27923823147125,0,0,0,0,0,15,4,25,100,30
HIGHEST_SNR,315002,508.27162228188075,0.6573583481662075,445.27923823147125,0,0,0,0,0,15,4,25,100,30
SHORTEST_PULSE,315002,508.27162228188075,0.6573583481662075,445.27923823147125,0,0,0,0,0,15,4,25,100,30
METROLOGY_CONDITIONED_EIG,315002,508.27162228188075,0.6573583481662075,445.27923823147125,0,0,0,0,0,15,4,25,100,30
NO_PASSIVE,315003,316.3660566541188,0.434279676420583,445.27923823147125,0,0,0,0,0,15,4,25,100,30
RANDOM,315003,316.3660566541188,0.434279676420583,445.27923823147125,0,0,0,0,0,15,4,25,100,30
HIGHEST_SNR,315003,316.3660566541188,0.434279676420583,445.27923823147125,0,0,0,0,0,15,4,25,100,30
SHORTEST_PULSE,315003,316.3660566541188,0.434279676420583,445.27923823147125,0,0,0,0,0,15,4,25,100,30
METROLOGY_CONDITIONED_EIG,315003,316.3660566541188,0.434279676420583,445.27923823147125,0,0,0,0,0,15,4,25,100,30
NO_PASSIVE,315004,125.27864477495976,1.0725861705772712,445.27923823147125,0,0,0,0,0,15,4,25,100,30
RANDOM,315004,125.27864477495976,1.0725861705772712,445.27923823147125,0,0,0,0,0,15,4,25,100,30
HIGHEST_SNR,315004,125.27864477495976,1.0725861705772712,445.27923823147125,0,0,0,0,0,15,4,25,100,30
SHORTEST_PULSE,315004,125.27864477495976,1.0725861705772712,445.27923823147125,0,0,0,0,0,15,4,25,100,30
METROLOGY_CONDITIONED_EIG,315004,125.27864477495976,1.0725861705772712,445.27923823147125,0,0,0,0,0,15,4,25,100,30
NO_PASSIVE,315005,160.84964302035212,1.761741660424229,445.27923823147125,0,0,0,0,1,15,4,25,100,30
RANDOM,315005,100.19106276686641,1.8690928740010275,320.7261320437001,1,0,0,0,1,15,4,25,100,30
HIGHEST_SNR,315005,100.19106276686641,1.8690928740010275,320.7261320437001,1,0,0,0,1,15,4,25,100,30
SHORTEST_PULSE,315005,100.19106276686641,1.8690928740010275,320.7261320437001,1,0,0,0,1,15,4,25,100,30
METROLOGY_CONDITIONED_EIG,315005,100.19106276686641,1.8690928740010275,320.7261320437001,1,0,0,0,1,15,4,25,100,30
NO_PASSIVE,315006,90.94721356456576,0.9273457317434869,445.27923823147125,0,0,0,0,1,15,4,25,100,30
RANDOM,315006,17.458362460051582,0.9597038197412657,317.6469151883615,1,0,0,0,1,15,4,25,100,30
HIGHEST_SNR,315006,17.458362460051582,0.9597038197412657,317.6469151883615,1,0,0,0,1,15,4,25,100,30
SHORTEST_PULSE,315006,17.458362460051582,0.9597038197412657,317.6469151883615,1,0,0,0,1,15,4,25,100,30
METROLOGY_CONDITIONED_EIG,315006,17.458362460051582,0.9597038197412657,317.6469151883615,1,0,0,0,1,15,4,25,100,30
NO_PASSIVE,315007,288.7341068464744,0.7557500928368478,445.27923823147125,0,0,0,0,0,15,4,25,100,30
RANDOM,315007,288.7341068464744,0.7557500928368478,445.27923823147125,0,0,0,0,0,15,4,25,100,30
HIGHEST_SNR,315007,288.7341068464744,0.7557500928368478,445.27923823147125,0,0,0,0,0,15,4,25,100,30
SHORTEST_PULSE,315007,288.7341068464744,0.7557500928368478,445.27923823147125,0,0,0,0,0,15,4,25,100,30
METROLOGY_CONDITIONED_EIG,315007,288.7341068464744,0.7557500928368478,445.27923823147125,0,0,0,0,0,15,4,25,100,30
NO_PASSIVE,315008,3.0495231192701038,1.8093481889152834,445.27923823147125,0,0,0,0,0,15,4,25,100,30
RANDOM,315008,3.0495231192701038,1.8093481889152834,445.27923823147125,0,0,0,0,0,15,4,25,100,30
HIGHEST_SNR,315008,3.0495231192701038,1.8093481889152834,445.27923823147125,0,0,0,0,0,15,4,25,100,30
SHORTEST_PULSE,315008,3.0495231192701038,1.8093481889152834,445.27923823147125,0,0,0,0,0,15,4,25,100,30
METROLOGY_CONDITIONED_EIG,315008,3.0495231192701038,1.8093481889152834,445.27923823147125,0,0,0,0,0,15,4,25,100,30
NO_PASSIVE,315009,238.19914555814242,1.8460665411725665,445.27923823147125,0,0,0,0,0,15,4,25,100,30
RANDOM,315009,238.19914555814242,1.8460665411725665,445.27923823147125,0,0,0,0,0,15,4,25,100,30
HIGHEST_SNR,315009,238.19914555814242,1.8460665411725665,445.27923823147125,0,0,0,0,0,15,4,25,100,30
SHORTEST_PULSE,315009,238.19914555814242,1.8460665411725665,445.27923823147125,0,0,0,0,0,15,4,25,100,30
METROLOGY_CONDITIONED_EIG,315009,238.19914555814242,1.8460665411725665,445.27923823147125,0,0,0,0,0,15,4,25,100,30
NO_PASSIVE,315010,723.5237775794004,5.7966917668494595,445.27923823147125,0,0,0,0,19,15,4,25,100,30
RANDOM,315010,886.5314887941436,5.961086434698695,285.61765201159386,19,0,0,0,19,15,4,25,100,30
HIGHEST_SNR,315010,886.5314887941436,5.961086434698695,285.61765201159386,19,0,0,0,19,15,4,25,100,30
SHORTEST_PULSE,315010,886.5314887941436,5.961086434698695,285.61765201159386,19,0,0,0,19,15,4,25,100,30
METROLOGY_CONDITIONED_EIG,315010,886.5314887941436,5.961086434698695,285.61765201159386,19,0,0,0,19,15,4,25,100,30
NO_PASSIVE,315011,660.5950152697603,2.3196323717268905,445.27923823147125,0,0,0,0,0,15,4,25,100,30
RANDOM,315011,660.5950152697603,2.3196323717268905,445.27923823147125,0,0,0,0,0,15,4,25,100,30
HIGHEST_SNR,315011,660.5950152697603,2.3196323717268905,445.27923823147125,0,0,0,0,0,15,4,25,100,30
SHORTEST_PULSE,315011,660.5950152697603,2.3196323717268905,445.27923823147125,0,0,0,0,0,15,4,25,100,30
METROLOGY_CONDITIONED_EIG,315011,660.5950152697603,2.3196323717268905,445.27923823147125,0,0,0,0,0,15,4,25,100,30
NO_PASSIVE,315012,323.7379590369638,2.32416788486825,445.27923823147125,0,0,0,0,0,15,4,25,100,30
RANDOM,315012,323.7379590369638,2.32416788486825,445.27923823147125,0,0,0,0,0,15,4,25,100,30
HIGHEST_SNR,315012,323.7379590369638,2.32416788486825,445.27923823147125,0,0,0,0,0,15,4,25,100,30
SHORTEST_PULSE,315012,323.7379590369638,2.32416788486825,445.27923823147125,0,0,0,0,0,15,4,25,100,30
METROLOGY_CONDITIONED_EIG,315012,323.7379590369638,2.32416788486825,445.27923823147125,0,0,0,0,0,15,4,25,100,30
NO_PASSIVE,315013,557.5952171008887,0.7631604640868719,445.27923823147125,0,0,0,0,1,15,4,25,100,30
RANDOM,315013,118.26154769772879,0.9153913481248762,340.41037043767466,1,0,0,0,1,15,4,25,100,30
HIGHEST_SNR,315013,118.26154769772879,0.9153913481248762,340.41037043767466,1,0,0,0,1,15,4,25,100,30
SHORTEST_PULSE,315013,118.26154769772879,0.9153913481248762,340.41037043767466,1,0,0,0,1,15,4,25,100,30
METROLOGY_CONDITIONED_EIG,315013,118.26154769772879,0.9153913481248762,340.41037043767466,1,0,0,0,1,15,4,25,100,30
NO_PASSIVE,315014,701.2969445974695,3.1435600316505607,445.27923823147125,0,0,0,0,0,15,4,25,100,30
RANDOM,315014,701.2969445974695,3.1435600316505607,445.27923823147125,0,0,0,0,0,15,4,25,100,30
HIGHEST_SNR,315014,701.2969445974695,3.1435600316505607,445.27923823147125,0,0,0,0,0,15,4,25,100,30
SHORTEST_PULSE,315014,701.2969445974695,3.1435600316505607,445.27923823147125,0,0,0,0,0,15,4,25,100,30
METROLOGY_CONDITIONED_EIG,315014,701.2969445974695,3.1435600316505607,445.27923823147125,0,0,0,0,0,15,4,25,100,30
NO_PASSIVE,315015,246.5164524829424,2.5978088217089748,445.27923823147125,0,0,0,0,0,15,4,25,100,30
RANDOM,315015,246.5164524829424,2.5978088217089748,445.27923823147125,0,0,0,0,0,15,4,25,100,30
HIGHEST_SNR,315015,246.5164524829424,2.5978088217089748,445.27923823147125,0,0,0,0,0,15,4,25,100,30
SHORTEST_PULSE,315015,246.5164524829424,2.5978088217089748,445.27923823147125,0,0,0,0,0,15,4,25,100,30
METROLOGY_CONDITIONED_EIG,315015,246.5164524829424,2.5978088217089748,445.27923823147125,0,0,0,0,0,15,4,25,100,30
NO_PASSIVE,315016,307.71715158705183,2.0546080928650436,445.27923823147125,0,0,0,0,0,15,4,25,100,30
RANDOM,315016,307.71715158705183,2.0546080928650436,445.27923823147125,0,0,0,0,0,15,4,25,100,30
HIGHEST_SNR,315016,307.71715158705183,2.0546080928650436,445.27923823147125,0,0,0,0,0,15,4,25,100,30
SHORTEST_PULSE,315016,307.71715158705183,2.0546080928650436,445.27923823147125,0,0,0,0,0,15,4,25,100,30
METROLOGY_CONDITIONED_EIG,315016,307.71715158705183,2.0546080928650436,445.27923823147125,0,0,0,0,0,15,4,25,100,30
NO_PASSIVE,315017,36.560916768393575,1.6784916780156574,445.27923823147125,0,0,0,0,0,15,4,25,100,30
RANDOM,315017,36.560916768393575,1.6784916780156574,445.27923823147125,0,0,0,0,0,15,4,25,100,30
HIGHEST_SNR,315017,36.560916768393575,1.6784916780156574,445.27923823147125,0,0,0,0,0,15,4,25,100,30
SHORTEST_PULSE,315017,36.560916768393575,1.6784916780156574,445.27923823147125,0,0,0,0,0,15,4,25,100,30
METROLOGY_CONDITIONED_EIG,315017,36.560916768393575,1.6784916780156574,445.27923823147125,0,0,0,0,0,15,4,25,100,30
NO_PASSIVE,315018,299.6651267691129,1.8809664162669695,445.27923823147125,0,0,0,0,0,15,4,25,100,30
RANDOM,315018,299.6651267691129,1.8809664162669695,445.27923823147125,0,0,0,0,0,15,4,25,100,30
HIGHEST_SNR,315018,299.6651267691129,1.8809664162669695,445.27923823147125,0,0,0,0,0,15,4,25,100,30
SHORTEST_PULSE,315018,299.6651267691129,1.8809664162669695,445.27923823147125,0,0,0,0,0,15,4,25,100,30
METROLOGY_CONDITIONED_EIG,315018,299.6651267691129,1.8809664162669695,445.27923823147125,0,0,0,0,0,15,4,25,100,30
NO_PASSIVE,315019,224.21717578470466,1.1839521701318099,445.27923823147125,0,0,0,0,23,15,4,25,100,30
RANDOM,315019,168.4921061788157,1.2668922512459038,293.627056434037,23,0,0,0,23,15,4,25,100,30
HIGHEST_SNR,315019,168.4921061788157,1.2668922512459038,293.627056434037,23,0,0,0,23,15,4,25,100,30
SHORTEST_PULSE,315019,168.4921061788157,1.2668922512459038,293.627056434037,23,0,0,0,23,15,4,25,100,30
METROLOGY_CONDITIONED_EIG,315019,168.4921061788157,1.2668922512459038,293.627056434037,23,0,0,0,23,15,4,25,100,30
NO_PASSIVE,315020,208.76361725492023,1.4267318819949095,445.27923823147125,0,0,0,0,0,15,4,25,100,30
RANDOM,315020,208.76361725492023,1.4267318819949095,445.27923823147125,0,0,0,0,0,15,4,25,100,30
HIGHEST_SNR,315020,208.76361725492023,1.4267318819949095,445.27923823147125,0,0,0,0,0,15,4,25,100,30
SHORTEST_PULSE,315020,208.76361725492023,1.4267318819949095,445.27923823147125,0,0,0,0,0,15,4,25,100,30
METROLOGY_CONDITIONED_EIG,315020,208.76361725492023,1.4267318819949095,445.27923823147125,0,0,0,0,0,15,4,25,100,30
NO_PASSIVE,315021,579.8023986507867,1.1346263231776978,445.27923823147125,0,0,0,0,0,15,4,25,100,30
RANDOM,315021,579.8023986507867,1.1346263231776978,445.27923823147125,0,0,0,0,0,15,4,25,100,30
HIGHEST_SNR,315021,579.8023986507867,1.1346263231776978,445.27923823147125,0,0,0,0,0,15,4,25,100,30
SHORTEST_PULSE,315021,579.8023986507867,1.1346263231776978,445.27923823147125,0,0,0,0,0,15,4,25,100,30
METROLOGY_CONDITIONED_EIG,315021,579.8023986507867,1.1346263231776978,445.27923823147125,0,0,0,0,0,15,4,25,100,30
NO_PASSIVE,315022,174.62963980919758,2.4362952226370247,445.27923823147125,0,0,0,0,0,15,4,25,100,30
RANDOM,315022,174.62963980919758,2.4362952226370247,445.27923823147125,0,0,0,0,0,15,4,25,100,30
HIGHEST_SNR,315022,174.62963980919758,2.4362952226370247,445.27923823147125,0,0,0,0,0,15,4,25,100,30
SHORTEST_PULSE,315022,174.62963980919758,2.4362952226370247,445.27923823147125,0,0,0,0,0,15,4,25,100,30
METROLOGY_CONDITIONED_EIG,315022,174.62963980919758,2.4362952226370247,445.27923823147125,0,0,0,0,0,15,4,25,100,30
NO_PASSIVE,315023,486.00936773741154,1.2799285082210126,445.27923823147125,0,0,0,0,0,15,4,25,100,30
RANDOM,315023,486.00936773741154,1.2799285082210126,445.27923823147125,0,0,0,0,0,15,4,25,100,30
HIGHEST_SNR,315023,486.00936773741154,1.2799285082210126,445.27923823147125,0,0,0,0,0,15,4,25,100,30
SHORTEST_PULSE,315023,486.00936773741154,1.2799285082210126,445.27923823147125,0,0,0,0,0,15,4,25,100,30
METROLOGY_CONDITIONED_EIG,315023,486.00936773741154,1.2799285082210126,445.27923823147125,0,0,0,0,0,15,4,25,100,30
NO_PASSIVE,315024,247.14685436201324,1.44640644332382,445.27923823147125,0,0,0,0,0,15,4,25,100,30
RANDOM,315024,247.14685436201324,1.44640644332382,445.27923823147125,0,0,0,0,0,15,4,25,100,30
HIGHEST_SNR,315024,247.14685436201324,1.44640644332382,445.27923823147125,0,0,0,0,0,15,4,25,100,30
SHORTEST_PULSE,315024,247.14685436201324,1.44640644332382,445.27923823147125,0,0,0,0,0,15,4,25,100,30
METROLOGY_CONDITIONED_EIG,315024,247.14685436201324,1.44640644332382,445.27923823147125,0,0,0,0,0,15,4,25,100,30
NO_PASSIVE,315025,292.05429423436107,2.398851048854974,445.27923823147125,0,0,0,0,22,15,4,25,100,30
RANDOM,315025,166.2164062265591,2.2467519208565894,142.63076776581718,18,2,0,0,22,15,4,25,100,30
HIGHEST_SNR,315025,322.6726716834925,2.162503560479691,336.4505151476318,18,2,0,0,22,15,4,25,100,30
SHORTEST_PULSE,315025,322.6726716834925,2.162503560479691,336.4505151476318,18,2,0,0,22,15,4,25,100,30
METROLOGY_CONDITIONED_EIG,315025,152.8412071537377,2.2118761002820344,139.9878158021878,18,2,0,0,22,15,4,25,100,30
NO_PASSIVE,315026,749.3190334606618,2.470194500087118,445.27923823147125,0,0,0,0,0,15,4,25,100,30
RANDOM,315026,749.3190334606618,2.470194500087118,445.27923823147125,0,0,0,0,0,15,4,25,100,30
HIGHEST_SNR,315026,749.3190334606618,2.470194500087118,445.27923823147125,0,0,0,0,0,15,4,25,100,30
SHORTEST_PULSE,315026,749.3190334606618,2.470194500087118,445.27923823147125,0,0,0,0,0,15,4,25,100,30
METROLOGY_CONDITIONED_EIG,315026,749.3190334606618,2.470194500087118,445.27923823147125,0,0,0,0,0,15,4,25,100,30
NO_PASSIVE,315027,78.98006026289536,0.9907191141325162,445.27923823147125,0,0,0,0,0,15,4,25,100,30
RANDOM,315027,78.98006026289536,0.9907191141325162,445.27923823147125,0,0,0,0,0,15,4,25,100,30
HIGHEST_SNR,315027,78.98006026289536,0.9907191141325162,445.27923823147125,0,0,0,0,0,15,4,25,100,30
SHORTEST_PULSE,315027,78.98006026289536,0.9907191141325162,445.27923823147125,0,0,0,0,0,15,4,25,100,30
METROLOGY_CONDITIONED_EIG,315027,78.98006026289536,0.9907191141325162,445.27923823147125,0,0,0,0,0,15,4,25,100,30
NO_PASSIVE,315028,636.2887466169516,0.6124906697870411,445.27923823147125,0,0,0,0,0,15,4,25,100,30
RANDOM,315028,636.2887466169516,0.6124906697870411,445.27923823147125,0,0,0,0,0,15,4,25,100,30
HIGHEST_SNR,315028,636.2887466169516,0.6124906697870411,445.27923823147125,0,0,0,0,0,15,4,25,100,30
SHORTEST_PULSE,315028,636.2887466169516,0.6124906697870411,445.27923823147125,0,0,0,0,0,15,4,25,100,30
METROLOGY_CONDITIONED_EIG,315028,636.2887466169516,0.6124906697870411,445.27923823147125,0,0,0,0,0,15,4,25,100,30
NO_PASSIVE,315029,695.680462022481,2.55948253698982,445.27923823147125,0,0,0,0,5,15,4,25,100,30
RANDOM,315029,652.9837125223357,0.46247363826457816,312.9744694014279,5,0,0,0,5,15,4,25,100,30
HIGHEST_SNR,315029,652.9837125223357,0.46247363826457816,312.9744694014279,5,0,0,0,5,15,4,25,100,30
SHORTEST_PULSE,315029,652.9837125223357,0.46247363826457816,312.9744694014279,5,0,0,0,5,15,4,25,100,30
METROLOGY_CONDITIONED_EIG,315029,652.9837125223357,0.46247363826457816,312.9744694014279,5,0,0,0,5,15,4,25,100,30
NO_PASSIVE,316000,484.0723010460213,0.9119589153161614,445.27923823147125,0,0,0,0,0,16,4,25,100,100
RANDOM,316000,484.0723010460213,0.9119589153161614,445.27923823147125,0,0,0,0,0,16,4,25,100,100
HIGHEST_SNR,316000,484.0723010460213,0.9119589153161614,445.27923823147125,0,0,0,0,0,16,4,25,100,100
SHORTEST_PULSE,316000,484.0723010460213,0.9119589153161614,445.27923823147125,0,0,0,0,0,16,4,25,100,100
METROLOGY_CONDITIONED_EIG,316000,484.0723010460213,0.9119589153161614,445.27923823147125,0,0,0,0,0,16,4,25,100,100
NO_PASSIVE,316001,456.5363613023719,2.3285033798481214,445.27923823147125,0,0,0,0,4,16,4,25,100,100
RANDOM,316001,75.30532348151654,2.0624429367890804,106.9335280144842,4,0,0,0,4,16,4,25,100,100
HIGHEST_SNR,316001,75.30532348151654,2.0624429367890804,106.9335280144842,4,0,0,0,4,16,4,25,100,100
SHORTEST_PULSE,316001,75.30532348151654,2.0624429367890804,106.9335280144842,4,0,0,0,4,16,4,25,100,100
METROLOGY_CONDITIONED_EIG,316001,75.30532348151654,2.0624429367890804,106.9335280144842,4,0,0,0,4,16,4,25,100,100
NO_PASSIVE,316002,360.17066606480745,3.111952530087679,445.27923823147125,0,0,0,0,0,16,4,25,100,100
RANDOM,316002,360.17066606480745,3.111952530087679,445.27923823147125,0,0,0,0,0,16,4,25,100,100
HIGHEST_SNR,316002,360.17066606480745,3.111952530087679,445.27923823147125,0,0,0,0,0,16,4,25,100,100
SHORTEST_PULSE,316002,360.17066606480745,3.111952530087679,445.27923823147125,0,0,0,0,0,16,4,25,100,100
METROLOGY_CONDITIONED_EIG,316002,360.17066606480745,3.111952530087679,445.27923823147125,0,0,0,0,0,16,4,25,100,100
NO_PASSIVE,316003,265.02520617347386,1.834644330676462,445.27923823147125,0,0,0,0,2,16,4,25,100,100
RANDOM,316003,251.53966104807355,1.383106350048464,323.9942767123866,2,0,0,0,2,16,4,25,100,100
HIGHEST_SNR,316003,251.53966104807355,1.383106350048464,323.9942767123866,2,0,0,0,2,16,4,25,100,100
SHORTEST_PULSE,316003,251.53966104807355,1.383106350048464,323.9942767123866,2,0,0,0,2,16,4,25,100,100
METROLOGY_CONDITIONED_EIG,316003,251.53966104807355,1.383106350048464,323.9942767123866,2,0,0,0,2,16,4,25,100,100
NO_PASSIVE,316004,329.6214264435853,0.8516191832229074,445.27923823147125,0,0,0,0,0,16,4,25,100,100
RANDOM,316004,329.6214264435853,0.8516191832229074,445.27923823147125,0,0,0,0,0,16,4,25,100,100
HIGHEST_SNR,316004,329.6214264435853,0.8516191832229074,445.27923823147125,0,0,0,0,0,16,4,25,100,100
SHORTEST_PULSE,316004,329.6214264435853,0.8516191832229074,445.27923823147125,0,0,0,0,0,16,4,25,100,100
METROLOGY_CONDITIONED_EIG,316004,329.6214264435853,0.8516191832229074,445.27923823147125,0,0,0,0,0,16,4,25,100,100
NO_PASSIVE,316005,273.380656146465,1.2627809749855972,445.27923823147125,0,0,0,0,0,16,4,25,100,100
RANDOM,316005,273.380656146465,1.2627809749855972,445.27923823147125,0,0,0,0,0,16,4,25,100,100
HIGHEST_SNR,316005,273.380656146465,1.2627809749855972,445.27923823147125,0,0,0,0,0,16,4,25,100,100
SHORTEST_PULSE,316005,273.380656146465,1.2627809749855972,445.27923823147125,0,0,0,0,0,16,4,25,100,100
METROLOGY_CONDITIONED_EIG,316005,273.380656146465,1.2627809749855972,445.27923823147125,0,0,0,0,0,16,4,25,100,100
NO_PASSIVE,316006,85.94569444348227,1.6984695136651486,445.27923823147125,0,0,0,0,0,16,4,25,100,100
RANDOM,316006,85.94569444348227,1.6984695136651486,445.27923823147125,0,0,0,0,0,16,4,25,100,100
HIGHEST_SNR,316006,85.94569444348227,1.6984695136651486,445.27923823147125,0,0,0,0,0,16,4,25,100,100
SHORTEST_PULSE,316006,85.94569444348227,1.6984695136651486,445.27923823147125,0,0,0,0,0,16,4,25,100,100
METROLOGY_CONDITIONED_EIG,316006,85.94569444348227,1.6984695136651486,445.27923823147125,0,0,0,0,0,16,4,25,100,100
NO_PASSIVE,316007,330.6661348513313,2.646508902882963,445.27923823147125,0,0,0,0,0,16,4,25,100,100
RANDOM,316007,330.6661348513313,2.646508902882963,445.27923823147125,0,0,0,0,0,16,4,25,100,100
HIGHEST_SNR,316007,330.6661348513313,2.646508902882963,445.27923823147125,0,0,0,0,0,16,4,25,100,100
SHORTEST_PULSE,316007,330.6661348513313,2.646508902882963,445.27923823147125,0,0,0,0,0,16,4,25,100,100
METROLOGY_CONDITIONED_EIG,316007,330.6661348513313,2.646508902882963,445.27923823147125,0,0,0,0,0,16,4,25,100,100
NO_PASSIVE,316008,496.5304316958935,0.5679929899258075,445.27923823147125,0,0,0,0,0,16,4,25,100,100
RANDOM,316008,496.5304316958935,0.5679929899258075,445.27923823147125,0,0,0,0,0,16,4,25,100,100
HIGHEST_SNR,316008,496.5304316958935,0.5679929899258075,445.27923823147125,0,0,0,0,0,16,4,25,100,100
SHORTEST_PULSE,316008,496.5304316958935,0.5679929899258075,445.27923823147125,0,0,0,0,0,16,4,25,100,100
METROLOGY_CONDITIONED_EIG,316008,496.5304316958935,0.5679929899258075,445.27923823147125,0,0,0,0,0,16,4,25,100,100
NO_PASSIVE,316009,120.13632439030793,0.28584106555801486,445.27923823147125,0,0,0,0,0,16,4,25,100,100
RANDOM,316009,120.13632439030793,0.28584106555801486,445.27923823147125,0,0,0,0,0,16,4,25,100,100
HIGHEST_SNR,316009,120.13632439030793,0.28584106555801486,445.27923823147125,0,0,0,0,0,16,4,25,100,100
SHORTEST_PULSE,316009,120.13632439030793,0.28584106555801486,445.27923823147125,0,0,0,0,0,16,4,25,100,100
METROLOGY_CONDITIONED_EIG,316009,120.13632439030793,0.28584106555801486,445.27923823147125,0,0,0,0,0,16,4,25,100,100
NO_PASSIVE,316010,458.1984751618384,2.9300087909649926,445.27923823147125,0,0,0,0,0,16,4,25,100,100
RANDOM,316010,458.1984751618384,2.9300087909649926,445.27923823147125,0,0,0,0,0,16,4,25,100,100
HIGHEST_SNR,316010,458.1984751618384,2.9300087909649926,445.27923823147125,0,0,0,0,0,16,4,25,100,100
SHORTEST_PULSE,316010,458.1984751618384,2.9300087909649926,445.27923823147125,0,0,0,0,0,16,4,25,100,100
METROLOGY_CONDITIONED_EIG,316010,458.1984751618384,2.9300087909649926,445.27923823147125,0,0,0,0,0,16,4,25,100,100
NO_PASSIVE,316011,763.5191125684782,2.559570154378018,445.27923823147125,0,0,0,0,1,16,4,25,100,100
RANDOM,316011,187.26526467219307,2.2079400407718044,324.52764872556287,1,0,0,0,1,16,4,25,100,100
HIGHEST_SNR,316011,187.26526467219307,2.2079400407718044,324.52764872556287,1,0,0,0,1,16,4,25,100,100
SHORTEST_PULSE,316011,187.26526467219307,2.2079400407718044,324.52764872556287,1,0,0,0,1,16,4,25,100,100
METROLOGY_CONDITIONED_EIG,316011,187.26526467219307,2.2079400407718044,324.52764872556287,1,0,0,0,1,16,4,25,100,100
NO_PASSIVE,316012,530.443350484464,1.429825564877108,445.27923823147125,0,0,0,0,0,16,4,25,100,100
RANDOM,316012,530.443350484464,1.429825564877108,445.27923823147125,0,0,0,0,0,16,4,25,100,100
HIGHEST_SNR,316012,530.443350484464,1.429825564877108,445.27923823147125,0,0,0,0,0,16,4,25,100,100
SHORTEST_PULSE,316012,530.443350484464,1.429825564877108,445.27923823147125,0,0,0,0,0,16,4,25,100,100
METROLOGY_CONDITIONED_EIG,316012,530.443350484464,1.429825564877108,445.27923823147125,0,0,0,0,0,16,4,25,100,100
NO_PASSIVE,316013,172.41255259198175,1.3101754133318986,445.27923823147125,0,0,0,0,0,16,4,25,100,100
RANDOM,316013,172.41255259198175,1.3101754133318986,445.27923823147125,0,0,0,0,0,16,4,25,100,100
HIGHEST_SNR,316013,172.41255259198175,1.3101754133318986,445.27923823147125,0,0,0,0,0,16,4,25,100,100
SHORTEST_PULSE,316013,172.41255259198175,1.3101754133318986,445.27923823147125,0,0,0,0,0,16,4,25,100,100
METROLOGY_CONDITIONED_EIG,316013,172.41255259198175,1.3101754133318986,445.27923823147125,0,0,0,0,0,16,4,25,100,100
NO_PASSIVE,316014,289.4849800875227,1.366731984493332,445.27923823147125,0,0,0,0,0,16,4,25,100,100
RANDOM,316014,289.4849800875227,1.366731984493332,445.27923823147125,0,0,0,0,0,16,4,25,100,100
HIGHEST_SNR,316014,289.4849800875227,1.366731984493332,445.27923823147125,0,0,0,0,0,16,4,25,100,100
SHORTEST_PULSE,316014,289.4849800875227,1.366731984493332,445.27923823147125,0,0,0,0,0,16,4,25,100,100
METROLOGY_CONDITIONED_EIG,316014,289.4849800875227,1.366731984493332,445.27923823147125,0,0,0,0,0,16,4,25,100,100
NO_PASSIVE,316015,340.1129739963708,0.2811365829272826,445.27923823147125,0,0,0,0,0,16,4,25,100,100
RANDOM,316015,340.1129739963708,0.2811365829272826,445.27923823147125,0,0,0,0,0,16,4,25,100,100
HIGHEST_SNR,316015,340.1129739963708,0.2811365829272826,445.27923823147125,0,0,0,0,0,16,4,25,100,100
SHORTEST_PULSE,316015,340.1129739963708,0.2811365829272826,445.27923823147125,0,0,0,0,0,16,4,25,100,100
METROLOGY_CONDITIONED_EIG,316015,340.1129739963708,0.2811365829272826,445.27923823147125,0,0,0,0,0,16,4,25,100,100
NO_PASSIVE,316016,185.00618703313677,2.923876108409067,445.27923823147125,0,0,0,0,0,16,4,25,100,100
RANDOM,316016,185.00618703313677,2.923876108409067,445.27923823147125,0,0,0,0,0,16,4,25,100,100
HIGHEST_SNR,316016,185.00618703313677,2.923876108409067,445.27923823147125,0,0,0,0,0,16,4,25,100,100
SHORTEST_PULSE,316016,185.00618703313677,2.923876108409067,445.27923823147125,0,0,0,0,0,16,4,25,100,100
METROLOGY_CONDITIONED_EIG,316016,185.00618703313677,2.923876108409067,445.27923823147125,0,0,0,0,0,16,4,25,100,100
NO_PASSIVE,316017,485.37555667330145,1.51670451295519,445.27923823147125,0,0,0,0,0,16,4,25,100,100
RANDOM,316017,485.37555667330145,1.51670451295519,445.27923823147125,0,0,0,0,0,16,4,25,100,100
HIGHEST_SNR,316017,485.37555667330145,1.51670451295519,445.27923823147125,0,0,0,0,0,16,4,25,100,100
SHORTEST_PULSE,316017,485.37555667330145,1.51670451295519,445.27923823147125,0,0,0,0,0,16,4,25,100,100
METROLOGY_CONDITIONED_EIG,316017,485.37555667330145,1.51670451295519,445.27923823147125,0,0,0,0,0,16,4,25,100,100
NO_PASSIVE,316018,190.3171857481117,1.2618447995496955,445.27923823147125,0,0,0,0,0,16,4,25,100,100
RANDOM,316018,190.3171857481117,1.2618447995496955,445.27923823147125,0,0,0,0,0,16,4,25,100,100
HIGHEST_SNR,316018,190.3171857481117,1.2618447995496955,445.27923823147125,0,0,0,0,0,16,4,25,100,100
SHORTEST_PULSE,316018,190.3171857481117,1.2618447995496955,445.27923823147125,0,0,0,0,0,16,4,25,100,100
METROLOGY_CONDITIONED_EIG,316018,190.3171857481117,1.2618447995496955,445.27923823147125,0,0,0,0,0,16,4,25,100,100
NO_PASSIVE,316019,213.97641011887316,1.4866771039582782,445.27923823147125,0,0,0,0,24,16,4,25,100,100
RANDOM,316019,354.9241761116593,1.5046243089694893,286.356820291056,24,0,0,0,24,16,4,25,100,100
HIGHEST_SNR,316019,354.9241761116593,1.5046243089694893,286.356820291056,24,0,0,0,24,16,4,25,100,100
SHORTEST_PULSE,316019,354.9241761116593,1.5046243089694893,286.356820291056,24,0,0,0,24,16,4,25,100,100
METROLOGY_CONDITIONED_EIG,316019,354.9241761116593,1.5046243089694893,286.356820291056,24,0,0,0,24,16,4,25,100,100
NO_PASSIVE,316020,252.94471708073027,0.9482635875681502,445.27923823147125,0,0,0,0,0,16,4,25,100,100
RANDOM,316020,252.94471708073027,0.9482635875681502,445.27923823147125,0,0,0,0,0,16,4,25,100,100
HIGHEST_SNR,316020,252.94471708073027,0.9482635875681502,445.27923823147125,0,0,0,0,0,16,4,25,100,100
SHORTEST_PULSE,316020,252.94471708073027,0.9482635875681502,445.27923823147125,0,0,0,0,0,16,4,25,100,100
METROLOGY_CONDITIONED_EIG,316020,252.94471708073027,0.9482635875681502,445.27923823147125,0,0,0,0,0,16,4,25,100,100
NO_PASSIVE,316021,307.28807872988875,1.2727398066535802,445.27923823147125,0,0,0,0,0,16,4,25,100,100
RANDOM,316021,307.28807872988875,1.2727398066535802,445.27923823147125,0,0,0,0,0,16,4,25,100,100
HIGHEST_SNR,316021,307.28807872988875,1.2727398066535802,445.27923823147125,0,0,0,0,0,16,4,25,100,100
SHORTEST_PULSE,316021,307.28807872988875,1.2727398066535802,445.27923823147125,0,0,0,0,0,16,4,25,100,100
METROLOGY_CONDITIONED_EIG,316021,307.28807872988875,1.2727398066535802,445.27923823147125,0,0,0,0,0,16,4,25,100,100
NO_PASSIVE,316022,204.27093025082303,2.5894925146917807,445.27923823147125,0,0,0,0,0,16,4,25,100,100
RANDOM,316022,204.27093025082303,2.5894925146917807,445.27923823147125,0,0,0,0,0,16,4,25,100,100
HIGHEST_SNR,316022,204.27093025082303,2.5894925146917807,445.27923823147125,0,0,0,0,0,16,4,25,100,100
SHORTEST_PULSE,316022,204.27093025082303,2.5894925146917807,445.27923823147125,0,0,0,0,0,16,4,25,100,100
METROLOGY_CONDITIONED_EIG,316022,204.27093025082303,2.5894925146917807,445.27923823147125,0,0,0,0,0,16,4,25,100,100
NO_PASSIVE,316023,200.34697180841323,1.459705146201976,445.27923823147125,0,0,0,0,0,16,4,25,100,100
RANDOM,316023,200.34697180841323,1.459705146201976,445.27923823147125,0,0,0,0,0,16,4,25,100,100
HIGHEST_SNR,316023,200.34697180841323,1.459705146201976,445.27923823147125,0,0,0,0,0,16,4,25,100,100
SHORTEST_PULSE,316023,200.34697180841323,1.459705146201976,445.27923823147125,0,0,0,0,0,16,4,25,100,100
METROLOGY_CONDITIONED_EIG,316023,200.34697180841323,1.459705146201976,445.27923823147125,0,0,0,0,0,16,4,25,100,100
NO_PASSIVE,316024,901.0713643122158,3.3054783434163775,445.27923823147125,0,0,0,0,0,16,4,25,100,100
RANDOM,316024,901.0713643122158,3.3054783434163775,445.27923823147125,0,0,0,0,0,16,4,25,100,100
HIGHEST_SNR,316024,901.0713643122158,3.3054783434163775,445.27923823147125,0,0,0,0,0,16,4,25,100,100
SHORTEST_PULSE,316024,901.0713643122158,3.3054783434163775,445.27923823147125,0,0,0,0,0,16,4,25,100,100
METROLOGY_CONDITIONED_EIG,316024,901.0713643122158,3.3054783434163775,445.27923823147125,0,0,0,0,0,16,4,25,100,100
NO_PASSIVE,316025,160.92759837399558,1.92735231634884,445.27923823147125,0,0,0,0,0,16,4,25,100,100
RANDOM,316025,160.92759837399558,1.92735231634884,445.27923823147125,0,0,0,0,0,16,4,25,100,100
HIGHEST_SNR,316025,160.92759837399558,1.92735231634884,445.27923823147125,0,0,0,0,0,16,4,25,100,100
SHORTEST_PULSE,316025,160.92759837399558,1.92735231634884,445.27923823147125,0,0,0,0,0,16,4,25,100,100
METROLOGY_CONDITIONED_EIG,316025,160.92759837399558,1.92735231634884,445.27923823147125,0,0,0,0,0,16,4,25,100,100
NO_PASSIVE,316026,100.9226890480937,1.6402486774236267,445.27923823147125,0,0,0,0,0,16,4,25,100,100
RANDOM,316026,100.9226890480937,1.6402486774236267,445.27923823147125,0,0,0,0,0,16,4,25,100,100
HIGHEST_SNR,316026,100.9226890480937,1.6402486774236267,445.27923823147125,0,0,0,0,0,16,4,25,100,100
SHORTEST_PULSE,316026,100.9226890480937,1.6402486774236267,445.27923823147125,0,0,0,0,0,16,4,25,100,100
METROLOGY_CONDITIONED_EIG,316026,100.9226890480937,1.6402486774236267,445.27923823147125,0,0,0,0,0,16,4,25,100,100
NO_PASSIVE,316027,549.8576422900511,0.6490191921166387,445.27923823147125,0,0,0,0,0,16,4,25,100,100
RANDOM,316027,549.8576422900511,0.6490191921166387,445.27923823147125,0,0,0,0,0,16,4,25,100,100
HIGHEST_SNR,316027,549.8576422900511,0.6490191921166387,445.27923823147125,0,0,0,0,0,16,4,25,100,100
SHORTEST_PULSE,316027,549.8576422900511,0.6490191921166387,445.27923823147125,0,0,0,0,0,16,4,25,100,100
METROLOGY_CONDITIONED_EIG,316027,549.8576422900511,0.6490191921166387,445.27923823147125,0,0,0,0,0,16,4,25,100,100
NO_PASSIVE,316028,771.111414282068,1.489796680005254,445.27923823147125,0,0,0,0,0,16,4,25,100,100
RANDOM,316028,771.111414282068,1.489796680005254,445.27923823147125,0,0,0,0,0,16,4,25,100,100
HIGHEST_SNR,316028,771.111414282068,1.489796680005254,445.27923823147125,0,0,0,0,0,16,4,25,100,100
SHORTEST_PULSE,316028,771.111414282068,1.489796680005254,445.27923823147125,0,0,0,0,0,16,4,25,100,100
METROLOGY_CONDITIONED_EIG,316028,771.111414282068,1.489796680005254,445.27923823147125,0,0,0,0,0,16,4,25,100,100
NO_PASSIVE,316029,658.2227415498166,1.0623783133360336,445.27923823147125,0,0,0,0,1,16,4,25,100,100
RANDOM,316029,603.0130830354303,0.9156767535858629,328.84998569623656,1,0,0,0,1,16,4,25,100,100
HIGHEST_SNR,316029,603.0130830354303,0.9156767535858629,328.84998569623656,1,0,0,0,1,16,4,25,100,100
SHORTEST_PULSE,316029,603.0130830354303,0.9156767535858629,328.84998569623656,1,0,0,0,1,16,4,25,100,100
METROLOGY_CONDITIONED_EIG,316029,603.0130830354303,0.9156767535858629,328.84998569623656,1,0,0,0,1,16,4,25,100,100
NO_PASSIVE,317000,210.633027944441,0.421185817507849,445.27923823147125,0,0,0,0,26,17,4,25,1000,30
RANDOM,317000,35.47602557017962,0.6877802498720992,79.16948041968882,26,0,0,0,26,17,4,25,1000,30
HIGHEST_SNR,317000,35.47602557017962,0.6877802498720992,79.16948041968882,26,0,0,0,26,17,4,25,1000,30
SHORTEST_PULSE,317000,35.47602557017962,0.6877802498720992,79.16948041968882,26,0,0,0,26,17,4,25,1000,30
METROLOGY_CONDITIONED_EIG,317000,35.47602557017962,0.6877802498720992,79.16948041968882,26,0,0,0,26,17,4,25,1000,30
NO_PASSIVE,317001,324.99583327168347,1.7781667860011041,445.27923823147125,0,0,0,0,9,17,4,25,1000,30
RANDOM,317001,45.86144735977458,0.06407951325569484,81.43256768505726,9,0,0,0,9,17,4,25,1000,30
HIGHEST_SNR,317001,45.86144735977458,0.06407951325569484,81.43256768505726,9,0,0,0,9,17,4,25,1000,30
SHORTEST_PULSE,317001,45.86144735977458,0.06407951325569484,81.43256768505726,9,0,0,0,9,17,4,25,1000,30
METROLOGY_CONDITIONED_EIG,317001,45.86144735977458,0.06407951325569484,81.43256768505726,9,0,0,0,9,17,4,25,1000,30
NO_PASSIVE,317002,1170.562420168787,3.258457993757988,445.27923823147125,0,0,0,0,0,17,4,25,1000,30
RANDOM,317002,1170.562420168787,3.258457993757988,445.27923823147125,0,0,0,0,0,17,4,25,1000,30
HIGHEST_SNR,317002,1170.562420168787,3.258457993757988,445.27923823147125,0,0,0,0,0,17,4,25,1000,30
SHORTEST_PULSE,317002,1170.562420168787,3.258457993757988,445.27923823147125,0,0,0,0,0,17,4,25,1000,30
METROLOGY_CONDITIONED_EIG,317002,1170.562420168787,3.258457993757988,445.27923823147125,0,0,0,0,0,17,4,25,1000,30
NO_PASSIVE,317003,415.6783982159298,2.2271762093932668,445.27923823147125,0,0,0,0,0,17,4,25,1000,30
RANDOM,317003,415.6783982159298,2.2271762093932668,445.27923823147125,0,0,0,0,0,17,4,25,1000,30
HIGHEST_SNR,317003,415.6783982159298,2.2271762093932668,445.27923823147125,0,0,0,0,0,17,4,25,1000,30
SHORTEST_PULSE,317003,415.6783982159298,2.2271762093932668,445.27923823147125,0,0,0,0,0,17,4,25,1000,30
METROLOGY_CONDITIONED_EIG,317003,415.6783982159298,2.2271762093932668,445.27923823147125,0,0,0,0,0,17,4,25,1000,30
NO_PASSIVE,317004,461.41673324262536,1.1684015908620704,445.27923823147125,0,0,0,0,6,17,4,25,1000,30
RANDOM,317004,462.72210240623383,1.267754993742567,315.3981172876784,6,0,0,0,6,17,4,25,1000,30
HIGHEST_SNR,317004,462.72210240623383,1.267754993742567,315.3981172876784,6,0,0,0,6,17,4,25,1000,30
SHORTEST_PULSE,317004,462.72210240623383,1.267754993742567,315.3981172876784,6,0,0,0,6,17,4,25,1000,30
METROLOGY_CONDITIONED_EIG,317004,462.72210240623383,1.267754993742567,315.3981172876784,6,0,0,0,6,17,4,25,1000,30
NO_PASSIVE,317005,976.3296153770495,0.939756756757099,445.27923823147125,0,0,0,0,24,17,4,25,1000,30
RANDOM,317005,976.3296153770495,0.939756756757099,445.27923823147125,0,24,0,0,24,17,4,25,1000,30
HIGHEST_SNR,317005,976.3296153770495,0.939756756757099,445.27923823147125,0,24,0,0,24,17,4,25,1000,30
SHORTEST_PULSE,317005,976.3296153770495,0.939756756757099,445.27923823147125,0,24,0,0,24,17,4,25,1000,30
METROLOGY_CONDITIONED_EIG,317005,976.3296153770495,0.939756756757099,445.27923823147125,0,24,0,0,24,17,4,25,1000,30
NO_PASSIVE,317006,353.7298105365446,0.2097505771144881,445.27923823147125,0,0,0,0,27,17,4,25,1000,30
RANDOM,317006,18.320312588587843,1.0034840701385206,23.873438729864965,22,0,0,0,27,17,4,25,1000,30
HIGHEST_SNR,317006,25.66659283291428,1.0017885626979908,23.642252977702324,22,0,0,0,27,17,4,25,1000,30
SHORTEST_PULSE,317006,12.678962624882866,0.8103212868924314,24.000305998277817,22,0,0,0,27,17,4,25,1000,30
METROLOGY_CONDITIONED_EIG,317006,25.23823457332487,1.1260909081568615,23.103586299908127,22,0,0,0,27,17,4,25,1000,30
NO_PASSIVE,317007,811.4569714430062,2.5791983448256026,445.27923823147125,0,0,0,0,29,17,4,25,1000,30
RANDOM,317007,52.41500647708378,2.26670254067949,45.92624263490626,24,1,0,0,29,17,4,25,1000,30
HIGHEST_SNR,317007,49.18898465192559,2.357030312182998,45.917730688519235,24,1,0,0,29,17,4,25,1000,30
SHORTEST_PULSE,317007,49.18898465192559,2.357030312182998,45.917730688519235,24,1,0,0,29,17,4,25,1000,30
METROLOGY_CONDITIONED_EIG,317007,52.045703518487564,2.212776663442626,45.93484959329247,24,1,0,0,29,17,4,25,1000,30
NO_PASSIVE,317008,169.69392411579747,0.6131992865506964,445.27923823147125,0,0,0,0,6,17,4,25,1000,30
RANDOM,317008,50.314597957252246,0.37389395226872335,318.53155988989676,6,0,0,0,6,17,4,25,1000,30
HIGHEST_SNR,317008,50.314597957252246,0.37389395226872335,318.53155988989676,6,0,0,0,6,17,4,25,1000,30
SHORTEST_PULSE,317008,50.314597957252246,0.37389395226872335,318.53155988989676,6,0,0,0,6,17,4,25,1000,30
METROLOGY_CONDITIONED_EIG,317008,50.314597957252246,0.37389395226872335,318.53155988989676,6,0,0,0,6,17,4,25,1000,30
NO_PASSIVE,317009,241.68924651882247,2.1335415435981218,445.27923823147125,0,0,0,0,2,17,4,25,1000,30
RANDOM,317009,48.294494476336666,2.0211689726938604,326.29219392125293,2,0,0,0,2,17,4,25,1000,30
HIGHEST_SNR,317009,48.294494476336666,2.0211689726938604,326.29219392125293,2,0,0,0,2,17,4,25,1000,30
SHORTEST_PULSE,317009,48.294494476336666,2.0211689726938604,326.29219392125293,2,0,0,0,2,17,4,25,1000,30
METROLOGY_CONDITIONED_EIG,317009,48.294494476336666,2.0211689726938604,326.29219392125293,2,0,0,0,2,17,4,25,1000,30
NO_PASSIVE,317010,317.3631737206984,0.9539410553153053,445.27923823147125,0,0,0,0,15,17,4,25,1000,30
RANDOM,317010,45.12101293525214,0.9384680632870962,98.19412367913239,15,0,0,0,15,17,4,25,1000,30
HIGHEST_SNR,317010,45.12101293525214,0.9384680632870962,98.19412367913239,15,0,0,0,15,17,4,25,1000,30
SHORTEST_PULSE,317010,45.12101293525214,0.9384680632870962,98.19412367913239,15,0,0,0,15,17,4,25,1000,30
METROLOGY_CONDITIONED_EIG,317010,45.12101293525214,0.9384680632870962,98.19412367913239,15,0,0,0,15,17,4,25,1000,30
NO_PASSIVE,317011,240.07280656906136,3.1053947385395637,445.27923823147125,0,0,0,0,24,17,4,25,1000,30
RANDOM,317011,135.62433953840775,2.452945409994239,313.4938826019076,24,0,0,0,24,17,4,25,1000,30
HIGHEST_SNR,317011,135.62433953840775,2.452945409994239,313.4938826019076,24,0,0,0,24,17,4,25,1000,30
SHORTEST_PULSE,317011,135.62433953840775,2.452945409994239,313.4938826019076,24,0,0,0,24,17,4,25,1000,30
METROLOGY_CONDITIONED_EIG,317011,135.62433953840775,2.452945409994239,313.4938826019076,24,0,0,0,24,17,4,25,1000,30
NO_PASSIVE,317012,840.7468728984304,1.8289522618847671,445.27923823147125,0,0,0,0,6,17,4,25,1000,30
RANDOM,317012,722.5079322319349,0.8012589455574088,315.0226950812222,5,0,0,0,6,17,4,25,1000,30
HIGHEST_SNR,317012,722.5079322319349,0.8012589455574088,315.0226950812222,5,0,0,0,6,17,4,25,1000,30
SHORTEST_PULSE,317012,30.740853029352593,1.6785683516734553,52.98173474310748,5,0,0,0,6,17,4,25,1000,30
METROLOGY_CONDITIONED_EIG,317012,30.740853029352593,1.6785683516734553,52.98173474310748,5,0,0,0,6,17,4,25,1000,30
NO_PASSIVE,317013,378.1773528922586,3.075620653426652,445.27923823147125,0,0,0,0,16,17,4,25,1000,30
RANDOM,317013,26.46511401200637,2.595195895066647,309.1914446687166,16,0,0,0,16,17,4,25,1000,30
HIGHEST_SNR,317013,26.46511401200637,2.595195895066647,309.1914446687166,16,0,0,0,16,17,4,25,1000,30
SHORTEST_PULSE,317013,26.46511401200637,2.595195895066647,309.1914446687166,16,0,0,0,16,17,4,25,1000,30
METROLOGY_CONDITIONED_EIG,317013,26.46511401200637,2.595195895066647,309.1914446687166,16,0,0,0,16,17,4,25,1000,30
NO_PASSIVE,317014,405.4600490898567,1.8496085083736165,445.27923823147125,0,0,0,0,27,17,4,25,1000,30
RANDOM,317014,473.4371458930207,2.65491259622525,216.4326007454295,27,0,0,0,27,17,4,25,1000,30
HIGHEST_SNR,317014,473.4371458930207,2.65491259622525,216.4326007454295,27,0,0,0,27,17,4,25,1000,30
SHORTEST_PULSE,317014,473.4371458930207,2.65491259622525,216.4326007454295,27,0,0,0,27,17,4,25,1000,30
METROLOGY_CONDITIONED_EIG,317014,473.4371458930207,2.65491259622525,216.4326007454295,27,0,0,0,27,17,4,25,1000,30
NO_PASSIVE,317015,566.0048279972308,1.6081830707367584,445.27923823147125,0,0,0,0,9,17,4,25,1000,30
RANDOM,317015,15.341472125804104,0.7876368614856458,47.04089682626026,7,0,0,0,9,17,4,25,1000,30
HIGHEST_SNR,317015,205.70363339826352,0.9979374580065056,313.91906088872497,7,0,0,0,9,17,4,25,1000,30
SHORTEST_PULSE,317015,15.253918460740968,0.6951250345182711,46.22038241643483,7,0,0,0,9,17,4,25,1000,30
METROLOGY_CONDITIONED_EIG,317015,15.253918460740968,0.6951250345182711,46.22038241643483,7,0,0,0,9,17,4,25,1000,30
NO_PASSIVE,317016,601.5261314287476,3.2802408455813814,445.27923823147125,0,0,0,0,0,17,4,25,1000,30
RANDOM,317016,601.5261314287476,3.2802408455813814,445.27923823147125,0,0,0,0,0,17,4,25,1000,30
HIGHEST_SNR,317016,601.5261314287476,3.2802408455813814,445.27923823147125,0,0,0,0,0,17,4,25,1000,30
SHORTEST_PULSE,317016,601.5261314287476,3.2802408455813814,445.27923823147125,0,0,0,0,0,17,4,25,1000,30
METROLOGY_CONDITIONED_EIG,317016,601.5261314287476,3.2802408455813814,445.27923823147125,0,0,0,0,0,17,4,25,1000,30
NO_PASSIVE,317017,511.836056589731,2.516767819126548,445.27923823147125,0,0,0,0,2,17,4,25,1000,30
RANDOM,317017,45.395250802503476,1.7338650077747635,50.7391365904803,2,0,0,0,2,17,4,25,1000,30
HIGHEST_SNR,317017,45.395250802503476,1.7338650077747635,50.7391365904803,2,0,0,0,2,17,4,25,1000,30
SHORTEST_PULSE,317017,45.395250802503476,1.7338650077747635,50.7391365904803,2,0,0,0,2,17,4,25,1000,30
METROLOGY_CONDITIONED_EIG,317017,45.395250802503476,1.7338650077747635,50.7391365904803,2,0,0,0,2,17,4,25,1000,30
NO_PASSIVE,317018,309.16556401095056,1.928654878680154,445.27923823147125,0,0,0,0,2,17,4,25,1000,30
RANDOM,317018,72.60674470599366,2.3267447936377534,324.2466391956352,2,0,0,0,2,17,4,25,1000,30
HIGHEST_SNR,317018,72.60674470599366,2.3267447936377534,324.2466391956352,2,0,0,0,2,17,4,25,1000,30
SHORTEST_PULSE,317018,72.60674470599366,2.3267447936377534,324.2466391956352,2,0,0,0,2,17,4,25,1000,30
METROLOGY_CONDITIONED_EIG,317018,72.60674470599366,2.3267447936377534,324.2466391956352,2,0,0,0,2,17,4,25,1000,30
NO_PASSIVE,317019,63.64944333612737,3.5821740827036512,445.27923823147125,0,0,0,0,0,17,4,25,1000,30
RANDOM,317019,63.64944333612737,3.5821740827036512,445.27923823147125,0,0,0,0,0,17,4,25,1000,30
HIGHEST_SNR,317019,63.64944333612737,3.5821740827036512,445.27923823147125,0,0,0,0,0,17,4,25,1000,30
SHORTEST_PULSE,317019,63.64944333612737,3.5821740827036512,445.27923823147125,0,0,0,0,0,17,4,25,1000,30
METROLOGY_CONDITIONED_EIG,317019,63.64944333612737,3.5821740827036512,445.27923823147125,0,0,0,0,0,17,4,25,1000,30
NO_PASSIVE,317020,945.8339652976827,3.011207960975309,445.27923823147125,0,0,0,0,1,17,4,25,1000,30
RANDOM,317020,945.8339652976827,3.011207960975309,445.27923823147125,0,1,0,0,1,17,4,25,1000,30
HIGHEST_SNR,317020,945.8339652976827,3.011207960975309,445.27923823147125,0,1,0,0,1,17,4,25,1000,30
SHORTEST_PULSE,317020,945.8339652976827,3.011207960975309,445.27923823147125,0,1,0,0,1,17,4,25,1000,30
METROLOGY_CONDITIONED_EIG,317020,945.8339652976827,3.011207960975309,445.27923823147125,0,1,0,0,1,17,4,25,1000,30
NO_PASSIVE,317021,406.47721116119743,2.4563103953617444,445.27923823147125,0,0,0,0,3,17,4,25,1000,30
RANDOM,317021,154.20400019332362,2.390894095695136,320.8600024362072,3,0,0,0,3,17,4,25,1000,30
HIGHEST_SNR,317021,154.20400019332362,2.390894095695136,320.8600024362072,3,0,0,0,3,17,4,25,1000,30
SHORTEST_PULSE,317021,154.20400019332362,2.390894095695136,320.8600024362072,3,0,0,0,3,17,4,25,1000,30
METROLOGY_CONDITIONED_EIG,317021,154.20400019332362,2.390894095695136,320.8600024362072,3,0,0,0,3,17,4,25,1000,30
NO_PASSIVE,317022,746.6366180916312,2.268057237216774,445.27923823147125,0,0,0,0,29,17,4,25,1000,30
RANDOM,317022,36.04136977646163,1.139660974400498,37.1405140260974,18,3,0,0,29,17,4,25,1000,30
HIGHEST_SNR,317022,16.378924760394206,1.309594161018702,39.24168197263817,18,3,0,0,29,17,4,25,1000,30
SHORTEST_PULSE,317022,16.378924760394206,1.309594161018702,39.24168197263817,18,3,0,0,29,17,4,25,1000,30
METROLOGY_CONDITIONED_EIG,317022,34.368627750146,1.3414760285486522,37.0183229650376,18,3,0,0,29,17,4,25,1000,30
NO_PASSIVE,317023,228.36831723102114,0.5985845979079967,445.27923823147125,0,0,0,0,12,17,4,25,1000,30
RANDOM,317023,66.12753185404003,0.8745025485532252,235.0323628793235,11,0,0,0,12,17,4,25,1000,30
HIGHEST_SNR,317023,140.00122848305116,0.7687043265715605,379.97292874541114,11,0,0,0,12,17,4,25,1000,30
SHORTEST_PULSE,317023,140.00122848305116,0.7687043265715605,379.97292874541114,11,0,0,0,12,17,4,25,1000,30
METROLOGY_CONDITIONED_EIG,317023,66.12753185404003,0.8745025485532252,235.0323628793235,11,0,0,0,12,17,4,25,1000,30
NO_PASSIVE,317024,173.52554505831597,1.6574156807163323,445.27923823147125,0,0,0,0,0,17,4,25,1000,30
RANDOM,317024,173.52554505831597,1.6574156807163323,445.27923823147125,0,0,0,0,0,17,4,25,1000,30
HIGHEST_SNR,317024,173.52554505831597,1.6574156807163323,445.27923823147125,0,0,0,0,0,17,4,25,1000,30
SHORTEST_PULSE,317024,173.52554505831597,1.6574156807163323,445.27923823147125,0,0,0,0,0,17,4,25,1000,30
METROLOGY_CONDITIONED_EIG,317024,173.52554505831597,1.6574156807163323,445.27923823147125,0,0,0,0,0,17,4,25,1000,30
NO_PASSIVE,317025,594.4560834782206,2.1833469449446508,445.27923823147125,0,0,0,0,9,17,4,25,1000,30
RANDOM,317025,33.96352687406546,1.8429115022313507,81.83083302361513,9,0,0,0,9,17,4,25,1000,30
HIGHEST_SNR,317025,33.96352687406546,1.8429115022313507,81.83083302361513,9,0,0,0,9,17,4,25,1000,30
SHORTEST_PULSE,317025,33.96352687406546,1.8429115022313507,81.83083302361513,9,0,0,0,9,17,4,25,1000,30
METROLOGY_CONDITIONED_EIG,317025,33.96352687406546,1.8429115022313507,81.83083302361513,9,0,0,0,9,17,4,25,1000,30
NO_PASSIVE,317026,667.8490075426722,1.2045984019466953,445.27923823147125,0,0,0,0,2,17,4,25,1000,30
RANDOM,317026,654.0253497852218,0.7614838668920427,316.2982367833504,2,0,0,0,2,17,4,25,1000,30
HIGHEST_SNR,317026,654.0253497852218,0.7614838668920427,316.2982367833504,2,0,0,0,2,17,4,25,1000,30
SHORTEST_PULSE,317026,654.0253497852218,0.7614838668920427,316.2982367833504,2,0,0,0,2,17,4,25,1000,30
METROLOGY_CONDITIONED_EIG,317026,654.0253497852218,0.7614838668920427,316.2982367833504,2,0,0,0,2,17,4,25,1000,30
NO_PASSIVE,317027,244.00572246808426,1.6917610136078243,445.27923823147125,0,0,0,0,1,17,4,25,1000,30
RANDOM,317027,103.56873906853066,1.676037142330202,334.59276013148735,1,0,0,0,1,17,4,25,1000,30
HIGHEST_SNR,317027,103.56873906853066,1.676037142330202,334.59276013148735,1,0,0,0,1,17,4,25,1000,30
SHORTEST_PULSE,317027,103.56873906853066,1.676037142330202,334.59276013148735,1,0,0,0,1,17,4,25,1000,30
METROLOGY_CONDITIONED_EIG,317027,103.56873906853066,1.676037142330202,334.59276013148735,1,0,0,0,1,17,4,25,1000,30
NO_PASSIVE,317028,683.5712408520317,1.5399625514675266,445.27923823147125,0,0,0,0,6,17,4,25,1000,30
RANDOM,317028,13.310286451266276,1.8281443952694196,162.41691969359582,6,0,0,0,6,17,4,25,1000,30
HIGHEST_SNR,317028,13.310286451266276,1.8281443952694196,162.41691969359582,6,0,0,0,6,17,4,25,1000,30
SHORTEST_PULSE,317028,13.310286451266276,1.8281443952694196,162.41691969359582,6,0,0,0,6,17,4,25,1000,30
METROLOGY_CONDITIONED_EIG,317028,13.310286451266276,1.8281443952694196,162.41691969359582,6,0,0,0,6,17,4,25,1000,30
NO_PASSIVE,317029,343.35373797051585,2.4898523864884234,445.27923823147125,0,0,0,0,11,17,4,25,1000,30
RANDOM,317029,56.73133173511381,0.6321817385610364,94.10006997721317,11,0,0,0,11,17,4,25,1000,30
HIGHEST_SNR,317029,56.73133173511381,0.6321817385610364,94.10006997721317,11,0,0,0,11,17,4,25,1000,30
SHORTEST_PULSE,317029,56.73133173511381,0.6321817385610364,94.10006997721317,11,0,0,0,11,17,4,25,1000,30
METROLOGY_CONDITIONED_EIG,317029,56.73133173511381,0.6321817385610364,94.10006997721317,11,0,0,0,11,17,4,25,1000,30
NO_PASSIVE,318000,270.91286533197035,1.5259111500020608,445.27923823147125,0,0,0,0,9,18,4,25,1000,100
RANDOM,318000,114.60448178924558,1.54005261847605,152.09254734563183,8,0,0,0,9,18,4,25,1000,100
HIGHEST_SNR,318000,60.748665028306505,1.5742018968545335,326.6247664373772,8,0,0,0,9,18,4,25,1000,100
SHORTEST_PULSE,318000,60.748665028306505,1.5742018968545335,326.6247664373772,8,0,0,0,9,18,4,25,1000,100
METROLOGY_CONDITIONED_EIG,318000,114.60448178924558,1.54005261847605,152.09254734563183,8,0,0,0,9,18,4,25,1000,100
NO_PASSIVE,318001,117.71651755504755,0.3944817050188647,445.27923823147125,0,0,0,0,1,18,4,25,1000,100
RANDOM,318001,58.97368788329694,0.33057336469509535,323.511743047432,1,0,0,0,1,18,4,25,1000,100
HIGHEST_SNR,318001,58.97368788329694,0.33057336469509535,323.511743047432,1,0,0,0,1,18,4,25,1000,100
SHORTEST_PULSE,318001,58.97368788329694,0.33057336469509535,323.511743047432,1,0,0,0,1,18,4,25,1000,100
METROLOGY_CONDITIONED_EIG,318001,58.97368788329694,0.33057336469509535,323.511743047432,1,0,0,0,1,18,4,25,1000,100
NO_PASSIVE,318002,276.9927204861246,1.9190345637567516,445.27923823147125,0,0,0,0,3,18,4,25,1000,100
RANDOM,318002,81.66655373157714,2.0261278371325098,322.13958120623664,3,0,0,0,3,18,4,25,1000,100
HIGHEST_SNR,318002,81.66655373157714,2.0261278371325098,322.13958120623664,3,0,0,0,3,18,4,25,1000,100
SHORTEST_PULSE,318002,81.66655373157714,2.0261278371325098,322.13958120623664,3,0,0,0,3,18,4,25,1000,100
METROLOGY_CONDITIONED_EIG,318002,81.66655373157714,2.0261278371325098,322.13958120623664,3,0,0,0,3,18,4,25,1000,100
NO_PASSIVE,318003,287.1177614259066,1.3449652718324348,445.27923823147125,0,0,0,0,9,18,4,25,1000,100
RANDOM,318003,265.17047764758473,0.681815946832627,316.5641680157751,9,0,0,0,9,18,4,25,1000,100
HIGHEST_SNR,318003,265.17047764758473,0.681815946832627,316.5641680157751,9,0,0,0,9,18,4,25,1000,100
SHORTEST_PULSE,318003,265.17047764758473,0.681815946832627,316.5641680157751,9,0,0,0,9,18,4,25,1000,100
METROLOGY_CONDITIONED_EIG,318003,265.17047764758473,0.681815946832627,316.5641680157751,9,0,0,0,9,18,4,25,1000,100
NO_PASSIVE,318004,621.5528916300341,0.6945718780916567,445.27923823147125,0,0,0,0,4,18,4,25,1000,100
RANDOM,318004,438.8900098851461,0.16453159449492621,321.10345355228617,4,0,0,0,4,18,4,25,1000,100
HIGHEST_SNR,318004,438.8900098851461,0.16453159449492621,321.10345355228617,4,0,0,0,4,18,4,25,1000,100
SHORTEST_PULSE,318004,438.8900098851461,0.16453159449492621,321.10345355228617,4,0,0,0,4,18,4,25,1000,100
METROLOGY_CONDITIONED_EIG,318004,438.8900098851461,0.16453159449492621,321.10345355228617,4,0,0,0,4,18,4,25,1000,100
NO_PASSIVE,318005,285.1639941684525,2.031299800255108,445.27923823147125,0,0,0,0,2,18,4,25,1000,100
RANDOM,318005,109.54408014292602,1.7461847733792537,292.85090439790036,2,0,0,0,2,18,4,25,1000,100
HIGHEST_SNR,318005,109.54408014292602,1.7461847733792537,292.85090439790036,2,0,0,0,2,18,4,25,1000,100
SHORTEST_PULSE,318005,109.54408014292602,1.7461847733792537,292.85090439790036,2,0,0,0,2,18,4,25,1000,100
METROLOGY_CONDITIONED_EIG,318005,109.54408014292602,1.7461847733792537,292.85090439790036,2,0,0,0,2,18,4,25,1000,100
NO_PASSIVE,318006,149.49659450148013,3.009448401163023,445.27923823147125,0,0,0,0,6,18,4,25,1000,100
RANDOM,318006,38.720199076160206,2.5078330397305346,79.69650563989059,5,0,0,0,6,18,4,25,1000,100
HIGHEST_SNR,318006,38.720199076160206,2.5078330397305346,79.69650563989059,5,0,0,0,6,18,4,25,1000,100
SHORTEST_PULSE,318006,38.720199076160206,2.5078330397305346,79.69650563989059,5,0,0,0,6,18,4,25,1000,100
METROLOGY_CONDITIONED_EIG,318006,40.829415245950074,2.4605780780207804,82.9692610441645,5,0,0,0,6,18,4,25,1000,100
NO_PASSIVE,318007,840.178706433803,0.455246189726102,445.27923823147125,0,0,0,0,31,18,4,25,1000,100
RANDOM,318007,1549.2478512242417,0.5782083518112844,115.0304607855256,12,19,0,0,31,18,4,25,1000,100
HIGHEST_SNR,318007,1549.2478512242417,0.5782083518112844,115.0304607855256,12,19,0,0,31,18,4,25,1000,100
SHORTEST_PULSE,318007,1549.2478512242417,0.5782083518112844,115.0304607855256,12,19,0,0,31,18,4,25,1000,100
METROLOGY_CONDITIONED_EIG,318007,1549.2478512242417,0.5782083518112844,115.0304607855256,12,19,0,0,31,18,4,25,1000,100
NO_PASSIVE,318008,600.2087782807939,0.8055515255539882,445.27923823147125,0,0,0,0,24,18,4,25,1000,100
RANDOM,318008,354.1569258146187,0.6045611260365344,312.83141945402207,24,0,0,0,24,18,4,25,1000,100
HIGHEST_SNR,318008,354.1569258146187,0.6045611260365344,312.83141945402207,24,0,0,0,24,18,4,25,1000,100
SHORTEST_PULSE,318008,354.1569258146187,0.6045611260365344,312.83141945402207,24,0,0,0,24,18,4,25,1000,100
METROLOGY_CONDITIONED_EIG,318008,354.1569258146187,0.6045611260365344,312.83141945402207,24,0,0,0,24,18,4,25,1000,100
NO_PASSIVE,318009,250.96820010251136,1.535236897242476,445.27923823147125,0,0,0,0,6,18,4,25,1000,100
RANDOM,318009,32.03536997452564,1.1758119077961016,95.84068078983395,6,0,0,0,6,18,4,25,1000,100
HIGHEST_SNR,318009,32.03536997452564,1.1758119077961016,95.84068078983395,6,0,0,0,6,18,4,25,1000,100
SHORTEST_PULSE,318009,32.03536997452564,1.1758119077961016,95.84068078983395,6,0,0,0,6,18,4,25,1000,100
METROLOGY_CONDITIONED_EIG,318009,32.03536997452564,1.1758119077961016,95.84068078983395,6,0,0,0,6,18,4,25,1000,100
NO_PASSIVE,318010,253.41668410221064,2.7709711462708886,445.27923823147125,0,0,0,0,19,18,4,25,1000,100
RANDOM,318010,40.07397217821212,1.6288286194992778,126.01329643700211,18,0,0,0,19,18,4,25,1000,100
HIGHEST_SNR,318010,164.38568487659538,1.5211890788749205,315.357742786833,18,0,0,0,19,18,4,25,1000,100
SHORTEST_PULSE,318010,40.07397217821212,1.6288286194992778,126.01329643700211,18,0,0,0,19,18,4,25,1000,100
METROLOGY_CONDITIONED_EIG,318010,40.07397217821212,1.6288286194992778,126.01329643700211,18,0,0,0,19,18,4,25,1000,100
NO_PASSIVE,318011,37.708953621793015,1.766251206494316,445.27923823147125,0,0,0,0,12,18,4,25,1000,100
RANDOM,318011,26.97205039765412,0.21391704998703,44.92608681839404,9,0,0,0,12,18,4,25,1000,100
HIGHEST_SNR,318011,11.922035912064782,1.3324698097524286,42.305175584742685,9,0,0,0,12,18,4,25,1000,100
SHORTEST_PULSE,318011,26.97205039765412,0.21391704998703,44.92608681839404,9,0,0,0,12,18,4,25,1000,100
METROLOGY_CONDITIONED_EIG,318011,26.97205039765412,0.21391704998703,44.92608681839404,9,0,0,0,12,18,4,25,1000,100
NO_PASSIVE,318012,624.5703511395311,0.36957231891636283,445.27923823147125,0,0,0,0,4,18,4,25,1000,100
RANDOM,318012,67.23411483391624,2.299983503907842,100.97879477242294,4,0,0,0,4,18,4,25,1000,100
HIGHEST_SNR,318012,67.23411483391624,2.299983503907842,100.97879477242294,4,0,0,0,4,18,4,25,1000,100
SHORTEST_PULSE,318012,67.23411483391624,2.299983503907842,100.97879477242294,4,0,0,0,4,18,4,25,1000,100
METROLOGY_CONDITIONED_EIG,318012,67.23411483391624,2.299983503907842,100.97879477242294,4,0,0,0,4,18,4,25,1000,100
NO_PASSIVE,318013,472.68139126946835,2.3455731220879903,445.27923823147125,0,0,0,0,5,18,4,25,1000,100
RANDOM,318013,60.62037303799325,2.631830157957042,68.30255826321722,5,0,0,0,5,18,4,25,1000,100
HIGHEST_SNR,318013,60.62037303799325,2.631830157957042,68.30255826321722,5,0,0,0,5,18,4,25,1000,100
SHORTEST_PULSE,318013,60.62037303799325,2.631830157957042,68.30255826321722,5,0,0,0,5,18,4,25,1000,100
METROLOGY_CONDITIONED_EIG,318013,60.62037303799325,2.631830157957042,68.30255826321722,5,0,0,0,5,18,4,25,1000,100
NO_PASSIVE,318014,408.02522029593865,1.5896714778508614,445.27923823147125,0,0,0,0,0,18,4,25,1000,100
RANDOM,318014,408.02522029593865,1.5896714778508614,445.27923823147125,0,0,0,0,0,18,4,25,1000,100
HIGHEST_SNR,318014,408.02522029593865,1.5896714778508614,445.27923823147125,0,0,0,0,0,18,4,25,1000,100
SHORTEST_PULSE,318014,408.02522029593865,1.5896714778508614,445.27923823147125,0,0,0,0,0,18,4,25,1000,100
METROLOGY_CONDITIONED_EIG,318014,408.02522029593865,1.5896714778508614,445.27923823147125,0,0,0,0,0,18,4,25,1000,100
NO_PASSIVE,318015,147.7182631331387,0.9441069453676931,445.27923823147125,0,0,0,0,1,18,4,25,1000,100
RANDOM,318015,63.54670022024113,0.8023195873164767,320.82402940731254,1,0,0,0,1,18,4,25,1000,100
HIGHEST_SNR,318015,63.54670022024113,0.8023195873164767,320.82402940731254,1,0,0,0,1,18,4,25,1000,100
SHORTEST_PULSE,318015,63.54670022024113,0.8023195873164767,320.82402940731254,1,0,0,0,1,18,4,25,1000,100
METROLOGY_CONDITIONED_EIG,318015,63.54670022024113,0.8023195873164767,320.82402940731254,1,0,0,0,1,18,4,25,1000,100
NO_PASSIVE,318016,124.91695660915676,2.7321343678441865,445.27923823147125,0,0,0,0,10,18,4,25,1000,100
RANDOM,318016,119.98887924601054,1.7373853423245131,79.41111671627122,9,1,0,0,10,18,4,25,1000,100
HIGHEST_SNR,318016,119.98887924601054,1.7373853423245131,79.41111671627122,9,1,0,0,10,18,4,25,1000,100
SHORTEST_PULSE,318016,119.98887924601054,1.7373853423245131,79.41111671627122,9,1,0,0,10,18,4,25,1000,100
METROLOGY_CONDITIONED_EIG,318016,119.98887924601054,1.7373853423245131,79.41111671627122,9,1,0,0,10,18,4,25,1000,100
NO_PASSIVE,318017,414.4710746372087,2.025942549059372,445.27923823147125,0,0,0,0,41,18,4,25,1000,100
RANDOM,318017,8.331291158895487,0.6267759447066011,44.32061152313073,32,0,0,0,41,18,4,25,1000,100
HIGHEST_SNR,318017,3.600015835149903,0.26476361116523883,41.665410901959596,32,0,0,0,41,18,4,25,1000,100
SHORTEST_PULSE,318017,16.511987594575757,0.36987189230962964,37.11152447641661,32,0,0,0,41,18,4,25,1000,100
METROLOGY_CONDITIONED_EIG,318017,18.657488076514056,0.4755949689668373,37.21733160396467,32,0,0,0,41,18,4,25,1000,100
NO_PASSIVE,318018,381.1663883019321,1.0679200946165817,445.27923823147125,0,0,0,0,1,18,4,25,1000,100
RANDOM,318018,388.4620760323213,1.1137554532226874,324.99198673360087,1,0,0,0,1,18,4,25,1000,100
HIGHEST_SNR,318018,388.4620760323213,1.1137554532226874,324.99198673360087,1,0,0,0,1,18,4,25,1000,100
SHORTEST_PULSE,318018,388.4620760323213,1.1137554532226874,324.99198673360087,1,0,0,0,1,18,4,25,1000,100
METROLOGY_CONDITIONED_EIG,318018,388.4620760323213,1.1137554532226874,324.99198673360087,1,0,0,0,1,18,4,25,1000,100
NO_PASSIVE,318019,624.9678841428444,0.6038263004954431,445.27923823147125,0,0,0,0,6,18,4,25,1000,100
RANDOM,318019,112.84868928245717,1.191084051131638,316.886823751204,6,0,0,0,6,18,4,25,1000,100
HIGHEST_SNR,318019,112.84868928245717,1.191084051131638,316.886823751204,6,0,0,0,6,18,4,25,1000,100
SHORTEST_PULSE,318019,112.84868928245717,1.191084051131638,316.886823751204,6,0,0,0,6,18,4,25,1000,100
METROLOGY_CONDITIONED_EIG,318019,112.84868928245717,1.191084051131638,316.886823751204,6,0,0,0,6,18,4,25,1000,100
NO_PASSIVE,318020,293.7951096448585,2.0130500285812083,445.27923823147125,0,0,0,0,19,18,4,25,1000,100
RANDOM,318020,8.721229218271105,0.2295586412788744,54.60294729670868,18,0,0,0,19,18,4,25,1000,100
HIGHEST_SNR,318020,8.721229218271105,0.2295586412788744,54.60294729670868,18,0,0,0,19,18,4,25,1000,100
SHORTEST_PULSE,318020,8.177747039263023,0.06329716675787703,54.33785662714947,18,0,0,0,19,18,4,25,1000,100
METROLOGY_CONDITIONED_EIG,318020,8.177747039263023,0.06329716675787703,54.33785662714947,18,0,0,0,19,18,4,25,1000,100
NO_PASSIVE,318021,647.8912878397309,2.5533402840423536,445.27923823147125,0,0,0,0,2,18,4,25,1000,100
RANDOM,318021,453.6645508034288,2.531404257290156,326.19078067472526,2,0,0,0,2,18,4,25,1000,100
HIGHEST_SNR,318021,453.6645508034288,2.531404257290156,326.19078067472526,2,0,0,0,2,18,4,25,1000,100
SHORTEST_PULSE,318021,453.6645508034288,2.531404257290156,326.19078067472526,2,0,0,0,2,18,4,25,1000,100
METROLOGY_CONDITIONED_EIG,318021,453.6645508034288,2.531404257290156,326.19078067472526,2,0,0,0,2,18,4,25,1000,100
NO_PASSIVE,318022,281.84669634369686,0.55964514487618,445.27923823147125,0,0,0,0,2,18,4,25,1000,100
RANDOM,318022,158.50381057301635,0.29295516511450354,324.1967745923897,2,0,0,0,2,18,4,25,1000,100
HIGHEST_SNR,318022,158.50381057301635,0.29295516511450354,324.1967745923897,2,0,0,0,2,18,4,25,1000,100
SHORTEST_PULSE,318022,158.50381057301635,0.29295516511450354,324.1967745923897,2,0,0,0,2,18,4,25,1000,100
METROLOGY_CONDITIONED_EIG,318022,158.50381057301635,0.29295516511450354,324.1967745923897,2,0,0,0,2,18,4,25,1000,100
NO_PASSIVE,318023,429.4031013656796,2.549586619020843,445.27923823147125,0,0,0,0,1,18,4,25,1000,100
RANDOM,318023,192.67057021741874,2.6372990670105656,326.1770428644887,1,0,0,0,1,18,4,25,1000,100
HIGHEST_SNR,318023,192.67057021741874,2.6372990670105656,326.1770428644887,1,0,0,0,1,18,4,25,1000,100
SHORTEST_PULSE,318023,192.67057021741874,2.6372990670105656,326.1770428644887,1,0,0,0,1,18,4,25,1000,100
METROLOGY_CONDITIONED_EIG,318023,192.67057021741874,2.6372990670105656,326.1770428644887,1,0,0,0,1,18,4,25,1000,100
NO_PASSIVE,318024,537.7590037634344,1.6409599335894425,445.27923823147125,0,0,0,0,15,18,4,25,1000,100
RANDOM,318024,404.72816357184513,2.0198851008688434,319.64293024675635,15,0,0,0,15,18,4,25,1000,100
HIGHEST_SNR,318024,404.72816357184513,2.0198851008688434,319.64293024675635,15,0,0,0,15,18,4,25,1000,100
SHORTEST_PULSE,318024,404.72816357184513,2.0198851008688434,319.64293024675635,15,0,0,0,15,18,4,25,1000,100
METROLOGY_CONDITIONED_EIG,318024,404.72816357184513,2.0198851008688434,319.64293024675635,15,0,0,0,15,18,4,25,1000,100
NO_PASSIVE,318025,522.1507055956702,4.529246752633988,445.27923823147125,0,0,0,0,1,18,4,25,1000,100
RANDOM,318025,49.64939620113187,4.00918091598852,316.7758025312163,1,0,0,0,1,18,4,25,1000,100
HIGHEST_SNR,318025,49.64939620113187,4.00918091598852,316.7758025312163,1,0,0,0,1,18,4,25,1000,100
SHORTEST_PULSE,318025,49.64939620113187,4.00918091598852,316.7758025312163,1,0,0,0,1,18,4,25,1000,100
METROLOGY_CONDITIONED_EIG,318025,49.64939620113187,4.00918091598852,316.7758025312163,1,0,0,0,1,18,4,25,1000,100
NO_PASSIVE,318026,150.5065029199602,1.5378719443446862,445.27923823147125,0,0,0,0,6,18,4,25,1000,100
RANDOM,318026,130.55766316456845,1.4100601023342547,319.3804730559209,6,0,0,0,6,18,4,25,1000,100
HIGHEST_SNR,318026,130.55766316456845,1.4100601023342547,319.3804730559209,6,0,0,0,6,18,4,25,1000,100
SHORTEST_PULSE,318026,130.55766316456845,1.4100601023342547,319.3804730559209,6,0,0,0,6,18,4,25,1000,100
METROLOGY_CONDITIONED_EIG,318026,130.55766316456845,1.4100601023342547,319.3804730559209,6,0,0,0,6,18,4,25,1000,100
NO_PASSIVE,318027,535.4814947126372,2.135909504792921,445.27923823147125,0,0,0,0,21,18,4,25,1000,100
RANDOM,318027,13.491214008808182,0.25502510394438765,64.482311215137,20,0,0,0,21,18,4,25,1000,100
HIGHEST_SNR,318027,11.614830216881266,0.46048950149518275,80.43008529192497,20,0,0,0,21,18,4,25,1000,100
SHORTEST_PULSE,318027,13.491214008808182,0.25502510394438765,64.482311215137,20,0,0,0,21,18,4,25,1000,100
METROLOGY_CONDITIONED_EIG,318027,13.491214008808182,0.25502510394438765,64.482311215137,20,0,0,0,21,18,4,25,1000,100
NO_PASSIVE,318028,731.0254991291245,1.4792968959760304,445.27923823147125,0,0,0,0,1,18,4,25,1000,100
RANDOM,318028,457.46642272084114,1.6230742801127744,332.37552744096325,1,0,0,0,1,18,4,25,1000,100
HIGHEST_SNR,318028,457.46642272084114,1.6230742801127744,332.37552744096325,1,0,0,0,1,18,4,25,1000,100
SHORTEST_PULSE,318028,457.46642272084114,1.6230742801127744,332.37552744096325,1,0,0,0,1,18,4,25,1000,100
METROLOGY_CONDITIONED_EIG,318028,457.46642272084114,1.6230742801127744,332.37552744096325,1,0,0,0,1,18,4,25,1000,100
NO_PASSIVE,318029,505.3272961482369,0.9995185300905449,445.27923823147125,0,0,0,0,2,18,4,25,1000,100
RANDOM,318029,188.88568409617952,0.49281682016281614,250.75154291867466,2,0,0,0,2,18,4,25,1000,100
HIGHEST_SNR,318029,188.88568409617952,0.49281682016281614,250.75154291867466,2,0,0,0,2,18,4,25,1000,100
SHORTEST_PULSE,318029,188.88568409617952,0.49281682016281614,250.75154291867466,2,0,0,0,2,18,4,25,1000,100
METROLOGY_CONDITIONED_EIG,318029,188.88568409617952,0.49281682016281614,250.75154291867466,2,0,0,0,2,18,4,25,1000,100
NO_PASSIVE,319000,231.7739156172573,1.5178815388900513,445.27923823147125,0,0,0,0,50,19,12,5,10,30
RANDOM,319000,118.42800307000273,1.2869547971891673,53.4834651229062,33,1,0,0,50,19,12,5,10,30
HIGHEST_SNR,319000,102.34406626949857,1.2851131153082582,58.56213285353832,33,1,0,0,50,19,12,5,10,30
SHORTEST_PULSE,319000,115.72240266469773,1.275242318774682,58.422343136324486,33,1,0,0,50,19,12,5,10,30
METROLOGY_CONDITIONED_EIG,319000,113.40952056306554,1.2753096450186137,53.07520740505838,33,1,0,0,50,19,12,5,10,30
NO_PASSIVE,319001,1027.4221504582006,1.4875877763272762,445.27923823147125,0,0,0,0,77,19,12,5,10,30
RANDOM,319001,30.169617998427267,0.7658867305356883,31.768597326127658,39,4,0,0,77,19,12,5,10,30
HIGHEST_SNR,319001,394.3662132165048,0.8707860249108882,144.16980870804187,33,10,0,0,77,19,12,5,10,30
SHORTEST_PULSE,319001,35.13476266051725,0.9736439606002095,32.18398978684599,34,9,0,0,77,19,12,5,10,30
METROLOGY_CONDITIONED_EIG,319001,34.849304009982724,0.772683820194305,30.856513987439456,40,3,0,0,77,19,12,5,10,30
NO_PASSIVE,319002,512.6909853385127,2.336864621038886,445.27923823147125,0,0,0,0,27,19,12,5,10,30
RANDOM,319002,25.877323774222628,0.840897630022747,47.12864864198558,25,1,0,0,27,19,12,5,10,30
HIGHEST_SNR,319002,24.923508633746344,0.8499099587424781,47.15444808303527,25,1,0,0,27,19,12,5,10,30
SHORTEST_PULSE,319002,25.877323774222628,0.840897630022747,47.12864864198558,25,1,0,0,27,19,12,5,10,30
METROLOGY_CONDITIONED_EIG,319002,25.877323774222628,0.840897630022747,47.12864864198558,25,1,0,0,27,19,12,5,10,30
NO_PASSIVE,319003,138.54989455430803,1.2255660698856738,445.27923823147125,0,0,0,0,23,19,12,5,10,30
RANDOM,319003,24.544364897018543,0.6907159192511825,41.314414861889986,19,2,0,0,23,19,12,5,10,30
HIGHEST_SNR,319003,34.0127807505616,2.058608954623548,41.187892557298866,18,3,0,0,23,19,12,5,10,30
SHORTEST_PULSE,319003,34.0127807505616,2.058608954623548,41.187892557298866,18,3,0,0,23,19,12,5,10,30
METROLOGY_CONDITIONED_EIG,319003,25.256163885622563,0.6689855398401745,41.222489528304195,19,2,0,0,23,19,12,5,10,30
NO_PASSIVE,319004,212.6270769742422,2.2468422975229116,445.27923823147125,0,0,0,0,45,19,12,5,10,30
RANDOM,319004,79.1289813434005,2.017713399296495,48.96752744027921,35,0,0,0,45,19,12,5,10,30
HIGHEST_SNR,319004,58.743207014486615,1.8989698633841738,48.84192712241581,35,0,0,0,45,19,12,5,10,30
SHORTEST_PULSE,319004,77.26946532149489,1.5484666635837812,49.20509329973464,35,0,0,0,45,19,12,5,10,30
METROLOGY_CONDITIONED_EIG,319004,72.60981794780085,1.5691011436513604,42.10620928440786,35,0,0,0,45,19,12,5,10,30
NO_PASSIVE,319005,211.34307021706044,1.0624246025014403,445.27923823147125,0,0,0,0,26,19,12,5,10,30
RANDOM,319005,10.429259291096802,0.30068826237447416,56.46674912875366,25,0,0,0,26,19,12,5,10,30
HIGHEST_SNR,319005,10.429259291096802,0.30068826237447416,56.46674912875366,25,0,0,0,26,19,12,5,10,30
SHORTEST_PULSE,319005,16.50260476414276,0.35647700279781325,56.096312471262365,25,0,0,0,26,19,12,5,10,30
METROLOGY_CONDITIONED_EIG,319005,10.429259291096802,0.30068826237447416,56.46674912875366,25,0,0,0,26,19,12,5,10,30
NO_PASSIVE,319006,129.46130455708843,2.1763282614877704,445.27923823147125,0,0,0,0,59,19,12,5,10,30
RANDOM,319006,31.261812245596328,0.559926750085066,37.116496153949086,43,0,0,0,59,19,12,5,10,30
HIGHEST_SNR,319006,18.79041582503052,0.48313287368833757,35.71931376286779,43,0,0,0,59,19,12,5,10,30
SHORTEST_PULSE,319006,26.53146687624006,0.43323188910883914,35.53446095057199,43,0,0,0,59,19,12,5,10,30
METROLOGY_CONDITIONED_EIG,319006,25.89751791052765,0.22520753071008223,33.075004392064564,43,0,0,0,59,19,12,5,10,30
NO_PASSIVE,319007,138.52772026658866,0.3296575444119715,445.27923823147125,0,0,0,0,1,19,12,5,10,30
RANDOM,319007,128.63005250888543,0.3540960278471518,316.7187282393324,1,0,0,0,1,19,12,5,10,30
HIGHEST_SNR,319007,128.63005250888543,0.3540960278471518,316.7187282393324,1,0,0,0,1,19,12,5,10,30
SHORTEST_PULSE,319007,128.63005250888543,0.3540960278471518,316.7187282393324,1,0,0,0,1,19,12,5,10,30
METROLOGY_CONDITIONED_EIG,319007,128.63005250888543,0.3540960278471518,316.7187282393324,1,0,0,0,1,19,12,5,10,30
NO_PASSIVE,319008,720.1573566353143,0.7952106536635435,445.27923823147125,0,0,0,0,21,19,12,5,10,30
RANDOM,319008,11.023957571368996,0.45483563111608016,39.258140964297354,20,0,0,0,21,19,12,5,10,30
HIGHEST_SNR,319008,35.62925328844954,0.5782748944764255,41.48396806005504,20,0,0,0,21,19,12,5,10,30
SHORTEST_PULSE,319008,11.023957571368996,0.45483563111608016,39.258140964297354,20,0,0,0,21,19,12,5,10,30
METROLOGY_CONDITIONED_EIG,319008,11.023957571368996,0.45483563111608016,39.258140964297354,20,0,0,0,21,19,12,5,10,30
NO_PASSIVE,319009,68.92294687253434,0.7240491198097846,445.27923823147125,0,0,0,0,28,19,12,5,10,30
RANDOM,319009,59.707340802463754,1.2061437077200539,40.246684284827715,26,0,0,0,28,19,12,5,10,30
HIGHEST_SNR,319009,59.707340802463754,1.2061437077200539,40.246684284827715,26,0,0,0,28,19,12,5,10,30
SHORTEST_PULSE,319009,59.707340802463754,1.2061437077200539,40.246684284827715,26,0,0,0,28,19,12,5,10,30
METROLOGY_CONDITIONED_EIG,319009,59.707340802463754,1.2061437077200539,40.246684284827715,26,0,0,0,28,19,12,5,10,30
NO_PASSIVE,319010,512.3992015664638,1.857006914404771,445.27923823147125,0,0,0,0,30,19,12,5,10,30
RANDOM,319010,19.27872670702963,0.6903561446550864,59.0831371422972,29,0,0,0,30,19,12,5,10,30
HIGHEST_SNR,319010,19.27872670702963,0.6903561446550864,59.0831371422972,29,0,0,0,30,19,12,5,10,30
SHORTEST_PULSE,319010,56.70938751115755,0.2807718929861169,36.965432526291444,29,0,0,0,30,19,12,5,10,30
METROLOGY_CONDITIONED_EIG,319010,56.70938751115755,0.2807718929861169,36.965432526291444,29,0,0,0,30,19,12,5,10,30
NO_PASSIVE,319011,605.5154332827822,1.793100412809975,445.27923823147125,0,0,0,0,9,19,12,5,10,30
RANDOM,319011,27.087241422893214,0.7577216254900626,40.3497649730003,8,0,0,0,9,19,12,5,10,30
HIGHEST_SNR,319011,27.784182010748918,0.8142306737144478,35.08192390717804,8,0,0,0,9,19,12,5,10,30
SHORTEST_PULSE,319011,27.784182010748918,0.8142306737144478,35.08192390717804,8,0,0,0,9,19,12,5,10,30
METROLOGY_CONDITIONED_EIG,319011,27.784182010748918,0.8142306737144478,35.08192390717804,8,0,0,0,9,19,12,5,10,30
NO_PASSIVE,319012,663.6796816756408,2.141250404063824,445.27923823147125,0,0,0,0,4,19,12,5,10,30
RANDOM,319012,170.6492893334552,1.686930082062654,188.79347015581652,4,0,0,0,4,19,12,5,10,30
HIGHEST_SNR,319012,170.6492893334552,1.686930082062654,188.79347015581652,4,0,0,0,4,19,12,5,10,30
SHORTEST_PULSE,319012,170.6492893334552,1.686930082062654,188.79347015581652,4,0,0,0,4,19,12,5,10,30
METROLOGY_CONDITIONED_EIG,319012,170.6492893334552,1.686930082062654,188.79347015581652,4,0,0,0,4,19,12,5,10,30
NO_PASSIVE,319013,659.0267896165159,1.5316590168400523,445.27923823147125,0,0,0,0,43,19,12,5,10,30
RANDOM,319013,25.37389073483664,0.30017897927835646,60.800418147250944,34,0,0,0,43,19,12,5,10,30
HIGHEST_SNR,319013,52.35622003918048,0.7602596363299168,68.1113972140328,34,0,0,0,43,19,12,5,10,30
SHORTEST_PULSE,319013,36.18719839063412,0.4311911304929426,51.7397524820512,33,1,0,0,43,19,12,5,10,30
METROLOGY_CONDITIONED_EIG,319013,90.56099360940013,0.35604029603491527,47.258121725553515,34,0,0,0,43,19,12,5,10,30
NO_PASSIVE,319014,97.23334816817655,0.9175295075405837,445.27923823147125,0,0,0,0,35,19,12,5,10,30
RANDOM,319014,37.884009796947836,0.9982554550021814,31.21933903127786,30,0,0,0,35,19,12,5,10,30
HIGHEST_SNR,319014,20.571353318831036,0.47158205364601397,38.427710774440406,30,0,0,0,35,19,12,5,10,30
SHORTEST_PULSE,319014,38.46238458564943,1.0335144159620677,30.996359460018176,30,0,0,0,35,19,12,5,10,30
METROLOGY_CONDITIONED_EIG,319014,38.873998838826026,1.0491014513295713,31.158182862798835,30,0,0,0,35,19,12,5,10,30
NO_PASSIVE,319015,278.93217270852585,0.8470453517387008,445.27923823147125,0,0,0,0,58,19,12,5,10,30
RANDOM,319015,20.44710774026034,0.4634850712154407,39.87473903697824,40,1,0,0,58,19,12,5,10,30
HIGHEST_SNR,319015,33.3316204104218,0.9145183041613658,39.38430214859945,40,1,0,0,58,19,12,5,10,30
SHORTEST_PULSE,319015,69.9187994912084,1.3000040477818127,56.4455669437953,40,1,0,0,58,19,12,5,10,30
METROLOGY_CONDITIONED_EIG,319015,22.179281973796048,0.7558560112085154,30.698869111405784,40,1,0,0,58,19,12,5,10,30
NO_PASSIVE,319016,388.9578513446419,1.3037687395362276,445.27923823147125,0,0,0,0,62,19,12,5,10,30
RANDOM,319016,5.070408927342019,0.25233321472457443,29.19833154008779,32,0,0,0,62,19,12,5,10,30
HIGHEST_SNR,319016,1.8740176297538933,0.5026907454657347,50.005850321669556,32,0,0,0,62,19,12,5,10,30
SHORTEST_PULSE,319016,5.289988957233966,0.5235024398373161,49.759728390535344,32,0,0,0,62,19,12,5,10,30
METROLOGY_CONDITIONED_EIG,319016,23.948971699972734,1.3583334734816384,27.626858029115436,31,1,0,0,62,19,12,5,10,30
NO_PASSIVE,319017,341.2843980466139,1.01020923983163,445.27923823147125,0,0,0,0,61,19,12,5,10,30
RANDOM,319017,1.5302156398474458,0.5268837609854075,22.10874376707701,41,2,0,0,61,19,12,5,10,30
HIGHEST_SNR,319017,8.488895398813801,0.29873796209973064,22.549436753701034,42,1,0,0,61,19,12,5,10,30
SHORTEST_PULSE,319017,47.83982077853825,0.7999378600551053,23.98046364217825,41,2,0,0,61,19,12,5,10,30
METROLOGY_CONDITIONED_EIG,319017,11.01479064302301,0.36545422710649,21.65848895012692,42,1,0,0,61,19,12,5,10,30
NO_PASSIVE,319018,121.13925926637387,1.4101588013818827,445.27923823147125,0,0,0,0,89,19,12,5,10,30
RANDOM,319018,10.732567940952679,0.9664621299525953,27.865473434498842,43,0,0,0,89,19,12,5,10,30
HIGHEST_SNR,319018,27.767871591607214,0.2169346384232478,28.803231478645454,43,0,0,0,89,19,12,5,10,30
SHORTEST_PULSE,319018,18.080373718641027,0.47290731924515206,25.737834701395986,43,0,0,0,89,19,12,5,10,30
METROLOGY_CONDITIONED_EIG,319018,17.00089978290377,0.4652297326683925,25.00457045701601,43,0,0,0,89,19,12,5,10,30
NO_PASSIVE,319019,172.72848409196936,0.7396936048246504,445.27923823147125,0,0,0,0,39,19,12,5,10,30
RANDOM,319019,55.54409403736708,0.8150022243831015,59.37206438083864,34,0,0,0,39,19,12,5,10,30
HIGHEST_SNR,319019,52.82886046952229,0.5334447153747585,61.574094265618314,34,0,0,0,39,19,12,5,10,30
SHORTEST_PULSE,319019,52.52993591893663,0.7498842461901477,58.530006683362444,34,0,0,0,39,19,12,5,10,30
METROLOGY_CONDITIONED_EIG,319019,56.70908461135808,0.7258924278716908,58.17500181981508,34,0,0,0,39,19,12,5,10,30
NO_PASSIVE,319020,278.855710510972,1.3135482983776787,445.27923823147125,0,0,0,0,18,19,12,5,10,30
RANDOM,319020,34.049583854117095,1.5063368831129706,68.5943493351258,17,0,0,0,18,19,12,5,10,30
HIGHEST_SNR,319020,30.694416841793252,1.4143025965860128,115.0882099847285,17,0,0,0,18,19,12,5,10,30
SHORTEST_PULSE,319020,34.049583854117095,1.5063368831129706,68.5943493351258,17,0,0,0,18,19,12,5,10,30
METROLOGY_CONDITIONED_EIG,319020,34.049583854117095,1.5063368831129706,68.5943493351258,17,0,0,0,18,19,12,5,10,30
NO_PASSIVE,319021,395.83589495444636,1.5356804567402735,445.27923823147125,0,0,0,0,15,19,12,5,10,30
RANDOM,319021,11.667527247304378,1.257360024873138,78.62730813206322,14,0,0,0,15,19,12,5,10,30
HIGHEST_SNR,319021,11.667527247304378,1.257360024873138,78.62730813206322,14,0,0,0,15,19,12,5,10,30
SHORTEST_PULSE,319021,1.582911066889931,1.198548997250561,79.60724126167123,14,0,0,0,15,19,12,5,10,30
METROLOGY_CONDITIONED_EIG,319021,1.582911066889931,1.198548997250561,79.60724126167123,14,0,0,0,15,19,12,5,10,30
NO_PASSIVE,319022,442.9433213515433,3.4780600589052577,445.27923823147125,0,0,0,0,46,19,12,5,10,30
RANDOM,319022,27.83271262868067,0.18025239921447975,40.55809298448681,38,0,0,0,46,19,12,5,10,30
HIGHEST_SNR,319022,10.238165684120654,0.10405777855083605,50.15104218841172,38,0,0,0,46,19,12,5,10,30
SHORTEST_PULSE,319022,25.30388353318467,0.39572796379951813,41.69050735388376,38,0,0,0,46,19,12,5,10,30
METROLOGY_CONDITIONED_EIG,319022,33.02560845078353,0.3489840698073901,40.49478758663443,38,0,0,0,46,19,12,5,10,30
NO_PASSIVE,319023,430.57719772839545,2.7117856311032718,445.27923823147125,0,0,0,0,45,19,12,5,10,30
RANDOM,319023,32.07590158732613,0.8267146547650734,35.63701978015031,38,0,0,0,45,19,12,5,10,30
HIGHEST_SNR,319023,8.97388915849918,0.44853334308828324,36.29977145842881,37,1,0,0,45,19,12,5,10,30
SHORTEST_PULSE,319023,8.97388915849918,0.44853334308828324,36.29977145842881,37,1,0,0,45,19,12,5,10,30
METROLOGY_CONDITIONED_EIG,319023,8.97388915849918,0.44853334308828324,36.29977145842881,37,1,0,0,45,19,12,5,10,30
NO_PASSIVE,319024,45.39007077095053,2.0363680428351048,445.27923823147125,0,0,0,0,1,19,12,5,10,30
RANDOM,319024,80.13474526272599,2.0396276623373355,329.2361000588225,1,0,0,0,1,19,12,5,10,30
HIGHEST_SNR,319024,80.13474526272599,2.0396276623373355,329.2361000588225,1,0,0,0,1,19,12,5,10,30
SHORTEST_PULSE,319024,80.13474526272599,2.0396276623373355,329.2361000588225,1,0,0,0,1,19,12,5,10,30
METROLOGY_CONDITIONED_EIG,319024,80.13474526272599,2.0396276623373355,329.2361000588225,1,0,0,0,1,19,12,5,10,30
NO_PASSIVE,319025,328.91447833261407,2.6364947376325616,445.27923823147125,0,0,0,0,43,19,12,5,10,30
RANDOM,319025,8.931300248238488,0.19810618341622002,29.90896272381944,35,1,0,0,43,19,12,5,10,30
HIGHEST_SNR,319025,9.147164458809025,0.25669765095828617,32.16215775775994,34,2,0,0,43,19,12,5,10,30
SHORTEST_PULSE,319025,9.147164458809025,0.25669765095828617,32.16215775775994,34,2,0,0,43,19,12,5,10,30
METROLOGY_CONDITIONED_EIG,319025,11.47563261572144,0.1298800912826291,26.947010164213687,36,0,0,0,43,19,12,5,10,30
NO_PASSIVE,319026,556.3503469071073,2.48258684630705,445.27923823147125,0,0,0,0,25,19,12,5,10,30
RANDOM,319026,354.04679515920697,1.4259246969811905,308.2752246747552,25,0,0,0,25,19,12,5,10,30
HIGHEST_SNR,319026,354.04679515920697,1.4259246969811905,308.2752246747552,25,0,0,0,25,19,12,5,10,30
SHORTEST_PULSE,319026,354.04679515920697,1.4259246969811905,308.2752246747552,25,0,0,0,25,19,12,5,10,30
METROLOGY_CONDITIONED_EIG,319026,354.04679515920697,1.4259246969811905,308.2752246747552,25,0,0,0,25,19,12,5,10,30
NO_PASSIVE,319027,270.6991859167025,1.1411264379625659,445.27923823147125,0,0,0,0,53,19,12,5,10,30
RANDOM,319027,22.31843891947982,0.32203799399384286,30.827704377427583,39,0,0,0,53,19,12,5,10,30
HIGHEST_SNR,319027,35.83469630374094,0.6513986759817321,39.6441389277343,39,0,0,0,53,19,12,5,10,30
SHORTEST_PULSE,319027,27.189597751195226,0.6316997397232241,28.4554617825272,39,0,0,0,53,19,12,5,10,30
METROLOGY_CONDITIONED_EIG,319027,27.037644922324894,0.6025298327002101,28.456278764838896,39,0,0,0,53,19,12,5,10,30
NO_PASSIVE,319028,307.6456823209724,1.4935131302350333,445.27923823147125,0,0,0,0,23,19,12,5,10,30
RANDOM,319028,45.675580400682676,1.4955922463086841,52.04952932750745,19,0,0,0,23,19,12,5,10,30
HIGHEST_SNR,319028,31.56550185101537,1.2756582860374388,90.72871977994916,19,0,0,0,23,19,12,5,10,30
SHORTEST_PULSE,319028,29.584274457069395,1.4224268326025147,45.68977261979638,19,0,0,0,23,19,12,5,10,30
METROLOGY_CONDITIONED_EIG,319028,29.584274457069395,1.4224268326025147,45.68977261979638,19,0,0,0,23,19,12,5,10,30
NO_PASSIVE,319029,391.2520072763014,2.061224092912691,445.27923823147125,0,0,0,0,55,19,12,5,10,30
RANDOM,319029,45.6386880930748,1.4962084612695916,36.57622646150905,37,0,0,0,55,19,12,5,10,30
HIGHEST_SNR,319029,30.827678925921745,0.8482576017947835,39.4602222237045,36,1,0,0,55,19,12,5,10,30
SHORTEST_PULSE,319029,42.56376063711538,1.2632935338390454,36.00825474689338,36,1,0,0,55,19,12,5,10,30
METROLOGY_CONDITIONED_EIG,319029,42.56376063711538,1.2632935338390454,36.00825474689338,36,1,0,0,55,19,12,5,10,30
NO_PASSIVE,320000,96.64436904730658,4.701999812191703,445.27923823147125,0,0,0,0,24,20,12,5,10,100
RANDOM,320000,13.752508125249877,2.9434057789428043,62.397401008793096,23,0,0,0,24,20,12,5,10,100
HIGHEST_SNR,320000,11.72893379013376,2.9990610093173906,63.60139561738585,23,0,0,0,24,20,12,5,10,100
SHORTEST_PULSE,320000,13.752508125249877,2.9434057789428043,62.397401008793096,23,0,0,0,24,20,12,5,10,100
METROLOGY_CONDITIONED_EIG,320000,13.752508125249877,2.9434057789428043,62.397401008793096,23,0,0,0,24,20,12,5,10,100
NO_PASSIVE,320001,293.7992095436945,0.5281591694880284,445.27923823147125,0,0,0,0,1,20,12,5,10,100
RANDOM,320001,270.71566547202445,0.528260118351989,330.22677054649074,1,0,0,0,1,20,12,5,10,100
HIGHEST_SNR,320001,270.71566547202445,0.528260118351989,330.22677054649074,1,0,0,0,1,20,12,5,10,100
SHORTEST_PULSE,320001,270.71566547202445,0.528260118351989,330.22677054649074,1,0,0,0,1,20,12,5,10,100
METROLOGY_CONDITIONED_EIG,320001,270.71566547202445,0.528260118351989,330.22677054649074,1,0,0,0,1,20,12,5,10,100
NO_PASSIVE,320002,754.6015980485685,2.8004759753316604,445.27923823147125,0,0,0,0,63,20,12,5,10,100
RANDOM,320002,9.759884408387531,0.22715208487948998,36.128777765306786,38,0,0,0,63,20,12,5,10,100
HIGHEST_SNR,320002,40.32898219885351,1.0446449030078149,38.544590326966286,38,0,0,0,63,20,12,5,10,100
SHORTEST_PULSE,320002,15.53360543798333,0.32536205888101793,35.467211224639605,38,0,0,0,63,20,12,5,10,100
METROLOGY_CONDITIONED_EIG,320002,17.32191602321541,0.07699393085687203,35.22125412437178,38,0,0,0,63,20,12,5,10,100
NO_PASSIVE,320003,258.6494732468008,2.306587722978722,445.27923823147125,0,0,0,0,5,20,12,5,10,100
RANDOM,320003,95.22871200470652,2.013816351725492,98.40068902819363,5,0,0,0,5,20,12,5,10,100
HIGHEST_SNR,320003,95.22871200470652,2.013816351725492,98.40068902819363,5,0,0,0,5,20,12,5,10,100
SHORTEST_PULSE,320003,95.22871200470652,2.013816351725492,98.40068902819363,5,0,0,0,5,20,12,5,10,100
METROLOGY_CONDITIONED_EIG,320003,95.22871200470652,2.013816351725492,98.40068902819363,5,0,0,0,5,20,12,5,10,100
NO_PASSIVE,320004,379.6176979457733,2.0156068406522962,445.27923823147125,0,0,0,0,9,20,12,5,10,100
RANDOM,320004,71.49194228457623,1.1874800072063012,108.6802999499373,9,0,0,0,9,20,12,5,10,100
HIGHEST_SNR,320004,71.49194228457623,1.1874800072063012,108.6802999499373,9,0,0,0,9,20,12,5,10,100
SHORTEST_PULSE,320004,71.49194228457623,1.1874800072063012,108.6802999499373,9,0,0,0,9,20,12,5,10,100
METROLOGY_CONDITIONED_EIG,320004,71.49194228457623,1.1874800072063012,108.6802999499373,9,0,0,0,9,20,12,5,10,100
NO_PASSIVE,320005,321.3448141283827,3.487607972359734,445.27923823147125,0,0,0,0,26,20,12,5,10,100
RANDOM,320005,44.855895937370526,2.9770046477551704,75.09056509323092,26,0,0,0,26,20,12,5,10,100
HIGHEST_SNR,320005,44.855895937370526,2.9770046477551704,75.09056509323092,26,0,0,0,26,20,12,5,10,100
SHORTEST_PULSE,320005,44.855895937370526,2.9770046477551704,75.09056509323092,26,0,0,0,26,20,12,5,10,100
METROLOGY_CONDITIONED_EIG,320005,44.855895937370526,2.9770046477551704,75.09056509323092,26,0,0,0,26,20,12,5,10,100
NO_PASSIVE,320006,338.7901745626822,2.442044469508815,445.27923823147125,0,0,0,0,47,20,12,5,10,100
RANDOM,320006,110.22743425601936,1.5138570968465308,86.64682298172264,32,1,0,0,47,20,12,5,10,100
HIGHEST_SNR,320006,19.931048238636215,2.13824306008343,120.38093969640671,32,1,0,0,47,20,12,5,10,100
SHORTEST_PULSE,320006,111.802555511493,1.9523925672849718,89.90737641055208,33,0,0,0,47,20,12,5,10,100
METROLOGY_CONDITIONED_EIG,320006,51.983364006201136,1.2894628004977913,69.62811399322179,32,1,0,0,47,20,12,5,10,100
NO_PASSIVE,320007,336.26414576903323,1.958201727171446,445.27923823147125,0,0,0,0,40,20,12,5,10,100
RANDOM,320007,99.1443533522994,0.410884123176143,61.98991755830724,35,0,0,0,40,20,12,5,10,100
HIGHEST_SNR,320007,90.6388536473433,0.3879503417422548,61.75882160963138,35,0,0,0,40,20,12,5,10,100
SHORTEST_PULSE,320007,77.38644801666652,0.566719606272012,62.4565092244735,35,0,0,0,40,20,12,5,10,100
METROLOGY_CONDITIONED_EIG,320007,95.89796416450501,0.38813430840867524,61.9184917145876,35,0,0,0,40,20,12,5,10,100
NO_PASSIVE,320008,433.9758127419881,2.7991586323306024,445.27923823147125,0,0,0,0,23,20,12,5,10,100
RANDOM,320008,110.10823359297065,2.5115481832008975,56.45946940265031,20,0,0,0,23,20,12,5,10,100
HIGHEST_SNR,320008,115.29286697735382,2.9257564730731307,61.90383359034319,20,0,0,0,23,20,12,5,10,100
SHORTEST_PULSE,320008,122.92161382508334,2.6682545942914233,56.23152202654531,20,0,0,0,23,20,12,5,10,100
METROLOGY_CONDITIONED_EIG,320008,122.92161382508334,2.6682545942914233,56.23152202654531,20,0,0,0,23,20,12,5,10,100
NO_PASSIVE,320009,455.1773550554451,3.8298354728590787,445.27923823147125,0,0,0,0,16,20,12,5,10,100
RANDOM,320009,68.7071943565728,1.11246622678108,75.30286150800097,16,0,0,0,16,20,12,5,10,100
HIGHEST_SNR,320009,68.7071943565728,1.11246622678108,75.30286150800097,16,0,0,0,16,20,12,5,10,100
SHORTEST_PULSE,320009,68.7071943565728,1.11246622678108,75.30286150800097,16,0,0,0,16,20,12,5,10,100
METROLOGY_CONDITIONED_EIG,320009,68.7071943565728,1.11246622678108,75.30286150800097,16,0,0,0,16,20,12,5,10,100
NO_PASSIVE,320010,465.7534606352423,2.2360366101625555,445.27923823147125,0,0,0,0,26,20,12,5,10,100
RANDOM,320010,76.15918247001301,2.235822453799766,96.5916197976153,26,0,0,0,26,20,12,5,10,100
HIGHEST_SNR,320010,76.15918247001301,2.235822453799766,96.5916197976153,26,0,0,0,26,20,12,5,10,100
SHORTEST_PULSE,320010,76.15918247001301,2.235822453799766,96.5916197976153,26,0,0,0,26,20,12,5,10,100
METROLOGY_CONDITIONED_EIG,320010,76.15918247001301,2.235822453799766,96.5916197976153,26,0,0,0,26,20,12,5,10,100
NO_PASSIVE,320011,433.9109380333578,1.6956686219118957,445.27923823147125,0,0,0,0,3,20,12,5,10,100
RANDOM,320011,147.47111108229961,1.278732347242873,182.16635910485584,3,0,0,0,3,20,12,5,10,100
HIGHEST_SNR,320011,147.47111108229961,1.278732347242873,182.16635910485584,3,0,0,0,3,20,12,5,10,100
SHORTEST_PULSE,320011,147.47111108229961,1.278732347242873,182.16635910485584,3,0,0,0,3,20,12,5,10,100
METROLOGY_CONDITIONED_EIG,320011,147.47111108229961,1.278732347242873,182.16635910485584,3,0,0,0,3,20,12,5,10,100
NO_PASSIVE,320012,419.1658377481167,1.3415007335383502,445.27923823147125,0,0,0,0,81,20,12,5,10,100
RANDOM,320012,47.41863297455144,0.9969053650370752,52.0738194503788,49,1,0,0,81,20,12,5,10,100
HIGHEST_SNR,320012,92.7118739589793,1.5639790008440382,59.27079647799827,50,0,0,0,81,20,12,5,10,100
SHORTEST_PULSE,320012,24.50820669283326,0.47849417916241066,46.89108873765246,49,1,0,0,81,20,12,5,10,100
METROLOGY_CONDITIONED_EIG,320012,21.66116441672275,0.5111184719488693,46.59065365802963,47,3,0,0,81,20,12,5,10,100
NO_PASSIVE,320013,59.311718558723314,0.9204055924154075,445.27923823147125,0,0,0,0,2,20,12,5,10,100
RANDOM,320013,187.72198947504663,0.9688369644668842,264.8057444600906,2,0,0,0,2,20,12,5,10,100
HIGHEST_SNR,320013,187.72198947504663,0.9688369644668842,264.8057444600906,2,0,0,0,2,20,12,5,10,100
SHORTEST_PULSE,320013,187.72198947504663,0.9688369644668842,264.8057444600906,2,0,0,0,2,20,12,5,10,100
METROLOGY_CONDITIONED_EIG,320013,187.72198947504663,0.9688369644668842,264.8057444600906,2,0,0,0,2,20,12,5,10,100
NO_PASSIVE,320014,750.9740918234436,1.6367620209275333,445.27923823147125,0,0,0,0,8,20,12,5,10,100
RANDOM,320014,156.05281726621493,0.9805526713805408,151.3164615958296,8,0,0,0,8,20,12,5,10,100
HIGHEST_SNR,320014,156.05281726621493,0.9805526713805408,151.3164615958296,8,0,0,0,8,20,12,5,10,100
SHORTEST_PULSE,320014,156.05281726621493,0.9805526713805408,151.3164615958296,8,0,0,0,8,20,12,5,10,100
METROLOGY_CONDITIONED_EIG,320014,156.05281726621493,0.9805526713805408,151.3164615958296,8,0,0,0,8,20,12,5,10,100
NO_PASSIVE,320015,26.827903313617284,1.4289089804360184,445.27923823147125,0,0,0,0,57,20,12,5,10,100
RANDOM,320015,15.15385758484724,0.28613636199172426,41.26150805266881,37,0,0,0,57,20,12,5,10,100
HIGHEST_SNR,320015,7.759569688384764,0.45152881337409567,41.62122735891562,37,0,0,0,57,20,12,5,10,100
SHORTEST_PULSE,320015,8.68216805679547,0.6162034286611449,38.53643687945148,37,0,0,0,57,20,12,5,10,100
METROLOGY_CONDITIONED_EIG,320015,18.774661075150497,1.0496838984988468,36.59257670515064,37,0,0,0,57,20,12,5,10,100
NO_PASSIVE,320016,142.17877121085377,1.4233945462207402,445.27923823147125,0,0,0,0,17,20,12,5,10,100
RANDOM,320016,56.38464166047584,1.0262986020425708,113.5893673521815,13,1,0,0,17,20,12,5,10,100
HIGHEST_SNR,320016,56.38464166047584,1.0262986020425708,113.5893673521815,13,1,0,0,17,20,12,5,10,100
SHORTEST_PULSE,320016,64.3069275190987,1.0340885992739832,113.99375329816945,13,1,0,0,17,20,12,5,10,100
METROLOGY_CONDITIONED_EIG,320016,36.61665144543752,1.332300676874461,105.73072316482002,13,1,0,0,17,20,12,5,10,100
NO_PASSIVE,320017,143.95973728836333,2.6471633761106044,445.27923823147125,0,0,0,0,55,20,12,5,10,100
RANDOM,320017,113.81600360671595,1.17972242098095,79.49276159162383,42,0,0,0,55,20,12,5,10,100
HIGHEST_SNR,320017,115.48240941063453,1.1217731059956284,92.83251383888246,42,0,0,0,55,20,12,5,10,100
SHORTEST_PULSE,320017,114.64938900555627,1.1717229463783811,94.19167765153034,42,0,0,0,55,20,12,5,10,100
METROLOGY_CONDITIONED_EIG,320017,121.32153773515707,1.0686894926840742,77.9669870336831,42,0,0,0,55,20,12,5,10,100
NO_PASSIVE,320018,340.80052103395815,1.9875519414196916,445.27923823147125,0,0,0,0,37,20,12,5,10,100
RANDOM,320018,37.40683074215802,0.759624535888597,54.90883977365935,26,0,0,0,37,20,12,5,10,100
HIGHEST_SNR,320018,53.48063729163916,0.8393566300469191,55.93678344606732,26,0,0,0,37,20,12,5,10,100
SHORTEST_PULSE,320018,49.86960714291231,0.784362620343627,60.620429335439134,26,0,0,0,37,20,12,5,10,100
METROLOGY_CONDITIONED_EIG,320018,58.09791697573768,1.1814661686151624,54.36586460164907,26,0,0,0,37,20,12,5,10,100
NO_PASSIVE,320019,352.77409043538427,0.2567447925114391,445.27923823147125,0,0,0,0,37,20,12,5,10,100
RANDOM,320019,64.29473514317105,1.6920429313237277,43.76390872569261,26,0,0,0,37,20,12,5,10,100
HIGHEST_SNR,320019,55.191293822629746,1.3355333174092752,49.146031506159915,26,0,0,0,37,20,12,5,10,100
SHORTEST_PULSE,320019,56.55811162624618,1.6446728421059111,42.8212646850497,26,0,0,0,37,20,12,5,10,100
METROLOGY_CONDITIONED_EIG,320019,55.937552712556055,1.609368243248007,42.49499013151542,26,0,0,0,37,20,12,5,10,100
NO_PASSIVE,320020,390.4432994376809,3.897352903676883,445.27923823147125,0,0,0,0,4,20,12,5,10,100
RANDOM,320020,265.64182387157024,3.9194189475371215,205.47351420945978,4,0,0,0,4,20,12,5,10,100
HIGHEST_SNR,320020,265.64182387157024,3.9194189475371215,205.47351420945978,4,0,0,0,4,20,12,5,10,100
SHORTEST_PULSE,320020,265.64182387157024,3.9194189475371215,205.47351420945978,4,0,0,0,4,20,12,5,10,100
METROLOGY_CONDITIONED_EIG,320020,265.64182387157024,3.9194189475371215,205.47351420945978,4,0,0,0,4,20,12,5,10,100
NO_PASSIVE,320021,520.8356597035666,2.8137749046153426,445.27923823147125,0,0,0,0,4,20,12,5,10,100
RANDOM,320021,165.1155908750443,2.795378470230182,120.14876109613454,4,0,0,0,4,20,12,5,10,100
HIGHEST_SNR,320021,165.1155908750443,2.795378470230182,120.14876109613454,4,0,0,0,4,20,12,5,10,100
SHORTEST_PULSE,320021,165.1155908750443,2.795378470230182,120.14876109613454,4,0,0,0,4,20,12,5,10,100
METROLOGY_CONDITIONED_EIG,320021,165.1155908750443,2.795378470230182,120.14876109613454,4,0,0,0,4,20,12,5,10,100
NO_PASSIVE,320022,333.8006086920564,0.9616795397725093,445.27923823147125,0,0,0,0,24,20,12,5,10,100
RANDOM,320022,62.57662324447993,0.6080242140197649,64.33328478420609,24,0,0,0,24,20,12,5,10,100
HIGHEST_SNR,320022,62.57662324447993,0.6080242140197649,64.33328478420609,24,0,0,0,24,20,12,5,10,100
SHORTEST_PULSE,320022,62.57662324447993,0.6080242140197649,64.33328478420609,24,0,0,0,24,20,12,5,10,100
METROLOGY_CONDITIONED_EIG,320022,62.57662324447993,0.6080242140197649,64.33328478420609,24,0,0,0,24,20,12,5,10,100
NO_PASSIVE,320023,156.448297521956,0.7349525096858024,445.27923823147125,0,0,0,0,16,20,12,5,10,100
RANDOM,320023,37.905359056727896,0.5776293857348695,63.201134307200114,13,0,0,0,16,20,12,5,10,100
HIGHEST_SNR,320023,67.89547373754365,0.4270540179779888,64.89360262767431,13,0,0,0,16,20,12,5,10,100
SHORTEST_PULSE,320023,46.16801552260156,0.48032947725481456,63.05407347954183,13,0,0,0,16,20,12,5,10,100
METROLOGY_CONDITIONED_EIG,320023,67.1423282142524,0.3735324632960349,64.9189106186671,13,0,0,0,16,20,12,5,10,100
NO_PASSIVE,320024,452.08303228488285,2.026814457222835,445.27923823147125,0,0,0,0,71,20,12,5,10,100
RANDOM,320024,86.94260373855542,0.37560210975678715,77.60731211507445,48,0,0,0,71,20,12,5,10,100
HIGHEST_SNR,320024,134.6913777687384,1.2275430899357092,82.09452007267782,48,0,0,0,71,20,12,5,10,100
SHORTEST_PULSE,320024,51.641823238198214,0.7580989220973889,58.28564717833568,48,0,0,0,71,20,12,5,10,100
METROLOGY_CONDITIONED_EIG,320024,38.24027756522217,0.47855243319852303,56.899802081446545,48,0,0,0,71,20,12,5,10,100
NO_PASSIVE,320025,662.0994182855449,2.2636993080513585,445.27923823147125,0,0,0,0,27,20,12,5,10,100
RANDOM,320025,65.64374081761216,0.8604735033913216,48.62412581491325,24,0,0,0,27,20,12,5,10,100
HIGHEST_SNR,320025,66.23761446851643,0.8420616087254145,51.07985748264516,24,0,0,0,27,20,12,5,10,100
SHORTEST_PULSE,320025,66.81301779044989,0.9322843727069041,48.013172597690016,24,0,0,0,27,20,12,5,10,100
METROLOGY_CONDITIONED_EIG,320025,67.01133769240899,0.9175180668081852,48.084324599459066,24,0,0,0,27,20,12,5,10,100
NO_PASSIVE,320026,853.7945767728486,3.2554029346179454,445.27923823147125,0,0,0,0,25,20,12,5,10,100
RANDOM,320026,87.30755652299024,2.252522437862464,69.19087729427017,18,1,0,0,25,20,12,5,10,100
HIGHEST_SNR,320026,91.39122613079937,2.1725260468041756,69.53738744657974,18,1,0,0,25,20,12,5,10,100
SHORTEST_PULSE,320026,100.94287104469763,2.34183258859438,67.53577891843325,19,0,0,0,25,20,12,5,10,100
METROLOGY_CONDITIONED_EIG,320026,102.3241184039437,2.266195591620035,67.57583852791667,19,0,0,0,25,20,12,5,10,100
NO_PASSIVE,320027,453.38591422812203,0.23877027847850266,445.27923823147125,0,0,0,0,3,20,12,5,10,100
RANDOM,320027,42.86666915430317,0.43856116609677137,121.15126234552889,3,0,0,0,3,20,12,5,10,100
HIGHEST_SNR,320027,42.86666915430317,0.43856116609677137,121.15126234552889,3,0,0,0,3,20,12,5,10,100
SHORTEST_PULSE,320027,42.86666915430317,0.43856116609677137,121.15126234552889,3,0,0,0,3,20,12,5,10,100
METROLOGY_CONDITIONED_EIG,320027,42.86666915430317,0.43856116609677137,121.15126234552889,3,0,0,0,3,20,12,5,10,100
NO_PASSIVE,320028,1108.3267160504274,2.4144654649325057,445.27923823147125,0,0,0,0,18,20,12,5,10,100
RANDOM,320028,109.4724130162711,0.10926387837683431,82.989664065623,13,1,0,0,18,20,12,5,10,100
HIGHEST_SNR,320028,109.4724130162711,0.10926387837683431,82.989664065623,13,1,0,0,18,20,12,5,10,100
SHORTEST_PULSE,320028,129.91707579815585,0.34559969250827827,67.66809507334243,13,1,0,0,18,20,12,5,10,100
METROLOGY_CONDITIONED_EIG,320028,135.79080093495818,0.22237855111259802,67.6044403628954,13,1,0,0,18,20,12,5,10,100
NO_PASSIVE,320029,662.1110749382747,0.2867243655130259,445.27923823147125,0,0,0,0,22,20,12,5,10,100
RANDOM,320029,145.40498547384578,0.8450782788395499,91.2380444839091,21,0,0,0,22,20,12,5,10,100
HIGHEST_SNR,320029,99.06178658397685,0.8080875838101683,111.40227295590212,21,0,0,0,22,20,12,5,10,100
SHORTEST_PULSE,320029,145.40498547384578,0.8450782788395499,91.2380444839091,21,0,0,0,22,20,12,5,10,100
METROLOGY_CONDITIONED_EIG,320029,145.40498547384578,0.8450782788395499,91.2380444839091,21,0,0,0,22,20,12,5,10,100
NO_PASSIVE,321000,481.88890427335025,1.5173982045000656,445.27923823147125,0,0,0,0,90,21,12,5,100,30
RANDOM,321000,11.374191887455542,0.30934893000676167,27.160933384735394,45,1,0,0,90,21,12,5,100,30
HIGHEST_SNR,321000,12.822020297631129,0.5655695606030078,19.26193482092123,46,0,0,0,90,21,12,5,100,30
SHORTEST_PULSE,321000,2.72041223551489,1.0394477367264092,39.168994023279886,46,0,0,0,90,21,12,5,100,30
METROLOGY_CONDITIONED_EIG,321000,8.728152207795157,0.23697904341139361,17.82581036146213,46,0,0,0,90,21,12,5,100,30
NO_PASSIVE,321001,468.19284771363704,0.4293609426685955,445.27923823147125,0,0,0,0,58,21,12,5,100,30
RANDOM,321001,36.043697945212635,1.3270212800854089,36.31699925394918,40,0,0,0,58,21,12,5,100,30
HIGHEST_SNR,321001,16.453906523244562,0.0536857025210399,78.5637156785857,40,0,0,0,58,21,12,5,100,30
SHORTEST_PULSE,321001,62.02169522447641,0.18685595547310943,76.85750619045253,39,1,0,0,58,21,12,5,100,30
METROLOGY_CONDITIONED_EIG,321001,23.227958842425576,1.0308393642206781,32.106144245536264,39,1,0,0,58,21,12,5,100,30
NO_PASSIVE,321002,668.1679905639504,1.0065618741363875,445.27923823147125,0,0,0,0,110,21,12,5,100,30
RANDOM,321002,28.06338498493328,0.7431157901100823,35.026401102177566,57,0,0,0,110,21,12,5,100,30
HIGHEST_SNR,321002,46.61475574273519,0.9180048778596298,100.3295493298334,56,1,0,0,110,21,12,5,100,30
SHORTEST_PULSE,321002,63.59588182185823,1.4298097027940346,47.05331402496312,57,0,0,0,110,21,12,5,100,30
METROLOGY_CONDITIONED_EIG,321002,9.531998891976848,0.1793843191929249,29.377226473173916,57,0,0,0,110,21,12,5,100,30
NO_PASSIVE,321003,470.0978391667498,1.7377005799841205,445.27923823147125,0,0,0,0,140,21,12,5,100,30
RANDOM,321003,8.597117627787819,0.05032586249725264,15.714937119356348,60,0,0,0,140,21,12,5,100,30
HIGHEST_SNR,321003,13.357927717706513,0.4045245939515315,20.400200630581583,60,0,0,0,140,21,12,5,100,30
SHORTEST_PULSE,321003,20.527400139887874,0.7385116452945848,14.700273255202507,60,0,0,0,140,21,12,5,100,30
METROLOGY_CONDITIONED_EIG,321003,3.647446929188493,0.4137749142997328,13.176236498412106,60,0,0,0,140,21,12,5,100,30
NO_PASSIVE,321004,245.19368813533612,1.9642428517525763,445.27923823147125,0,0,0,0,96,21,12,5,100,30
RANDOM,321004,46.981068964551895,0.992116337274783,34.59937005715291,39,3,0,0,96,21,12,5,100,30
HIGHEST_SNR,321004,7.479103412392981,0.6263483205396483,31.172882628000995,41,1,0,0,96,21,12,5,100,30
SHORTEST_PULSE,321004,21.069367667768685,0.9203555142856364,27.1589645695106,41,1,0,0,96,21,12,5,100,30
METROLOGY_CONDITIONED_EIG,321004,3.16363357219097,0.10089573857289615,23.811266854473814,42,0,0,0,96,21,12,5,100,30
NO_PASSIVE,321005,117.76245764612626,2.6362659996211066,445.27923823147125,0,0,0,0,75,21,12,5,100,30
RANDOM,321005,2.7882168494676245,0.142376425873314,41.739130954742016,54,0,0,0,75,21,12,5,100,30
HIGHEST_SNR,321005,4.083830234584611,0.2779865133460309,43.33231947194964,54,0,0,0,75,21,12,5,100,30
SHORTEST_PULSE,321005,3.28213023203038,0.21433918168579977,34.48241032185301,54,0,0,0,75,21,12,5,100,30
METROLOGY_CONDITIONED_EIG,321005,6.710361806760774,0.22098716035751492,33.859458099437,54,0,0,0,75,21,12,5,100,30
NO_PASSIVE,321006,163.98735478181405,0.337248400960478,445.27923823147125,0,0,0,0,150,21,12,5,100,30
RANDOM,321006,12.810116344359763,0.8710577023341373,28.00410761086793,46,0,0,0,150,21,12,5,100,30
HIGHEST_SNR,321006,18.580670603781986,0.6437920835512542,32.927783280198504,46,0,0,0,150,21,12,5,100,30
SHORTEST_PULSE,321006,3.7743739048860405,0.2622303480809279,27.733169667229426,46,0,0,0,150,21,12,5,100,30
METROLOGY_CONDITIONED_EIG,321006,3.4443338098540046,0.16685879292663755,24.805030327321678,46,0,0,0,150,21,12,5,100,30
NO_PASSIVE,321007,300.80563104733636,3.1560903613766236,445.27923823147125,0,0,0,0,90,21,12,5,100,30
RANDOM,321007,11.215044808440332,0.10051879836546761,30.490193568528394,57,0,0,0,90,21,12,5,100,30
HIGHEST_SNR,321007,6.2798109499581685,0.2516728294253796,33.51538341540104,57,0,0,0,90,21,12,5,100,30
SHORTEST_PULSE,321007,10.986708547196747,0.529880597540104,32.96408522307921,57,0,0,0,90,21,12,5,100,30
METROLOGY_CONDITIONED_EIG,321007,13.577368341121788,0.46538771304369025,28.02013950755633,57,0,0,0,90,21,12,5,100,30
NO_PASSIVE,321008,465.2466847308183,2.0165981454644673,445.27923823147125,0,0,0,0,38,21,12,5,100,30
RANDOM,321008,30.26395843944402,0.8277712458806178,58.21501961058217,29,0,0,0,38,21,12,5,100,30
HIGHEST_SNR,321008,71.79222790332035,1.0005028999025185,62.265315371151395,29,0,0,0,38,21,12,5,100,30
SHORTEST_PULSE,321008,55.13936590977163,0.7322908372405101,63.10937980092679,29,0,0,0,38,21,12,5,100,30
METROLOGY_CONDITIONED_EIG,321008,48.372018516159194,0.8341534809882271,58.2764224004291,29,0,0,0,38,21,12,5,100,30
NO_PASSIVE,321009,98.34784844956293,3.0329610188655494,445.27923823147125,0,0,0,0,160,21,12,5,100,30
RANDOM,321009,30.721192802330155,0.34497385485305126,27.221381701215513,53,1,0,0,160,21,12,5,100,30
HIGHEST_SNR,321009,50.6753498497116,0.9735239764915807,47.50762277477164,51,3,0,0,160,21,12,5,100,30
SHORTEST_PULSE,321009,3.0156046349478007,1.2540792410182087,62.78512084092847,53,1,0,0,160,21,12,5,100,30
METROLOGY_CONDITIONED_EIG,321009,10.294668995743669,0.2481799774574326,24.899331706287885,53,1,0,0,160,21,12,5,100,30
NO_PASSIVE,321010,388.34555024779434,1.9087154626040375,445.27923823147125,0,0,0,0,80,21,12,5,100,30
RANDOM,321010,26.141914135630945,0.8000920703124894,31.96312847334622,50,1,0,0,80,21,12,5,100,30
HIGHEST_SNR,321010,22.741459340536014,1.0678480119416613,34.97286829288468,50,1,0,0,80,21,12,5,100,30
SHORTEST_PULSE,321010,10.968382531281302,0.3817810411788383,29.423235488868983,51,0,0,0,80,21,12,5,100,30
METROLOGY_CONDITIONED_EIG,321010,4.269547048242097,0.3419204045580999,27.653021045934867,51,0,0,0,80,21,12,5,100,30
NO_PASSIVE,321011,678.2691840470142,2.4261895099408712,445.27923823147125,0,0,0,0,114,21,12,5,100,30
RANDOM,321011,39.5545200798343,1.0277118861842494,20.477485132371285,44,0,0,0,114,21,12,5,100,30
HIGHEST_SNR,321011,29.43485035904804,0.8726981061373269,21.506385619966483,44,0,0,0,114,21,12,5,100,30
SHORTEST_PULSE,321011,16.392976436559913,0.3421845315328394,21.022541814333774,44,0,0,0,114,21,12,5,100,30
METROLOGY_CONDITIONED_EIG,321011,28.122927074505515,0.5510295268508532,18.85606994812724,44,0,0,0,114,21,12,5,100,30
NO_PASSIVE,321012,296.6606882106514,0.32067458658620246,445.27923823147125,0,0,0,0,54,21,12,5,100,30
RANDOM,321012,47.091697781189815,0.5955529743270146,37.762638692037946,36,0,0,0,54,21,12,5,100,30
HIGHEST_SNR,321012,31.03566118007591,0.5556113531729892,47.11268994924481,36,0,0,0,54,21,12,5,100,30
SHORTEST_PULSE,321012,32.153474889822284,0.22436919956215406,34.14630833515676,36,0,0,0,54,21,12,5,100,30
METROLOGY_CONDITIONED_EIG,321012,42.69527583031492,0.5319078181837467,34.9613623761775,36,0,0,0,54,21,12,5,100,30
NO_PASSIVE,321013,99.99722354611573,1.5192673624423385,445.27923823147125,0,0,0,0,160,21,12,5,100,30
RANDOM,321013,6.953458098875777,0.38258323755017376,19.497218409648873,60,0,0,0,160,21,12,5,100,30
HIGHEST_SNR,321013,19.086338970036902,0.7798770543801344,43.262169747296156,59,1,0,0,160,21,12,5,100,30
SHORTEST_PULSE,321013,11.655730222112295,0.29970975058887894,18.78278930421575,60,0,0,0,160,21,12,5,100,30
METROLOGY_CONDITIONED_EIG,321013,7.872768070959953,0.6634207761298423,17.17789229899655,60,0,0,0,160,21,12,5,100,30
NO_PASSIVE,321014,238.6386313268941,2.04717931014916,445.27923823147125,0,0,0,0,166,21,12,5,100,30
RANDOM,321014,24.405549293969415,0.4848692217509983,19.74404705519341,55,0,0,0,166,21,12,5,100,30
HIGHEST_SNR,321014,8.443874992909947,0.2723576262416073,21.18527648867391,55,0,0,0,166,21,12,5,100,30
SHORTEST_PULSE,321014,45.2229624751692,0.3593635113478434,33.620696894797035,55,0,0,0,166,21,12,5,100,30
METROLOGY_CONDITIONED_EIG,321014,7.344942484422844,0.12135292252363276,15.527721057315308,55,0,0,0,166,21,12,5,100,30
NO_PASSIVE,321015,155.37594261640487,4.1299987087434324,445.27923823147125,0,0,0,0,206,21,12,5,100,30
RANDOM,321015,80.06348511842786,1.9924087077814725,41.43152525110479,60,0,0,0,206,21,12,5,100,30
HIGHEST_SNR,321015,43.632603461781756,2.715326881931401,87.87737772407945,60,0,0,0,206,21,12,5,100,30
SHORTEST_PULSE,321015,83.47491105370186,2.747087630602742,79.39790031129502,60,0,0,0,206,21,12,5,100,30
METROLOGY_CONDITIONED_EIG,321015,2.6051267962546816,0.15073943337722506,24.057987128972254,59,1,0,0,206,21,12,5,100,30
NO_PASSIVE,321016,448.18781609039246,3.7280017827725738,445.27923823147125,0,0,0,0,151,21,12,5,100,30
RANDOM,321016,21.11549654247188,1.0973770983141118,28.875048485999507,59,1,0,0,151,21,12,5,100,30
HIGHEST_SNR,321016,37.20767979505375,1.1582985893344333,32.958790315604816,60,0,0,0,151,21,12,5,100,30
SHORTEST_PULSE,321016,35.88078017096405,0.9266811656123974,28.508784382924183,60,0,0,0,151,21,12,5,100,30
METROLOGY_CONDITIONED_EIG,321016,4.94067290027343,0.18092386575866926,19.33526720730657,59,1,0,0,151,21,12,5,100,30
NO_PASSIVE,321017,771.2562533472287,1.3176410300185688,445.27923823147125,0,0,0,0,146,21,12,5,100,30
RANDOM,321017,21.445687483929934,0.4914516677368984,33.66360760108384,57,0,0,0,146,21,12,5,100,30
HIGHEST_SNR,321017,38.17768525412187,0.855229847694456,66.92647995883937,56,1,0,0,146,21,12,5,100,30
SHORTEST_PULSE,321017,14.603737865059756,0.4969781573163963,26.913939890963853,56,1,0,0,146,21,12,5,100,30
METROLOGY_CONDITIONED_EIG,321017,14.109972719754179,0.44827710849049324,20.882841397044896,57,0,0,0,146,21,12,5,100,30
NO_PASSIVE,321018,331.03831025697286,2.4306323330507524,445.27923823147125,0,0,0,0,110,21,12,5,100,30
RANDOM,321018,21.797504606113165,1.1781335219648323,14.919126950745394,50,1,0,0,110,21,12,5,100,30
HIGHEST_SNR,321018,14.775582495633548,0.19543948603911154,18.172344365587197,50,1,0,0,110,21,12,5,100,30
SHORTEST_PULSE,321018,29.70691093198688,1.2327485658006911,16.65030093666592,50,1,0,0,110,21,12,5,100,30
METROLOGY_CONDITIONED_EIG,321018,18.464245311481097,0.7565256022593255,14.065810097665752,51,0,0,0,110,21,12,5,100,30
NO_PASSIVE,321019,94.78816279119971,3.8451260362174615,445.27923823147125,0,0,0,0,188,21,12,5,100,30
RANDOM,321019,13.622367486594255,0.22891836519434497,30.17713028005505,60,0,0,0,188,21,12,5,100,30
HIGHEST_SNR,321019,3.271159166902923,0.18701301155420022,19.4595178124161,60,0,0,0,188,21,12,5,100,30
SHORTEST_PULSE,321019,15.884823658407479,0.41642159437453474,47.279354546980024,60,0,0,0,188,21,12,5,100,30
METROLOGY_CONDITIONED_EIG,321019,1.3363280761196574,0.11233274028478742,19.60607438821979,60,0,0,0,188,21,12,5,100,30
NO_PASSIVE,321020,486.0390524542238,1.744851169803235,445.27923823147125,0,0,0,0,163,21,12,5,100,30
RANDOM,321020,5.272484103833583,0.07182193252885309,19.312213248101873,59,1,0,0,163,21,12,5,100,30
HIGHEST_SNR,321020,23.113144933778806,0.5288953074511785,19.27985749187538,59,1,0,0,163,21,12,5,100,30
SHORTEST_PULSE,321020,4.139206766019495,0.05079171605011499,19.313619906832507,59,1,0,0,163,21,12,5,100,30
METROLOGY_CONDITIONED_EIG,321020,3.3417033545817354,0.268805280190434,18.1027139423317,59,1,0,0,163,21,12,5,100,30
NO_PASSIVE,321021,487.31189235301576,2.1111098548584883,445.27923823147125,0,0,0,0,94,21,12,5,100,30
RANDOM,321021,33.93850851981199,1.0053933368339794,27.561583077239792,53,0,0,0,94,21,12,5,100,30
HIGHEST_SNR,321021,13.537878861629945,0.4800236155334679,29.39491475639543,53,0,0,0,94,21,12,5,100,30
SHORTEST_PULSE,321021,20.213257968130993,0.5081892002333909,27.081757182531867,53,0,0,0,94,21,12,5,100,30
METROLOGY_CONDITIONED_EIG,321021,15.997964194518383,0.5883845616560925,26.690296637660158,53,0,0,0,94,21,12,5,100,30
NO_PASSIVE,321022,450.3081830367857,2.2773379880079716,445.27923823147125,0,0,0,0,108,21,12,5,100,30
RANDOM,321022,16.262365055289056,0.5580948337328863,47.46833419988994,48,0,0,0,108,21,12,5,100,30
HIGHEST_SNR,321022,12.766875981774657,0.9824728167590817,41.60718581943875,48,0,0,0,108,21,12,5,100,30
SHORTEST_PULSE,321022,15.482593402199875,1.3459972427590174,55.99418596287446,47,1,0,0,108,21,12,5,100,30
METROLOGY_CONDITIONED_EIG,321022,6.684327971049008,0.9390653339472057,42.36708895846106,48,0,0,0,108,21,12,5,100,30
NO_PASSIVE,321023,670.4357386612156,4.008864128787411,445.27923823147125,0,0,0,0,102,21,12,5,100,30
RANDOM,321023,69.04538514234201,1.4285570785605484,54.28512595097562,54,1,0,0,102,21,12,5,100,30
HIGHEST_SNR,321023,30.17454721512992,0.7647199955355938,52.805265467404936,54,1,0,0,102,21,12,5,100,30
SHORTEST_PULSE,321023,75.0869232269241,1.7838702124943457,57.35892153030036,55,0,0,0,102,21,12,5,100,30
METROLOGY_CONDITIONED_EIG,321023,30.92327252640041,0.9310632423204734,47.12666616981339,54,1,0,0,102,21,12,5,100,30
NO_PASSIVE,321024,258.3415483509453,1.3862304273007346,445.27923823147125,0,0,0,0,133,21,12,5,100,30
RANDOM,321024,7.5563141473268445,0.047298551402178514,22.528022569181214,58,1,0,0,133,21,12,5,100,30
HIGHEST_SNR,321024,110.61934563666863,0.3081321284175701,95.80804917159152,59,0,0,0,133,21,12,5,100,30
SHORTEST_PULSE,321024,7.231429689551333,0.13919710070108537,16.737935363937822,58,1,0,0,133,21,12,5,100,30
METROLOGY_CONDITIONED_EIG,321024,4.825736390415597,0.1405648553225944,17.720105249128597,58,1,0,0,133,21,12,5,100,30
NO_PASSIVE,321025,407.393158085904,2.1642922200923054,445.27923823147125,0,0,0,0,129,21,12,5,100,30
RANDOM,321025,12.609577728828109,0.7370463957682863,14.933225711055071,56,0,0,0,129,21,12,5,100,30
HIGHEST_SNR,321025,8.37172353297576,0.268908731983467,19.80675144609706,56,0,0,0,129,21,12,5,100,30
SHORTEST_PULSE,321025,6.812244470288526,0.39038966383506096,15.991634895097903,56,0,0,0,129,21,12,5,100,30
METROLOGY_CONDITIONED_EIG,321025,7.080252630529084,0.7396136103911098,14.213243930645424,55,1,0,0,129,21,12,5,100,30
NO_PASSIVE,321026,870.1772359159546,3.6307544413704442,445.27923823147125,0,0,0,0,88,21,12,5,100,30
RANDOM,321026,4.5585779465942355,0.20820039131021018,21.062977059108412,41,8,0,0,88,21,12,5,100,30
HIGHEST_SNR,321026,19.924887396897883,0.490837121639028,20.925338872877706,46,3,0,0,88,21,12,5,100,30
SHORTEST_PULSE,321026,21.190154634335677,0.2260398645590137,19.496955146495875,33,16,0,0,88,21,12,5,100,30
METROLOGY_CONDITIONED_EIG,321026,7.327152209487242,0.558859373126007,18.392997060900562,34,15,0,0,88,21,12,5,100,30
NO_PASSIVE,321027,417.5767933989437,3.7975277826830482,445.27923823147125,0,0,0,0,167,21,12,5,100,30
RANDOM,321027,18.19631589568315,0.13107755319622644,22.795464703406296,58,2,0,0,167,21,12,5,100,30
HIGHEST_SNR,321027,14.62446319509775,0.18703201876002468,22.19887056020805,60,0,0,0,167,21,12,5,100,30
SHORTEST_PULSE,321027,7.694010658604067,0.16280331303584702,13.945383669366057,58,2,0,0,167,21,12,5,100,30
METROLOGY_CONDITIONED_EIG,321027,14.641875783109535,0.5071918828030878,12.96718988540983,60,0,0,0,167,21,12,5,100,30
NO_PASSIVE,321028,332.2758723369863,1.9393466726419468,445.27923823147125,0,0,0,0,208,21,12,5,100,30
RANDOM,321028,1.1304415501103162,0.41973964642186995,24.226590071091213,60,0,0,0,208,21,12,5,100,30
HIGHEST_SNR,321028,34.53750209663717,0.6638123116459482,25.353795246705996,60,0,0,0,208,21,12,5,100,30
SHORTEST_PULSE,321028,27.680973514376,0.6676371053057479,21.684276746151955,60,0,0,0,208,21,12,5,100,30
METROLOGY_CONDITIONED_EIG,321028,11.185433871375146,0.2682745852431953,18.076010207837395,59,1,0,0,208,21,12,5,100,30
NO_PASSIVE,321029,82.43977516515109,0.5887617417020341,445.27923823147125,0,0,0,0,211,21,12,5,100,30
RANDOM,321029,16.72625136872326,0.30734599999394924,19.003184889597,60,0,0,0,211,21,12,5,100,30
HIGHEST_SNR,321029,4.419106027436145,0.35525139259364336,18.941834621620234,60,0,0,0,211,21,12,5,100,30
SHORTEST_PULSE,321029,7.3456308731230555,0.1018889051038641,15.988532478401416,60,0,0,0,211,21,12,5,100,30
METROLOGY_CONDITIONED_EIG,321029,3.896173849643282,0.1623039845979027,15.864499963746532,60,0,0,0,211,21,12,5,100,30
NO_PASSIVE,322000,509.6267581038182,3.1598375064142945,445.27923823147125,0,0,0,0,114,22,12,5,100,100
RANDOM,322000,49.414802637814326,1.07384163855302,37.42444420642709,44,1,0,0,114,22,12,5,100,100
HIGHEST_SNR,322000,3.4611577583554354,0.5940236419999013,59.84900055134558,41,4,0,0,114,22,12,5,100,100
SHORTEST_PULSE,322000,23.362951395279936,0.9823542949362266,40.70162459722979,44,1,0,0,114,22,12,5,100,100
METROLOGY_CONDITIONED_EIG,322000,25.3261743999029,0.2599382497746199,27.066354407095385,45,0,0,0,114,22,12,5,100,100
NO_PASSIVE,322001,17.17663254565094,1.8024712892876082,445.27923823147125,0,0,0,0,156,22,12,5,100,100
RANDOM,322001,7.75152351122128,0.5298625612572704,36.01684647208611,59,1,0,0,156,22,12,5,100,100
HIGHEST_SNR,322001,45.90272345878025,1.0398938088808674,39.31753845725637,59,1,0,0,156,22,12,5,100,100
SHORTEST_PULSE,322001,26.062257783302837,0.7272853721910245,31.324275999337623,60,0,0,0,156,22,12,5,100,100
METROLOGY_CONDITIONED_EIG,322001,16.394081725863433,0.49708384084438295,32.35010310999918,60,0,0,0,156,22,12,5,100,100
NO_PASSIVE,322002,305.43468889687284,2.660668838651147,445.27923823147125,0,0,0,0,119,22,12,5,100,100
RANDOM,322002,71.92294764491541,1.612327930855204,35.531113357005225,59,1,0,0,119,22,12,5,100,100
HIGHEST_SNR,322002,47.70616417798111,1.380555877652019,45.27600077363878,60,0,0,0,119,22,12,5,100,100
SHORTEST_PULSE,322002,95.28497089855608,1.7594051710868743,42.72469075451719,60,0,0,0,119,22,12,5,100,100
METROLOGY_CONDITIONED_EIG,322002,78.86462265058316,2.19813418606841,33.77306258044948,60,0,0,0,119,22,12,5,100,100
NO_PASSIVE,322003,521.2019813700845,2.3770609982478907,445.27923823147125,0,0,0,0,144,22,12,5,100,100
RANDOM,322003,42.85871042343122,0.9279045880962569,49.84569550890916,58,1,0,0,144,22,12,5,100,100
HIGHEST_SNR,322003,37.99110239727385,1.0062607408290671,46.49336988645862,59,0,0,0,144,22,12,5,100,100
SHORTEST_PULSE,322003,24.06875862102343,0.8068289451653108,39.91618207358062,59,0,0,0,144,22,12,5,100,100
METROLOGY_CONDITIONED_EIG,322003,24.610482779754765,0.5961565898219165,36.57913244361992,59,0,0,0,144,22,12,5,100,100
NO_PASSIVE,322004,175.0991425417212,1.616983741042636,445.27923823147125,0,0,0,0,256,22,12,5,100,100
RANDOM,322004,37.36224698101636,0.9175320014859455,26.229256605216,59,1,0,0,256,22,12,5,100,100
HIGHEST_SNR,322004,30.714118728290146,0.9480482374575372,41.82270009795038,60,0,0,0,256,22,12,5,100,100
SHORTEST_PULSE,322004,15.627128276071916,0.600316279649772,22.58491596346193,60,0,0,0,256,22,12,5,100,100
METROLOGY_CONDITIONED_EIG,322004,8.144846617207591,0.29450979821870144,17.46424926246197,59,1,0,0,256,22,12,5,100,100
NO_PASSIVE,322005,262.25899999502934,1.4622874680895173,445.27923823147125,0,0,0,0,119,22,12,5,100,100
RANDOM,322005,13.009417143048543,0.7306300680371041,37.233270515623516,54,0,0,0,119,22,12,5,100,100
HIGHEST_SNR,322005,47.19768814983538,0.819668874594899,35.00114753457004,54,0,0,0,119,22,12,5,100,100
SHORTEST_PULSE,322005,53.341997120989575,0.9705632577843585,65.3914643690045,54,0,0,0,119,22,12,5,100,100
METROLOGY_CONDITIONED_EIG,322005,41.537904367533635,0.5250321176042722,30.055760714031017,54,0,0,0,119,22,12,5,100,100
NO_PASSIVE,322006,266.3910903695634,1.063356610675071,445.27923823147125,0,0,0,0,137,22,12,5,100,100
RANDOM,322006,44.49444125869973,0.6450441589714088,29.178943898267512,48,0,0,0,137,22,12,5,100,100
HIGHEST_SNR,322006,39.946036971121316,0.4604102915628769,77.33771892713725,48,0,0,0,137,22,12,5,100,100
SHORTEST_PULSE,322006,15.38583289215474,0.7436532488525743,39.452817496904615,47,1,0,0,137,22,12,5,100,100
METROLOGY_CONDITIONED_EIG,322006,48.27100959827182,1.6708071990659137,24.73842121239758,48,0,0,0,137,22,12,5,100,100
NO_PASSIVE,322007,315.87172990273586,0.22147439074773698,445.27923823147125,0,0,0,0,115,22,12,5,100,100
RANDOM,322007,31.9925811064707,1.2460527679701852,40.55453619992636,58,0,0,0,115,22,12,5,100,100
HIGHEST_SNR,322007,117.02362180338278,2.5618809954809976,48.28376370755874,57,1,0,0,115,22,12,5,100,100
SHORTEST_PULSE,322007,40.180119469010464,1.515184331868486,40.56369732472556,58,0,0,0,115,22,12,5,100,100
METROLOGY_CONDITIONED_EIG,322007,42.391971575765744,1.2316366030306594,39.83133332008442,58,0,0,0,115,22,12,5,100,100
NO_PASSIVE,322008,944.0176714906607,2.936888827701897,445.27923823147125,0,0,0,0,183,22,12,5,100,100
RANDOM,322008,17.680797737227866,0.39320060431532033,34.64130157091664,56,4,0,0,183,22,12,5,100,100
HIGHEST_SNR,322008,55.82916580186192,1.0966663053755017,48.72616691982035,60,0,0,0,183,22,12,5,100,100
SHORTEST_PULSE,322008,21.373990813840567,0.552685081804841,29.02933638303715,59,1,0,0,183,22,12,5,100,100
METROLOGY_CONDITIONED_EIG,322008,13.46985990336595,0.33865704958068166,26.32015560855115,59,1,0,0,183,22,12,5,100,100
NO_PASSIVE,322009,187.6485680976778,1.1696152655419743,445.27923823147125,0,0,0,0,147,22,12,5,100,100
RANDOM,322009,20.7537651531273,0.18168767538336533,37.904514607486185,57,0,0,0,147,22,12,5,100,100
HIGHEST_SNR,322009,108.09275307028665,1.7798211294188395,64.78509231088967,57,0,0,0,147,22,12,5,100,100
SHORTEST_PULSE,322009,23.894187521334104,0.9626795789274459,33.143179548462015,57,0,0,0,147,22,12,5,100,100
METROLOGY_CONDITIONED_EIG,322009,16.198267980847927,0.56158413780682,32.40755392072429,57,0,0,0,147,22,12,5,100,100
NO_PASSIVE,322010,556.0867592340478,1.2071393937889265,445.27923823147125,0,0,0,0,170,22,12,5,100,100
RANDOM,322010,13.307863735388295,0.48349925053646803,21.57539292880435,60,0,0,0,170,22,12,5,100,100
HIGHEST_SNR,322010,15.912690741999866,0.287943747036963,39.307538305696475,59,1,0,0,170,22,12,5,100,100
SHORTEST_PULSE,322010,26.828080695399695,1.0518467924100725,19.99831348305839,59,1,0,0,170,22,12,5,100,100
METROLOGY_CONDITIONED_EIG,322010,21.287304085403864,0.7540986642001346,19.52386603567917,60,0,0,0,170,22,12,5,100,100
NO_PASSIVE,322011,401.30661712018946,1.0724735102983685,445.27923823147125,0,0,0,0,50,22,12,5,100,100
RANDOM,322011,12.376168455164937,0.9657391505032282,45.44842998887434,47,0,0,0,50,22,12,5,100,100
HIGHEST_SNR,322011,32.70707904697148,1.4514406069967152,49.10403406659524,47,0,0,0,50,22,12,5,100,100
SHORTEST_PULSE,322011,18.13255071149376,0.36637453903330885,44.91423083279479,47,0,0,0,50,22,12,5,100,100
METROLOGY_CONDITIONED_EIG,322011,18.13255071149376,0.36637453903330885,44.91423083279479,47,0,0,0,50,22,12,5,100,100
NO_PASSIVE,322012,381.7746407670627,1.8850328154593956,445.27923823147125,0,0,0,0,117,22,12,5,100,100
RANDOM,322012,28.92160394315821,0.9932650774860007,39.69029043987375,54,0,0,0,117,22,12,5,100,100
HIGHEST_SNR,322012,16.8500068514398,1.033375749351838,47.506541471430296,54,0,0,0,117,22,12,5,100,100
SHORTEST_PULSE,322012,21.448308560338447,0.9142592344625284,34.66228600053815,54,0,0,0,117,22,12,5,100,100
METROLOGY_CONDITIONED_EIG,322012,11.549647740918664,0.41163021123697935,32.23035734264794,54,0,0,0,117,22,12,5,100,100
NO_PASSIVE,322013,468.90081670486165,2.8622979141821645,445.27923823147125,0,0,0,0,150,22,12,5,100,100
RANDOM,322013,19.940232896058873,0.45197253238662133,40.71526491905517,59,1,0,0,150,22,12,5,100,100
HIGHEST_SNR,322013,86.42903953015121,2.2862682223688835,80.4918940188673,60,0,0,0,150,22,12,5,100,100
SHORTEST_PULSE,322013,34.42332554089938,1.186304060121597,44.97385070316606,58,2,0,0,150,22,12,5,100,100
METROLOGY_CONDITIONED_EIG,322013,3.6670920816908983,0.7189151156450729,36.80590250954333,59,1,0,0,150,22,12,5,100,100
NO_PASSIVE,322014,203.72608563670826,2.2487863639719565,445.27923823147125,0,0,0,0,99,22,12,5,100,100
RANDOM,322014,59.96477175235535,0.8430093800730755,27.15211880517276,59,0,0,0,99,22,12,5,100,100
HIGHEST_SNR,322014,70.26616758193221,1.4572248931862495,31.03489491486179,59,0,0,0,99,22,12,5,100,100
SHORTEST_PULSE,322014,70.10441997130087,1.2194572967745327,28.127737539847615,59,0,0,0,99,22,12,5,100,100
METROLOGY_CONDITIONED_EIG,322014,61.855076267142756,1.2165866234070721,26.865843787201054,58,1,0,0,99,22,12,5,100,100
NO_PASSIVE,322015,409.5189079732763,1.4952795724726333,445.27923823147125,0,0,0,0,105,22,12,5,100,100
RANDOM,322015,24.31164533949426,0.8864152858551279,24.095030366957396,56,1,0,0,105,22,12,5,100,100
HIGHEST_SNR,322015,34.701552908145075,1.3080097159886388,30.199526840874203,57,0,0,0,105,22,12,5,100,100
SHORTEST_PULSE,322015,29.796073831334958,1.2611889909465044,23.62116652434467,56,1,0,0,105,22,12,5,100,100
METROLOGY_CONDITIONED_EIG,322015,30.753884048145263,1.3015852143676405,24.266217033167138,56,1,0,0,105,22,12,5,100,100
NO_PASSIVE,322016,652.5882498660455,0.9143630821205887,445.27923823147125,0,0,0,0,114,22,12,5,100,100
RANDOM,322016,26.92216076867419,0.9315637763436795,46.77713872237159,58,0,0,0,114,22,12,5,100,100
HIGHEST_SNR,322016,41.003971971311536,1.0847564528462654,57.775410559256,58,0,0,0,114,22,12,5,100,100
SHORTEST_PULSE,322016,35.29997107377735,1.6535250242714101,28.889893041527294,58,0,0,0,114,22,12,5,100,100
METROLOGY_CONDITIONED_EIG,322016,1.7029511642760728,0.839117942511694,26.72051349159695,58,0,0,0,114,22,12,5,100,100
NO_PASSIVE,322017,572.762827548142,1.3686277330002026,445.27923823147125,0,0,0,0,131,22,12,5,100,100
RANDOM,322017,27.765248545372717,0.9785243050483327,50.32225163239683,50,1,0,0,131,22,12,5,100,100
HIGHEST_SNR,322017,35.27007564490292,1.072496342671862,55.92657835260934,50,1,0,0,131,22,12,5,100,100
SHORTEST_PULSE,322017,22.529567708695502,0.3436708677506045,53.92626723656622,50,1,0,0,131,22,12,5,100,100
METROLOGY_CONDITIONED_EIG,322017,38.77000558199963,0.9759909427014463,43.28446244896285,50,1,0,0,131,22,12,5,100,100
NO_PASSIVE,322018,568.3479062004801,2.2630803259349026,445.27923823147125,0,0,0,0,211,22,12,5,100,100
RANDOM,322018,28.575507603180068,0.5413122293435602,36.590046374372726,47,1,0,0,211,22,12,5,100,100
HIGHEST_SNR,322018,97.7558539180319,1.559410697384729,74.60178778999723,46,2,0,0,211,22,12,5,100,100
SHORTEST_PULSE,322018,43.590054180848384,0.892216540151343,29.99551615249844,48,0,0,0,211,22,12,5,100,100
METROLOGY_CONDITIONED_EIG,322018,22.07279351949577,0.3225092841152788,26.779129600570034,48,0,0,0,211,22,12,5,100,100
NO_PASSIVE,322019,355.29173594582466,2.8281383504354927,445.27923823147125,0,0,0,0,86,22,12,5,100,100
RANDOM,322019,70.07675521319649,1.9201242502021194,54.774285551803715,31,0,0,0,86,22,12,5,100,100
HIGHEST_SNR,322019,64.52081721709948,1.835097421665421,67.73277226498928,31,0,0,0,86,22,12,5,100,100
SHORTEST_PULSE,322019,40.70888735541343,2.6983221867125704,55.97683798736494,31,0,0,0,86,22,12,5,100,100
METROLOGY_CONDITIONED_EIG,322019,33.22345865043311,1.3839460232051501,42.329299431638695,31,0,0,0,86,22,12,5,100,100
NO_PASSIVE,322020,587.6177380386839,3.359471560640379,445.27923823147125,0,0,0,0,123,22,12,5,100,100
RANDOM,322020,7.861908987761356,0.6441112357492829,42.78724286857446,50,1,0,0,123,22,12,5,100,100
HIGHEST_SNR,322020,17.688698146608196,0.5978721247544514,46.41201517295579,50,1,0,0,123,22,12,5,100,100
SHORTEST_PULSE,322020,20.261064629024524,0.49667282392202816,40.41232139101006,51,0,0,0,123,22,12,5,100,100
METROLOGY_CONDITIONED_EIG,322020,33.900098328477426,0.8664720101835623,39.05466770250445,50,1,0,0,123,22,12,5,100,100
NO_PASSIVE,322021,308.3417724919894,1.4475730386584809,445.27923823147125,0,0,0,0,147,22,12,5,100,100
RANDOM,322021,11.073163941419,0.3448291459352229,40.24713152362044,58,2,0,0,147,22,12,5,100,100
HIGHEST_SNR,322021,51.47813315160343,0.662773778410388,53.01057370639848,59,1,0,0,147,22,12,5,100,100
SHORTEST_PULSE,322021,28.726246868001407,0.8642050806658984,34.877612340608536,60,0,0,0,147,22,12,5,100,100
METROLOGY_CONDITIONED_EIG,322021,19.61593504795996,0.590573555068874,36.26442111936864,60,0,0,0,147,22,12,5,100,100
NO_PASSIVE,322022,210.82703169100805,2.1693909295589777,445.27923823147125,0,0,0,0,97,22,12,5,100,100
RANDOM,322022,13.409622617294202,0.6432306625182391,24.230000815565045,59,0,0,0,97,22,12,5,100,100
HIGHEST_SNR,322022,10.009266343287381,0.3983861180280467,27.009707083753263,59,0,0,0,97,22,12,5,100,100
SHORTEST_PULSE,322022,20.876067377620704,1.650718979441724,24.51177765888354,59,0,0,0,97,22,12,5,100,100
METROLOGY_CONDITIONED_EIG,322022,11.811570807009355,0.8862440840096995,22.652413957983487,59,0,0,0,97,22,12,5,100,100
NO_PASSIVE,322023,387.93201197732964,3.154034203258125,445.27923823147125,0,0,0,0,136,22,12,5,100,100
RANDOM,322023,28.629744774101827,0.9868805794997086,29.67767502540468,55,4,0,0,136,22,12,5,100,100
HIGHEST_SNR,322023,93.77941017386787,2.117798209105076,38.19007160876731,58,1,0,0,136,22,12,5,100,100
SHORTEST_PULSE,322023,39.057099699173115,0.8808976836353769,21.745948186563776,57,2,0,0,136,22,12,5,100,100
METROLOGY_CONDITIONED_EIG,322023,17.852152488476627,0.6121947014689217,21.736894461326457,56,3,0,0,136,22,12,5,100,100
NO_PASSIVE,322024,309.9642291534476,2.0775423570643134,445.27923823147125,0,0,0,0,127,22,12,5,100,100
RANDOM,322024,61.560951249191504,1.6590086422792798,32.99631289593995,58,1,0,0,127,22,12,5,100,100
HIGHEST_SNR,322024,43.146780173551264,1.0446955187988929,40.63959281525192,59,0,0,0,127,22,12,5,100,100
SHORTEST_PULSE,322024,77.04185694707886,1.5617162571048917,36.51921128312385,58,1,0,0,127,22,12,5,100,100
METROLOGY_CONDITIONED_EIG,322024,48.56984576613028,1.0267062687776978,30.09459679315207,57,2,0,0,127,22,12,5,100,100
NO_PASSIVE,322025,302.50797607779134,3.2869204651102244,445.27923823147125,0,0,0,0,234,22,12,5,100,100
RANDOM,322025,23.394548862552387,0.9138501579092712,23.745354447343384,58,2,0,0,234,22,12,5,100,100
HIGHEST_SNR,322025,9.175191724495633,0.43252551680244516,27.8042177574229,58,2,0,0,234,22,12,5,100,100
SHORTEST_PULSE,322025,7.1963590942900835,0.2476089037911302,26.834508009034064,57,3,0,0,234,22,12,5,100,100
METROLOGY_CONDITIONED_EIG,322025,15.60088819054693,0.8209039520927754,20.426556253419253,54,6,0,0,234,22,12,5,100,100
NO_PASSIVE,322026,226.5020249510301,1.364099364645853,445.27923823147125,0,0,0,0,107,22,12,5,100,100
RANDOM,322026,33.435971767435475,0.38834485927162127,32.44771681763236,55,0,0,0,107,22,12,5,100,100
HIGHEST_SNR,322026,27.515391360717746,1.1163281684105395,35.91718995646214,55,0,0,0,107,22,12,5,100,100
SHORTEST_PULSE,322026,22.730942617149292,0.8888087508388139,32.64638214308106,54,1,0,0,107,22,12,5,100,100
METROLOGY_CONDITIONED_EIG,322026,33.44071392051475,0.46998466641440645,29.483171556970344,55,0,0,0,107,22,12,5,100,100
NO_PASSIVE,322027,449.753221247213,0.054240949348302196,445.27923823147125,0,0,0,0,112,22,12,5,100,100
RANDOM,322027,38.47403510716236,1.0671395766554042,36.64943128244654,48,0,0,0,112,22,12,5,100,100
HIGHEST_SNR,322027,5.614119012081063,0.34173046855409084,58.09080395990183,48,0,0,0,112,22,12,5,100,100
SHORTEST_PULSE,322027,35.3716214224393,0.8521491964225125,32.91197254075961,48,0,0,0,112,22,12,5,100,100
METROLOGY_CONDITIONED_EIG,322027,10.845234523544951,0.2252485708059035,33.01938140235886,48,0,0,0,112,22,12,5,100,100
NO_PASSIVE,322028,227.12468018467882,1.8712431395319906,445.27923823147125,0,0,0,0,138,22,12,5,100,100
RANDOM,322028,6.9440835853592295,0.5489986162891434,32.7954871070095,59,0,0,0,138,22,12,5,100,100
HIGHEST_SNR,322028,20.749226017873053,0.3713245726378588,42.78839925418571,58,1,0,0,138,22,12,5,100,100
SHORTEST_PULSE,322028,10.84525313771194,0.31498416381591954,30.022519209111607,59,0,0,0,138,22,12,5,100,100
METROLOGY_CONDITIONED_EIG,322028,10.849566282275294,0.46266372407606715,27.998492255269674,58,1,0,0,138,22,12,5,100,100
NO_PASSIVE,322029,451.2432171706864,1.8466779449778954,445.27923823147125,0,0,0,0,170,22,12,5,100,100
RANDOM,322029,16.37978524472491,0.8838482827623034,39.991113248896525,60,0,0,0,170,22,12,5,100,100
HIGHEST_SNR,322029,26.15938236972472,0.7112990935245395,50.54556567269018,59,1,0,0,170,22,12,5,100,100
SHORTEST_PULSE,322029,34.029977789829296,0.6694754320587115,32.69853395105956,60,0,0,0,170,22,12,5,100,100
METROLOGY_CONDITIONED_EIG,322029,23.944533548869245,0.3306375909469238,28.90030135517742,60,0,0,0,170,22,12,5,100,100
NO_PASSIVE,323000,203.13488346863738,0.8596384915831663,445.27923823147125,0,0,0,0,120,23,12,5,1000,30
RANDOM,323000,11.689979791377414,0.177957072362918,29.9617795597238,60,0,0,0,120,23,12,5,1000,30
HIGHEST_SNR,323000,9.746708257820503,0.2744423132189007,34.78902430179408,60,0,0,0,120,23,12,5,1000,30
SHORTEST_PULSE,323000,22.80872755913575,0.6645264798766222,32.03641021671109,60,0,0,0,120,23,12,5,1000,30
METROLOGY_CONDITIONED_EIG,323000,20.688976203001417,0.5323842167913954,26.735259339237142,60,0,0,0,120,23,12,5,1000,30
NO_PASSIVE,323001,365.3147248972211,1.5549971130546445,445.27923823147125,0,0,0,0,216,23,12,5,1000,30
RANDOM,323001,12.723539505035449,0.44378948424152814,28.64964850380554,48,0,0,0,216,23,12,5,1000,30
HIGHEST_SNR,323001,19.215323296097583,0.4115965459397599,26.856309091313804,47,1,0,0,216,23,12,5,1000,30
SHORTEST_PULSE,323001,8.20367824038376,0.2826601620016544,57.69713804973288,48,0,0,0,216,23,12,5,1000,30
METROLOGY_CONDITIONED_EIG,323001,12.558812368191296,0.3763424638518269,21.181910438070606,47,1,0,0,216,23,12,5,1000,30
NO_PASSIVE,323002,297.14754796392236,1.1795781106121896,445.27923823147125,0,0,0,0,191,23,12,5,1000,30
RANDOM,323002,18.762793555342757,0.6527516427786852,18.595480360496968,60,0,0,0,191,23,12,5,1000,30
HIGHEST_SNR,323002,13.722149112939073,0.20964822944642597,18.158030764677875,60,0,0,0,191,23,12,5,1000,30
SHORTEST_PULSE,323002,8.46852119975786,0.08189158313164234,20.252670002017247,60,0,0,0,191,23,12,5,1000,30
METROLOGY_CONDITIONED_EIG,323002,0.3238833968843509,0.21620603781253828,14.148600343724873,60,0,0,0,191,23,12,5,1000,30
NO_PASSIVE,323003,358.406272105388,1.1829326901398705,445.27923823147125,0,0,0,0,215,23,12,5,1000,30
RANDOM,323003,10.815946386973486,0.5169476805404407,24.34961200732508,60,0,0,0,215,23,12,5,1000,30
HIGHEST_SNR,323003,57.30624048378416,1.699843413906269,27.875988054615917,59,1,0,0,215,23,12,5,1000,30
SHORTEST_PULSE,323003,14.951335284324399,0.9079086069928818,20.524022523767425,60,0,0,0,215,23,12,5,1000,30
METROLOGY_CONDITIONED_EIG,323003,27.289416861075036,1.0687839389967562,21.91775868524461,60,0,0,0,215,23,12,5,1000,30
NO_PASSIVE,323004,897.4375629084931,1.3249844086007316,445.27923823147125,0,0,0,0,168,23,12,5,1000,30
RANDOM,323004,11.41096143405075,0.4893394820508116,19.894092333665558,59,1,0,0,168,23,12,5,1000,30
HIGHEST_SNR,323004,16.70736924470013,0.7416786593745486,23.85272644183204,52,8,0,0,168,23,12,5,1000,30
SHORTEST_PULSE,323004,20.943118123711603,0.6489780820408869,17.353278621915816,58,2,0,0,168,23,12,5,1000,30
METROLOGY_CONDITIONED_EIG,323004,19.9160970312958,0.6163944501569558,17.400066732301326,56,4,0,0,168,23,12,5,1000,30
NO_PASSIVE,323005,286.0775130419646,1.9552004434030625,445.27923823147125,0,0,0,0,96,23,12,5,1000,30
RANDOM,323005,14.008144025266587,0.7036720546614122,24.938672321422864,48,0,0,0,96,23,12,5,1000,30
HIGHEST_SNR,323005,28.26677111300701,1.2900770227503715,30.24231020243013,46,2,0,0,96,23,12,5,1000,30
SHORTEST_PULSE,323005,23.12280050525354,1.0027392038572183,30.76760939414359,46,2,0,0,96,23,12,5,1000,30
METROLOGY_CONDITIONED_EIG,323005,17.111037619382728,0.7828348032477289,25.017505284784235,48,0,0,0,96,23,12,5,1000,30
NO_PASSIVE,323006,253.2120502904921,2.224340554538104,445.27923823147125,0,0,0,0,144,23,12,5,1000,30
RANDOM,323006,21.587258599282467,1.296674375648844,24.88185448481618,59,1,0,0,144,23,12,5,1000,30
HIGHEST_SNR,323006,15.773745813606734,0.9871421977647797,24.449711007630057,59,1,0,0,144,23,12,5,1000,30
SHORTEST_PULSE,323006,32.236638695645524,0.6047439431055252,29.38487501624431,58,2,0,0,144,23,12,5,1000,30
METROLOGY_CONDITIONED_EIG,323006,4.314453045101449,0.7712209834107329,23.74136029731963,60,0,0,0,144,23,12,5,1000,30
NO_PASSIVE,323007,85.53528492061199,1.485193695055132,445.27923823147125,0,0,0,0,168,23,12,5,1000,30
RANDOM,323007,31.089500641529597,0.4435126286203837,30.811599682921273,59,1,0,0,168,23,12,5,1000,30
HIGHEST_SNR,323007,58.60976247590956,1.5962310970036193,44.65817034144981,60,0,0,0,168,23,12,5,1000,30
SHORTEST_PULSE,323007,33.220439436341,1.2513274228630986,31.60938019469851,58,2,0,0,168,23,12,5,1000,30
METROLOGY_CONDITIONED_EIG,323007,11.664797297246462,0.17251225838139606,28.908025196635958,59,1,0,0,168,23,12,5,1000,30
NO_PASSIVE,323008,117.13857196000956,2.6881227574134496,445.27923823147125,0,0,0,0,141,23,12,5,1000,30
RANDOM,323008,12.026768222542218,0.26610529993125964,21.474666162768347,59,1,0,0,141,23,12,5,1000,30
HIGHEST_SNR,323008,61.04057870270081,2.5868178654232263,53.637248235667634,59,1,0,0,141,23,12,5,1000,30
SHORTEST_PULSE,323008,24.013352079029033,1.1272611024209478,29.31981178157905,60,0,0,0,141,23,12,5,1000,30
METROLOGY_CONDITIONED_EIG,323008,28.44717778787166,0.7849268586701995,18.8239302383469,59,1,0,0,141,23,12,5,1000,30
NO_PASSIVE,323009,161.18678950319384,1.9430994680931304,445.27923823147125,0,0,0,0,192,23,12,5,1000,30
RANDOM,323009,2.802860838598837,0.45913903351366697,29.755554141981207,58,2,0,0,192,23,12,5,1000,30
HIGHEST_SNR,323009,5.7359791936603886,0.7045925222206817,31.687431599179103,59,1,0,0,192,23,12,5,1000,30
SHORTEST_PULSE,323009,7.00877653124691,0.6760870466759874,28.819670526940595,58,2,0,0,192,23,12,5,1000,30
METROLOGY_CONDITIONED_EIG,323009,7.149467108335041,0.14299838181064986,22.273591272280274,59,1,0,0,192,23,12,5,1000,30
NO_PASSIVE,323010,247.35421486065997,2.015987065003539,445.27923823147125,0,0,0,0,216,23,12,5,1000,30
RANDOM,323010,18.516999879707353,0.177698832874436,20.665377774325062,59,1,0,0,216,23,12,5,1000,30
HIGHEST_SNR,323010,22.312111552319042,0.19447527753760255,27.8525778064526,60,0,0,0,216,23,12,5,1000,30
SHORTEST_PULSE,323010,52.09372893825288,1.7851998406553635,29.85109097947613,60,0,0,0,216,23,12,5,1000,30
METROLOGY_CONDITIONED_EIG,323010,14.282905117669044,0.26074678638469445,18.49803415492102,60,0,0,0,216,23,12,5,1000,30
NO_PASSIVE,323011,419.02526343789106,2.4895452144744814,445.27923823147125,0,0,0,0,120,23,12,5,1000,30
RANDOM,323011,49.80304121185673,1.0686490990392568,32.331481595167325,59,1,0,0,120,23,12,5,1000,30
HIGHEST_SNR,323011,55.020262676626736,0.9459121831914078,45.56403604745808,59,1,0,0,120,23,12,5,1000,30
SHORTEST_PULSE,323011,37.08947217793407,1.0919699181635019,20.586000151936574,59,1,0,0,120,23,12,5,1000,30
METROLOGY_CONDITIONED_EIG,323011,29.007258152074805,0.9345729192479392,21.280703805864597,59,1,0,0,120,23,12,5,1000,30
NO_PASSIVE,323012,240.77129962940404,1.927735167873778,445.27923823147125,0,0,0,0,149,23,12,5,1000,30
RANDOM,323012,11.629214082301791,0.19751956372637494,14.702483171315478,50,0,0,0,149,23,12,5,1000,30
HIGHEST_SNR,323012,16.580345998320286,0.4904402118168755,12.879901854485247,50,0,0,0,149,23,12,5,1000,30
SHORTEST_PULSE,323012,3.933198711524019,0.32417314867962943,11.151902799274831,49,1,0,0,149,23,12,5,1000,30
METROLOGY_CONDITIONED_EIG,323012,5.757425630425269,0.33860175730453307,11.157366647915214,50,0,0,0,149,23,12,5,1000,30
NO_PASSIVE,323013,525.4621152636896,2.8947414920889694,445.27923823147125,0,0,0,0,216,23,12,5,1000,30
RANDOM,323013,25.252439983277007,1.3575649241397432,35.5361496580028,60,0,0,0,216,23,12,5,1000,30
HIGHEST_SNR,323013,59.200936868383565,2.057846712539911,57.10095310578947,58,2,0,0,216,23,12,5,1000,30
SHORTEST_PULSE,323013,18.276191770582273,0.8397854283278552,29.070139124552092,60,0,0,0,216,23,12,5,1000,30
METROLOGY_CONDITIONED_EIG,323013,16.322319976550155,1.0447855080935882,26.22551782881587,60,0,0,0,216,23,12,5,1000,30
NO_PASSIVE,323014,254.7534675507149,0.9224799560223221,445.27923823147125,0,0,0,0,192,23,12,5,1000,30
RANDOM,323014,13.421732869682032,0.48215376647644204,14.26589580517998,60,0,0,0,192,23,12,5,1000,30
HIGHEST_SNR,323014,56.69870144802508,0.8126608870378418,28.451253508309346,59,1,0,0,192,23,12,5,1000,30
SHORTEST_PULSE,323014,24.83123579392587,0.28641029884531405,15.607198172070607,60,0,0,0,192,23,12,5,1000,30
METROLOGY_CONDITIONED_EIG,323014,6.390914220601729,0.2076245546511134,12.993330712864742,60,0,0,0,192,23,12,5,1000,30
NO_PASSIVE,323015,324.5855952773316,2.546319717907859,445.27923823147125,0,0,0,0,167,23,12,5,1000,30
RANDOM,323015,8.87348313823419,0.7712221967366305,23.720580198671733,47,1,0,0,167,23,12,5,1000,30
HIGHEST_SNR,323015,77.50293986274501,1.9790592548432469,48.73589349244294,48,0,0,0,167,23,12,5,1000,30
SHORTEST_PULSE,323015,7.529056240879531,1.9287291247974991,35.99515321936261,48,0,0,0,167,23,12,5,1000,30
METROLOGY_CONDITIONED_EIG,323015,9.231110291394781,0.6005579462134735,18.40750039246924,48,0,0,0,167,23,12,5,1000,30
NO_PASSIVE,323016,653.0024395138369,0.23781108860961805,445.27923823147125,0,0,0,0,168,23,12,5,1000,30
RANDOM,323016,6.810550753216934,0.20117580466184629,16.9803882050108,60,0,0,0,168,23,12,5,1000,30
HIGHEST_SNR,323016,13.65676658984765,0.08820162664603765,18.421315744716132,60,0,0,0,168,23,12,5,1000,30
SHORTEST_PULSE,323016,8.415727900986566,0.36882918315393276,13.077180426447027,60,0,0,0,168,23,12,5,1000,30
METROLOGY_CONDITIONED_EIG,323016,8.043547972772041,0.37393581824374533,13.39494806980304,60,0,0,0,168,23,12,5,1000,30
NO_PASSIVE,323017,109.23588184402607,1.147314796869064,445.27923823147125,0,0,0,0,216,23,12,5,1000,30
RANDOM,323017,14.471420325023326,0.5484383651506989,18.564110802848376,59,1,0,0,216,23,12,5,1000,30
HIGHEST_SNR,323017,14.751260086173929,0.4178347492533902,17.09136888016095,59,1,0,0,216,23,12,5,1000,30
SHORTEST_PULSE,323017,15.854081093356529,0.6181799014881236,16.83835842848469,59,1,0,0,216,23,12,5,1000,30
METROLOGY_CONDITIONED_EIG,323017,9.11021857643573,0.2798072596507591,15.119920218169533,58,2,0,0,216,23,12,5,1000,30
NO_PASSIVE,323018,554.6616627235204,1.628497919222176,445.27923823147125,0,0,0,0,240,23,12,5,1000,30
RANDOM,323018,9.989481884866274,0.08341123781868144,20.62058928333042,48,0,0,0,240,23,12,5,1000,30
HIGHEST_SNR,323018,5.3934713455086145,0.8923425095018631,33.949878505309144,47,1,0,0,240,23,12,5,1000,30
SHORTEST_PULSE,323018,29.96845512209131,0.9889191562756727,41.92211717113375,48,0,0,0,240,23,12,5,1000,30
METROLOGY_CONDITIONED_EIG,323018,3.9021763757548795,0.17293412611880435,15.058236283614056,48,0,0,0,240,23,12,5,1000,30
NO_PASSIVE,323019,505.4489455271858,1.3084262472406136,445.27923823147125,0,0,0,0,143,23,12,5,1000,30
RANDOM,323019,8.230638283606774,0.09607026833414152,24.445098997215858,59,1,0,0,143,23,12,5,1000,30
HIGHEST_SNR,323019,29.32350929387566,0.4105271422614034,32.69126223835845,59,1,0,0,143,23,12,5,1000,30
SHORTEST_PULSE,323019,16.95417420264153,0.4527200134347458,12.922167328644523,60,0,0,0,143,23,12,5,1000,30
METROLOGY_CONDITIONED_EIG,323019,15.348674244366642,0.38840846873734425,12.93765934397515,60,0,0,0,143,23,12,5,1000,30
NO_PASSIVE,323020,959.7800405662717,3.847991743066964,445.27923823147125,0,0,0,0,167,23,12,5,1000,30
RANDOM,323020,19.752626444841773,0.7552633601606258,16.00574613262952,58,2,0,0,167,23,12,5,1000,30
HIGHEST_SNR,323020,10.763298990186431,0.7661351482872821,16.187767937426113,59,1,0,0,167,23,12,5,1000,30
SHORTEST_PULSE,323020,3.619023026181882,0.47819789463183343,15.964468511124368,59,1,0,0,167,23,12,5,1000,30
METROLOGY_CONDITIONED_EIG,323020,12.774162183571313,0.5703315876185329,15.262915135904096,60,0,0,0,167,23,12,5,1000,30
NO_PASSIVE,323021,458.8530854406123,1.094847280404889,445.27923823147125,0,0,0,0,214,23,12,5,1000,30
RANDOM,323021,12.83166544503112,0.4662077951991779,18.377495907743626,59,1,0,0,214,23,12,5,1000,30
HIGHEST_SNR,323021,28.56649699964697,0.5296716910973338,20.8790888919117,60,0,0,0,214,23,12,5,1000,30
SHORTEST_PULSE,323021,12.888125569841257,0.24518632930688308,18.344229219157782,59,1,0,0,214,23,12,5,1000,30
METROLOGY_CONDITIONED_EIG,323021,7.128939665190691,0.11839142956181158,12.755773440232586,59,1,0,0,214,23,12,5,1000,30
NO_PASSIVE,323022,418.83453977306664,0.6645937737630953,445.27923823147125,0,0,0,0,216,23,12,5,1000,30
RANDOM,323022,2.94142732041726,0.13637131761355822,20.632534165260207,59,1,0,0,216,23,12,5,1000,30
HIGHEST_SNR,323022,33.60577833593314,1.155657821854922,18.793768789027254,60,0,0,0,216,23,12,5,1000,30
SHORTEST_PULSE,323022,8.374271769772124,0.7676629578082291,22.16604825564973,59,1,0,0,216,23,12,5,1000,30
METROLOGY_CONDITIONED_EIG,323022,9.225320169195191,0.4710428520249974,13.71786635915845,60,0,0,0,216,23,12,5,1000,30
NO_PASSIVE,323023,145.29131608830843,0.5312754242166164,445.27923823147125,0,0,0,0,240,23,12,5,1000,30
RANDOM,323023,18.554133073491084,0.5272145884924208,18.960289047732488,60,0,0,0,240,23,12,5,1000,30
HIGHEST_SNR,323023,40.335667504574246,1.1928271713089245,24.715904964331365,60,0,0,0,240,23,12,5,1000,30
SHORTEST_PULSE,323023,15.862498752875288,0.591703981992706,17.716420540969203,60,0,0,0,240,23,12,5,1000,30
METROLOGY_CONDITIONED_EIG,323023,6.428573426732824,0.29209603600546113,16.38548950224487,59,1,0,0,240,23,12,5,1000,30
NO_PASSIVE,323024,1159.610831714648,3.0757575033226243,445.27923823147125,0,0,0,0,212,23,12,5,1000,30
RANDOM,323024,31.969949196415314,0.5557939401923474,28.600784863336603,58,2,0,0,212,23,12,5,1000,30
HIGHEST_SNR,323024,14.495547196006667,0.8039368847232661,30.322799212672226,58,2,0,0,212,23,12,5,1000,30
SHORTEST_PULSE,323024,1146.3030925080197,2.792566744447491,314.146883275121,15,45,0,0,212,23,12,5,1000,30
METROLOGY_CONDITIONED_EIG,323024,47.891383743300324,0.13554951003842072,28.89434745067945,10,50,0,0,212,23,12,5,1000,30
NO_PASSIVE,323025,376.4000418259344,0.6591521083406903,445.27923823147125,0,0,0,0,214,23,12,5,1000,30
RANDOM,323025,44.239696293223396,1.42476373015179,27.446509476261383,60,0,0,0,214,23,12,5,1000,30
HIGHEST_SNR,323025,58.776836613397386,0.8516420156229756,43.794281173738426,60,0,0,0,214,23,12,5,1000,30
SHORTEST_PULSE,323025,17.99056234302099,0.5398525813147167,22.726048998275253,60,0,0,0,214,23,12,5,1000,30
METROLOGY_CONDITIONED_EIG,323025,5.638255907219554,0.014766897629166675,21.161792258021457,60,0,0,0,214,23,12,5,1000,30
NO_PASSIVE,323026,326.63370791467906,3.6934183491275596,445.27923823147125,0,0,0,0,189,23,12,5,1000,30
RANDOM,323026,8.04409837936224,0.5102163251019339,26.465601732429363,57,1,0,0,189,23,12,5,1000,30
HIGHEST_SNR,323026,23.26051199573482,1.8242420303449178,34.56812833094601,58,0,0,0,189,23,12,5,1000,30
SHORTEST_PULSE,323026,4.352777220449371,0.28713118213555994,16.688692765488348,58,0,0,0,189,23,12,5,1000,30
METROLOGY_CONDITIONED_EIG,323026,4.352777220449371,0.28713118213555994,16.688692765488348,58,0,0,0,189,23,12,5,1000,30
NO_PASSIVE,323027,663.0628795812748,1.9294003563609337,445.27923823147125,0,0,0,0,216,23,12,5,1000,30
RANDOM,323027,10.474133052461301,1.3532758767701885,30.616100857887695,60,0,0,0,216,23,12,5,1000,30
HIGHEST_SNR,323027,20.594071188546753,0.6675096050275267,40.61968250611933,59,1,0,0,216,23,12,5,1000,30
SHORTEST_PULSE,323027,1.6402482257664341,0.472676677020057,29.688953820208937,60,0,0,0,216,23,12,5,1000,30
METROLOGY_CONDITIONED_EIG,323027,10.65347953985765,0.5714668858344711,27.6924354795798,60,0,0,0,216,23,12,5,1000,30
NO_PASSIVE,323028,489.16331402607676,1.9366479882609324,445.27923823147125,0,0,0,0,213,23,12,5,1000,30
RANDOM,323028,10.41993748296164,0.09177029145714242,18.984392214072937,48,0,0,0,213,23,12,5,1000,30
HIGHEST_SNR,323028,10.745856057170313,0.43071114006663014,55.78568959878042,47,1,0,0,213,23,12,5,1000,30
SHORTEST_PULSE,323028,1.9596058130830831,0.14632028069699748,27.44104210791317,47,1,0,0,213,23,12,5,1000,30
METROLOGY_CONDITIONED_EIG,323028,7.653986244327901,0.2688356477568757,14.583714739662994,48,0,0,0,213,23,12,5,1000,30
NO_PASSIVE,323029,143.13098076431118,1.1143132717141881,445.27923823147125,0,0,0,0,118,23,12,5,1000,30
RANDOM,323029,9.35388288498338,0.2318422143219092,18.32679425780903,60,0,0,0,118,23,12,5,1000,30
HIGHEST_SNR,323029,45.094195365125174,0.8094141417320663,25.760983904724796,59,1,0,0,118,23,12,5,1000,30
SHORTEST_PULSE,323029,16.18924290773062,0.4451130085040132,15.951710450651824,60,0,0,0,118,23,12,5,1000,30
METROLOGY_CONDITIONED_EIG,323029,16.91647752929483,0.7690178449230346,15.725641656497697,60,0,0,0,118,23,12,5,1000,30
NO_PASSIVE,324000,600.548838054968,1.11647660401576,445.27923823147125,0,0,0,0,191,24,12,5,1000,100
RANDOM,324000,17.537979427529958,0.5191073320236189,29.65638385462214,59,1,0,0,191,24,12,5,1000,100
HIGHEST_SNR,324000,14.815361450351997,0.43552648949283107,33.048759265976095,58,2,0,0,191,24,12,5,1000,100
SHORTEST_PULSE,324000,10.384639410836387,0.3378170865249091,31.78348012332137,59,1,0,0,191,24,12,5,1000,100
METROLOGY_CONDITIONED_EIG,324000,15.034392507685716,0.7399392094062889,27.446762210014732,58,2,0,0,191,24,12,5,1000,100
NO_PASSIVE,324001,709.0601837745947,1.116336586229857,445.27923823147125,0,0,0,0,216,24,12,5,1000,100
RANDOM,324001,16.844445102317714,0.08651071378553815,25.51617034221365,60,0,0,0,216,24,12,5,1000,100
HIGHEST_SNR,324001,26.73404215847584,0.6755577058241835,30.650075248363347,59,1,0,0,216,24,12,5,1000,100
SHORTEST_PULSE,324001,6.812110635122156,0.40934910630096905,29.16404064621313,60,0,0,0,216,24,12,5,1000,100
METROLOGY_CONDITIONED_EIG,324001,28.804738822667897,0.88177875375697,23.91525032226931,60,0,0,0,216,24,12,5,1000,100
NO_PASSIVE,324002,719.1637383569374,1.0335177766709875,445.27923823147125,0,0,0,0,264,24,12,5,1000,100
RANDOM,324002,55.80116269507211,1.2853305303573856,33.119685383219746,60,0,0,0,264,24,12,5,1000,100
HIGHEST_SNR,324002,56.69465744168064,0.7700955206176533,46.42258205723457,60,0,0,0,264,24,12,5,1000,100
SHORTEST_PULSE,324002,90.72479282576624,2.788085751447897,36.562395086793686,59,1,0,0,264,24,12,5,1000,100
METROLOGY_CONDITIONED_EIG,324002,32.497824633842896,0.9460657511219466,26.77077007835096,60,0,0,0,264,24,12,5,1000,100
NO_PASSIVE,324003,374.96664211586153,0.46333125815700943,445.27923823147125,0,0,0,0,188,24,12,5,1000,100
RANDOM,324003,7.922412913805781,0.22507214398864872,40.92472231542714,48,0,0,0,188,24,12,5,1000,100
HIGHEST_SNR,324003,49.9920708621217,0.4795311525997906,84.54881423860922,46,2,0,0,188,24,12,5,1000,100
SHORTEST_PULSE,324003,137.16768960182523,0.6036554664863778,106.21405197124724,48,0,0,0,188,24,12,5,1000,100
METROLOGY_CONDITIONED_EIG,324003,15.687681246141498,0.2978772441726481,28.409208716691776,48,0,0,0,188,24,12,5,1000,100
NO_PASSIVE,324004,493.0608571834825,2.170549641366662,445.27923823147125,0,0,0,0,143,24,12,5,1000,100
RANDOM,324004,14.944724614986779,0.8345014572924417,44.644959956460404,48,0,0,0,143,24,12,5,1000,100
HIGHEST_SNR,324004,20.70957358948639,0.3420081465869771,56.88848758528216,48,0,0,0,143,24,12,5,1000,100
SHORTEST_PULSE,324004,31.041047042645534,1.1410379184192434,43.80890671552992,48,0,0,0,143,24,12,5,1000,100
METROLOGY_CONDITIONED_EIG,324004,62.29801125901276,1.7676025462978313,41.201827059782595,48,0,0,0,143,24,12,5,1000,100
NO_PASSIVE,324005,311.30835412899006,1.0045641678788297,445.27923823147125,0,0,0,0,119,24,12,5,1000,100
RANDOM,324005,33.82008878017843,0.7627065404816097,46.7909257883657,48,0,0,0,119,24,12,5,1000,100
HIGHEST_SNR,324005,27.358935172382875,0.26097958883332256,41.84728253062346,48,0,0,0,119,24,12,5,1000,100
SHORTEST_PULSE,324005,46.877025505844664,1.0086768977832834,59.575069844201174,47,1,0,0,119,24,12,5,1000,100
METROLOGY_CONDITIONED_EIG,324005,15.952365148149738,0.5141897990376838,42.265641725049676,47,1,0,0,119,24,12,5,1000,100
NO_PASSIVE,324006,90.8396909865496,1.408385617096697,445.27923823147125,0,0,0,0,240,24,12,5,1000,100
RANDOM,324006,18.16809567912067,0.8370836237701442,24.00395809271612,59,1,0,0,240,24,12,5,1000,100
HIGHEST_SNR,324006,36.46787430724573,0.8133658496487546,34.1243322941315,60,0,0,0,240,24,12,5,1000,100
SHORTEST_PULSE,324006,24.998677633037794,1.024311005882676,257.3075754276543,60,0,0,0,240,24,12,5,1000,100
METROLOGY_CONDITIONED_EIG,324006,16.997517703026727,0.6372849142578878,19.20491219052739,59,1,0,0,240,24,12,5,1000,100
NO_PASSIVE,324007,323.9732819682185,1.9535030850648967,445.27923823147125,0,0,0,0,216,24,12,5,1000,100
RANDOM,324007,45.18169951037437,1.0585847628410168,30.137582350475817,57,3,0,0,216,24,12,5,1000,100
HIGHEST_SNR,324007,79.92495117922054,2.04183390770754,54.30818089308293,59,1,0,0,216,24,12,5,1000,100
SHORTEST_PULSE,324007,21.102412081290502,0.6292102998852092,25.25073409415877,59,1,0,0,216,24,12,5,1000,100
METROLOGY_CONDITIONED_EIG,324007,23.2024728513525,0.9886393483630982,22.060794208798733,59,1,0,0,216,24,12,5,1000,100
NO_PASSIVE,324008,266.1051866117654,2.094154379581673,445.27923823147125,0,0,0,0,168,24,12,5,1000,100
RANDOM,324008,36.39604963546622,1.0164867924542922,35.33705427470126,47,1,0,0,168,24,12,5,1000,100
HIGHEST_SNR,324008,12.969997131454466,0.1811221737270742,46.25523160275973,48,0,0,0,168,24,12,5,1000,100
SHORTEST_PULSE,324008,37.90075264775924,2.0896395062171016,33.68404341872508,45,3,0,0,168,24,12,5,1000,100
METROLOGY_CONDITIONED_EIG,324008,27.938598848793664,0.31751293813307796,24.384288334097928,48,0,0,0,168,24,12,5,1000,100
NO_PASSIVE,324009,329.5611775139681,0.06991952622980256,445.27923823147125,0,0,0,0,144,24,12,5,1000,100
RANDOM,324009,4.253731171170664,0.8111400149223148,24.848338207361646,58,2,0,0,144,24,12,5,1000,100
HIGHEST_SNR,324009,6.379435963093695,0.5534521182691085,26.54599989084766,59,1,0,0,144,24,12,5,1000,100
SHORTEST_PULSE,324009,22.127223316047836,1.0029174068957796,24.412066060175945,59,1,0,0,144,24,12,5,1000,100
METROLOGY_CONDITIONED_EIG,324009,29.282159565046673,1.1870489125507084,22.012082430834017,60,0,0,0,144,24,12,5,1000,100
NO_PASSIVE,324010,248.2260135764761,0.6294388494421043,445.27923823147125,0,0,0,0,233,24,12,5,1000,100
RANDOM,324010,12.670975585556217,0.46692900076913924,28.104438926599453,60,0,0,0,233,24,12,5,1000,100
HIGHEST_SNR,324010,21.32167436777359,0.5868542646001219,46.12525857601818,59,1,0,0,233,24,12,5,1000,100
SHORTEST_PULSE,324010,8.427149204630064,0.20863828013268396,31.970468328962472,59,1,0,0,233,24,12,5,1000,100
METROLOGY_CONDITIONED_EIG,324010,17.91888038500799,0.5241685765575298,26.60126126471209,60,0,0,0,233,24,12,5,1000,100
NO_PASSIVE,324011,304.7592482408284,0.8435575869111038,445.27923823147125,0,0,0,0,186,24,12,5,1000,100
RANDOM,324011,30.242154392981174,0.8570928040688717,25.859634994015142,58,2,0,0,186,24,12,5,1000,100
HIGHEST_SNR,324011,45.080408299278645,1.018679032005949,39.47445520077925,56,4,0,0,186,24,12,5,1000,100
SHORTEST_PULSE,324011,29.92055791826676,1.000047321111865,22.33185590424855,57,3,0,0,186,24,12,5,1000,100
METROLOGY_CONDITIONED_EIG,324011,23.44030287550256,0.811760662104192,20.330386669438365,58,2,0,0,186,24,12,5,1000,100
NO_PASSIVE,324012,224.37400872787356,2.0389663249485204,445.27923823147125,0,0,0,0,190,24,12,5,1000,100
RANDOM,324012,21.437588556070043,0.7307850857874428,44.79486160169042,58,2,0,0,190,24,12,5,1000,100
HIGHEST_SNR,324012,72.59326783011883,1.1482531409002346,54.744988541802535,59,1,0,0,190,24,12,5,1000,100
SHORTEST_PULSE,324012,38.80199668541411,0.7722100999754292,40.30583737302356,60,0,0,0,190,24,12,5,1000,100
METROLOGY_CONDITIONED_EIG,324012,42.731387764286545,0.7818235898429343,33.57758308984483,60,0,0,0,190,24,12,5,1000,100
NO_PASSIVE,324013,459.1569839206092,2.414709203339788,445.27923823147125,0,0,0,0,216,24,12,5,1000,100
RANDOM,324013,71.77751065999692,1.4799648577337576,30.30695979364517,59,1,0,0,216,24,12,5,1000,100
HIGHEST_SNR,324013,119.43258497822973,1.0581755027686914,52.94032365909686,59,1,0,0,216,24,12,5,1000,100
SHORTEST_PULSE,324013,57.76951180147977,1.284381607911416,31.897375367857546,60,0,0,0,216,24,12,5,1000,100
METROLOGY_CONDITIONED_EIG,324013,11.542018977198603,0.3957106851761881,25.311204841016888,59,1,0,0,216,24,12,5,1000,100
NO_PASSIVE,324014,657.5337667654628,2.1512948523046664,445.27923823147125,0,0,0,0,189,24,12,5,1000,100
RANDOM,324014,13.521876696925105,0.5098828849759957,26.982450758083488,60,0,0,0,189,24,12,5,1000,100
HIGHEST_SNR,324014,24.976125720083424,0.8111752627086198,45.05121821581897,60,0,0,0,189,24,12,5,1000,100
SHORTEST_PULSE,324014,15.335317229815042,0.7612961849028193,20.05232523540576,59,1,0,0,189,24,12,5,1000,100
METROLOGY_CONDITIONED_EIG,324014,15.578442419631576,0.7545994864008795,20.052185094852703,59,1,0,0,189,24,12,5,1000,100
NO_PASSIVE,324015,485.37059078077846,3.8048049045297736,445.27923823147125,0,0,0,0,239,24,12,5,1000,100
RANDOM,324015,46.641917562997904,0.23318670770698335,40.94122772952159,59,1,0,0,239,24,12,5,1000,100
HIGHEST_SNR,324015,41.83120803549297,1.4063102961657066,55.08393004749069,59,1,0,0,239,24,12,5,1000,100
SHORTEST_PULSE,324015,26.374943045597874,2.4259172629771597,68.2342611041046,59,1,0,0,239,24,12,5,1000,100
METROLOGY_CONDITIONED_EIG,324015,7.475409052694348,0.6798902071699189,31.523703616757928,60,0,0,0,239,24,12,5,1000,100
NO_PASSIVE,324016,736.501694304499,1.8695904666782106,445.27923823147125,0,0,0,0,167,24,12,5,1000,100
RANDOM,324016,24.896867984202576,0.3916031971512018,28.908684479176472,60,0,0,0,167,24,12,5,1000,100
HIGHEST_SNR,324016,22.130207257311447,0.8721112184716696,35.32893047024243,60,0,0,0,167,24,12,5,1000,100
SHORTEST_PULSE,324016,25.791879788116052,0.5861088615504826,26.828208735548195,60,0,0,0,167,24,12,5,1000,100
METROLOGY_CONDITIONED_EIG,324016,22.338919202894807,0.3492125853736403,25.30079220024188,60,0,0,0,167,24,12,5,1000,100
NO_PASSIVE,324017,184.4539831977406,4.471177156707341,445.27923823147125,0,0,0,0,119,24,12,5,1000,100
RANDOM,324017,10.81282217508599,0.20888489731760332,24.920546208595802,60,0,0,0,119,24,12,5,1000,100
HIGHEST_SNR,324017,8.935557512441406,0.40216667301804554,25.787157869718836,59,1,0,0,119,24,12,5,1000,100
SHORTEST_PULSE,324017,12.796641412502611,0.30720015577023996,21.362697045601468,59,1,0,0,119,24,12,5,1000,100
METROLOGY_CONDITIONED_EIG,324017,12.205565358388041,0.3306783554398013,21.37646568749869,59,1,0,0,119,24,12,5,1000,100
NO_PASSIVE,324018,586.1461035955286,1.4577495537593197,445.27923823147125,0,0,0,0,216,24,12,5,1000,100
RANDOM,324018,44.6506136314088,1.5373595712109864,30.714096273954247,60,0,0,0,216,24,12,5,1000,100
HIGHEST_SNR,324018,48.76017679207455,1.0259414747888758,45.20413591306771,60,0,0,0,216,24,12,5,1000,100
SHORTEST_PULSE,324018,19.025870061849677,0.15623791424005984,33.97191414690837,59,1,0,0,216,24,12,5,1000,100
METROLOGY_CONDITIONED_EIG,324018,22.19143287137958,0.3080089247912182,23.213295829865924,58,2,0,0,216,24,12,5,1000,100
NO_PASSIVE,324019,555.8183859480906,2.2297532695888562,445.27923823147125,0,0,0,0,168,24,12,5,1000,100
RANDOM,324019,32.44556815357803,1.2671734721727934,23.11476707499992,60,0,0,0,168,24,12,5,1000,100
HIGHEST_SNR,324019,6.191316800362106,0.27731772063775373,31.107809159244535,60,0,0,0,168,24,12,5,1000,100
SHORTEST_PULSE,324019,34.523680364359336,1.180509152797122,19.51337344038506,60,0,0,0,168,24,12,5,1000,100
METROLOGY_CONDITIONED_EIG,324019,22.45303033830277,0.8879750677476106,16.940291647179752,59,1,0,0,168,24,12,5,1000,100
NO_PASSIVE,324020,335.8879058443571,1.5861929254197844,445.27923823147125,0,0,0,0,119,24,12,5,1000,100
RANDOM,324020,35.69481457571334,0.7810709573926826,47.94093250671587,48,0,0,0,119,24,12,5,1000,100
HIGHEST_SNR,324020,41.19189489603058,1.0890558056463946,56.215188065884995,48,0,0,0,119,24,12,5,1000,100
SHORTEST_PULSE,324020,11.921959513993103,0.2716818931912133,39.12206070960408,48,0,0,0,119,24,12,5,1000,100
METROLOGY_CONDITIONED_EIG,324020,17.47855315213188,1.4146277824783706,34.788746489629695,48,0,0,0,119,24,12,5,1000,100
NO_PASSIVE,324021,638.9975227106094,1.8335178952075328,445.27923823147125,0,0,0,0,143,24,12,5,1000,100
RANDOM,324021,3.7872375826036944,0.4045774690208286,43.930923418073526,60,0,0,0,143,24,12,5,1000,100
HIGHEST_SNR,324021,13.66447516334479,0.2575367520092299,74.51519491668394,59,1,0,0,143,24,12,5,1000,100
SHORTEST_PULSE,324021,12.714891937612181,0.45391059726473315,30.648734290532357,59,1,0,0,143,24,12,5,1000,100
METROLOGY_CONDITIONED_EIG,324021,9.993652070183126,0.35529660527528395,30.546344785465273,60,0,0,0,143,24,12,5,1000,100
NO_PASSIVE,324022,466.1914226066459,0.9113444621209184,445.27923823147125,0,0,0,0,119,24,12,5,1000,100
RANDOM,324022,18.980156201371436,0.9479227408880812,41.82897524047679,48,0,0,0,119,24,12,5,1000,100
HIGHEST_SNR,324022,8.583042306894638,0.5482342542520158,48.39501603039424,48,0,0,0,119,24,12,5,1000,100
SHORTEST_PULSE,324022,17.383887599227894,1.2017532900040497,42.84644968910145,48,0,0,0,119,24,12,5,1000,100
METROLOGY_CONDITIONED_EIG,324022,10.90578524063399,0.7094688520939169,35.688627125894,48,0,0,0,119,24,12,5,1000,100
NO_PASSIVE,324023,410.9337011632368,2.3392117632063685,445.27923823147125,0,0,0,0,24,24,12,5,1000,100
RANDOM,324023,297.63877422919006,1.4543828317662084,314.9753880581404,24,0,0,0,24,24,12,5,1000,100
HIGHEST_SNR,324023,297.63877422919006,1.4543828317662084,314.9753880581404,24,0,0,0,24,24,12,5,1000,100
SHORTEST_PULSE,324023,297.63877422919006,1.4543828317662084,314.9753880581404,24,0,0,0,24,24,12,5,1000,100
METROLOGY_CONDITIONED_EIG,324023,297.63877422919006,1.4543828317662084,314.9753880581404,24,0,0,0,24,24,12,5,1000,100
NO_PASSIVE,324024,317.5437972199241,1.0232529232064058,445.27923823147125,0,0,0,0,192,24,12,5,1000,100
RANDOM,324024,8.17592798606906,0.24117683674669835,27.891218263053716,60,0,0,0,192,24,12,5,1000,100
HIGHEST_SNR,324024,22.373862747748127,0.530887452323144,38.667199651338706,60,0,0,0,192,24,12,5,1000,100
SHORTEST_PULSE,324024,11.712188479080492,0.2319432524439367,20.81724397148426,59,1,0,0,192,24,12,5,1000,100
METROLOGY_CONDITIONED_EIG,324024,1.4728065293755557,0.04042391965524766,18.92672718223291,60,0,0,0,192,24,12,5,1000,100
NO_PASSIVE,324025,331.451280979007,1.2495391274400334,445.27923823147125,0,0,0,0,120,24,12,5,1000,100
RANDOM,324025,35.10727013019295,0.38561064850749,38.10852843217403,48,0,0,0,120,24,12,5,1000,100
HIGHEST_SNR,324025,156.30973591585538,0.8991990944895226,144.61403366791902,48,0,0,0,120,24,12,5,1000,100
SHORTEST_PULSE,324025,3.518942341080772,0.16062180317263908,32.471250017499756,48,0,0,0,120,24,12,5,1000,100
METROLOGY_CONDITIONED_EIG,324025,3.521030024548082,0.675164857238708,31.97748346968649,48,0,0,0,120,24,12,5,1000,100
NO_PASSIVE,324026,218.62462622938415,1.9325935575989015,445.27923823147125,0,0,0,0,216,24,12,5,1000,100
RANDOM,324026,8.227133643361684,0.3743429014107408,33.16239619952754,60,0,0,0,216,24,12,5,1000,100
HIGHEST_SNR,324026,85.14735072723057,1.6942215916555612,43.628142334269825,60,0,0,0,216,24,12,5,1000,100
SHORTEST_PULSE,324026,16.674490022610524,0.7786474779407185,34.77044871532102,60,0,0,0,216,24,12,5,1000,100
METROLOGY_CONDITIONED_EIG,324026,2.039420778807524,0.781343418113505,32.27545061708531,60,0,0,0,216,24,12,5,1000,100
NO_PASSIVE,324027,488.94686508969966,1.9390455674044778,445.27923823147125,0,0,0,0,168,24,12,5,1000,100
RANDOM,324027,19.259541212952406,0.48777010911896634,33.36817095129248,59,1,0,0,168,24,12,5,1000,100
HIGHEST_SNR,324027,32.817396788510315,1.2277141807774485,43.00016031678998,60,0,0,0,168,24,12,5,1000,100
SHORTEST_PULSE,324027,10.051128764942108,0.14874124022214627,25.897220297990785,60,0,0,0,168,24,12,5,1000,100
METROLOGY_CONDITIONED_EIG,324027,18.68513247341869,0.14503859375019926,26.070315126545076,60,0,0,0,168,24,12,5,1000,100
NO_PASSIVE,324028,935.1390013406022,2.6326569649922784,445.27923823147125,0,0,0,0,216,24,12,5,1000,100
RANDOM,324028,19.271969186669153,1.0636002321655795,43.11761858299199,59,1,0,0,216,24,12,5,1000,100
HIGHEST_SNR,324028,31.673447039774743,0.906489537437588,57.006521990031565,58,2,0,0,216,24,12,5,1000,100
SHORTEST_PULSE,324028,22.414771190571855,0.9510386017593595,39.64319111042509,58,2,0,0,216,24,12,5,1000,100
METROLOGY_CONDITIONED_EIG,324028,24.84564086542174,0.9790885056086852,34.115990299706084,59,1,0,0,216,24,12,5,1000,100
NO_PASSIVE,324029,305.47760327342064,5.168050874916717,445.27923823147125,0,0,0,0,96,24,12,5,1000,100
RANDOM,324029,54.679139343925804,1.4753893693013387,44.215450578526,60,0,0,0,96,24,12,5,1000,100
HIGHEST_SNR,324029,174.06915476765448,3.67813810573125,77.1189434091407,60,0,0,0,96,24,12,5,1000,100
SHORTEST_PULSE,324029,57.35791409957498,1.6168096101069744,40.59968332506481,59,1,0,0,96,24,12,5,1000,100
METROLOGY_CONDITIONED_EIG,324029,37.21164180653644,1.0406517628096363,39.39137827455234,60,0,0,0,96,24,12,5,1000,100
NO_PASSIVE,325000,441.9531352133925,1.718575716714042,445.27923823147125,0,0,0,0,7,25,12,15,10,30
RANDOM,325000,352.76825112056366,1.8002427571182313,317.39182641069846,7,0,0,0,7,25,12,15,10,30
HIGHEST_SNR,325000,352.76825112056366,1.8002427571182313,317.39182641069846,7,0,0,0,7,25,12,15,10,30
SHORTEST_PULSE,325000,352.76825112056366,1.8002427571182313,317.39182641069846,7,0,0,0,7,25,12,15,10,30
METROLOGY_CONDITIONED_EIG,325000,352.76825112056366,1.8002427571182313,317.39182641069846,7,0,0,0,7,25,12,15,10,30
NO_PASSIVE,325001,591.5782743474166,1.2132891642133297,445.27923823147125,0,0,0,0,8,25,12,15,10,30
RANDOM,325001,542.9588791670194,1.3727787396881956,316.8505784740631,8,0,0,0,8,25,12,15,10,30
HIGHEST_SNR,325001,542.9588791670194,1.3727787396881956,316.8505784740631,8,0,0,0,8,25,12,15,10,30
SHORTEST_PULSE,325001,542.9588791670194,1.3727787396881956,316.8505784740631,8,0,0,0,8,25,12,15,10,30
METROLOGY_CONDITIONED_EIG,325001,542.9588791670194,1.3727787396881956,316.8505784740631,8,0,0,0,8,25,12,15,10,30
NO_PASSIVE,325002,33.50391426518153,0.5975089481679876,445.27923823147125,0,0,0,0,4,25,12,15,10,30
RANDOM,325002,100.23374824626116,1.4912894267304417,200.45256596138665,4,0,0,0,4,25,12,15,10,30
HIGHEST_SNR,325002,100.23374824626116,1.4912894267304417,200.45256596138665,4,0,0,0,4,25,12,15,10,30
SHORTEST_PULSE,325002,100.23374824626116,1.4912894267304417,200.45256596138665,4,0,0,0,4,25,12,15,10,30
METROLOGY_CONDITIONED_EIG,325002,100.23374824626116,1.4912894267304417,200.45256596138665,4,0,0,0,4,25,12,15,10,30
NO_PASSIVE,325003,470.03831653888193,0.9909697880241388,445.27923823147125,0,0,0,0,0,25,12,15,10,30
RANDOM,325003,470.03831653888193,0.9909697880241388,445.27923823147125,0,0,0,0,0,25,12,15,10,30
HIGHEST_SNR,325003,470.03831653888193,0.9909697880241388,445.27923823147125,0,0,0,0,0,25,12,15,10,30
SHORTEST_PULSE,325003,470.03831653888193,0.9909697880241388,445.27923823147125,0,0,0,0,0,25,12,15,10,30
METROLOGY_CONDITIONED_EIG,325003,470.03831653888193,0.9909697880241388,445.27923823147125,0,0,0,0,0,25,12,15,10,30
NO_PASSIVE,325004,66.37516350267431,1.6859148991016353,445.27923823147125,0,0,0,0,0,25,12,15,10,30
RANDOM,325004,66.37516350267431,1.6859148991016353,445.27923823147125,0,0,0,0,0,25,12,15,10,30
HIGHEST_SNR,325004,66.37516350267431,1.6859148991016353,445.27923823147125,0,0,0,0,0,25,12,15,10,30
SHORTEST_PULSE,325004,66.37516350267431,1.6859148991016353,445.27923823147125,0,0,0,0,0,25,12,15,10,30
METROLOGY_CONDITIONED_EIG,325004,66.37516350267431,1.6859148991016353,445.27923823147125,0,0,0,0,0,25,12,15,10,30
NO_PASSIVE,325005,546.1092803434734,1.2227896641403104,445.27923823147125,0,0,0,0,0,25,12,15,10,30
RANDOM,325005,546.1092803434734,1.2227896641403104,445.27923823147125,0,0,0,0,0,25,12,15,10,30
HIGHEST_SNR,325005,546.1092803434734,1.2227896641403104,445.27923823147125,0,0,0,0,0,25,12,15,10,30
SHORTEST_PULSE,325005,546.1092803434734,1.2227896641403104,445.27923823147125,0,0,0,0,0,25,12,15,10,30
METROLOGY_CONDITIONED_EIG,325005,546.1092803434734,1.2227896641403104,445.27923823147125,0,0,0,0,0,25,12,15,10,30
NO_PASSIVE,325006,338.440294274532,2.720014760812295,445.27923823147125,0,0,0,0,0,25,12,15,10,30
RANDOM,325006,338.440294274532,2.720014760812295,445.27923823147125,0,0,0,0,0,25,12,15,10,30
HIGHEST_SNR,325006,338.440294274532,2.720014760812295,445.27923823147125,0,0,0,0,0,25,12,15,10,30
SHORTEST_PULSE,325006,338.440294274532,2.720014760812295,445.27923823147125,0,0,0,0,0,25,12,15,10,30
METROLOGY_CONDITIONED_EIG,325006,338.440294274532,2.720014760812295,445.27923823147125,0,0,0,0,0,25,12,15,10,30
NO_PASSIVE,325007,751.6868319486886,2.1320582806667736,445.27923823147125,0,0,0,0,0,25,12,15,10,30
RANDOM,325007,751.6868319486886,2.1320582806667736,445.27923823147125,0,0,0,0,0,25,12,15,10,30
HIGHEST_SNR,325007,751.6868319486886,2.1320582806667736,445.27923823147125,0,0,0,0,0,25,12,15,10,30
SHORTEST_PULSE,325007,751.6868319486886,2.1320582806667736,445.27923823147125,0,0,0,0,0,25,12,15,10,30
METROLOGY_CONDITIONED_EIG,325007,751.6868319486886,2.1320582806667736,445.27923823147125,0,0,0,0,0,25,12,15,10,30
NO_PASSIVE,325008,489.4445176375488,1.9607072070129066,445.27923823147125,0,0,0,0,0,25,12,15,10,30
RANDOM,325008,489.4445176375488,1.9607072070129066,445.27923823147125,0,0,0,0,0,25,12,15,10,30
HIGHEST_SNR,325008,489.4445176375488,1.9607072070129066,445.27923823147125,0,0,0,0,0,25,12,15,10,30
SHORTEST_PULSE,325008,489.4445176375488,1.9607072070129066,445.27923823147125,0,0,0,0,0,25,12,15,10,30
METROLOGY_CONDITIONED_EIG,325008,489.4445176375488,1.9607072070129066,445.27923823147125,0,0,0,0,0,25,12,15,10,30
NO_PASSIVE,325009,448.94513326999385,2.1397970932402712,445.27923823147125,0,0,0,0,0,25,12,15,10,30
RANDOM,325009,448.94513326999385,2.1397970932402712,445.27923823147125,0,0,0,0,0,25,12,15,10,30
HIGHEST_SNR,325009,448.94513326999385,2.1397970932402712,445.27923823147125,0,0,0,0,0,25,12,15,10,30
SHORTEST_PULSE,325009,448.94513326999385,2.1397970932402712,445.27923823147125,0,0,0,0,0,25,12,15,10,30
METROLOGY_CONDITIONED_EIG,325009,448.94513326999385,2.1397970932402712,445.27923823147125,0,0,0,0,0,25,12,15,10,30
NO_PASSIVE,325010,127.75926407942536,1.565199302406748,445.27923823147125,0,0,0,0,0,25,12,15,10,30
RANDOM,325010,127.75926407942536,1.565199302406748,445.27923823147125,0,0,0,0,0,25,12,15,10,30
HIGHEST_SNR,325010,127.75926407942536,1.565199302406748,445.27923823147125,0,0,0,0,0,25,12,15,10,30
SHORTEST_PULSE,325010,127.75926407942536,1.565199302406748,445.27923823147125,0,0,0,0,0,25,12,15,10,30
METROLOGY_CONDITIONED_EIG,325010,127.75926407942536,1.565199302406748,445.27923823147125,0,0,0,0,0,25,12,15,10,30
NO_PASSIVE,325011,479.0049762133745,1.057736395244046,445.27923823147125,0,0,0,0,1,25,12,15,10,30
RANDOM,325011,475.54251458868646,1.080236947563437,325.13687103522386,1,0,0,0,1,25,12,15,10,30
HIGHEST_SNR,325011,475.54251458868646,1.080236947563437,325.13687103522386,1,0,0,0,1,25,12,15,10,30
SHORTEST_PULSE,325011,475.54251458868646,1.080236947563437,325.13687103522386,1,0,0,0,1,25,12,15,10,30
METROLOGY_CONDITIONED_EIG,325011,475.54251458868646,1.080236947563437,325.13687103522386,1,0,0,0,1,25,12,15,10,30
NO_PASSIVE,325012,880.7177391325102,1.5237746302873905,445.27923823147125,0,0,0,0,3,25,12,15,10,30
RANDOM,325012,880.9088575591076,1.5260419831158978,321.5929439980484,1,2,0,0,3,25,12,15,10,30
HIGHEST_SNR,325012,880.9088575591076,1.5260419831158978,321.5929439980484,1,2,0,0,3,25,12,15,10,30
SHORTEST_PULSE,325012,880.9088575591076,1.5260419831158978,321.5929439980484,1,2,0,0,3,25,12,15,10,30
METROLOGY_CONDITIONED_EIG,325012,880.9088575591076,1.5260419831158978,321.5929439980484,1,2,0,0,3,25,12,15,10,30
NO_PASSIVE,325013,547.5095900773171,3.2230543768619,445.27923823147125,0,0,0,0,23,25,12,15,10,30
RANDOM,325013,291.3887173731199,3.318000241059862,111.8002694939726,23,0,0,0,23,25,12,15,10,30
HIGHEST_SNR,325013,291.3887173731199,3.318000241059862,111.8002694939726,23,0,0,0,23,25,12,15,10,30
SHORTEST_PULSE,325013,291.3887173731199,3.318000241059862,111.8002694939726,23,0,0,0,23,25,12,15,10,30
METROLOGY_CONDITIONED_EIG,325013,291.3887173731199,3.318000241059862,111.8002694939726,23,0,0,0,23,25,12,15,10,30
NO_PASSIVE,325014,518.9811711856303,1.4647625649486462,445.27923823147125,0,0,0,0,1,25,12,15,10,30
RANDOM,325014,520.3944196776374,1.4770961097644038,317.6261802594221,1,0,0,0,1,25,12,15,10,30
HIGHEST_SNR,325014,520.3944196776374,1.4770961097644038,317.6261802594221,1,0,0,0,1,25,12,15,10,30
SHORTEST_PULSE,325014,520.3944196776374,1.4770961097644038,317.6261802594221,1,0,0,0,1,25,12,15,10,30
METROLOGY_CONDITIONED_EIG,325014,520.3944196776374,1.4770961097644038,317.6261802594221,1,0,0,0,1,25,12,15,10,30
NO_PASSIVE,325015,48.58882801224908,0.8025448216974022,445.27923823147125,0,0,0,0,0,25,12,15,10,30
RANDOM,325015,48.58882801224908,0.8025448216974022,445.27923823147125,0,0,0,0,0,25,12,15,10,30
HIGHEST_SNR,325015,48.58882801224908,0.8025448216974022,445.27923823147125,0,0,0,0,0,25,12,15,10,30
SHORTEST_PULSE,325015,48.58882801224908,0.8025448216974022,445.27923823147125,0,0,0,0,0,25,12,15,10,30
METROLOGY_CONDITIONED_EIG,325015,48.58882801224908,0.8025448216974022,445.27923823147125,0,0,0,0,0,25,12,15,10,30
NO_PASSIVE,325016,181.5835342692505,2.1784280459101617,445.27923823147125,0,0,0,0,1,25,12,15,10,30
RANDOM,325016,152.20676694189063,2.3470790343989765,321.654904517445,1,0,0,0,1,25,12,15,10,30
HIGHEST_SNR,325016,152.20676694189063,2.3470790343989765,321.654904517445,1,0,0,0,1,25,12,15,10,30
SHORTEST_PULSE,325016,152.20676694189063,2.3470790343989765,321.654904517445,1,0,0,0,1,25,12,15,10,30
METROLOGY_CONDITIONED_EIG,325016,152.20676694189063,2.3470790343989765,321.654904517445,1,0,0,0,1,25,12,15,10,30
NO_PASSIVE,325017,304.92622454871537,1.3704293269855943,445.27923823147125,0,0,0,0,0,25,12,15,10,30
RANDOM,325017,304.92622454871537,1.3704293269855943,445.27923823147125,0,0,0,0,0,25,12,15,10,30
HIGHEST_SNR,325017,304.92622454871537,1.3704293269855943,445.27923823147125,0,0,0,0,0,25,12,15,10,30
SHORTEST_PULSE,325017,304.92622454871537,1.3704293269855943,445.27923823147125,0,0,0,0,0,25,12,15,10,30
METROLOGY_CONDITIONED_EIG,325017,304.92622454871537,1.3704293269855943,445.27923823147125,0,0,0,0,0,25,12,15,10,30
NO_PASSIVE,325018,516.4672345964685,2.5734705582662105,445.27923823147125,0,0,0,0,2,25,12,15,10,30
RANDOM,325018,346.5494111256748,2.251521116575946,319.7918346642616,2,0,0,0,2,25,12,15,10,30
HIGHEST_SNR,325018,346.5494111256748,2.251521116575946,319.7918346642616,2,0,0,0,2,25,12,15,10,30
SHORTEST_PULSE,325018,346.5494111256748,2.251521116575946,319.7918346642616,2,0,0,0,2,25,12,15,10,30
METROLOGY_CONDITIONED_EIG,325018,346.5494111256748,2.251521116575946,319.7918346642616,2,0,0,0,2,25,12,15,10,30
NO_PASSIVE,325019,321.56463862261234,0.7904876645195595,445.27923823147125,0,0,0,0,0,25,12,15,10,30
RANDOM,325019,321.56463862261234,0.7904876645195595,445.27923823147125,0,0,0,0,0,25,12,15,10,30
HIGHEST_SNR,325019,321.56463862261234,0.7904876645195595,445.27923823147125,0,0,0,0,0,25,12,15,10,30
SHORTEST_PULSE,325019,321.56463862261234,0.7904876645195595,445.27923823147125,0,0,0,0,0,25,12,15,10,30
METROLOGY_CONDITIONED_EIG,325019,321.56463862261234,0.7904876645195595,445.27923823147125,0,0,0,0,0,25,12,15,10,30
NO_PASSIVE,325020,126.27732210389287,0.5620871802926303,445.27923823147125,0,0,0,0,24,25,12,15,10,30
RANDOM,325020,57.93275399061669,0.5636586275987249,250.59669972824014,23,0,0,0,24,25,12,15,10,30
HIGHEST_SNR,325020,214.556262170518,0.7405179286550708,293.6194235607672,23,0,0,0,24,25,12,15,10,30
SHORTEST_PULSE,325020,57.93275399061669,0.5636586275987249,250.59669972824014,23,0,0,0,24,25,12,15,10,30
METROLOGY_CONDITIONED_EIG,325020,57.93275399061669,0.5636586275987249,250.59669972824014,23,0,0,0,24,25,12,15,10,30
NO_PASSIVE,325021,205.87860972071104,2.758552916546518,445.27923823147125,0,0,0,0,0,25,12,15,10,30
RANDOM,325021,205.87860972071104,2.758552916546518,445.27923823147125,0,0,0,0,0,25,12,15,10,30
HIGHEST_SNR,325021,205.87860972071104,2.758552916546518,445.27923823147125,0,0,0,0,0,25,12,15,10,30
SHORTEST_PULSE,325021,205.87860972071104,2.758552916546518,445.27923823147125,0,0,0,0,0,25,12,15,10,30
METROLOGY_CONDITIONED_EIG,325021,205.87860972071104,2.758552916546518,445.27923823147125,0,0,0,0,0,25,12,15,10,30
NO_PASSIVE,325022,485.5402836732235,1.7073602278716455,445.27923823147125,0,0,0,0,2,25,12,15,10,30
RANDOM,325022,170.04322258296875,2.1558849572534573,318.0395232938276,2,0,0,0,2,25,12,15,10,30
HIGHEST_SNR,325022,170.04322258296875,2.1558849572534573,318.0395232938276,2,0,0,0,2,25,12,15,10,30
SHORTEST_PULSE,325022,170.04322258296875,2.1558849572534573,318.0395232938276,2,0,0,0,2,25,12,15,10,30
METROLOGY_CONDITIONED_EIG,325022,170.04322258296875,2.1558849572534573,318.0395232938276,2,0,0,0,2,25,12,15,10,30
NO_PASSIVE,325023,547.5595576634807,0.8955282038077573,445.27923823147125,0,0,0,0,11,25,12,15,10,30
RANDOM,325023,298.5199321589102,0.09182973270198964,313.7844112267243,11,0,0,0,11,25,12,15,10,30
HIGHEST_SNR,325023,298.5199321589102,0.09182973270198964,313.7844112267243,11,0,0,0,11,25,12,15,10,30
SHORTEST_PULSE,325023,298.5199321589102,0.09182973270198964,313.7844112267243,11,0,0,0,11,25,12,15,10,30
METROLOGY_CONDITIONED_EIG,325023,298.5199321589102,0.09182973270198964,313.7844112267243,11,0,0,0,11,25,12,15,10,30
NO_PASSIVE,325024,308.7463689188356,3.7295829671570377,445.27923823147125,0,0,0,0,27,25,12,15,10,30
RANDOM,325024,1.09008064272758,1.0711914821948487,47.60732771393966,27,0,0,0,27,25,12,15,10,30
HIGHEST_SNR,325024,1.09008064272758,1.0711914821948487,47.60732771393966,27,0,0,0,27,25,12,15,10,30
SHORTEST_PULSE,325024,1.09008064272758,1.0711914821948487,47.60732771393966,27,0,0,0,27,25,12,15,10,30
METROLOGY_CONDITIONED_EIG,325024,1.09008064272758,1.0711914821948487,47.60732771393966,27,0,0,0,27,25,12,15,10,30
NO_PASSIVE,325025,163.81889970680248,1.1571987214281865,445.27923823147125,0,0,0,0,0,25,12,15,10,30
RANDOM,325025,163.81889970680248,1.1571987214281865,445.27923823147125,0,0,0,0,0,25,12,15,10,30
HIGHEST_SNR,325025,163.81889970680248,1.1571987214281865,445.27923823147125,0,0,0,0,0,25,12,15,10,30
SHORTEST_PULSE,325025,163.81889970680248,1.1571987214281865,445.27923823147125,0,0,0,0,0,25,12,15,10,30
METROLOGY_CONDITIONED_EIG,325025,163.81889970680248,1.1571987214281865,445.27923823147125,0,0,0,0,0,25,12,15,10,30
NO_PASSIVE,325026,418.2767348860972,1.5660773401232944,445.27923823147125,0,0,0,0,0,25,12,15,10,30
RANDOM,325026,418.2767348860972,1.5660773401232944,445.27923823147125,0,0,0,0,0,25,12,15,10,30
HIGHEST_SNR,325026,418.2767348860972,1.5660773401232944,445.27923823147125,0,0,0,0,0,25,12,15,10,30
SHORTEST_PULSE,325026,418.2767348860972,1.5660773401232944,445.27923823147125,0,0,0,0,0,25,12,15,10,30
METROLOGY_CONDITIONED_EIG,325026,418.2767348860972,1.5660773401232944,445.27923823147125,0,0,0,0,0,25,12,15,10,30
NO_PASSIVE,325027,329.63082748932663,0.5605633926962482,445.27923823147125,0,0,0,0,6,25,12,15,10,30
RANDOM,325027,29.92357881433995,1.2372591951875422,123.14501477427143,6,0,0,0,6,25,12,15,10,30
HIGHEST_SNR,325027,29.92357881433995,1.2372591951875422,123.14501477427143,6,0,0,0,6,25,12,15,10,30
SHORTEST_PULSE,325027,29.92357881433995,1.2372591951875422,123.14501477427143,6,0,0,0,6,25,12,15,10,30
METROLOGY_CONDITIONED_EIG,325027,29.92357881433995,1.2372591951875422,123.14501477427143,6,0,0,0,6,25,12,15,10,30
NO_PASSIVE,325028,290.2132355299477,2.8080186878119533,445.27923823147125,0,0,0,0,1,25,12,15,10,30
RANDOM,325028,49.207375615656034,2.7859218286929286,328.5233427062427,1,0,0,0,1,25,12,15,10,30
HIGHEST_SNR,325028,49.207375615656034,2.7859218286929286,328.5233427062427,1,0,0,0,1,25,12,15,10,30
SHORTEST_PULSE,325028,49.207375615656034,2.7859218286929286,328.5233427062427,1,0,0,0,1,25,12,15,10,30
METROLOGY_CONDITIONED_EIG,325028,49.207375615656034,2.7859218286929286,328.5233427062427,1,0,0,0,1,25,12,15,10,30
NO_PASSIVE,325029,420.9261372319101,1.1436777729392988,445.27923823147125,0,0,0,0,9,25,12,15,10,30
RANDOM,325029,44.21660103958504,0.7581937386788931,61.329199635223105,9,0,0,0,9,25,12,15,10,30
HIGHEST_SNR,325029,44.21660103958504,0.7581937386788931,61.329199635223105,9,0,0,0,9,25,12,15,10,30
SHORTEST_PULSE,325029,44.21660103958504,0.7581937386788931,61.329199635223105,9,0,0,0,9,25,12,15,10,30
METROLOGY_CONDITIONED_EIG,325029,44.21660103958504,0.7581937386788931,61.329199635223105,9,0,0,0,9,25,12,15,10,30
NO_PASSIVE,326000,73.87293851923354,1.6122741880491742,445.27923823147125,0,0,0,0,21,26,12,15,10,100
RANDOM,326000,50.10595359279293,1.4161480697805766,113.29207885767335,21,0,0,0,21,26,12,15,10,100
HIGHEST_SNR,326000,50.10595359279293,1.4161480697805766,113.29207885767335,21,0,0,0,21,26,12,15,10,100
SHORTEST_PULSE,326000,50.10595359279293,1.4161480697805766,113.29207885767335,21,0,0,0,21,26,12,15,10,100
METROLOGY_CONDITIONED_EIG,326000,50.10595359279293,1.4161480697805766,113.29207885767335,21,0,0,0,21,26,12,15,10,100
NO_PASSIVE,326001,433.4550902724702,1.1938687810358026,445.27923823147125,0,0,0,0,3,26,12,15,10,100
RANDOM,326001,79.31563918302936,1.1019352973962235,124.26443381447645,3,0,0,0,3,26,12,15,10,100
HIGHEST_SNR,326001,79.31563918302936,1.1019352973962235,124.26443381447645,3,0,0,0,3,26,12,15,10,100
SHORTEST_PULSE,326001,79.31563918302936,1.1019352973962235,124.26443381447645,3,0,0,0,3,26,12,15,10,100
METROLOGY_CONDITIONED_EIG,326001,79.31563918302936,1.1019352973962235,124.26443381447645,3,0,0,0,3,26,12,15,10,100
NO_PASSIVE,326002,163.2307560765764,2.2316845042512634,445.27923823147125,0,0,0,0,1,26,12,15,10,100
RANDOM,326002,122.55628934514661,2.1881324731108234,345.3277206205363,1,0,0,0,1,26,12,15,10,100
HIGHEST_SNR,326002,122.55628934514661,2.1881324731108234,345.3277206205363,1,0,0,0,1,26,12,15,10,100
SHORTEST_PULSE,326002,122.55628934514661,2.1881324731108234,345.3277206205363,1,0,0,0,1,26,12,15,10,100
METROLOGY_CONDITIONED_EIG,326002,122.55628934514661,2.1881324731108234,345.3277206205363,1,0,0,0,1,26,12,15,10,100
NO_PASSIVE,326003,720.7129879326902,1.9125382439695946,445.27923823147125,0,0,0,0,0,26,12,15,10,100
RANDOM,326003,720.7129879326902,1.9125382439695946,445.27923823147125,0,0,0,0,0,26,12,15,10,100
HIGHEST_SNR,326003,720.7129879326902,1.9125382439695946,445.27923823147125,0,0,0,0,0,26,12,15,10,100
SHORTEST_PULSE,326003,720.7129879326902,1.9125382439695946,445.27923823147125,0,0,0,0,0,26,12,15,10,100
METROLOGY_CONDITIONED_EIG,326003,720.7129879326902,1.9125382439695946,445.27923823147125,0,0,0,0,0,26,12,15,10,100
NO_PASSIVE,326004,618.2898196273468,3.974442301439968,445.27923823147125,0,0,0,0,0,26,12,15,10,100
RANDOM,326004,618.2898196273468,3.974442301439968,445.27923823147125,0,0,0,0,0,26,12,15,10,100
HIGHEST_SNR,326004,618.2898196273468,3.974442301439968,445.27923823147125,0,0,0,0,0,26,12,15,10,100
SHORTEST_PULSE,326004,618.2898196273468,3.974442301439968,445.27923823147125,0,0,0,0,0,26,12,15,10,100
METROLOGY_CONDITIONED_EIG,326004,618.2898196273468,3.974442301439968,445.27923823147125,0,0,0,0,0,26,12,15,10,100
NO_PASSIVE,326005,303.3487199067105,0.38293339426559736,445.27923823147125,0,0,0,0,2,26,12,15,10,100
RANDOM,326005,132.41962729712216,0.5443981982722942,173.11751681000075,2,0,0,0,2,26,12,15,10,100
HIGHEST_SNR,326005,132.41962729712216,0.5443981982722942,173.11751681000075,2,0,0,0,2,26,12,15,10,100
SHORTEST_PULSE,326005,132.41962729712216,0.5443981982722942,173.11751681000075,2,0,0,0,2,26,12,15,10,100
METROLOGY_CONDITIONED_EIG,326005,132.41962729712216,0.5443981982722942,173.11751681000075,2,0,0,0,2,26,12,15,10,100
NO_PASSIVE,326006,582.8794921670944,4.417288709496102,445.27923823147125,0,0,0,0,0,26,12,15,10,100
RANDOM,326006,582.8794921670944,4.417288709496102,445.27923823147125,0,0,0,0,0,26,12,15,10,100
HIGHEST_SNR,326006,582.8794921670944,4.417288709496102,445.27923823147125,0,0,0,0,0,26,12,15,10,100
SHORTEST_PULSE,326006,582.8794921670944,4.417288709496102,445.27923823147125,0,0,0,0,0,26,12,15,10,100
METROLOGY_CONDITIONED_EIG,326006,582.8794921670944,4.417288709496102,445.27923823147125,0,0,0,0,0,26,12,15,10,100
NO_PASSIVE,326007,457.75359804016614,1.4789115375553283,445.27923823147125,0,0,0,0,1,26,12,15,10,100
RANDOM,326007,218.89669093629627,1.4697469473046672,333.6074725503547,1,0,0,0,1,26,12,15,10,100
HIGHEST_SNR,326007,218.89669093629627,1.4697469473046672,333.6074725503547,1,0,0,0,1,26,12,15,10,100
SHORTEST_PULSE,326007,218.89669093629627,1.4697469473046672,333.6074725503547,1,0,0,0,1,26,12,15,10,100
METROLOGY_CONDITIONED_EIG,326007,218.89669093629627,1.4697469473046672,333.6074725503547,1,0,0,0,1,26,12,15,10,100
NO_PASSIVE,326008,62.85704639871856,0.6572914467966742,445.27923823147125,0,0,0,0,26,26,12,15,10,100
RANDOM,326008,32.02034788724888,0.6497980611339784,220.9395500469046,26,0,0,0,26,26,12,15,10,100
HIGHEST_SNR,326008,32.02034788724888,0.6497980611339784,220.9395500469046,26,0,0,0,26,26,12,15,10,100
SHORTEST_PULSE,326008,32.02034788724888,0.6497980611339784,220.9395500469046,26,0,0,0,26,26,12,15,10,100
METROLOGY_CONDITIONED_EIG,326008,32.02034788724888,0.6497980611339784,220.9395500469046,26,0,0,0,26,26,12,15,10,100
NO_PASSIVE,326009,324.73654427563804,2.4842117393668928,445.27923823147125,0,0,0,0,0,26,12,15,10,100
RANDOM,326009,324.73654427563804,2.4842117393668928,445.27923823147125,0,0,0,0,0,26,12,15,10,100
HIGHEST_SNR,326009,324.73654427563804,2.4842117393668928,445.27923823147125,0,0,0,0,0,26,12,15,10,100
SHORTEST_PULSE,326009,324.73654427563804,2.4842117393668928,445.27923823147125,0,0,0,0,0,26,12,15,10,100
METROLOGY_CONDITIONED_EIG,326009,324.73654427563804,2.4842117393668928,445.27923823147125,0,0,0,0,0,26,12,15,10,100
NO_PASSIVE,326010,349.25166182517256,1.3187265745186543,445.27923823147125,0,0,0,0,0,26,12,15,10,100
RANDOM,326010,349.25166182517256,1.3187265745186543,445.27923823147125,0,0,0,0,0,26,12,15,10,100
HIGHEST_SNR,326010,349.25166182517256,1.3187265745186543,445.27923823147125,0,0,0,0,0,26,12,15,10,100
SHORTEST_PULSE,326010,349.25166182517256,1.3187265745186543,445.27923823147125,0,0,0,0,0,26,12,15,10,100
METROLOGY_CONDITIONED_EIG,326010,349.25166182517256,1.3187265745186543,445.27923823147125,0,0,0,0,0,26,12,15,10,100
NO_PASSIVE,326011,534.4608605622866,2.20925616992429,445.27923823147125,0,0,0,0,4,26,12,15,10,100
RANDOM,326011,150.76773588617286,1.8289018166988105,321.0150621866515,4,0,0,0,4,26,12,15,10,100
HIGHEST_SNR,326011,150.76773588617286,1.8289018166988105,321.0150621866515,4,0,0,0,4,26,12,15,10,100
SHORTEST_PULSE,326011,150.76773588617286,1.8289018166988105,321.0150621866515,4,0,0,0,4,26,12,15,10,100
METROLOGY_CONDITIONED_EIG,326011,150.76773588617286,1.8289018166988105,321.0150621866515,4,0,0,0,4,26,12,15,10,100
NO_PASSIVE,326012,541.5086730759191,1.8751842841610729,445.27923823147125,0,0,0,0,23,26,12,15,10,100
RANDOM,326012,1027.310214148162,2.073583105848473,290.1436753805723,23,0,0,0,23,26,12,15,10,100
HIGHEST_SNR,326012,1027.310214148162,2.073583105848473,290.1436753805723,23,0,0,0,23,26,12,15,10,100
SHORTEST_PULSE,326012,1027.310214148162,2.073583105848473,290.1436753805723,23,0,0,0,23,26,12,15,10,100
METROLOGY_CONDITIONED_EIG,326012,1027.310214148162,2.073583105848473,290.1436753805723,23,0,0,0,23,26,12,15,10,100
NO_PASSIVE,326013,423.16820897629157,2.0549653649470936,445.27923823147125,0,0,0,0,0,26,12,15,10,100
RANDOM,326013,423.16820897629157,2.0549653649470936,445.27923823147125,0,0,0,0,0,26,12,15,10,100
HIGHEST_SNR,326013,423.16820897629157,2.0549653649470936,445.27923823147125,0,0,0,0,0,26,12,15,10,100
SHORTEST_PULSE,326013,423.16820897629157,2.0549653649470936,445.27923823147125,0,0,0,0,0,26,12,15,10,100
METROLOGY_CONDITIONED_EIG,326013,423.16820897629157,2.0549653649470936,445.27923823147125,0,0,0,0,0,26,12,15,10,100
NO_PASSIVE,326014,285.46348951915155,1.467648343926795,445.27923823147125,0,0,0,0,5,26,12,15,10,100
RANDOM,326014,17.756983523757327,1.1343780143968947,148.000036141658,5,0,0,0,5,26,12,15,10,100
HIGHEST_SNR,326014,17.756983523757327,1.1343780143968947,148.000036141658,5,0,0,0,5,26,12,15,10,100
SHORTEST_PULSE,326014,17.756983523757327,1.1343780143968947,148.000036141658,5,0,0,0,5,26,12,15,10,100
METROLOGY_CONDITIONED_EIG,326014,17.756983523757327,1.1343780143968947,148.000036141658,5,0,0,0,5,26,12,15,10,100
NO_PASSIVE,326015,407.4054923568238,2.7058624234601463,445.27923823147125,0,0,0,0,0,26,12,15,10,100
RANDOM,326015,407.4054923568238,2.7058624234601463,445.27923823147125,0,0,0,0,0,26,12,15,10,100
HIGHEST_SNR,326015,407.4054923568238,2.7058624234601463,445.27923823147125,0,0,0,0,0,26,12,15,10,100
SHORTEST_PULSE,326015,407.4054923568238,2.7058624234601463,445.27923823147125,0,0,0,0,0,26,12,15,10,100
METROLOGY_CONDITIONED_EIG,326015,407.4054923568238,2.7058624234601463,445.27923823147125,0,0,0,0,0,26,12,15,10,100
NO_PASSIVE,326016,165.77161963527814,1.8001460277463848,445.27923823147125,0,0,0,0,1,26,12,15,10,100
RANDOM,326016,249.80127358556842,1.8346110872219492,340.9866117945195,1,0,0,0,1,26,12,15,10,100
HIGHEST_SNR,326016,249.80127358556842,1.8346110872219492,340.9866117945195,1,0,0,0,1,26,12,15,10,100
SHORTEST_PULSE,326016,249.80127358556842,1.8346110872219492,340.9866117945195,1,0,0,0,1,26,12,15,10,100
METROLOGY_CONDITIONED_EIG,326016,249.80127358556842,1.8346110872219492,340.9866117945195,1,0,0,0,1,26,12,15,10,100
NO_PASSIVE,326017,674.2255759013926,1.9116291604163569,445.27923823147125,0,0,0,0,0,26,12,15,10,100
RANDOM,326017,674.2255759013926,1.9116291604163569,445.27923823147125,0,0,0,0,0,26,12,15,10,100
HIGHEST_SNR,326017,674.2255759013926,1.9116291604163569,445.27923823147125,0,0,0,0,0,26,12,15,10,100
SHORTEST_PULSE,326017,674.2255759013926,1.9116291604163569,445.27923823147125,0,0,0,0,0,26,12,15,10,100
METROLOGY_CONDITIONED_EIG,326017,674.2255759013926,1.9116291604163569,445.27923823147125,0,0,0,0,0,26,12,15,10,100
NO_PASSIVE,326018,519.804306259977,1.6312240441152497,445.27923823147125,0,0,0,0,0,26,12,15,10,100
RANDOM,326018,519.804306259977,1.6312240441152497,445.27923823147125,0,0,0,0,0,26,12,15,10,100
HIGHEST_SNR,326018,519.804306259977,1.6312240441152497,445.27923823147125,0,0,0,0,0,26,12,15,10,100
SHORTEST_PULSE,326018,519.804306259977,1.6312240441152497,445.27923823147125,0,0,0,0,0,26,12,15,10,100
METROLOGY_CONDITIONED_EIG,326018,519.804306259977,1.6312240441152497,445.27923823147125,0,0,0,0,0,26,12,15,10,100
NO_PASSIVE,326019,127.98636422107707,3.33533481267975,445.27923823147125,0,0,0,0,0,26,12,15,10,100
RANDOM,326019,127.98636422107707,3.33533481267975,445.27923823147125,0,0,0,0,0,26,12,15,10,100
HIGHEST_SNR,326019,127.98636422107707,3.33533481267975,445.27923823147125,0,0,0,0,0,26,12,15,10,100
SHORTEST_PULSE,326019,127.98636422107707,3.33533481267975,445.27923823147125,0,0,0,0,0,26,12,15,10,100
METROLOGY_CONDITIONED_EIG,326019,127.98636422107707,3.33533481267975,445.27923823147125,0,0,0,0,0,26,12,15,10,100
NO_PASSIVE,326020,511.672495136623,4.719775880686587,445.27923823147125,0,0,0,0,0,26,12,15,10,100
RANDOM,326020,511.672495136623,4.719775880686587,445.27923823147125,0,0,0,0,0,26,12,15,10,100
HIGHEST_SNR,326020,511.672495136623,4.719775880686587,445.27923823147125,0,0,0,0,0,26,12,15,10,100
SHORTEST_PULSE,326020,511.672495136623,4.719775880686587,445.27923823147125,0,0,0,0,0,26,12,15,10,100
METROLOGY_CONDITIONED_EIG,326020,511.672495136623,4.719775880686587,445.27923823147125,0,0,0,0,0,26,12,15,10,100
NO_PASSIVE,326021,717.5785989182885,0.596383572121278,445.27923823147125,0,0,0,0,0,26,12,15,10,100
RANDOM,326021,717.5785989182885,0.596383572121278,445.27923823147125,0,0,0,0,0,26,12,15,10,100
HIGHEST_SNR,326021,717.5785989182885,0.596383572121278,445.27923823147125,0,0,0,0,0,26,12,15,10,100
SHORTEST_PULSE,326021,717.5785989182885,0.596383572121278,445.27923823147125,0,0,0,0,0,26,12,15,10,100
METROLOGY_CONDITIONED_EIG,326021,717.5785989182885,0.596383572121278,445.27923823147125,0,0,0,0,0,26,12,15,10,100
NO_PASSIVE,326022,74.90484103239564,3.05347979629948,445.27923823147125,0,0,0,0,6,26,12,15,10,100
RANDOM,326022,115.19182836668327,2.919741038661687,185.13693129840524,5,1,0,0,6,26,12,15,10,100
HIGHEST_SNR,326022,115.19182836668327,2.919741038661687,185.13693129840524,5,1,0,0,6,26,12,15,10,100
SHORTEST_PULSE,326022,115.19182836668327,2.919741038661687,185.13693129840524,5,1,0,0,6,26,12,15,10,100
METROLOGY_CONDITIONED_EIG,326022,115.19182836668327,2.919741038661687,185.13693129840524,5,1,0,0,6,26,12,15,10,100
NO_PASSIVE,326023,607.1524691081529,3.2632539074012,445.27923823147125,0,0,0,0,1,26,12,15,10,100
RANDOM,326023,611.1312152132227,3.2632400212014323,343.64888599420135,1,0,0,0,1,26,12,15,10,100
HIGHEST_SNR,326023,611.1312152132227,3.2632400212014323,343.64888599420135,1,0,0,0,1,26,12,15,10,100
SHORTEST_PULSE,326023,611.1312152132227,3.2632400212014323,343.64888599420135,1,0,0,0,1,26,12,15,10,100
METROLOGY_CONDITIONED_EIG,326023,611.1312152132227,3.2632400212014323,343.64888599420135,1,0,0,0,1,26,12,15,10,100
NO_PASSIVE,326024,253.13063608331484,0.8603521138257023,445.27923823147125,0,0,0,0,3,26,12,15,10,100
RANDOM,326024,260.89698460220876,0.7141128708174858,322.0944384444612,3,0,0,0,3,26,12,15,10,100
HIGHEST_SNR,326024,260.89698460220876,0.7141128708174858,322.0944384444612,3,0,0,0,3,26,12,15,10,100
SHORTEST_PULSE,326024,260.89698460220876,0.7141128708174858,322.0944384444612,3,0,0,0,3,26,12,15,10,100
METROLOGY_CONDITIONED_EIG,326024,260.89698460220876,0.7141128708174858,322.0944384444612,3,0,0,0,3,26,12,15,10,100
NO_PASSIVE,326025,505.31342902018264,1.0691022177931926,445.27923823147125,0,0,0,0,0,26,12,15,10,100
RANDOM,326025,505.31342902018264,1.0691022177931926,445.27923823147125,0,0,0,0,0,26,12,15,10,100
HIGHEST_SNR,326025,505.31342902018264,1.0691022177931926,445.27923823147125,0,0,0,0,0,26,12,15,10,100
SHORTEST_PULSE,326025,505.31342902018264,1.0691022177931926,445.27923823147125,0,0,0,0,0,26,12,15,10,100
METROLOGY_CONDITIONED_EIG,326025,505.31342902018264,1.0691022177931926,445.27923823147125,0,0,0,0,0,26,12,15,10,100
NO_PASSIVE,326026,45.293457352264625,2.593281671045626,445.27923823147125,0,0,0,0,7,26,12,15,10,100
RANDOM,326026,46.3325183527304,2.7347291373723843,321.36883901020053,7,0,0,0,7,26,12,15,10,100
HIGHEST_SNR,326026,46.3325183527304,2.7347291373723843,321.36883901020053,7,0,0,0,7,26,12,15,10,100
SHORTEST_PULSE,326026,46.3325183527304,2.7347291373723843,321.36883901020053,7,0,0,0,7,26,12,15,10,100
METROLOGY_CONDITIONED_EIG,326026,46.3325183527304,2.7347291373723843,321.36883901020053,7,0,0,0,7,26,12,15,10,100
NO_PASSIVE,326027,511.32986986032205,1.3958358819941745,445.27923823147125,0,0,0,0,0,26,12,15,10,100
RANDOM,326027,511.32986986032205,1.3958358819941745,445.27923823147125,0,0,0,0,0,26,12,15,10,100
HIGHEST_SNR,326027,511.32986986032205,1.3958358819941745,445.27923823147125,0,0,0,0,0,26,12,15,10,100
SHORTEST_PULSE,326027,511.32986986032205,1.3958358819941745,445.27923823147125,0,0,0,0,0,26,12,15,10,100
METROLOGY_CONDITIONED_EIG,326027,511.32986986032205,1.3958358819941745,445.27923823147125,0,0,0,0,0,26,12,15,10,100
NO_PASSIVE,326028,455.51798197635213,1.2762110709542367,445.27923823147125,0,0,0,0,0,26,12,15,10,100
RANDOM,326028,455.51798197635213,1.2762110709542367,445.27923823147125,0,0,0,0,0,26,12,15,10,100
HIGHEST_SNR,326028,455.51798197635213,1.2762110709542367,445.27923823147125,0,0,0,0,0,26,12,15,10,100
SHORTEST_PULSE,326028,455.51798197635213,1.2762110709542367,445.27923823147125,0,0,0,0,0,26,12,15,10,100
METROLOGY_CONDITIONED_EIG,326028,455.51798197635213,1.2762110709542367,445.27923823147125,0,0,0,0,0,26,12,15,10,100
NO_PASSIVE,326029,514.6040692925927,0.06955259483992744,445.27923823147125,0,0,0,0,39,26,12,15,10,100
RANDOM,326029,28.558093441079805,0.5312024508571295,260.47339103809554,38,1,0,0,39,26,12,15,10,100
HIGHEST_SNR,326029,28.558093441079805,0.5312024508571295,260.47339103809554,38,1,0,0,39,26,12,15,10,100
SHORTEST_PULSE,326029,28.558093441079805,0.5312024508571295,260.47339103809554,38,1,0,0,39,26,12,15,10,100
METROLOGY_CONDITIONED_EIG,326029,28.558093441079805,0.5312024508571295,260.47339103809554,38,1,0,0,39,26,12,15,10,100
NO_PASSIVE,327000,324.1722307284323,3.0854250662752523,445.27923823147125,0,0,0,0,8,27,12,15,100,30
RANDOM,327000,27.606280503640505,1.0163515508193444,85.79542878909702,8,0,0,0,8,27,12,15,100,30
HIGHEST_SNR,327000,27.606280503640505,1.0163515508193444,85.79542878909702,8,0,0,0,8,27,12,15,100,30
SHORTEST_PULSE,327000,27.606280503640505,1.0163515508193444,85.79542878909702,8,0,0,0,8,27,12,15,100,30
METROLOGY_CONDITIONED_EIG,327000,27.606280503640505,1.0163515508193444,85.79542878909702,8,0,0,0,8,27,12,15,100,30
NO_PASSIVE,327001,324.86731122099934,3.0510568681213175,445.27923823147125,0,0,0,0,57,27,12,15,100,30
RANDOM,327001,13.567735780997792,0.6172288240631667,28.518206032039785,36,0,0,0,57,27,12,15,100,30
HIGHEST_SNR,327001,27.59937951807699,0.4659231058284746,32.75777398465083,35,1,0,0,57,27,12,15,100,30
SHORTEST_PULSE,327001,4.062566759655369,0.29628040334562755,28.379608827573428,36,0,0,0,57,27,12,15,100,30
METROLOGY_CONDITIONED_EIG,327001,34.2557887896721,0.5645650947372242,26.9372501740854,36,0,0,0,57,27,12,15,100,30
NO_PASSIVE,327002,420.64240721785137,2.222423797675669,445.27923823147125,0,0,0,0,0,27,12,15,100,30
RANDOM,327002,420.64240721785137,2.222423797675669,445.27923823147125,0,0,0,0,0,27,12,15,100,30
HIGHEST_SNR,327002,420.64240721785137,2.222423797675669,445.27923823147125,0,0,0,0,0,27,12,15,100,30
SHORTEST_PULSE,327002,420.64240721785137,2.222423797675669,445.27923823147125,0,0,0,0,0,27,12,15,100,30
METROLOGY_CONDITIONED_EIG,327002,420.64240721785137,2.222423797675669,445.27923823147125,0,0,0,0,0,27,12,15,100,30
NO_PASSIVE,327003,545.5215278916345,1.0060424960230654,445.27923823147125,0,0,0,0,74,27,12,15,100,30
RANDOM,327003,26.9613846497718,0.35659259958434814,24.42862775568138,51,0,0,0,74,27,12,15,100,30
HIGHEST_SNR,327003,19.221331151012958,0.2626752977023577,22.45578658558024,51,0,0,0,74,27,12,15,100,30
SHORTEST_PULSE,327003,19.625877605598017,0.24728972232619545,22.346703397457976,51,0,0,0,74,27,12,15,100,30
METROLOGY_CONDITIONED_EIG,327003,17.437336631605298,0.2390963276204528,22.123381927150806,51,0,0,0,74,27,12,15,100,30
NO_PASSIVE,327004,288.0909165136528,0.39610352465797727,445.27923823147125,0,0,0,0,5,27,12,15,100,30
RANDOM,327004,17.67955707594358,0.5877521557445928,114.23625253577815,5,0,0,0,5,27,12,15,100,30
HIGHEST_SNR,327004,17.67955707594358,0.5877521557445928,114.23625253577815,5,0,0,0,5,27,12,15,100,30
SHORTEST_PULSE,327004,17.67955707594358,0.5877521557445928,114.23625253577815,5,0,0,0,5,27,12,15,100,30
METROLOGY_CONDITIONED_EIG,327004,17.67955707594358,0.5877521557445928,114.23625253577815,5,0,0,0,5,27,12,15,100,30
NO_PASSIVE,327005,258.35053948172725,1.7134249132514583,445.27923823147125,0,0,0,0,4,27,12,15,100,30
RANDOM,327005,130.41610671072155,1.8920567245251054,158.20218392310548,4,0,0,0,4,27,12,15,100,30
HIGHEST_SNR,327005,130.41610671072155,1.8920567245251054,158.20218392310548,4,0,0,0,4,27,12,15,100,30
SHORTEST_PULSE,327005,130.41610671072155,1.8920567245251054,158.20218392310548,4,0,0,0,4,27,12,15,100,30
METROLOGY_CONDITIONED_EIG,327005,130.41610671072155,1.8920567245251054,158.20218392310548,4,0,0,0,4,27,12,15,100,30
NO_PASSIVE,327006,107.68136325970401,2.0237328120086757,445.27923823147125,0,0,0,0,46,27,12,15,100,30
RANDOM,327006,15.876691257664339,0.48108279240097124,36.16963929561478,32,0,0,0,46,27,12,15,100,30
HIGHEST_SNR,327006,34.049273756848216,0.16426254054842515,51.7502714174166,32,0,0,0,46,27,12,15,100,30
SHORTEST_PULSE,327006,16.28520275273991,0.5026101701303199,35.83196694921977,32,0,0,0,46,27,12,15,100,30
METROLOGY_CONDITIONED_EIG,327006,12.804867681784067,0.352637756477915,35.82692710943778,32,0,0,0,46,27,12,15,100,30
NO_PASSIVE,327007,177.9266411543392,2.3726679170416407,445.27923823147125,0,0,0,0,59,27,12,15,100,30
RANDOM,327007,31.773858493668556,0.9379172935448633,37.12919548973411,44,0,0,0,59,27,12,15,100,30
HIGHEST_SNR,327007,94.36987626397317,1.1550740761494023,82.9263133642318,44,0,0,0,59,27,12,15,100,30
SHORTEST_PULSE,327007,27.843503928671115,0.9628102134128669,32.85259036322431,44,0,0,0,59,27,12,15,100,30
METROLOGY_CONDITIONED_EIG,327007,24.92080316794694,0.44465286535583076,32.123052563534486,44,0,0,0,59,27,12,15,100,30
NO_PASSIVE,327008,203.45287973104257,2.291566674612165,445.27923823147125,0,0,0,0,5,27,12,15,100,30
RANDOM,327008,48.51507598146476,2.586172335662418,96.93342995936372,5,0,0,0,5,27,12,15,100,30
HIGHEST_SNR,327008,48.51507598146476,2.586172335662418,96.93342995936372,5,0,0,0,5,27,12,15,100,30
SHORTEST_PULSE,327008,48.51507598146476,2.586172335662418,96.93342995936372,5,0,0,0,5,27,12,15,100,30
METROLOGY_CONDITIONED_EIG,327008,48.51507598146476,2.586172335662418,96.93342995936372,5,0,0,0,5,27,12,15,100,30
NO_PASSIVE,327009,344.8822745837507,1.080159329086856,445.27923823147125,0,0,0,0,40,27,12,15,100,30
RANDOM,327009,33.91819206324365,0.6451282894841587,24.389336758453613,33,1,0,0,40,27,12,15,100,30
HIGHEST_SNR,327009,33.430884107476025,0.710841255711981,24.278909025162456,33,1,0,0,40,27,12,15,100,30
SHORTEST_PULSE,327009,33.430884107476025,0.710841255711981,24.278909025162456,33,1,0,0,40,27,12,15,100,30
METROLOGY_CONDITIONED_EIG,327009,33.29373459816273,0.6968466245105507,24.351302247930324,33,1,0,0,40,27,12,15,100,30
NO_PASSIVE,327010,377.76379047352,2.497763641289715,445.27923823147125,0,0,0,0,24,27,12,15,100,30
RANDOM,327010,44.45294342668556,1.1904955828625792,32.91354232339516,23,0,0,0,24,27,12,15,100,30
HIGHEST_SNR,327010,48.19584146470223,1.123389194880011,32.896920389888365,23,0,0,0,24,27,12,15,100,30
SHORTEST_PULSE,327010,44.45294342668556,1.1904955828625792,32.91354232339516,23,0,0,0,24,27,12,15,100,30
METROLOGY_CONDITIONED_EIG,327010,44.45294342668556,1.1904955828625792,32.91354232339516,23,0,0,0,24,27,12,15,100,30
NO_PASSIVE,327011,321.89185366942723,1.6670908539238112,445.27923823147125,0,0,0,0,46,27,12,15,100,30
RANDOM,327011,17.177710759275257,0.8288428340238848,22.739819663194652,46,0,0,0,46,27,12,15,100,30
HIGHEST_SNR,327011,17.177710759275257,0.8288428340238848,22.739819663194652,46,0,0,0,46,27,12,15,100,30
SHORTEST_PULSE,327011,17.177710759275257,0.8288428340238848,22.739819663194652,46,0,0,0,46,27,12,15,100,30
METROLOGY_CONDITIONED_EIG,327011,17.177710759275257,0.8288428340238848,22.739819663194652,46,0,0,0,46,27,12,15,100,30
NO_PASSIVE,327012,421.9436045552549,0.4187729507760228,445.27923823147125,0,0,0,0,54,27,12,15,100,30
RANDOM,327012,53.55564686650796,1.134692847927683,34.681366315543336,38,0,0,0,54,27,12,15,100,30
HIGHEST_SNR,327012,49.2533125772096,0.8350945553987801,32.09719867677987,37,1,0,0,54,27,12,15,100,30
SHORTEST_PULSE,327012,80.87265165524701,2.327664958199792,37.6693969576812,38,0,0,0,54,27,12,15,100,30
METROLOGY_CONDITIONED_EIG,327012,50.43423089105424,0.8249008450719965,33.489377430291945,37,1,0,0,54,27,12,15,100,30
NO_PASSIVE,327013,297.8036074771574,1.4230870150482728,445.27923823147125,0,0,0,0,18,27,12,15,100,30
RANDOM,327013,49.940851413611746,1.085590339355512,65.41696657234138,16,0,0,0,18,27,12,15,100,30
HIGHEST_SNR,327013,81.86310767015607,0.5471356313140783,70.47931137537012,16,0,0,0,18,27,12,15,100,30
SHORTEST_PULSE,327013,52.414507556225516,1.3032140426028123,65.31375278001646,16,0,0,0,18,27,12,15,100,30
METROLOGY_CONDITIONED_EIG,327013,52.414507556225516,1.3032140426028123,65.31375278001646,16,0,0,0,18,27,12,15,100,30
NO_PASSIVE,327014,602.5550183683498,1.9764463818764975,445.27923823147125,0,0,0,0,1,27,12,15,100,30
RANDOM,327014,564.034151855448,2.099055947183512,322.66492421227196,1,0,0,0,1,27,12,15,100,30
HIGHEST_SNR,327014,564.034151855448,2.099055947183512,322.66492421227196,1,0,0,0,1,27,12,15,100,30
SHORTEST_PULSE,327014,564.034151855448,2.099055947183512,322.66492421227196,1,0,0,0,1,27,12,15,100,30
METROLOGY_CONDITIONED_EIG,327014,564.034151855448,2.099055947183512,322.66492421227196,1,0,0,0,1,27,12,15,100,30
NO_PASSIVE,327015,396.1776446604878,1.4064700969911406,445.27923823147125,0,0,0,0,63,27,12,15,100,30
RANDOM,327015,36.898931451461706,1.2780666906637919,39.12401991142939,46,1,0,0,63,27,12,15,100,30
HIGHEST_SNR,327015,43.27559032803221,2.1934966162138685,41.997223413533455,46,1,0,0,63,27,12,15,100,30
SHORTEST_PULSE,327015,35.433167338636025,1.3545071038677488,42.99426018562424,46,1,0,0,63,27,12,15,100,30
METROLOGY_CONDITIONED_EIG,327015,32.55539202576243,1.0073159445988868,37.09730320946258,46,1,0,0,63,27,12,15,100,30
NO_PASSIVE,327016,970.3079573340611,0.9090686620191332,445.27923823147125,0,0,0,0,58,27,12,15,100,30
RANDOM,327016,33.28371189287459,1.2385256907963558,28.694528914258054,43,8,0,0,58,27,12,15,100,30
HIGHEST_SNR,327016,30.839472215336638,1.2931453851946706,28.71931875654104,44,7,0,0,58,27,12,15,100,30
SHORTEST_PULSE,327016,39.93357055465969,1.3214952570726122,27.198213231945974,43,8,0,0,58,27,12,15,100,30
METROLOGY_CONDITIONED_EIG,327016,37.0603757619289,1.5871145749919717,27.160084255430437,43,8,0,0,58,27,12,15,100,30
NO_PASSIVE,327017,567.340904015043,0.903249635262061,445.27923823147125,0,0,0,0,24,27,12,15,100,30
RANDOM,327017,31.512516855360023,0.7651920604221429,47.052772678108965,22,0,0,0,24,27,12,15,100,30
HIGHEST_SNR,327017,170.93631821583625,0.9883075278459229,280.28559086195025,22,0,0,0,24,27,12,15,100,30
SHORTEST_PULSE,327017,170.93631821583625,0.9883075278459229,280.28559086195025,22,0,0,0,24,27,12,15,100,30
METROLOGY_CONDITIONED_EIG,327017,30.293288401400652,0.6071058511062722,38.06954538287065,22,0,0,0,24,27,12,15,100,30
NO_PASSIVE,327018,386.259980855918,2.7414032494543683,445.27923823147125,0,0,0,0,14,27,12,15,100,30
RANDOM,327018,3.5181835789361022,0.5236655426284048,64.87156325131728,13,1,0,0,14,27,12,15,100,30
HIGHEST_SNR,327018,3.5181835789361022,0.5236655426284048,64.87156325131728,13,1,0,0,14,27,12,15,100,30
SHORTEST_PULSE,327018,3.5181835789361022,0.5236655426284048,64.87156325131728,13,1,0,0,14,27,12,15,100,30
METROLOGY_CONDITIONED_EIG,327018,3.5181835789361022,0.5236655426284048,64.87156325131728,13,1,0,0,14,27,12,15,100,30
NO_PASSIVE,327019,588.1949041028697,1.9996460656160029,445.27923823147125,0,0,0,0,37,27,12,15,100,30
RANDOM,327019,16.901532007518128,0.5210407636914961,33.64306844543441,29,0,0,0,37,27,12,15,100,30
HIGHEST_SNR,327019,13.344402519351904,0.41146893533877865,35.24593791973371,29,0,0,0,37,27,12,15,100,30
SHORTEST_PULSE,327019,21.312376615657772,0.6721855741675793,34.20777456712557,29,0,0,0,37,27,12,15,100,30
METROLOGY_CONDITIONED_EIG,327019,20.722632602013284,0.636671394798891,32.93593932011199,29,0,0,0,37,27,12,15,100,30
NO_PASSIVE,327020,275.97007913723854,1.1689202355360024,445.27923823147125,0,0,0,0,30,27,12,15,100,30
RANDOM,327020,5.586463232046757,0.49995090360054123,43.72090881951404,26,0,0,0,30,27,12,15,100,30
HIGHEST_SNR,327020,7.619460763263521,0.605206900569821,45.54419247202286,26,0,0,0,30,27,12,15,100,30
SHORTEST_PULSE,327020,9.303055508198847,0.7138586600791161,45.01347023640164,26,0,0,0,30,27,12,15,100,30
METROLOGY_CONDITIONED_EIG,327020,4.146562165807094,0.3907205693801806,42.95321240853338,26,0,0,0,30,27,12,15,100,30
NO_PASSIVE,327021,463.84363190041887,0.394753884106798,445.27923823147125,0,0,0,0,112,27,12,15,100,30
RANDOM,327021,6.531493840770238,0.17429768738578721,29.051050741223982,57,0,0,0,112,27,12,15,100,30
HIGHEST_SNR,327021,11.45456987013174,0.51230336151346,30.615006131324705,57,0,0,0,112,27,12,15,100,30
SHORTEST_PULSE,327021,4.627986767078493,0.3045409092623927,27.00325481761633,57,0,0,0,112,27,12,15,100,30
METROLOGY_CONDITIONED_EIG,327021,5.475850810065346,0.3403649365559788,25.638032390132505,57,0,0,0,112,27,12,15,100,30
NO_PASSIVE,327022,712.1549549527335,0.9890740209833955,445.27923823147125,0,0,0,0,36,27,12,15,100,30
RANDOM,327022,43.19221027139881,1.1045170518251506,31.820623020590254,33,0,0,0,36,27,12,15,100,30
HIGHEST_SNR,327022,22.37691764588002,0.8260931403977552,29.386300167899552,33,0,0,0,36,27,12,15,100,30
SHORTEST_PULSE,327022,19.838995148103148,0.6058156488272872,29.290075348991646,33,0,0,0,36,27,12,15,100,30
METROLOGY_CONDITIONED_EIG,327022,22.37691764588002,0.8260931403977552,29.386300167899552,33,0,0,0,36,27,12,15,100,30
NO_PASSIVE,327023,567.3464455829331,1.506654061306482,445.27923823147125,0,0,0,0,23,27,12,15,100,30
RANDOM,327023,22.372808870602356,0.7864109341725792,56.27856814091619,20,0,0,0,23,27,12,15,100,30
HIGHEST_SNR,327023,36.36887174081757,0.5527328502368166,57.6917481926349,20,0,0,0,23,27,12,15,100,30
SHORTEST_PULSE,327023,57.91059471843952,1.0006734154270152,55.63022259395623,20,0,0,0,23,27,12,15,100,30
METROLOGY_CONDITIONED_EIG,327023,37.11137927252591,0.9009854000297775,54.08052702182661,20,0,0,0,23,27,12,15,100,30
NO_PASSIVE,327024,347.2897100142296,2.000441788269768,445.27923823147125,0,0,0,0,23,27,12,15,100,30
RANDOM,327024,17.50114210121073,0.22322267152829153,73.48364591042927,18,0,0,0,23,27,12,15,100,30
HIGHEST_SNR,327024,37.16842600372376,0.6580816758413038,80.0014848401591,18,0,0,0,23,27,12,15,100,30
SHORTEST_PULSE,327024,23.308826171784645,0.19814684319733133,74.59710944635636,18,0,0,0,23,27,12,15,100,30
METROLOGY_CONDITIONED_EIG,327024,22.8862704217494,0.5350039698415446,73.2553773566011,18,0,0,0,23,27,12,15,100,30
NO_PASSIVE,327025,637.4494354723173,1.1515328893742465,445.27923823147125,0,0,0,0,14,27,12,15,100,30
RANDOM,327025,35.15888006225977,0.6001725418965287,71.22629721474239,13,0,0,0,14,27,12,15,100,30
HIGHEST_SNR,327025,34.43158317944612,0.6045136914720507,72.72220386983925,13,0,0,0,14,27,12,15,100,30
SHORTEST_PULSE,327025,34.43158317944612,0.6045136914720507,72.72220386983925,13,0,0,0,14,27,12,15,100,30
METROLOGY_CONDITIONED_EIG,327025,34.43158317944612,0.6045136914720507,72.72220386983925,13,0,0,0,14,27,12,15,100,30
NO_PASSIVE,327026,467.8632792189434,2.942973215296898,445.27923823147125,0,0,0,0,27,27,12,15,100,30
RANDOM,327026,139.8267996194751,2.1702114361420928,80.87573790634215,26,0,0,0,27,27,12,15,100,30
HIGHEST_SNR,327026,136.85986097948413,2.145271531328848,81.27402096386385,26,0,0,0,27,27,12,15,100,30
SHORTEST_PULSE,327026,136.85986097948413,2.145271531328848,81.27402096386385,26,0,0,0,27,27,12,15,100,30
METROLOGY_CONDITIONED_EIG,327026,139.8267996194751,2.1702114361420928,80.87573790634215,26,0,0,0,27,27,12,15,100,30
NO_PASSIVE,327027,448.24424894759323,1.3045859774740773,445.27923823147125,0,0,0,0,36,27,12,15,100,30
RANDOM,327027,16.789564979978586,0.6965922141995051,61.23985053177253,28,0,0,0,36,27,12,15,100,30
HIGHEST_SNR,327027,45.86579558609063,0.5241228914001529,66.2109130533031,28,0,0,0,36,27,12,15,100,30
SHORTEST_PULSE,327027,97.36110954773936,1.52753963233844,54.540258759024674,28,0,0,0,36,27,12,15,100,30
METROLOGY_CONDITIONED_EIG,327027,94.38237464172184,0.9970974002257214,54.520197070853165,28,0,0,0,36,27,12,15,100,30
NO_PASSIVE,327028,211.11009832112572,1.552279962231711,445.27923823147125,0,0,0,0,114,27,12,15,100,30
RANDOM,327028,17.253757351752764,1.0500787627124124,30.224021620697815,58,0,0,0,114,27,12,15,100,30
HIGHEST_SNR,327028,43.36234147066336,0.5943970260284235,52.71246933271196,58,0,0,0,114,27,12,15,100,30
SHORTEST_PULSE,327028,14.649776603704492,0.5197653547718204,23.92329989841639,58,0,0,0,114,27,12,15,100,30
METROLOGY_CONDITIONED_EIG,327028,14.649776603704492,0.5197653547718204,23.92329989841639,58,0,0,0,114,27,12,15,100,30
NO_PASSIVE,327029,454.96307913269743,2.1192639103483213,445.27923823147125,0,0,0,0,23,27,12,15,100,30
RANDOM,327029,89.68028551213224,1.6122777787505524,58.37684156492996,22,0,0,0,23,27,12,15,100,30
HIGHEST_SNR,327029,89.68028551213224,1.6122777787505524,58.37684156492996,22,0,0,0,23,27,12,15,100,30
SHORTEST_PULSE,327029,89.68028551213224,1.6122777787505524,58.37684156492996,22,0,0,0,23,27,12,15,100,30
METROLOGY_CONDITIONED_EIG,327029,89.68028551213224,1.6122777787505524,58.37684156492996,22,0,0,0,23,27,12,15,100,30
NO_PASSIVE,328000,207.3319304997504,1.1947792299117403,445.27923823147125,0,0,0,0,56,28,12,15,100,100
RANDOM,328000,15.870348207247385,0.9978920061312354,46.32456184678565,40,0,0,0,56,28,12,15,100,100
HIGHEST_SNR,328000,46.638376286683354,1.0906640646972716,73.1988702188044,40,0,0,0,56,28,12,15,100,100
SHORTEST_PULSE,328000,16.557298906211816,1.4691825484729137,42.54202882529204,40,0,0,0,56,28,12,15,100,100
METROLOGY_CONDITIONED_EIG,328000,16.037925373621924,1.3247564265067528,42.57576669782904,40,0,0,0,56,28,12,15,100,100
NO_PASSIVE,328001,279.41326468948864,2.1359179585041734,445.27923823147125,0,0,0,0,41,28,12,15,100,100
RANDOM,328001,28.07607416188714,0.5949529189070556,40.95309142332847,34,2,0,0,41,28,12,15,100,100
HIGHEST_SNR,328001,47.341792491032955,0.9538023541031175,42.02070962828154,33,3,0,0,41,28,12,15,100,100
SHORTEST_PULSE,328001,45.867338261422205,1.1242808808861107,41.74514564009864,33,3,0,0,41,28,12,15,100,100
METROLOGY_CONDITIONED_EIG,328001,48.88797069637849,0.9884135225940998,41.93253988712075,33,3,0,0,41,28,12,15,100,100
NO_PASSIVE,328002,443.4073026984708,3.312151041038823,445.27923823147125,0,0,0,0,6,28,12,15,100,100
RANDOM,328002,68.65331411302613,2.190399561598961,113.14686640452155,6,0,0,0,6,28,12,15,100,100
HIGHEST_SNR,328002,68.65331411302613,2.190399561598961,113.14686640452155,6,0,0,0,6,28,12,15,100,100
SHORTEST_PULSE,328002,68.65331411302613,2.190399561598961,113.14686640452155,6,0,0,0,6,28,12,15,100,100
METROLOGY_CONDITIONED_EIG,328002,68.65331411302613,2.190399561598961,113.14686640452155,6,0,0,0,6,28,12,15,100,100
NO_PASSIVE,328003,361.5334363921118,1.1432137394437754,445.27923823147125,0,0,0,0,38,28,12,15,100,100
RANDOM,328003,127.63769301035683,2.326387618273301,56.91074480641558,36,0,0,0,38,28,12,15,100,100
HIGHEST_SNR,328003,124.02314766045374,1.2372500089533092,56.83761996332897,35,1,0,0,38,28,12,15,100,100
SHORTEST_PULSE,328003,125.33715468225132,1.345910769977395,56.865569997566816,35,1,0,0,38,28,12,15,100,100
METROLOGY_CONDITIONED_EIG,328003,126.55716264586181,2.2534523430807587,56.8829058941838,36,0,0,0,38,28,12,15,100,100
NO_PASSIVE,328004,334.4972404204865,0.09405903842035414,445.27923823147125,0,0,0,0,30,28,12,15,100,100
RANDOM,328004,155.82905761044407,0.07480381056196948,263.973463036834,28,0,0,0,30,28,12,15,100,100
HIGHEST_SNR,328004,155.82905761044407,0.07480381056196948,263.973463036834,28,0,0,0,30,28,12,15,100,100
SHORTEST_PULSE,328004,54.492751098746524,0.10960800609510002,109.84321156557212,28,0,0,0,30,28,12,15,100,100
METROLOGY_CONDITIONED_EIG,328004,54.492751098746524,0.10960800609510002,109.84321156557212,28,0,0,0,30,28,12,15,100,100
NO_PASSIVE,328005,364.09388145741036,0.48891809902149913,445.27923823147125,0,0,0,0,17,28,12,15,100,100
RANDOM,328005,81.60786935716811,1.4206353436243064,76.66909069638157,14,0,0,0,17,28,12,15,100,100
HIGHEST_SNR,328005,54.618636424504594,1.2292165786944453,76.07849003526354,14,0,0,0,17,28,12,15,100,100
SHORTEST_PULSE,328005,56.31704968115961,1.1826375938565905,78.00556888733584,14,0,0,0,17,28,12,15,100,100
METROLOGY_CONDITIONED_EIG,328005,407.7523494597627,1.0858337118181773,153.66824362153557,13,1,0,0,17,28,12,15,100,100
NO_PASSIVE,328006,694.1092267866273,1.8734420063214492,445.27923823147125,0,0,0,0,49,28,12,15,100,100
RANDOM,328006,17.113002943999827,0.7776913373766682,45.15916765784051,34,0,0,0,49,28,12,15,100,100
HIGHEST_SNR,328006,28.494583766493257,1.7445481296951475,44.19294987154935,32,2,0,0,49,28,12,15,100,100
SHORTEST_PULSE,328006,27.97891746965268,1.7928989474594694,43.86332916754054,32,2,0,0,49,28,12,15,100,100
METROLOGY_CONDITIONED_EIG,328006,24.253542536156594,1.5673977647345203,43.66060458751197,34,0,0,0,49,28,12,15,100,100
NO_PASSIVE,328007,348.3273598841343,4.794975884130965,445.27923823147125,0,0,0,0,12,28,12,15,100,100
RANDOM,328007,322.8434776544812,4.6271636619048495,109.44383617915477,8,3,0,0,12,28,12,15,100,100
HIGHEST_SNR,328007,67.90506882603555,1.550117383881812,78.78573635049209,10,1,0,0,12,28,12,15,100,100
SHORTEST_PULSE,328007,322.8434776544812,4.6271636619048495,109.44383617915477,8,3,0,0,12,28,12,15,100,100
METROLOGY_CONDITIONED_EIG,328007,322.8434776544812,4.6271636619048495,109.44383617915477,8,3,0,0,12,28,12,15,100,100
NO_PASSIVE,328008,262.04295618660126,1.5985682745104546,445.27923823147125,0,0,0,0,67,28,12,15,100,100
RANDOM,328008,73.91567073620124,1.8873573716129397,56.231609892807214,32,0,0,0,67,28,12,15,100,100
HIGHEST_SNR,328008,41.34614802582053,0.9793028105288979,64.11225820785208,32,0,0,0,67,28,12,15,100,100
SHORTEST_PULSE,328008,21.462197369029592,1.3118762858866941,58.63969317792856,32,0,0,0,67,28,12,15,100,100
METROLOGY_CONDITIONED_EIG,328008,56.063180670292276,1.4595187118911495,54.59921147536131,32,0,0,0,67,28,12,15,100,100
NO_PASSIVE,328009,605.8508405873748,1.1121541534970378,445.27923823147125,0,0,0,0,21,28,12,15,100,100
RANDOM,328009,38.11837588248994,0.3747248187130819,62.340444233725485,16,0,0,0,21,28,12,15,100,100
HIGHEST_SNR,328009,36.429654467112094,0.3138688628498062,60.698627780557516,16,0,0,0,21,28,12,15,100,100
SHORTEST_PULSE,328009,50.982399338594604,0.023272979086407405,51.17950773350167,16,0,0,0,21,28,12,15,100,100
METROLOGY_CONDITIONED_EIG,328009,39.82065466756415,0.38617105229842474,50.98419845038069,16,0,0,0,21,28,12,15,100,100
NO_PASSIVE,328010,245.52953102261017,1.0719606411536216,445.27923823147125,0,0,0,0,83,28,12,15,100,100
RANDOM,328010,15.462234783706068,1.1201375065982624,34.937173663422904,53,0,0,0,83,28,12,15,100,100
HIGHEST_SNR,328010,12.949495953593763,0.5235901347152027,41.41968602356469,53,0,0,0,83,28,12,15,100,100
SHORTEST_PULSE,328010,13.017273089330319,0.29526620020627875,32.390123818846476,53,0,0,0,83,28,12,15,100,100
METROLOGY_CONDITIONED_EIG,328010,14.884453579185848,0.18745927793594447,31.750547295042615,53,0,0,0,83,28,12,15,100,100
NO_PASSIVE,328011,522.5832756284119,0.9503880833282776,445.27923823147125,0,0,0,0,22,28,12,15,100,100
RANDOM,328011,37.00027976914059,0.3082849757772548,132.4390665123539,22,0,0,0,22,28,12,15,100,100
HIGHEST_SNR,328011,37.00027976914059,0.3082849757772548,132.4390665123539,22,0,0,0,22,28,12,15,100,100
SHORTEST_PULSE,328011,37.00027976914059,0.3082849757772548,132.4390665123539,22,0,0,0,22,28,12,15,100,100
METROLOGY_CONDITIONED_EIG,328011,37.00027976914059,0.3082849757772548,132.4390665123539,22,0,0,0,22,28,12,15,100,100
NO_PASSIVE,328012,442.7756180231303,1.6060617671694934,445.27923823147125,0,0,0,0,73,28,12,15,100,100
RANDOM,328012,17.95891818360236,0.225341888311365,46.850743933946426,42,0,0,0,73,28,12,15,100,100
HIGHEST_SNR,328012,27.575970690374074,0.1787503820365927,49.433495353175864,42,0,0,0,73,28,12,15,100,100
SHORTEST_PULSE,328012,2.746884917840368,0.7218982371423543,49.609457307966736,42,0,0,0,73,28,12,15,100,100
METROLOGY_CONDITIONED_EIG,328012,38.85378800698388,0.3773148270429079,46.93151280805363,42,0,0,0,73,28,12,15,100,100
NO_PASSIVE,328013,317.6147140355243,1.682589559531974,445.27923823147125,0,0,0,0,93,28,12,15,100,100
RANDOM,328013,85.32575180799829,1.0445667830025296,49.928475588417065,45,2,0,0,93,28,12,15,100,100
HIGHEST_SNR,328013,160.52186135313252,0.5685040846741587,77.07591663176746,46,1,0,0,93,28,12,15,100,100
SHORTEST_PULSE,328013,49.569790194748,0.807097584217575,40.09918349233666,45,2,0,0,93,28,12,15,100,100
METROLOGY_CONDITIONED_EIG,328013,21.91324561145777,0.040489320681984554,36.79267321245012,46,1,0,0,93,28,12,15,100,100
NO_PASSIVE,328014,611.160053105828,3.1498551998303665,445.27923823147125,0,0,0,0,33,28,12,15,100,100
RANDOM,328014,47.327687121085255,0.32127099840113255,75.49341815604583,28,0,0,0,33,28,12,15,100,100
HIGHEST_SNR,328014,10.232143132258926,0.2702214008427345,93.64749848199885,28,0,0,0,33,28,12,15,100,100
SHORTEST_PULSE,328014,51.287001690257995,0.1570209267636352,76.20973001794853,28,0,0,0,33,28,12,15,100,100
METROLOGY_CONDITIONED_EIG,328014,44.20756956060115,0.21716557107137455,75.83188931084021,28,0,0,0,33,28,12,15,100,100
NO_PASSIVE,328015,409.5289923217769,1.8236636550368355,445.27923823147125,0,0,0,0,76,28,12,15,100,100
RANDOM,328015,43.551063496530666,0.8421499588687473,52.87356165992074,46,0,0,0,76,28,12,15,100,100
HIGHEST_SNR,328015,10.08883580089551,0.6730872824726458,65.64338167105046,46,0,0,0,76,28,12,15,100,100
SHORTEST_PULSE,328015,40.27950042712924,0.48821947825783557,46.99071126886194,46,0,0,0,76,28,12,15,100,100
METROLOGY_CONDITIONED_EIG,328015,34.731368541851765,0.14964458532795555,45.02252125707028,45,1,0,0,76,28,12,15,100,100
NO_PASSIVE,328016,318.5491103963386,2.0793444879757406,445.27923823147125,0,0,0,0,45,28,12,15,100,100
RANDOM,328016,70.9705338381608,1.5309634374838874,46.119625683469465,38,1,0,0,45,28,12,15,100,100
HIGHEST_SNR,328016,52.060915268596716,1.437724852121623,44.70048933237722,38,1,0,0,45,28,12,15,100,100
SHORTEST_PULSE,328016,34.261489617789174,1.16022925790191,43.331157408867774,38,1,0,0,45,28,12,15,100,100
METROLOGY_CONDITIONED_EIG,328016,48.71715900654,1.2170290481886827,43.6437279451951,38,1,0,0,45,28,12,15,100,100
NO_PASSIVE,328017,448.2153898990869,1.086788982671401,445.27923823147125,0,0,0,0,43,28,12,15,100,100
RANDOM,328017,47.56080760504235,1.714693246303868,43.47352191703317,25,0,0,0,43,28,12,15,100,100
HIGHEST_SNR,328017,47.254142335879905,1.6631214144892414,60.55104717334457,25,0,0,0,43,28,12,15,100,100
SHORTEST_PULSE,328017,30.27289570034224,0.9183584574949945,37.1121788650123,25,0,0,0,43,28,12,15,100,100
METROLOGY_CONDITIONED_EIG,328017,20.51314534661197,0.7738550509258503,36.47816907353543,25,0,0,0,43,28,12,15,100,100
NO_PASSIVE,328018,296.11325573888155,0.5702750018465815,445.27923823147125,0,0,0,0,5,28,12,15,100,100
RANDOM,328018,37.85701814775629,1.0935413602151842,129.5820632132584,5,0,0,0,5,28,12,15,100,100
HIGHEST_SNR,328018,37.85701814775629,1.0935413602151842,129.5820632132584,5,0,0,0,5,28,12,15,100,100
SHORTEST_PULSE,328018,37.85701814775629,1.0935413602151842,129.5820632132584,5,0,0,0,5,28,12,15,100,100
METROLOGY_CONDITIONED_EIG,328018,37.85701814775629,1.0935413602151842,129.5820632132584,5,0,0,0,5,28,12,15,100,100
NO_PASSIVE,328019,325.51608579488226,2.727661045936506,445.27923823147125,0,0,0,0,73,28,12,15,100,100
RANDOM,328019,15.502282504990195,0.8051393649652542,33.572298478724804,46,0,0,0,73,28,12,15,100,100
HIGHEST_SNR,328019,44.09190485927626,1.213007820745765,42.19592950837512,46,0,0,0,73,28,12,15,100,100
SHORTEST_PULSE,328019,42.76748741943718,1.0690104322461882,31.15505079483206,46,0,0,0,73,28,12,15,100,100
METROLOGY_CONDITIONED_EIG,328019,37.25668194633657,0.8980904867130528,32.1093210847327,46,0,0,0,73,28,12,15,100,100
NO_PASSIVE,328020,404.91366305833816,1.9830634410807333,445.27923823147125,0,0,0,0,100,28,12,15,100,100
RANDOM,328020,36.07866426048856,0.4910891177246742,43.04053461716543,60,0,0,0,100,28,12,15,100,100
HIGHEST_SNR,328020,100.11957836459179,2.0135628015267995,83.92755095509706,60,0,0,0,100,28,12,15,100,100
SHORTEST_PULSE,328020,51.87513246850177,1.4964278683725587,34.36034492498611,59,1,0,0,100,28,12,15,100,100
METROLOGY_CONDITIONED_EIG,328020,37.67917275993693,0.9859724197922608,34.64754462100105,59,1,0,0,100,28,12,15,100,100
NO_PASSIVE,328021,511.5596086537623,3.5134772283656774,445.27923823147125,0,0,0,0,39,28,12,15,100,100
RANDOM,328021,39.53920003155375,0.5668018204814071,65.29383942469295,37,0,0,0,39,28,12,15,100,100
HIGHEST_SNR,328021,17.95108977583354,0.2575551484777988,67.04050969295054,37,0,0,0,39,28,12,15,100,100
SHORTEST_PULSE,328021,39.53920003155375,0.5668018204814071,65.29383942469295,37,0,0,0,39,28,12,15,100,100
METROLOGY_CONDITIONED_EIG,328021,39.53920003155375,0.5668018204814071,65.29383942469295,37,0,0,0,39,28,12,15,100,100
NO_PASSIVE,328022,732.1653343112106,2.1906953883629687,445.27923823147125,0,0,0,0,1,28,12,15,100,100
RANDOM,328022,744.0367582933318,2.2309181477718547,330.0073877389905,1,0,0,0,1,28,12,15,100,100
HIGHEST_SNR,328022,744.0367582933318,2.2309181477718547,330.0073877389905,1,0,0,0,1,28,12,15,100,100
SHORTEST_PULSE,328022,744.0367582933318,2.2309181477718547,330.0073877389905,1,0,0,0,1,28,12,15,100,100
METROLOGY_CONDITIONED_EIG,328022,744.0367582933318,2.2309181477718547,330.0073877389905,1,0,0,0,1,28,12,15,100,100
NO_PASSIVE,328023,481.83448190159385,2.998904721501716,445.27923823147125,0,0,0,0,9,28,12,15,100,100
RANDOM,328023,29.480211470441265,2.6484891998984934,302.1593894707621,9,0,0,0,9,28,12,15,100,100
HIGHEST_SNR,328023,29.480211470441265,2.6484891998984934,302.1593894707621,9,0,0,0,9,28,12,15,100,100
SHORTEST_PULSE,328023,29.480211470441265,2.6484891998984934,302.1593894707621,9,0,0,0,9,28,12,15,100,100
METROLOGY_CONDITIONED_EIG,328023,29.480211470441265,2.6484891998984934,302.1593894707621,9,0,0,0,9,28,12,15,100,100
NO_PASSIVE,328024,79.68259001275857,0.8999527853393513,445.27923823147125,0,0,0,0,7,28,12,15,100,100
RANDOM,328024,150.65477642966275,0.5078699161894517,104.98695300047216,7,0,0,0,7,28,12,15,100,100
HIGHEST_SNR,328024,150.65477642966275,0.5078699161894517,104.98695300047216,7,0,0,0,7,28,12,15,100,100
SHORTEST_PULSE,328024,150.65477642966275,0.5078699161894517,104.98695300047216,7,0,0,0,7,28,12,15,100,100
METROLOGY_CONDITIONED_EIG,328024,150.65477642966275,0.5078699161894517,104.98695300047216,7,0,0,0,7,28,12,15,100,100
NO_PASSIVE,328025,426.220902068024,2.5086804592197676,445.27923823147125,0,0,0,0,97,28,12,15,100,100
RANDOM,328025,41.666689287209906,1.0166298775294402,46.38725448253924,49,2,0,0,97,28,12,15,100,100
HIGHEST_SNR,328025,68.46359738697399,1.7719787182588016,44.19693126612522,45,6,0,0,97,28,12,15,100,100
SHORTEST_PULSE,328025,59.114105898317064,1.1911812677519782,38.64769828598033,45,6,0,0,97,28,12,15,100,100
METROLOGY_CONDITIONED_EIG,328025,37.78618895054795,1.261707918001039,32.020105583838905,51,0,0,0,97,28,12,15,100,100
NO_PASSIVE,328026,175.32748236481015,2.3120861452565933,445.27923823147125,0,0,0,0,53,28,12,15,100,100
RANDOM,328026,17.86496366728443,0.15346113547775136,54.45457639031723,32,0,0,0,53,28,12,15,100,100
HIGHEST_SNR,328026,65.07465535056224,1.854372923701367,61.68209365338369,32,0,0,0,53,28,12,15,100,100
SHORTEST_PULSE,328026,67.10806977754427,2.0006573853457654,64.44778397429853,32,0,0,0,53,28,12,15,100,100
METROLOGY_CONDITIONED_EIG,328026,32.993329363935565,0.5463214754185108,41.71930073570688,31,1,0,0,53,28,12,15,100,100
NO_PASSIVE,328027,370.36142557532276,1.41392924775312,445.27923823147125,0,0,0,0,33,28,12,15,100,100
RANDOM,328027,62.932771125099606,1.8142797080163222,65.09827004727883,20,0,0,0,33,28,12,15,100,100
HIGHEST_SNR,328027,85.6721030567915,1.3430422400530215,77.006931872749,20,0,0,0,33,28,12,15,100,100
SHORTEST_PULSE,328027,80.33680556598748,1.338288881499015,76.48296852791336,20,0,0,0,33,28,12,15,100,100
METROLOGY_CONDITIONED_EIG,328027,42.73253229868844,1.7176181927644396,64.47398179973501,20,0,0,0,33,28,12,15,100,100
NO_PASSIVE,328028,275.0212431968284,3.24940591109147,445.27923823147125,0,0,0,0,44,28,12,15,100,100
RANDOM,328028,32.99681205206081,1.6473867376511595,65.66041476225938,38,0,0,0,44,28,12,15,100,100
HIGHEST_SNR,328028,52.90294443813015,1.897932796148489,72.77948061142055,38,0,0,0,44,28,12,15,100,100
SHORTEST_PULSE,328028,38.07339605433691,1.6341582570548963,64.6282660317358,38,0,0,0,44,28,12,15,100,100
METROLOGY_CONDITIONED_EIG,328028,32.41979652522916,1.6837553211188914,65.36515397024475,38,0,0,0,44,28,12,15,100,100
NO_PASSIVE,328029,650.0830669587234,1.1197931158770746,445.27923823147125,0,0,0,0,33,28,12,15,100,100
RANDOM,328029,141.67360722910516,0.7883401979139092,76.753907151887,27,0,0,0,33,28,12,15,100,100
HIGHEST_SNR,328029,53.90694736264994,0.13417287393791585,107.39986327546436,27,0,0,0,33,28,12,15,100,100
SHORTEST_PULSE,328029,27.677582174127537,0.7182440479900628,84.71312503647935,27,0,0,0,33,28,12,15,100,100
METROLOGY_CONDITIONED_EIG,328029,131.2569876512809,0.8138648382873759,75.32242895517714,27,0,0,0,33,28,12,15,100,100
NO_PASSIVE,329000,306.13931571367493,0.7764902579119671,445.27923823147125,0,0,0,0,83,29,12,15,1000,30
RANDOM,329000,30.09577511605668,0.3530405924304937,22.991612794618646,48,0,0,0,83,29,12,15,1000,30
HIGHEST_SNR,329000,12.280312462059051,0.18726332492256,26.23512235542668,48,0,0,0,83,29,12,15,1000,30
SHORTEST_PULSE,329000,7.581845948240482,0.4052354054481442,19.400813444996473,47,1,0,0,83,29,12,15,1000,30
METROLOGY_CONDITIONED_EIG,329000,19.54854716576897,0.7456883427931402,19.515397853863636,47,1,0,0,83,29,12,15,1000,30
NO_PASSIVE,329001,261.90130005716634,0.8560690370589186,445.27923823147125,0,0,0,0,146,29,12,15,1000,30
RANDOM,329001,18.981750352529648,0.30568453523669875,17.90146765960247,55,4,0,0,146,29,12,15,1000,30
HIGHEST_SNR,329001,7.414343385189848,0.1750620579954807,17.50038062825242,58,1,0,0,146,29,12,15,1000,30
SHORTEST_PULSE,329001,66.76950784513784,0.867536010277928,26.504319833088104,59,0,0,0,146,29,12,15,1000,30
METROLOGY_CONDITIONED_EIG,329001,14.208870656814385,0.2837041714963304,14.513337074819296,59,0,0,0,146,29,12,15,1000,30
NO_PASSIVE,329002,74.38976951462499,1.3499700944483992,445.27923823147125,0,0,0,0,133,29,12,15,1000,30
RANDOM,329002,37.23687388159237,0.7392555789134937,29.592295783055878,48,0,0,0,133,29,12,15,1000,30
HIGHEST_SNR,329002,23.980541661985942,0.370915646947168,32.24814185090186,48,0,0,0,133,29,12,15,1000,30
SHORTEST_PULSE,329002,15.94517305754919,0.3357554042610912,45.91837676833223,48,0,0,0,133,29,12,15,1000,30
METROLOGY_CONDITIONED_EIG,329002,12.387416930229087,0.41344408626863915,19.687769895642983,48,0,0,0,133,29,12,15,1000,30
NO_PASSIVE,329003,589.716164056398,0.4111458885986395,445.27923823147125,0,0,0,0,152,29,12,15,1000,30
RANDOM,329003,15.692666543630324,0.6464324833560992,15.846171574244075,59,1,0,0,152,29,12,15,1000,30
HIGHEST_SNR,329003,33.42223557964032,0.5358447060644196,24.391766736108607,60,0,0,0,152,29,12,15,1000,30
SHORTEST_PULSE,329003,12.879947307192406,0.5139916705696267,13.801427673445087,59,1,0,0,152,29,12,15,1000,30
METROLOGY_CONDITIONED_EIG,329003,12.309441997027736,0.6171048852980182,13.688687313778743,59,1,0,0,152,29,12,15,1000,30
NO_PASSIVE,329004,613.9822419240315,2.3671745478186383,445.27923823147125,0,0,0,0,111,29,12,15,1000,30
RANDOM,329004,3.9402567899030454,0.31652209216512117,18.273942990021904,58,0,0,0,111,29,12,15,1000,30
HIGHEST_SNR,329004,5.755415054624768,0.6005666830433065,22.359438169448666,58,0,0,0,111,29,12,15,1000,30
SHORTEST_PULSE,329004,4.407714703700509,0.3397660618831114,15.997078250254354,58,0,0,0,111,29,12,15,1000,30
METROLOGY_CONDITIONED_EIG,329004,6.413552119677141,0.2313318666029268,15.898864192012748,58,0,0,0,111,29,12,15,1000,30
NO_PASSIVE,329005,294.38200846566303,2.0256673302424324,445.27923823147125,0,0,0,0,171,29,12,15,1000,30
RANDOM,329005,34.49247857685436,0.8969336445271986,31.51288667330087,58,2,0,0,171,29,12,15,1000,30
HIGHEST_SNR,329005,12.533453192137895,0.34929830489182817,53.83452440474754,57,3,0,0,171,29,12,15,1000,30
SHORTEST_PULSE,329005,8.912081115814212,0.36648328343365183,16.286962079669486,59,1,0,0,171,29,12,15,1000,30
METROLOGY_CONDITIONED_EIG,329005,15.53513830642424,0.41958896013659197,16.390521269348472,60,0,0,0,171,29,12,15,1000,30
NO_PASSIVE,329006,450.78393444218267,0.7545990162802982,445.27923823147125,0,0,0,0,148,29,12,15,1000,30
RANDOM,329006,6.524023856567567,0.15592685060280495,22.212003615465015,59,1,0,0,148,29,12,15,1000,30
HIGHEST_SNR,329006,6.64447492629613,0.343660759062341,24.516826386238048,60,0,0,0,148,29,12,15,1000,30
SHORTEST_PULSE,329006,6.625840850562958,0.1697013952091062,15.297286478912618,60,0,0,0,148,29,12,15,1000,30
METROLOGY_CONDITIONED_EIG,329006,5.555863588349922,0.3412765552164272,13.831796705508115,60,0,0,0,148,29,12,15,1000,30
NO_PASSIVE,329007,431.49698368657886,0.8954106161327143,445.27923823147125,0,0,0,0,93,29,12,15,1000,30
RANDOM,329007,25.153680216163625,0.5451807740746405,19.784065210146334,47,0,0,0,93,29,12,15,1000,30
HIGHEST_SNR,329007,28.999411005585515,0.6412724271508329,27.5733448301148,47,0,0,0,93,29,12,15,1000,30
SHORTEST_PULSE,329007,22.71870148748226,0.5050746630728665,23.91395952398401,47,0,0,0,93,29,12,15,1000,30
METROLOGY_CONDITIONED_EIG,329007,31.26054928190578,0.8449299133856393,17.72929739629223,47,0,0,0,93,29,12,15,1000,30
NO_PASSIVE,329008,1078.9777227570835,1.9975392836660175,445.27923823147125,0,0,0,0,71,29,12,15,1000,30
RANDOM,329008,29.956517908777084,0.9029172297045014,29.62162997140402,60,0,0,0,71,29,12,15,1000,30
HIGHEST_SNR,329008,33.181606727208745,1.4732902605989693,30.660069780963592,60,0,0,0,71,29,12,15,1000,30
SHORTEST_PULSE,329008,33.181606727208745,1.4732902605989693,30.660069780963592,60,0,0,0,71,29,12,15,1000,30
METROLOGY_CONDITIONED_EIG,329008,19.560618299314477,0.49385929484617486,26.81857766212655,59,1,0,0,71,29,12,15,1000,30
NO_PASSIVE,329009,386.43654324202413,1.7133786965950335,445.27923823147125,0,0,0,0,248,29,12,15,1000,30
RANDOM,329009,17.590062690340318,0.4625888453918495,29.919833087532773,55,1,0,0,248,29,12,15,1000,30
HIGHEST_SNR,329009,18.36029867268946,0.23689963388401236,28.689733264145193,55,1,0,0,248,29,12,15,1000,30
SHORTEST_PULSE,329009,11.445305446962134,0.535187979791856,14.51658217649305,56,0,0,0,248,29,12,15,1000,30
METROLOGY_CONDITIONED_EIG,329009,19.169238530100554,0.515051186902758,14.927550166344682,55,1,0,0,248,29,12,15,1000,30
NO_PASSIVE,329010,428.9418011743009,0.8863125333576248,445.27923823147125,0,0,0,0,161,29,12,15,1000,30
RANDOM,329010,8.368058145985966,0.1009852878562344,19.024980853008838,60,0,0,0,161,29,12,15,1000,30
HIGHEST_SNR,329010,54.85318019649696,1.5693063651609136,33.04593627025411,59,1,0,0,161,29,12,15,1000,30
SHORTEST_PULSE,329010,9.780628400478877,0.13009512288009192,15.422721928329993,60,0,0,0,161,29,12,15,1000,30
METROLOGY_CONDITIONED_EIG,329010,7.290807398532353,0.28626937517785545,16.608713305633035,60,0,0,0,161,29,12,15,1000,30
NO_PASSIVE,329011,316.9162216564556,2.6659965890814106,445.27923823147125,0,0,0,0,71,29,12,15,1000,30
RANDOM,329011,12.379474194008127,0.7512703744508561,33.57666034171132,49,0,0,0,71,29,12,15,1000,30
HIGHEST_SNR,329011,7.78867821370249,0.35943744388994364,35.59639361687156,49,0,0,0,71,29,12,15,1000,30
SHORTEST_PULSE,329011,6.025883365053053,0.6528070653991191,37.92950632307662,49,0,0,0,71,29,12,15,1000,30
METROLOGY_CONDITIONED_EIG,329011,15.989377742560055,0.026736387149137307,29.603566755309952,49,0,0,0,71,29,12,15,1000,30
NO_PASSIVE,329012,427.4029298773489,1.3383564452796208,445.27923823147125,0,0,0,0,59,29,12,15,1000,30
RANDOM,329012,24.590367771754025,1.0667742937995184,19.835323090489894,40,0,0,0,59,29,12,15,1000,30
HIGHEST_SNR,329012,26.044269908347783,1.1165753222147516,19.598284502834904,40,0,0,0,59,29,12,15,1000,30
SHORTEST_PULSE,329012,26.56243413964249,1.1097822891763909,19.48011467486147,40,0,0,0,59,29,12,15,1000,30
METROLOGY_CONDITIONED_EIG,329012,24.708215129859973,1.0312959810455606,19.461059057059177,40,0,0,0,59,29,12,15,1000,30
NO_PASSIVE,329013,237.84010452845965,0.8872057183259852,445.27923823147125,0,0,0,0,188,29,12,15,1000,30
RANDOM,329013,12.745854523984745,0.2948380531152051,15.42438023365296,59,1,0,0,188,29,12,15,1000,30
HIGHEST_SNR,329013,3.7722514457239713,0.5570827935910709,26.91724173998631,58,2,0,0,188,29,12,15,1000,30
SHORTEST_PULSE,329013,17.522524301013412,0.3044089439599225,15.438202151410879,59,1,0,0,188,29,12,15,1000,30
METROLOGY_CONDITIONED_EIG,329013,10.489120981508934,0.2884763337367195,13.694022466128393,58,2,0,0,188,29,12,15,1000,30
NO_PASSIVE,329014,393.149105694304,0.9620530528178023,445.27923823147125,0,0,0,0,142,29,12,15,1000,30
RANDOM,329014,9.192992050164149,0.13746932035459858,19.92877490332527,58,1,0,0,142,29,12,15,1000,30
HIGHEST_SNR,329014,17.339887723833066,0.33958254652666087,25.09753084155845,58,1,0,0,142,29,12,15,1000,30
SHORTEST_PULSE,329014,16.546196796913687,0.3240417493782467,21.860121136630713,59,0,0,0,142,29,12,15,1000,30
METROLOGY_CONDITIONED_EIG,329014,19.3842679663337,0.39637998099159305,17.565679806402834,58,1,0,0,142,29,12,15,1000,30
NO_PASSIVE,329015,749.0076771068733,1.8948824054339541,445.27923823147125,0,0,0,0,68,29,12,15,1000,30
RANDOM,329015,6.555542746798837,0.27584266237264143,30.08643804391357,57,0,0,0,68,29,12,15,1000,30
HIGHEST_SNR,329015,17.436130221575066,0.230589386904107,33.61547343500588,56,1,0,0,68,29,12,15,1000,30
SHORTEST_PULSE,329015,17.777281652465785,0.6226499563717817,25.8466218547612,57,0,0,0,68,29,12,15,1000,30
METROLOGY_CONDITIONED_EIG,329015,17.777281652465785,0.6226499563717817,25.8466218547612,57,0,0,0,68,29,12,15,1000,30
NO_PASSIVE,329016,214.82690871718208,1.509529425872098,445.27923823147125,0,0,0,0,74,29,12,15,1000,30
RANDOM,329016,56.68892185899616,1.3933399191751905,49.184258365849395,46,0,0,0,74,29,12,15,1000,30
HIGHEST_SNR,329016,48.23328557343258,1.2747037381869974,53.582913583626926,46,0,0,0,74,29,12,15,1000,30
SHORTEST_PULSE,329016,44.78292109163539,0.9810776705580558,35.76287367487933,46,0,0,0,74,29,12,15,1000,30
METROLOGY_CONDITIONED_EIG,329016,44.50924581372055,0.9992269097546483,35.202614706435504,46,0,0,0,74,29,12,15,1000,30
NO_PASSIVE,329017,208.31016671493072,2.7467520253868347,445.27923823147125,0,0,0,0,158,29,12,15,1000,30
RANDOM,329017,59.53900543857673,1.709502699253957,30.583853990266462,46,2,0,0,158,29,12,15,1000,30
HIGHEST_SNR,329017,13.92368125775458,0.19566881652068227,26.126357429397313,48,0,0,0,158,29,12,15,1000,30
SHORTEST_PULSE,329017,27.001163710919588,1.3562760347113347,17.197003959666485,48,0,0,0,158,29,12,15,1000,30
METROLOGY_CONDITIONED_EIG,329017,26.810844669693353,1.3668770880246075,17.02504837487409,48,0,0,0,158,29,12,15,1000,30
NO_PASSIVE,329018,170.75819283650955,1.3062249744614647,445.27923823147125,0,0,0,0,107,29,12,15,1000,30
RANDOM,329018,61.30288428106708,2.601781805165131,46.04145455580834,58,0,0,0,107,29,12,15,1000,30
HIGHEST_SNR,329018,26.40272225558901,1.6983867573364004,46.35849295015195,58,0,0,0,107,29,12,15,1000,30
SHORTEST_PULSE,329018,47.8108064969334,1.5832107842692693,49.49383063630683,58,0,0,0,107,29,12,15,1000,30
METROLOGY_CONDITIONED_EIG,329018,75.67832053636693,2.564751243335361,39.857407723093324,57,1,0,0,107,29,12,15,1000,30
NO_PASSIVE,329019,314.18352062891125,0.3292405416203655,445.27923823147125,0,0,0,0,167,29,12,15,1000,30
RANDOM,329019,4.311018211126008,0.3797523523795574,21.24268376278014,60,0,0,0,167,29,12,15,1000,30
HIGHEST_SNR,329019,70.56625322590325,0.4632354179174007,82.64669569767901,60,0,0,0,167,29,12,15,1000,30
SHORTEST_PULSE,329019,10.296123058013901,0.07235426865501247,15.844776256937658,60,0,0,0,167,29,12,15,1000,30
METROLOGY_CONDITIONED_EIG,329019,11.956578159913843,0.20719371133206335,13.959131515347453,60,0,0,0,167,29,12,15,1000,30
NO_PASSIVE,329020,218.31314473466358,1.2748282849450001,445.27923823147125,0,0,0,0,211,29,12,15,1000,30
RANDOM,329020,5.756225567099948,0.4249187025774821,25.319464485138223,60,0,0,0,211,29,12,15,1000,30
HIGHEST_SNR,329020,37.230033446872916,0.31055416787487566,23.932568199810778,60,0,0,0,211,29,12,15,1000,30
SHORTEST_PULSE,329020,38.702830611451105,0.8162487877538794,45.203205178522026,59,1,0,0,211,29,12,15,1000,30
METROLOGY_CONDITIONED_EIG,329020,11.26459379210263,0.17268112436804028,16.696923845987293,59,1,0,0,211,29,12,15,1000,30
NO_PASSIVE,329021,138.3349963806973,3.3391820670585957,445.27923823147125,0,0,0,0,182,29,12,15,1000,30
RANDOM,329021,9.011903312757253,0.6797891319646081,24.579090689908607,58,0,0,0,182,29,12,15,1000,30
HIGHEST_SNR,329021,10.817395642528691,0.5513802380754277,21.06134399471107,58,0,0,0,182,29,12,15,1000,30
SHORTEST_PULSE,329021,3.0862927874266473,0.4460737905214755,24.19143962406482,58,0,0,0,182,29,12,15,1000,30
METROLOGY_CONDITIONED_EIG,329021,5.913172458180349,0.23534217794223658,20.749847579745005,58,0,0,0,182,29,12,15,1000,30
NO_PASSIVE,329022,303.31314479147767,0.8789454885659809,445.27923823147125,0,0,0,0,213,29,12,15,1000,30
RANDOM,329022,11.151742943985933,0.2924250943861934,19.82681003145508,59,1,0,0,213,29,12,15,1000,30
HIGHEST_SNR,329022,31.414706343229682,0.47669725538383134,37.31446828757649,59,1,0,0,213,29,12,15,1000,30
SHORTEST_PULSE,329022,10.485587717220838,0.4042299102406909,19.206220987810603,58,2,0,0,213,29,12,15,1000,30
METROLOGY_CONDITIONED_EIG,329022,9.403605009772615,0.36026086452004047,15.627362002817122,59,1,0,0,213,29,12,15,1000,30
NO_PASSIVE,329023,175.68976365105607,1.0538816636473325,445.27923823147125,0,0,0,0,129,29,12,15,1000,30
RANDOM,329023,11.060866729907085,0.45453842130439986,31.557115395689056,48,2,0,0,129,29,12,15,1000,30
HIGHEST_SNR,329023,40.15046581748766,0.6956719593018917,52.727052947805156,48,2,0,0,129,29,12,15,1000,30
SHORTEST_PULSE,329023,17.591422472262778,0.3617358993897603,19.125870594142548,49,1,0,0,129,29,12,15,1000,30
METROLOGY_CONDITIONED_EIG,329023,19.414612616567883,0.4214425826285949,19.613233158205137,49,1,0,0,129,29,12,15,1000,30
NO_PASSIVE,329024,408.19591740626555,1.6084654387128405,445.27923823147125,0,0,0,0,201,29,12,15,1000,30
RANDOM,329024,0.9807359549171714,0.1356907067165701,21.039521779403934,59,1,0,0,201,29,12,15,1000,30
HIGHEST_SNR,329024,39.24061005358265,0.524663778387217,22.553826376390045,58,2,0,0,201,29,12,15,1000,30
SHORTEST_PULSE,329024,21.74722609669718,0.4773379403715868,18.68407722262817,57,3,0,0,201,29,12,15,1000,30
METROLOGY_CONDITIONED_EIG,329024,11.68079227525128,0.3955770059203961,15.68437998868779,60,0,0,0,201,29,12,15,1000,30
NO_PASSIVE,329025,666.7546679408769,2.153932308491947,445.27923823147125,0,0,0,0,112,29,12,15,1000,30
RANDOM,329025,12.318826120893752,0.5337609034062754,24.721124709495815,58,0,0,0,112,29,12,15,1000,30
HIGHEST_SNR,329025,11.905266486414831,0.6396907185652945,21.506001203780407,57,1,0,0,112,29,12,15,1000,30
SHORTEST_PULSE,329025,3.5820498796055196,0.8368083692787432,20.393219063105605,57,1,0,0,112,29,12,15,1000,30
METROLOGY_CONDITIONED_EIG,329025,10.038214851072075,1.0137744665050334,21.564460298641094,57,1,0,0,112,29,12,15,1000,30
NO_PASSIVE,329026,355.75763910310104,1.9384307863832524,445.27923823147125,0,0,0,0,174,29,12,15,1000,30
RANDOM,329026,19.330990150538884,0.611158482679276,17.356966035917914,59,1,0,0,174,29,12,15,1000,30
HIGHEST_SNR,329026,12.41743402783417,0.5508410678356634,21.148122227481178,60,0,0,0,174,29,12,15,1000,30
SHORTEST_PULSE,329026,4.599945129891984,0.06214987091317113,14.469587592237863,59,1,0,0,174,29,12,15,1000,30
METROLOGY_CONDITIONED_EIG,329026,11.489565364427596,0.26240526910113365,14.030604106434671,60,0,0,0,174,29,12,15,1000,30
NO_PASSIVE,329027,481.95725925612777,2.4686627382167865,445.27923823147125,0,0,0,0,130,29,12,15,1000,30
RANDOM,329027,5.242761684256175,0.43692336688269,28.479482086114295,60,0,0,0,130,29,12,15,1000,30
HIGHEST_SNR,329027,15.466265165266336,0.8085248180543438,39.950438034122975,59,1,0,0,130,29,12,15,1000,30
SHORTEST_PULSE,329027,6.044076574787893,0.24354404532805798,30.108181145541398,60,0,0,0,130,29,12,15,1000,30
METROLOGY_CONDITIONED_EIG,329027,0.2443467674570196,0.17426628223424442,25.767894425090667,60,0,0,0,130,29,12,15,1000,30
NO_PASSIVE,329028,244.00088233582224,0.7433908874039024,445.27923823147125,0,0,0,0,158,29,12,15,1000,30
RANDOM,329028,16.393473628397462,0.3763427616023115,20.625993584120177,59,0,0,0,158,29,12,15,1000,30
HIGHEST_SNR,329028,23.579104557266856,0.11043497229500043,66.84472366264853,59,0,0,0,158,29,12,15,1000,30
SHORTEST_PULSE,329028,5.5664006291491654,0.11594767239753988,14.648468512889561,59,0,0,0,158,29,12,15,1000,30
METROLOGY_CONDITIONED_EIG,329028,5.412125852685051,0.241909156577963,14.697092202252586,59,0,0,0,158,29,12,15,1000,30
NO_PASSIVE,329029,575.1902948517053,0.587882567749598,445.27923823147125,0,0,0,0,167,29,12,15,1000,30
RANDOM,329029,14.051531343099743,0.6558505405668926,18.716748670584145,60,0,0,0,167,29,12,15,1000,30
HIGHEST_SNR,329029,18.805714536941846,0.37829201610063107,22.36261632422178,60,0,0,0,167,29,12,15,1000,30
SHORTEST_PULSE,329029,37.635456555717,1.0063660391526343,34.003840007940454,60,0,0,0,167,29,12,15,1000,30
METROLOGY_CONDITIONED_EIG,329029,17.211410710726263,0.6715140442047167,16.064607528188425,60,0,0,0,167,29,12,15,1000,30
NO_PASSIVE,330000,356.409023121638,2.327297774836042,445.27923823147125,0,0,0,0,173,30,12,15,1000,100
RANDOM,330000,6.125734673716097,0.7125090432734825,37.06848219151922,60,0,0,0,173,30,12,15,1000,100
HIGHEST_SNR,330000,44.97329203893396,0.6889119795150889,47.97287810236708,58,2,0,0,173,30,12,15,1000,100
SHORTEST_PULSE,330000,73.41834819952518,1.4295015118141556,38.39956967063422,59,1,0,0,173,30,12,15,1000,100
METROLOGY_CONDITIONED_EIG,330000,55.8015961327331,0.7332743631891027,30.209747998912274,60,0,0,0,173,30,12,15,1000,100
NO_PASSIVE,330001,273.1759804510731,2.03352731112794,445.27923823147125,0,0,0,0,114,30,12,15,1000,100
RANDOM,330001,24.495241359907315,1.4220067015955404,29.859006032016502,59,0,0,0,114,30,12,15,1000,100
HIGHEST_SNR,330001,40.34987188008672,1.3491562611987082,41.793580964578105,59,0,0,0,114,30,12,15,1000,100
SHORTEST_PULSE,330001,7.218902773710642,0.44538477404579685,26.907645670641795,57,2,0,0,114,30,12,15,1000,100
METROLOGY_CONDITIONED_EIG,330001,13.646147443075291,0.3779628501822772,26.681294835223614,57,2,0,0,114,30,12,15,1000,100
NO_PASSIVE,330002,439.3469306141953,2.5887835450182464,445.27923823147125,0,0,0,0,91,30,12,15,1000,100
RANDOM,330002,35.5040183425176,0.7981188286713209,32.94144729649943,48,0,0,0,91,30,12,15,1000,100
HIGHEST_SNR,330002,65.47904432037473,1.5945618882874277,34.562430543327366,48,0,0,0,91,30,12,15,1000,100
SHORTEST_PULSE,330002,63.43860826047546,1.5173972706662162,49.300473403947834,48,0,0,0,91,30,12,15,1000,100
METROLOGY_CONDITIONED_EIG,330002,54.99811620988981,1.3728790155381603,32.18844424203368,48,0,0,0,91,30,12,15,1000,100
NO_PASSIVE,330003,57.41637312939472,3.3314643135044264,445.27923823147125,0,0,0,0,147,30,12,15,1000,100
RANDOM,330003,80.93729786749503,2.6164570712330466,42.421801268302765,60,0,0,0,147,30,12,15,1000,100
HIGHEST_SNR,330003,73.66913542331523,1.4820256034517454,53.14938504543495,59,1,0,0,147,30,12,15,1000,100
SHORTEST_PULSE,330003,37.1204767886175,1.5426750380609116,34.55090109397753,60,0,0,0,147,30,12,15,1000,100
METROLOGY_CONDITIONED_EIG,330003,18.698885024584264,0.9348142149619126,34.63354247182293,60,0,0,0,147,30,12,15,1000,100
NO_PASSIVE,330004,979.8720521763275,4.381908265918612,445.27923823147125,0,0,0,0,143,30,12,15,1000,100
RANDOM,330004,29.024998376861415,1.0535312968848836,22.135381363497412,60,0,0,0,143,30,12,15,1000,100
HIGHEST_SNR,330004,15.996793658086824,0.6422613435423461,30.600858067060102,60,0,0,0,143,30,12,15,1000,100
SHORTEST_PULSE,330004,25.153946974163123,0.7936446506538954,22.38774788361943,60,0,0,0,143,30,12,15,1000,100
METROLOGY_CONDITIONED_EIG,330004,19.993168727268152,0.7086263880379647,20.364004000692475,60,0,0,0,143,30,12,15,1000,100
NO_PASSIVE,330005,662.0290320115339,3.509359617685673,445.27923823147125,0,0,0,0,159,30,12,15,1000,100
RANDOM,330005,4.46510283078932,0.06677286948474274,38.65895203114491,59,0,0,0,159,30,12,15,1000,100
HIGHEST_SNR,330005,28.732458571802372,1.3086698655142477,36.898731807555485,59,0,0,0,159,30,12,15,1000,100
SHORTEST_PULSE,330005,4.160229787834692,0.19266151325450198,35.39199485245465,59,0,0,0,159,30,12,15,1000,100
METROLOGY_CONDITIONED_EIG,330005,4.13553769620288,0.3781528278408707,35.05369789797815,59,0,0,0,159,30,12,15,1000,100
NO_PASSIVE,330006,459.00898008137534,4.199890892878228,445.27923823147125,0,0,0,0,75,30,12,15,1000,100
RANDOM,330006,42.43033798580963,0.41075370043080134,37.119495825068796,46,1,0,0,75,30,12,15,1000,100
HIGHEST_SNR,330006,18.992887171662098,1.4687432770625422,42.84056105973315,47,0,0,0,75,30,12,15,1000,100
SHORTEST_PULSE,330006,58.83190398942195,1.7153553451403185,33.73624075362244,46,1,0,0,75,30,12,15,1000,100
METROLOGY_CONDITIONED_EIG,330006,41.51468223530666,1.426019970407879,31.228512063098552,46,1,0,0,75,30,12,15,1000,100
NO_PASSIVE,330007,114.02379566164345,1.08131776947073,445.27923823147125,0,0,0,0,159,30,12,15,1000,100
RANDOM,330007,72.26100136871699,2.1476737169401234,49.9578942749908,58,1,0,0,159,30,12,15,1000,100
HIGHEST_SNR,330007,26.609262913120517,1.2474087141692598,46.2149796604039,59,0,0,0,159,30,12,15,1000,100
SHORTEST_PULSE,330007,11.22292226504824,0.9858039429170328,40.18656550761492,59,0,0,0,159,30,12,15,1000,100
METROLOGY_CONDITIONED_EIG,330007,5.4458676588699175,0.5515229203988173,38.82180994576588,59,0,0,0,159,30,12,15,1000,100
NO_PASSIVE,330008,141.46835788556297,2.2918877678266485,445.27923823147125,0,0,0,0,100,30,12,15,1000,100
RANDOM,330008,30.63103445397661,0.3128501500284254,29.069703209066816,56,0,0,0,100,30,12,15,1000,100
HIGHEST_SNR,330008,55.666337439553644,1.6558805331818442,43.21994973049783,55,1,0,0,100,30,12,15,1000,100
SHORTEST_PULSE,330008,9.604052248134503,0.48029584805212316,27.48855954429597,56,0,0,0,100,30,12,15,1000,100
METROLOGY_CONDITIONED_EIG,330008,8.217666248344594,0.2398056650617052,27.826194343126808,56,0,0,0,100,30,12,15,1000,100
NO_PASSIVE,330009,1050.528786427243,1.2316083482655735,445.27923823147125,0,0,0,0,97,30,12,15,1000,100
RANDOM,330009,19.482000947263877,1.0907608947343235,39.24211660371545,33,11,0,0,97,30,12,15,1000,100
HIGHEST_SNR,330009,102.26904785592244,1.3839821770722602,63.99455018175869,21,23,0,0,97,30,12,15,1000,100
SHORTEST_PULSE,330009,22.38596704327597,0.8817962516687494,43.64182361088569,30,14,0,0,97,30,12,15,1000,100
METROLOGY_CONDITIONED_EIG,330009,33.235120253992484,1.0654691015347504,38.34014110631813,32,12,0,0,97,30,12,15,1000,100
NO_PASSIVE,330010,692.9369573864914,1.8176435098163068,445.27923823147125,0,0,0,0,169,30,12,15,1000,100
RANDOM,330010,13.79601603814971,0.7952530015129096,30.145082746827367,57,2,0,0,169,30,12,15,1000,100
HIGHEST_SNR,330010,37.97471660929426,1.4866941183889464,33.87113473380815,57,2,0,0,169,30,12,15,1000,100
SHORTEST_PULSE,330010,21.465392172290723,0.8900942496502345,27.047397938829896,59,0,0,0,169,30,12,15,1000,100
METROLOGY_CONDITIONED_EIG,330010,41.426916132592794,1.5717513374155436,21.762260873180534,57,2,0,0,169,30,12,15,1000,100
NO_PASSIVE,330011,474.59979584875776,2.2495339714322613,445.27923823147125,0,0,0,0,85,30,12,15,1000,100
RANDOM,330011,41.48380681275716,1.2274411371405676,36.67076163460655,57,1,0,0,85,30,12,15,1000,100
HIGHEST_SNR,330011,37.51286766978777,0.9426686149487948,40.49711564926264,57,1,0,0,85,30,12,15,1000,100
SHORTEST_PULSE,330011,17.57000141264941,0.6246517932044322,33.44258796176756,57,1,0,0,85,30,12,15,1000,100
METROLOGY_CONDITIONED_EIG,330011,30.83803182457198,0.6726335573603739,34.796820155843214,57,1,0,0,85,30,12,15,1000,100
NO_PASSIVE,330012,411.5982675063295,1.5841663303520455,445.27923823147125,0,0,0,0,163,30,12,15,1000,100
RANDOM,330012,24.930672629839226,1.6869207174346874,48.81257378917298,58,2,0,0,163,30,12,15,1000,100
HIGHEST_SNR,330012,50.47260743950051,1.728392689725966,71.28344442673549,59,1,0,0,163,30,12,15,1000,100
SHORTEST_PULSE,330012,20.636992267642068,1.0178089719740537,49.72505671387254,59,1,0,0,163,30,12,15,1000,100
METROLOGY_CONDITIONED_EIG,330012,23.68060717326092,0.39315082204033563,44.7052032362405,60,0,0,0,163,30,12,15,1000,100
NO_PASSIVE,330013,419.4495835764389,0.6876647288750188,445.27923823147125,0,0,0,0,101,30,12,15,1000,100
RANDOM,330013,44.07252878750981,0.7527745583713137,29.543350141203195,58,1,0,0,101,30,12,15,1000,100
HIGHEST_SNR,330013,5.160619969840926,0.9865504253451447,31.56843625122802,59,0,0,0,101,30,12,15,1000,100
SHORTEST_PULSE,330013,5.160619969840926,0.9865504253451447,31.56843625122802,59,0,0,0,101,30,12,15,1000,100
METROLOGY_CONDITIONED_EIG,330013,37.8379162359037,0.7318721184652479,25.500249537595128,59,0,0,0,101,30,12,15,1000,100
NO_PASSIVE,330014,277.77376773063173,3.5222897453699296,445.27923823147125,0,0,0,0,217,30,12,15,1000,100
RANDOM,330014,15.445207976628954,0.15409791725274447,22.4088545149708,59,1,0,0,217,30,12,15,1000,100
HIGHEST_SNR,330014,27.581530671860833,0.5729328439541587,39.59405308057218,59,1,0,0,217,30,12,15,1000,100
SHORTEST_PULSE,330014,16.566488214836117,0.6031039616659906,21.04242875417102,60,0,0,0,217,30,12,15,1000,100
METROLOGY_CONDITIONED_EIG,330014,16.64585578151629,0.636259254792308,19.501254515427654,58,2,0,0,217,30,12,15,1000,100
NO_PASSIVE,330015,428.24934454474516,2.675694023979675,445.27923823147125,0,0,0,0,185,30,12,15,1000,100
RANDOM,330015,20.082009301798987,0.6332380637861714,24.95146121207887,59,0,0,0,185,30,12,15,1000,100
HIGHEST_SNR,330015,19.518621085582357,0.4453535944055946,36.83686848604038,59,0,0,0,185,30,12,15,1000,100
SHORTEST_PULSE,330015,21.868222875055626,0.4623815474953455,25.064379829518145,59,0,0,0,185,30,12,15,1000,100
METROLOGY_CONDITIONED_EIG,330015,20.62079846263782,0.9492795099382866,22.52356236055589,59,0,0,0,185,30,12,15,1000,100
NO_PASSIVE,330016,140.39016510362717,0.29075011052880795,445.27923823147125,0,0,0,0,116,30,12,15,1000,100
RANDOM,330016,25.799842737181297,1.5309594812617944,38.228707896644735,51,1,0,0,116,30,12,15,1000,100
HIGHEST_SNR,330016,32.29811298525953,0.3665301527968958,43.447570056001055,52,0,0,0,116,30,12,15,1000,100
SHORTEST_PULSE,330016,13.776084365560061,0.44912661430976003,33.472200896939235,52,0,0,0,116,30,12,15,1000,100
METROLOGY_CONDITIONED_EIG,330016,10.106879340860194,0.5810471135693914,33.10794496915248,52,0,0,0,116,30,12,15,1000,100
NO_PASSIVE,330017,544.6117559085898,0.3605858148473142,445.27923823147125,0,0,0,0,74,30,12,15,1000,100
RANDOM,330017,48.38190184330686,0.5712827873585484,50.44165779378792,44,0,0,0,74,30,12,15,1000,100
HIGHEST_SNR,330017,57.66516645497265,1.0733994525859025,47.72556300926034,44,0,0,0,74,30,12,15,1000,100
SHORTEST_PULSE,330017,30.681168223541984,0.3870343437886287,40.236458429097034,44,0,0,0,74,30,12,15,1000,100
METROLOGY_CONDITIONED_EIG,330017,22.869609213120977,0.21448926800988677,37.79773225840993,44,0,0,0,74,30,12,15,1000,100
NO_PASSIVE,330018,312.6463659990513,1.4969755722075953,445.27923823147125,0,0,0,0,114,30,12,15,1000,100
RANDOM,330018,24.331501667041483,0.30385900804696653,23.266140833940558,60,0,0,0,114,30,12,15,1000,100
HIGHEST_SNR,330018,19.046544072087897,0.535022540314466,27.125142685633275,60,0,0,0,114,30,12,15,1000,100
SHORTEST_PULSE,330018,34.680606732931075,0.8978046028623606,23.79083551210048,60,0,0,0,114,30,12,15,1000,100
METROLOGY_CONDITIONED_EIG,330018,10.69553317321241,0.540064227836452,21.687310941963503,59,1,0,0,114,30,12,15,1000,100
NO_PASSIVE,330019,501.41066571867435,0.47145398151193235,445.27923823147125,0,0,0,0,167,30,12,15,1000,100
RANDOM,330019,50.88277737381964,1.2771468300417788,26.53762575992474,57,2,0,0,167,30,12,15,1000,100
HIGHEST_SNR,330019,7.787757039203558,0.5111825398898684,34.84531841768251,57,2,0,0,167,30,12,15,1000,100
SHORTEST_PULSE,330019,19.396845676072502,0.40204010808264523,28.6802572642632,58,1,0,0,167,30,12,15,1000,100
METROLOGY_CONDITIONED_EIG,330019,56.57275071569892,1.4775680646411005,22.09939911529658,58,1,0,0,167,30,12,15,1000,100
NO_PASSIVE,330020,430.78477192693083,3.3244208214800657,445.27923823147125,0,0,0,0,183,30,12,15,1000,100
RANDOM,330020,34.33842777004957,0.9876313036777301,31.681925742001326,48,0,0,0,183,30,12,15,1000,100
HIGHEST_SNR,330020,67.3571195374574,1.1627758239268662,51.03870062460193,47,1,0,0,183,30,12,15,1000,100
SHORTEST_PULSE,330020,69.10326855878895,0.7318636817169424,37.005756074046595,46,2,0,0,183,30,12,15,1000,100
METROLOGY_CONDITIONED_EIG,330020,7.65673172236802,0.2655585061699499,27.860241361612484,47,1,0,0,183,30,12,15,1000,100
NO_PASSIVE,330021,492.4389772220098,2.2388793476136617,445.27923823147125,0,0,0,0,150,30,12,15,1000,100
RANDOM,330021,9.332811426014105,0.8199881213054804,27.342220294337906,59,0,0,0,150,30,12,15,1000,100
HIGHEST_SNR,330021,34.125383351331564,0.8680921833004108,27.79866578870382,58,1,0,0,150,30,12,15,1000,100
SHORTEST_PULSE,330021,10.452439988539313,0.37690894534760105,20.396998446756804,59,0,0,0,150,30,12,15,1000,100
METROLOGY_CONDITIONED_EIG,330021,17.639352304751807,0.7361958805468398,20.632376207244263,58,1,0,0,150,30,12,15,1000,100
NO_PASSIVE,330022,708.9028242443121,3.6424622547024095,445.27923823147125,0,0,0,0,212,30,12,15,1000,100
RANDOM,330022,5.8830579896399975,0.4866515445975655,27.413912196126226,59,1,0,0,212,30,12,15,1000,100
HIGHEST_SNR,330022,76.75577280025905,2.3336190867354363,46.56455068906584,60,0,0,0,212,30,12,15,1000,100
SHORTEST_PULSE,330022,1.274468922510573,0.4182399778588842,18.34605760124317,60,0,0,0,212,30,12,15,1000,100
METROLOGY_CONDITIONED_EIG,330022,2.1074450422616904,0.28017729322471874,18.054214307861248,59,1,0,0,212,30,12,15,1000,100
NO_PASSIVE,330023,968.7840969752323,2.7245434702207088,445.27923823147125,0,0,0,0,102,30,12,15,1000,100
RANDOM,330023,69.48548079008613,0.594840376964855,55.28279308945103,44,4,0,0,102,30,12,15,1000,100
HIGHEST_SNR,330023,176.30838196359724,1.5648773178720659,81.16591459319385,47,1,0,0,102,30,12,15,1000,100
SHORTEST_PULSE,330023,22.04179491284717,1.0185011554620875,41.48155686280006,45,3,0,0,102,30,12,15,1000,100
METROLOGY_CONDITIONED_EIG,330023,41.78545393113394,0.6064662620542494,40.67840922825625,47,1,0,0,102,30,12,15,1000,100
NO_PASSIVE,330024,204.8049424607101,1.8182779175038226,445.27923823147125,0,0,0,0,125,30,12,15,1000,100
RANDOM,330024,33.532767962242296,1.0571059991892204,38.214462834168955,59,0,0,0,125,30,12,15,1000,100
HIGHEST_SNR,330024,40.57319499689606,0.9894611267188694,44.034456479663895,59,0,0,0,125,30,12,15,1000,100
SHORTEST_PULSE,330024,10.147354875874194,0.8585858815341036,38.227150023975994,59,0,0,0,125,30,12,15,1000,100
METROLOGY_CONDITIONED_EIG,330024,34.67332977243589,0.9607114040292072,35.17951538359567,58,1,0,0,125,30,12,15,1000,100
NO_PASSIVE,330025,350.54692220771614,1.034462341204455,445.27923823147125,0,0,0,0,142,30,12,15,1000,100
RANDOM,330025,22.483036728752648,1.3014172968681557,28.53331734219638,58,1,0,0,142,30,12,15,1000,100
HIGHEST_SNR,330025,4.192337796356865,0.49365593750858516,36.6569732071502,58,1,0,0,142,30,12,15,1000,100
SHORTEST_PULSE,330025,25.622387049614925,0.9250404413971249,24.88392479966256,59,0,0,0,142,30,12,15,1000,100
METROLOGY_CONDITIONED_EIG,330025,26.198209551146473,1.3182831986066212,24.993496716633768,59,0,0,0,142,30,12,15,1000,100
NO_PASSIVE,330026,311.77171106258413,1.285260368341329,445.27923823147125,0,0,0,0,93,30,12,15,1000,100
RANDOM,330026,49.123113908568065,0.692809343115191,45.09191919283521,34,0,0,0,93,30,12,15,1000,100
HIGHEST_SNR,330026,36.9214782973891,0.7057949015124659,54.21417835918894,34,0,0,0,93,30,12,15,1000,100
SHORTEST_PULSE,330026,42.12063911138259,0.9795378485572064,39.541410296906875,34,0,0,0,93,30,12,15,1000,100
METROLOGY_CONDITIONED_EIG,330026,31.326914428109244,0.582924652513115,37.716823741137866,34,0,0,0,93,30,12,15,1000,100
NO_PASSIVE,330027,896.2102557127295,3.900503696855465,445.27923823147125,0,0,0,0,149,30,12,15,1000,100
RANDOM,330027,44.21071994326729,1.2266970820273146,39.926053157382974,59,1,0,0,149,30,12,15,1000,100
HIGHEST_SNR,330027,88.00014395234788,2.2505820649205006,52.6653532989253,58,2,0,0,149,30,12,15,1000,100
SHORTEST_PULSE,330027,22.50099168613359,0.33860035330741634,40.72995736405265,59,1,0,0,149,30,12,15,1000,100
METROLOGY_CONDITIONED_EIG,330027,29.07222909494046,0.9894300974407982,27.90500174330511,60,0,0,0,149,30,12,15,1000,100
NO_PASSIVE,330028,635.7690907331374,0.520914696906479,445.27923823147125,0,0,0,0,170,30,12,15,1000,100
RANDOM,330028,28.651443583288998,0.6929949702365862,33.7346229203444,58,1,0,0,170,30,12,15,1000,100
HIGHEST_SNR,330028,14.8327739869123,0.8259557823120232,47.750428547101826,59,0,0,0,170,30,12,15,1000,100
SHORTEST_PULSE,330028,35.438465299889955,1.5675588997049306,44.32264236219273,56,3,0,0,170,30,12,15,1000,100
METROLOGY_CONDITIONED_EIG,330028,32.0474324515802,0.6305430232036314,24.383408708955518,56,3,0,0,170,30,12,15,1000,100
NO_PASSIVE,330029,372.50280038414536,1.4483829493248674,445.27923823147125,0,0,0,0,123,30,12,15,1000,100
RANDOM,330029,24.784515499406087,0.5948443099701699,40.07003782963175,54,0,0,0,123,30,12,15,1000,100
HIGHEST_SNR,330029,21.439532600426215,0.3831923718107122,43.01377385235936,54,0,0,0,123,30,12,15,1000,100
SHORTEST_PULSE,330029,8.177902811662753,0.5323744627475014,30.48760217709515,54,0,0,0,123,30,12,15,1000,100
METROLOGY_CONDITIONED_EIG,330029,9.291979655683077,0.4986654111238876,29.613569003329932,54,0,0,0,123,30,12,15,1000,100
NO_PASSIVE,331000,338.60967369365954,1.890300553196988,445.27923823147125,0,0,0,0,0,31,12,25,10,30
RANDOM,331000,338.60967369365954,1.890300553196988,445.27923823147125,0,0,0,0,0,31,12,25,10,30
HIGHEST_SNR,331000,338.60967369365954,1.890300553196988,445.27923823147125,0,0,0,0,0,31,12,25,10,30
SHORTEST_PULSE,331000,338.60967369365954,1.890300553196988,445.27923823147125,0,0,0,0,0,31,12,25,10,30
METROLOGY_CONDITIONED_EIG,331000,338.60967369365954,1.890300553196988,445.27923823147125,0,0,0,0,0,31,12,25,10,30
NO_PASSIVE,331001,546.8822891929344,1.4060114565061894,445.27923823147125,0,0,0,0,1,31,12,25,10,30
RANDOM,331001,351.10493284010255,1.3577632602571126,328.8940350276226,1,0,0,0,1,31,12,25,10,30
HIGHEST_SNR,331001,351.10493284010255,1.3577632602571126,328.8940350276226,1,0,0,0,1,31,12,25,10,30
SHORTEST_PULSE,331001,351.10493284010255,1.3577632602571126,328.8940350276226,1,0,0,0,1,31,12,25,10,30
METROLOGY_CONDITIONED_EIG,331001,351.10493284010255,1.3577632602571126,328.8940350276226,1,0,0,0,1,31,12,25,10,30
NO_PASSIVE,331002,737.6497299719248,1.6368177494875011,445.27923823147125,0,0,0,0,0,31,12,25,10,30
RANDOM,331002,737.6497299719248,1.6368177494875011,445.27923823147125,0,0,0,0,0,31,12,25,10,30
HIGHEST_SNR,331002,737.6497299719248,1.6368177494875011,445.27923823147125,0,0,0,0,0,31,12,25,10,30
SHORTEST_PULSE,331002,737.6497299719248,1.6368177494875011,445.27923823147125,0,0,0,0,0,31,12,25,10,30
METROLOGY_CONDITIONED_EIG,331002,737.6497299719248,1.6368177494875011,445.27923823147125,0,0,0,0,0,31,12,25,10,30
NO_PASSIVE,331003,348.51992277176726,4.802651499273543,445.27923823147125,0,0,0,0,0,31,12,25,10,30
RANDOM,331003,348.51992277176726,4.802651499273543,445.27923823147125,0,0,0,0,0,31,12,25,10,30
HIGHEST_SNR,331003,348.51992277176726,4.802651499273543,445.27923823147125,0,0,0,0,0,31,12,25,10,30
SHORTEST_PULSE,331003,348.51992277176726,4.802651499273543,445.27923823147125,0,0,0,0,0,31,12,25,10,30
METROLOGY_CONDITIONED_EIG,331003,348.51992277176726,4.802651499273543,445.27923823147125,0,0,0,0,0,31,12,25,10,30
NO_PASSIVE,331004,195.8481854648137,0.9042331665839601,445.27923823147125,0,0,0,0,0,31,12,25,10,30
RANDOM,331004,195.8481854648137,0.9042331665839601,445.27923823147125,0,0,0,0,0,31,12,25,10,30
HIGHEST_SNR,331004,195.8481854648137,0.9042331665839601,445.27923823147125,0,0,0,0,0,31,12,25,10,30
SHORTEST_PULSE,331004,195.8481854648137,0.9042331665839601,445.27923823147125,0,0,0,0,0,31,12,25,10,30
METROLOGY_CONDITIONED_EIG,331004,195.8481854648137,0.9042331665839601,445.27923823147125,0,0,0,0,0,31,12,25,10,30
NO_PASSIVE,331005,292.9072820361886,1.0237385546573874,445.27923823147125,0,0,0,0,0,31,12,25,10,30
RANDOM,331005,292.9072820361886,1.0237385546573874,445.27923823147125,0,0,0,0,0,31,12,25,10,30
HIGHEST_SNR,331005,292.9072820361886,1.0237385546573874,445.27923823147125,0,0,0,0,0,31,12,25,10,30
SHORTEST_PULSE,331005,292.9072820361886,1.0237385546573874,445.27923823147125,0,0,0,0,0,31,12,25,10,30
METROLOGY_CONDITIONED_EIG,331005,292.9072820361886,1.0237385546573874,445.27923823147125,0,0,0,0,0,31,12,25,10,30
NO_PASSIVE,331006,310.0262913293473,1.6129502305793795,445.27923823147125,0,0,0,0,0,31,12,25,10,30
RANDOM,331006,310.0262913293473,1.6129502305793795,445.27923823147125,0,0,0,0,0,31,12,25,10,30
HIGHEST_SNR,331006,310.0262913293473,1.6129502305793795,445.27923823147125,0,0,0,0,0,31,12,25,10,30
SHORTEST_PULSE,331006,310.0262913293473,1.6129502305793795,445.27923823147125,0,0,0,0,0,31,12,25,10,30
METROLOGY_CONDITIONED_EIG,331006,310.0262913293473,1.6129502305793795,445.27923823147125,0,0,0,0,0,31,12,25,10,30
NO_PASSIVE,331007,735.4045808805353,1.4336622075466992,445.27923823147125,0,0,0,0,0,31,12,25,10,30
RANDOM,331007,735.4045808805353,1.4336622075466992,445.27923823147125,0,0,0,0,0,31,12,25,10,30
HIGHEST_SNR,331007,735.4045808805353,1.4336622075466992,445.27923823147125,0,0,0,0,0,31,12,25,10,30
SHORTEST_PULSE,331007,735.4045808805353,1.4336622075466992,445.27923823147125,0,0,0,0,0,31,12,25,10,30
METROLOGY_CONDITIONED_EIG,331007,735.4045808805353,1.4336622075466992,445.27923823147125,0,0,0,0,0,31,12,25,10,30
NO_PASSIVE,331008,347.3277790434354,0.9691139469100296,445.27923823147125,0,0,0,0,0,31,12,25,10,30
RANDOM,331008,347.3277790434354,0.9691139469100296,445.27923823147125,0,0,0,0,0,31,12,25,10,30
HIGHEST_SNR,331008,347.3277790434354,0.9691139469100296,445.27923823147125,0,0,0,0,0,31,12,25,10,30
SHORTEST_PULSE,331008,347.3277790434354,0.9691139469100296,445.27923823147125,0,0,0,0,0,31,12,25,10,30
METROLOGY_CONDITIONED_EIG,331008,347.3277790434354,0.9691139469100296,445.27923823147125,0,0,0,0,0,31,12,25,10,30
NO_PASSIVE,331009,712.469913403822,0.190142167665519,445.27923823147125,0,0,0,0,0,31,12,25,10,30
RANDOM,331009,712.469913403822,0.190142167665519,445.27923823147125,0,0,0,0,0,31,12,25,10,30
HIGHEST_SNR,331009,712.469913403822,0.190142167665519,445.27923823147125,0,0,0,0,0,31,12,25,10,30
SHORTEST_PULSE,331009,712.469913403822,0.190142167665519,445.27923823147125,0,0,0,0,0,31,12,25,10,30
METROLOGY_CONDITIONED_EIG,331009,712.469913403822,0.190142167665519,445.27923823147125,0,0,0,0,0,31,12,25,10,30
NO_PASSIVE,331010,565.0542527469834,2.1286818605219637,445.27923823147125,0,0,0,0,0,31,12,25,10,30
RANDOM,331010,565.0542527469834,2.1286818605219637,445.27923823147125,0,0,0,0,0,31,12,25,10,30
HIGHEST_SNR,331010,565.0542527469834,2.1286818605219637,445.27923823147125,0,0,0,0,0,31,12,25,10,30
SHORTEST_PULSE,331010,565.0542527469834,2.1286818605219637,445.27923823147125,0,0,0,0,0,31,12,25,10,30
METROLOGY_CONDITIONED_EIG,331010,565.0542527469834,2.1286818605219637,445.27923823147125,0,0,0,0,0,31,12,25,10,30
NO_PASSIVE,331011,196.06290460156129,0.4347358640144818,445.27923823147125,0,0,0,0,0,31,12,25,10,30
RANDOM,331011,196.06290460156129,0.4347358640144818,445.27923823147125,0,0,0,0,0,31,12,25,10,30
HIGHEST_SNR,331011,196.06290460156129,0.4347358640144818,445.27923823147125,0,0,0,0,0,31,12,25,10,30
SHORTEST_PULSE,331011,196.06290460156129,0.4347358640144818,445.27923823147125,0,0,0,0,0,31,12,25,10,30
METROLOGY_CONDITIONED_EIG,331011,196.06290460156129,0.4347358640144818,445.27923823147125,0,0,0,0,0,31,12,25,10,30
NO_PASSIVE,331012,125.27285656016176,2.6191401236394927,445.27923823147125,0,0,0,0,0,31,12,25,10,30
RANDOM,331012,125.27285656016176,2.6191401236394927,445.27923823147125,0,0,0,0,0,31,12,25,10,30
HIGHEST_SNR,331012,125.27285656016176,2.6191401236394927,445.27923823147125,0,0,0,0,0,31,12,25,10,30
SHORTEST_PULSE,331012,125.27285656016176,2.6191401236394927,445.27923823147125,0,0,0,0,0,31,12,25,10,30
METROLOGY_CONDITIONED_EIG,331012,125.27285656016176,2.6191401236394927,445.27923823147125,0,0,0,0,0,31,12,25,10,30
NO_PASSIVE,331013,546.2363034703212,1.0517213881461562,445.27923823147125,0,0,0,0,0,31,12,25,10,30
RANDOM,331013,546.2363034703212,1.0517213881461562,445.27923823147125,0,0,0,0,0,31,12,25,10,30
HIGHEST_SNR,331013,546.2363034703212,1.0517213881461562,445.27923823147125,0,0,0,0,0,31,12,25,10,30
SHORTEST_PULSE,331013,546.2363034703212,1.0517213881461562,445.27923823147125,0,0,0,0,0,31,12,25,10,30
METROLOGY_CONDITIONED_EIG,331013,546.2363034703212,1.0517213881461562,445.27923823147125,0,0,0,0,0,31,12,25,10,30
NO_PASSIVE,331014,389.35762134120876,1.1203469938978285,445.27923823147125,0,0,0,0,0,31,12,25,10,30
RANDOM,331014,389.35762134120876,1.1203469938978285,445.27923823147125,0,0,0,0,0,31,12,25,10,30
HIGHEST_SNR,331014,389.35762134120876,1.1203469938978285,445.27923823147125,0,0,0,0,0,31,12,25,10,30
SHORTEST_PULSE,331014,389.35762134120876,1.1203469938978285,445.27923823147125,0,0,0,0,0,31,12,25,10,30
METROLOGY_CONDITIONED_EIG,331014,389.35762134120876,1.1203469938978285,445.27923823147125,0,0,0,0,0,31,12,25,10,30
NO_PASSIVE,331015,533.4366739104818,3.182454473239942,445.27923823147125,0,0,0,0,0,31,12,25,10,30
RANDOM,331015,533.4366739104818,3.182454473239942,445.27923823147125,0,0,0,0,0,31,12,25,10,30
HIGHEST_SNR,331015,533.4366739104818,3.182454473239942,445.27923823147125,0,0,0,0,0,31,12,25,10,30
SHORTEST_PULSE,331015,533.4366739104818,3.182454473239942,445.27923823147125,0,0,0,0,0,31,12,25,10,30
METROLOGY_CONDITIONED_EIG,331015,533.4366739104818,3.182454473239942,445.27923823147125,0,0,0,0,0,31,12,25,10,30
NO_PASSIVE,331016,324.78553742925624,2.1629171642238627,445.27923823147125,0,0,0,0,0,31,12,25,10,30
RANDOM,331016,324.78553742925624,2.1629171642238627,445.27923823147125,0,0,0,0,0,31,12,25,10,30
HIGHEST_SNR,331016,324.78553742925624,2.1629171642238627,445.27923823147125,0,0,0,0,0,31,12,25,10,30
SHORTEST_PULSE,331016,324.78553742925624,2.1629171642238627,445.27923823147125,0,0,0,0,0,31,12,25,10,30
METROLOGY_CONDITIONED_EIG,331016,324.78553742925624,2.1629171642238627,445.27923823147125,0,0,0,0,0,31,12,25,10,30
NO_PASSIVE,331017,422.3320401882578,2.5568355706566126,445.27923823147125,0,0,0,0,0,31,12,25,10,30
RANDOM,331017,422.3320401882578,2.5568355706566126,445.27923823147125,0,0,0,0,0,31,12,25,10,30
HIGHEST_SNR,331017,422.3320401882578,2.5568355706566126,445.27923823147125,0,0,0,0,0,31,12,25,10,30
SHORTEST_PULSE,331017,422.3320401882578,2.5568355706566126,445.27923823147125,0,0,0,0,0,31,12,25,10,30
METROLOGY_CONDITIONED_EIG,331017,422.3320401882578,2.5568355706566126,445.27923823147125,0,0,0,0,0,31,12,25,10,30
NO_PASSIVE,331018,151.23538370219347,4.70725858261153,445.27923823147125,0,0,0,0,11,31,12,25,10,30
RANDOM,331018,107.03534583324559,2.857643039400414,315.8396873065831,11,0,0,0,11,31,12,25,10,30
HIGHEST_SNR,331018,107.03534583324559,2.857643039400414,315.8396873065831,11,0,0,0,11,31,12,25,10,30
SHORTEST_PULSE,331018,107.03534583324559,2.857643039400414,315.8396873065831,11,0,0,0,11,31,12,25,10,30
METROLOGY_CONDITIONED_EIG,331018,107.03534583324559,2.857643039400414,315.8396873065831,11,0,0,0,11,31,12,25,10,30
NO_PASSIVE,331019,776.2453198217323,3.690147591304354,445.27923823147125,0,0,0,0,0,31,12,25,10,30
RANDOM,331019,776.2453198217323,3.690147591304354,445.27923823147125,0,0,0,0,0,31,12,25,10,30
HIGHEST_SNR,331019,776.2453198217323,3.690147591304354,445.27923823147125,0,0,0,0,0,31,12,25,10,30
SHORTEST_PULSE,331019,776.2453198217323,3.690147591304354,445.27923823147125,0,0,0,0,0,31,12,25,10,30
METROLOGY_CONDITIONED_EIG,331019,776.2453198217323,3.690147591304354,445.27923823147125,0,0,0,0,0,31,12,25,10,30
NO_PASSIVE,331020,354.6762765274813,2.4063264243234594,445.27923823147125,0,0,0,0,0,31,12,25,10,30
RANDOM,331020,354.6762765274813,2.4063264243234594,445.27923823147125,0,0,0,0,0,31,12,25,10,30
HIGHEST_SNR,331020,354.6762765274813,2.4063264243234594,445.27923823147125,0,0,0,0,0,31,12,25,10,30
SHORTEST_PULSE,331020,354.6762765274813,2.4063264243234594,445.27923823147125,0,0,0,0,0,31,12,25,10,30
METROLOGY_CONDITIONED_EIG,331020,354.6762765274813,2.4063264243234594,445.27923823147125,0,0,0,0,0,31,12,25,10,30
NO_PASSIVE,331021,814.0656618097589,1.1429289775697096,445.27923823147125,0,0,0,0,0,31,12,25,10,30
RANDOM,331021,814.0656618097589,1.1429289775697096,445.27923823147125,0,0,0,0,0,31,12,25,10,30
HIGHEST_SNR,331021,814.0656618097589,1.1429289775697096,445.27923823147125,0,0,0,0,0,31,12,25,10,30
SHORTEST_PULSE,331021,814.0656618097589,1.1429289775697096,445.27923823147125,0,0,0,0,0,31,12,25,10,30
METROLOGY_CONDITIONED_EIG,331021,814.0656618097589,1.1429289775697096,445.27923823147125,0,0,0,0,0,31,12,25,10,30
NO_PASSIVE,331022,317.7038566107097,1.841956850147062,445.27923823147125,0,0,0,0,0,31,12,25,10,30
RANDOM,331022,317.7038566107097,1.841956850147062,445.27923823147125,0,0,0,0,0,31,12,25,10,30
HIGHEST_SNR,331022,317.7038566107097,1.841956850147062,445.27923823147125,0,0,0,0,0,31,12,25,10,30
SHORTEST_PULSE,331022,317.7038566107097,1.841956850147062,445.27923823147125,0,0,0,0,0,31,12,25,10,30
METROLOGY_CONDITIONED_EIG,331022,317.7038566107097,1.841956850147062,445.27923823147125,0,0,0,0,0,31,12,25,10,30
NO_PASSIVE,331023,364.47011538794465,2.506616772696589,445.27923823147125,0,0,0,0,0,31,12,25,10,30
RANDOM,331023,364.47011538794465,2.506616772696589,445.27923823147125,0,0,0,0,0,31,12,25,10,30
HIGHEST_SNR,331023,364.47011538794465,2.506616772696589,445.27923823147125,0,0,0,0,0,31,12,25,10,30
SHORTEST_PULSE,331023,364.47011538794465,2.506616772696589,445.27923823147125,0,0,0,0,0,31,12,25,10,30
METROLOGY_CONDITIONED_EIG,331023,364.47011538794465,2.506616772696589,445.27923823147125,0,0,0,0,0,31,12,25,10,30
NO_PASSIVE,331024,314.4803881477087,1.532846654158916,445.27923823147125,0,0,0,0,0,31,12,25,10,30
RANDOM,331024,314.4803881477087,1.532846654158916,445.27923823147125,0,0,0,0,0,31,12,25,10,30
HIGHEST_SNR,331024,314.4803881477087,1.532846654158916,445.27923823147125,0,0,0,0,0,31,12,25,10,30
SHORTEST_PULSE,331024,314.4803881477087,1.532846654158916,445.27923823147125,0,0,0,0,0,31,12,25,10,30
METROLOGY_CONDITIONED_EIG,331024,314.4803881477087,1.532846654158916,445.27923823147125,0,0,0,0,0,31,12,25,10,30
NO_PASSIVE,331025,416.0059678848085,2.690057080809476,445.27923823147125,0,0,0,0,0,31,12,25,10,30
RANDOM,331025,416.0059678848085,2.690057080809476,445.27923823147125,0,0,0,0,0,31,12,25,10,30
HIGHEST_SNR,331025,416.0059678848085,2.690057080809476,445.27923823147125,0,0,0,0,0,31,12,25,10,30
SHORTEST_PULSE,331025,416.0059678848085,2.690057080809476,445.27923823147125,0,0,0,0,0,31,12,25,10,30
METROLOGY_CONDITIONED_EIG,331025,416.0059678848085,2.690057080809476,445.27923823147125,0,0,0,0,0,31,12,25,10,30
NO_PASSIVE,331026,517.6515582284569,3.0866746663501634,445.27923823147125,0,0,0,0,0,31,12,25,10,30
RANDOM,331026,517.6515582284569,3.0866746663501634,445.27923823147125,0,0,0,0,0,31,12,25,10,30
HIGHEST_SNR,331026,517.6515582284569,3.0866746663501634,445.27923823147125,0,0,0,0,0,31,12,25,10,30
SHORTEST_PULSE,331026,517.6515582284569,3.0866746663501634,445.27923823147125,0,0,0,0,0,31,12,25,10,30
METROLOGY_CONDITIONED_EIG,331026,517.6515582284569,3.0866746663501634,445.27923823147125,0,0,0,0,0,31,12,25,10,30
NO_PASSIVE,331027,425.1315782215926,2.6259363132568088,445.27923823147125,0,0,0,0,0,31,12,25,10,30
RANDOM,331027,425.1315782215926,2.6259363132568088,445.27923823147125,0,0,0,0,0,31,12,25,10,30
HIGHEST_SNR,331027,425.1315782215926,2.6259363132568088,445.27923823147125,0,0,0,0,0,31,12,25,10,30
SHORTEST_PULSE,331027,425.1315782215926,2.6259363132568088,445.27923823147125,0,0,0,0,0,31,12,25,10,30
METROLOGY_CONDITIONED_EIG,331027,425.1315782215926,2.6259363132568088,445.27923823147125,0,0,0,0,0,31,12,25,10,30
NO_PASSIVE,331028,387.61554149958505,0.9941711456370166,445.27923823147125,0,0,0,0,0,31,12,25,10,30
RANDOM,331028,387.61554149958505,0.9941711456370166,445.27923823147125,0,0,0,0,0,31,12,25,10,30
HIGHEST_SNR,331028,387.61554149958505,0.9941711456370166,445.27923823147125,0,0,0,0,0,31,12,25,10,30
SHORTEST_PULSE,331028,387.61554149958505,0.9941711456370166,445.27923823147125,0,0,0,0,0,31,12,25,10,30
METROLOGY_CONDITIONED_EIG,331028,387.61554149958505,0.9941711456370166,445.27923823147125,0,0,0,0,0,31,12,25,10,30
NO_PASSIVE,331029,93.67925152287734,1.924771971859192,445.27923823147125,0,0,0,0,0,31,12,25,10,30
RANDOM,331029,93.67925152287734,1.924771971859192,445.27923823147125,0,0,0,0,0,31,12,25,10,30
HIGHEST_SNR,331029,93.67925152287734,1.924771971859192,445.27923823147125,0,0,0,0,0,31,12,25,10,30
SHORTEST_PULSE,331029,93.67925152287734,1.924771971859192,445.27923823147125,0,0,0,0,0,31,12,25,10,30
METROLOGY_CONDITIONED_EIG,331029,93.67925152287734,1.924771971859192,445.27923823147125,0,0,0,0,0,31,12,25,10,30
NO_PASSIVE,332000,416.35059847551616,3.619458209759431,445.27923823147125,0,0,0,0,0,32,12,25,10,100
RANDOM,332000,416.35059847551616,3.619458209759431,445.27923823147125,0,0,0,0,0,32,12,25,10,100
HIGHEST_SNR,332000,416.35059847551616,3.619458209759431,445.27923823147125,0,0,0,0,0,32,12,25,10,100
SHORTEST_PULSE,332000,416.35059847551616,3.619458209759431,445.27923823147125,0,0,0,0,0,32,12,25,10,100
METROLOGY_CONDITIONED_EIG,332000,416.35059847551616,3.619458209759431,445.27923823147125,0,0,0,0,0,32,12,25,10,100
NO_PASSIVE,332001,229.18282838469239,2.811570273230909,445.27923823147125,0,0,0,0,0,32,12,25,10,100
RANDOM,332001,229.18282838469239,2.811570273230909,445.27923823147125,0,0,0,0,0,32,12,25,10,100
HIGHEST_SNR,332001,229.18282838469239,2.811570273230909,445.27923823147125,0,0,0,0,0,32,12,25,10,100
SHORTEST_PULSE,332001,229.18282838469239,2.811570273230909,445.27923823147125,0,0,0,0,0,32,12,25,10,100
METROLOGY_CONDITIONED_EIG,332001,229.18282838469239,2.811570273230909,445.27923823147125,0,0,0,0,0,32,12,25,10,100
NO_PASSIVE,332002,332.410413757438,2.8296302315569926,445.27923823147125,0,0,0,0,0,32,12,25,10,100
RANDOM,332002,332.410413757438,2.8296302315569926,445.27923823147125,0,0,0,0,0,32,12,25,10,100
HIGHEST_SNR,332002,332.410413757438,2.8296302315569926,445.27923823147125,0,0,0,0,0,32,12,25,10,100
SHORTEST_PULSE,332002,332.410413757438,2.8296302315569926,445.27923823147125,0,0,0,0,0,32,12,25,10,100
METROLOGY_CONDITIONED_EIG,332002,332.410413757438,2.8296302315569926,445.27923823147125,0,0,0,0,0,32,12,25,10,100
NO_PASSIVE,332003,360.79205665767097,1.5378346699771974,445.27923823147125,0,0,0,0,5,32,12,25,10,100
RANDOM,332003,359.065453562866,1.5077522089354607,324.0336036334963,5,0,0,0,5,32,12,25,10,100
HIGHEST_SNR,332003,359.065453562866,1.5077522089354607,324.0336036334963,5,0,0,0,5,32,12,25,10,100
SHORTEST_PULSE,332003,359.065453562866,1.5077522089354607,324.0336036334963,5,0,0,0,5,32,12,25,10,100
METROLOGY_CONDITIONED_EIG,332003,359.065453562866,1.5077522089354607,324.0336036334963,5,0,0,0,5,32,12,25,10,100
NO_PASSIVE,332004,588.0756332649439,1.2177307537442525,445.27923823147125,0,0,0,0,0,32,12,25,10,100
RANDOM,332004,588.0756332649439,1.2177307537442525,445.27923823147125,0,0,0,0,0,32,12,25,10,100
HIGHEST_SNR,332004,588.0756332649439,1.2177307537442525,445.27923823147125,0,0,0,0,0,32,12,25,10,100
SHORTEST_PULSE,332004,588.0756332649439,1.2177307537442525,445.27923823147125,0,0,0,0,0,32,12,25,10,100
METROLOGY_CONDITIONED_EIG,332004,588.0756332649439,1.2177307537442525,445.27923823147125,0,0,0,0,0,32,12,25,10,100
NO_PASSIVE,332005,654.9912834931209,1.2386419131407198,445.27923823147125,0,0,0,0,0,32,12,25,10,100
RANDOM,332005,654.9912834931209,1.2386419131407198,445.27923823147125,0,0,0,0,0,32,12,25,10,100
HIGHEST_SNR,332005,654.9912834931209,1.2386419131407198,445.27923823147125,0,0,0,0,0,32,12,25,10,100
SHORTEST_PULSE,332005,654.9912834931209,1.2386419131407198,445.27923823147125,0,0,0,0,0,32,12,25,10,100
METROLOGY_CONDITIONED_EIG,332005,654.9912834931209,1.2386419131407198,445.27923823147125,0,0,0,0,0,32,12,25,10,100
NO_PASSIVE,332006,98.83622242111753,0.8612181797258579,445.27923823147125,0,0,0,0,0,32,12,25,10,100
RANDOM,332006,98.83622242111753,0.8612181797258579,445.27923823147125,0,0,0,0,0,32,12,25,10,100
HIGHEST_SNR,332006,98.83622242111753,0.8612181797258579,445.27923823147125,0,0,0,0,0,32,12,25,10,100
SHORTEST_PULSE,332006,98.83622242111753,0.8612181797258579,445.27923823147125,0,0,0,0,0,32,12,25,10,100
METROLOGY_CONDITIONED_EIG,332006,98.83622242111753,0.8612181797258579,445.27923823147125,0,0,0,0,0,32,12,25,10,100
NO_PASSIVE,332007,945.8276488988565,4.631399299032103,445.27923823147125,0,0,0,0,0,32,12,25,10,100
RANDOM,332007,945.8276488988565,4.631399299032103,445.27923823147125,0,0,0,0,0,32,12,25,10,100
HIGHEST_SNR,332007,945.8276488988565,4.631399299032103,445.27923823147125,0,0,0,0,0,32,12,25,10,100
SHORTEST_PULSE,332007,945.8276488988565,4.631399299032103,445.27923823147125,0,0,0,0,0,32,12,25,10,100
METROLOGY_CONDITIONED_EIG,332007,945.8276488988565,4.631399299032103,445.27923823147125,0,0,0,0,0,32,12,25,10,100
NO_PASSIVE,332008,373.05211886758883,1.0414908380419483,445.27923823147125,0,0,0,0,0,32,12,25,10,100
RANDOM,332008,373.05211886758883,1.0414908380419483,445.27923823147125,0,0,0,0,0,32,12,25,10,100
HIGHEST_SNR,332008,373.05211886758883,1.0414908380419483,445.27923823147125,0,0,0,0,0,32,12,25,10,100
SHORTEST_PULSE,332008,373.05211886758883,1.0414908380419483,445.27923823147125,0,0,0,0,0,32,12,25,10,100
METROLOGY_CONDITIONED_EIG,332008,373.05211886758883,1.0414908380419483,445.27923823147125,0,0,0,0,0,32,12,25,10,100
NO_PASSIVE,332009,263.6765569894278,2.1982409500968334,445.27923823147125,0,0,0,0,0,32,12,25,10,100
RANDOM,332009,263.6765569894278,2.1982409500968334,445.27923823147125,0,0,0,0,0,32,12,25,10,100
HIGHEST_SNR,332009,263.6765569894278,2.1982409500968334,445.27923823147125,0,0,0,0,0,32,12,25,10,100
SHORTEST_PULSE,332009,263.6765569894278,2.1982409500968334,445.27923823147125,0,0,0,0,0,32,12,25,10,100
METROLOGY_CONDITIONED_EIG,332009,263.6765569894278,2.1982409500968334,445.27923823147125,0,0,0,0,0,32,12,25,10,100
NO_PASSIVE,332010,483.6444197601005,3.2724330320571444,445.27923823147125,0,0,0,0,0,32,12,25,10,100
RANDOM,332010,483.6444197601005,3.2724330320571444,445.27923823147125,0,0,0,0,0,32,12,25,10,100
HIGHEST_SNR,332010,483.6444197601005,3.2724330320571444,445.27923823147125,0,0,0,0,0,32,12,25,10,100
SHORTEST_PULSE,332010,483.6444197601005,3.2724330320571444,445.27923823147125,0,0,0,0,0,32,12,25,10,100
METROLOGY_CONDITIONED_EIG,332010,483.6444197601005,3.2724330320571444,445.27923823147125,0,0,0,0,0,32,12,25,10,100
NO_PASSIVE,332011,130.7670832207752,0.8361119970719173,445.27923823147125,0,0,0,0,1,32,12,25,10,100
RANDOM,332011,150.8368251962953,0.8333428349594114,337.11715175450587,1,0,0,0,1,32,12,25,10,100
HIGHEST_SNR,332011,150.8368251962953,0.8333428349594114,337.11715175450587,1,0,0,0,1,32,12,25,10,100
SHORTEST_PULSE,332011,150.8368251962953,0.8333428349594114,337.11715175450587,1,0,0,0,1,32,12,25,10,100
METROLOGY_CONDITIONED_EIG,332011,150.8368251962953,0.8333428349594114,337.11715175450587,1,0,0,0,1,32,12,25,10,100
NO_PASSIVE,332012,413.7959386759557,0.7184932027678039,445.27923823147125,0,0,0,0,0,32,12,25,10,100
RANDOM,332012,413.7959386759557,0.7184932027678039,445.27923823147125,0,0,0,0,0,32,12,25,10,100
HIGHEST_SNR,332012,413.7959386759557,0.7184932027678039,445.27923823147125,0,0,0,0,0,32,12,25,10,100
SHORTEST_PULSE,332012,413.7959386759557,0.7184932027678039,445.27923823147125,0,0,0,0,0,32,12,25,10,100
METROLOGY_CONDITIONED_EIG,332012,413.7959386759557,0.7184932027678039,445.27923823147125,0,0,0,0,0,32,12,25,10,100
NO_PASSIVE,332013,538.0007878381159,1.0671806570833173,445.27923823147125,0,0,0,0,0,32,12,25,10,100
RANDOM,332013,538.0007878381159,1.0671806570833173,445.27923823147125,0,0,0,0,0,32,12,25,10,100
HIGHEST_SNR,332013,538.0007878381159,1.0671806570833173,445.27923823147125,0,0,0,0,0,32,12,25,10,100
SHORTEST_PULSE,332013,538.0007878381159,1.0671806570833173,445.27923823147125,0,0,0,0,0,32,12,25,10,100
METROLOGY_CONDITIONED_EIG,332013,538.0007878381159,1.0671806570833173,445.27923823147125,0,0,0,0,0,32,12,25,10,100
NO_PASSIVE,332014,553.3744213876402,2.7913693793195087,445.27923823147125,0,0,0,0,0,32,12,25,10,100
RANDOM,332014,553.3744213876402,2.7913693793195087,445.27923823147125,0,0,0,0,0,32,12,25,10,100
HIGHEST_SNR,332014,553.3744213876402,2.7913693793195087,445.27923823147125,0,0,0,0,0,32,12,25,10,100
SHORTEST_PULSE,332014,553.3744213876402,2.7913693793195087,445.27923823147125,0,0,0,0,0,32,12,25,10,100
METROLOGY_CONDITIONED_EIG,332014,553.3744213876402,2.7913693793195087,445.27923823147125,0,0,0,0,0,32,12,25,10,100
NO_PASSIVE,332015,218.92287648560065,0.9618379319680816,445.27923823147125,0,0,0,0,0,32,12,25,10,100
RANDOM,332015,218.92287648560065,0.9618379319680816,445.27923823147125,0,0,0,0,0,32,12,25,10,100
HIGHEST_SNR,332015,218.92287648560065,0.9618379319680816,445.27923823147125,0,0,0,0,0,32,12,25,10,100
SHORTEST_PULSE,332015,218.92287648560065,0.9618379319680816,445.27923823147125,0,0,0,0,0,32,12,25,10,100
METROLOGY_CONDITIONED_EIG,332015,218.92287648560065,0.9618379319680816,445.27923823147125,0,0,0,0,0,32,12,25,10,100
NO_PASSIVE,332016,128.33001151830675,2.2717097714836845,445.27923823147125,0,0,0,0,0,32,12,25,10,100
RANDOM,332016,128.33001151830675,2.2717097714836845,445.27923823147125,0,0,0,0,0,32,12,25,10,100
HIGHEST_SNR,332016,128.33001151830675,2.2717097714836845,445.27923823147125,0,0,0,0,0,32,12,25,10,100
SHORTEST_PULSE,332016,128.33001151830675,2.2717097714836845,445.27923823147125,0,0,0,0,0,32,12,25,10,100
METROLOGY_CONDITIONED_EIG,332016,128.33001151830675,2.2717097714836845,445.27923823147125,0,0,0,0,0,32,12,25,10,100
NO_PASSIVE,332017,55.76567595861893,2.091217052672895,445.27923823147125,0,0,0,0,0,32,12,25,10,100
RANDOM,332017,55.76567595861893,2.091217052672895,445.27923823147125,0,0,0,0,0,32,12,25,10,100
HIGHEST_SNR,332017,55.76567595861893,2.091217052672895,445.27923823147125,0,0,0,0,0,32,12,25,10,100
SHORTEST_PULSE,332017,55.76567595861893,2.091217052672895,445.27923823147125,0,0,0,0,0,32,12,25,10,100
METROLOGY_CONDITIONED_EIG,332017,55.76567595861893,2.091217052672895,445.27923823147125,0,0,0,0,0,32,12,25,10,100
NO_PASSIVE,332018,509.1648966017982,2.337488151852617,445.27923823147125,0,0,0,0,0,32,12,25,10,100
RANDOM,332018,509.1648966017982,2.337488151852617,445.27923823147125,0,0,0,0,0,32,12,25,10,100
HIGHEST_SNR,332018,509.1648966017982,2.337488151852617,445.27923823147125,0,0,0,0,0,32,12,25,10,100
SHORTEST_PULSE,332018,509.1648966017982,2.337488151852617,445.27923823147125,0,0,0,0,0,32,12,25,10,100
METROLOGY_CONDITIONED_EIG,332018,509.1648966017982,2.337488151852617,445.27923823147125,0,0,0,0,0,32,12,25,10,100
NO_PASSIVE,332019,251.0060917292986,1.1327928890108714,445.27923823147125,0,0,0,0,0,32,12,25,10,100
RANDOM,332019,251.0060917292986,1.1327928890108714,445.27923823147125,0,0,0,0,0,32,12,25,10,100
HIGHEST_SNR,332019,251.0060917292986,1.1327928890108714,445.27923823147125,0,0,0,0,0,32,12,25,10,100
SHORTEST_PULSE,332019,251.0060917292986,1.1327928890108714,445.27923823147125,0,0,0,0,0,32,12,25,10,100
METROLOGY_CONDITIONED_EIG,332019,251.0060917292986,1.1327928890108714,445.27923823147125,0,0,0,0,0,32,12,25,10,100
NO_PASSIVE,332020,573.3250646728303,2.2361660236053473,445.27923823147125,0,0,0,0,0,32,12,25,10,100
RANDOM,332020,573.3250646728303,2.2361660236053473,445.27923823147125,0,0,0,0,0,32,12,25,10,100
HIGHEST_SNR,332020,573.3250646728303,2.2361660236053473,445.27923823147125,0,0,0,0,0,32,12,25,10,100
SHORTEST_PULSE,332020,573.3250646728303,2.2361660236053473,445.27923823147125,0,0,0,0,0,32,12,25,10,100
METROLOGY_CONDITIONED_EIG,332020,573.3250646728303,2.2361660236053473,445.27923823147125,0,0,0,0,0,32,12,25,10,100
NO_PASSIVE,332021,739.8120918834437,1.3190668861194865,445.27923823147125,0,0,0,0,0,32,12,25,10,100
RANDOM,332021,739.8120918834437,1.3190668861194865,445.27923823147125,0,0,0,0,0,32,12,25,10,100
HIGHEST_SNR,332021,739.8120918834437,1.3190668861194865,445.27923823147125,0,0,0,0,0,32,12,25,10,100
SHORTEST_PULSE,332021,739.8120918834437,1.3190668861194865,445.27923823147125,0,0,0,0,0,32,12,25,10,100
METROLOGY_CONDITIONED_EIG,332021,739.8120918834437,1.3190668861194865,445.27923823147125,0,0,0,0,0,32,12,25,10,100
NO_PASSIVE,332022,923.0224683600925,2.200373920396791,445.27923823147125,0,0,0,0,0,32,12,25,10,100
RANDOM,332022,923.0224683600925,2.200373920396791,445.27923823147125,0,0,0,0,0,32,12,25,10,100
HIGHEST_SNR,332022,923.0224683600925,2.200373920396791,445.27923823147125,0,0,0,0,0,32,12,25,10,100
SHORTEST_PULSE,332022,923.0224683600925,2.200373920396791,445.27923823147125,0,0,0,0,0,32,12,25,10,100
METROLOGY_CONDITIONED_EIG,332022,923.0224683600925,2.200373920396791,445.27923823147125,0,0,0,0,0,32,12,25,10,100
NO_PASSIVE,332023,277.18846734681637,1.3060579723338022,445.27923823147125,0,0,0,0,0,32,12,25,10,100
RANDOM,332023,277.18846734681637,1.3060579723338022,445.27923823147125,0,0,0,0,0,32,12,25,10,100
HIGHEST_SNR,332023,277.18846734681637,1.3060579723338022,445.27923823147125,0,0,0,0,0,32,12,25,10,100
SHORTEST_PULSE,332023,277.18846734681637,1.3060579723338022,445.27923823147125,0,0,0,0,0,32,12,25,10,100
METROLOGY_CONDITIONED_EIG,332023,277.18846734681637,1.3060579723338022,445.27923823147125,0,0,0,0,0,32,12,25,10,100
NO_PASSIVE,332024,225.55736271604025,0.7610709360467347,445.27923823147125,0,0,0,0,0,32,12,25,10,100
RANDOM,332024,225.55736271604025,0.7610709360467347,445.27923823147125,0,0,0,0,0,32,12,25,10,100
HIGHEST_SNR,332024,225.55736271604025,0.7610709360467347,445.27923823147125,0,0,0,0,0,32,12,25,10,100
SHORTEST_PULSE,332024,225.55736271604025,0.7610709360467347,445.27923823147125,0,0,0,0,0,32,12,25,10,100
METROLOGY_CONDITIONED_EIG,332024,225.55736271604025,0.7610709360467347,445.27923823147125,0,0,0,0,0,32,12,25,10,100
NO_PASSIVE,332025,167.5731204865499,1.20755340338383,445.27923823147125,0,0,0,0,0,32,12,25,10,100
RANDOM,332025,167.5731204865499,1.20755340338383,445.27923823147125,0,0,0,0,0,32,12,25,10,100
HIGHEST_SNR,332025,167.5731204865499,1.20755340338383,445.27923823147125,0,0,0,0,0,32,12,25,10,100
SHORTEST_PULSE,332025,167.5731204865499,1.20755340338383,445.27923823147125,0,0,0,0,0,32,12,25,10,100
METROLOGY_CONDITIONED_EIG,332025,167.5731204865499,1.20755340338383,445.27923823147125,0,0,0,0,0,32,12,25,10,100
NO_PASSIVE,332026,393.9597196983507,2.6156485964458405,445.27923823147125,0,0,0,0,0,32,12,25,10,100
RANDOM,332026,393.9597196983507,2.6156485964458405,445.27923823147125,0,0,0,0,0,32,12,25,10,100
HIGHEST_SNR,332026,393.9597196983507,2.6156485964458405,445.27923823147125,0,0,0,0,0,32,12,25,10,100
SHORTEST_PULSE,332026,393.9597196983507,2.6156485964458405,445.27923823147125,0,0,0,0,0,32,12,25,10,100
METROLOGY_CONDITIONED_EIG,332026,393.9597196983507,2.6156485964458405,445.27923823147125,0,0,0,0,0,32,12,25,10,100
NO_PASSIVE,332027,398.68327438191244,2.1334262013433194,445.27923823147125,0,0,0,0,0,32,12,25,10,100
RANDOM,332027,398.68327438191244,2.1334262013433194,445.27923823147125,0,0,0,0,0,32,12,25,10,100
HIGHEST_SNR,332027,398.68327438191244,2.1334262013433194,445.27923823147125,0,0,0,0,0,32,12,25,10,100
SHORTEST_PULSE,332027,398.68327438191244,2.1334262013433194,445.27923823147125,0,0,0,0,0,32,12,25,10,100
METROLOGY_CONDITIONED_EIG,332027,398.68327438191244,2.1334262013433194,445.27923823147125,0,0,0,0,0,32,12,25,10,100
NO_PASSIVE,332028,308.5002533603413,1.8752837508982863,445.27923823147125,0,0,0,0,0,32,12,25,10,100
RANDOM,332028,308.5002533603413,1.8752837508982863,445.27923823147125,0,0,0,0,0,32,12,25,10,100
HIGHEST_SNR,332028,308.5002533603413,1.8752837508982863,445.27923823147125,0,0,0,0,0,32,12,25,10,100
SHORTEST_PULSE,332028,308.5002533603413,1.8752837508982863,445.27923823147125,0,0,0,0,0,32,12,25,10,100
METROLOGY_CONDITIONED_EIG,332028,308.5002533603413,1.8752837508982863,445.27923823147125,0,0,0,0,0,32,12,25,10,100
NO_PASSIVE,332029,252.1262849776156,0.6254238553149176,445.27923823147125,0,0,0,0,1,32,12,25,10,100
RANDOM,332029,202.7650532663926,0.8069606682271706,332.7061437374354,1,0,0,0,1,32,12,25,10,100
HIGHEST_SNR,332029,202.7650532663926,0.8069606682271706,332.7061437374354,1,0,0,0,1,32,12,25,10,100
SHORTEST_PULSE,332029,202.7650532663926,0.8069606682271706,332.7061437374354,1,0,0,0,1,32,12,25,10,100
METROLOGY_CONDITIONED_EIG,332029,202.7650532663926,0.8069606682271706,332.7061437374354,1,0,0,0,1,32,12,25,10,100
NO_PASSIVE,333000,437.65282465193707,2.0729424059865247,445.27923823147125,0,0,0,0,1,33,12,25,100,30
RANDOM,333000,83.65064347382754,2.119737653342708,325.77274648728417,1,0,0,0,1,33,12,25,100,30
HIGHEST_SNR,333000,83.65064347382754,2.119737653342708,325.77274648728417,1,0,0,0,1,33,12,25,100,30
SHORTEST_PULSE,333000,83.65064347382754,2.119737653342708,325.77274648728417,1,0,0,0,1,33,12,25,100,30
METROLOGY_CONDITIONED_EIG,333000,83.65064347382754,2.119737653342708,325.77274648728417,1,0,0,0,1,33,12,25,100,30
NO_PASSIVE,333001,544.898822902987,2.158410173529705,445.27923823147125,0,0,0,0,3,33,12,25,100,30
RANDOM,333001,48.89495958638264,2.1789277382922436,214.28316629923017,3,0,0,0,3,33,12,25,100,30
HIGHEST_SNR,333001,48.89495958638264,2.1789277382922436,214.28316629923017,3,0,0,0,3,33,12,25,100,30
SHORTEST_PULSE,333001,48.89495958638264,2.1789277382922436,214.28316629923017,3,0,0,0,3,33,12,25,100,30
METROLOGY_CONDITIONED_EIG,333001,48.89495958638264,2.1789277382922436,214.28316629923017,3,0,0,0,3,33,12,25,100,30
NO_PASSIVE,333002,638.4652540851051,2.3088146536429774,445.27923823147125,0,0,0,0,29,33,12,25,100,30
RANDOM,333002,655.1208495927707,2.5372150642045668,287.77289066340717,24,3,0,0,29,33,12,25,100,30
HIGHEST_SNR,333002,655.1208495927707,2.5372150642045668,287.77289066340717,24,3,0,0,29,33,12,25,100,30
SHORTEST_PULSE,333002,645.565238593149,2.501562566940265,285.71381713638584,22,5,0,0,29,33,12,25,100,30
METROLOGY_CONDITIONED_EIG,333002,645.565238593149,2.501562566940265,285.71381713638584,22,5,0,0,29,33,12,25,100,30
NO_PASSIVE,333003,416.84141941040446,3.07313939120805,445.27923823147125,0,0,0,0,0,33,12,25,100,30
RANDOM,333003,416.84141941040446,3.07313939120805,445.27923823147125,0,0,0,0,0,33,12,25,100,30
HIGHEST_SNR,333003,416.84141941040446,3.07313939120805,445.27923823147125,0,0,0,0,0,33,12,25,100,30
SHORTEST_PULSE,333003,416.84141941040446,3.07313939120805,445.27923823147125,0,0,0,0,0,33,12,25,100,30
METROLOGY_CONDITIONED_EIG,333003,416.84141941040446,3.07313939120805,445.27923823147125,0,0,0,0,0,33,12,25,100,30
NO_PASSIVE,333004,835.9594457818389,1.7629071627974287,445.27923823147125,0,0,0,0,0,33,12,25,100,30
RANDOM,333004,835.9594457818389,1.7629071627974287,445.27923823147125,0,0,0,0,0,33,12,25,100,30
HIGHEST_SNR,333004,835.9594457818389,1.7629071627974287,445.27923823147125,0,0,0,0,0,33,12,25,100,30
SHORTEST_PULSE,333004,835.9594457818389,1.7629071627974287,445.27923823147125,0,0,0,0,0,33,12,25,100,30
METROLOGY_CONDITIONED_EIG,333004,835.9594457818389,1.7629071627974287,445.27923823147125,0,0,0,0,0,33,12,25,100,30
NO_PASSIVE,333005,154.44398239462672,0.4769306042118855,445.27923823147125,0,0,0,0,2,33,12,25,100,30
RANDOM,333005,145.4369803234192,0.6671331143366009,316.6397578588506,2,0,0,0,2,33,12,25,100,30
HIGHEST_SNR,333005,145.4369803234192,0.6671331143366009,316.6397578588506,2,0,0,0,2,33,12,25,100,30
SHORTEST_PULSE,333005,145.4369803234192,0.6671331143366009,316.6397578588506,2,0,0,0,2,33,12,25,100,30
METROLOGY_CONDITIONED_EIG,333005,145.4369803234192,0.6671331143366009,316.6397578588506,2,0,0,0,2,33,12,25,100,30
NO_PASSIVE,333006,199.18000559385845,1.464274674268924,445.27923823147125,0,0,0,0,0,33,12,25,100,30
RANDOM,333006,199.18000559385845,1.464274674268924,445.27923823147125,0,0,0,0,0,33,12,25,100,30
HIGHEST_SNR,333006,199.18000559385845,1.464274674268924,445.27923823147125,0,0,0,0,0,33,12,25,100,30
SHORTEST_PULSE,333006,199.18000559385845,1.464274674268924,445.27923823147125,0,0,0,0,0,33,12,25,100,30
METROLOGY_CONDITIONED_EIG,333006,199.18000559385845,1.464274674268924,445.27923823147125,0,0,0,0,0,33,12,25,100,30
NO_PASSIVE,333007,346.56540586619496,2.1467472235413823,445.27923823147125,0,0,0,0,2,33,12,25,100,30
RANDOM,333007,184.06690286318903,2.2608506348886053,237.6152115993661,2,0,0,0,2,33,12,25,100,30
HIGHEST_SNR,333007,184.06690286318903,2.2608506348886053,237.6152115993661,2,0,0,0,2,33,12,25,100,30
SHORTEST_PULSE,333007,184.06690286318903,2.2608506348886053,237.6152115993661,2,0,0,0,2,33,12,25,100,30
METROLOGY_CONDITIONED_EIG,333007,184.06690286318903,2.2608506348886053,237.6152115993661,2,0,0,0,2,33,12,25,100,30
NO_PASSIVE,333008,321.938638571013,3.3310149019585413,445.27923823147125,0,0,0,0,0,33,12,25,100,30
RANDOM,333008,321.938638571013,3.3310149019585413,445.27923823147125,0,0,0,0,0,33,12,25,100,30
HIGHEST_SNR,333008,321.938638571013,3.3310149019585413,445.27923823147125,0,0,0,0,0,33,12,25,100,30
SHORTEST_PULSE,333008,321.938638571013,3.3310149019585413,445.27923823147125,0,0,0,0,0,33,12,25,100,30
METROLOGY_CONDITIONED_EIG,333008,321.938638571013,3.3310149019585413,445.27923823147125,0,0,0,0,0,33,12,25,100,30
NO_PASSIVE,333009,288.70219557812516,2.287343663112004,445.27923823147125,0,0,0,0,0,33,12,25,100,30
RANDOM,333009,288.70219557812516,2.287343663112004,445.27923823147125,0,0,0,0,0,33,12,25,100,30
HIGHEST_SNR,333009,288.70219557812516,2.287343663112004,445.27923823147125,0,0,0,0,0,33,12,25,100,30
SHORTEST_PULSE,333009,288.70219557812516,2.287343663112004,445.27923823147125,0,0,0,0,0,33,12,25,100,30
METROLOGY_CONDITIONED_EIG,333009,288.70219557812516,2.287343663112004,445.27923823147125,0,0,0,0,0,33,12,25,100,30
NO_PASSIVE,333010,592.8892934712637,3.330184451615385,445.27923823147125,0,0,0,0,0,33,12,25,100,30
RANDOM,333010,592.8892934712637,3.330184451615385,445.27923823147125,0,0,0,0,0,33,12,25,100,30
HIGHEST_SNR,333010,592.8892934712637,3.330184451615385,445.27923823147125,0,0,0,0,0,33,12,25,100,30
SHORTEST_PULSE,333010,592.8892934712637,3.330184451615385,445.27923823147125,0,0,0,0,0,33,12,25,100,30
METROLOGY_CONDITIONED_EIG,333010,592.8892934712637,3.330184451615385,445.27923823147125,0,0,0,0,0,33,12,25,100,30
NO_PASSIVE,333011,69.21384795037477,2.1154922767272826,445.27923823147125,0,0,0,0,1,33,12,25,100,30
RANDOM,333011,70.38345018346709,2.0887646611886743,317.8504757242082,1,0,0,0,1,33,12,25,100,30
HIGHEST_SNR,333011,70.38345018346709,2.0887646611886743,317.8504757242082,1,0,0,0,1,33,12,25,100,30
SHORTEST_PULSE,333011,70.38345018346709,2.0887646611886743,317.8504757242082,1,0,0,0,1,33,12,25,100,30
METROLOGY_CONDITIONED_EIG,333011,70.38345018346709,2.0887646611886743,317.8504757242082,1,0,0,0,1,33,12,25,100,30
NO_PASSIVE,333012,72.76792664438892,1.3907557767623704,445.27923823147125,0,0,0,0,0,33,12,25,100,30
RANDOM,333012,72.76792664438892,1.3907557767623704,445.27923823147125,0,0,0,0,0,33,12,25,100,30
HIGHEST_SNR,333012,72.76792664438892,1.3907557767623704,445.27923823147125,0,0,0,0,0,33,12,25,100,30
SHORTEST_PULSE,333012,72.76792664438892,1.3907557767623704,445.27923823147125,0,0,0,0,0,33,12,25,100,30
METROLOGY_CONDITIONED_EIG,333012,72.76792664438892,1.3907557767623704,445.27923823147125,0,0,0,0,0,33,12,25,100,30
NO_PASSIVE,333013,91.55139692702004,2.7549963444171657,445.27923823147125,0,0,0,0,0,33,12,25,100,30
RANDOM,333013,91.55139692702004,2.7549963444171657,445.27923823147125,0,0,0,0,0,33,12,25,100,30
HIGHEST_SNR,333013,91.55139692702004,2.7549963444171657,445.27923823147125,0,0,0,0,0,33,12,25,100,30
SHORTEST_PULSE,333013,91.55139692702004,2.7549963444171657,445.27923823147125,0,0,0,0,0,33,12,25,100,30
METROLOGY_CONDITIONED_EIG,333013,91.55139692702004,2.7549963444171657,445.27923823147125,0,0,0,0,0,33,12,25,100,30
NO_PASSIVE,333014,364.1640605378283,3.3417716568596636,445.27923823147125,0,0,0,0,15,33,12,25,100,30
RANDOM,333014,54.157976639256574,2.171659910012295,124.53273644643077,14,0,0,0,15,33,12,25,100,30
HIGHEST_SNR,333014,68.90747605269084,2.0496785274119467,317.04093889190847,14,0,0,0,15,33,12,25,100,30
SHORTEST_PULSE,333014,54.157976639256574,2.171659910012295,124.53273644643077,14,0,0,0,15,33,12,25,100,30
METROLOGY_CONDITIONED_EIG,333014,54.157976639256574,2.171659910012295,124.53273644643077,14,0,0,0,15,33,12,25,100,30
NO_PASSIVE,333015,629.219021514874,3.0367914872561457,445.27923823147125,0,0,0,0,5,33,12,25,100,30
RANDOM,333015,588.3094840805372,2.961925489842079,333.54168554865987,5,0,0,0,5,33,12,25,100,30
HIGHEST_SNR,333015,588.3094840805372,2.961925489842079,333.54168554865987,5,0,0,0,5,33,12,25,100,30
SHORTEST_PULSE,333015,588.3094840805372,2.961925489842079,333.54168554865987,5,0,0,0,5,33,12,25,100,30
METROLOGY_CONDITIONED_EIG,333015,588.3094840805372,2.961925489842079,333.54168554865987,5,0,0,0,5,33,12,25,100,30
NO_PASSIVE,333016,299.9458965464309,2.4849195707083283,445.27923823147125,0,0,0,0,0,33,12,25,100,30
RANDOM,333016,299.9458965464309,2.4849195707083283,445.27923823147125,0,0,0,0,0,33,12,25,100,30
HIGHEST_SNR,333016,299.9458965464309,2.4849195707083283,445.27923823147125,0,0,0,0,0,33,12,25,100,30
SHORTEST_PULSE,333016,299.9458965464309,2.4849195707083283,445.27923823147125,0,0,0,0,0,33,12,25,100,30
METROLOGY_CONDITIONED_EIG,333016,299.9458965464309,2.4849195707083283,445.27923823147125,0,0,0,0,0,33,12,25,100,30
NO_PASSIVE,333017,658.7437676589135,1.5527429616823694,445.27923823147125,0,0,0,0,0,33,12,25,100,30
RANDOM,333017,658.7437676589135,1.5527429616823694,445.27923823147125,0,0,0,0,0,33,12,25,100,30
HIGHEST_SNR,333017,658.7437676589135,1.5527429616823694,445.27923823147125,0,0,0,0,0,33,12,25,100,30
SHORTEST_PULSE,333017,658.7437676589135,1.5527429616823694,445.27923823147125,0,0,0,0,0,33,12,25,100,30
METROLOGY_CONDITIONED_EIG,333017,658.7437676589135,1.5527429616823694,445.27923823147125,0,0,0,0,0,33,12,25,100,30
NO_PASSIVE,333018,642.7592216659174,2.41587657759136,445.27923823147125,0,0,0,0,2,33,12,25,100,30
RANDOM,333018,430.8601208527789,2.5205410080447535,290.7999922791551,2,0,0,0,2,33,12,25,100,30
HIGHEST_SNR,333018,430.8601208527789,2.5205410080447535,290.7999922791551,2,0,0,0,2,33,12,25,100,30
SHORTEST_PULSE,333018,430.8601208527789,2.5205410080447535,290.7999922791551,2,0,0,0,2,33,12,25,100,30
METROLOGY_CONDITIONED_EIG,333018,430.8601208527789,2.5205410080447535,290.7999922791551,2,0,0,0,2,33,12,25,100,30
NO_PASSIVE,333019,337.4048169165113,1.3741568950934109,445.27923823147125,0,0,0,0,0,33,12,25,100,30
RANDOM,333019,337.4048169165113,1.3741568950934109,445.27923823147125,0,0,0,0,0,33,12,25,100,30
HIGHEST_SNR,333019,337.4048169165113,1.3741568950934109,445.27923823147125,0,0,0,0,0,33,12,25,100,30
SHORTEST_PULSE,333019,337.4048169165113,1.3741568950934109,445.27923823147125,0,0,0,0,0,33,12,25,100,30
METROLOGY_CONDITIONED_EIG,333019,337.4048169165113,1.3741568950934109,445.27923823147125,0,0,0,0,0,33,12,25,100,30
NO_PASSIVE,333020,308.27980553804304,1.2561896556188294,445.27923823147125,0,0,0,0,11,33,12,25,100,30
RANDOM,333020,52.57796443106666,0.9191462185164468,36.825652009126394,11,0,0,0,11,33,12,25,100,30
HIGHEST_SNR,333020,52.57796443106666,0.9191462185164468,36.825652009126394,11,0,0,0,11,33,12,25,100,30
SHORTEST_PULSE,333020,52.57796443106666,0.9191462185164468,36.825652009126394,11,0,0,0,11,33,12,25,100,30
METROLOGY_CONDITIONED_EIG,333020,52.57796443106666,0.9191462185164468,36.825652009126394,11,0,0,0,11,33,12,25,100,30
NO_PASSIVE,333021,564.2892751687247,2.188603329153996,445.27923823147125,0,0,0,0,6,33,12,25,100,30
RANDOM,333021,135.3964438132377,2.80975284106503,104.35950334811889,6,0,0,0,6,33,12,25,100,30
HIGHEST_SNR,333021,135.3964438132377,2.80975284106503,104.35950334811889,6,0,0,0,6,33,12,25,100,30
SHORTEST_PULSE,333021,135.3964438132377,2.80975284106503,104.35950334811889,6,0,0,0,6,33,12,25,100,30
METROLOGY_CONDITIONED_EIG,333021,135.3964438132377,2.80975284106503,104.35950334811889,6,0,0,0,6,33,12,25,100,30
NO_PASSIVE,333022,320.02483026816134,0.9581534593831085,445.27923823147125,0,0,0,0,0,33,12,25,100,30
RANDOM,333022,320.02483026816134,0.9581534593831085,445.27923823147125,0,0,0,0,0,33,12,25,100,30
HIGHEST_SNR,333022,320.02483026816134,0.9581534593831085,445.27923823147125,0,0,0,0,0,33,12,25,100,30
SHORTEST_PULSE,333022,320.02483026816134,0.9581534593831085,445.27923823147125,0,0,0,0,0,33,12,25,100,30
METROLOGY_CONDITIONED_EIG,333022,320.02483026816134,0.9581534593831085,445.27923823147125,0,0,0,0,0,33,12,25,100,30
NO_PASSIVE,333023,342.6648754074788,1.0083914252752124,445.27923823147125,0,0,0,0,0,33,12,25,100,30
RANDOM,333023,342.6648754074788,1.0083914252752124,445.27923823147125,0,0,0,0,0,33,12,25,100,30
HIGHEST_SNR,333023,342.6648754074788,1.0083914252752124,445.27923823147125,0,0,0,0,0,33,12,25,100,30
SHORTEST_PULSE,333023,342.6648754074788,1.0083914252752124,445.27923823147125,0,0,0,0,0,33,12,25,100,30
METROLOGY_CONDITIONED_EIG,333023,342.6648754074788,1.0083914252752124,445.27923823147125,0,0,0,0,0,33,12,25,100,30
NO_PASSIVE,333024,294.3871267202736,1.109199267861462,445.27923823147125,0,0,0,0,0,33,12,25,100,30
RANDOM,333024,294.3871267202736,1.109199267861462,445.27923823147125,0,0,0,0,0,33,12,25,100,30
HIGHEST_SNR,333024,294.3871267202736,1.109199267861462,445.27923823147125,0,0,0,0,0,33,12,25,100,30
SHORTEST_PULSE,333024,294.3871267202736,1.109199267861462,445.27923823147125,0,0,0,0,0,33,12,25,100,30
METROLOGY_CONDITIONED_EIG,333024,294.3871267202736,1.109199267861462,445.27923823147125,0,0,0,0,0,33,12,25,100,30
NO_PASSIVE,333025,422.2275078886285,2.047361823084176,445.27923823147125,0,0,0,0,1,33,12,25,100,30
RANDOM,333025,31.135451688653138,2.040782015843686,327.15577884265485,1,0,0,0,1,33,12,25,100,30
HIGHEST_SNR,333025,31.135451688653138,2.040782015843686,327.15577884265485,1,0,0,0,1,33,12,25,100,30
SHORTEST_PULSE,333025,31.135451688653138,2.040782015843686,327.15577884265485,1,0,0,0,1,33,12,25,100,30
METROLOGY_CONDITIONED_EIG,333025,31.135451688653138,2.040782015843686,327.15577884265485,1,0,0,0,1,33,12,25,100,30
NO_PASSIVE,333026,754.2973952863124,1.2300607227033307,445.27923823147125,0,0,0,0,1,33,12,25,100,30
RANDOM,333026,228.00844889529094,1.9775786774457895,321.16026218045386,1,0,0,0,1,33,12,25,100,30
HIGHEST_SNR,333026,228.00844889529094,1.9775786774457895,321.16026218045386,1,0,0,0,1,33,12,25,100,30
SHORTEST_PULSE,333026,228.00844889529094,1.9775786774457895,321.16026218045386,1,0,0,0,1,33,12,25,100,30
METROLOGY_CONDITIONED_EIG,333026,228.00844889529094,1.9775786774457895,321.16026218045386,1,0,0,0,1,33,12,25,100,30
NO_PASSIVE,333027,295.6166548774822,0.4935814914378507,445.27923823147125,0,0,0,0,35,33,12,25,100,30
RANDOM,333027,230.85787172748087,0.15467970425086333,318.7939591488473,35,0,0,0,35,33,12,25,100,30
HIGHEST_SNR,333027,230.85787172748087,0.15467970425086333,318.7939591488473,35,0,0,0,35,33,12,25,100,30
SHORTEST_PULSE,333027,230.85787172748087,0.15467970425086333,318.7939591488473,35,0,0,0,35,33,12,25,100,30
METROLOGY_CONDITIONED_EIG,333027,230.85787172748087,0.15467970425086333,318.7939591488473,35,0,0,0,35,33,12,25,100,30
NO_PASSIVE,333028,441.43289852086116,2.3328286236088753,445.27923823147125,0,0,0,0,0,33,12,25,100,30
RANDOM,333028,441.43289852086116,2.3328286236088753,445.27923823147125,0,0,0,0,0,33,12,25,100,30
HIGHEST_SNR,333028,441.43289852086116,2.3328286236088753,445.27923823147125,0,0,0,0,0,33,12,25,100,30
SHORTEST_PULSE,333028,441.43289852086116,2.3328286236088753,445.27923823147125,0,0,0,0,0,33,12,25,100,30
METROLOGY_CONDITIONED_EIG,333028,441.43289852086116,2.3328286236088753,445.27923823147125,0,0,0,0,0,33,12,25,100,30
NO_PASSIVE,333029,108.68287488621837,2.200754814593807,445.27923823147125,0,0,0,0,11,33,12,25,100,30
RANDOM,333029,184.8271219290041,0.5971604343932287,283.4659368135843,11,0,0,0,11,33,12,25,100,30
HIGHEST_SNR,333029,184.8271219290041,0.5971604343932287,283.4659368135843,11,0,0,0,11,33,12,25,100,30
SHORTEST_PULSE,333029,184.8271219290041,0.5971604343932287,283.4659368135843,11,0,0,0,11,33,12,25,100,30
METROLOGY_CONDITIONED_EIG,333029,184.8271219290041,0.5971604343932287,283.4659368135843,11,0,0,0,11,33,12,25,100,30
NO_PASSIVE,334000,477.5566719812083,0.2062880051380822,445.27923823147125,0,0,0,0,17,34,12,25,100,100
RANDOM,334000,457.6946530251182,0.9298076979332844,312.3614941618451,17,0,0,0,17,34,12,25,100,100
HIGHEST_SNR,334000,457.6946530251182,0.9298076979332844,312.3614941618451,17,0,0,0,17,34,12,25,100,100
SHORTEST_PULSE,334000,457.6946530251182,0.9298076979332844,312.3614941618451,17,0,0,0,17,34,12,25,100,100
METROLOGY_CONDITIONED_EIG,334000,457.6946530251182,0.9298076979332844,312.3614941618451,17,0,0,0,17,34,12,25,100,100
NO_PASSIVE,334001,384.5977163325664,0.579712001357034,445.27923823147125,0,0,0,0,1,34,12,25,100,100
RANDOM,334001,365.84891006622166,0.30188485243622465,331.0253318587437,1,0,0,0,1,34,12,25,100,100
HIGHEST_SNR,334001,365.84891006622166,0.30188485243622465,331.0253318587437,1,0,0,0,1,34,12,25,100,100
SHORTEST_PULSE,334001,365.84891006622166,0.30188485243622465,331.0253318587437,1,0,0,0,1,34,12,25,100,100
METROLOGY_CONDITIONED_EIG,334001,365.84891006622166,0.30188485243622465,331.0253318587437,1,0,0,0,1,34,12,25,100,100
NO_PASSIVE,334002,280.5106346368642,2.728258676555523,445.27923823147125,0,0,0,0,13,34,12,25,100,100
RANDOM,334002,72.05811497367112,1.0162241780263803,313.9772959192669,13,0,0,0,13,34,12,25,100,100
HIGHEST_SNR,334002,72.05811497367112,1.0162241780263803,313.9772959192669,13,0,0,0,13,34,12,25,100,100
SHORTEST_PULSE,334002,72.05811497367112,1.0162241780263803,313.9772959192669,13,0,0,0,13,34,12,25,100,100
METROLOGY_CONDITIONED_EIG,334002,72.05811497367112,1.0162241780263803,313.9772959192669,13,0,0,0,13,34,12,25,100,100
NO_PASSIVE,334003,573.5135815369358,2.024649465591014,445.27923823147125,0,0,0,0,0,34,12,25,100,100
RANDOM,334003,573.5135815369358,2.024649465591014,445.27923823147125,0,0,0,0,0,34,12,25,100,100
HIGHEST_SNR,334003,573.5135815369358,2.024649465591014,445.27923823147125,0,0,0,0,0,34,12,25,100,100
SHORTEST_PULSE,334003,573.5135815369358,2.024649465591014,445.27923823147125,0,0,0,0,0,34,12,25,100,100
METROLOGY_CONDITIONED_EIG,334003,573.5135815369358,2.024649465591014,445.27923823147125,0,0,0,0,0,34,12,25,100,100
NO_PASSIVE,334004,415.0444601371843,1.1313633837424422,445.27923823147125,0,0,0,0,0,34,12,25,100,100
RANDOM,334004,415.0444601371843,1.1313633837424422,445.27923823147125,0,0,0,0,0,34,12,25,100,100
HIGHEST_SNR,334004,415.0444601371843,1.1313633837424422,445.27923823147125,0,0,0,0,0,34,12,25,100,100
SHORTEST_PULSE,334004,415.0444601371843,1.1313633837424422,445.27923823147125,0,0,0,0,0,34,12,25,100,100
METROLOGY_CONDITIONED_EIG,334004,415.0444601371843,1.1313633837424422,445.27923823147125,0,0,0,0,0,34,12,25,100,100
NO_PASSIVE,334005,531.1432753728465,0.8311097881246089,445.27923823147125,0,0,0,0,12,34,12,25,100,100
RANDOM,334005,295.8038517447047,1.1983406782415773,314.9944236371875,12,0,0,0,12,34,12,25,100,100
HIGHEST_SNR,334005,295.8038517447047,1.1983406782415773,314.9944236371875,12,0,0,0,12,34,12,25,100,100
SHORTEST_PULSE,334005,295.8038517447047,1.1983406782415773,314.9944236371875,12,0,0,0,12,34,12,25,100,100
METROLOGY_CONDITIONED_EIG,334005,295.8038517447047,1.1983406782415773,314.9944236371875,12,0,0,0,12,34,12,25,100,100
NO_PASSIVE,334006,390.86063534089243,1.7752999000837868,445.27923823147125,0,0,0,0,32,34,12,25,100,100
RANDOM,334006,58.29706694270213,2.5187313010780037,68.5584449526033,29,0,0,0,32,34,12,25,100,100
HIGHEST_SNR,334006,72.84366883692374,2.742030888992975,66.64617691127613,29,0,0,0,32,34,12,25,100,100
SHORTEST_PULSE,334006,72.84366883692374,2.742030888992975,66.64617691127613,29,0,0,0,32,34,12,25,100,100
METROLOGY_CONDITIONED_EIG,334006,72.84366883692374,2.742030888992975,66.64617691127613,29,0,0,0,32,34,12,25,100,100
NO_PASSIVE,334007,323.92658561410116,1.7084833021231902,445.27923823147125,0,0,0,0,0,34,12,25,100,100
RANDOM,334007,323.92658561410116,1.7084833021231902,445.27923823147125,0,0,0,0,0,34,12,25,100,100
HIGHEST_SNR,334007,323.92658561410116,1.7084833021231902,445.27923823147125,0,0,0,0,0,34,12,25,100,100
SHORTEST_PULSE,334007,323.92658561410116,1.7084833021231902,445.27923823147125,0,0,0,0,0,34,12,25,100,100
METROLOGY_CONDITIONED_EIG,334007,323.92658561410116,1.7084833021231902,445.27923823147125,0,0,0,0,0,34,12,25,100,100
NO_PASSIVE,334008,563.0390074305143,2.1389771463606193,445.27923823147125,0,0,0,0,11,34,12,25,100,100
RANDOM,334008,126.41787365805096,2.2091636741932272,288.90946067893293,11,0,0,0,11,34,12,25,100,100
HIGHEST_SNR,334008,126.41787365805096,2.2091636741932272,288.90946067893293,11,0,0,0,11,34,12,25,100,100
SHORTEST_PULSE,334008,126.41787365805096,2.2091636741932272,288.90946067893293,11,0,0,0,11,34,12,25,100,100
METROLOGY_CONDITIONED_EIG,334008,126.41787365805096,2.2091636741932272,288.90946067893293,11,0,0,0,11,34,12,25,100,100
NO_PASSIVE,334009,347.962663695044,0.7317522553049236,445.27923823147125,0,0,0,0,0,34,12,25,100,100
RANDOM,334009,347.962663695044,0.7317522553049236,445.27923823147125,0,0,0,0,0,34,12,25,100,100
HIGHEST_SNR,334009,347.962663695044,0.7317522553049236,445.27923823147125,0,0,0,0,0,34,12,25,100,100
SHORTEST_PULSE,334009,347.962663695044,0.7317522553049236,445.27923823147125,0,0,0,0,0,34,12,25,100,100
METROLOGY_CONDITIONED_EIG,334009,347.962663695044,0.7317522553049236,445.27923823147125,0,0,0,0,0,34,12,25,100,100
NO_PASSIVE,334010,527.5576129405073,0.5690846377983185,445.27923823147125,0,0,0,0,2,34,12,25,100,100
RANDOM,334010,174.8580532054874,0.5493266947354448,317.3834581977539,2,0,0,0,2,34,12,25,100,100
HIGHEST_SNR,334010,174.8580532054874,0.5493266947354448,317.3834581977539,2,0,0,0,2,34,12,25,100,100
SHORTEST_PULSE,334010,174.8580532054874,0.5493266947354448,317.3834581977539,2,0,0,0,2,34,12,25,100,100
METROLOGY_CONDITIONED_EIG,334010,174.8580532054874,0.5493266947354448,317.3834581977539,2,0,0,0,2,34,12,25,100,100
NO_PASSIVE,334011,393.10929846454854,2.2097241802320435,445.27923823147125,0,0,0,0,0,34,12,25,100,100
RANDOM,334011,393.10929846454854,2.2097241802320435,445.27923823147125,0,0,0,0,0,34,12,25,100,100
HIGHEST_SNR,334011,393.10929846454854,2.2097241802320435,445.27923823147125,0,0,0,0,0,34,12,25,100,100
SHORTEST_PULSE,334011,393.10929846454854,2.2097241802320435,445.27923823147125,0,0,0,0,0,34,12,25,100,100
METROLOGY_CONDITIONED_EIG,334011,393.10929846454854,2.2097241802320435,445.27923823147125,0,0,0,0,0,34,12,25,100,100
NO_PASSIVE,334012,136.31911760130518,1.4643074065306318,445.27923823147125,0,0,0,0,4,34,12,25,100,100
RANDOM,334012,171.91429697401313,1.460527288182826,339.34943638522134,4,0,0,0,4,34,12,25,100,100
HIGHEST_SNR,334012,171.91429697401313,1.460527288182826,339.34943638522134,4,0,0,0,4,34,12,25,100,100
SHORTEST_PULSE,334012,171.91429697401313,1.460527288182826,339.34943638522134,4,0,0,0,4,34,12,25,100,100
METROLOGY_CONDITIONED_EIG,334012,171.91429697401313,1.460527288182826,339.34943638522134,4,0,0,0,4,34,12,25,100,100
NO_PASSIVE,334013,459.3762302594494,0.42971077900072707,445.27923823147125,0,0,0,0,2,34,12,25,100,100
RANDOM,334013,233.85603839267915,0.6598971596638771,321.3940293428988,2,0,0,0,2,34,12,25,100,100
HIGHEST_SNR,334013,233.85603839267915,0.6598971596638771,321.3940293428988,2,0,0,0,2,34,12,25,100,100
SHORTEST_PULSE,334013,233.85603839267915,0.6598971596638771,321.3940293428988,2,0,0,0,2,34,12,25,100,100
METROLOGY_CONDITIONED_EIG,334013,233.85603839267915,0.6598971596638771,321.3940293428988,2,0,0,0,2,34,12,25,100,100
NO_PASSIVE,334014,245.90192522770985,1.036063943660821,445.27923823147125,0,0,0,0,10,34,12,25,100,100
RANDOM,334014,103.29902224033106,0.7664250808892726,108.90043789102202,8,0,0,0,10,34,12,25,100,100
HIGHEST_SNR,334014,128.09828769407153,0.8558254614149309,117.9575130634292,8,0,0,0,10,34,12,25,100,100
SHORTEST_PULSE,334014,66.86086595184028,0.361224355903013,105.91411631060473,8,0,0,0,10,34,12,25,100,100
METROLOGY_CONDITIONED_EIG,334014,103.29902224033106,0.7664250808892726,108.90043789102202,8,0,0,0,10,34,12,25,100,100
NO_PASSIVE,334015,389.5152373681823,1.8273382809641068,445.27923823147125,0,0,0,0,0,34,12,25,100,100
RANDOM,334015,389.5152373681823,1.8273382809641068,445.27923823147125,0,0,0,0,0,34,12,25,100,100
HIGHEST_SNR,334015,389.5152373681823,1.8273382809641068,445.27923823147125,0,0,0,0,0,34,12,25,100,100
SHORTEST_PULSE,334015,389.5152373681823,1.8273382809641068,445.27923823147125,0,0,0,0,0,34,12,25,100,100
METROLOGY_CONDITIONED_EIG,334015,389.5152373681823,1.8273382809641068,445.27923823147125,0,0,0,0,0,34,12,25,100,100
NO_PASSIVE,334016,402.79820856769106,0.7319728249666408,445.27923823147125,0,0,0,0,0,34,12,25,100,100
RANDOM,334016,402.79820856769106,0.7319728249666408,445.27923823147125,0,0,0,0,0,34,12,25,100,100
HIGHEST_SNR,334016,402.79820856769106,0.7319728249666408,445.27923823147125,0,0,0,0,0,34,12,25,100,100
SHORTEST_PULSE,334016,402.79820856769106,0.7319728249666408,445.27923823147125,0,0,0,0,0,34,12,25,100,100
METROLOGY_CONDITIONED_EIG,334016,402.79820856769106,0.7319728249666408,445.27923823147125,0,0,0,0,0,34,12,25,100,100
NO_PASSIVE,334017,362.09236094766965,2.241665038518686,445.27923823147125,0,0,0,0,0,34,12,25,100,100
RANDOM,334017,362.09236094766965,2.241665038518686,445.27923823147125,0,0,0,0,0,34,12,25,100,100
HIGHEST_SNR,334017,362.09236094766965,2.241665038518686,445.27923823147125,0,0,0,0,0,34,12,25,100,100
SHORTEST_PULSE,334017,362.09236094766965,2.241665038518686,445.27923823147125,0,0,0,0,0,34,12,25,100,100
METROLOGY_CONDITIONED_EIG,334017,362.09236094766965,2.241665038518686,445.27923823147125,0,0,0,0,0,34,12,25,100,100
NO_PASSIVE,334018,231.45595328596974,1.746364206471803,445.27923823147125,0,0,0,0,8,34,12,25,100,100
RANDOM,334018,88.40880521787972,2.0434908190574705,307.6698859787198,7,0,0,0,8,34,12,25,100,100
HIGHEST_SNR,334018,88.40880521787972,2.0434908190574705,307.6698859787198,7,0,0,0,8,34,12,25,100,100
SHORTEST_PULSE,334018,88.40880521787972,2.0434908190574705,307.6698859787198,7,0,0,0,8,34,12,25,100,100
METROLOGY_CONDITIONED_EIG,334018,88.40880521787972,2.0434908190574705,307.6698859787198,7,0,0,0,8,34,12,25,100,100
NO_PASSIVE,334019,247.1172965238563,1.5177701277752793,445.27923823147125,0,0,0,0,0,34,12,25,100,100
RANDOM,334019,247.1172965238563,1.5177701277752793,445.27923823147125,0,0,0,0,0,34,12,25,100,100
HIGHEST_SNR,334019,247.1172965238563,1.5177701277752793,445.27923823147125,0,0,0,0,0,34,12,25,100,100
SHORTEST_PULSE,334019,247.1172965238563,1.5177701277752793,445.27923823147125,0,0,0,0,0,34,12,25,100,100
METROLOGY_CONDITIONED_EIG,334019,247.1172965238563,1.5177701277752793,445.27923823147125,0,0,0,0,0,34,12,25,100,100
NO_PASSIVE,334020,103.78524501454336,3.5984741609056483,445.27923823147125,0,0,0,0,2,34,12,25,100,100
RANDOM,334020,103.47624672554925,3.5977144621298067,445.2596309464265,2,0,0,0,2,34,12,25,100,100
HIGHEST_SNR,334020,103.47624672554925,3.5977144621298067,445.2596309464265,2,0,0,0,2,34,12,25,100,100
SHORTEST_PULSE,334020,103.47624672554925,3.5977144621298067,445.2596309464265,2,0,0,0,2,34,12,25,100,100
METROLOGY_CONDITIONED_EIG,334020,103.47624672554925,3.5977144621298067,445.2596309464265,2,0,0,0,2,34,12,25,100,100
NO_PASSIVE,334021,597.7062215142976,1.1705117435706054,445.27923823147125,0,0,0,0,0,34,12,25,100,100
RANDOM,334021,597.7062215142976,1.1705117435706054,445.27923823147125,0,0,0,0,0,34,12,25,100,100
HIGHEST_SNR,334021,597.7062215142976,1.1705117435706054,445.27923823147125,0,0,0,0,0,34,12,25,100,100
SHORTEST_PULSE,334021,597.7062215142976,1.1705117435706054,445.27923823147125,0,0,0,0,0,34,12,25,100,100
METROLOGY_CONDITIONED_EIG,334021,597.7062215142976,1.1705117435706054,445.27923823147125,0,0,0,0,0,34,12,25,100,100
NO_PASSIVE,334022,430.2657974775878,2.2982423423687517,445.27923823147125,0,0,0,0,0,34,12,25,100,100
RANDOM,334022,430.2657974775878,2.2982423423687517,445.27923823147125,0,0,0,0,0,34,12,25,100,100
HIGHEST_SNR,334022,430.2657974775878,2.2982423423687517,445.27923823147125,0,0,0,0,0,34,12,25,100,100
SHORTEST_PULSE,334022,430.2657974775878,2.2982423423687517,445.27923823147125,0,0,0,0,0,34,12,25,100,100
METROLOGY_CONDITIONED_EIG,334022,430.2657974775878,2.2982423423687517,445.27923823147125,0,0,0,0,0,34,12,25,100,100
NO_PASSIVE,334023,496.7981736743809,1.8576122210449504,445.27923823147125,0,0,0,0,8,34,12,25,100,100
RANDOM,334023,386.45674380013077,1.8870047875583107,316.2883368964891,8,0,0,0,8,34,12,25,100,100
HIGHEST_SNR,334023,386.45674380013077,1.8870047875583107,316.2883368964891,8,0,0,0,8,34,12,25,100,100
SHORTEST_PULSE,334023,386.45674380013077,1.8870047875583107,316.2883368964891,8,0,0,0,8,34,12,25,100,100
METROLOGY_CONDITIONED_EIG,334023,386.45674380013077,1.8870047875583107,316.2883368964891,8,0,0,0,8,34,12,25,100,100
NO_PASSIVE,334024,646.8302598318656,3.608797619644281,445.27923823147125,0,0,0,0,0,34,12,25,100,100
RANDOM,334024,646.8302598318656,3.608797619644281,445.27923823147125,0,0,0,0,0,34,12,25,100,100
HIGHEST_SNR,334024,646.8302598318656,3.608797619644281,445.27923823147125,0,0,0,0,0,34,12,25,100,100
SHORTEST_PULSE,334024,646.8302598318656,3.608797619644281,445.27923823147125,0,0,0,0,0,34,12,25,100,100
METROLOGY_CONDITIONED_EIG,334024,646.8302598318656,3.608797619644281,445.27923823147125,0,0,0,0,0,34,12,25,100,100
NO_PASSIVE,334025,61.89304678424918,2.0124072644846875,445.27923823147125,0,0,0,0,0,34,12,25,100,100
RANDOM,334025,61.89304678424918,2.0124072644846875,445.27923823147125,0,0,0,0,0,34,12,25,100,100
HIGHEST_SNR,334025,61.89304678424918,2.0124072644846875,445.27923823147125,0,0,0,0,0,34,12,25,100,100
SHORTEST_PULSE,334025,61.89304678424918,2.0124072644846875,445.27923823147125,0,0,0,0,0,34,12,25,100,100
METROLOGY_CONDITIONED_EIG,334025,61.89304678424918,2.0124072644846875,445.27923823147125,0,0,0,0,0,34,12,25,100,100
NO_PASSIVE,334026,375.3269703074274,2.559169223309764,445.27923823147125,0,0,0,0,9,34,12,25,100,100
RANDOM,334026,101.65333505606897,2.2988253184989493,95.90923297897714,9,0,0,0,9,34,12,25,100,100
HIGHEST_SNR,334026,101.65333505606897,2.2988253184989493,95.90923297897714,9,0,0,0,9,34,12,25,100,100
SHORTEST_PULSE,334026,101.65333505606897,2.2988253184989493,95.90923297897714,9,0,0,0,9,34,12,25,100,100
METROLOGY_CONDITIONED_EIG,334026,101.65333505606897,2.2988253184989493,95.90923297897714,9,0,0,0,9,34,12,25,100,100
NO_PASSIVE,334027,545.1525239701914,3.193382517158131,445.27923823147125,0,0,0,0,5,34,12,25,100,100
RANDOM,334027,473.39276730829096,2.3615927385258777,322.6643143482024,5,0,0,0,5,34,12,25,100,100
HIGHEST_SNR,334027,473.39276730829096,2.3615927385258777,322.6643143482024,5,0,0,0,5,34,12,25,100,100
SHORTEST_PULSE,334027,473.39276730829096,2.3615927385258777,322.6643143482024,5,0,0,0,5,34,12,25,100,100
METROLOGY_CONDITIONED_EIG,334027,473.39276730829096,2.3615927385258777,322.6643143482024,5,0,0,0,5,34,12,25,100,100
NO_PASSIVE,334028,126.43104220761064,2.5109771259101477,445.27923823147125,0,0,0,0,0,34,12,25,100,100
RANDOM,334028,126.43104220761064,2.5109771259101477,445.27923823147125,0,0,0,0,0,34,12,25,100,100
HIGHEST_SNR,334028,126.43104220761064,2.5109771259101477,445.27923823147125,0,0,0,0,0,34,12,25,100,100
SHORTEST_PULSE,334028,126.43104220761064,2.5109771259101477,445.27923823147125,0,0,0,0,0,34,12,25,100,100
METROLOGY_CONDITIONED_EIG,334028,126.43104220761064,2.5109771259101477,445.27923823147125,0,0,0,0,0,34,12,25,100,100
NO_PASSIVE,334029,548.1743028403602,2.7858796157899737,445.27923823147125,0,0,0,0,0,34,12,25,100,100
RANDOM,334029,548.1743028403602,2.7858796157899737,445.27923823147125,0,0,0,0,0,34,12,25,100,100
HIGHEST_SNR,334029,548.1743028403602,2.7858796157899737,445.27923823147125,0,0,0,0,0,34,12,25,100,100
SHORTEST_PULSE,334029,548.1743028403602,2.7858796157899737,445.27923823147125,0,0,0,0,0,34,12,25,100,100
METROLOGY_CONDITIONED_EIG,334029,548.1743028403602,2.7858796157899737,445.27923823147125,0,0,0,0,0,34,12,25,100,100
NO_PASSIVE,335000,273.1704706593176,0.9275128102665876,445.27923823147125,0,0,0,0,160,35,12,25,1000,30
RANDOM,335000,9.963628488173594,0.31357283629655797,22.94745570452263,60,0,0,0,160,35,12,25,1000,30
HIGHEST_SNR,335000,8.977675579024625,1.0187230259927254,28.27388680468134,60,0,0,0,160,35,12,25,1000,30
SHORTEST_PULSE,335000,16.1934213339208,0.23444566656193924,19.138484358214026,60,0,0,0,160,35,12,25,1000,30
METROLOGY_CONDITIONED_EIG,335000,10.629296010044008,0.24670544417527437,20.212828896473887,60,0,0,0,160,35,12,25,1000,30
NO_PASSIVE,335001,133.74816966046748,1.4705847817989848,445.27923823147125,0,0,0,0,58,35,12,25,1000,30
RANDOM,335001,10.789197353402164,0.4966266093967777,35.100589495353034,38,0,0,0,58,35,12,25,1000,30
HIGHEST_SNR,335001,17.104816935166685,0.8155926355871098,29.98617714892044,38,0,0,0,58,35,12,25,1000,30
SHORTEST_PULSE,335001,25.530336871274766,0.9209587364346812,28.146102591149585,38,0,0,0,58,35,12,25,1000,30
METROLOGY_CONDITIONED_EIG,335001,27.777278889238726,1.096668326752793,28.117583074537823,38,0,0,0,58,35,12,25,1000,30
NO_PASSIVE,335002,669.7594991703355,1.8973143354527506,445.27923823147125,0,0,0,0,37,35,12,25,1000,30
RANDOM,335002,41.922016690239424,1.0359070817751383,40.55883175858803,33,1,0,0,37,35,12,25,1000,30
HIGHEST_SNR,335002,40.87498522349878,1.043830859437074,39.99737001213676,33,1,0,0,37,35,12,25,1000,30
SHORTEST_PULSE,335002,40.87498522349878,1.043830859437074,39.99737001213676,33,1,0,0,37,35,12,25,1000,30
METROLOGY_CONDITIONED_EIG,335002,30.84044785687695,0.8284732008717062,37.62093476229972,33,1,0,0,37,35,12,25,1000,30
NO_PASSIVE,335003,382.27866291003716,2.1864258481983696,445.27923823147125,0,0,0,0,38,35,12,25,1000,30
RANDOM,335003,17.80139891765919,0.12623579230622606,28.027300171922064,35,0,0,0,38,35,12,25,1000,30
HIGHEST_SNR,335003,20.10962065461452,0.11315068696597311,28.040055159056426,35,0,0,0,38,35,12,25,1000,30
SHORTEST_PULSE,335003,17.80139891765919,0.12623579230622606,28.027300171922064,35,0,0,0,38,35,12,25,1000,30
METROLOGY_CONDITIONED_EIG,335003,14.051154988726086,0.11611120125737681,27.967300985801334,35,0,0,0,38,35,12,25,1000,30
NO_PASSIVE,335004,436.2081755182385,0.49636063163914795,445.27923823147125,0,0,0,0,34,35,12,25,1000,30
RANDOM,335004,18.63997433272345,1.444201560769837,32.05966810647139,29,0,0,0,34,35,12,25,1000,30
HIGHEST_SNR,335004,21.879951615778474,1.8367399340354675,38.721488654905436,29,0,0,0,34,35,12,25,1000,30
SHORTEST_PULSE,335004,17.878317859641985,1.574115502954236,32.57360700389794,29,0,0,0,34,35,12,25,1000,30
METROLOGY_CONDITIONED_EIG,335004,13.868843703180339,1.4644500052530673,31.12097865524886,29,0,0,0,34,35,12,25,1000,30
NO_PASSIVE,335005,361.1357904393383,0.568819276779588,445.27923823147125,0,0,0,0,25,35,12,25,1000,30
RANDOM,335005,6.458595008964485,0.2941928977124253,33.1599274158897,23,0,0,0,25,35,12,25,1000,30
HIGHEST_SNR,335005,11.648030132998016,0.8427496835756763,33.51626267646998,22,1,0,0,25,35,12,25,1000,30
SHORTEST_PULSE,335005,6.458595008964485,0.2941928977124253,33.1599274158897,23,0,0,0,25,35,12,25,1000,30
METROLOGY_CONDITIONED_EIG,335005,6.458595008964485,0.2941928977124253,33.1599274158897,23,0,0,0,25,35,12,25,1000,30
NO_PASSIVE,335006,129.9013299569318,3.096619748059151,445.27923823147125,0,0,0,0,68,35,12,25,1000,30
RANDOM,335006,38.14955448648205,1.2245169056319223,36.30263974846852,48,0,0,0,68,35,12,25,1000,30
HIGHEST_SNR,335006,124.04749171338833,2.539042718010192,79.10339444312247,48,0,0,0,68,35,12,25,1000,30
SHORTEST_PULSE,335006,124.04749171338833,2.539042718010192,79.10339444312247,48,0,0,0,68,35,12,25,1000,30
METROLOGY_CONDITIONED_EIG,335006,23.394485033387866,0.8101293451729412,26.04568536105485,48,0,0,0,68,35,12,25,1000,30
NO_PASSIVE,335007,129.31804908943298,1.9478523137215733,445.27923823147125,0,0,0,0,62,35,12,25,1000,30
RANDOM,335007,12.705313029455262,0.75507481605209,24.113310385384363,39,0,0,0,62,35,12,25,1000,30
HIGHEST_SNR,335007,8.298313303145925,0.5534243126591671,29.27793956430011,38,1,0,0,62,35,12,25,1000,30
SHORTEST_PULSE,335007,27.72249979257234,0.9823193238824746,21.40608589486551,39,0,0,0,62,35,12,25,1000,30
METROLOGY_CONDITIONED_EIG,335007,27.760892937797344,0.9765179632516924,21.37048039306631,39,0,0,0,62,35,12,25,1000,30
NO_PASSIVE,335008,211.7005843778254,2.7960699992234033,445.27923823147125,0,0,0,0,7,35,12,25,1000,30
RANDOM,335008,76.1989733965581,1.4950271492854317,96.40660766350386,7,0,0,0,7,35,12,25,1000,30
HIGHEST_SNR,335008,76.1989733965581,1.4950271492854317,96.40660766350386,7,0,0,0,7,35,12,25,1000,30
SHORTEST_PULSE,335008,76.1989733965581,1.4950271492854317,96.40660766350386,7,0,0,0,7,35,12,25,1000,30
METROLOGY_CONDITIONED_EIG,335008,76.1989733965581,1.4950271492854317,96.40660766350386,7,0,0,0,7,35,12,25,1000,30
NO_PASSIVE,335009,809.0653175075652,0.2121364289936854,445.27923823147125,0,0,0,0,64,35,12,25,1000,30
RANDOM,335009,23.613363050311992,0.7091312502474788,36.389051620622304,41,0,0,0,64,35,12,25,1000,30
HIGHEST_SNR,335009,24.0071332102354,0.5030589141133203,33.337944521630625,41,0,0,0,64,35,12,25,1000,30
SHORTEST_PULSE,335009,24.0071332102354,0.5030589141133203,33.337944521630625,41,0,0,0,64,35,12,25,1000,30
METROLOGY_CONDITIONED_EIG,335009,26.088785186238763,0.3728888994385389,32.927451040602215,41,0,0,0,64,35,12,25,1000,30
NO_PASSIVE,335010,379.19656684818045,0.5260665734668137,445.27923823147125,0,0,0,0,49,35,12,25,1000,30
RANDOM,335010,15.163625761366163,0.43553954223970065,74.26846380604401,35,1,0,0,49,35,12,25,1000,30
HIGHEST_SNR,335010,28.144235853610976,0.4364793915316535,67.01998488391067,35,1,0,0,49,35,12,25,1000,30
SHORTEST_PULSE,335010,25.49988984417468,0.42234863458614347,81.51766038197177,35,1,0,0,49,35,12,25,1000,30
METROLOGY_CONDITIONED_EIG,335010,15.218839056251195,0.28380523186960943,61.88527910464871,35,1,0,0,49,35,12,25,1000,30
NO_PASSIVE,335011,323.6851472823039,2.7505011824739833,445.27923823147125,0,0,0,0,39,35,12,25,1000,30
RANDOM,335011,37.54764178452149,0.5135382237852251,57.38147539377853,24,2,0,0,39,35,12,25,1000,30
HIGHEST_SNR,335011,45.64236102205163,0.7908854693000998,64.80854402096612,25,1,0,0,39,35,12,25,1000,30
SHORTEST_PULSE,335011,53.55106765510951,1.0113572414239904,42.9627268952688,26,0,0,0,39,35,12,25,1000,30
METROLOGY_CONDITIONED_EIG,335011,50.636284190877426,0.6078789633875923,42.992504318267464,26,0,0,0,39,35,12,25,1000,30
NO_PASSIVE,335012,143.400699437656,3.152999535629613,445.27923823147125,0,0,0,0,8,35,12,25,1000,30
RANDOM,335012,12.87646380023223,0.8883778940626375,75.2219520480635,8,0,0,0,8,35,12,25,1000,30
HIGHEST_SNR,335012,12.87646380023223,0.8883778940626375,75.2219520480635,8,0,0,0,8,35,12,25,1000,30
SHORTEST_PULSE,335012,12.87646380023223,0.8883778940626375,75.2219520480635,8,0,0,0,8,35,12,25,1000,30
METROLOGY_CONDITIONED_EIG,335012,12.87646380023223,0.8883778940626375,75.2219520480635,8,0,0,0,8,35,12,25,1000,30
NO_PASSIVE,335013,319.3212781882421,2.241645413422858,445.27923823147125,0,0,0,0,25,35,12,25,1000,30
RANDOM,335013,21.65035099572354,0.8270201797068948,62.99189376636218,22,0,0,0,25,35,12,25,1000,30
HIGHEST_SNR,335013,21.65035099572354,0.8270201797068948,62.99189376636218,22,0,0,0,25,35,12,25,1000,30
SHORTEST_PULSE,335013,9.773486866022212,0.8722793832305205,49.89476982155339,22,0,0,0,25,35,12,25,1000,30
METROLOGY_CONDITIONED_EIG,335013,8.57010934461959,0.8228106280216017,49.92777632380793,22,0,0,0,25,35,12,25,1000,30
NO_PASSIVE,335014,660.0224792129654,2.059153534282672,445.27923823147125,0,0,0,0,51,35,12,25,1000,30
RANDOM,335014,55.55491375580666,1.35112745204265,100.33489576026749,44,1,0,0,51,35,12,25,1000,30
HIGHEST_SNR,335014,37.62159238241052,1.3875560006596572,99.41417059085886,44,1,0,0,51,35,12,25,1000,30
SHORTEST_PULSE,335014,89.87369427069459,1.2712728011992416,100.69836522772103,44,1,0,0,51,35,12,25,1000,30
METROLOGY_CONDITIONED_EIG,335014,79.98221596210011,1.1772313392270957,99.9546653097042,44,1,0,0,51,35,12,25,1000,30
NO_PASSIVE,335015,234.36015295680087,1.8246978350216616,445.27923823147125,0,0,0,0,23,35,12,25,1000,30
RANDOM,335015,88.9468919356477,1.7828621986024586,53.76417347739777,21,0,0,0,23,35,12,25,1000,30
HIGHEST_SNR,335015,79.02581324888595,1.624774131307525,54.25017059939214,21,0,0,0,23,35,12,25,1000,30
SHORTEST_PULSE,335015,93.43730237104319,1.8392846136528795,52.12118720888061,21,0,0,0,23,35,12,25,1000,30
METROLOGY_CONDITIONED_EIG,335015,83.56336245661721,1.6821751404558782,52.875808795109926,21,0,0,0,23,35,12,25,1000,30
NO_PASSIVE,335016,943.5681754711053,0.47839772242728834,445.27923823147125,0,0,0,0,10,35,12,25,1000,30
RANDOM,335016,926.3261083976959,0.4788466965658081,326.4607966518277,2,8,0,0,10,35,12,25,1000,30
HIGHEST_SNR,335016,926.3261083976959,0.4788466965658081,326.4607966518277,2,8,0,0,10,35,12,25,1000,30
SHORTEST_PULSE,335016,926.3261083976959,0.4788466965658081,326.4607966518277,2,8,0,0,10,35,12,25,1000,30
METROLOGY_CONDITIONED_EIG,335016,926.3261083976959,0.4788466965658081,326.4607966518277,2,8,0,0,10,35,12,25,1000,30
NO_PASSIVE,335017,344.7254992476016,2.103259536968044,445.27923823147125,0,0,0,0,8,35,12,25,1000,30
RANDOM,335017,44.77378345854581,1.958552961156673,118.59509436368157,8,0,0,0,8,35,12,25,1000,30
HIGHEST_SNR,335017,44.77378345854581,1.958552961156673,118.59509436368157,8,0,0,0,8,35,12,25,1000,30
SHORTEST_PULSE,335017,44.77378345854581,1.958552961156673,118.59509436368157,8,0,0,0,8,35,12,25,1000,30
METROLOGY_CONDITIONED_EIG,335017,44.77378345854581,1.958552961156673,118.59509436368157,8,0,0,0,8,35,12,25,1000,30
NO_PASSIVE,335018,348.18044304226925,2.293001276876399,445.27923823147125,0,0,0,0,98,35,12,25,1000,30
RANDOM,335018,44.71032266294237,0.7447265006287753,40.782483245156975,59,0,0,0,98,35,12,25,1000,30
HIGHEST_SNR,335018,15.200797855879996,0.8445157513682884,58.93817140121533,59,0,0,0,98,35,12,25,1000,30
SHORTEST_PULSE,335018,56.114817040453296,1.4007016586441754,39.87175058970884,59,0,0,0,98,35,12,25,1000,30
METROLOGY_CONDITIONED_EIG,335018,56.07990120925968,2.1707021456933724,35.4196223108858,58,1,0,0,98,35,12,25,1000,30
NO_PASSIVE,335019,310.0430418886603,3.9497920027368196,445.27923823147125,0,0,0,0,19,35,12,25,1000,30
RANDOM,335019,190.33267940033244,3.591750394123452,69.0690332216476,16,0,0,0,19,35,12,25,1000,30
HIGHEST_SNR,335019,176.33775152225675,3.461768770968328,66.82144802242765,16,0,0,0,19,35,12,25,1000,30
SHORTEST_PULSE,335019,165.898203063324,3.942020317369448,68.87228598989033,16,0,0,0,19,35,12,25,1000,30
METROLOGY_CONDITIONED_EIG,335019,173.00720269238735,3.6545004661654596,66.79326235381484,16,0,0,0,19,35,12,25,1000,30
NO_PASSIVE,335020,610.3436111269144,1.7085803649821842,445.27923823147125,0,0,0,0,3,35,12,25,1000,30
RANDOM,335020,48.17935824740362,1.3563408435638464,90.98175764512584,3,0,0,0,3,35,12,25,1000,30
HIGHEST_SNR,335020,48.17935824740362,1.3563408435638464,90.98175764512584,3,0,0,0,3,35,12,25,1000,30
SHORTEST_PULSE,335020,48.17935824740362,1.3563408435638464,90.98175764512584,3,0,0,0,3,35,12,25,1000,30
METROLOGY_CONDITIONED_EIG,335020,48.17935824740362,1.3563408435638464,90.98175764512584,3,0,0,0,3,35,12,25,1000,30
NO_PASSIVE,335021,355.3226773883877,2.5733872912016675,445.27923823147125,0,0,0,0,2,35,12,25,1000,30
RANDOM,335021,120.2062817209741,2.6917391732257263,135.8553363400398,2,0,0,0,2,35,12,25,1000,30
HIGHEST_SNR,335021,120.2062817209741,2.6917391732257263,135.8553363400398,2,0,0,0,2,35,12,25,1000,30
SHORTEST_PULSE,335021,120.2062817209741,2.6917391732257263,135.8553363400398,2,0,0,0,2,35,12,25,1000,30
METROLOGY_CONDITIONED_EIG,335021,120.2062817209741,2.6917391732257263,135.8553363400398,2,0,0,0,2,35,12,25,1000,30
NO_PASSIVE,335022,58.14765844040072,0.5779533068358765,445.27923823147125,0,0,0,0,19,35,12,25,1000,30
RANDOM,335022,19.23189928153408,0.9185934186274537,57.78620541193393,18,0,0,0,19,35,12,25,1000,30
HIGHEST_SNR,335022,30.128514072594903,1.0571238818002624,73.77713739702288,18,0,0,0,19,35,12,25,1000,30
SHORTEST_PULSE,335022,19.23189928153408,0.9185934186274537,57.78620541193393,18,0,0,0,19,35,12,25,1000,30
METROLOGY_CONDITIONED_EIG,335022,19.23189928153408,0.9185934186274537,57.78620541193393,18,0,0,0,19,35,12,25,1000,30
NO_PASSIVE,335023,259.88287692294205,2.496270382270271,445.27923823147125,0,0,0,0,21,35,12,25,1000,30
RANDOM,335023,37.487543245903126,0.27042487233557666,56.93485228494089,21,0,0,0,21,35,12,25,1000,30
HIGHEST_SNR,335023,37.487543245903126,0.27042487233557666,56.93485228494089,21,0,0,0,21,35,12,25,1000,30
SHORTEST_PULSE,335023,37.487543245903126,0.27042487233557666,56.93485228494089,21,0,0,0,21,35,12,25,1000,30
METROLOGY_CONDITIONED_EIG,335023,37.487543245903126,0.27042487233557666,56.93485228494089,21,0,0,0,21,35,12,25,1000,30
NO_PASSIVE,335024,728.3890387285801,1.5533638097361462,445.27923823147125,0,0,0,0,51,35,12,25,1000,30
RANDOM,335024,21.23291271551707,0.9593094760108744,33.21343475436645,46,0,0,0,51,35,12,25,1000,30
HIGHEST_SNR,335024,22.607396335349843,0.927697385327771,28.541567431071346,46,0,0,0,51,35,12,25,1000,30
SHORTEST_PULSE,335024,22.607396335349843,0.927697385327771,28.541567431071346,46,0,0,0,51,35,12,25,1000,30
METROLOGY_CONDITIONED_EIG,335024,24.5497653359677,1.033941219955049,28.475138658706072,46,0,0,0,51,35,12,25,1000,30
NO_PASSIVE,335025,376.3392075110175,1.7734688240406875,445.27923823147125,0,0,0,0,31,35,12,25,1000,30
RANDOM,335025,20.34625094771632,0.7220029486963275,22.50973733721057,31,0,0,0,31,35,12,25,1000,30
HIGHEST_SNR,335025,20.34625094771632,0.7220029486963275,22.50973733721057,31,0,0,0,31,35,12,25,1000,30
SHORTEST_PULSE,335025,20.34625094771632,0.7220029486963275,22.50973733721057,31,0,0,0,31,35,12,25,1000,30
METROLOGY_CONDITIONED_EIG,335025,20.34625094771632,0.7220029486963275,22.50973733721057,31,0,0,0,31,35,12,25,1000,30
NO_PASSIVE,335026,385.40594910037703,1.0425847814986324,445.27923823147125,0,0,0,0,4,35,12,25,1000,30
RANDOM,335026,57.34577810555455,0.3614667152893532,94.44508140318955,4,0,0,0,4,35,12,25,1000,30
HIGHEST_SNR,335026,57.34577810555455,0.3614667152893532,94.44508140318955,4,0,0,0,4,35,12,25,1000,30
SHORTEST_PULSE,335026,57.34577810555455,0.3614667152893532,94.44508140318955,4,0,0,0,4,35,12,25,1000,30
METROLOGY_CONDITIONED_EIG,335026,57.34577810555455,0.3614667152893532,94.44508140318955,4,0,0,0,4,35,12,25,1000,30
NO_PASSIVE,335027,688.5438464420694,1.8206233468920603,445.27923823147125,0,0,0,0,8,35,12,25,1000,30
RANDOM,335027,171.41351170505354,2.1441545165117586,82.0016851311344,7,0,0,0,8,35,12,25,1000,30
HIGHEST_SNR,335027,116.19835601914772,1.6064207717429952,140.86914531770788,7,0,0,0,8,35,12,25,1000,30
SHORTEST_PULSE,335027,171.41351170505354,2.1441545165117586,82.0016851311344,7,0,0,0,8,35,12,25,1000,30
METROLOGY_CONDITIONED_EIG,335027,171.41351170505354,2.1441545165117586,82.0016851311344,7,0,0,0,8,35,12,25,1000,30
NO_PASSIVE,335028,265.0699779825515,3.359817855389545,445.27923823147125,0,0,0,0,4,35,12,25,1000,30
RANDOM,335028,64.75348278757505,1.843593248043374,67.09630826254546,4,0,0,0,4,35,12,25,1000,30
HIGHEST_SNR,335028,64.75348278757505,1.843593248043374,67.09630826254546,4,0,0,0,4,35,12,25,1000,30
SHORTEST_PULSE,335028,64.75348278757505,1.843593248043374,67.09630826254546,4,0,0,0,4,35,12,25,1000,30
METROLOGY_CONDITIONED_EIG,335028,64.75348278757505,1.843593248043374,67.09630826254546,4,0,0,0,4,35,12,25,1000,30
NO_PASSIVE,335029,808.016363147294,0.7132671374402745,445.27923823147125,0,0,0,0,58,35,12,25,1000,30
RANDOM,335029,37.097317383951186,2.012383016177971,30.206519483828416,41,7,0,0,58,35,12,25,1000,30
HIGHEST_SNR,335029,19.70362777024465,1.2285924169240203,33.07083841962653,43,5,0,0,58,35,12,25,1000,30
SHORTEST_PULSE,335029,22.401709865226042,1.706110347140697,29.216809107062446,41,7,0,0,58,35,12,25,1000,30
METROLOGY_CONDITIONED_EIG,335029,29.715520737769573,1.9435140049023512,28.47643158438912,41,7,0,0,58,35,12,25,1000,30
NO_PASSIVE,336000,375.55014146093885,1.1813872391297398,445.27923823147125,0,0,0,0,45,36,12,25,1000,100
RANDOM,336000,68.16898035862043,2.0677473105879405,61.288837813845774,26,1,0,0,45,36,12,25,1000,100
HIGHEST_SNR,336000,67.64200568528068,1.4497995408181261,91.89701878517533,27,0,0,0,45,36,12,25,1000,100
SHORTEST_PULSE,336000,82.09673554484785,1.5164195598472994,58.030148343579704,27,0,0,0,45,36,12,25,1000,100
METROLOGY_CONDITIONED_EIG,336000,92.31678335752207,1.9225492921494747,57.97455555263839,27,0,0,0,45,36,12,25,1000,100
NO_PASSIVE,336001,139.84629070277896,1.3848567504147338,445.27923823147125,0,0,0,0,31,36,12,25,1000,100
RANDOM,336001,30.30697390460563,2.700043105310086,62.03974902373549,25,1,0,0,31,36,12,25,1000,100
HIGHEST_SNR,336001,41.32372203798601,2.5514506173908864,79.17207299986696,26,0,0,0,31,36,12,25,1000,100
SHORTEST_PULSE,336001,13.42985812962033,2.5436489473205506,59.20644064368472,26,0,0,0,31,36,12,25,1000,100
METROLOGY_CONDITIONED_EIG,336001,13.42985812962033,2.5436489473205506,59.20644064368472,26,0,0,0,31,36,12,25,1000,100
NO_PASSIVE,336002,277.303808936797,0.2049965602614848,445.27923823147125,0,0,0,0,23,36,12,25,1000,100
RANDOM,336002,52.888501199107935,0.9855580107524669,60.81458969702192,19,0,0,0,23,36,12,25,1000,100
HIGHEST_SNR,336002,46.96088642084785,0.8696644588253335,76.25863842019044,19,0,0,0,23,36,12,25,1000,100
SHORTEST_PULSE,336002,56.31576978829223,1.1793290300932306,59.858382115612976,19,0,0,0,23,36,12,25,1000,100
METROLOGY_CONDITIONED_EIG,336002,55.40460805296292,0.9753621794718401,59.984629186672834,19,0,0,0,23,36,12,25,1000,100
NO_PASSIVE,336003,242.09140166402196,2.409080368375068,445.27923823147125,0,0,0,0,37,36,12,25,1000,100
RANDOM,336003,65.7698054910315,1.8608839057343962,56.76414320399558,25,0,0,0,37,36,12,25,1000,100
HIGHEST_SNR,336003,37.096448510671905,1.7294059506437263,60.74373818492789,25,0,0,0,37,36,12,25,1000,100
SHORTEST_PULSE,336003,35.437569240076165,2.039389857939638,60.55978969627419,25,0,0,0,37,36,12,25,1000,100
METROLOGY_CONDITIONED_EIG,336003,64.72324329146839,1.7782393566942087,54.58238471231322,25,0,0,0,37,36,12,25,1000,100
NO_PASSIVE,336004,28.955155532169783,0.9949859952757545,445.27923823147125,0,0,0,0,32,36,12,25,1000,100
RANDOM,336004,24.33233292603684,0.7831443936738056,63.21852243338782,29,0,0,0,32,36,12,25,1000,100
HIGHEST_SNR,336004,30.360825683033234,0.92434454356001,63.260140001290985,29,0,0,0,32,36,12,25,1000,100
SHORTEST_PULSE,336004,26.1595245838348,0.7149261624315895,63.32193225411764,29,0,0,0,32,36,12,25,1000,100
METROLOGY_CONDITIONED_EIG,336004,29.82650123911523,0.8801592356542776,63.08561131412271,29,0,0,0,32,36,12,25,1000,100
NO_PASSIVE,336005,791.3436850685858,0.9049215422273652,445.27923823147125,0,0,0,0,4,36,12,25,1000,100
RANDOM,336005,186.6012312868931,1.4605000150174543,181.14495720401885,4,0,0,0,4,36,12,25,1000,100
HIGHEST_SNR,336005,186.6012312868931,1.4605000150174543,181.14495720401885,4,0,0,0,4,36,12,25,1000,100
SHORTEST_PULSE,336005,186.6012312868931,1.4605000150174543,181.14495720401885,4,0,0,0,4,36,12,25,1000,100
METROLOGY_CONDITIONED_EIG,336005,186.6012312868931,1.4605000150174543,181.14495720401885,4,0,0,0,4,36,12,25,1000,100
NO_PASSIVE,336006,623.2795537699026,1.653906028222963,445.27923823147125,0,0,0,0,24,36,12,25,1000,100
RANDOM,336006,83.79337732435553,1.5487679274227288,73.59341281420456,20,0,0,0,24,36,12,25,1000,100
HIGHEST_SNR,336006,55.14073279390694,1.5801319391875588,103.20099385867283,20,0,0,0,24,36,12,25,1000,100
SHORTEST_PULSE,336006,59.50291372858332,1.3699821081874493,57.26476961327609,20,0,0,0,24,36,12,25,1000,100
METROLOGY_CONDITIONED_EIG,336006,59.50291372858332,1.3699821081874493,57.26476961327609,20,0,0,0,24,36,12,25,1000,100
NO_PASSIVE,336007,198.138180954638,0.3375599230781046,445.27923823147125,0,0,0,0,30,36,12,25,1000,100
RANDOM,336007,58.265118552363624,1.010399418539669,70.01405256990205,24,0,0,0,30,36,12,25,1000,100
HIGHEST_SNR,336007,21.218733983534076,1.003532611598374,93.55299356458929,24,0,0,0,30,36,12,25,1000,100
SHORTEST_PULSE,336007,36.022179419058205,0.9228413248255678,84.30450603049738,24,0,0,0,30,36,12,25,1000,100
METROLOGY_CONDITIONED_EIG,336007,44.02388108377982,0.355551896661828,69.03996336522806,24,0,0,0,30,36,12,25,1000,100
NO_PASSIVE,336008,517.9452808882535,2.050728624054371,445.27923823147125,0,0,0,0,22,36,12,25,1000,100
RANDOM,336008,55.13113346586424,0.37420754680145474,60.61510810309503,22,0,0,0,22,36,12,25,1000,100
HIGHEST_SNR,336008,55.13113346586424,0.37420754680145474,60.61510810309503,22,0,0,0,22,36,12,25,1000,100
SHORTEST_PULSE,336008,55.13113346586424,0.37420754680145474,60.61510810309503,22,0,0,0,22,36,12,25,1000,100
METROLOGY_CONDITIONED_EIG,336008,55.13113346586424,0.37420754680145474,60.61510810309503,22,0,0,0,22,36,12,25,1000,100
NO_PASSIVE,336009,269.58626232805346,0.7529530137581557,445.27923823147125,0,0,0,0,13,36,12,25,1000,100
RANDOM,336009,84.04283876803106,0.3938535196756147,86.34069919908883,13,0,0,0,13,36,12,25,1000,100
HIGHEST_SNR,336009,84.04283876803106,0.3938535196756147,86.34069919908883,13,0,0,0,13,36,12,25,1000,100
SHORTEST_PULSE,336009,84.04283876803106,0.3938535196756147,86.34069919908883,13,0,0,0,13,36,12,25,1000,100
METROLOGY_CONDITIONED_EIG,336009,84.04283876803106,0.3938535196756147,86.34069919908883,13,0,0,0,13,36,12,25,1000,100
NO_PASSIVE,336010,601.2751121213204,4.300790165631392,445.27923823147125,0,0,0,0,21,36,12,25,1000,100
RANDOM,336010,152.541546774553,4.0930876509421665,116.42901464908066,17,1,0,0,21,36,12,25,1000,100
HIGHEST_SNR,336010,263.45050170334736,4.13840428838649,174.50319471424018,18,0,0,0,21,36,12,25,1000,100
SHORTEST_PULSE,336010,242.1181241797387,4.0122674990724985,173.22878461403013,17,1,0,0,21,36,12,25,1000,100
METROLOGY_CONDITIONED_EIG,336010,136.02969300191768,3.9657659935882648,115.15146878863789,17,1,0,0,21,36,12,25,1000,100
NO_PASSIVE,336011,273.33244550091035,0.8742384684347898,445.27923823147125,0,0,0,0,94,36,12,25,1000,100
RANDOM,336011,14.218097499402802,0.28284922592995304,54.528215557602934,56,0,0,0,94,36,12,25,1000,100
HIGHEST_SNR,336011,30.802149486682737,0.20015760894415807,67.16496329004038,56,0,0,0,94,36,12,25,1000,100
SHORTEST_PULSE,336011,59.61634924568669,0.7706026403224937,50.795057698759294,56,0,0,0,94,36,12,25,1000,100
METROLOGY_CONDITIONED_EIG,336011,49.538765895839745,0.6739061909081758,52.9227602987495,56,0,0,0,94,36,12,25,1000,100
NO_PASSIVE,336012,118.35359717338098,1.6580049453678427,445.27923823147125,0,0,0,0,89,36,12,25,1000,100
RANDOM,336012,35.1107960374509,0.26326650508742433,40.92215652817433,43,1,0,0,89,36,12,25,1000,100
HIGHEST_SNR,336012,17.853670224116254,0.14392759719618603,56.236357591542045,44,0,0,0,89,36,12,25,1000,100
SHORTEST_PULSE,336012,11.80442624034634,0.2995009278774436,33.276606783662864,44,0,0,0,89,36,12,25,1000,100
METROLOGY_CONDITIONED_EIG,336012,2.1389138219774315,0.3317120519046479,29.471945387356545,43,1,0,0,89,36,12,25,1000,100
NO_PASSIVE,336013,112.66680836780324,0.6333975418962172,445.27923823147125,0,0,0,0,74,36,12,25,1000,100
RANDOM,336013,35.20113016071303,0.9655017958548702,48.72861893201371,35,0,0,0,74,36,12,25,1000,100
HIGHEST_SNR,336013,5.233915187315259,1.0874381331726697,48.43084579956792,35,0,0,0,74,36,12,25,1000,100
SHORTEST_PULSE,336013,31.12343843377179,0.7031088149317917,45.21200842937683,35,0,0,0,74,36,12,25,1000,100
METROLOGY_CONDITIONED_EIG,336013,17.16292374126307,1.5238960966543413,45.30993050983644,35,0,0,0,74,36,12,25,1000,100
NO_PASSIVE,336014,251.3219201753521,0.7903120275091392,445.27923823147125,0,0,0,0,29,36,12,25,1000,100
RANDOM,336014,63.29706293892072,1.961623847081599,48.32304816601385,25,0,0,0,29,36,12,25,1000,100
HIGHEST_SNR,336014,82.56461960671709,0.7312664292574854,65.80971619633401,24,1,0,0,29,36,12,25,1000,100
SHORTEST_PULSE,336014,54.909523898731514,1.835978621876432,48.113458510388874,25,0,0,0,29,36,12,25,1000,100
METROLOGY_CONDITIONED_EIG,336014,63.29706293892072,1.961623847081599,48.32304816601385,25,0,0,0,29,36,12,25,1000,100
NO_PASSIVE,336015,410.1346108383475,0.6554356626392212,445.27923823147125,0,0,0,0,99,36,12,25,1000,100
RANDOM,336015,16.06499816841148,0.6224642589284534,60.544959292525284,49,0,0,0,99,36,12,25,1000,100
HIGHEST_SNR,336015,23.235946330205927,0.6955148470667128,72.97773874805507,49,0,0,0,99,36,12,25,1000,100
SHORTEST_PULSE,336015,19.90029348733542,0.783044741331189,52.30869121877183,49,0,0,0,99,36,12,25,1000,100
METROLOGY_CONDITIONED_EIG,336015,15.819668460674045,0.7419410335417652,53.09312141198897,49,0,0,0,99,36,12,25,1000,100
NO_PASSIVE,336016,442.25136592081753,2.6733988399727147,445.27923823147125,0,0,0,0,4,36,12,25,1000,100
RANDOM,336016,217.42928702769228,2.445590784656924,130.9101760093327,4,0,0,0,4,36,12,25,1000,100
HIGHEST_SNR,336016,217.42928702769228,2.445590784656924,130.9101760093327,4,0,0,0,4,36,12,25,1000,100
SHORTEST_PULSE,336016,217.42928702769228,2.445590784656924,130.9101760093327,4,0,0,0,4,36,12,25,1000,100
METROLOGY_CONDITIONED_EIG,336016,217.42928702769228,2.445590784656924,130.9101760093327,4,0,0,0,4,36,12,25,1000,100
NO_PASSIVE,336017,353.86500128049187,0.5909662181634207,445.27923823147125,0,0,0,0,6,36,12,25,1000,100
RANDOM,336017,23.472039362701484,0.6043414077271018,103.90922571278367,5,0,0,0,6,36,12,25,1000,100
HIGHEST_SNR,336017,63.466813290073205,0.6384885303932994,113.07836393165688,5,0,0,0,6,36,12,25,1000,100
SHORTEST_PULSE,336017,23.472039362701484,0.6043414077271018,103.90922571278367,5,0,0,0,6,36,12,25,1000,100
METROLOGY_CONDITIONED_EIG,336017,23.472039362701484,0.6043414077271018,103.90922571278367,5,0,0,0,6,36,12,25,1000,100
NO_PASSIVE,336018,347.1180042711813,1.3094673340345195,445.27923823147125,0,0,0,0,37,36,12,25,1000,100
RANDOM,336018,11.137673027385995,1.349480378574862,165.4832267220919,35,1,0,0,37,36,12,25,1000,100
HIGHEST_SNR,336018,11.137673027385995,1.349480378574862,165.4832267220919,35,1,0,0,37,36,12,25,1000,100
SHORTEST_PULSE,336018,18.4891721540568,1.3602953492929797,69.917921561094,35,1,0,0,37,36,12,25,1000,100
METROLOGY_CONDITIONED_EIG,336018,18.4891721540568,1.3602953492929797,69.917921561094,35,1,0,0,37,36,12,25,1000,100
NO_PASSIVE,336019,116.29787872639668,1.4449184779775293,445.27923823147125,0,0,0,0,18,36,12,25,1000,100
RANDOM,336019,24.0066786355286,1.6745244752875814,87.15618899372453,18,0,0,0,18,36,12,25,1000,100
HIGHEST_SNR,336019,24.0066786355286,1.6745244752875814,87.15618899372453,18,0,0,0,18,36,12,25,1000,100
SHORTEST_PULSE,336019,24.0066786355286,1.6745244752875814,87.15618899372453,18,0,0,0,18,36,12,25,1000,100
METROLOGY_CONDITIONED_EIG,336019,24.0066786355286,1.6745244752875814,87.15618899372453,18,0,0,0,18,36,12,25,1000,100
NO_PASSIVE,336020,427.52393922368907,1.3964433482838328,445.27923823147125,0,0,0,0,17,36,12,25,1000,100
RANDOM,336020,8.500888697273437,1.0744510673499454,81.6451531919227,16,0,0,0,17,36,12,25,1000,100
HIGHEST_SNR,336020,8.500888697273437,1.0744510673499454,81.6451531919227,16,0,0,0,17,36,12,25,1000,100
SHORTEST_PULSE,336020,13.47916661290406,0.5453250180776572,81.18925156087954,16,0,0,0,17,36,12,25,1000,100
METROLOGY_CONDITIONED_EIG,336020,13.47916661290406,0.5453250180776572,81.18925156087954,16,0,0,0,17,36,12,25,1000,100
NO_PASSIVE,336021,572.3034023518879,3.1336743922548074,445.27923823147125,0,0,0,0,25,36,12,25,1000,100
RANDOM,336021,46.2377241834343,0.8623219566269943,70.1022272756849,23,1,0,0,25,36,12,25,1000,100
HIGHEST_SNR,336021,46.2377241834343,0.8623219566269943,70.1022272756849,23,1,0,0,25,36,12,25,1000,100
SHORTEST_PULSE,336021,58.275246428894455,0.8286348975164243,60.7749852341208,23,1,0,0,25,36,12,25,1000,100
METROLOGY_CONDITIONED_EIG,336021,58.275246428894455,0.8286348975164243,60.7749852341208,23,1,0,0,25,36,12,25,1000,100
NO_PASSIVE,336022,341.5565550348496,2.9120003859478913,445.27923823147125,0,0,0,0,23,36,12,25,1000,100
RANDOM,336022,110.70261879889713,1.2560817276923448,126.69682353541751,23,0,0,0,23,36,12,25,1000,100
HIGHEST_SNR,336022,110.70261879889713,1.2560817276923448,126.69682353541751,23,0,0,0,23,36,12,25,1000,100
SHORTEST_PULSE,336022,110.70261879889713,1.2560817276923448,126.69682353541751,23,0,0,0,23,36,12,25,1000,100
METROLOGY_CONDITIONED_EIG,336022,110.70261879889713,1.2560817276923448,126.69682353541751,23,0,0,0,23,36,12,25,1000,100
NO_PASSIVE,336023,403.33577476260314,0.25308351392995654,445.27923823147125,0,0,0,0,87,36,12,25,1000,100
RANDOM,336023,30.124913341551366,1.4567927511417236,49.066843941165075,57,1,0,0,87,36,12,25,1000,100
HIGHEST_SNR,336023,151.7471150781143,0.809277939842814,95.55522762498254,57,1,0,0,87,36,12,25,1000,100
SHORTEST_PULSE,336023,61.57691160911779,1.0901192807612794,66.2711208687332,58,0,0,0,87,36,12,25,1000,100
METROLOGY_CONDITIONED_EIG,336023,30.34753482661907,0.49951549794262123,46.82077788033717,57,1,0,0,87,36,12,25,1000,100
NO_PASSIVE,336024,196.5869951828698,0.5015737694082758,445.27923823147125,0,0,0,0,122,36,12,25,1000,100
RANDOM,336024,52.774579747228195,0.9502723325220631,41.91500046900316,56,1,0,0,122,36,12,25,1000,100
HIGHEST_SNR,336024,50.772543056714014,2.056040129911402,39.71326392422781,57,0,0,0,122,36,12,25,1000,100
SHORTEST_PULSE,336024,22.25247412086804,1.1196170906556382,46.732446559032816,56,1,0,0,122,36,12,25,1000,100
METROLOGY_CONDITIONED_EIG,336024,24.54672836267393,1.3172851522736648,36.82927769045902,54,3,0,0,122,36,12,25,1000,100
NO_PASSIVE,336025,680.8362273570593,0.4441522683979502,445.27923823147125,0,0,0,0,70,36,12,25,1000,100
RANDOM,336025,46.83229529178824,0.4984810456164057,48.98667661505688,47,0,0,0,70,36,12,25,1000,100
HIGHEST_SNR,336025,46.64593049784873,0.24313703187850003,49.60387672541553,47,0,0,0,70,36,12,25,1000,100
SHORTEST_PULSE,336025,45.642491137548234,0.37500919442128017,49.52622991290126,47,0,0,0,70,36,12,25,1000,100
METROLOGY_CONDITIONED_EIG,336025,48.344700582512985,0.47043129619719004,46.98292557922764,47,0,0,0,70,36,12,25,1000,100
NO_PASSIVE,336026,396.55265879469414,2.4735401797389875,445.27923823147125,0,0,0,0,53,36,12,25,1000,100
RANDOM,336026,52.05517144684441,1.3446525667493003,94.0298133738932,39,1,0,0,53,36,12,25,1000,100
HIGHEST_SNR,336026,10.325760954332234,1.3814806690865362,95.2010965330087,39,1,0,0,53,36,12,25,1000,100
SHORTEST_PULSE,336026,39.91640141490711,1.2739404561058414,94.60376738563033,39,1,0,0,53,36,12,25,1000,100
METROLOGY_CONDITIONED_EIG,336026,40.53814329319856,1.2572270644018153,91.94845173140587,39,1,0,0,53,36,12,25,1000,100
NO_PASSIVE,336027,464.9384351937578,1.917709516560413,445.27923823147125,0,0,0,0,3,36,12,25,1000,100
RANDOM,336027,59.804082011456074,2.9997128424640422,111.77945156049984,3,0,0,0,3,36,12,25,1000,100
HIGHEST_SNR,336027,59.804082011456074,2.9997128424640422,111.77945156049984,3,0,0,0,3,36,12,25,1000,100
SHORTEST_PULSE,336027,59.804082011456074,2.9997128424640422,111.77945156049984,3,0,0,0,3,36,12,25,1000,100
METROLOGY_CONDITIONED_EIG,336027,59.804082011456074,2.9997128424640422,111.77945156049984,3,0,0,0,3,36,12,25,1000,100
NO_PASSIVE,336028,659.0814104131265,3.779681266311584,445.27923823147125,0,0,0,0,26,36,12,25,1000,100
RANDOM,336028,102.91862061241905,2.711753062326301,54.209886169332805,23,0,0,0,26,36,12,25,1000,100
HIGHEST_SNR,336028,101.53008645220002,2.7447362677354543,54.19972364876232,23,0,0,0,26,36,12,25,1000,100
SHORTEST_PULSE,336028,88.75909706047666,2.656653514188465,48.96302843906601,23,0,0,0,26,36,12,25,1000,100
METROLOGY_CONDITIONED_EIG,336028,90.24392803606227,2.637609544145618,49.01259012141792,23,0,0,0,26,36,12,25,1000,100
NO_PASSIVE,336029,369.5589389248812,2.6074741621360547,445.27923823147125,0,0,0,0,29,36,12,25,1000,100
RANDOM,336029,9.209038422290464,0.30740545161386984,49.00017865540039,23,1,0,0,29,36,12,25,1000,100
HIGHEST_SNR,336029,27.410152448595294,2.3571387475417143,54.479731468488914,24,0,0,0,29,36,12,25,1000,100
SHORTEST_PULSE,336029,9.209038422290464,0.30740545161386984,49.00017865540039,23,1,0,0,29,36,12,25,1000,100
METROLOGY_CONDITIONED_EIG,336029,25.835322325928033,0.3983342651113862,34.74189003365423,24,0,0,0,29,36,12,25,1000,100
NO_PASSIVE,337000,240.6596506728649,1.2615242586364208,445.27923823147125,0,0,0,0,5,37,20,5,10,30
RANDOM,337000,81.4025322664592,0.9575181009578935,61.20667563716592,5,0,0,0,5,37,20,5,10,30
HIGHEST_SNR,337000,81.4025322664592,0.9575181009578935,61.20667563716592,5,0,0,0,5,37,20,5,10,30
SHORTEST_PULSE,337000,81.4025322664592,0.9575181009578935,61.20667563716592,5,0,0,0,5,37,20,5,10,30
METROLOGY_CONDITIONED_EIG,337000,81.4025322664592,0.9575181009578935,61.20667563716592,5,0,0,0,5,37,20,5,10,30
NO_PASSIVE,337001,572.1686634129834,1.2197150128794092,445.27923823147125,0,0,0,0,22,37,20,5,10,30
RANDOM,337001,596.398055721643,1.025323933641967,314.0266565821836,21,1,0,0,22,37,20,5,10,30
HIGHEST_SNR,337001,596.398055721643,1.025323933641967,314.0266565821836,21,1,0,0,22,37,20,5,10,30
SHORTEST_PULSE,337001,596.398055721643,1.025323933641967,314.0266565821836,21,1,0,0,22,37,20,5,10,30
METROLOGY_CONDITIONED_EIG,337001,596.398055721643,1.025323933641967,314.0266565821836,21,1,0,0,22,37,20,5,10,30
NO_PASSIVE,337002,493.721037150683,1.2006805892937313,445.27923823147125,0,0,0,0,76,37,20,5,10,30
RANDOM,337002,15.016798601649569,0.37411205015008847,20.299331831333884,43,0,0,0,76,37,20,5,10,30
HIGHEST_SNR,337002,19.781282583838113,0.48948961082949444,26.61917316535972,43,0,0,0,76,37,20,5,10,30
SHORTEST_PULSE,337002,22.21643701080233,0.38083073882526647,18.160372363874032,43,0,0,0,76,37,20,5,10,30
METROLOGY_CONDITIONED_EIG,337002,28.3737193733312,0.4078093584019793,18.573860782861342,42,1,0,0,76,37,20,5,10,30
NO_PASSIVE,337003,415.672277877357,0.3056489611106402,445.27923823147125,0,0,0,0,111,37,20,5,10,30
RANDOM,337003,22.307356065730282,0.3671832040427313,21.79431776216896,48,1,0,0,111,37,20,5,10,30
HIGHEST_SNR,337003,19.583768263393935,0.3281607968406295,22.891116468531152,49,0,0,0,111,37,20,5,10,30
SHORTEST_PULSE,337003,15.827873206184679,0.29166559865342445,20.696433302034276,48,1,0,0,111,37,20,5,10,30
METROLOGY_CONDITIONED_EIG,337003,20.729523602133487,0.19862884566172523,20.744612555610495,48,1,0,0,111,37,20,5,10,30
NO_PASSIVE,337004,393.53125421508526,3.386953853385941,445.27923823147125,0,0,0,0,153,37,20,5,10,30
RANDOM,337004,20.463213674383866,0.3335822887218107,20.779675425103395,59,0,0,0,153,37,20,5,10,30
HIGHEST_SNR,337004,79.4531238341219,2.289602015131758,75.49582541226108,58,1,0,0,153,37,20,5,10,30
SHORTEST_PULSE,337004,28.133186176934746,1.3653721032600157,20.277284307553977,58,1,0,0,153,37,20,5,10,30
METROLOGY_CONDITIONED_EIG,337004,15.71351370211483,0.6036243659205792,17.78338753775956,57,2,0,0,153,37,20,5,10,30
NO_PASSIVE,337005,211.28896531881153,0.947894023506136,445.27923823147125,0,0,0,0,99,37,20,5,10,30
RANDOM,337005,2.8233494434527993,0.1721159997390327,21.09732261464555,59,0,0,0,99,37,20,5,10,30
HIGHEST_SNR,337005,6.157023373623078,0.4720180829171838,18.680567982155544,59,0,0,0,99,37,20,5,10,30
SHORTEST_PULSE,337005,3.9796544662317457,0.2892989861898047,18.605784221231843,59,0,0,0,99,37,20,5,10,30
METROLOGY_CONDITIONED_EIG,337005,6.241458514692096,0.35881579202060476,18.60757620752606,59,0,0,0,99,37,20,5,10,30
NO_PASSIVE,337006,637.6550085687171,1.7669894069743937,445.27923823147125,0,0,0,0,36,37,20,5,10,30
RANDOM,337006,76.1295840679799,1.0349947274530658,45.36892067294958,32,0,0,0,36,37,20,5,10,30
HIGHEST_SNR,337006,71.85217955340318,0.8705975808584919,45.27889473491208,32,0,0,0,36,37,20,5,10,30
SHORTEST_PULSE,337006,71.85217955340318,0.8705975808584919,45.27889473491208,32,0,0,0,36,37,20,5,10,30
METROLOGY_CONDITIONED_EIG,337006,54.34372970878353,0.64140422579133,43.051646430869575,32,0,0,0,36,37,20,5,10,30
NO_PASSIVE,337007,177.6323965167929,1.2313551752998413,445.27923823147125,0,0,0,0,73,37,20,5,10,30
RANDOM,337007,22.022666481826583,0.403028265480845,28.770954023847004,51,0,0,0,73,37,20,5,10,30
HIGHEST_SNR,337007,8.39984794122783,0.4680450826671716,29.15086889072787,51,0,0,0,73,37,20,5,10,30
SHORTEST_PULSE,337007,24.170600661879497,0.38291398286427597,28.779458694921317,51,0,0,0,73,37,20,5,10,30
METROLOGY_CONDITIONED_EIG,337007,14.46493629435232,0.18269408387484531,27.954041754730973,51,0,0,0,73,37,20,5,10,30
NO_PASSIVE,337008,200.75465473558472,2.167084321390795,445.27923823147125,0,0,0,0,117,37,20,5,10,30
RANDOM,337008,24.23630092884989,0.2679730994198294,40.57940299785359,57,0,0,0,117,37,20,5,10,30
HIGHEST_SNR,337008,52.41000798989108,1.06619257035132,48.960039957474656,56,1,0,0,117,37,20,5,10,30
SHORTEST_PULSE,337008,15.049665503220275,0.19502254960559587,37.37874646840207,56,1,0,0,117,37,20,5,10,30
METROLOGY_CONDITIONED_EIG,337008,10.311475332452952,0.24134761203933333,37.59989859591838,56,1,0,0,117,37,20,5,10,30
NO_PASSIVE,337009,137.73339676374616,1.3178540313327567,445.27923823147125,0,0,0,0,61,37,20,5,10,30
RANDOM,337009,12.782014425866336,0.1850192499904821,25.135308991559242,41,1,0,0,61,37,20,5,10,30
HIGHEST_SNR,337009,14.882200611567052,0.18054885328946224,26.411650477825578,41,1,0,0,61,37,20,5,10,30
SHORTEST_PULSE,337009,5.800923785019129,0.6659849977311484,26.64285565436661,40,2,0,0,61,37,20,5,10,30
METROLOGY_CONDITIONED_EIG,337009,16.854768145639103,0.1405218849619823,24.673830849986995,41,1,0,0,61,37,20,5,10,30
NO_PASSIVE,337010,699.626788288359,2.520588653721521,445.27923823147125,0,0,0,0,19,37,20,5,10,30
RANDOM,337010,141.73624856619654,0.9938687664905967,90.11367872401459,18,0,0,0,19,37,20,5,10,30
HIGHEST_SNR,337010,196.21006051962266,0.9313667426806013,92.8485118784508,18,0,0,0,19,37,20,5,10,30
SHORTEST_PULSE,337010,141.73624856619654,0.9938687664905967,90.11367872401459,18,0,0,0,19,37,20,5,10,30
METROLOGY_CONDITIONED_EIG,337010,141.73624856619654,0.9938687664905967,90.11367872401459,18,0,0,0,19,37,20,5,10,30
NO_PASSIVE,337011,520.232067626037,2.186091173899145,445.27923823147125,0,0,0,0,45,37,20,5,10,30
RANDOM,337011,14.47687288066189,0.514676696864649,30.53780927871027,34,0,0,0,45,37,20,5,10,30
HIGHEST_SNR,337011,10.165081695422034,0.5498694795806027,33.42472623406132,34,0,0,0,45,37,20,5,10,30
SHORTEST_PULSE,337011,14.160075268132568,0.6818221991068458,30.220469065004103,33,1,0,0,45,37,20,5,10,30
METROLOGY_CONDITIONED_EIG,337011,14.160075268132568,0.6818221991068458,30.220469065004103,33,1,0,0,45,37,20,5,10,30
NO_PASSIVE,337012,313.0617386696317,0.23231624038701817,445.27923823147125,0,0,0,0,25,37,20,5,10,30
RANDOM,337012,49.1373440010856,1.3455379996419266,42.13362397852103,21,0,0,0,25,37,20,5,10,30
HIGHEST_SNR,337012,29.197463047670233,0.8668001651257331,41.291461278470344,21,0,0,0,25,37,20,5,10,30
SHORTEST_PULSE,337012,45.16000553204991,1.2991762264579547,42.036343929635464,21,0,0,0,25,37,20,5,10,30
METROLOGY_CONDITIONED_EIG,337012,39.68553489221078,1.1821777380363319,41.12006017868613,21,0,0,0,25,37,20,5,10,30
NO_PASSIVE,337013,533.6948791902093,1.6595677734175516,445.27923823147125,0,0,0,0,42,37,20,5,10,30
RANDOM,337013,111.1280835319974,2.0082317719884144,58.70893629490225,34,0,0,0,42,37,20,5,10,30
HIGHEST_SNR,337013,134.12235478920704,1.7180950996017765,71.91822622213861,34,0,0,0,42,37,20,5,10,30
SHORTEST_PULSE,337013,139.24064074315925,1.8595432246296397,63.731927617112184,34,0,0,0,42,37,20,5,10,30
METROLOGY_CONDITIONED_EIG,337013,112.65241290452538,2.339306052163668,57.27506613461199,34,0,0,0,42,37,20,5,10,30
NO_PASSIVE,337014,389.7616269483539,0.7624380667021452,445.27923823147125,0,0,0,0,84,37,20,5,10,30
RANDOM,337014,21.09259083089183,0.4925799804421691,19.77543656743103,53,0,0,0,84,37,20,5,10,30
HIGHEST_SNR,337014,20.50445624659736,0.88586977120339,22.19661889478231,53,0,0,0,84,37,20,5,10,30
SHORTEST_PULSE,337014,27.941976114670553,0.657931987135091,19.090918393362152,53,0,0,0,84,37,20,5,10,30
METROLOGY_CONDITIONED_EIG,337014,18.896461044852835,0.4575512659227593,18.50358133057941,53,0,0,0,84,37,20,5,10,30
NO_PASSIVE,337015,189.58217831053747,1.6097595652442942,445.27923823147125,0,0,0,0,78,37,20,5,10,30
RANDOM,337015,20.183674412675472,0.9768855255634259,30.64955365782737,56,1,0,0,78,37,20,5,10,30
HIGHEST_SNR,337015,33.32920216123795,0.979552901954128,31.121023422136634,56,1,0,0,78,37,20,5,10,30
SHORTEST_PULSE,337015,33.32920216123795,0.979552901954128,31.121023422136634,56,1,0,0,78,37,20,5,10,30
METROLOGY_CONDITIONED_EIG,337015,24.887454094445218,1.187375938463504,29.168773031903058,56,1,0,0,78,37,20,5,10,30
NO_PASSIVE,337016,814.2074449115407,1.5204226203895683,445.27923823147125,0,0,0,0,95,37,20,5,10,30
RANDOM,337016,37.44969911575097,0.47264748952357494,39.0759060021969,56,0,0,0,95,37,20,5,10,30
HIGHEST_SNR,337016,75.51937487681927,0.7659639777258823,73.12437842948654,56,0,0,0,95,37,20,5,10,30
SHORTEST_PULSE,337016,101.9355965665037,1.3367761481011973,75.67244024098635,55,1,0,0,95,37,20,5,10,30
METROLOGY_CONDITIONED_EIG,337016,38.640915102032196,0.5801301055259737,34.895673844318026,56,0,0,0,95,37,20,5,10,30
NO_PASSIVE,337017,290.8215149748145,1.8985324798031864,445.27923823147125,0,0,0,0,41,37,20,5,10,30
RANDOM,337017,19.32404753564679,0.5465202561438317,42.25377843078132,30,0,0,0,41,37,20,5,10,30
HIGHEST_SNR,337017,11.252822076098628,0.44489807783082064,42.525457834914974,30,0,0,0,41,37,20,5,10,30
SHORTEST_PULSE,337017,6.890038773408868,0.4630148550976844,42.432410628682355,30,0,0,0,41,37,20,5,10,30
METROLOGY_CONDITIONED_EIG,337017,7.517853220841161,0.6801063930334416,40.50075745169707,30,0,0,0,41,37,20,5,10,30
NO_PASSIVE,337018,119.20547641908988,6.239586031058909,445.27923823147125,0,0,0,0,114,37,20,5,10,30
RANDOM,337018,46.74325680544897,1.196460706379636,28.952448939913257,55,2,0,0,114,37,20,5,10,30
HIGHEST_SNR,337018,9.480265295697862,0.30981533089725094,26.351783029633857,57,0,0,0,114,37,20,5,10,30
SHORTEST_PULSE,337018,34.02425689462566,0.6484818500286536,20.69295278115921,56,1,0,0,114,37,20,5,10,30
METROLOGY_CONDITIONED_EIG,337018,0.8167366920678126,0.21492052119540198,17.50085680067407,57,0,0,0,114,37,20,5,10,30
NO_PASSIVE,337019,53.30092492141332,0.8223486489090311,445.27923823147125,0,0,0,0,18,37,20,5,10,30
RANDOM,337019,31.143508273913767,0.9289355340574575,43.99672527358134,16,1,0,0,18,37,20,5,10,30
HIGHEST_SNR,337019,14.418595832761616,0.632558545793637,90.29147735295531,16,1,0,0,18,37,20,5,10,30
SHORTEST_PULSE,337019,31.143508273913767,0.9289355340574575,43.99672527358134,16,1,0,0,18,37,20,5,10,30
METROLOGY_CONDITIONED_EIG,337019,31.143508273913767,0.9289355340574575,43.99672527358134,16,1,0,0,18,37,20,5,10,30
NO_PASSIVE,337020,346.6782063746296,2.3979705745351305,445.27923823147125,0,0,0,0,68,37,20,5,10,30
RANDOM,337020,7.520744562620984,0.815614218208068,29.913419406238386,47,0,0,0,68,37,20,5,10,30
HIGHEST_SNR,337020,48.37537956356807,1.6700101581309148,49.721157981912555,46,1,0,0,68,37,20,5,10,30
SHORTEST_PULSE,337020,30.888899619958988,1.4572582745826232,50.695031196768355,46,1,0,0,68,37,20,5,10,30
METROLOGY_CONDITIONED_EIG,337020,9.59730348195729,0.8861513518244902,28.97271212431926,47,0,0,0,68,37,20,5,10,30
NO_PASSIVE,337021,277.19070345627705,2.4454810821161077,445.27923823147125,0,0,0,0,40,37,20,5,10,30
RANDOM,337021,31.812875973999276,1.2323967317159537,53.47653437124403,29,1,0,0,40,37,20,5,10,30
HIGHEST_SNR,337021,26.06191160914798,0.9958736007387945,53.528622019167706,29,1,0,0,40,37,20,5,10,30
SHORTEST_PULSE,337021,26.356991344767152,1.4161331004564028,50.943505592412194,30,0,0,0,40,37,20,5,10,30
METROLOGY_CONDITIONED_EIG,337021,25.19019036677077,1.3503172211953203,48.98840075196563,30,0,0,0,40,37,20,5,10,30
NO_PASSIVE,337022,568.3713668448434,0.9928703757324727,445.27923823147125,0,0,0,0,76,37,20,5,10,30
RANDOM,337022,24.60925100561694,1.005085942014053,37.72876017740526,36,1,0,0,76,37,20,5,10,30
HIGHEST_SNR,337022,22.213487565632438,0.4138553219509423,34.407555377680104,37,0,0,0,76,37,20,5,10,30
SHORTEST_PULSE,337022,12.938734314707608,0.4055968497721446,38.173864511771455,36,1,0,0,76,37,20,5,10,30
METROLOGY_CONDITIONED_EIG,337022,25.500603160215963,0.5665436537821298,34.04330123527878,36,1,0,0,76,37,20,5,10,30
NO_PASSIVE,337023,318.4070223942727,1.2788293160227877,445.27923823147125,0,0,0,0,141,37,20,5,10,30
RANDOM,337023,12.081701160464704,0.2977763341640434,24.13709305336853,57,0,0,0,141,37,20,5,10,30
HIGHEST_SNR,337023,7.4507838727366105,0.4875510520900088,25.582389024069414,56,1,0,0,141,37,20,5,10,30
SHORTEST_PULSE,337023,12.404771206877173,0.70918239638133,19.108118214579633,57,0,0,0,141,37,20,5,10,30
METROLOGY_CONDITIONED_EIG,337023,4.514831733919545,0.17556801783966097,18.239754744228794,56,1,0,0,141,37,20,5,10,30
NO_PASSIVE,337024,301.3918394904169,3.9130375379180093,445.27923823147125,0,0,0,0,19,37,20,5,10,30
RANDOM,337024,8.048679075825472,0.48444883200569744,30.78234086085097,18,0,0,0,19,37,20,5,10,30
HIGHEST_SNR,337024,8.048679075825472,0.48444883200569744,30.78234086085097,18,0,0,0,19,37,20,5,10,30
SHORTEST_PULSE,337024,10.24825177872454,0.672251114962588,30.800140849061314,18,0,0,0,19,37,20,5,10,30
METROLOGY_CONDITIONED_EIG,337024,8.048679075825472,0.48444883200569744,30.78234086085097,18,0,0,0,19,37,20,5,10,30
NO_PASSIVE,337025,248.74370559603926,0.49693597361925845,445.27923823147125,0,0,0,0,34,37,20,5,10,30
RANDOM,337025,14.068580451452839,0.2252044309225978,35.89666417923578,30,1,0,0,34,37,20,5,10,30
HIGHEST_SNR,337025,16.105754374481428,0.38541269057811306,36.582567610702846,31,0,0,0,34,37,20,5,10,30
SHORTEST_PULSE,337025,11.322850140195602,0.2608101992908056,36.052659471132934,30,1,0,0,34,37,20,5,10,30
METROLOGY_CONDITIONED_EIG,337025,11.322850140195602,0.2608101992908056,36.052659471132934,30,1,0,0,34,37,20,5,10,30
NO_PASSIVE,337026,618.1370128115308,3.475606206701355,445.27923823147125,0,0,0,0,17,37,20,5,10,30
RANDOM,337026,27.872471536820917,0.945756510745796,35.45728931729741,15,0,0,0,17,37,20,5,10,30
HIGHEST_SNR,337026,27.965365012360778,0.9736859078137078,35.644249719492976,15,0,0,0,17,37,20,5,10,30
SHORTEST_PULSE,337026,27.872471536820917,0.945756510745796,35.45728931729741,15,0,0,0,17,37,20,5,10,30
METROLOGY_CONDITIONED_EIG,337026,27.872471536820917,0.945756510745796,35.45728931729741,15,0,0,0,17,37,20,5,10,30
NO_PASSIVE,337027,650.5391545356044,2.5492735194679135,445.27923823147125,0,0,0,0,85,37,20,5,10,30
RANDOM,337027,3.305875118764204,0.32796730304451754,34.44379430066306,38,4,0,0,85,37,20,5,10,30
HIGHEST_SNR,337027,34.0755934997337,0.8152478519568548,51.86001568636276,39,3,0,0,85,37,20,5,10,30
SHORTEST_PULSE,337027,34.59338812636945,0.812231488052413,36.37913585685273,39,3,0,0,85,37,20,5,10,30
METROLOGY_CONDITIONED_EIG,337027,6.045800178758977,0.3574977595573162,30.67137830056296,39,3,0,0,85,37,20,5,10,30
NO_PASSIVE,337028,524.1572483270702,2.177131225726732,445.27923823147125,0,0,0,0,25,37,20,5,10,30
RANDOM,337028,44.96061637755628,1.260768360222799,49.207856269091266,23,0,0,0,25,37,20,5,10,30
HIGHEST_SNR,337028,44.96061637755628,1.260768360222799,49.207856269091266,23,0,0,0,25,37,20,5,10,30
SHORTEST_PULSE,337028,39.73509579552071,0.5751576507792814,49.05886779338659,23,0,0,0,25,37,20,5,10,30
METROLOGY_CONDITIONED_EIG,337028,39.73509579552071,0.5751576507792814,49.05886779338659,23,0,0,0,25,37,20,5,10,30
NO_PASSIVE,337029,50.76922603581371,0.8916306634732832,445.27923823147125,0,0,0,0,84,37,20,5,10,30
RANDOM,337029,7.7658640596839374,0.31048038465004574,15.780090412065316,48,2,0,0,84,37,20,5,10,30
HIGHEST_SNR,337029,14.162708261544566,0.6160382860790946,18.376161669001217,49,1,0,0,84,37,20,5,10,30
SHORTEST_PULSE,337029,18.088148351378983,0.5481889978492256,16.591117219326225,47,3,0,0,84,37,20,5,10,30
METROLOGY_CONDITIONED_EIG,337029,7.602126286206917,0.2709669781219496,15.440706959644995,47,3,0,0,84,37,20,5,10,30
NO_PASSIVE,338000,41.67477963650864,1.48779237370106,445.27923823147125,0,0,0,0,40,38,20,5,10,100
RANDOM,338000,46.38867981382608,1.2887974213648614,41.116424350586556,33,0,0,0,40,38,20,5,10,100
HIGHEST_SNR,338000,49.62412956314411,1.4611007568216514,42.85895071292098,33,0,0,0,40,38,20,5,10,100
SHORTEST_PULSE,338000,47.67228164128998,1.1323332185024408,40.60596894547612,33,0,0,0,40,38,20,5,10,100
METROLOGY_CONDITIONED_EIG,338000,50.646416915909555,1.463269836266434,42.24868214491735,33,0,0,0,40,38,20,5,10,100
NO_PASSIVE,338001,174.67791329869988,1.1035345168679014,445.27923823147125,0,0,0,0,21,38,20,5,10,100
RANDOM,338001,87.88019978520852,0.6912309773119888,56.083694874766074,15,1,0,0,21,38,20,5,10,100
HIGHEST_SNR,338001,87.88019978520852,0.6912309773119888,56.083694874766074,15,1,0,0,21,38,20,5,10,100
SHORTEST_PULSE,338001,34.25254671283997,0.604173173308235,53.870381082666746,14,2,0,0,21,38,20,5,10,100
METROLOGY_CONDITIONED_EIG,338001,34.806439702577876,0.6849126061356868,51.182005543681086,15,1,0,0,21,38,20,5,10,100
NO_PASSIVE,338002,290.15835934846956,3.919038425014589,445.27923823147125,0,0,0,0,12,38,20,5,10,100
RANDOM,338002,195.7976633808906,1.199534553198184,185.7060859112475,12,0,0,0,12,38,20,5,10,100
HIGHEST_SNR,338002,195.7976633808906,1.199534553198184,185.7060859112475,12,0,0,0,12,38,20,5,10,100
SHORTEST_PULSE,338002,195.7976633808906,1.199534553198184,185.7060859112475,12,0,0,0,12,38,20,5,10,100
METROLOGY_CONDITIONED_EIG,338002,195.7976633808906,1.199534553198184,185.7060859112475,12,0,0,0,12,38,20,5,10,100
NO_PASSIVE,338003,529.4953155999962,1.1937431108945602,445.27923823147125,0,0,0,0,47,38,20,5,10,100
RANDOM,338003,65.63938443510338,1.5853715778333408,54.220552350765686,32,1,0,0,47,38,20,5,10,100
HIGHEST_SNR,338003,91.05598407468062,1.7153287805647977,67.54590464720808,31,2,0,0,47,38,20,5,10,100
SHORTEST_PULSE,338003,21.993392108891488,0.7525781181890473,60.964668619609775,33,0,0,0,47,38,20,5,10,100
METROLOGY_CONDITIONED_EIG,338003,45.395586121234814,0.8151222071061107,52.294772656945696,33,0,0,0,47,38,20,5,10,100
NO_PASSIVE,338004,164.67713984113414,1.316672552589177,445.27923823147125,0,0,0,0,35,38,20,5,10,100
RANDOM,338004,51.67406293718218,0.9689104324216941,55.792234579398084,35,0,0,0,35,38,20,5,10,100
HIGHEST_SNR,338004,51.67406293718218,0.9689104324216941,55.792234579398084,35,0,0,0,35,38,20,5,10,100
SHORTEST_PULSE,338004,51.67406293718218,0.9689104324216941,55.792234579398084,35,0,0,0,35,38,20,5,10,100
METROLOGY_CONDITIONED_EIG,338004,51.67406293718218,0.9689104324216941,55.792234579398084,35,0,0,0,35,38,20,5,10,100
NO_PASSIVE,338005,201.420216134316,1.0664701482156673,445.27923823147125,0,0,0,0,35,38,20,5,10,100
RANDOM,338005,66.58074623962386,1.7038548584203823,61.78794012008176,32,0,0,0,35,38,20,5,10,100
HIGHEST_SNR,338005,55.48487520621518,1.551479614386241,62.369940643497436,32,0,0,0,35,38,20,5,10,100
SHORTEST_PULSE,338005,63.455980061684855,1.6958412366816054,60.399618278581386,32,0,0,0,35,38,20,5,10,100
METROLOGY_CONDITIONED_EIG,338005,63.455980061684855,1.6958412366816054,60.399618278581386,32,0,0,0,35,38,20,5,10,100
NO_PASSIVE,338006,340.56087034770076,3.2379750949353934,445.27923823147125,0,0,0,0,84,38,20,5,10,100
RANDOM,338006,59.152464862588026,1.4553362927887197,41.14475130148518,49,0,0,0,84,38,20,5,10,100
HIGHEST_SNR,338006,46.28965165833203,0.848396167297021,43.22837826914193,49,0,0,0,84,38,20,5,10,100
SHORTEST_PULSE,338006,39.66779605625329,1.0953079231621266,38.76320979319244,49,0,0,0,84,38,20,5,10,100
METROLOGY_CONDITIONED_EIG,338006,41.4054525986417,1.0256331490510169,39.68267911259813,49,0,0,0,84,38,20,5,10,100
NO_PASSIVE,338007,271.1973706123416,0.9901124556428245,445.27923823147125,0,0,0,0,52,38,20,5,10,100
RANDOM,338007,88.50962486087161,0.9167404138220416,60.15846540661904,37,0,0,0,52,38,20,5,10,100
HIGHEST_SNR,338007,120.07558959753257,1.1257766921345487,142.23807637654053,36,1,0,0,52,38,20,5,10,100
SHORTEST_PULSE,338007,85.93994214053279,1.2901951022122122,60.279258883876594,37,0,0,0,52,38,20,5,10,100
METROLOGY_CONDITIONED_EIG,338007,68.2718582157286,0.8691855519316202,58.099824855567135,36,1,0,0,52,38,20,5,10,100
NO_PASSIVE,338008,292.6857937275081,0.7933072010743722,445.27923823147125,0,0,0,0,86,38,20,5,10,100
RANDOM,338008,44.633752454088054,0.6108832804686041,39.19061314961613,48,1,0,0,86,38,20,5,10,100
HIGHEST_SNR,338008,18.497390348159072,0.49240346591126316,38.96045597819913,48,1,0,0,86,38,20,5,10,100
SHORTEST_PULSE,338008,23.1747599336461,1.086186754487352,41.297728725739105,47,2,0,0,86,38,20,5,10,100
METROLOGY_CONDITIONED_EIG,338008,43.146694779192714,1.137183463410935,35.03074679065586,48,1,0,0,86,38,20,5,10,100
NO_PASSIVE,338009,1021.322581548977,2.632970017106658,445.27923823147125,0,0,0,0,52,38,20,5,10,100
RANDOM,338009,27.486957573753806,2.452912021896952,60.23974996579368,34,5,0,0,52,38,20,5,10,100
HIGHEST_SNR,338009,1318.8695712151525,2.1584469459221793,308.3630019811348,22,17,0,0,52,38,20,5,10,100
SHORTEST_PULSE,338009,1318.8695712151525,2.1584469459221793,308.3630019811348,22,17,0,0,52,38,20,5,10,100
METROLOGY_CONDITIONED_EIG,338009,37.94154254400758,1.9326111945003615,61.150893610165426,33,6,0,0,52,38,20,5,10,100
NO_PASSIVE,338010,433.93719278005364,4.551233212844849,445.27923823147125,0,0,0,0,8,38,20,5,10,100
RANDOM,338010,125.87309209607405,2.965502953972946,66.5354337096077,8,0,0,0,8,38,20,5,10,100
HIGHEST_SNR,338010,125.87309209607405,2.965502953972946,66.5354337096077,8,0,0,0,8,38,20,5,10,100
SHORTEST_PULSE,338010,125.87309209607405,2.965502953972946,66.5354337096077,8,0,0,0,8,38,20,5,10,100
METROLOGY_CONDITIONED_EIG,338010,125.87309209607405,2.965502953972946,66.5354337096077,8,0,0,0,8,38,20,5,10,100
NO_PASSIVE,338011,454.68291751237365,1.5559300244534087,445.27923823147125,0,0,0,0,37,38,20,5,10,100
RANDOM,338011,27.22052282472476,1.1685823855885205,66.11503340576385,28,0,0,0,37,38,20,5,10,100
HIGHEST_SNR,338011,20.20776454819611,1.3538218692925232,71.83796963744044,28,0,0,0,37,38,20,5,10,100
SHORTEST_PULSE,338011,21.358142389453914,1.1122257994553162,71.81977452675791,28,0,0,0,37,38,20,5,10,100
METROLOGY_CONDITIONED_EIG,338011,31.210196752296163,1.7564137853036597,64.37553163293028,28,0,0,0,37,38,20,5,10,100
NO_PASSIVE,338012,495.1719006090675,3.7022910439486254,445.27923823147125,0,0,0,0,150,38,20,5,10,100
RANDOM,338012,46.7210452128625,1.6146930725324542,35.05499795882358,60,0,0,0,150,38,20,5,10,100
HIGHEST_SNR,338012,58.42787413485086,2.5962042697708663,47.48096300585253,60,0,0,0,150,38,20,5,10,100
SHORTEST_PULSE,338012,22.62755759020013,0.929653561851161,29.01652541621488,60,0,0,0,150,38,20,5,10,100
METROLOGY_CONDITIONED_EIG,338012,20.201265954333607,0.8843545014881481,29.011544008627805,60,0,0,0,150,38,20,5,10,100
NO_PASSIVE,338013,749.7108352008421,0.18792606252481095,445.27923823147125,0,0,0,0,77,38,20,5,10,100
RANDOM,338013,21.59421247663686,0.6910415485211271,53.933880100768505,37,1,0,0,77,38,20,5,10,100
HIGHEST_SNR,338013,39.50622974146719,1.2056670356430488,82.08582979833524,38,0,0,0,77,38,20,5,10,100
SHORTEST_PULSE,338013,28.234060782993833,0.5965567783845928,55.07501551789214,38,0,0,0,77,38,20,5,10,100
METROLOGY_CONDITIONED_EIG,338013,59.682374434745796,1.0435785240948163,53.90601257847112,38,0,0,0,77,38,20,5,10,100
NO_PASSIVE,338014,362.88969872777744,0.7679871479209139,445.27923823147125,0,0,0,0,75,38,20,5,10,100
RANDOM,338014,26.798770603255686,0.8711510183622728,41.236430163941804,43,1,0,0,75,38,20,5,10,100
HIGHEST_SNR,338014,12.449138910360281,0.5463111128971286,45.38727824608066,44,0,0,0,75,38,20,5,10,100
SHORTEST_PULSE,338014,28.957753964060277,0.6386684769619161,39.92978662786787,44,0,0,0,75,38,20,5,10,100
METROLOGY_CONDITIONED_EIG,338014,35.697006741839765,0.6315152756284008,39.19741372108935,44,0,0,0,75,38,20,5,10,100
NO_PASSIVE,338015,302.6003055432525,2.5370425207339995,445.27923823147125,0,0,0,0,59,38,20,5,10,100
RANDOM,338015,36.91077920278837,2.1344855814371404,51.80817301393718,43,0,0,0,59,38,20,5,10,100
HIGHEST_SNR,338015,8.04015175063774,1.062218301951599,57.575925031705886,42,1,0,0,59,38,20,5,10,100
SHORTEST_PULSE,338015,34.307965784848854,0.7338442308830588,52.952015867850356,43,0,0,0,59,38,20,5,10,100
METROLOGY_CONDITIONED_EIG,338015,18.754974295901512,1.4997721747412716,40.07755101001998,43,0,0,0,59,38,20,5,10,100
NO_PASSIVE,338016,397.13205469330336,3.3054797604959276,445.27923823147125,0,0,0,0,133,38,20,5,10,100
RANDOM,338016,59.60575077519057,1.216489323701905,39.85520221028806,56,2,0,0,133,38,20,5,10,100
HIGHEST_SNR,338016,50.35203418550935,1.5561128143443317,42.6503347615873,57,1,0,0,133,38,20,5,10,100
SHORTEST_PULSE,338016,45.095551154067,0.5572588048276587,37.09811779368434,58,0,0,0,133,38,20,5,10,100
METROLOGY_CONDITIONED_EIG,338016,64.03947215637136,1.1291554169390319,35.517704981180536,58,0,0,0,133,38,20,5,10,100
NO_PASSIVE,338017,398.46572329915506,2.726426155734385,445.27923823147125,0,0,0,0,148,38,20,5,10,100
RANDOM,338017,36.73533336280594,1.7390004462472566,36.75645676561646,58,0,0,0,148,38,20,5,10,100
HIGHEST_SNR,338017,21.21617845704485,2.506110107462648,49.47072579630525,56,2,0,0,148,38,20,5,10,100
SHORTEST_PULSE,338017,7.8997535375371175,0.7828592853364519,28.928784376795285,56,2,0,0,148,38,20,5,10,100
METROLOGY_CONDITIONED_EIG,338017,18.618407032788618,0.25852238752614815,27.32639421451369,57,1,0,0,148,38,20,5,10,100
NO_PASSIVE,338018,501.8855073472451,1.4577666258309823,445.27923823147125,0,0,0,0,143,38,20,5,10,100
RANDOM,338018,21.79177643089154,0.3058550616022821,27.62734307642756,51,0,0,0,143,38,20,5,10,100
HIGHEST_SNR,338018,18.353112724955547,0.14523515466487605,32.16085608610794,51,0,0,0,143,38,20,5,10,100
SHORTEST_PULSE,338018,25.50608547754505,0.5256125035363582,25.78723987654044,51,0,0,0,143,38,20,5,10,100
METROLOGY_CONDITIONED_EIG,338018,25.022057978202238,0.5091364056358586,26.032414724169534,51,0,0,0,143,38,20,5,10,100
NO_PASSIVE,338019,606.9163159169009,1.0871360187654726,445.27923823147125,0,0,0,0,18,38,20,5,10,100
RANDOM,338019,29.78872424459965,0.5291413544560643,55.77392628054817,16,0,0,0,18,38,20,5,10,100
HIGHEST_SNR,338019,29.915334905207832,0.5144964050177365,54.65667795440488,16,0,0,0,18,38,20,5,10,100
SHORTEST_PULSE,338019,32.791363841970714,0.4534178901581916,55.72441909546753,16,0,0,0,18,38,20,5,10,100
METROLOGY_CONDITIONED_EIG,338019,33.23426640300499,0.4497347130086602,54.58668176359826,16,0,0,0,18,38,20,5,10,100
NO_PASSIVE,338020,362.4368425904425,1.7832720808164857,445.27923823147125,0,0,0,0,95,38,20,5,10,100
RANDOM,338020,38.8361163876098,1.3596996807939132,37.12606305791075,42,2,0,0,95,38,20,5,10,100
HIGHEST_SNR,338020,39.55711903599339,1.481857455757358,38.24136891437111,43,1,0,0,95,38,20,5,10,100
SHORTEST_PULSE,338020,45.03575070070726,0.9706424355605866,34.41054654194902,42,2,0,0,95,38,20,5,10,100
METROLOGY_CONDITIONED_EIG,338020,16.059050036815968,0.7485815019577297,33.7747003450856,43,1,0,0,95,38,20,5,10,100
NO_PASSIVE,338021,277.63133665964426,0.9596263713920693,445.27923823147125,0,0,0,0,4,38,20,5,10,100
RANDOM,338021,265.7141784632511,0.33146889890431547,145.63806001265857,4,0,0,0,4,38,20,5,10,100
HIGHEST_SNR,338021,265.7141784632511,0.33146889890431547,145.63806001265857,4,0,0,0,4,38,20,5,10,100
SHORTEST_PULSE,338021,265.7141784632511,0.33146889890431547,145.63806001265857,4,0,0,0,4,38,20,5,10,100
METROLOGY_CONDITIONED_EIG,338021,265.7141784632511,0.33146889890431547,145.63806001265857,4,0,0,0,4,38,20,5,10,100
NO_PASSIVE,338022,621.7953049642197,2.2173580812998996,445.27923823147125,0,0,0,0,3,38,20,5,10,100
RANDOM,338022,591.9787782405323,2.2364925313295654,318.9160963948997,3,0,0,0,3,38,20,5,10,100
HIGHEST_SNR,338022,591.9787782405323,2.2364925313295654,318.9160963948997,3,0,0,0,3,38,20,5,10,100
SHORTEST_PULSE,338022,591.9787782405323,2.2364925313295654,318.9160963948997,3,0,0,0,3,38,20,5,10,100
METROLOGY_CONDITIONED_EIG,338022,591.9787782405323,2.2364925313295654,318.9160963948997,3,0,0,0,3,38,20,5,10,100
NO_PASSIVE,338023,290.38554053030145,1.6229667255931426,445.27923823147125,0,0,0,0,100,38,20,5,10,100
RANDOM,338023,12.630716326098185,0.6155046964511489,40.27807754002639,59,0,0,0,100,38,20,5,10,100
HIGHEST_SNR,338023,15.938503917774504,0.44908565298325587,45.69775013511728,59,0,0,0,100,38,20,5,10,100
SHORTEST_PULSE,338023,5.551192952940385,0.4337554821875531,37.483176279665464,59,0,0,0,100,38,20,5,10,100
METROLOGY_CONDITIONED_EIG,338023,18.55078436779593,0.4856902935479827,37.54487178482401,59,0,0,0,100,38,20,5,10,100
NO_PASSIVE,338024,379.76434754087353,1.345933356044636,445.27923823147125,0,0,0,0,25,38,20,5,10,100
RANDOM,338024,36.67251349928469,0.7234650355385677,130.27827517694743,20,2,0,0,25,38,20,5,10,100
HIGHEST_SNR,338024,36.5804550820718,0.7283599838816435,146.1167625627214,20,2,0,0,25,38,20,5,10,100
SHORTEST_PULSE,338024,81.36616666732422,0.5035513175223556,95.48202538424461,20,2,0,0,25,38,20,5,10,100
METROLOGY_CONDITIONED_EIG,338024,81.36616666732422,0.5035513175223556,95.48202538424461,20,2,0,0,25,38,20,5,10,100
NO_PASSIVE,338025,187.5541009644873,1.6263841590069774,445.27923823147125,0,0,0,0,43,38,20,5,10,100
RANDOM,338025,115.17710572421981,2.3161145386514757,61.97852613067602,30,1,0,0,43,38,20,5,10,100
HIGHEST_SNR,338025,107.68730799987685,2.5493403004111572,62.91671601366839,30,1,0,0,43,38,20,5,10,100
SHORTEST_PULSE,338025,92.14290148431337,1.5392708216912454,62.773021178692765,31,0,0,0,43,38,20,5,10,100
METROLOGY_CONDITIONED_EIG,338025,92.3786615412706,1.524981216849693,62.86099474317418,31,0,0,0,43,38,20,5,10,100
NO_PASSIVE,338026,356.0379080763578,1.2090196410549856,445.27923823147125,0,0,0,0,61,38,20,5,10,100
RANDOM,338026,88.36668528619781,2.2831244428754225,48.19001920324177,35,0,0,0,61,38,20,5,10,100
HIGHEST_SNR,338026,38.8360072266694,0.8724695328878287,58.8493293552232,35,0,0,0,61,38,20,5,10,100
SHORTEST_PULSE,338026,57.885373037094276,1.2392653038264583,39.58022379355033,35,0,0,0,61,38,20,5,10,100
METROLOGY_CONDITIONED_EIG,338026,59.74736045431982,1.1466359268268325,39.360200364879844,35,0,0,0,61,38,20,5,10,100
NO_PASSIVE,338027,291.4838840127522,1.4264726862639645,445.27923823147125,0,0,0,0,57,38,20,5,10,100
RANDOM,338027,113.72134726986454,0.9345809692439606,88.4169296642921,48,0,0,0,57,38,20,5,10,100
HIGHEST_SNR,338027,138.09262289343545,1.0920357916593353,93.69978157400769,48,0,0,0,57,38,20,5,10,100
SHORTEST_PULSE,338027,28.520611454363962,0.7807043219621277,54.69193952654786,48,0,0,0,57,38,20,5,10,100
METROLOGY_CONDITIONED_EIG,338027,29.79094487666138,0.8207905676634275,54.752754554535606,48,0,0,0,57,38,20,5,10,100
NO_PASSIVE,338028,1137.2127238609855,1.3393553363997126,445.27923823147125,0,0,0,0,13,38,20,5,10,100
RANDOM,338028,1125.0082869018247,1.6504056120256414,316.80191105466287,10,2,0,0,13,38,20,5,10,100
HIGHEST_SNR,338028,1132.7112043917803,1.547543569794541,316.7089986049115,11,1,0,0,13,38,20,5,10,100
SHORTEST_PULSE,338028,1132.7112043917803,1.547543569794541,316.7089986049115,11,1,0,0,13,38,20,5,10,100
METROLOGY_CONDITIONED_EIG,338028,1125.0082869018247,1.6504056120256414,316.80191105466287,10,2,0,0,13,38,20,5,10,100
NO_PASSIVE,338029,415.1959818618372,1.513984888757637,445.27923823147125,0,0,0,0,51,38,20,5,10,100
RANDOM,338029,58.21374180314866,0.735408388343,65.0307828537398,38,0,0,0,51,38,20,5,10,100
HIGHEST_SNR,338029,54.625829863426524,0.35522618888965835,70.16420183220382,37,1,0,0,51,38,20,5,10,100
SHORTEST_PULSE,338029,51.69396021164105,0.8617978716315987,64.80925054060656,38,0,0,0,51,38,20,5,10,100
METROLOGY_CONDITIONED_EIG,338029,87.38388565281149,0.7285648224842196,64.8816306116581,38,0,0,0,51,38,20,5,10,100
NO_PASSIVE,339000,401.6081361536012,0.39762429094665924,445.27923823147125,0,0,0,0,307,39,20,5,100,30
RANDOM,339000,16.791956278193226,0.3834652164571189,24.06731517798398,60,0,0,0,307,39,20,5,100,30
HIGHEST_SNR,339000,12.45223113382137,0.8702834543170364,45.11136369685927,58,2,0,0,307,39,20,5,100,30
SHORTEST_PULSE,339000,6.187212890695833,0.1212757624894864,17.92585313974605,60,0,0,0,307,39,20,5,100,30
METROLOGY_CONDITIONED_EIG,339000,24.149507123309508,0.7279288594285501,15.950170143021115,60,0,0,0,307,39,20,5,100,30
NO_PASSIVE,339001,1141.3732502163175,2.081597333627952,445.27923823147125,0,0,0,0,307,39,20,5,100,30
RANDOM,339001,16.53442274407668,1.0044180140002599,15.751775156127549,56,4,0,0,307,39,20,5,100,30
HIGHEST_SNR,339001,10.54937306060395,1.4257486881645356,30.983056239015973,53,7,0,0,307,39,20,5,100,30
SHORTEST_PULSE,339001,15.105588158593727,0.4584064501757442,25.499102687419626,59,1,0,0,307,39,20,5,100,30
METROLOGY_CONDITIONED_EIG,339001,19.448806254577764,0.8036010865035075,13.201555909692267,59,1,0,0,307,39,20,5,100,30
NO_PASSIVE,339002,419.3917679628498,0.8467520361408529,445.27923823147125,0,0,0,0,212,39,20,5,100,30
RANDOM,339002,17.091961705657408,0.9087575982899533,25.15775936093357,57,0,0,0,212,39,20,5,100,30
HIGHEST_SNR,339002,6.369811655065836,0.2926737214931433,28.088904483832952,57,0,0,0,212,39,20,5,100,30
SHORTEST_PULSE,339002,0.9689560241968657,0.2607743081755985,19.78266592672796,57,0,0,0,212,39,20,5,100,30
METROLOGY_CONDITIONED_EIG,339002,6.757203803365971,0.2527680737167868,18.665593573450845,57,0,0,0,212,39,20,5,100,30
NO_PASSIVE,339003,63.01298472802721,1.857358036110165,445.27923823147125,0,0,0,0,268,39,20,5,100,30
RANDOM,339003,13.089462833219867,0.5658907904987557,19.324279052576685,59,1,0,0,268,39,20,5,100,30
HIGHEST_SNR,339003,6.114045284340595,0.4739901453947057,31.32918246549229,60,0,0,0,268,39,20,5,100,30
SHORTEST_PULSE,339003,12.453381820918294,0.3927998428431274,28.034635395205708,60,0,0,0,268,39,20,5,100,30
METROLOGY_CONDITIONED_EIG,339003,8.246459978530813,0.3630990648293108,15.813396478473559,59,1,0,0,268,39,20,5,100,30
NO_PASSIVE,339004,91.93865614435721,2.4622386748951444,445.27923823147125,0,0,0,0,202,39,20,5,100,30
RANDOM,339004,34.33582870456009,1.0329771538421655,19.22076728414359,56,0,0,0,202,39,20,5,100,30
HIGHEST_SNR,339004,30.95924137051973,0.630602751818327,25.169211231848397,55,1,0,0,202,39,20,5,100,30
SHORTEST_PULSE,339004,16.3022028968605,0.701111698162231,19.158365730973774,55,1,0,0,202,39,20,5,100,30
METROLOGY_CONDITIONED_EIG,339004,13.56370354432732,0.33548847550015526,16.47497405763296,56,0,0,0,202,39,20,5,100,30
NO_PASSIVE,339005,362.87810847631147,2.480957218671685,445.27923823147125,0,0,0,0,166,39,20,5,100,30
RANDOM,339005,54.51572974717283,0.9412051142395179,28.424706176701783,58,2,0,0,166,39,20,5,100,30
HIGHEST_SNR,339005,23.95602397318865,0.35423987748208957,61.31029176999941,60,0,0,0,166,39,20,5,100,30
SHORTEST_PULSE,339005,0.6417778454470472,0.21559312568571087,17.54613702280839,59,1,0,0,166,39,20,5,100,30
METROLOGY_CONDITIONED_EIG,339005,8.332236790532683,0.4120182289128519,17.535648421828853,60,0,0,0,166,39,20,5,100,30
NO_PASSIVE,339006,544.3625837075432,2.944860651318566,445.27923823147125,0,0,0,0,314,39,20,5,100,30
RANDOM,339006,29.0215491835071,0.17194776292069266,16.181635691394597,57,3,0,0,314,39,20,5,100,30
HIGHEST_SNR,339006,14.032268972191565,0.5451515735050552,31.519077980837693,60,0,0,0,314,39,20,5,100,30
SHORTEST_PULSE,339006,49.04728186422723,1.4891051644161266,17.14372025671811,56,4,0,0,314,39,20,5,100,30
METROLOGY_CONDITIONED_EIG,339006,15.847283252822495,0.47058158824576485,12.221898243799737,57,3,0,0,314,39,20,5,100,30
NO_PASSIVE,339007,447.83632353599324,2.0747249303508486,445.27923823147125,0,0,0,0,178,39,20,5,100,30
RANDOM,339007,36.79255354933451,1.4728231799248424,22.605531078762343,56,0,0,0,178,39,20,5,100,30
HIGHEST_SNR,339007,3.4985774148701,0.35891082090846793,27.28897871505113,56,0,0,0,178,39,20,5,100,30
SHORTEST_PULSE,339007,12.210806611898573,0.2398850748646518,21.575213474194026,56,0,0,0,178,39,20,5,100,30
METROLOGY_CONDITIONED_EIG,339007,28.833713642436386,0.7666483011297881,16.76451053250545,55,1,0,0,178,39,20,5,100,30
NO_PASSIVE,339008,847.8701653738804,1.6531179387493442,445.27923823147125,0,0,0,0,112,39,20,5,100,30
RANDOM,339008,36.67118963325382,1.013087486781246,23.33710377401585,57,0,0,0,112,39,20,5,100,30
HIGHEST_SNR,339008,34.051949971560376,0.9900964459471481,22.866938312331314,56,1,0,0,112,39,20,5,100,30
SHORTEST_PULSE,339008,2.910081499561376,0.23117560297531536,21.495143058250942,57,0,0,0,112,39,20,5,100,30
METROLOGY_CONDITIONED_EIG,339008,13.527998583414682,0.5366634895541023,20.0806972560497,57,0,0,0,112,39,20,5,100,30
NO_PASSIVE,339009,354.8591087974835,0.966998642592659,445.27923823147125,0,0,0,0,221,39,20,5,100,30
RANDOM,339009,34.76414084186577,0.9927459508736451,18.73869933572127,60,0,0,0,221,39,20,5,100,30
HIGHEST_SNR,339009,37.209055951547754,1.2837762801155341,24.68868751776853,59,1,0,0,221,39,20,5,100,30
SHORTEST_PULSE,339009,14.933471724216984,0.5155335878793431,14.015207167343915,60,0,0,0,221,39,20,5,100,30
METROLOGY_CONDITIONED_EIG,339009,22.442760112861347,0.6506602165184991,14.088561260408905,60,0,0,0,221,39,20,5,100,30
NO_PASSIVE,339010,587.9818913043206,1.0985785652320086,445.27923823147125,0,0,0,0,320,39,20,5,100,30
RANDOM,339010,34.335616266221514,1.0235833068750018,21.08797999469426,58,2,0,0,320,39,20,5,100,30
HIGHEST_SNR,339010,3.4289675697169675,0.1937968722352052,17.39219612521939,60,0,0,0,320,39,20,5,100,30
SHORTEST_PULSE,339010,2.573753138830189,0.07466266847273444,20.063774317426976,60,0,0,0,320,39,20,5,100,30
METROLOGY_CONDITIONED_EIG,339010,5.758842151155872,0.2819119091110725,16.264026376542677,60,0,0,0,320,39,20,5,100,30
NO_PASSIVE,339011,543.1702126140028,1.1391524677946026,445.27923823147125,0,0,0,0,186,39,20,5,100,30
RANDOM,339011,19.491790169688787,0.334643414221773,17.58996718142937,58,0,0,0,186,39,20,5,100,30
HIGHEST_SNR,339011,15.416186784905543,0.13700809241782738,23.482572583817678,58,0,0,0,186,39,20,5,100,30
SHORTEST_PULSE,339011,3.6844578563709627,0.39588695057383283,15.88350628666674,58,0,0,0,186,39,20,5,100,30
METROLOGY_CONDITIONED_EIG,339011,8.160459308300688,0.18712029562352753,14.939453967156625,57,1,0,0,186,39,20,5,100,30
NO_PASSIVE,339012,314.19463804003306,1.95301102520695,445.27923823147125,0,0,0,0,267,39,20,5,100,30
RANDOM,339012,26.779482089069184,0.7063439802930419,21.53487619014426,59,1,0,0,267,39,20,5,100,30
HIGHEST_SNR,339012,8.543637549317092,0.48293562149555946,26.458204794064997,60,0,0,0,267,39,20,5,100,30
SHORTEST_PULSE,339012,3.3059393173105174,0.206672511433725,16.97286718003138,60,0,0,0,267,39,20,5,100,30
METROLOGY_CONDITIONED_EIG,339012,5.629746454195273,0.3332691455368074,14.751562857327656,60,0,0,0,267,39,20,5,100,30
NO_PASSIVE,339013,67.64720308078593,0.6089675698456386,445.27923823147125,0,0,0,0,246,39,20,5,100,30
RANDOM,339013,8.74866589284423,0.12295759136930508,16.45994704181027,60,0,0,0,246,39,20,5,100,30
HIGHEST_SNR,339013,20.643722175395382,0.5841780201090926,18.62812761103478,60,0,0,0,246,39,20,5,100,30
SHORTEST_PULSE,339013,12.261288784176186,0.29319119899683876,13.614821534314324,60,0,0,0,246,39,20,5,100,30
METROLOGY_CONDITIONED_EIG,339013,11.66054253370087,0.28382246789066445,13.762067678104065,60,0,0,0,246,39,20,5,100,30
NO_PASSIVE,339014,517.2214759855219,2.6967419659293532,445.27923823147125,0,0,0,0,298,39,20,5,100,30
RANDOM,339014,24.280067499743165,0.7584923719934951,21.024532888434518,60,0,0,0,298,39,20,5,100,30
HIGHEST_SNR,339014,15.161733298583322,0.6435193678422133,26.280691894115773,60,0,0,0,298,39,20,5,100,30
SHORTEST_PULSE,339014,34.696542660355554,1.2509912719001572,20.25928970709408,59,1,0,0,298,39,20,5,100,30
METROLOGY_CONDITIONED_EIG,339014,12.925754329692897,0.8444794358124459,17.14553155699849,59,1,0,0,298,39,20,5,100,30
NO_PASSIVE,339015,355.57192587365245,1.6532880709358175,445.27923823147125,0,0,0,0,144,39,20,5,100,30
RANDOM,339015,22.433634395812906,1.1286764104871014,23.996855556842842,57,3,0,0,144,39,20,5,100,30
HIGHEST_SNR,339015,58.8580147828787,1.7712832817801805,28.549793970452853,58,2,0,0,144,39,20,5,100,30
SHORTEST_PULSE,339015,9.742972312237965,0.5252644998125671,23.12975106892473,56,4,0,0,144,39,20,5,100,30
METROLOGY_CONDITIONED_EIG,339015,11.053164272834762,0.5365892008497122,21.93363948757388,57,3,0,0,144,39,20,5,100,30
NO_PASSIVE,339016,189.4713998123892,3.5874910851090527,445.27923823147125,0,0,0,0,260,39,20,5,100,30
RANDOM,339016,19.565932964756033,0.649570089152289,18.636685646724988,60,0,0,0,260,39,20,5,100,30
HIGHEST_SNR,339016,15.115405335470228,1.3085755125823353,39.78428952863482,59,1,0,0,260,39,20,5,100,30
SHORTEST_PULSE,339016,30.310585177902137,0.9693428489510175,14.02519958983283,59,1,0,0,260,39,20,5,100,30
METROLOGY_CONDITIONED_EIG,339016,18.07636468646047,0.7271589517209368,13.60749495492028,59,1,0,0,260,39,20,5,100,30
NO_PASSIVE,339017,433.2522850310754,1.1070845929031685,445.27923823147125,0,0,0,0,183,39,20,5,100,30
RANDOM,339017,23.98442915565554,0.6326375217042761,24.704517944127442,57,0,0,0,183,39,20,5,100,30
HIGHEST_SNR,339017,25.74313160259589,0.9462153081178956,35.859687242836216,56,1,0,0,183,39,20,5,100,30
SHORTEST_PULSE,339017,6.054904717618937,0.32927444602547407,22.19862411937874,55,2,0,0,183,39,20,5,100,30
METROLOGY_CONDITIONED_EIG,339017,12.990498726628068,0.8132874178985854,20.045093157398618,57,0,0,0,183,39,20,5,100,30
NO_PASSIVE,339018,29.351331781143735,1.0972372029332988,445.27923823147125,0,0,0,0,181,39,20,5,100,30
RANDOM,339018,14.805148946898465,0.36301660552025566,22.271612710559907,58,1,0,0,181,39,20,5,100,30
HIGHEST_SNR,339018,10.64373249140115,0.16702503008960096,22.06987022541489,58,1,0,0,181,39,20,5,100,30
SHORTEST_PULSE,339018,28.690071056817203,0.5651865439491774,19.36198191463307,58,1,0,0,181,39,20,5,100,30
METROLOGY_CONDITIONED_EIG,339018,18.308671721770448,0.5517100346555404,18.03434699127281,56,3,0,0,181,39,20,5,100,30
NO_PASSIVE,339019,629.0385875052859,2.7284543076041903,445.27923823147125,0,0,0,0,147,39,20,5,100,30
RANDOM,339019,8.126940066339152,0.7154130389943871,18.115403276491044,59,1,0,0,147,39,20,5,100,30
HIGHEST_SNR,339019,16.796636571720537,0.40134027678430984,20.601992327074186,60,0,0,0,147,39,20,5,100,30
SHORTEST_PULSE,339019,16.883914931797825,0.8930153885315976,17.433238095338275,60,0,0,0,147,39,20,5,100,30
METROLOGY_CONDITIONED_EIG,339019,18.050049156181384,0.7738937423107987,15.798072377355933,60,0,0,0,147,39,20,5,100,30
NO_PASSIVE,339020,317.54757977161336,0.8679828167738584,445.27923823147125,0,0,0,0,159,39,20,5,100,30
RANDOM,339020,13.21398927475221,0.40389190467849484,23.810246483532314,60,0,0,0,159,39,20,5,100,30
HIGHEST_SNR,339020,6.03934390502275,0.868321330859787,38.18626323206904,59,1,0,0,159,39,20,5,100,30
SHORTEST_PULSE,339020,4.099931048853355,0.23390992721707804,21.199833679514857,60,0,0,0,159,39,20,5,100,30
METROLOGY_CONDITIONED_EIG,339020,9.513159322205661,0.23257096441149003,19.714436958580894,60,0,0,0,159,39,20,5,100,30
NO_PASSIVE,339021,130.92768927984724,2.6404212518756136,445.27923823147125,0,0,0,0,148,39,20,5,100,30
RANDOM,339021,13.03394617262785,0.367438847206387,23.632015862758113,59,1,0,0,148,39,20,5,100,30
HIGHEST_SNR,339021,12.869185356941866,0.22931395160152904,24.762254028877074,59,1,0,0,148,39,20,5,100,30
SHORTEST_PULSE,339021,1.7185801838433046,0.4877086561499225,17.455940473702395,59,1,0,0,148,39,20,5,100,30
METROLOGY_CONDITIONED_EIG,339021,15.441371524610274,0.7112227928543433,17.576834384959938,59,1,0,0,148,39,20,5,100,30
NO_PASSIVE,339022,363.35010819731065,0.9669239958228015,445.27923823147125,0,0,0,0,217,39,20,5,100,30
RANDOM,339022,24.262099631235632,0.8230141757093556,21.28177842247739,59,1,0,0,217,39,20,5,100,30
HIGHEST_SNR,339022,45.50320511547684,0.7853302109119212,28.898234811166546,58,2,0,0,217,39,20,5,100,30
SHORTEST_PULSE,339022,26.456414311307928,0.5866174916835842,16.51275314331824,57,3,0,0,217,39,20,5,100,30
METROLOGY_CONDITIONED_EIG,339022,19.588560057531183,0.637990393881574,15.924869710211189,58,2,0,0,217,39,20,5,100,30
NO_PASSIVE,339023,196.91329734333388,0.5195126490891268,445.27923823147125,0,0,0,0,239,39,20,5,100,30
RANDOM,339023,11.57661065516648,0.7783749883004378,21.13372518144945,55,1,0,0,239,39,20,5,100,30
HIGHEST_SNR,339023,7.190822862108376,0.5807615290318096,21.994727595501207,55,1,0,0,239,39,20,5,100,30
SHORTEST_PULSE,339023,9.564822752030684,0.6178534725219735,13.204328249133487,55,1,0,0,239,39,20,5,100,30
METROLOGY_CONDITIONED_EIG,339023,16.969918834497552,0.7721989853206356,13.500284825296468,56,0,0,0,239,39,20,5,100,30
NO_PASSIVE,339024,246.4746076492026,4.334663630752094,445.27923823147125,0,0,0,0,246,39,20,5,100,30
RANDOM,339024,11.17021288168952,0.2453480655211725,16.570168638787326,60,0,0,0,246,39,20,5,100,30
HIGHEST_SNR,339024,18.549499375859302,0.40905412078401615,24.703334806962523,60,0,0,0,246,39,20,5,100,30
SHORTEST_PULSE,339024,7.723896371570167,0.12459269501572565,11.824264686055198,60,0,0,0,246,39,20,5,100,30
METROLOGY_CONDITIONED_EIG,339024,9.377885905349153,0.2366376367791944,11.933026127531742,60,0,0,0,246,39,20,5,100,30
NO_PASSIVE,339025,181.75572302366845,1.0783882754675913,445.27923823147125,0,0,0,0,156,39,20,5,100,30
RANDOM,339025,27.533896324994668,0.3894714017942922,20.07765449189103,58,1,0,0,156,39,20,5,100,30
HIGHEST_SNR,339025,23.74321737669459,0.6953674246978774,24.384956528437424,59,0,0,0,156,39,20,5,100,30
SHORTEST_PULSE,339025,22.996171841155967,0.6019494091788551,17.897258959928614,59,0,0,0,156,39,20,5,100,30
METROLOGY_CONDITIONED_EIG,339025,24.89515012944572,0.5773626580399713,17.084527984439866,58,1,0,0,156,39,20,5,100,30
NO_PASSIVE,339026,269.86486072742133,2.814068487350738,445.27923823147125,0,0,0,0,316,39,20,5,100,30
RANDOM,339026,14.124319492188349,0.4094006058496485,16.530837495093643,60,0,0,0,316,39,20,5,100,30
HIGHEST_SNR,339026,49.801857703974356,0.6173101440157936,50.96276555368126,59,1,0,0,316,39,20,5,100,30
SHORTEST_PULSE,339026,2.84587957066697,0.23897903773224813,11.935318778013857,60,0,0,0,316,39,20,5,100,30
METROLOGY_CONDITIONED_EIG,339026,1.6249367014628968,0.2418219311417093,12.086152526396283,60,0,0,0,316,39,20,5,100,30
NO_PASSIVE,339027,471.5269382956996,1.1137048532060174,445.27923823147125,0,0,0,0,257,39,20,5,100,30
RANDOM,339027,13.920723202524607,0.3302585288420223,16.57828093212179,59,1,0,0,257,39,20,5,100,30
HIGHEST_SNR,339027,31.89037164585964,0.7137700085750601,29.784780224782757,59,1,0,0,257,39,20,5,100,30
SHORTEST_PULSE,339027,14.600327474835579,0.6824675354246099,15.308491607712654,60,0,0,0,257,39,20,5,100,30
METROLOGY_CONDITIONED_EIG,339027,8.733798741164136,0.5474685982312586,14.321760267902707,58,2,0,0,257,39,20,5,100,30
NO_PASSIVE,339028,751.4475274001633,1.5965104412601359,445.27923823147125,0,0,0,0,149,39,20,5,100,30
RANDOM,339028,6.059400732947917,0.8772692201001772,21.784600549423068,55,1,0,0,149,39,20,5,100,30
HIGHEST_SNR,339028,19.834298116144474,0.46973800336547766,23.920386587464346,56,0,0,0,149,39,20,5,100,30
SHORTEST_PULSE,339028,16.28835095574489,0.48572933811133284,20.124152604594933,56,0,0,0,149,39,20,5,100,30
METROLOGY_CONDITIONED_EIG,339028,9.907004038874028,0.6153580840666817,18.103623062968683,56,0,0,0,149,39,20,5,100,30
NO_PASSIVE,339029,207.3304765584286,0.9520383804727054,445.27923823147125,0,0,0,0,267,39,20,5,100,30
RANDOM,339029,8.589278631465614,0.3602945499752038,21.92168237034037,58,2,0,0,267,39,20,5,100,30
HIGHEST_SNR,339029,18.34721291762572,0.6655450593036987,49.18108412033049,57,3,0,0,267,39,20,5,100,30
SHORTEST_PULSE,339029,5.334399988623344,0.5014181496218667,18.639747738082033,59,1,0,0,267,39,20,5,100,30
METROLOGY_CONDITIONED_EIG,339029,2.4316909376592584,0.10509362485883848,15.95030582820054,59,1,0,0,267,39,20,5,100,30
NO_PASSIVE,340000,254.20448936783112,2.177283744292067,445.27923823147125,0,0,0,0,224,40,20,5,100,100
RANDOM,340000,32.36307575971328,1.2392310131469582,35.56552963629888,59,1,0,0,224,40,20,5,100,100
HIGHEST_SNR,340000,48.56169512295364,0.3965862540833005,42.31533047507597,60,0,0,0,224,40,20,5,100,100
SHORTEST_PULSE,340000,25.642353047971636,0.845571152155914,30.483662275313936,60,0,0,0,224,40,20,5,100,100
METROLOGY_CONDITIONED_EIG,340000,13.395569991093813,0.35333381768565,25.376286604586454,60,0,0,0,224,40,20,5,100,100
NO_PASSIVE,340001,241.85791829936824,3.383959507501886,445.27923823147125,0,0,0,0,128,40,20,5,100,100
RANDOM,340001,15.630154289271356,0.47698032325292966,33.65341881050775,52,1,0,0,128,40,20,5,100,100
HIGHEST_SNR,340001,49.873664123685735,1.351858120942711,47.33944773004877,53,0,0,0,128,40,20,5,100,100
SHORTEST_PULSE,340001,5.1236152826047245,0.12552910846534324,29.63365385081727,53,0,0,0,128,40,20,5,100,100
METROLOGY_CONDITIONED_EIG,340001,13.516211178601596,0.35278660655422833,29.418245514504363,53,0,0,0,128,40,20,5,100,100
NO_PASSIVE,340002,403.13587849290934,1.0924091254294719,445.27923823147125,0,0,0,0,145,40,20,5,100,100
RANDOM,340002,31.997822106254432,0.5850950435060988,31.85658161646087,53,0,0,0,145,40,20,5,100,100
HIGHEST_SNR,340002,4.389560763752678,0.6773968473245365,35.146305229172114,52,1,0,0,145,40,20,5,100,100
SHORTEST_PULSE,340002,29.73664823354933,0.6099986715206195,27.10171413805588,53,0,0,0,145,40,20,5,100,100
METROLOGY_CONDITIONED_EIG,340002,20.79005849246331,0.6608106145930067,26.401764954154533,53,0,0,0,145,40,20,5,100,100
NO_PASSIVE,340003,225.58443406242787,0.3408828708419586,445.27923823147125,0,0,0,0,91,40,20,5,100,100
RANDOM,340003,30.937605613794787,1.540275578769989,48.246988982331416,54,2,0,0,91,40,20,5,100,100
HIGHEST_SNR,340003,146.57255383569608,1.1322419140609934,84.14189997511026,55,1,0,0,91,40,20,5,100,100
SHORTEST_PULSE,340003,25.745781815013856,1.2975396301092446,39.75811906527184,56,0,0,0,91,40,20,5,100,100
METROLOGY_CONDITIONED_EIG,340003,26.317972711967258,1.267183454915957,39.986517753847,56,0,0,0,91,40,20,5,100,100
NO_PASSIVE,340004,258.86145580261154,1.7961811334254387,445.27923823147125,0,0,0,0,164,40,20,5,100,100
RANDOM,340004,15.284296267986974,0.8385992321008572,40.90902920202397,58,1,0,0,164,40,20,5,100,100
HIGHEST_SNR,340004,13.700371414875974,0.28262803246241863,46.49068369574329,59,0,0,0,164,40,20,5,100,100
SHORTEST_PULSE,340004,16.0386341923648,0.4392908346074859,37.111210059108956,58,1,0,0,164,40,20,5,100,100
METROLOGY_CONDITIONED_EIG,340004,27.890672134477015,0.7779161978175486,33.03870534166284,58,1,0,0,164,40,20,5,100,100
NO_PASSIVE,340005,329.5590115327421,1.7305536423923211,445.27923823147125,0,0,0,0,247,40,20,5,100,100
RANDOM,340005,30.189163549260865,0.5541915883313431,31.285558146246036,59,1,0,0,247,40,20,5,100,100
HIGHEST_SNR,340005,12.265309144753795,0.37635911211887313,39.735583939290436,58,2,0,0,247,40,20,5,100,100
SHORTEST_PULSE,340005,82.66901769020416,1.27095726543023,63.77538654003153,60,0,0,0,247,40,20,5,100,100
METROLOGY_CONDITIONED_EIG,340005,53.98155538722287,1.581247590743191,23.25322987111007,59,1,0,0,247,40,20,5,100,100
NO_PASSIVE,340006,98.83375326891654,1.325966709797798,445.27923823147125,0,0,0,0,303,40,20,5,100,100
RANDOM,340006,13.86856721921813,0.704142371436612,26.05056946818768,60,0,0,0,303,40,20,5,100,100
HIGHEST_SNR,340006,22.424290237013565,0.6395032084452151,40.67554425983269,60,0,0,0,303,40,20,5,100,100
SHORTEST_PULSE,340006,15.927432089046249,0.4863814129475133,19.330413254181526,60,0,0,0,303,40,20,5,100,100
METROLOGY_CONDITIONED_EIG,340006,22.33457427409853,0.5783649314100308,16.338241184075606,60,0,0,0,303,40,20,5,100,100
NO_PASSIVE,340007,220.5293072153021,1.7882830913351382,445.27923823147125,0,0,0,0,176,40,20,5,100,100
RANDOM,340007,25.35875888626741,0.2017251704933856,38.41278786136193,59,1,0,0,176,40,20,5,100,100
HIGHEST_SNR,340007,36.47789270208724,1.3199142530591828,46.43410818450039,58,2,0,0,176,40,20,5,100,100
SHORTEST_PULSE,340007,36.231320374625156,0.8946080816454097,39.941258924085375,59,1,0,0,176,40,20,5,100,100
METROLOGY_CONDITIONED_EIG,340007,26.21374700275708,0.8827598632104141,31.732569317233928,59,1,0,0,176,40,20,5,100,100
NO_PASSIVE,340008,260.2143208656335,3.663725007279643,445.27923823147125,0,0,0,0,225,40,20,5,100,100
RANDOM,340008,43.3547347166215,0.43683279323130386,38.36560636091395,59,1,0,0,225,40,20,5,100,100
HIGHEST_SNR,340008,29.766322723318904,1.4573351395060554,63.53249699264607,60,0,0,0,225,40,20,5,100,100
SHORTEST_PULSE,340008,34.368945437226046,1.4715802139598533,33.31849155737347,60,0,0,0,225,40,20,5,100,100
METROLOGY_CONDITIONED_EIG,340008,25.736571309435494,1.0500129823832562,27.602198722944063,60,0,0,0,225,40,20,5,100,100
NO_PASSIVE,340009,393.0233155554464,1.4036798877258403,445.27923823147125,0,0,0,0,211,40,20,5,100,100
RANDOM,340009,20.683866906636077,0.7396645210634452,32.41244864432177,58,1,0,0,211,40,20,5,100,100
HIGHEST_SNR,340009,10.726730770216948,0.3389023268467747,33.912426747068295,58,1,0,0,211,40,20,5,100,100
SHORTEST_PULSE,340009,43.60726422969496,1.1120044450427475,27.01914311710477,59,0,0,0,211,40,20,5,100,100
METROLOGY_CONDITIONED_EIG,340009,18.362302478626656,0.2556327741317154,23.65937590592148,57,2,0,0,211,40,20,5,100,100
NO_PASSIVE,340010,181.68344889884153,2.362277883130645,445.27923823147125,0,0,0,0,177,40,20,5,100,100
RANDOM,340010,55.192454572117434,0.8014102916269941,39.07764428364343,59,1,0,0,177,40,20,5,100,100
HIGHEST_SNR,340010,15.923195862968868,0.09462173854184736,45.838678069777984,60,0,0,0,177,40,20,5,100,100
SHORTEST_PULSE,340010,20.65791653807555,0.4041410612346421,44.693568804980316,60,0,0,0,177,40,20,5,100,100
METROLOGY_CONDITIONED_EIG,340010,33.48717737542099,0.7882639508244877,37.54338855172585,60,0,0,0,177,40,20,5,100,100
NO_PASSIVE,340011,278.21939719290367,0.6517515287922242,445.27923823147125,0,0,0,0,331,40,20,5,100,100
RANDOM,340011,29.57447333719294,0.5204655080378799,29.582596014239105,59,1,0,0,331,40,20,5,100,100
HIGHEST_SNR,340011,45.15851817209796,0.7124278754088248,51.09058909543029,59,1,0,0,331,40,20,5,100,100
SHORTEST_PULSE,340011,25.10566220193196,0.4050023331062541,23.652267056739007,55,5,0,0,331,40,20,5,100,100
METROLOGY_CONDITIONED_EIG,340011,16.428205781531275,0.48780740920568627,22.335700837599358,58,2,0,0,331,40,20,5,100,100
NO_PASSIVE,340012,288.47588916402447,2.0447962998322193,445.27923823147125,0,0,0,0,211,40,20,5,100,100
RANDOM,340012,18.415741297345086,0.7640315229929561,26.556785869739976,58,2,0,0,211,40,20,5,100,100
HIGHEST_SNR,340012,42.968338346292924,1.6688603218637974,27.556991033769133,59,1,0,0,211,40,20,5,100,100
SHORTEST_PULSE,340012,31.051815631248736,1.4104973281547877,30.782454238234283,60,0,0,0,211,40,20,5,100,100
METROLOGY_CONDITIONED_EIG,340012,13.878567704226505,0.7191864759413431,20.09398253433902,59,1,0,0,211,40,20,5,100,100
NO_PASSIVE,340013,479.8308611164179,2.0997931491343547,445.27923823147125,0,0,0,0,185,40,20,5,100,100
RANDOM,340013,17.645271482619005,0.4632619947307158,37.75287475327813,59,0,0,0,185,40,20,5,100,100
HIGHEST_SNR,340013,51.76223667249214,1.0473700876926861,37.168599731553044,59,0,0,0,185,40,20,5,100,100
SHORTEST_PULSE,340013,12.498880637476113,0.6780944354367472,32.409262777452,59,0,0,0,185,40,20,5,100,100
METROLOGY_CONDITIONED_EIG,340013,31.740384260284404,0.7933724602919685,30.067131640696132,59,0,0,0,185,40,20,5,100,100
NO_PASSIVE,340014,172.63425995071938,0.7954573333743581,445.27923823147125,0,0,0,0,302,40,20,5,100,100
RANDOM,340014,21.724702081139785,1.1121583245599824,34.824521676885524,60,0,0,0,302,40,20,5,100,100
HIGHEST_SNR,340014,22.129041836000475,0.15078581874182,82.2907241852644,58,2,0,0,302,40,20,5,100,100
SHORTEST_PULSE,340014,15.577127802854358,1.650207035454367,57.894830970844204,58,2,0,0,302,40,20,5,100,100
METROLOGY_CONDITIONED_EIG,340014,22.20240161425185,0.8206031995891266,23.980977848356122,59,1,0,0,302,40,20,5,100,100
NO_PASSIVE,340015,160.5729273064653,0.958760750800559,445.27923823147125,0,0,0,0,282,40,20,5,100,100
RANDOM,340015,10.873422826457691,0.26383852485575887,22.323985192401906,60,0,0,0,282,40,20,5,100,100
HIGHEST_SNR,340015,15.920405415559848,0.09604344055707105,38.116351195091056,60,0,0,0,282,40,20,5,100,100
SHORTEST_PULSE,340015,38.05163010680231,1.0847274746928857,20.3084260009712,60,0,0,0,282,40,20,5,100,100
METROLOGY_CONDITIONED_EIG,340015,20.12483617515518,0.7155959648763202,18.08340919513447,60,0,0,0,282,40,20,5,100,100
NO_PASSIVE,340016,580.2341882770259,1.5311376108544554,445.27923823147125,0,0,0,0,296,40,20,5,100,100
RANDOM,340016,22.173971033262507,0.5902179475259788,30.48176986448617,60,0,0,0,296,40,20,5,100,100
HIGHEST_SNR,340016,38.2982779626363,1.3272530396741995,47.44478325650447,60,0,0,0,296,40,20,5,100,100
SHORTEST_PULSE,340016,5.757579454718011,0.29210317687562964,28.079690975421162,60,0,0,0,296,40,20,5,100,100
METROLOGY_CONDITIONED_EIG,340016,14.733308570012959,0.46478006620403806,24.679621433911525,60,0,0,0,296,40,20,5,100,100
NO_PASSIVE,340017,850.0553442579894,1.5295135784038887,445.27923823147125,0,0,0,0,200,40,20,5,100,100
RANDOM,340017,15.685481042575464,0.2247808471304901,38.09190224194749,57,1,0,0,200,40,20,5,100,100
HIGHEST_SNR,340017,8.778838921581691,0.461072153672238,45.12621836081914,57,1,0,0,200,40,20,5,100,100
SHORTEST_PULSE,340017,32.476348571179535,1.3423776340138396,34.66267198761749,58,0,0,0,200,40,20,5,100,100
METROLOGY_CONDITIONED_EIG,340017,24.992038222468647,1.5610970078061108,33.33123939121596,58,0,0,0,200,40,20,5,100,100
NO_PASSIVE,340018,530.6790603083523,1.2248566022063978,445.27923823147125,0,0,0,0,292,40,20,5,100,100
RANDOM,340018,16.587831664525627,0.5016779833803812,20.58908097018177,59,1,0,0,292,40,20,5,100,100
HIGHEST_SNR,340018,15.049983638021974,0.34908341810099763,32.37077753158298,60,0,0,0,292,40,20,5,100,100
SHORTEST_PULSE,340018,13.563442831066642,0.8517131271539792,23.64586808537148,60,0,0,0,292,40,20,5,100,100
METROLOGY_CONDITIONED_EIG,340018,18.038009623533387,0.4323176825980677,17.34732942392083,60,0,0,0,292,40,20,5,100,100
NO_PASSIVE,340019,474.8931511268763,1.7887590549924377,445.27923823147125,0,0,0,0,159,40,20,5,100,100
RANDOM,340019,26.967868386324447,0.38621795962256417,31.930982491308598,60,0,0,0,159,40,20,5,100,100
HIGHEST_SNR,340019,43.73679017296455,0.982900111846795,54.32073486139452,59,1,0,0,159,40,20,5,100,100
SHORTEST_PULSE,340019,15.235267524694027,0.6179784230135602,30.3665343912129,59,1,0,0,159,40,20,5,100,100
METROLOGY_CONDITIONED_EIG,340019,16.994268130407516,0.24676597525458346,30.708546199811146,59,1,0,0,159,40,20,5,100,100
NO_PASSIVE,340020,253.4479592509462,3.099454168547315,445.27923823147125,0,0,0,0,192,40,20,5,100,100
RANDOM,340020,18.617124241351373,0.793716483727034,23.993606461619482,60,0,0,0,192,40,20,5,100,100
HIGHEST_SNR,340020,10.223971887014773,0.24121335883466988,30.032074822481583,60,0,0,0,192,40,20,5,100,100
SHORTEST_PULSE,340020,13.4058155568046,0.3167334059956279,16.91796809682027,60,0,0,0,192,40,20,5,100,100
METROLOGY_CONDITIONED_EIG,340020,21.826179185045767,0.5917196986850963,16.97234473342785,60,0,0,0,192,40,20,5,100,100
NO_PASSIVE,340021,173.85553387286726,2.075409097675011,445.27923823147125,0,0,0,0,390,40,20,5,100,100
RANDOM,340021,34.59157560563902,0.8646732365672524,25.37110004649454,60,0,0,0,390,40,20,5,100,100
HIGHEST_SNR,340021,27.863812064787442,0.5173351350664274,36.59253502144411,60,0,0,0,390,40,20,5,100,100
SHORTEST_PULSE,340021,28.111299902684976,0.8866832676899584,26.567680565604366,60,0,0,0,390,40,20,5,100,100
METROLOGY_CONDITIONED_EIG,340021,42.76208847853482,1.2447609475366495,20.5733990187617,59,1,0,0,390,40,20,5,100,100
NO_PASSIVE,340022,132.93641779613813,2.3688266818902903,445.27923823147125,0,0,0,0,321,40,20,5,100,100
RANDOM,340022,25.574587763499622,0.1960566307251854,29.588272503543372,59,1,0,0,321,40,20,5,100,100
HIGHEST_SNR,340022,71.06830215526595,1.4173458949104432,47.891983453154104,60,0,0,0,321,40,20,5,100,100
SHORTEST_PULSE,340022,26.747573025910118,0.9034339241197726,22.883026058307653,59,1,0,0,321,40,20,5,100,100
METROLOGY_CONDITIONED_EIG,340022,13.251500274853727,0.4642309707795313,21.401541003982757,59,1,0,0,321,40,20,5,100,100
NO_PASSIVE,340023,513.2205944241724,0.6356399588462224,445.27923823147125,0,0,0,0,294,40,20,5,100,100
RANDOM,340023,13.780661422311717,0.16211862884075656,29.54271087306083,59,1,0,0,294,40,20,5,100,100
HIGHEST_SNR,340023,95.48157219356307,1.2900126169305812,77.86323845980623,59,1,0,0,294,40,20,5,100,100
SHORTEST_PULSE,340023,16.688730303007137,1.1263863367536122,22.504530084034236,60,0,0,0,294,40,20,5,100,100
METROLOGY_CONDITIONED_EIG,340023,13.306902107188053,0.8704313676199479,21.03094680324928,60,0,0,0,294,40,20,5,100,100
NO_PASSIVE,340024,438.88810800090056,2.995192913967151,445.27923823147125,0,0,0,0,221,40,20,5,100,100
RANDOM,340024,56.09723415914887,2.0335312807299366,39.03218188244747,60,0,0,0,221,40,20,5,100,100
HIGHEST_SNR,340024,35.98581080233995,1.834200804236724,52.632378839941154,60,0,0,0,221,40,20,5,100,100
SHORTEST_PULSE,340024,36.064194921287225,0.27647847510263746,45.91729578340025,60,0,0,0,221,40,20,5,100,100
METROLOGY_CONDITIONED_EIG,340024,9.888041197475493,0.5005162374947216,32.61281504919379,60,0,0,0,221,40,20,5,100,100
NO_PASSIVE,340025,187.30242729839378,3.309067570833549,445.27923823147125,0,0,0,0,282,40,20,5,100,100
RANDOM,340025,29.837577273260152,0.20663307588134203,35.125138826640885,54,5,0,0,282,40,20,5,100,100
HIGHEST_SNR,340025,53.476308668351066,0.20304216924893556,65.66273334352533,56,3,0,0,282,40,20,5,100,100
SHORTEST_PULSE,340025,27.64282585273534,0.26533805238490915,26.72629164981416,59,0,0,0,282,40,20,5,100,100
METROLOGY_CONDITIONED_EIG,340025,24.02634725822106,0.3510521788514182,26.91976575494313,59,0,0,0,282,40,20,5,100,100
NO_PASSIVE,340026,617.6141974609494,1.126485811733731,445.27923823147125,0,0,0,0,186,40,20,5,100,100
RANDOM,340026,42.90067254125264,1.1968993874932432,33.69499300362084,57,1,0,0,186,40,20,5,100,100
HIGHEST_SNR,340026,17.265048087994867,0.09210420340232914,40.11793702347768,58,0,0,0,186,40,20,5,100,100
SHORTEST_PULSE,340026,27.59489940012251,0.8287278804024194,29.37296399370554,58,0,0,0,186,40,20,5,100,100
METROLOGY_CONDITIONED_EIG,340026,4.517999222012055,0.29979589361158565,27.06799035178315,58,0,0,0,186,40,20,5,100,100
NO_PASSIVE,340027,317.48009781719986,1.6902364516324688,445.27923823147125,0,0,0,0,146,40,20,5,100,100
RANDOM,340027,24.96528524744385,1.2970959823874566,58.57788054219501,58,0,0,0,146,40,20,5,100,100
HIGHEST_SNR,340027,135.2511571089572,1.5510224558778452,132.77704872463806,58,0,0,0,146,40,20,5,100,100
SHORTEST_PULSE,340027,12.684156033972759,0.7818948876864944,64.82863719563275,58,0,0,0,146,40,20,5,100,100
METROLOGY_CONDITIONED_EIG,340027,22.460527047550926,0.6757551260719311,49.21349552311091,58,0,0,0,146,40,20,5,100,100
NO_PASSIVE,340028,399.3513911379047,2.1082708243857464,445.27923823147125,0,0,0,0,168,40,20,5,100,100
RANDOM,340028,7.381514077029109,0.3399081092626969,35.232017626623396,59,0,0,0,168,40,20,5,100,100
HIGHEST_SNR,340028,36.37034099151252,0.35269870283054444,46.94111411289896,59,0,0,0,168,40,20,5,100,100
SHORTEST_PULSE,340028,8.59422189175915,0.571812383917016,29.117581646847057,57,2,0,0,168,40,20,5,100,100
METROLOGY_CONDITIONED_EIG,340028,37.42779767849189,1.3349999219006925,24.991727572955217,58,1,0,0,168,40,20,5,100,100
NO_PASSIVE,340029,297.4182694636191,2.7849004302196287,445.27923823147125,0,0,0,0,293,40,20,5,100,100
RANDOM,340029,13.132645609939884,0.30964312316281456,34.56584396194937,60,0,0,0,293,40,20,5,100,100
HIGHEST_SNR,340029,33.85616151183827,0.5682616944066072,50.084218323043594,60,0,0,0,293,40,20,5,100,100
SHORTEST_PULSE,340029,48.36405559468418,0.5890928147014747,43.188828552146425,60,0,0,0,293,40,20,5,100,100
METROLOGY_CONDITIONED_EIG,340029,23.504843035967344,0.2916482579785294,30.3435835939201,60,0,0,0,293,40,20,5,100,100
NO_PASSIVE,341000,256.1810435885056,0.4230243970809899,445.27923823147125,0,0,0,0,213,41,20,5,1000,30
RANDOM,341000,6.048085456483846,0.4509228963554673,19.290272703798017,60,0,0,0,213,41,20,5,1000,30
HIGHEST_SNR,341000,12.458552065346593,0.16103532433371234,20.93597220484756,60,0,0,0,213,41,20,5,1000,30
SHORTEST_PULSE,341000,10.158390129425024,0.7748736264434404,17.7787553202377,60,0,0,0,213,41,20,5,1000,30
METROLOGY_CONDITIONED_EIG,341000,9.894261612906304,0.5459877067260688,16.732132058728588,59,1,0,0,213,41,20,5,1000,30
NO_PASSIVE,341001,219.43823749107148,0.7174183643813354,445.27923823147125,0,0,0,0,332,41,20,5,1000,30
RANDOM,341001,29.80524628543526,1.190891941977105,27.961364017402076,60,0,0,0,332,41,20,5,1000,30
HIGHEST_SNR,341001,62.7232831775692,0.691718379555171,47.87656874060999,60,0,0,0,332,41,20,5,1000,30
SHORTEST_PULSE,341001,48.598880827274265,1.6857481039694375,45.165704578374424,60,0,0,0,332,41,20,5,1000,30
METROLOGY_CONDITIONED_EIG,341001,40.68987711640118,0.7703004470238443,21.141024358424495,59,1,0,0,332,41,20,5,1000,30
NO_PASSIVE,341002,273.94699404210144,2.190339812717439,445.27923823147125,0,0,0,0,284,41,20,5,1000,30
RANDOM,341002,11.113751506514301,0.4302532803504331,22.26462870778339,57,0,0,0,284,41,20,5,1000,30
HIGHEST_SNR,341002,27.932535059555843,0.78590596722503,26.03760195298634,56,1,0,0,284,41,20,5,1000,30
SHORTEST_PULSE,341002,29.475014648754033,0.9435677930203161,16.99120015451744,57,0,0,0,284,41,20,5,1000,30
METROLOGY_CONDITIONED_EIG,341002,31.8488163889778,0.9902325356100244,15.470809845843196,57,0,0,0,284,41,20,5,1000,30
NO_PASSIVE,341003,414.4951594007059,1.0479489283378347,445.27923823147125,0,0,0,0,214,41,20,5,1000,30
RANDOM,341003,9.877537860664384,0.39536852844764564,18.754165167413188,60,0,0,0,214,41,20,5,1000,30
HIGHEST_SNR,341003,9.342093522880141,0.8460635749073069,44.09019123554367,60,0,0,0,214,41,20,5,1000,30
SHORTEST_PULSE,341003,10.806535228956262,0.03899230022724206,13.513965697408837,60,0,0,0,214,41,20,5,1000,30
METROLOGY_CONDITIONED_EIG,341003,10.086289916158158,0.013184647022493967,13.526725747258228,60,0,0,0,214,41,20,5,1000,30
NO_PASSIVE,341004,654.1132944221985,1.647424379223314,445.27923823147125,0,0,0,0,260,41,20,5,1000,30
RANDOM,341004,16.17304791801874,0.6271508004881319,16.236786591817843,60,0,0,0,260,41,20,5,1000,30
HIGHEST_SNR,341004,24.452315561548975,0.711143823480342,22.83367455707384,60,0,0,0,260,41,20,5,1000,30
SHORTEST_PULSE,341004,8.430901605208936,0.16529051123879965,12.409144984109501,60,0,0,0,260,41,20,5,1000,30
METROLOGY_CONDITIONED_EIG,341004,16.522004274224113,0.7715836804170427,12.252855308755457,60,0,0,0,260,41,20,5,1000,30
NO_PASSIVE,341005,377.79424980153016,1.9494714722437019,445.27923823147125,0,0,0,0,312,41,20,5,1000,30
RANDOM,341005,32.12724613673886,1.1009559081896891,25.4011576513458,60,0,0,0,312,41,20,5,1000,30
HIGHEST_SNR,341005,41.5108624277039,1.293268578641976,49.525083155884374,59,1,0,0,312,41,20,5,1000,30
SHORTEST_PULSE,341005,15.05285241237192,0.9376330400092313,21.62341308758561,59,1,0,0,312,41,20,5,1000,30
METROLOGY_CONDITIONED_EIG,341005,18.79806044954368,0.2499616410984256,21.476513916436947,58,2,0,0,312,41,20,5,1000,30
NO_PASSIVE,341006,396.60764698843496,0.7040804856817173,445.27923823147125,0,0,0,0,288,41,20,5,1000,30
RANDOM,341006,7.047841166644478,0.1439564491187504,16.74183078358742,59,1,0,0,288,41,20,5,1000,30
HIGHEST_SNR,341006,11.700492646867591,0.24563903759141936,31.978379944497448,60,0,0,0,288,41,20,5,1000,30
SHORTEST_PULSE,341006,10.680935663683526,0.5441347434160476,11.123443989524121,59,1,0,0,288,41,20,5,1000,30
METROLOGY_CONDITIONED_EIG,341006,7.541150512047238,0.34037340059674703,12.354737807914084,58,2,0,0,288,41,20,5,1000,30
NO_PASSIVE,341007,394.20782567538083,3.5573928653470017,445.27923823147125,0,0,0,0,264,41,20,5,1000,30
RANDOM,341007,4.228416093749632,0.3748914936535992,28.258626145391993,59,1,0,0,264,41,20,5,1000,30
HIGHEST_SNR,341007,10.067902202907225,0.26290835406849916,24.452836984374677,59,1,0,0,264,41,20,5,1000,30
SHORTEST_PULSE,341007,13.076717654443486,0.6451884754871263,18.239399583256148,57,3,0,0,264,41,20,5,1000,30
METROLOGY_CONDITIONED_EIG,341007,32.45096098166796,1.1211744520267808,18.421753924282836,58,2,0,0,264,41,20,5,1000,30
NO_PASSIVE,341008,250.16521349842535,0.8699668200660239,445.27923823147125,0,0,0,0,311,41,20,5,1000,30
RANDOM,341008,35.56618143190617,0.6909532171612299,23.45559430888439,59,1,0,0,311,41,20,5,1000,30
HIGHEST_SNR,341008,34.94791406292039,1.1348067364684185,28.849153396107607,60,0,0,0,311,41,20,5,1000,30
SHORTEST_PULSE,341008,39.03385092366368,0.5482784829772059,22.73715361493035,60,0,0,0,311,41,20,5,1000,30
METROLOGY_CONDITIONED_EIG,341008,18.388605983478776,0.4191087294164126,13.860572116710623,60,0,0,0,311,41,20,5,1000,30
NO_PASSIVE,341009,93.71220476248976,1.6896128555405492,445.27923823147125,0,0,0,0,287,41,20,5,1000,30
RANDOM,341009,33.96206443654543,0.8437196594096233,23.67398136477972,60,0,0,0,287,41,20,5,1000,30
HIGHEST_SNR,341009,37.22802829120505,2.2136397376669925,43.23815150098273,60,0,0,0,287,41,20,5,1000,30
SHORTEST_PULSE,341009,9.537545114931314,0.5190989793546444,19.11633908563747,60,0,0,0,287,41,20,5,1000,30
METROLOGY_CONDITIONED_EIG,341009,4.555285273364017,0.3156416934297345,16.099643166978826,60,0,0,0,287,41,20,5,1000,30
NO_PASSIVE,341010,935.4759711763032,2.843505740933162,445.27923823147125,0,0,0,0,312,41,20,5,1000,30
RANDOM,341010,19.31283815934744,0.6991733885343698,23.364350312269856,60,0,0,0,312,41,20,5,1000,30
HIGHEST_SNR,341010,1543.7953726332437,3.235085590081365,173.44907554922884,42,18,0,0,312,41,20,5,1000,30
SHORTEST_PULSE,341010,121.74746132759905,2.9386904902172133,47.036139894846826,53,7,0,0,312,41,20,5,1000,30
METROLOGY_CONDITIONED_EIG,341010,17.46216271243506,0.6182030200853075,19.980964667469987,60,0,0,0,312,41,20,5,1000,30
NO_PASSIVE,341011,134.56157673202526,0.8986835504355078,445.27923823147125,0,0,0,0,358,41,20,5,1000,30
RANDOM,341011,7.683039696747539,0.21444944109594952,18.984968076018426,59,1,0,0,358,41,20,5,1000,30
HIGHEST_SNR,341011,29.446556038659256,0.42625949288334314,45.20940489057272,60,0,0,0,358,41,20,5,1000,30
SHORTEST_PULSE,341011,10.993649940151448,0.6348622809449206,14.79899009530886,60,0,0,0,358,41,20,5,1000,30
METROLOGY_CONDITIONED_EIG,341011,9.001958889124351,0.6041398724132955,13.106483176919035,60,0,0,0,358,41,20,5,1000,30
NO_PASSIVE,341012,103.7418595194634,1.0921192883090647,445.27923823147125,0,0,0,0,285,41,20,5,1000,30
RANDOM,341012,14.263568682499038,1.0358229095256484,23.07287449075124,60,0,0,0,285,41,20,5,1000,30
HIGHEST_SNR,341012,14.996841046418538,0.6228435006062463,25.620782872700225,60,0,0,0,285,41,20,5,1000,30
SHORTEST_PULSE,341012,9.909794383690905,0.11533783331368848,19.734743715586358,60,0,0,0,285,41,20,5,1000,30
METROLOGY_CONDITIONED_EIG,341012,6.475623505536117,0.40707393001655495,16.91445829614921,60,0,0,0,285,41,20,5,1000,30
NO_PASSIVE,341013,709.1949092864584,1.2271863218715622,445.27923823147125,0,0,0,0,287,41,20,5,1000,30
RANDOM,341013,7.894154139240988,0.28540581109655766,21.821957847003695,59,1,0,0,287,41,20,5,1000,30
HIGHEST_SNR,341013,118.24435180326212,1.0279374324122295,58.99990017643705,58,2,0,0,287,41,20,5,1000,30
SHORTEST_PULSE,341013,1.6910151162465692,0.11006321121354223,13.569621102891338,59,1,0,0,287,41,20,5,1000,30
METROLOGY_CONDITIONED_EIG,341013,3.3465893477027113,0.12813152580930845,13.973386837581213,60,0,0,0,287,41,20,5,1000,30
NO_PASSIVE,341014,367.8689579968031,3.2650944724490683,445.27923823147125,0,0,0,0,360,41,20,5,1000,30
RANDOM,341014,14.054130994924806,0.1192303599072124,24.223519562367866,58,2,0,0,360,41,20,5,1000,30
HIGHEST_SNR,341014,33.413066907332336,0.34340043841640383,31.068953766928658,59,1,0,0,360,41,20,5,1000,30
SHORTEST_PULSE,341014,18.250500422495787,0.5417484106732755,16.996239325307275,58,2,0,0,360,41,20,5,1000,30
METROLOGY_CONDITIONED_EIG,341014,13.386705554318313,0.7667998691930245,16.147802781249723,60,0,0,0,360,41,20,5,1000,30
NO_PASSIVE,341015,388.95867430276485,0.8436463412064614,445.27923823147125,0,0,0,0,263,41,20,5,1000,30
RANDOM,341015,13.147881424580651,0.15246734852313545,18.78525226264361,59,1,0,0,263,41,20,5,1000,30
HIGHEST_SNR,341015,22.693085711935346,0.6013160473885937,18.023958927906392,57,3,0,0,263,41,20,5,1000,30
SHORTEST_PULSE,341015,7.906194801024983,0.20636788339736506,18.64683392881529,60,0,0,0,263,41,20,5,1000,30
METROLOGY_CONDITIONED_EIG,341015,15.469458773568459,0.5137058581677675,16.53755039897934,56,4,0,0,263,41,20,5,1000,30
NO_PASSIVE,341016,688.5773536976891,1.1496129836275748,445.27923823147125,0,0,0,0,264,41,20,5,1000,30
RANDOM,341016,13.511495719712784,0.5678354686361489,16.505108065261965,60,0,0,0,264,41,20,5,1000,30
HIGHEST_SNR,341016,58.16196983366084,2.2793255452734136,37.5248217494887,60,0,0,0,264,41,20,5,1000,30
SHORTEST_PULSE,341016,2.8575516494716293,0.11789428758018383,18.96680015842914,60,0,0,0,264,41,20,5,1000,30
METROLOGY_CONDITIONED_EIG,341016,9.86849194425304,0.45063456579454797,13.173719673684396,60,0,0,0,264,41,20,5,1000,30
NO_PASSIVE,341017,184.13555895519622,1.0007307759621296,445.27923823147125,0,0,0,0,331,41,20,5,1000,30
RANDOM,341017,40.58069040365279,0.9838165290632386,25.529921147144943,58,2,0,0,331,41,20,5,1000,30
HIGHEST_SNR,341017,3.390057306902463,0.5474662038519011,39.53649721429618,60,0,0,0,331,41,20,5,1000,30
SHORTEST_PULSE,341017,36.63643976232752,0.876379794713146,17.85336111434327,57,3,0,0,331,41,20,5,1000,30
METROLOGY_CONDITIONED_EIG,341017,17.36986959072617,0.48410601542047843,15.707690292012572,57,3,0,0,331,41,20,5,1000,30
NO_PASSIVE,341018,386.4011903561518,1.3114427831797066,445.27923823147125,0,0,0,0,308,41,20,5,1000,30
RANDOM,341018,7.8617686226766095,0.10502151753412119,14.644244052644062,59,1,0,0,308,41,20,5,1000,30
HIGHEST_SNR,341018,30.96263123845771,0.4479693139211642,53.23672458424899,60,0,0,0,308,41,20,5,1000,30
SHORTEST_PULSE,341018,3.1607810009648656,0.2224544161005035,14.54828465664067,60,0,0,0,308,41,20,5,1000,30
METROLOGY_CONDITIONED_EIG,341018,7.23842017313752,0.27282011199232353,11.909015962854678,59,1,0,0,308,41,20,5,1000,30
NO_PASSIVE,341019,365.6620794645708,1.172631161894512,445.27923823147125,0,0,0,0,286,41,20,5,1000,30
RANDOM,341019,38.330146655902716,0.8327559189502246,18.39384560232116,59,1,0,0,286,41,20,5,1000,30
HIGHEST_SNR,341019,14.40160056575725,0.8079449816191211,27.125057960883307,60,0,0,0,286,41,20,5,1000,30
SHORTEST_PULSE,341019,20.777469758603395,0.2234157648477757,27.730026656351512,60,0,0,0,286,41,20,5,1000,30
METROLOGY_CONDITIONED_EIG,341019,8.448412493569199,0.15382729862873976,13.539868802439349,60,0,0,0,286,41,20,5,1000,30
NO_PASSIVE,341020,479.78444866159833,2.748601372058913,445.27923823147125,0,0,0,0,358,41,20,5,1000,30
RANDOM,341020,49.11232760905424,1.5826609454429847,21.891731366952822,60,0,0,0,358,41,20,5,1000,30
HIGHEST_SNR,341020,30.96646383642184,1.1734490441110288,95.23361264052956,59,1,0,0,358,41,20,5,1000,30
SHORTEST_PULSE,341020,46.23066981715189,1.0520935055137148,18.318663294770932,59,1,0,0,358,41,20,5,1000,30
METROLOGY_CONDITIONED_EIG,341020,18.617914105434476,0.8446723989334038,12.808300959841764,59,1,0,0,358,41,20,5,1000,30
NO_PASSIVE,341021,121.82749252846276,1.372607854836666,445.27923823147125,0,0,0,0,311,41,20,5,1000,30
RANDOM,341021,11.286800181555448,0.032357208950336516,20.400539334263943,60,0,0,0,311,41,20,5,1000,30
HIGHEST_SNR,341021,53.565017837262964,0.6403810588736101,91.56431945489965,60,0,0,0,311,41,20,5,1000,30
SHORTEST_PULSE,341021,10.225964406091672,0.3602210433521312,12.364902344509089,60,0,0,0,311,41,20,5,1000,30
METROLOGY_CONDITIONED_EIG,341021,12.352788919497693,0.33346659574126725,10.674489515716385,60,0,0,0,311,41,20,5,1000,30
NO_PASSIVE,341022,388.3806009917432,2.316441597310974,445.27923823147125,0,0,0,0,336,41,20,5,1000,30
RANDOM,341022,15.027580918004622,0.33834171561463877,22.85815755502198,57,3,0,0,336,41,20,5,1000,30
HIGHEST_SNR,341022,15.621393425145083,0.4449274686356851,24.47527576161256,59,1,0,0,336,41,20,5,1000,30
SHORTEST_PULSE,341022,34.13004192222087,1.5322714038385057,24.684534925524662,60,0,0,0,336,41,20,5,1000,30
METROLOGY_CONDITIONED_EIG,341022,12.344939439656155,0.21444280550605196,15.564914234909908,59,1,0,0,336,41,20,5,1000,30
NO_PASSIVE,341023,603.7190315631399,1.6153291851722482,445.27923823147125,0,0,0,0,359,41,20,5,1000,30
RANDOM,341023,17.675968651854898,0.36446942165736873,14.726720857470687,56,4,0,0,359,41,20,5,1000,30
HIGHEST_SNR,341023,17.535715529560466,0.18771476234296844,28.203598775243076,60,0,0,0,359,41,20,5,1000,30
SHORTEST_PULSE,341023,12.102812723386531,0.48812881925927837,13.165225431360625,60,0,0,0,359,41,20,5,1000,30
METROLOGY_CONDITIONED_EIG,341023,12.906940285046623,0.5534838935039544,11.115258340093463,60,0,0,0,359,41,20,5,1000,30
NO_PASSIVE,341024,35.50857469591238,1.7273949129283006,445.27923823147125,0,0,0,0,315,41,20,5,1000,30
RANDOM,341024,8.36329654250411,0.33488641492546,15.59718461953581,60,0,0,0,315,41,20,5,1000,30
HIGHEST_SNR,341024,32.33640045964326,1.3317061703115638,28.414575426508865,59,1,0,0,315,41,20,5,1000,30
SHORTEST_PULSE,341024,17.353447898367147,0.38011933769251205,21.760251006104216,60,0,0,0,315,41,20,5,1000,30
METROLOGY_CONDITIONED_EIG,341024,6.743848475316448,0.2069234625432082,11.844240579500799,60,0,0,0,315,41,20,5,1000,30
NO_PASSIVE,341025,295.58590899950354,2.0317026696345937,445.27923823147125,0,0,0,0,328,41,20,5,1000,30
RANDOM,341025,13.539092354758774,0.34720261025315124,19.762963111641497,60,0,0,0,328,41,20,5,1000,30
HIGHEST_SNR,341025,28.15704444154196,0.41535452357769537,31.70856589052565,60,0,0,0,328,41,20,5,1000,30
SHORTEST_PULSE,341025,13.06563386445799,0.3800767293107938,20.786751139610367,60,0,0,0,328,41,20,5,1000,30
METROLOGY_CONDITIONED_EIG,341025,33.0904890042036,0.5105366901795729,17.26119975184422,60,0,0,0,328,41,20,5,1000,30
NO_PASSIVE,341026,393.6252599053363,3.462466565934181,445.27923823147125,0,0,0,0,312,41,20,5,1000,30
RANDOM,341026,14.532678602552904,0.5294025463787828,17.999124049623745,59,1,0,0,312,41,20,5,1000,30
HIGHEST_SNR,341026,15.600620766784303,0.6200751572372657,19.897161313114175,59,1,0,0,312,41,20,5,1000,30
SHORTEST_PULSE,341026,33.5278060489304,1.2166019046997423,32.134323935590565,59,1,0,0,312,41,20,5,1000,30
METROLOGY_CONDITIONED_EIG,341026,2.4628219384585606,0.19794507715914741,14.596235667824105,58,2,0,0,312,41,20,5,1000,30
NO_PASSIVE,341027,414.71208540768123,3.105649529774402,445.27923823147125,0,0,0,0,215,41,20,5,1000,30
RANDOM,341027,11.921052363037948,0.37593160511452073,18.478175653704557,59,1,0,0,215,41,20,5,1000,30
HIGHEST_SNR,341027,45.385182976387554,1.3421117211111337,39.50844998881138,59,1,0,0,215,41,20,5,1000,30
SHORTEST_PULSE,341027,17.711177263384734,0.4675205911494549,16.37305210044558,59,1,0,0,215,41,20,5,1000,30
METROLOGY_CONDITIONED_EIG,341027,19.504572983754976,0.6578485435719768,13.512190456688089,59,1,0,0,215,41,20,5,1000,30
NO_PASSIVE,341028,199.99398000624,1.1386612056385799,445.27923823147125,0,0,0,0,237,41,20,5,1000,30
RANDOM,341028,30.212570198451566,0.7297120048797219,25.090700543128772,60,0,0,0,237,41,20,5,1000,30
HIGHEST_SNR,341028,41.31806969569574,1.486983054978763,31.64562158323304,60,0,0,0,237,41,20,5,1000,30
SHORTEST_PULSE,341028,9.090629935639312,0.7067162526648866,19.067996942678768,60,0,0,0,237,41,20,5,1000,30
METROLOGY_CONDITIONED_EIG,341028,12.252211013746338,0.935716738156171,19.26299204938501,60,0,0,0,237,41,20,5,1000,30
NO_PASSIVE,341029,345.54706562307723,5.079688385499316,445.27923823147125,0,0,0,0,213,41,20,5,1000,30
RANDOM,341029,39.01604368894299,0.9996003436325843,27.436471650454248,59,1,0,0,213,41,20,5,1000,30
HIGHEST_SNR,341029,24.83632469795068,1.322522028186135,50.429213579017734,60,0,0,0,213,41,20,5,1000,30
SHORTEST_PULSE,341029,67.0202157327021,3.1473599532892993,45.50421819866247,60,0,0,0,213,41,20,5,1000,30
METROLOGY_CONDITIONED_EIG,341029,47.503420810170866,1.8637012976176213,17.988719803584743,59,1,0,0,213,41,20,5,1000,30
NO_PASSIVE,342000,626.8524926271423,0.7715717028143124,445.27923823147125,0,0,0,0,306,42,20,5,1000,100
RANDOM,342000,69.59210049152905,1.7155319334666717,30.76660089129448,48,0,0,0,306,42,20,5,1000,100
HIGHEST_SNR,342000,28.81176569386848,0.8882007543156288,45.01622123656848,48,0,0,0,306,42,20,5,1000,100
SHORTEST_PULSE,342000,46.46687437700275,0.5796311533261473,30.96419872306857,47,1,0,0,306,42,20,5,1000,100
METROLOGY_CONDITIONED_EIG,342000,44.217786506555214,0.9041399694738765,25.288839916344287,48,0,0,0,306,42,20,5,1000,100
NO_PASSIVE,342001,195.56636001951574,1.6710823350207835,445.27923823147125,0,0,0,0,288,42,20,5,1000,100
RANDOM,342001,17.851111165920265,0.23880787188126848,27.39178159739788,60,0,0,0,288,42,20,5,1000,100
HIGHEST_SNR,342001,47.685438926804714,1.7894813710126962,28.866369634338636,59,1,0,0,288,42,20,5,1000,100
SHORTEST_PULSE,342001,15.053169230444421,0.1699193161252688,50.29502839978521,59,1,0,0,288,42,20,5,1000,100
METROLOGY_CONDITIONED_EIG,342001,11.409394445070763,0.3888661692579387,17.036932646599936,60,0,0,0,288,42,20,5,1000,100
NO_PASSIVE,342002,725.5825478418913,1.1621014124567706,445.27923823147125,0,0,0,0,285,42,20,5,1000,100
RANDOM,342002,5.765081761699029,0.375555494929,30.964456346637974,57,3,0,0,285,42,20,5,1000,100
HIGHEST_SNR,342002,45.089997898355826,0.939927652445137,58.64841059953517,60,0,0,0,285,42,20,5,1000,100
SHORTEST_PULSE,342002,27.818338280984555,0.3263088270843583,35.74250794323688,59,1,0,0,285,42,20,5,1000,100
METROLOGY_CONDITIONED_EIG,342002,6.128344564182823,0.286198517834556,23.617445202379212,60,0,0,0,285,42,20,5,1000,100
NO_PASSIVE,342003,498.7418776023281,2.482756796989691,445.27923823147125,0,0,0,0,312,42,20,5,1000,100
RANDOM,342003,20.219200868716428,0.6937063935871467,19.647068756760877,59,1,0,0,312,42,20,5,1000,100
HIGHEST_SNR,342003,51.80251516691277,1.8142679084273368,54.68130291190867,59,1,0,0,312,42,20,5,1000,100
SHORTEST_PULSE,342003,15.092401316501222,0.13720075951086277,20.17998826252994,60,0,0,0,312,42,20,5,1000,100
METROLOGY_CONDITIONED_EIG,342003,13.534260280820988,0.4014587206037517,16.905035265375936,60,0,0,0,312,42,20,5,1000,100
NO_PASSIVE,342004,298.469765694606,1.900580254847332,445.27923823147125,0,0,0,0,332,42,20,5,1000,100
RANDOM,342004,7.1640568102134425,0.2652521144764237,36.2435546944745,59,1,0,0,332,42,20,5,1000,100
HIGHEST_SNR,342004,33.138219962734354,1.0508993061304521,49.279144881861896,59,1,0,0,332,42,20,5,1000,100
SHORTEST_PULSE,342004,22.87846981632328,0.24335938355506317,39.6191995784601,59,1,0,0,332,42,20,5,1000,100
METROLOGY_CONDITIONED_EIG,342004,17.19806849403633,0.38174382287062225,27.386229385752983,60,0,0,0,332,42,20,5,1000,100
NO_PASSIVE,342005,683.1393938286645,1.4399900802678185,445.27923823147125,0,0,0,0,360,42,20,5,1000,100
RANDOM,342005,28.441082516703098,0.7355819161252525,35.23514699913655,59,1,0,0,360,42,20,5,1000,100
HIGHEST_SNR,342005,14.665550159740192,0.8597893655982933,74.68921152851763,57,3,0,0,360,42,20,5,1000,100
SHORTEST_PULSE,342005,21.87665144554449,0.7791647508197475,21.66975085450807,60,0,0,0,360,42,20,5,1000,100
METROLOGY_CONDITIONED_EIG,342005,17.44637328269376,0.4896099893726126,21.885039380322926,60,0,0,0,360,42,20,5,1000,100
NO_PASSIVE,342006,345.3969348337121,0.7454931907891857,445.27923823147125,0,0,0,0,357,42,20,5,1000,100
RANDOM,342006,7.500190137951466,0.23154493826231246,36.47621966582689,60,0,0,0,357,42,20,5,1000,100
HIGHEST_SNR,342006,38.970456590113145,0.8489578390124418,55.35730843660758,58,2,0,0,357,42,20,5,1000,100
SHORTEST_PULSE,342006,37.361067726002794,1.2861702697743211,28.870742515198344,60,0,0,0,357,42,20,5,1000,100
METROLOGY_CONDITIONED_EIG,342006,11.240630405741458,0.24843292029311667,24.9095435160327,59,1,0,0,357,42,20,5,1000,100
NO_PASSIVE,342007,415.5029705211354,2.3433111342848476,445.27923823147125,0,0,0,0,356,42,20,5,1000,100
RANDOM,342007,14.39037467453954,0.38825642163917246,34.5517711232841,60,0,0,0,356,42,20,5,1000,100
HIGHEST_SNR,342007,36.029926410735854,2.018430690765119,52.72851398269483,57,3,0,0,356,42,20,5,1000,100
SHORTEST_PULSE,342007,45.40235777508274,1.3220719743957083,36.853718245913576,59,1,0,0,356,42,20,5,1000,100
METROLOGY_CONDITIONED_EIG,342007,40.684710141417646,1.1861124205961862,24.534696370761402,58,2,0,0,356,42,20,5,1000,100
NO_PASSIVE,342008,555.4774227455252,3.839487499263818,445.27923823147125,0,0,0,0,334,42,20,5,1000,100
RANDOM,342008,90.89036000164391,3.139736709077143,39.28192150246232,59,1,0,0,334,42,20,5,1000,100
HIGHEST_SNR,342008,62.434652612461534,1.3785119903419614,47.44088970520985,58,2,0,0,334,42,20,5,1000,100
SHORTEST_PULSE,342008,27.08990419744299,0.4156306250723112,25.575661365806422,59,1,0,0,334,42,20,5,1000,100
METROLOGY_CONDITIONED_EIG,342008,27.592931104346807,0.3142314984997135,25.43254956638647,60,0,0,0,334,42,20,5,1000,100
NO_PASSIVE,342009,212.93357340561255,3.716925246394654,445.27923823147125,0,0,0,0,264,42,20,5,1000,100
RANDOM,342009,8.76505663229687,0.5732443584749066,33.914804325271234,59,1,0,0,264,42,20,5,1000,100
HIGHEST_SNR,342009,88.95635513803526,3.1835301084105674,96.85827775237283,59,1,0,0,264,42,20,5,1000,100
SHORTEST_PULSE,342009,7.514043140104433,0.20377988899458419,28.219575906552784,59,1,0,0,264,42,20,5,1000,100
METROLOGY_CONDITIONED_EIG,342009,23.26738545356073,0.3759432826038588,26.50373085156692,60,0,0,0,264,42,20,5,1000,100
NO_PASSIVE,342010,123.73512888408312,2.768709839280897,445.27923823147125,0,0,0,0,311,42,20,5,1000,100
RANDOM,342010,18.824467054337017,0.4241146390115108,29.512477941296442,59,1,0,0,311,42,20,5,1000,100
HIGHEST_SNR,342010,32.71740295093679,0.7967903050290909,38.66062120087042,59,1,0,0,311,42,20,5,1000,100
SHORTEST_PULSE,342010,25.576412037127113,0.874562835625901,22.37060330867866,57,3,0,0,311,42,20,5,1000,100
METROLOGY_CONDITIONED_EIG,342010,28.419283711230285,0.8703067155742534,22.150734044948567,58,2,0,0,311,42,20,5,1000,100
NO_PASSIVE,342011,620.8221987684121,1.3312405004534948,445.27923823147125,0,0,0,0,189,42,20,5,1000,100
RANDOM,342011,35.315285901675374,1.2530605890005146,26.679830784783327,59,1,0,0,189,42,20,5,1000,100
HIGHEST_SNR,342011,16.161094931624792,1.188912929662444,35.46504262552778,59,1,0,0,189,42,20,5,1000,100
SHORTEST_PULSE,342011,17.431742170822805,1.0626254090163316,34.49153335083931,59,1,0,0,189,42,20,5,1000,100
METROLOGY_CONDITIONED_EIG,342011,28.16415604600046,0.8658834191103442,22.01658638660259,59,1,0,0,189,42,20,5,1000,100
NO_PASSIVE,342012,287.2507827164932,0.916404419533127,445.27923823147125,0,0,0,0,311,42,20,5,1000,100
RANDOM,342012,8.895632654747967,0.6841673586985998,33.456727701648795,60,0,0,0,311,42,20,5,1000,100
HIGHEST_SNR,342012,41.57025870899204,1.1679254804704629,44.27318392378459,60,0,0,0,311,42,20,5,1000,100
SHORTEST_PULSE,342012,6.638006289346174,0.3770139507251914,28.640012705692968,59,1,0,0,311,42,20,5,1000,100
METROLOGY_CONDITIONED_EIG,342012,3.307817659439202,0.16393676748327535,23.034922607512314,59,1,0,0,311,42,20,5,1000,100
NO_PASSIVE,342013,427.92311518393734,2.4954525252179205,445.27923823147125,0,0,0,0,308,42,20,5,1000,100
RANDOM,342013,19.166854411621173,0.538831816439465,27.91218805809292,60,0,0,0,308,42,20,5,1000,100
HIGHEST_SNR,342013,117.03303616698842,2.5775641391706703,81.21615435184086,60,0,0,0,308,42,20,5,1000,100
SHORTEST_PULSE,342013,19.08089928083411,0.38213213400380147,22.493458084059526,60,0,0,0,308,42,20,5,1000,100
METROLOGY_CONDITIONED_EIG,342013,11.63272005605311,0.2291181035710053,22.815417076871487,60,0,0,0,308,42,20,5,1000,100
NO_PASSIVE,342014,334.2601897735386,2.4645842936179316,445.27923823147125,0,0,0,0,258,42,20,5,1000,100
RANDOM,342014,15.287612355736178,0.5042107262849774,32.168238329514736,59,1,0,0,258,42,20,5,1000,100
HIGHEST_SNR,342014,40.02018393074306,0.42768423695415214,72.98502994835572,59,1,0,0,258,42,20,5,1000,100
SHORTEST_PULSE,342014,8.987364109923265,0.334854673100065,25.68013213051309,58,2,0,0,258,42,20,5,1000,100
METROLOGY_CONDITIONED_EIG,342014,14.374440432151363,0.5058054445063587,25.26559574768355,58,2,0,0,258,42,20,5,1000,100
NO_PASSIVE,342015,255.03383835279678,0.8725456084509444,445.27923823147125,0,0,0,0,384,42,20,5,1000,100
RANDOM,342015,5.549897063974223,0.6108129252720056,24.179882611454044,59,1,0,0,384,42,20,5,1000,100
HIGHEST_SNR,342015,21.490137428429406,1.7327980323959369,49.622814649794975,59,1,0,0,384,42,20,5,1000,100
SHORTEST_PULSE,342015,13.66843098804107,0.440721473054,31.755225752395237,60,0,0,0,384,42,20,5,1000,100
METROLOGY_CONDITIONED_EIG,342015,11.818130301583118,0.2741063561278074,15.240800366433719,60,0,0,0,384,42,20,5,1000,100
NO_PASSIVE,342016,110.99152630381441,2.114856250088844,445.27923823147125,0,0,0,0,288,42,20,5,1000,100
RANDOM,342016,39.5671326561547,0.9547294163012914,24.93352331337683,59,1,0,0,288,42,20,5,1000,100
HIGHEST_SNR,342016,56.30050597524654,2.381064970477992,47.648803011116,60,0,0,0,288,42,20,5,1000,100
SHORTEST_PULSE,342016,10.9965436554314,0.31975895173799773,18.99986157068346,59,1,0,0,288,42,20,5,1000,100
METROLOGY_CONDITIONED_EIG,342016,12.654133032245623,0.40479952007754416,19.00686398571357,59,1,0,0,288,42,20,5,1000,100
NO_PASSIVE,342017,600.9147002222144,2.3697945703617456,445.27923823147125,0,0,0,0,262,42,20,5,1000,100
RANDOM,342017,30.638522416522303,0.9922080274395263,28.252442066371945,60,0,0,0,262,42,20,5,1000,100
HIGHEST_SNR,342017,57.26323416656775,0.6827050517772667,38.485737643689475,59,1,0,0,262,42,20,5,1000,100
SHORTEST_PULSE,342017,27.54717381514665,0.5783460737429823,22.79055026634938,60,0,0,0,262,42,20,5,1000,100
METROLOGY_CONDITIONED_EIG,342017,25.83628996664704,0.49903123850109415,21.846289706855895,60,0,0,0,262,42,20,5,1000,100
NO_PASSIVE,342018,715.4385644392613,0.8805536940380039,445.27923823147125,0,0,0,0,334,42,20,5,1000,100
RANDOM,342018,77.21835546486236,0.43160847930090784,37.86739279056357,60,0,0,0,334,42,20,5,1000,100
HIGHEST_SNR,342018,14.154334926504003,0.2723576369707523,53.24990781758652,60,0,0,0,334,42,20,5,1000,100
SHORTEST_PULSE,342018,35.268575090526106,0.39410672798254276,31.581436810639183,60,0,0,0,334,42,20,5,1000,100
METROLOGY_CONDITIONED_EIG,342018,36.17693728736659,0.09804487937168498,30.369731092774018,59,1,0,0,334,42,20,5,1000,100
NO_PASSIVE,342019,397.2955673452553,1.5595522678913554,445.27923823147125,0,0,0,0,383,42,20,5,1000,100
RANDOM,342019,10.80499448811631,0.6429362729095318,25.209378594185022,59,1,0,0,383,42,20,5,1000,100
HIGHEST_SNR,342019,22.508050398476296,0.7181982471790987,99.41434397974206,59,1,0,0,383,42,20,5,1000,100
SHORTEST_PULSE,342019,41.01904333740012,1.0169567252930651,25.264791964860454,58,2,0,0,383,42,20,5,1000,100
METROLOGY_CONDITIONED_EIG,342019,3.600399761704579,0.3649571599421844,22.480355462384058,58,2,0,0,383,42,20,5,1000,100
NO_PASSIVE,342020,168.80413972417477,2.78506783761558,445.27923823147125,0,0,0,0,299,42,20,5,1000,100
RANDOM,342020,18.786334892573578,0.7717204723049671,25.92540257448358,59,1,0,0,299,42,20,5,1000,100
HIGHEST_SNR,342020,67.10633997529587,1.5297479722536096,44.240753236299824,59,1,0,0,299,42,20,5,1000,100
SHORTEST_PULSE,342020,4.644251772194311,0.3322938838653632,17.875125437726442,58,2,0,0,299,42,20,5,1000,100
METROLOGY_CONDITIONED_EIG,342020,9.159266049078429,0.3805599385163096,18.367215737647882,58,2,0,0,299,42,20,5,1000,100
NO_PASSIVE,342021,374.0701650766796,1.1203638411708094,445.27923823147125,0,0,0,0,350,42,20,5,1000,100
RANDOM,342021,40.55836714923642,0.8671127705140516,32.565633245093316,59,1,0,0,350,42,20,5,1000,100
HIGHEST_SNR,342021,48.41432264766273,1.5315594356647055,41.62380019535144,59,1,0,0,350,42,20,5,1000,100
SHORTEST_PULSE,342021,18.73722730874979,0.44042150444974015,28.37130958283055,60,0,0,0,350,42,20,5,1000,100
METROLOGY_CONDITIONED_EIG,342021,13.554590031641427,0.4055866416942433,21.66121207397035,58,2,0,0,350,42,20,5,1000,100
NO_PASSIVE,342022,52.21685590949201,2.6557548365888213,445.27923823147125,0,0,0,0,288,42,20,5,1000,100
RANDOM,342022,22.765320858701266,0.3250076130515814,33.77200914790978,60,0,0,0,288,42,20,5,1000,100
HIGHEST_SNR,342022,128.3478005501823,2.2587558058716444,57.51368248158051,59,1,0,0,288,42,20,5,1000,100
SHORTEST_PULSE,342022,10.514332192797418,0.5751954211646215,26.673583415373926,60,0,0,0,288,42,20,5,1000,100
METROLOGY_CONDITIONED_EIG,342022,16.91788880605038,0.7424529541285807,25.44341658972248,60,0,0,0,288,42,20,5,1000,100
NO_PASSIVE,342023,196.86928010731725,3.144187712080138,445.27923823147125,0,0,0,0,264,42,20,5,1000,100
RANDOM,342023,51.73384091668339,1.5916832663965133,32.81313882824986,59,1,0,0,264,42,20,5,1000,100
HIGHEST_SNR,342023,35.14113187664928,2.3938739530521698,68.03681351545472,58,2,0,0,264,42,20,5,1000,100
SHORTEST_PULSE,342023,109.45784640361859,2.189161693005926,42.88193179259491,59,1,0,0,264,42,20,5,1000,100
METROLOGY_CONDITIONED_EIG,342023,45.68046347473834,1.5032417298500567,26.311030983546082,60,0,0,0,264,42,20,5,1000,100
NO_PASSIVE,342024,933.3813686096128,0.9912243188694803,445.27923823147125,0,0,0,0,312,42,20,5,1000,100
RANDOM,342024,22.74340364765264,1.0115638987525943,30.56105589534642,58,2,0,0,312,42,20,5,1000,100
HIGHEST_SNR,342024,36.83347712182562,1.0777826604629197,35.6544332468118,60,0,0,0,312,42,20,5,1000,100
SHORTEST_PULSE,342024,60.81571233491422,0.5682948728207331,54.8686055408651,59,1,0,0,312,42,20,5,1000,100
METROLOGY_CONDITIONED_EIG,342024,7.936693498539338,0.3785598102683857,24.631512066481033,59,1,0,0,312,42,20,5,1000,100
NO_PASSIVE,342025,395.9771931487802,5.041858530692744,445.27923823147125,0,0,0,0,288,42,20,5,1000,100
RANDOM,342025,63.72486500602051,2.1691072306768353,27.524032752933355,59,1,0,0,288,42,20,5,1000,100
HIGHEST_SNR,342025,131.61845244541135,2.2329360486132663,48.96221321182787,58,2,0,0,288,42,20,5,1000,100
SHORTEST_PULSE,342025,12.805388853191753,0.716587657345233,21.006863976629546,57,3,0,0,288,42,20,5,1000,100
METROLOGY_CONDITIONED_EIG,342025,14.693618496571393,0.9153373458693752,21.470997951842353,60,0,0,0,288,42,20,5,1000,100
NO_PASSIVE,342026,430.34544153919825,2.5974257937064635,445.27923823147125,0,0,0,0,408,42,20,5,1000,100
RANDOM,342026,19.2149069073428,0.6185839573172903,22.0664684222912,60,0,0,0,408,42,20,5,1000,100
HIGHEST_SNR,342026,10.951334496423568,0.10073288409395445,36.62240094859444,60,0,0,0,408,42,20,5,1000,100
SHORTEST_PULSE,342026,51.36652110539725,1.1682923580328046,39.25720240290349,60,0,0,0,408,42,20,5,1000,100
METROLOGY_CONDITIONED_EIG,342026,23.972930823641306,0.822236614466619,16.928035520662835,60,0,0,0,408,42,20,5,1000,100
NO_PASSIVE,342027,348.59028367466675,0.7582322984184474,445.27923823147125,0,0,0,0,335,42,20,5,1000,100
RANDOM,342027,27.413355416206553,0.7873069264814329,32.97739658842495,59,1,0,0,335,42,20,5,1000,100
HIGHEST_SNR,342027,14.037047459018863,0.38828261113430085,98.36878870351568,60,0,0,0,335,42,20,5,1000,100
SHORTEST_PULSE,342027,11.112035020777876,0.32032578109532167,26.782117915693227,58,2,0,0,335,42,20,5,1000,100
METROLOGY_CONDITIONED_EIG,342027,4.4081600605216185,0.5920165196486722,21.96475710776524,58,2,0,0,335,42,20,5,1000,100
NO_PASSIVE,342028,525.2759813931999,2.1090863835982216,445.27923823147125,0,0,0,0,215,42,20,5,1000,100
RANDOM,342028,38.09334377576313,0.5760677233841122,35.68517432865761,60,0,0,0,215,42,20,5,1000,100
HIGHEST_SNR,342028,46.68178824093119,0.6942600092153016,53.83299119749598,59,1,0,0,215,42,20,5,1000,100
SHORTEST_PULSE,342028,11.219717223675545,0.6207416470145879,39.436702007870295,60,0,0,0,215,42,20,5,1000,100
METROLOGY_CONDITIONED_EIG,342028,13.037151424840761,0.6921958486473064,27.78676888972659,60,0,0,0,215,42,20,5,1000,100
NO_PASSIVE,342029,262.55643409592005,2.5469923777722885,445.27923823147125,0,0,0,0,336,42,20,5,1000,100
RANDOM,342029,43.062531941556614,1.48712844828409,36.053032846186596,60,0,0,0,336,42,20,5,1000,100
HIGHEST_SNR,342029,52.50204525252084,1.549743792936175,52.73631398772518,60,0,0,0,336,42,20,5,1000,100
SHORTEST_PULSE,342029,6.087108381460586,0.8833051175970545,34.939066805306645,60,0,0,0,336,42,20,5,1000,100
METROLOGY_CONDITIONED_EIG,342029,6.379936520988385,0.5355033232998185,28.937024859392903,59,1,0,0,336,42,20,5,1000,100
NO_PASSIVE,343000,218.84357928619323,2.0289924437997433,445.27923823147125,0,0,0,0,0,43,20,15,10,30
RANDOM,343000,218.84357928619323,2.0289924437997433,445.27923823147125,0,0,0,0,0,43,20,15,10,30
HIGHEST_SNR,343000,218.84357928619323,2.0289924437997433,445.27923823147125,0,0,0,0,0,43,20,15,10,30
SHORTEST_PULSE,343000,218.84357928619323,2.0289924437997433,445.27923823147125,0,0,0,0,0,43,20,15,10,30
METROLOGY_CONDITIONED_EIG,343000,218.84357928619323,2.0289924437997433,445.27923823147125,0,0,0,0,0,43,20,15,10,30
NO_PASSIVE,343001,604.628926205926,0.5703672721920552,445.27923823147125,0,0,0,0,8,43,20,15,10,30
RANDOM,343001,83.24787033522713,0.6041716183456264,232.51656531945312,8,0,0,0,8,43,20,15,10,30
HIGHEST_SNR,343001,83.24787033522713,0.6041716183456264,232.51656531945312,8,0,0,0,8,43,20,15,10,30
SHORTEST_PULSE,343001,83.24787033522713,0.6041716183456264,232.51656531945312,8,0,0,0,8,43,20,15,10,30
METROLOGY_CONDITIONED_EIG,343001,83.24787033522713,0.6041716183456264,232.51656531945312,8,0,0,0,8,43,20,15,10,30
NO_PASSIVE,343002,554.1928285024619,2.5895444194422184,445.27923823147125,0,0,0,0,3,43,20,15,10,30
RANDOM,343002,461.00537035512133,2.1989299684327825,269.9874813814269,3,0,0,0,3,43,20,15,10,30
HIGHEST_SNR,343002,461.00537035512133,2.1989299684327825,269.9874813814269,3,0,0,0,3,43,20,15,10,30
SHORTEST_PULSE,343002,461.00537035512133,2.1989299684327825,269.9874813814269,3,0,0,0,3,43,20,15,10,30
METROLOGY_CONDITIONED_EIG,343002,461.00537035512133,2.1989299684327825,269.9874813814269,3,0,0,0,3,43,20,15,10,30
NO_PASSIVE,343003,594.1819568385108,3.207491876853231,445.27923823147125,0,0,0,0,0,43,20,15,10,30
RANDOM,343003,594.1819568385108,3.207491876853231,445.27923823147125,0,0,0,0,0,43,20,15,10,30
HIGHEST_SNR,343003,594.1819568385108,3.207491876853231,445.27923823147125,0,0,0,0,0,43,20,15,10,30
SHORTEST_PULSE,343003,594.1819568385108,3.207491876853231,445.27923823147125,0,0,0,0,0,43,20,15,10,30
METROLOGY_CONDITIONED_EIG,343003,594.1819568385108,3.207491876853231,445.27923823147125,0,0,0,0,0,43,20,15,10,30
NO_PASSIVE,343004,221.76631304926514,0.8513340778035149,445.27923823147125,0,0,0,0,2,43,20,15,10,30
RANDOM,343004,77.08647734105428,1.630192699036152,320.16843362625787,2,0,0,0,2,43,20,15,10,30
HIGHEST_SNR,343004,77.08647734105428,1.630192699036152,320.16843362625787,2,0,0,0,2,43,20,15,10,30
SHORTEST_PULSE,343004,77.08647734105428,1.630192699036152,320.16843362625787,2,0,0,0,2,43,20,15,10,30
METROLOGY_CONDITIONED_EIG,343004,77.08647734105428,1.630192699036152,320.16843362625787,2,0,0,0,2,43,20,15,10,30
NO_PASSIVE,343005,357.8014134258264,1.1677029883549361,445.27923823147125,0,0,0,0,11,43,20,15,10,30
RANDOM,343005,358.4650203093666,1.339322731338461,312.2283413444992,10,1,0,0,11,43,20,15,10,30
HIGHEST_SNR,343005,358.4650203093666,1.339322731338461,312.2283413444992,10,1,0,0,11,43,20,15,10,30
SHORTEST_PULSE,343005,358.4650203093666,1.339322731338461,312.2283413444992,10,1,0,0,11,43,20,15,10,30
METROLOGY_CONDITIONED_EIG,343005,358.4650203093666,1.339322731338461,312.2283413444992,10,1,0,0,11,43,20,15,10,30
NO_PASSIVE,343006,412.15119993366227,3.95513991920537,445.27923823147125,0,0,0,0,0,43,20,15,10,30
RANDOM,343006,412.15119993366227,3.95513991920537,445.27923823147125,0,0,0,0,0,43,20,15,10,30
HIGHEST_SNR,343006,412.15119993366227,3.95513991920537,445.27923823147125,0,0,0,0,0,43,20,15,10,30
SHORTEST_PULSE,343006,412.15119993366227,3.95513991920537,445.27923823147125,0,0,0,0,0,43,20,15,10,30
METROLOGY_CONDITIONED_EIG,343006,412.15119993366227,3.95513991920537,445.27923823147125,0,0,0,0,0,43,20,15,10,30
NO_PASSIVE,343007,60.76039129917548,0.3582528619353761,445.27923823147125,0,0,0,0,0,43,20,15,10,30
RANDOM,343007,60.76039129917548,0.3582528619353761,445.27923823147125,0,0,0,0,0,43,20,15,10,30
HIGHEST_SNR,343007,60.76039129917548,0.3582528619353761,445.27923823147125,0,0,0,0,0,43,20,15,10,30
SHORTEST_PULSE,343007,60.76039129917548,0.3582528619353761,445.27923823147125,0,0,0,0,0,43,20,15,10,30
METROLOGY_CONDITIONED_EIG,343007,60.76039129917548,0.3582528619353761,445.27923823147125,0,0,0,0,0,43,20,15,10,30
NO_PASSIVE,343008,187.73175456214443,2.3187125459864397,445.27923823147125,0,0,0,0,16,43,20,15,10,30
RANDOM,343008,48.34592418134046,0.9076457272568065,57.61672469250264,15,1,0,0,16,43,20,15,10,30
HIGHEST_SNR,343008,48.34592418134046,0.9076457272568065,57.61672469250264,15,1,0,0,16,43,20,15,10,30
SHORTEST_PULSE,343008,48.34592418134046,0.9076457272568065,57.61672469250264,15,1,0,0,16,43,20,15,10,30
METROLOGY_CONDITIONED_EIG,343008,48.34592418134046,0.9076457272568065,57.61672469250264,15,1,0,0,16,43,20,15,10,30
NO_PASSIVE,343009,643.0186393822539,0.6020124552530746,445.27923823147125,0,0,0,0,11,43,20,15,10,30
RANDOM,343009,68.35844449983752,1.877050490368398,95.83892879362453,11,0,0,0,11,43,20,15,10,30
HIGHEST_SNR,343009,68.35844449983752,1.877050490368398,95.83892879362453,11,0,0,0,11,43,20,15,10,30
SHORTEST_PULSE,343009,68.35844449983752,1.877050490368398,95.83892879362453,11,0,0,0,11,43,20,15,10,30
METROLOGY_CONDITIONED_EIG,343009,68.35844449983752,1.877050490368398,95.83892879362453,11,0,0,0,11,43,20,15,10,30
NO_PASSIVE,343010,994.7601259210343,3.966367604525868,445.27923823147125,0,0,0,0,19,43,20,15,10,30
RANDOM,343010,731.6492813328554,4.826781493045378,230.23827611773856,19,0,0,0,19,43,20,15,10,30
HIGHEST_SNR,343010,731.6492813328554,4.826781493045378,230.23827611773856,19,0,0,0,19,43,20,15,10,30
SHORTEST_PULSE,343010,731.6492813328554,4.826781493045378,230.23827611773856,19,0,0,0,19,43,20,15,10,30
METROLOGY_CONDITIONED_EIG,343010,731.6492813328554,4.826781493045378,230.23827611773856,19,0,0,0,19,43,20,15,10,30
NO_PASSIVE,343011,388.5794255510758,0.5352390133210323,445.27923823147125,0,0,0,0,2,43,20,15,10,30
RANDOM,343011,34.18179999838477,0.3784818138529742,235.58084886263143,2,0,0,0,2,43,20,15,10,30
HIGHEST_SNR,343011,34.18179999838477,0.3784818138529742,235.58084886263143,2,0,0,0,2,43,20,15,10,30
SHORTEST_PULSE,343011,34.18179999838477,0.3784818138529742,235.58084886263143,2,0,0,0,2,43,20,15,10,30
METROLOGY_CONDITIONED_EIG,343011,34.18179999838477,0.3784818138529742,235.58084886263143,2,0,0,0,2,43,20,15,10,30
NO_PASSIVE,343012,348.6043281160643,1.017190424051407,445.27923823147125,0,0,0,0,0,43,20,15,10,30
RANDOM,343012,348.6043281160643,1.017190424051407,445.27923823147125,0,0,0,0,0,43,20,15,10,30
HIGHEST_SNR,343012,348.6043281160643,1.017190424051407,445.27923823147125,0,0,0,0,0,43,20,15,10,30
SHORTEST_PULSE,343012,348.6043281160643,1.017190424051407,445.27923823147125,0,0,0,0,0,43,20,15,10,30
METROLOGY_CONDITIONED_EIG,343012,348.6043281160643,1.017190424051407,445.27923823147125,0,0,0,0,0,43,20,15,10,30
NO_PASSIVE,343013,358.73124561367143,2.0150127057141796,445.27923823147125,0,0,0,0,10,43,20,15,10,30
RANDOM,343013,166.94299883279197,1.6536715145874554,321.5289920945476,10,0,0,0,10,43,20,15,10,30
HIGHEST_SNR,343013,166.94299883279197,1.6536715145874554,321.5289920945476,10,0,0,0,10,43,20,15,10,30
SHORTEST_PULSE,343013,166.94299883279197,1.6536715145874554,321.5289920945476,10,0,0,0,10,43,20,15,10,30
METROLOGY_CONDITIONED_EIG,343013,166.94299883279197,1.6536715145874554,321.5289920945476,10,0,0,0,10,43,20,15,10,30
NO_PASSIVE,343014,366.8127906829556,0.9069109072743637,445.27923823147125,0,0,0,0,24,43,20,15,10,30
RANDOM,343014,60.85038909119886,0.4489723608149835,75.78260246280313,23,0,0,0,24,43,20,15,10,30
HIGHEST_SNR,343014,56.12735689554087,0.4426711599036809,76.92095027821351,23,0,0,0,24,43,20,15,10,30
SHORTEST_PULSE,343014,60.85038909119886,0.4489723608149835,75.78260246280313,23,0,0,0,24,43,20,15,10,30
METROLOGY_CONDITIONED_EIG,343014,60.85038909119886,0.4489723608149835,75.78260246280313,23,0,0,0,24,43,20,15,10,30
NO_PASSIVE,343015,28.082149154893333,1.5590730624338338,445.27923823147125,0,0,0,0,2,43,20,15,10,30
RANDOM,343015,167.01979564967388,2.4359830387293897,321.6527969490763,2,0,0,0,2,43,20,15,10,30
HIGHEST_SNR,343015,167.01979564967388,2.4359830387293897,321.6527969490763,2,0,0,0,2,43,20,15,10,30
SHORTEST_PULSE,343015,167.01979564967388,2.4359830387293897,321.6527969490763,2,0,0,0,2,43,20,15,10,30
METROLOGY_CONDITIONED_EIG,343015,167.01979564967388,2.4359830387293897,321.6527969490763,2,0,0,0,2,43,20,15,10,30
NO_PASSIVE,343016,245.1209423562668,0.8063576867519759,445.27923823147125,0,0,0,0,22,43,20,15,10,30
RANDOM,343016,282.30697599763835,1.22726319710872,316.41221520429656,21,0,0,0,22,43,20,15,10,30
HIGHEST_SNR,343016,282.30697599763835,1.22726319710872,316.41221520429656,21,0,0,0,22,43,20,15,10,30
SHORTEST_PULSE,343016,15.660806920880443,1.391090433287976,209.80241069063436,21,0,0,0,22,43,20,15,10,30
METROLOGY_CONDITIONED_EIG,343016,15.660806920880443,1.391090433287976,209.80241069063436,21,0,0,0,22,43,20,15,10,30
NO_PASSIVE,343017,175.30956302372292,1.814528717123588,445.27923823147125,0,0,0,0,24,43,20,15,10,30
RANDOM,343017,99.61112287209194,1.7682976452524537,301.7211152314635,24,0,0,0,24,43,20,15,10,30
HIGHEST_SNR,343017,99.61112287209194,1.7682976452524537,301.7211152314635,24,0,0,0,24,43,20,15,10,30
SHORTEST_PULSE,343017,99.61112287209194,1.7682976452524537,301.7211152314635,24,0,0,0,24,43,20,15,10,30
METROLOGY_CONDITIONED_EIG,343017,99.61112287209194,1.7682976452524537,301.7211152314635,24,0,0,0,24,43,20,15,10,30
NO_PASSIVE,343018,581.7650932510397,1.3729695059027498,445.27923823147125,0,0,0,0,3,43,20,15,10,30
RANDOM,343018,530.9923168562926,1.4898117371040078,292.77128681066756,3,0,0,0,3,43,20,15,10,30
HIGHEST_SNR,343018,530.9923168562926,1.4898117371040078,292.77128681066756,3,0,0,0,3,43,20,15,10,30
SHORTEST_PULSE,343018,530.9923168562926,1.4898117371040078,292.77128681066756,3,0,0,0,3,43,20,15,10,30
METROLOGY_CONDITIONED_EIG,343018,530.9923168562926,1.4898117371040078,292.77128681066756,3,0,0,0,3,43,20,15,10,30
NO_PASSIVE,343019,144.0797540619192,0.7608791790116013,445.27923823147125,0,0,0,0,12,43,20,15,10,30
RANDOM,343019,61.781791790376076,0.7411541249467182,71.95344838460788,12,0,0,0,12,43,20,15,10,30
HIGHEST_SNR,343019,61.781791790376076,0.7411541249467182,71.95344838460788,12,0,0,0,12,43,20,15,10,30
SHORTEST_PULSE,343019,61.781791790376076,0.7411541249467182,71.95344838460788,12,0,0,0,12,43,20,15,10,30
METROLOGY_CONDITIONED_EIG,343019,61.781791790376076,0.7411541249467182,71.95344838460788,12,0,0,0,12,43,20,15,10,30
NO_PASSIVE,343020,159.55367360722394,4.224186531464214,445.27923823147125,0,0,0,0,23,43,20,15,10,30
RANDOM,343020,73.7330010287574,4.160922119618667,166.20639823627516,22,1,0,0,23,43,20,15,10,30
HIGHEST_SNR,343020,73.7330010287574,4.160922119618667,166.20639823627516,22,1,0,0,23,43,20,15,10,30
SHORTEST_PULSE,343020,73.7330010287574,4.160922119618667,166.20639823627516,22,1,0,0,23,43,20,15,10,30
METROLOGY_CONDITIONED_EIG,343020,73.7330010287574,4.160922119618667,166.20639823627516,22,1,0,0,23,43,20,15,10,30
NO_PASSIVE,343021,168.43431842485865,0.7428741043947318,445.27923823147125,0,0,0,0,0,43,20,15,10,30
RANDOM,343021,168.43431842485865,0.7428741043947318,445.27923823147125,0,0,0,0,0,43,20,15,10,30
HIGHEST_SNR,343021,168.43431842485865,0.7428741043947318,445.27923823147125,0,0,0,0,0,43,20,15,10,30
SHORTEST_PULSE,343021,168.43431842485865,0.7428741043947318,445.27923823147125,0,0,0,0,0,43,20,15,10,30
METROLOGY_CONDITIONED_EIG,343021,168.43431842485865,0.7428741043947318,445.27923823147125,0,0,0,0,0,43,20,15,10,30
NO_PASSIVE,343022,559.779219473651,1.1617554748323369,445.27923823147125,0,0,0,0,0,43,20,15,10,30
RANDOM,343022,559.779219473651,1.1617554748323369,445.27923823147125,0,0,0,0,0,43,20,15,10,30
HIGHEST_SNR,343022,559.779219473651,1.1617554748323369,445.27923823147125,0,0,0,0,0,43,20,15,10,30
SHORTEST_PULSE,343022,559.779219473651,1.1617554748323369,445.27923823147125,0,0,0,0,0,43,20,15,10,30
METROLOGY_CONDITIONED_EIG,343022,559.779219473651,1.1617554748323369,445.27923823147125,0,0,0,0,0,43,20,15,10,30
NO_PASSIVE,343023,77.65567508621302,0.3215457386427406,445.27923823147125,0,0,0,0,0,43,20,15,10,30
RANDOM,343023,77.65567508621302,0.3215457386427406,445.27923823147125,0,0,0,0,0,43,20,15,10,30
HIGHEST_SNR,343023,77.65567508621302,0.3215457386427406,445.27923823147125,0,0,0,0,0,43,20,15,10,30
SHORTEST_PULSE,343023,77.65567508621302,0.3215457386427406,445.27923823147125,0,0,0,0,0,43,20,15,10,30
METROLOGY_CONDITIONED_EIG,343023,77.65567508621302,0.3215457386427406,445.27923823147125,0,0,0,0,0,43,20,15,10,30
NO_PASSIVE,343024,201.69299039986427,1.2064414373012176,445.27923823147125,0,0,0,0,4,43,20,15,10,30
RANDOM,343024,117.75769269219626,2.413742935441366,245.27984398388767,4,0,0,0,4,43,20,15,10,30
HIGHEST_SNR,343024,117.75769269219626,2.413742935441366,245.27984398388767,4,0,0,0,4,43,20,15,10,30
SHORTEST_PULSE,343024,117.75769269219626,2.413742935441366,245.27984398388767,4,0,0,0,4,43,20,15,10,30
METROLOGY_CONDITIONED_EIG,343024,117.75769269219626,2.413742935441366,245.27984398388767,4,0,0,0,4,43,20,15,10,30
NO_PASSIVE,343025,208.62876599684387,1.3142307729054403,445.27923823147125,0,0,0,0,36,43,20,15,10,30
RANDOM,343025,78.99778932549299,1.0073591454649737,36.934076024215635,29,2,0,0,36,43,20,15,10,30
HIGHEST_SNR,343025,74.10289862930115,0.9207069196930904,36.24254197935737,30,1,0,0,36,43,20,15,10,30
SHORTEST_PULSE,343025,78.53052895317265,0.9624393846918147,36.40334722237304,30,1,0,0,36,43,20,15,10,30
METROLOGY_CONDITIONED_EIG,343025,78.34216731447886,1.0875975199480235,36.994213307297656,29,2,0,0,36,43,20,15,10,30
NO_PASSIVE,343026,395.3085703430496,0.818602723102066,445.27923823147125,0,0,0,0,44,43,20,15,10,30
RANDOM,343026,69.42279173715679,0.9832582169280777,71.36070611557011,35,0,0,0,44,43,20,15,10,30
HIGHEST_SNR,343026,118.14677344334547,1.4127960183656196,72.9521420367035,34,1,0,0,44,43,20,15,10,30
SHORTEST_PULSE,343026,117.44538603882023,0.9457529334292969,72.58992326832302,34,1,0,0,44,43,20,15,10,30
METROLOGY_CONDITIONED_EIG,343026,48.14883246650118,0.2239328352815008,68.85975157008802,35,0,0,0,44,43,20,15,10,30
NO_PASSIVE,343027,510.4065502375537,3.923330722888113,445.27923823147125,0,0,0,0,1,43,20,15,10,30
RANDOM,343027,278.16714295318883,3.918122895442485,330.4007786670344,1,0,0,0,1,43,20,15,10,30
HIGHEST_SNR,343027,278.16714295318883,3.918122895442485,330.4007786670344,1,0,0,0,1,43,20,15,10,30
SHORTEST_PULSE,343027,278.16714295318883,3.918122895442485,330.4007786670344,1,0,0,0,1,43,20,15,10,30
METROLOGY_CONDITIONED_EIG,343027,278.16714295318883,3.918122895442485,330.4007786670344,1,0,0,0,1,43,20,15,10,30
NO_PASSIVE,343028,747.9985815333691,2.845628493665927,445.27923823147125,0,0,0,0,0,43,20,15,10,30
RANDOM,343028,747.9985815333691,2.845628493665927,445.27923823147125,0,0,0,0,0,43,20,15,10,30
HIGHEST_SNR,343028,747.9985815333691,2.845628493665927,445.27923823147125,0,0,0,0,0,43,20,15,10,30
SHORTEST_PULSE,343028,747.9985815333691,2.845628493665927,445.27923823147125,0,0,0,0,0,43,20,15,10,30
METROLOGY_CONDITIONED_EIG,343028,747.9985815333691,2.845628493665927,445.27923823147125,0,0,0,0,0,43,20,15,10,30
NO_PASSIVE,343029,874.6754150753538,1.236060225375369,445.27923823147125,0,0,0,0,2,43,20,15,10,30
RANDOM,343029,373.6553211508179,1.575531475625222,156.3824945319269,2,0,0,0,2,43,20,15,10,30
HIGHEST_SNR,343029,373.6553211508179,1.575531475625222,156.3824945319269,2,0,0,0,2,43,20,15,10,30
SHORTEST_PULSE,343029,373.6553211508179,1.575531475625222,156.3824945319269,2,0,0,0,2,43,20,15,10,30
METROLOGY_CONDITIONED_EIG,343029,373.6553211508179,1.575531475625222,156.3824945319269,2,0,0,0,2,43,20,15,10,30
NO_PASSIVE,344000,152.97057719588676,1.3703093485218116,445.27923823147125,0,0,0,0,52,44,20,15,10,100
RANDOM,344000,152.7284248397855,1.4415684500397508,102.19768262247187,24,0,0,0,52,44,20,15,10,100
HIGHEST_SNR,344000,99.68320387769458,0.9057416071939817,278.84512545329324,24,0,0,0,52,44,20,15,10,100
SHORTEST_PULSE,344000,66.8291630942545,0.32198763044740153,123.8214580995517,24,0,0,0,52,44,20,15,10,100
METROLOGY_CONDITIONED_EIG,344000,71.02718567149884,0.6762271699451351,83.35790247037627,24,0,0,0,52,44,20,15,10,100
NO_PASSIVE,344001,424.2114894021077,1.3994789492278623,445.27923823147125,0,0,0,0,0,44,20,15,10,100
RANDOM,344001,424.2114894021077,1.3994789492278623,445.27923823147125,0,0,0,0,0,44,20,15,10,100
HIGHEST_SNR,344001,424.2114894021077,1.3994789492278623,445.27923823147125,0,0,0,0,0,44,20,15,10,100
SHORTEST_PULSE,344001,424.2114894021077,1.3994789492278623,445.27923823147125,0,0,0,0,0,44,20,15,10,100
METROLOGY_CONDITIONED_EIG,344001,424.2114894021077,1.3994789492278623,445.27923823147125,0,0,0,0,0,44,20,15,10,100
NO_PASSIVE,344002,326.0749476185108,0.516478793324746,445.27923823147125,0,0,0,0,1,44,20,15,10,100
RANDOM,344002,64.02133503797064,0.5360242804650379,337.6076779626393,1,0,0,0,1,44,20,15,10,100
HIGHEST_SNR,344002,64.02133503797064,0.5360242804650379,337.6076779626393,1,0,0,0,1,44,20,15,10,100
SHORTEST_PULSE,344002,64.02133503797064,0.5360242804650379,337.6076779626393,1,0,0,0,1,44,20,15,10,100
METROLOGY_CONDITIONED_EIG,344002,64.02133503797064,0.5360242804650379,337.6076779626393,1,0,0,0,1,44,20,15,10,100
NO_PASSIVE,344003,769.7448799407256,1.6854314942134658,445.27923823147125,0,0,0,0,4,44,20,15,10,100
RANDOM,344003,648.9032405989044,1.9783774048447273,323.00459729129454,4,0,0,0,4,44,20,15,10,100
HIGHEST_SNR,344003,648.9032405989044,1.9783774048447273,323.00459729129454,4,0,0,0,4,44,20,15,10,100
SHORTEST_PULSE,344003,648.9032405989044,1.9783774048447273,323.00459729129454,4,0,0,0,4,44,20,15,10,100
METROLOGY_CONDITIONED_EIG,344003,648.9032405989044,1.9783774048447273,323.00459729129454,4,0,0,0,4,44,20,15,10,100
NO_PASSIVE,344004,108.4310104081461,1.8767951518936075,445.27923823147125,0,0,0,0,1,44,20,15,10,100
RANDOM,344004,135.7980814103891,1.8528028722267222,337.79979064306195,1,0,0,0,1,44,20,15,10,100
HIGHEST_SNR,344004,135.7980814103891,1.8528028722267222,337.79979064306195,1,0,0,0,1,44,20,15,10,100
SHORTEST_PULSE,344004,135.7980814103891,1.8528028722267222,337.79979064306195,1,0,0,0,1,44,20,15,10,100
METROLOGY_CONDITIONED_EIG,344004,135.7980814103891,1.8528028722267222,337.79979064306195,1,0,0,0,1,44,20,15,10,100
NO_PASSIVE,344005,252.17669360709033,2.599761893380569,445.27923823147125,0,0,0,0,16,44,20,15,10,100
RANDOM,344005,82.37947383782063,2.7236796422011293,162.69144389975796,16,0,0,0,16,44,20,15,10,100
HIGHEST_SNR,344005,82.37947383782063,2.7236796422011293,162.69144389975796,16,0,0,0,16,44,20,15,10,100
SHORTEST_PULSE,344005,82.37947383782063,2.7236796422011293,162.69144389975796,16,0,0,0,16,44,20,15,10,100
METROLOGY_CONDITIONED_EIG,344005,82.37947383782063,2.7236796422011293,162.69144389975796,16,0,0,0,16,44,20,15,10,100
NO_PASSIVE,344006,666.8596719953428,1.3514590784288825,445.27923823147125,0,0,0,0,4,44,20,15,10,100
RANDOM,344006,27.227149876838702,1.1288674836449806,105.43045807846988,4,0,0,0,4,44,20,15,10,100
HIGHEST_SNR,344006,27.227149876838702,1.1288674836449806,105.43045807846988,4,0,0,0,4,44,20,15,10,100
SHORTEST_PULSE,344006,27.227149876838702,1.1288674836449806,105.43045807846988,4,0,0,0,4,44,20,15,10,100
METROLOGY_CONDITIONED_EIG,344006,27.227149876838702,1.1288674836449806,105.43045807846988,4,0,0,0,4,44,20,15,10,100
NO_PASSIVE,344007,371.80476975133956,2.9261616811451465,445.27923823147125,0,0,0,0,0,44,20,15,10,100
RANDOM,344007,371.80476975133956,2.9261616811451465,445.27923823147125,0,0,0,0,0,44,20,15,10,100
HIGHEST_SNR,344007,371.80476975133956,2.9261616811451465,445.27923823147125,0,0,0,0,0,44,20,15,10,100
SHORTEST_PULSE,344007,371.80476975133956,2.9261616811451465,445.27923823147125,0,0,0,0,0,44,20,15,10,100
METROLOGY_CONDITIONED_EIG,344007,371.80476975133956,2.9261616811451465,445.27923823147125,0,0,0,0,0,44,20,15,10,100
NO_PASSIVE,344008,301.970121910106,1.0345112444177542,445.27923823147125,0,0,0,0,4,44,20,15,10,100
RANDOM,344008,322.1877051943816,0.9315556448909287,321.04205373182816,4,0,0,0,4,44,20,15,10,100
HIGHEST_SNR,344008,322.1877051943816,0.9315556448909287,321.04205373182816,4,0,0,0,4,44,20,15,10,100
SHORTEST_PULSE,344008,322.1877051943816,0.9315556448909287,321.04205373182816,4,0,0,0,4,44,20,15,10,100
METROLOGY_CONDITIONED_EIG,344008,322.1877051943816,0.9315556448909287,321.04205373182816,4,0,0,0,4,44,20,15,10,100
NO_PASSIVE,344009,892.1083833613426,2.8963681393751415,445.27923823147125,0,0,0,0,2,44,20,15,10,100
RANDOM,344009,900.7821519229791,2.898095294974313,333.4971978767973,1,1,0,0,2,44,20,15,10,100
HIGHEST_SNR,344009,900.7821519229791,2.898095294974313,333.4971978767973,1,1,0,0,2,44,20,15,10,100
SHORTEST_PULSE,344009,900.7821519229791,2.898095294974313,333.4971978767973,1,1,0,0,2,44,20,15,10,100
METROLOGY_CONDITIONED_EIG,344009,900.7821519229791,2.898095294974313,333.4971978767973,1,1,0,0,2,44,20,15,10,100
NO_PASSIVE,344010,210.42662592730582,2.017279953197342,445.27923823147125,0,0,0,0,48,44,20,15,10,100
RANDOM,344010,57.22109153915229,1.6981598248971896,70.8825943193982,30,0,0,0,48,44,20,15,10,100
HIGHEST_SNR,344010,36.02516239020781,2.0290656782834318,73.85645883525792,30,0,0,0,48,44,20,15,10,100
SHORTEST_PULSE,344010,30.213946109455094,1.7181592614508316,70.8622976818057,30,0,0,0,48,44,20,15,10,100
METROLOGY_CONDITIONED_EIG,344010,50.004092103547904,1.4958418487667502,68.36865260876498,30,0,0,0,48,44,20,15,10,100
NO_PASSIVE,344011,579.7266024824452,1.4808366947075096,445.27923823147125,0,0,0,0,5,44,20,15,10,100
RANDOM,344011,70.36745647405452,1.577633516067533,164.33388861286727,4,0,0,0,5,44,20,15,10,100
HIGHEST_SNR,344011,70.36745647405452,1.577633516067533,164.33388861286727,4,0,0,0,5,44,20,15,10,100
SHORTEST_PULSE,344011,70.36745647405452,1.577633516067533,164.33388861286727,4,0,0,0,5,44,20,15,10,100
METROLOGY_CONDITIONED_EIG,344011,70.36745647405452,1.577633516067533,164.33388861286727,4,0,0,0,5,44,20,15,10,100
NO_PASSIVE,344012,203.36426696295965,1.0067493906432443,445.27923823147125,0,0,0,0,26,44,20,15,10,100
RANDOM,344012,129.1890198416158,1.004298511981206,155.45267800545162,24,0,0,0,26,44,20,15,10,100
HIGHEST_SNR,344012,15.039751958894003,0.8018253721317239,277.29403143750045,24,0,0,0,26,44,20,15,10,100
SHORTEST_PULSE,344012,129.1890198416158,1.004298511981206,155.45267800545162,24,0,0,0,26,44,20,15,10,100
METROLOGY_CONDITIONED_EIG,344012,129.1890198416158,1.004298511981206,155.45267800545162,24,0,0,0,26,44,20,15,10,100
NO_PASSIVE,344013,117.40740517087548,0.6570677722363268,445.27923823147125,0,0,0,0,23,44,20,15,10,100
RANDOM,344013,5.847001190842026,1.0207539425234036,305.08565870228307,23,0,0,0,23,44,20,15,10,100
HIGHEST_SNR,344013,5.847001190842026,1.0207539425234036,305.08565870228307,23,0,0,0,23,44,20,15,10,100
SHORTEST_PULSE,344013,5.847001190842026,1.0207539425234036,305.08565870228307,23,0,0,0,23,44,20,15,10,100
METROLOGY_CONDITIONED_EIG,344013,5.847001190842026,1.0207539425234036,305.08565870228307,23,0,0,0,23,44,20,15,10,100
NO_PASSIVE,344014,416.4336946342007,2.157974408178608,445.27923823147125,0,0,0,0,1,44,20,15,10,100
RANDOM,344014,82.8634292426976,2.177304850585563,335.9683588235673,1,0,0,0,1,44,20,15,10,100
HIGHEST_SNR,344014,82.8634292426976,2.177304850585563,335.9683588235673,1,0,0,0,1,44,20,15,10,100
SHORTEST_PULSE,344014,82.8634292426976,2.177304850585563,335.9683588235673,1,0,0,0,1,44,20,15,10,100
METROLOGY_CONDITIONED_EIG,344014,82.8634292426976,2.177304850585563,335.9683588235673,1,0,0,0,1,44,20,15,10,100
NO_PASSIVE,344015,297.53023616350976,1.0329928652090896,445.27923823147125,0,0,0,0,0,44,20,15,10,100
RANDOM,344015,297.53023616350976,1.0329928652090896,445.27923823147125,0,0,0,0,0,44,20,15,10,100
HIGHEST_SNR,344015,297.53023616350976,1.0329928652090896,445.27923823147125,0,0,0,0,0,44,20,15,10,100
SHORTEST_PULSE,344015,297.53023616350976,1.0329928652090896,445.27923823147125,0,0,0,0,0,44,20,15,10,100
METROLOGY_CONDITIONED_EIG,344015,297.53023616350976,1.0329928652090896,445.27923823147125,0,0,0,0,0,44,20,15,10,100
NO_PASSIVE,344016,79.21541384333263,1.4585864434912081,445.27923823147125,0,0,0,0,2,44,20,15,10,100
RANDOM,344016,137.1983550898562,1.1868028697176483,270.01134081707204,2,0,0,0,2,44,20,15,10,100
HIGHEST_SNR,344016,137.1983550898562,1.1868028697176483,270.01134081707204,2,0,0,0,2,44,20,15,10,100
SHORTEST_PULSE,344016,137.1983550898562,1.1868028697176483,270.01134081707204,2,0,0,0,2,44,20,15,10,100
METROLOGY_CONDITIONED_EIG,344016,137.1983550898562,1.1868028697176483,270.01134081707204,2,0,0,0,2,44,20,15,10,100
NO_PASSIVE,344017,523.9769580982272,2.3315339292234887,445.27923823147125,0,0,0,0,11,44,20,15,10,100
RANDOM,344017,113.18249207863201,0.7840263878215816,316.4604439713985,11,0,0,0,11,44,20,15,10,100
HIGHEST_SNR,344017,113.18249207863201,0.7840263878215816,316.4604439713985,11,0,0,0,11,44,20,15,10,100
SHORTEST_PULSE,344017,113.18249207863201,0.7840263878215816,316.4604439713985,11,0,0,0,11,44,20,15,10,100
METROLOGY_CONDITIONED_EIG,344017,113.18249207863201,0.7840263878215816,316.4604439713985,11,0,0,0,11,44,20,15,10,100
NO_PASSIVE,344018,120.94910606056965,1.5025640082616092,445.27923823147125,0,0,0,0,0,44,20,15,10,100
RANDOM,344018,120.94910606056965,1.5025640082616092,445.27923823147125,0,0,0,0,0,44,20,15,10,100
HIGHEST_SNR,344018,120.94910606056965,1.5025640082616092,445.27923823147125,0,0,0,0,0,44,20,15,10,100
SHORTEST_PULSE,344018,120.94910606056965,1.5025640082616092,445.27923823147125,0,0,0,0,0,44,20,15,10,100
METROLOGY_CONDITIONED_EIG,344018,120.94910606056965,1.5025640082616092,445.27923823147125,0,0,0,0,0,44,20,15,10,100
NO_PASSIVE,344019,263.03729808464794,0.7361133774332107,445.27923823147125,0,0,0,0,50,44,20,15,10,100
RANDOM,344019,24.33797424465346,0.9865997716060071,106.00534922883898,32,1,0,0,50,44,20,15,10,100
HIGHEST_SNR,344019,98.76495166715432,0.9538243009032337,130.66674566045333,33,0,0,0,50,44,20,15,10,100
SHORTEST_PULSE,344019,36.375647320367975,0.8331814484002653,102.56752978169847,33,0,0,0,50,44,20,15,10,100
METROLOGY_CONDITIONED_EIG,344019,43.17843483254049,1.5476722857763814,97.36904617320315,33,0,0,0,50,44,20,15,10,100
NO_PASSIVE,344020,456.92470431259886,1.7582531798653043,445.27923823147125,0,0,0,0,0,44,20,15,10,100
RANDOM,344020,456.92470431259886,1.7582531798653043,445.27923823147125,0,0,0,0,0,44,20,15,10,100
HIGHEST_SNR,344020,456.92470431259886,1.7582531798653043,445.27923823147125,0,0,0,0,0,44,20,15,10,100
SHORTEST_PULSE,344020,456.92470431259886,1.7582531798653043,445.27923823147125,0,0,0,0,0,44,20,15,10,100
METROLOGY_CONDITIONED_EIG,344020,456.92470431259886,1.7582531798653043,445.27923823147125,0,0,0,0,0,44,20,15,10,100
NO_PASSIVE,344021,503.46354276799474,3.6938850477011167,445.27923823147125,0,0,0,0,0,44,20,15,10,100
RANDOM,344021,503.46354276799474,3.6938850477011167,445.27923823147125,0,0,0,0,0,44,20,15,10,100
HIGHEST_SNR,344021,503.46354276799474,3.6938850477011167,445.27923823147125,0,0,0,0,0,44,20,15,10,100
SHORTEST_PULSE,344021,503.46354276799474,3.6938850477011167,445.27923823147125,0,0,0,0,0,44,20,15,10,100
METROLOGY_CONDITIONED_EIG,344021,503.46354276799474,3.6938850477011167,445.27923823147125,0,0,0,0,0,44,20,15,10,100
NO_PASSIVE,344022,104.06011439339703,0.4011688718410448,445.27923823147125,0,0,0,0,1,44,20,15,10,100
RANDOM,344022,87.43911107255185,0.36927598825996677,334.8498626760319,1,0,0,0,1,44,20,15,10,100
HIGHEST_SNR,344022,87.43911107255185,0.36927598825996677,334.8498626760319,1,0,0,0,1,44,20,15,10,100
SHORTEST_PULSE,344022,87.43911107255185,0.36927598825996677,334.8498626760319,1,0,0,0,1,44,20,15,10,100
METROLOGY_CONDITIONED_EIG,344022,87.43911107255185,0.36927598825996677,334.8498626760319,1,0,0,0,1,44,20,15,10,100
NO_PASSIVE,344023,300.33656807464865,1.8915056688174772,445.27923823147125,0,0,0,0,0,44,20,15,10,100
RANDOM,344023,300.33656807464865,1.8915056688174772,445.27923823147125,0,0,0,0,0,44,20,15,10,100
HIGHEST_SNR,344023,300.33656807464865,1.8915056688174772,445.27923823147125,0,0,0,0,0,44,20,15,10,100
SHORTEST_PULSE,344023,300.33656807464865,1.8915056688174772,445.27923823147125,0,0,0,0,0,44,20,15,10,100
METROLOGY_CONDITIONED_EIG,344023,300.33656807464865,1.8915056688174772,445.27923823147125,0,0,0,0,0,44,20,15,10,100
NO_PASSIVE,344024,216.33931944586618,3.191212497566805,445.27923823147125,0,0,0,0,45,44,20,15,10,100
RANDOM,344024,88.67090289390906,3.003892853692075,133.39002972755654,25,0,0,0,45,44,20,15,10,100
HIGHEST_SNR,344024,96.14436743966388,3.015731626256135,152.12197301226558,25,0,0,0,45,44,20,15,10,100
SHORTEST_PULSE,344024,87.69452220381868,3.2377502110314555,138.7153087382956,25,0,0,0,45,44,20,15,10,100
METROLOGY_CONDITIONED_EIG,344024,169.86645157256552,3.4273022421952395,127.40513311136543,25,0,0,0,45,44,20,15,10,100
NO_PASSIVE,344025,238.4625278626243,2.1325750355528887,445.27923823147125,0,0,0,0,1,44,20,15,10,100
RANDOM,344025,242.11989501217172,2.134541920172003,353.78340686923735,1,0,0,0,1,44,20,15,10,100
HIGHEST_SNR,344025,242.11989501217172,2.134541920172003,353.78340686923735,1,0,0,0,1,44,20,15,10,100
SHORTEST_PULSE,344025,242.11989501217172,2.134541920172003,353.78340686923735,1,0,0,0,1,44,20,15,10,100
METROLOGY_CONDITIONED_EIG,344025,242.11989501217172,2.134541920172003,353.78340686923735,1,0,0,0,1,44,20,15,10,100
NO_PASSIVE,344026,411.2695858716884,2.450949064233575,445.27923823147125,0,0,0,0,32,44,20,15,10,100
RANDOM,344026,42.96914055594176,2.0571613177127324,70.07792846714666,28,0,0,0,32,44,20,15,10,100
HIGHEST_SNR,344026,40.770616034232624,1.8334213978886351,71.21805166628351,28,0,0,0,32,44,20,15,10,100
SHORTEST_PULSE,344026,39.60997685193153,2.058469472671646,70.07833878129495,28,0,0,0,32,44,20,15,10,100
METROLOGY_CONDITIONED_EIG,344026,39.60997685193153,2.058469472671646,70.07833878129495,28,0,0,0,32,44,20,15,10,100
NO_PASSIVE,344027,445.9053859304268,2.141775583222455,445.27923823147125,0,0,0,0,21,44,20,15,10,100
RANDOM,344027,65.49579667893505,1.2766802340176533,299.88503330018835,21,0,0,0,21,44,20,15,10,100
HIGHEST_SNR,344027,65.49579667893505,1.2766802340176533,299.88503330018835,21,0,0,0,21,44,20,15,10,100
SHORTEST_PULSE,344027,65.49579667893505,1.2766802340176533,299.88503330018835,21,0,0,0,21,44,20,15,10,100
METROLOGY_CONDITIONED_EIG,344027,65.49579667893505,1.2766802340176533,299.88503330018835,21,0,0,0,21,44,20,15,10,100
NO_PASSIVE,344028,123.60590519754011,1.3712071675514381,445.27923823147125,0,0,0,0,7,44,20,15,10,100
RANDOM,344028,69.93746417487652,1.951699009379793,317.20398860917413,7,0,0,0,7,44,20,15,10,100
HIGHEST_SNR,344028,69.93746417487652,1.951699009379793,317.20398860917413,7,0,0,0,7,44,20,15,10,100
SHORTEST_PULSE,344028,69.93746417487652,1.951699009379793,317.20398860917413,7,0,0,0,7,44,20,15,10,100
METROLOGY_CONDITIONED_EIG,344028,69.93746417487652,1.951699009379793,317.20398860917413,7,0,0,0,7,44,20,15,10,100
NO_PASSIVE,344029,760.3699315864704,1.274150833096444,445.27923823147125,0,0,0,0,1,44,20,15,10,100
RANDOM,344029,633.9505981404545,1.3495327968109894,328.96754264967745,1,0,0,0,1,44,20,15,10,100
HIGHEST_SNR,344029,633.9505981404545,1.3495327968109894,328.96754264967745,1,0,0,0,1,44,20,15,10,100
SHORTEST_PULSE,344029,633.9505981404545,1.3495327968109894,328.96754264967745,1,0,0,0,1,44,20,15,10,100
METROLOGY_CONDITIONED_EIG,344029,633.9505981404545,1.3495327968109894,328.96754264967745,1,0,0,0,1,44,20,15,10,100
NO_PASSIVE,345000,213.42643603375234,1.996894547689382,445.27923823147125,0,0,0,0,30,45,20,15,100,30
RANDOM,345000,2.9700484334500676,0.6210822610583873,27.489297955556655,30,0,0,0,30,45,20,15,100,30
HIGHEST_SNR,345000,2.9700484334500676,0.6210822610583873,27.489297955556655,30,0,0,0,30,45,20,15,100,30
SHORTEST_PULSE,345000,2.9700484334500676,0.6210822610583873,27.489297955556655,30,0,0,0,30,45,20,15,100,30
METROLOGY_CONDITIONED_EIG,345000,2.9700484334500676,0.6210822610583873,27.489297955556655,30,0,0,0,30,45,20,15,100,30
NO_PASSIVE,345001,539.9346328988443,1.4830431834024584,445.27923823147125,0,0,0,0,86,45,20,15,100,30
RANDOM,345001,23.14663916551145,0.35500729620434723,21.955279842657703,51,0,0,0,86,45,20,15,100,30
HIGHEST_SNR,345001,16.645338235668415,0.12163956863070786,23.901566391694647,51,0,0,0,86,45,20,15,100,30
SHORTEST_PULSE,345001,23.88612632140601,0.32271724701564714,21.203112870467155,51,0,0,0,86,45,20,15,100,30
METROLOGY_CONDITIONED_EIG,345001,27.642217683842993,0.680054638620491,21.445478034348575,51,0,0,0,86,45,20,15,100,30
NO_PASSIVE,345002,204.38611202559974,1.9602954613128598,445.27923823147125,0,0,0,0,29,45,20,15,100,30
RANDOM,345002,45.165598296282184,1.4359407345172468,72.192381510247,25,0,0,0,29,45,20,15,100,30
HIGHEST_SNR,345002,27.05426651098627,1.062079307039975,85.89928388003882,25,0,0,0,29,45,20,15,100,30
SHORTEST_PULSE,345002,52.563507019898346,1.7256312287202036,70.29332514775439,25,0,0,0,29,45,20,15,100,30
METROLOGY_CONDITIONED_EIG,345002,48.522374307515754,1.4507299100604278,70.29933901773353,25,0,0,0,29,45,20,15,100,30
NO_PASSIVE,345003,280.4063008544339,2.9715138179045333,445.27923823147125,0,0,0,0,70,45,20,15,100,30
RANDOM,345003,18.50625293796363,0.1428203824089881,31.24898488826664,36,1,0,0,70,45,20,15,100,30
HIGHEST_SNR,345003,25.72444699395425,0.5694858008994677,33.102410045710506,37,0,0,0,70,45,20,15,100,30
SHORTEST_PULSE,345003,16.056718295533724,0.1854459442138673,33.172584501654846,37,0,0,0,70,45,20,15,100,30
METROLOGY_CONDITIONED_EIG,345003,8.717411793772323,0.14272061302846423,29.45593884418965,36,1,0,0,70,45,20,15,100,30
NO_PASSIVE,345004,729.7503954354464,3.5242816403397765,445.27923823147125,0,0,0,0,126,45,20,15,100,30
RANDOM,345004,5.566130598826254,0.3735001488355913,31.679689475248807,42,3,0,0,126,45,20,15,100,30
HIGHEST_SNR,345004,41.81773899434704,0.658225333578001,43.415428524583525,45,0,0,0,126,45,20,15,100,30
SHORTEST_PULSE,345004,7.305576538035364,0.6665663790105975,20.635358903032806,43,2,0,0,126,45,20,15,100,30
METROLOGY_CONDITIONED_EIG,345004,2.56157310361535,0.47376826577659814,20.417041352370248,44,1,0,0,126,45,20,15,100,30
NO_PASSIVE,345005,193.94123570687984,1.5011093270560514,445.27923823147125,0,0,0,0,50,45,20,15,100,30
RANDOM,345005,17.452383800520497,0.3819856206854596,35.25415819311819,28,0,0,0,50,45,20,15,100,30
HIGHEST_SNR,345005,71.18765411808704,0.7838122184308414,50.115445081518345,28,0,0,0,50,45,20,15,100,30
SHORTEST_PULSE,345005,41.24059650231696,0.5466946369109741,34.10011846242046,28,0,0,0,50,45,20,15,100,30
METROLOGY_CONDITIONED_EIG,345005,34.118569700106406,0.41768540940912646,34.02159236817261,28,0,0,0,50,45,20,15,100,30
NO_PASSIVE,345006,451.5582367286172,0.29638870924881766,445.27923823147125,0,0,0,0,60,45,20,15,100,30
RANDOM,345006,8.695136255844421,0.33142689529107217,22.436227499613445,43,0,0,0,60,45,20,15,100,30
HIGHEST_SNR,345006,12.474324668264204,0.177689683796611,23.153457129603378,42,1,0,0,60,45,20,15,100,30
SHORTEST_PULSE,345006,11.742628302978936,0.2463412780136184,19.966775168487732,43,0,0,0,60,45,20,15,100,30
METROLOGY_CONDITIONED_EIG,345006,15.38614531356564,0.2039172244808475,19.316265905635067,43,0,0,0,60,45,20,15,100,30
NO_PASSIVE,345007,18.858008981160804,1.130542917578994,445.27923823147125,0,0,0,0,41,45,20,15,100,30
RANDOM,345007,28.637070833471615,0.5013131160617943,33.90561292606338,37,1,0,0,41,45,20,15,100,30
HIGHEST_SNR,345007,8.10231207729662,0.6714537524391266,36.08967582126085,37,1,0,0,41,45,20,15,100,30
SHORTEST_PULSE,345007,9.656394613937005,0.47729441522045607,31.551391553414238,37,1,0,0,41,45,20,15,100,30
METROLOGY_CONDITIONED_EIG,345007,9.656394613937005,0.47729441522045607,31.551391553414238,37,1,0,0,41,45,20,15,100,30
NO_PASSIVE,345008,1040.0351546195416,0.7304577327235923,445.27923823147125,0,0,0,0,80,45,20,15,100,30
RANDOM,345008,1023.1429743598342,1.0967995872967047,301.32096679898416,19,30,0,0,80,45,20,15,100,30
HIGHEST_SNR,345008,25.49257114125164,1.5898453746448908,27.892326984287426,49,0,0,0,80,45,20,15,100,30
SHORTEST_PULSE,345008,1010.5539955747536,1.340157383966734,300.21609650635395,24,25,0,0,80,45,20,15,100,30
METROLOGY_CONDITIONED_EIG,345008,1024.3239055753747,1.1149105064097335,301.71737083112015,14,35,0,0,80,45,20,15,100,30
NO_PASSIVE,345009,333.5830411934606,1.862026797310396,445.27923823147125,0,0,0,0,141,45,20,15,100,30
RANDOM,345009,9.738170951215771,0.0880292264764509,20.77917722389715,59,0,0,0,141,45,20,15,100,30
HIGHEST_SNR,345009,26.822378125428592,0.772669862403526,25.16984322961493,59,0,0,0,141,45,20,15,100,30
SHORTEST_PULSE,345009,8.313765244556743,0.4609520186612587,18.420962123323175,59,0,0,0,141,45,20,15,100,30
METROLOGY_CONDITIONED_EIG,345009,3.5127762773660236,0.40621196232244866,18.824942834139197,59,0,0,0,141,45,20,15,100,30
NO_PASSIVE,345010,394.11862447746404,2.1248722606904566,445.27923823147125,0,0,0,0,22,45,20,15,100,30
RANDOM,345010,15.649867262727147,1.4218370284005135,67.42465815908321,17,0,0,0,22,45,20,15,100,30
HIGHEST_SNR,345010,74.61620201589172,1.5490127006383172,65.9682377936844,17,0,0,0,22,45,20,15,100,30
SHORTEST_PULSE,345010,25.44267136049374,1.2450109371818445,66.97391218325153,17,0,0,0,22,45,20,15,100,30
METROLOGY_CONDITIONED_EIG,345010,66.29284861272673,0.8426846812745238,64.09701196278115,17,0,0,0,22,45,20,15,100,30
NO_PASSIVE,345011,184.51586631047894,1.8841570441257753,445.27923823147125,0,0,0,0,68,45,20,15,100,30
RANDOM,345011,2.7824539031372546,0.3283191651777664,34.277132848825616,41,0,0,0,68,45,20,15,100,30
HIGHEST_SNR,345011,5.83878142021277,0.6391845814887563,36.409005974114656,41,0,0,0,68,45,20,15,100,30
SHORTEST_PULSE,345011,11.410616268867908,0.36671924459230426,33.870763995704834,41,0,0,0,68,45,20,15,100,30
METROLOGY_CONDITIONED_EIG,345011,11.393800250495616,0.46466930820456775,33.3812227472406,41,0,0,0,68,45,20,15,100,30
NO_PASSIVE,345012,172.9576037641341,1.0377169209671393,445.27923823147125,0,0,0,0,30,45,20,15,100,30
RANDOM,345012,13.841927797867566,0.5195096659563908,39.93195624198178,24,0,0,0,30,45,20,15,100,30
HIGHEST_SNR,345012,7.531411811999111,0.20470275628089935,38.16416934819246,24,0,0,0,30,45,20,15,100,30
SHORTEST_PULSE,345012,19.51614084440667,0.4378591106674568,40.06705411684956,24,0,0,0,30,45,20,15,100,30
METROLOGY_CONDITIONED_EIG,345012,9.548755979249158,0.31982113420459946,37.96158479242914,24,0,0,0,30,45,20,15,100,30
NO_PASSIVE,345013,69.27738804806053,1.0268891121061814,445.27923823147125,0,0,0,0,89,45,20,15,100,30
RANDOM,345013,21.781422556872446,0.2337742966830194,28.485732421922407,48,1,0,0,89,45,20,15,100,30
HIGHEST_SNR,345013,15.502280351104703,0.42250696996878667,27.126114096596144,49,0,0,0,89,45,20,15,100,30
SHORTEST_PULSE,345013,25.42357871507452,0.45583203685923585,24.79189566036979,49,0,0,0,89,45,20,15,100,30
METROLOGY_CONDITIONED_EIG,345013,20.494408745555933,0.2630014445423348,24.440414755148574,49,0,0,0,89,45,20,15,100,30
NO_PASSIVE,345014,141.42005874366592,2.7999214810321855,445.27923823147125,0,0,0,0,97,45,20,15,100,30
RANDOM,345014,13.259610776314325,0.27605833437486815,39.41136967897949,39,0,0,0,97,45,20,15,100,30
HIGHEST_SNR,345014,35.754948660940386,1.1462979753457063,36.1687949898495,38,1,0,0,97,45,20,15,100,30
SHORTEST_PULSE,345014,25.744594617646985,0.7553642188807714,33.43191601826467,39,0,0,0,97,45,20,15,100,30
METROLOGY_CONDITIONED_EIG,345014,24.634777993762153,0.8606697125179125,31.235922220505103,39,0,0,0,97,45,20,15,100,30
NO_PASSIVE,345015,350.3891481934092,2.6010025472919764,445.27923823147125,0,0,0,0,81,45,20,15,100,30
RANDOM,345015,21.216956073967467,3.053236793207276,31.10034954588693,41,7,0,0,81,45,20,15,100,30
HIGHEST_SNR,345015,372.26859396383793,1.855099548738009,135.99735329981732,46,2,0,0,81,45,20,15,100,30
SHORTEST_PULSE,345015,12.902945620179834,0.3753892408245375,23.74654813273906,47,1,0,0,81,45,20,15,100,30
METROLOGY_CONDITIONED_EIG,345015,14.518971708720123,0.1993352367078881,24.184060420389525,47,1,0,0,81,45,20,15,100,30
NO_PASSIVE,345016,617.4918073833458,2.2564498544892184,445.27923823147125,0,0,0,0,44,45,20,15,100,30
RANDOM,345016,64.95440184427108,1.5152103800364798,27.55968302885976,37,0,0,0,44,45,20,15,100,30
HIGHEST_SNR,345016,59.50599784407194,1.4624265924749924,26.94321587781461,37,0,0,0,44,45,20,15,100,30
SHORTEST_PULSE,345016,64.24705614829304,1.5582960966553192,26.74412657179506,37,0,0,0,44,45,20,15,100,30
METROLOGY_CONDITIONED_EIG,345016,59.578423704028914,1.5789759576092406,26.82025976389441,37,0,0,0,44,45,20,15,100,30
NO_PASSIVE,345017,509.9851683926706,0.4142198368232164,445.27923823147125,0,0,0,0,32,45,20,15,100,30
RANDOM,345017,97.994195465124,1.4997578671627696,43.36855439790864,25,0,0,0,32,45,20,15,100,30
HIGHEST_SNR,345017,55.77622717240007,0.18793573480241077,45.8980791373492,24,1,0,0,32,45,20,15,100,30
SHORTEST_PULSE,345017,8.288413501407703,0.2859202748072529,40.34437265442821,25,0,0,0,32,45,20,15,100,30
METROLOGY_CONDITIONED_EIG,345017,36.2643708627032,0.37168345159660593,39.027837219630875,25,0,0,0,32,45,20,15,100,30
NO_PASSIVE,345018,50.37523415371682,3.047756850378224,445.27923823147125,0,0,0,0,17,45,20,15,100,30
RANDOM,345018,12.240493198365556,0.7851718026637389,36.896074394955654,15,0,0,0,17,45,20,15,100,30
HIGHEST_SNR,345018,12.240493198365556,0.7851718026637389,36.896074394955654,15,0,0,0,17,45,20,15,100,30
SHORTEST_PULSE,345018,20.115892658252537,0.793389992868429,37.157995079631924,15,0,0,0,17,45,20,15,100,30
METROLOGY_CONDITIONED_EIG,345018,20.115892658252537,0.793389992868429,37.157995079631924,15,0,0,0,17,45,20,15,100,30
NO_PASSIVE,345019,1049.1104518617315,1.107353828910384,445.27923823147125,0,0,0,0,44,45,20,15,100,30
RANDOM,345019,28.75040434739085,0.37304480697893544,41.84654379336736,33,1,0,0,44,45,20,15,100,30
HIGHEST_SNR,345019,46.8530317789944,0.9638057319829775,42.423406750225325,33,1,0,0,44,45,20,15,100,30
SHORTEST_PULSE,345019,46.8530317789944,0.9638057319829775,42.423406750225325,33,1,0,0,44,45,20,15,100,30
METROLOGY_CONDITIONED_EIG,345019,12.480682975313018,0.450557797633667,40.713483252202934,34,0,0,0,44,45,20,15,100,30
NO_PASSIVE,345020,139.62888965347247,2.082708759764431,445.27923823147125,0,0,0,0,20,45,20,15,100,30
RANDOM,345020,38.224950927401466,0.8388762473415416,39.15334721789916,15,0,0,0,20,45,20,15,100,30
HIGHEST_SNR,345020,40.89173998261807,1.1363767741276218,38.94834865846786,15,0,0,0,20,45,20,15,100,30
SHORTEST_PULSE,345020,53.20282484409471,1.0207949735610895,39.0398536989656,15,0,0,0,20,45,20,15,100,30
METROLOGY_CONDITIONED_EIG,345020,40.89173998261807,1.1363767741276218,38.94834865846786,15,0,0,0,20,45,20,15,100,30
NO_PASSIVE,345021,275.7415444642928,2.1021633755158287,445.27923823147125,0,0,0,0,42,45,20,15,100,30
RANDOM,345021,38.408801636692985,1.0648368527486776,35.73926134854155,35,1,0,0,42,45,20,15,100,30
HIGHEST_SNR,345021,31.87375303514792,1.3025980569198292,35.82940763268379,35,1,0,0,42,45,20,15,100,30
SHORTEST_PULSE,345021,32.68429085542399,1.043581033909126,35.030562586798375,35,1,0,0,42,45,20,15,100,30
METROLOGY_CONDITIONED_EIG,345021,27.028415190031286,0.8547127430320662,34.19667682500657,35,1,0,0,42,45,20,15,100,30
NO_PASSIVE,345022,355.2979521922008,1.9667648287768538,445.27923823147125,0,0,0,0,35,45,20,15,100,30
RANDOM,345022,24.611659631187333,0.6877122644195873,64.10871251802656,34,0,0,0,35,45,20,15,100,30
HIGHEST_SNR,345022,24.611659631187333,0.6877122644195873,64.10871251802656,34,0,0,0,35,45,20,15,100,30
SHORTEST_PULSE,345022,24.611659631187333,0.6877122644195873,64.10871251802656,34,0,0,0,35,45,20,15,100,30
METROLOGY_CONDITIONED_EIG,345022,24.90979204543483,0.6649396416613472,63.63681210036382,34,0,0,0,35,45,20,15,100,30
NO_PASSIVE,345023,491.8457672913787,1.807568850348825,445.27923823147125,0,0,0,0,88,45,20,15,100,30
RANDOM,345023,44.6699705683858,0.705338195687705,30.114474650532895,46,0,0,0,88,45,20,15,100,30
HIGHEST_SNR,345023,34.36347558576094,0.6481985927361624,30.41446710463952,46,0,0,0,88,45,20,15,100,30
SHORTEST_PULSE,345023,29.811575035750295,0.566052678028035,21.567084999502807,46,0,0,0,88,45,20,15,100,30
METROLOGY_CONDITIONED_EIG,345023,23.11369083159778,0.5686909699079805,21.424603361298033,46,0,0,0,88,45,20,15,100,30
NO_PASSIVE,345024,517.0162239308185,2.4409175060296864,445.27923823147125,0,0,0,0,26,45,20,15,100,30
RANDOM,345024,34.32872351451643,1.5743721007229685,70.64147388391676,23,0,0,0,26,45,20,15,100,30
HIGHEST_SNR,345024,34.32872351451643,1.5743721007229685,70.64147388391676,23,0,0,0,26,45,20,15,100,30
SHORTEST_PULSE,345024,34.32872351451643,1.5743721007229685,70.64147388391676,23,0,0,0,26,45,20,15,100,30
METROLOGY_CONDITIONED_EIG,345024,52.375760541879345,1.6652944817552668,63.47168626550503,23,0,0,0,26,45,20,15,100,30
NO_PASSIVE,345025,265.18725565588545,2.3859386484617917,445.27923823147125,0,0,0,0,31,45,20,15,100,30
RANDOM,345025,54.70340869270602,1.8462321128471357,43.25666230574788,28,0,0,0,31,45,20,15,100,30
HIGHEST_SNR,345025,40.299869689381474,1.207787519680439,41.147706230785154,28,0,0,0,31,45,20,15,100,30
SHORTEST_PULSE,345025,56.099588728936205,2.0789128730038744,43.586227233423834,28,0,0,0,31,45,20,15,100,30
METROLOGY_CONDITIONED_EIG,345025,40.299869689381474,1.207787519680439,41.147706230785154,28,0,0,0,31,45,20,15,100,30
NO_PASSIVE,345026,63.90150810989847,0.46371028636663114,445.27923823147125,0,0,0,0,32,45,20,15,100,30
RANDOM,345026,14.555573124214826,0.804055330630644,56.502990068783916,29,0,0,0,32,45,20,15,100,30
HIGHEST_SNR,345026,14.034631413388002,0.7613090308732421,72.61589924436687,29,0,0,0,32,45,20,15,100,30
SHORTEST_PULSE,345026,14.555573124214826,0.804055330630644,56.502990068783916,29,0,0,0,32,45,20,15,100,30
METROLOGY_CONDITIONED_EIG,345026,23.1428718577296,1.081031763033828,46.94406259200101,29,0,0,0,32,45,20,15,100,30
NO_PASSIVE,345027,137.29959902803353,1.3491171948101117,445.27923823147125,0,0,0,0,56,45,20,15,100,30
RANDOM,345027,11.720849819666332,0.4136829122208962,35.42574140721761,38,0,0,0,56,45,20,15,100,30
HIGHEST_SNR,345027,50.829466992848545,1.1911264695386803,41.831593761806374,38,0,0,0,56,45,20,15,100,30
SHORTEST_PULSE,345027,19.480748653594198,0.4726865567697175,31.92863169353985,38,0,0,0,56,45,20,15,100,30
METROLOGY_CONDITIONED_EIG,345027,18.557216087003873,0.4478199246783434,32.02337881797021,38,0,0,0,56,45,20,15,100,30
NO_PASSIVE,345028,255.49797421613533,2.839252075521432,445.27923823147125,0,0,0,0,69,45,20,15,100,30
RANDOM,345028,33.64041760197733,0.5591658470127642,22.91675293259588,50,0,0,0,69,45,20,15,100,30
HIGHEST_SNR,345028,22.13747221926606,0.5273120080502249,24.843664476554373,50,0,0,0,69,45,20,15,100,30
SHORTEST_PULSE,345028,18.5339171568302,0.2950862885639369,21.151054545682104,50,0,0,0,69,45,20,15,100,30
METROLOGY_CONDITIONED_EIG,345028,18.53713370534471,0.4319887073764195,21.143730516898888,50,0,0,0,69,45,20,15,100,30
NO_PASSIVE,345029,724.0466221323306,2.3714532558866064,445.27923823147125,0,0,0,0,28,45,20,15,100,30
RANDOM,345029,573.6913149978018,1.9865165878653828,236.40578747472415,24,2,0,0,28,45,20,15,100,30
HIGHEST_SNR,345029,573.6913149978018,1.9865165878653828,236.40578747472415,24,2,0,0,28,45,20,15,100,30
SHORTEST_PULSE,345029,569.2247869391593,2.078584697261117,236.6051825669107,22,4,0,0,28,45,20,15,100,30
METROLOGY_CONDITIONED_EIG,345029,569.2247869391593,2.078584697261117,236.6051825669107,22,4,0,0,28,45,20,15,100,30
NO_PASSIVE,346000,135.35089536760574,2.5373742186101302,445.27923823147125,0,0,0,0,138,46,20,15,100,100
RANDOM,346000,23.81697884966032,0.8054698980627301,31.96682333793411,53,0,0,0,138,46,20,15,100,100
HIGHEST_SNR,346000,46.47138578753315,1.5229229501006736,37.16777329810705,53,0,0,0,138,46,20,15,100,100
SHORTEST_PULSE,346000,32.25971356823608,0.897126308123172,29.820768741406862,53,0,0,0,138,46,20,15,100,100
METROLOGY_CONDITIONED_EIG,346000,30.78019859246646,0.536149534746848,29.081828116825786,53,0,0,0,138,46,20,15,100,100
NO_PASSIVE,346001,393.2778765513365,2.7372168422553993,445.27923823147125,0,0,0,0,84,46,20,15,100,100
RANDOM,346001,58.72616899355149,1.020845338417323,52.4287928352193,52,1,0,0,84,46,20,15,100,100
HIGHEST_SNR,346001,28.12874648364788,0.955800611800986,56.085309900524535,51,2,0,0,84,46,20,15,100,100
SHORTEST_PULSE,346001,54.62866590032779,0.8751498696292206,53.7340296187178,51,2,0,0,84,46,20,15,100,100
METROLOGY_CONDITIONED_EIG,346001,7.90200261878008,0.6613243461996293,48.77105195177478,53,0,0,0,84,46,20,15,100,100
NO_PASSIVE,346002,296.9771647454031,1.0816465330427298,445.27923823147125,0,0,0,0,45,46,20,15,100,100
RANDOM,346002,49.49384495164025,0.6317276519738672,61.37043582799715,40,0,0,0,45,46,20,15,100,100
HIGHEST_SNR,346002,58.665035041353796,0.5340717629625475,60.77172715503495,40,0,0,0,45,46,20,15,100,100
SHORTEST_PULSE,346002,54.54388801309788,0.38116976991097945,60.994321061380724,40,0,0,0,45,46,20,15,100,100
METROLOGY_CONDITIONED_EIG,346002,56.77362332743047,0.4893898031936948,60.85026501162703,40,0,0,0,45,46,20,15,100,100
NO_PASSIVE,346003,185.8003879813873,2.21194280070016,445.27923823147125,0,0,0,0,34,46,20,15,100,100
RANDOM,346003,23.184849970120528,1.5508519755317445,41.249231969165514,29,1,0,0,34,46,20,15,100,100
HIGHEST_SNR,346003,62.13949050582556,1.588615692939583,45.984077272267704,30,0,0,0,34,46,20,15,100,100
SHORTEST_PULSE,346003,47.13225385984939,2.001695391522538,40.94096331600136,28,2,0,0,34,46,20,15,100,100
METROLOGY_CONDITIONED_EIG,346003,17.31491079224294,1.6374016231128183,41.48348180756856,27,3,0,0,34,46,20,15,100,100
NO_PASSIVE,346004,299.0637703724057,0.7048175169012287,445.27923823147125,0,0,0,0,17,46,20,15,100,100
RANDOM,346004,43.269734050652815,0.4946057544791096,90.24263881781117,16,0,0,0,17,46,20,15,100,100
HIGHEST_SNR,346004,43.269734050652815,0.4946057544791096,90.24263881781117,16,0,0,0,17,46,20,15,100,100
SHORTEST_PULSE,346004,43.269734050652815,0.4946057544791096,90.24263881781117,16,0,0,0,17,46,20,15,100,100
METROLOGY_CONDITIONED_EIG,346004,22.500408415010718,0.5124705120252343,84.16229206479463,16,0,0,0,17,46,20,15,100,100
NO_PASSIVE,346005,622.8432009174629,1.2974201861482575,445.27923823147125,0,0,0,0,89,46,20,15,100,100
RANDOM,346005,18.740140519929653,0.6026096072881136,36.917155813504664,51,0,0,0,89,46,20,15,100,100
HIGHEST_SNR,346005,7.340343166035275,0.4432952445166712,39.101395937759634,51,0,0,0,89,46,20,15,100,100
SHORTEST_PULSE,346005,21.16153451360675,0.5181554760261284,36.75814233768842,51,0,0,0,89,46,20,15,100,100
METROLOGY_CONDITIONED_EIG,346005,16.614087838855312,0.27327347057393836,33.29120624939872,50,1,0,0,89,46,20,15,100,100
NO_PASSIVE,346006,362.2122632136727,1.4603219677095498,445.27923823147125,0,0,0,0,46,46,20,15,100,100
RANDOM,346006,46.49532625434996,1.4610976052483462,38.02882613509292,35,0,0,0,46,46,20,15,100,100
HIGHEST_SNR,346006,34.2463223237588,1.1573256189376797,43.67753810713149,35,0,0,0,46,46,20,15,100,100
SHORTEST_PULSE,346006,60.55576081939467,1.7031397140042528,36.059881305898415,35,0,0,0,46,46,20,15,100,100
METROLOGY_CONDITIONED_EIG,346006,58.87403636195692,1.4117310059101102,35.98218641820452,35,0,0,0,46,46,20,15,100,100
NO_PASSIVE,346007,513.0306061481436,0.7318003904466212,445.27923823147125,0,0,0,0,57,46,20,15,100,100
RANDOM,346007,38.376644305202795,0.8146153740718354,58.52224209195521,44,0,0,0,57,46,20,15,100,100
HIGHEST_SNR,346007,64.39548410840798,0.9666236387835068,62.06029933198984,44,0,0,0,57,46,20,15,100,100
SHORTEST_PULSE,346007,59.33830859235897,0.4188044646871749,61.64092784331473,44,0,0,0,57,46,20,15,100,100
METROLOGY_CONDITIONED_EIG,346007,49.240659578896285,0.6874153360572453,57.218884317125905,44,0,0,0,57,46,20,15,100,100
NO_PASSIVE,346008,405.1037182509331,1.1947639576856244,445.27923823147125,0,0,0,0,140,46,20,15,100,100
RANDOM,346008,35.09315217839396,0.891314889959559,33.71800055437307,58,0,0,0,140,46,20,15,100,100
HIGHEST_SNR,346008,92.90044982808985,0.5489856246321303,47.85088725863818,57,1,0,0,140,46,20,15,100,100
SHORTEST_PULSE,346008,24.828400936861154,0.24238549914066246,35.06223407494054,58,0,0,0,140,46,20,15,100,100
METROLOGY_CONDITIONED_EIG,346008,18.589132244369004,0.6028554814393211,32.823638154058365,58,0,0,0,140,46,20,15,100,100
NO_PASSIVE,346009,308.45800149385553,1.6032189048531527,445.27923823147125,0,0,0,0,75,46,20,15,100,100
RANDOM,346009,17.092790088944316,0.608013872353401,29.31200474765176,42,0,0,0,75,46,20,15,100,100
HIGHEST_SNR,346009,11.36351786108922,0.4374503886652379,29.406823645855276,42,0,0,0,75,46,20,15,100,100
SHORTEST_PULSE,346009,43.21579253398636,1.7365811110927016,28.88378883601099,42,0,0,0,75,46,20,15,100,100
METROLOGY_CONDITIONED_EIG,346009,17.419010700651143,0.6989497892384694,26.87750365482156,42,0,0,0,75,46,20,15,100,100
NO_PASSIVE,346010,403.64737237908804,1.1194174544597368,445.27923823147125,0,0,0,0,16,46,20,15,100,100
RANDOM,346010,15.565653275023728,1.5651966285888792,151.15804230798315,15,1,0,0,16,46,20,15,100,100
HIGHEST_SNR,346010,15.565653275023728,1.5651966285888792,151.15804230798315,15,1,0,0,16,46,20,15,100,100
SHORTEST_PULSE,346010,15.565653275023728,1.5651966285888792,151.15804230798315,15,1,0,0,16,46,20,15,100,100
METROLOGY_CONDITIONED_EIG,346010,15.565653275023728,1.5651966285888792,151.15804230798315,15,1,0,0,16,46,20,15,100,100
NO_PASSIVE,346011,111.97970541984847,1.7580223910068462,445.27923823147125,0,0,0,0,75,46,20,15,100,100
RANDOM,346011,12.406205593811158,1.1290014002989712,52.63321620080301,51,1,0,0,75,46,20,15,100,100
HIGHEST_SNR,346011,27.100443275820385,1.8648003154337112,65.83642400673996,51,1,0,0,75,46,20,15,100,100
SHORTEST_PULSE,346011,14.386338266776164,0.9729323547440214,48.684969031775765,51,1,0,0,75,46,20,15,100,100
METROLOGY_CONDITIONED_EIG,346011,37.850236592385706,1.8114452002388683,50.5929936501903,51,1,0,0,75,46,20,15,100,100
NO_PASSIVE,346012,868.3628270625611,1.7273273139874543,445.27923823147125,0,0,0,0,50,46,20,15,100,100
RANDOM,346012,48.485390687194666,1.2902458794903562,46.76227932710847,38,0,0,0,50,46,20,15,100,100
HIGHEST_SNR,346012,60.88330261593114,1.1551707430604483,47.660180444802364,38,0,0,0,50,46,20,15,100,100
SHORTEST_PULSE,346012,47.84853978927922,1.0024996909110788,46.41248770707803,38,0,0,0,50,46,20,15,100,100
METROLOGY_CONDITIONED_EIG,346012,46.19966680353466,0.9946447312120978,46.50543765333329,38,0,0,0,50,46,20,15,100,100
NO_PASSIVE,346013,531.8974005171829,2.045071088992652,445.27923823147125,0,0,0,0,8,46,20,15,100,100
RANDOM,346013,35.90357101858227,1.6050816994105879,82.77444360768034,8,0,0,0,8,46,20,15,100,100
HIGHEST_SNR,346013,35.90357101858227,1.6050816994105879,82.77444360768034,8,0,0,0,8,46,20,15,100,100
SHORTEST_PULSE,346013,35.90357101858227,1.6050816994105879,82.77444360768034,8,0,0,0,8,46,20,15,100,100
METROLOGY_CONDITIONED_EIG,346013,35.90357101858227,1.6050816994105879,82.77444360768034,8,0,0,0,8,46,20,15,100,100
NO_PASSIVE,346014,615.9304572435591,0.6127095050520769,445.27923823147125,0,0,0,0,36,46,20,15,100,100
RANDOM,346014,113.45466131451971,1.0411941933665054,73.79617703198643,34,0,0,0,36,46,20,15,100,100
HIGHEST_SNR,346014,118.50874250148465,0.9768990390030298,83.82840032996052,34,0,0,0,36,46,20,15,100,100
SHORTEST_PULSE,346014,118.50874250148465,0.9768990390030298,83.82840032996052,34,0,0,0,36,46,20,15,100,100
METROLOGY_CONDITIONED_EIG,346014,113.45466131451971,1.0411941933665054,73.79617703198643,34,0,0,0,36,46,20,15,100,100
NO_PASSIVE,346015,417.7455330700428,2.0834943428216084,445.27923823147125,0,0,0,0,73,46,20,15,100,100
RANDOM,346015,43.52800954781653,0.81597830877112,48.495974057613346,47,0,0,0,73,46,20,15,100,100
HIGHEST_SNR,346015,56.6672986967732,0.8369700921022311,57.11639949382642,47,0,0,0,73,46,20,15,100,100
SHORTEST_PULSE,346015,37.567429387332105,1.0274925827387866,41.87517798842628,47,0,0,0,73,46,20,15,100,100
METROLOGY_CONDITIONED_EIG,346015,36.48175111113593,0.3373961449467708,41.57816998024945,47,0,0,0,73,46,20,15,100,100
NO_PASSIVE,346016,230.39631254977428,2.983991125867047,445.27923823147125,0,0,0,0,81,46,20,15,100,100
RANDOM,346016,70.36658238261737,1.4368127717169588,38.52951620453479,58,0,0,0,81,46,20,15,100,100
HIGHEST_SNR,346016,64.32941352487695,1.5808356465573845,51.84859512671074,58,0,0,0,81,46,20,15,100,100
SHORTEST_PULSE,346016,75.14097049902524,1.798855331061531,38.4415865478769,57,1,0,0,81,46,20,15,100,100
METROLOGY_CONDITIONED_EIG,346016,63.23022530805722,1.457868485206175,37.988726458092046,57,1,0,0,81,46,20,15,100,100
NO_PASSIVE,346017,651.2754669374107,1.650842231125569,445.27923823147125,0,0,0,0,27,46,20,15,100,100
RANDOM,346017,121.4623987322785,1.4374833328419192,170.9667675909749,24,0,0,0,27,46,20,15,100,100
HIGHEST_SNR,346017,425.9627678653092,1.722055422299053,312.8654177015333,24,0,0,0,27,46,20,15,100,100
SHORTEST_PULSE,346017,174.55401695042835,1.543075560986974,147.87402142586845,24,0,0,0,27,46,20,15,100,100
METROLOGY_CONDITIONED_EIG,346017,174.55401695042835,1.543075560986974,147.87402142586845,24,0,0,0,27,46,20,15,100,100
NO_PASSIVE,346018,187.96852106830332,1.9754562714593333,445.27923823147125,0,0,0,0,66,46,20,15,100,100
RANDOM,346018,54.137021558542756,1.930405752688578,37.290669245915446,47,1,0,0,66,46,20,15,100,100
HIGHEST_SNR,346018,40.97253741937863,1.1310146893653024,48.2627600086173,48,0,0,0,66,46,20,15,100,100
SHORTEST_PULSE,346018,39.16002175274594,1.6143057716636289,34.16799078106458,48,0,0,0,66,46,20,15,100,100
METROLOGY_CONDITIONED_EIG,346018,43.64288820734064,1.8312329664709592,33.76415510224216,48,0,0,0,66,46,20,15,100,100
NO_PASSIVE,346019,82.77999352247463,3.809299913652106,445.27923823147125,0,0,0,0,48,46,20,15,100,100
RANDOM,346019,105.31969629287642,2.0015719475411182,69.59062821388872,38,0,0,0,48,46,20,15,100,100
HIGHEST_SNR,346019,94.30394960269014,1.9236023273280554,74.99742491226763,38,0,0,0,48,46,20,15,100,100
SHORTEST_PULSE,346019,95.70460413146786,2.22300948942006,72.25719609680462,38,0,0,0,48,46,20,15,100,100
METROLOGY_CONDITIONED_EIG,346019,91.99262799216037,2.1724982075382036,68.72363732798298,38,0,0,0,48,46,20,15,100,100
NO_PASSIVE,346020,153.37782473735783,1.3734531980506104,445.27923823147125,0,0,0,0,86,46,20,15,100,100
RANDOM,346020,17.733424771382936,0.5125940786158636,41.46025295756443,50,0,0,0,86,46,20,15,100,100
HIGHEST_SNR,346020,27.081112226198893,0.7577530256885703,39.070397800448056,49,1,0,0,86,46,20,15,100,100
SHORTEST_PULSE,346020,8.888917182852307,0.135497577586471,31.837111865185097,50,0,0,0,86,46,20,15,100,100
METROLOGY_CONDITIONED_EIG,346020,8.246085199914212,0.23364672131718664,29.338959794833947,50,0,0,0,86,46,20,15,100,100
NO_PASSIVE,346021,374.2614050294187,0.8136290462621857,445.27923823147125,0,0,0,0,38,46,20,15,100,100
RANDOM,346021,41.71531166629225,0.7914505378169586,80.31614030650297,32,0,0,0,38,46,20,15,100,100
HIGHEST_SNR,346021,54.657566605760124,0.8011254788254153,82.40989008383612,32,0,0,0,38,46,20,15,100,100
SHORTEST_PULSE,346021,52.65586789356344,0.7424134836838646,81.4328972065175,32,0,0,0,38,46,20,15,100,100
METROLOGY_CONDITIONED_EIG,346021,70.9230547824298,0.5305670267061007,78.07589544856855,32,0,0,0,38,46,20,15,100,100
NO_PASSIVE,346022,364.1481251618413,1.0449388988656478,445.27923823147125,0,0,0,0,100,46,20,15,100,100
RANDOM,346022,61.13139390038694,1.3574713659031896,52.51641366377908,46,2,0,0,100,46,20,15,100,100
HIGHEST_SNR,346022,221.46136226315053,1.0359724408057165,298.95291802497627,47,1,0,0,100,46,20,15,100,100
SHORTEST_PULSE,346022,23.981579345208683,1.123444083758237,52.44872345692411,48,0,0,0,100,46,20,15,100,100
METROLOGY_CONDITIONED_EIG,346022,19.609386407649154,0.7942058574888727,50.54910792516826,47,1,0,0,100,46,20,15,100,100
NO_PASSIVE,346023,158.19227402068933,2.163564003044432,445.27923823147125,0,0,0,0,77,46,20,15,100,100
RANDOM,346023,44.06617968679006,0.7790541200731589,56.71384123516839,52,0,0,0,77,46,20,15,100,100
HIGHEST_SNR,346023,110.05383994928665,2.09951618682747,64.92897128062015,52,0,0,0,77,46,20,15,100,100
SHORTEST_PULSE,346023,28.297525091730616,0.47061649076945694,38.74124144255718,52,0,0,0,77,46,20,15,100,100
METROLOGY_CONDITIONED_EIG,346023,32.87165296927316,0.6355894086270457,38.698868350528414,52,0,0,0,77,46,20,15,100,100
NO_PASSIVE,346024,110.82208055000538,0.4157781977360844,445.27923823147125,0,0,0,0,6,46,20,15,100,100
RANDOM,346024,94.1705039603616,0.35839062349286277,323.56504016497666,6,0,0,0,6,46,20,15,100,100
HIGHEST_SNR,346024,94.1705039603616,0.35839062349286277,323.56504016497666,6,0,0,0,6,46,20,15,100,100
SHORTEST_PULSE,346024,94.1705039603616,0.35839062349286277,323.56504016497666,6,0,0,0,6,46,20,15,100,100
METROLOGY_CONDITIONED_EIG,346024,94.1705039603616,0.35839062349286277,323.56504016497666,6,0,0,0,6,46,20,15,100,100
NO_PASSIVE,346025,95.36099443084792,1.8156189169937458,445.27923823147125,0,0,0,0,39,46,20,15,100,100
RANDOM,346025,107.40306822403228,2.049702708577437,48.66195858543469,32,0,0,0,39,46,20,15,100,100
HIGHEST_SNR,346025,109.31919290984962,2.0672426041009446,48.597169438624064,32,0,0,0,39,46,20,15,100,100
SHORTEST_PULSE,346025,110.08733156440618,2.3214700621330393,48.59783635584962,32,0,0,0,39,46,20,15,100,100
METROLOGY_CONDITIONED_EIG,346025,111.23136823047041,2.3249322129356536,48.637102020028095,32,0,0,0,39,46,20,15,100,100
NO_PASSIVE,346026,496.39156214592765,2.319740304990483,445.27923823147125,0,0,0,0,71,46,20,15,100,100
RANDOM,346026,22.8383467162061,0.6592600999821288,46.21352688787665,46,0,0,0,71,46,20,15,100,100
HIGHEST_SNR,346026,23.528440662075518,1.2484358449973714,47.11406885517521,46,0,0,0,71,46,20,15,100,100
SHORTEST_PULSE,346026,23.852194393949606,0.5205231472136664,39.09164197844913,46,0,0,0,71,46,20,15,100,100
METROLOGY_CONDITIONED_EIG,346026,16.60868039835847,0.6619041663604093,39.16408767664948,46,0,0,0,71,46,20,15,100,100
NO_PASSIVE,346027,797.0697775948704,1.2897628750316876,445.27923823147125,0,0,0,0,169,46,20,15,100,100
RANDOM,346027,10.559954180152392,0.47165067624289403,40.79055837556679,49,0,0,0,169,46,20,15,100,100
HIGHEST_SNR,346027,31.462269329634832,1.351015555814329,46.228177109056894,48,1,0,0,169,46,20,15,100,100
SHORTEST_PULSE,346027,12.326128562448492,0.5553929764811554,38.86081455422859,49,0,0,0,169,46,20,15,100,100
METROLOGY_CONDITIONED_EIG,346027,4.950159458019561,0.06671283893807681,33.48814349503226,49,0,0,0,169,46,20,15,100,100
NO_PASSIVE,346028,421.42479166664805,2.6543708153869208,445.27923823147125,0,0,0,0,35,46,20,15,100,100
RANDOM,346028,65.64211141570792,1.6190328646374101,75.1836847966554,24,0,0,0,35,46,20,15,100,100
HIGHEST_SNR,346028,35.48356024937602,1.3049028807143015,74.67529595813309,23,1,0,0,35,46,20,15,100,100
SHORTEST_PULSE,346028,117.55791409380704,1.9896512973247065,71.84703503194469,24,0,0,0,35,46,20,15,100,100
METROLOGY_CONDITIONED_EIG,346028,34.3943594921431,2.29239427163719,71.96348782287161,22,2,0,0,35,46,20,15,100,100
NO_PASSIVE,346029,415.1824461532507,0.817885965878446,445.27923823147125,0,0,0,0,105,46,20,15,100,100
RANDOM,346029,37.86257104085284,1.78443363223975,43.05485890299936,52,2,0,0,105,46,20,15,100,100
HIGHEST_SNR,346029,5.342358542431161,1.6457612841483675,49.88416756347433,54,0,0,0,105,46,20,15,100,100
SHORTEST_PULSE,346029,36.78933997869759,1.1115004130165005,41.08914736392499,54,0,0,0,105,46,20,15,100,100
METROLOGY_CONDITIONED_EIG,346029,33.30569079877481,1.7332668911497837,39.45649529381221,53,1,0,0,105,46,20,15,100,100
NO_PASSIVE,347000,333.41895608088566,4.272169640334403,445.27923823147125,0,0,0,0,124,47,20,15,1000,30
RANDOM,347000,11.454949690972525,0.5308142400211547,25.547721231331725,45,0,0,0,124,47,20,15,1000,30
HIGHEST_SNR,347000,119.00833595360989,2.0113176816493126,45.72557311655099,42,3,0,0,124,47,20,15,1000,30
SHORTEST_PULSE,347000,30.865396582294736,0.4247053168518605,27.9588640647307,42,3,0,0,124,47,20,15,1000,30
METROLOGY_CONDITIONED_EIG,347000,21.021629097531154,0.20003901275047947,26.8284172105848,41,4,0,0,124,47,20,15,1000,30
NO_PASSIVE,347001,314.3916765542031,2.4855119708195867,445.27923823147125,0,0,0,0,209,47,20,15,1000,30
RANDOM,347001,9.022340550639274,0.028018264340776075,20.254601684934187,60,0,0,0,209,47,20,15,1000,30
HIGHEST_SNR,347001,44.697329271950906,0.688739367286572,44.711091347073484,60,0,0,0,209,47,20,15,1000,30
SHORTEST_PULSE,347001,55.63512400317654,1.3986678486819009,34.34301833017757,60,0,0,0,209,47,20,15,1000,30
METROLOGY_CONDITIONED_EIG,347001,7.339372778229335,0.3069225491930108,16.892092474730227,60,0,0,0,209,47,20,15,1000,30
NO_PASSIVE,347002,474.7736914364443,2.08206263043838,445.27923823147125,0,0,0,0,212,47,20,15,1000,30
RANDOM,347002,10.84952840021646,0.7041406881264768,20.396783843161344,60,0,0,0,212,47,20,15,1000,30
HIGHEST_SNR,347002,30.12652672918842,1.1277820549432127,22.937022999017895,60,0,0,0,212,47,20,15,1000,30
SHORTEST_PULSE,347002,9.358848806634342,0.46106470285141926,15.208873132268435,60,0,0,0,212,47,20,15,1000,30
METROLOGY_CONDITIONED_EIG,347002,7.936164311411493,0.477696841933201,14.323195952413556,60,0,0,0,212,47,20,15,1000,30
NO_PASSIVE,347003,448.74116271428716,2.05319905814063,445.27923823147125,0,0,0,0,176,47,20,15,1000,30
RANDOM,347003,16.89534771045232,0.11547760155340518,26.10644956448437,60,0,0,0,176,47,20,15,1000,30
HIGHEST_SNR,347003,85.40888200966873,1.4362073289923898,46.72691144964694,59,1,0,0,176,47,20,15,1000,30
SHORTEST_PULSE,347003,9.10269730043487,0.966107684706378,20.53232724856291,59,1,0,0,176,47,20,15,1000,30
METROLOGY_CONDITIONED_EIG,347003,16.553278650797562,0.6478390808429075,21.98564113957176,60,0,0,0,176,47,20,15,1000,30
NO_PASSIVE,347004,203.27013746555104,2.743052813178973,445.27923823147125,0,0,0,0,148,47,20,15,1000,30
RANDOM,347004,28.85798642555372,0.35015141422464274,28.918587424067002,58,2,0,0,148,47,20,15,1000,30
HIGHEST_SNR,347004,36.23734827247101,0.8243533497989085,24.87266491047609,59,1,0,0,148,47,20,15,1000,30
SHORTEST_PULSE,347004,32.44087115930967,0.8253832946268009,24.419420882044424,60,0,0,0,148,47,20,15,1000,30
METROLOGY_CONDITIONED_EIG,347004,19.654882977832457,0.492600662188684,22.16547978166241,59,1,0,0,148,47,20,15,1000,30
NO_PASSIVE,347005,189.06557667273674,2.4346062033818505,445.27923823147125,0,0,0,0,176,47,20,15,1000,30
RANDOM,347005,37.97068729598828,0.8608459434492409,24.371294130523328,51,0,0,0,176,47,20,15,1000,30
HIGHEST_SNR,347005,58.519836304711916,0.48628621273838996,49.690082733653014,48,3,0,0,176,47,20,15,1000,30
SHORTEST_PULSE,347005,37.70513764219313,0.6750558738636366,18.928742459930348,51,0,0,0,176,47,20,15,1000,30
METROLOGY_CONDITIONED_EIG,347005,48.37955434117862,0.7617058405451943,19.481732465176414,49,2,0,0,176,47,20,15,1000,30
NO_PASSIVE,347006,515.3434687009639,2.6836640291652714,445.27923823147125,0,0,0,0,125,47,20,15,1000,30
RANDOM,347006,13.03407800304094,0.4958332340831525,33.17460394558272,58,2,0,0,125,47,20,15,1000,30
HIGHEST_SNR,347006,81.96130534094472,0.834268897535208,95.27171128708419,60,0,0,0,125,47,20,15,1000,30
SHORTEST_PULSE,347006,56.26682186698734,1.1512316075785851,28.39072247214389,59,1,0,0,125,47,20,15,1000,30
METROLOGY_CONDITIONED_EIG,347006,35.84155654023322,1.0045982822815487,26.13681916028121,58,2,0,0,125,47,20,15,1000,30
NO_PASSIVE,347007,145.52555450765178,0.731762197573365,445.27923823147125,0,0,0,0,106,47,20,15,1000,30
RANDOM,347007,24.48931468880153,0.605205136746929,24.064304268127227,51,0,0,0,106,47,20,15,1000,30
HIGHEST_SNR,347007,37.48721576475005,1.1138775802476002,23.012052921241704,50,1,0,0,106,47,20,15,1000,30
SHORTEST_PULSE,347007,14.984520367732918,0.6136048592497978,20.06376216400984,50,1,0,0,106,47,20,15,1000,30
METROLOGY_CONDITIONED_EIG,347007,11.267099579112164,0.5329733382072483,19.24477175446916,50,1,0,0,106,47,20,15,1000,30
NO_PASSIVE,347008,116.7267848731981,2.7517579045281626,445.27923823147125,0,0,0,0,238,47,20,15,1000,30
RANDOM,347008,16.75112361415037,0.430773517730974,17.453573892536177,58,2,0,0,238,47,20,15,1000,30
HIGHEST_SNR,347008,8.0486386009301,0.12497362463738797,20.195526359459603,58,2,0,0,238,47,20,15,1000,30
SHORTEST_PULSE,347008,4.742477848654199,0.3634199416713993,14.448081610033519,58,2,0,0,238,47,20,15,1000,30
METROLOGY_CONDITIONED_EIG,347008,6.594609753602092,0.27804861065219977,14.871638885701298,58,2,0,0,238,47,20,15,1000,30
NO_PASSIVE,347009,181.37007853903833,1.824591290041732,445.27923823147125,0,0,0,0,223,47,20,15,1000,30
RANDOM,347009,2.4010982552502402,0.4034124230647268,20.557435868392414,60,0,0,0,223,47,20,15,1000,30
HIGHEST_SNR,347009,37.96447025588522,1.1374722054062745,31.611373214393733,60,0,0,0,223,47,20,15,1000,30
SHORTEST_PULSE,347009,4.594650309871824,0.12055127895419046,15.618209458387915,60,0,0,0,223,47,20,15,1000,30
METROLOGY_CONDITIONED_EIG,347009,13.14655298711022,0.4015860789950683,15.611779571514674,59,1,0,0,223,47,20,15,1000,30
NO_PASSIVE,347010,390.21695996225907,1.644888614517038,445.27923823147125,0,0,0,0,317,47,20,15,1000,30
RANDOM,347010,8.935715998743007,0.33649839240594576,18.73774761000433,59,1,0,0,317,47,20,15,1000,30
HIGHEST_SNR,347010,8.199051182331319,0.3069000766849847,42.804791715813074,60,0,0,0,317,47,20,15,1000,30
SHORTEST_PULSE,347010,9.539863459641095,0.29674231446836874,13.077944881677888,60,0,0,0,317,47,20,15,1000,30
METROLOGY_CONDITIONED_EIG,347010,5.103276164815681,0.14801499968796386,13.950902651602581,60,0,0,0,317,47,20,15,1000,30
NO_PASSIVE,347011,297.89499876343103,1.684730287902667,445.27923823147125,0,0,0,0,311,47,20,15,1000,30
RANDOM,347011,8.494325920140984,0.132693209410435,15.302075005153064,60,0,0,0,311,47,20,15,1000,30
HIGHEST_SNR,347011,10.717664119560714,1.0515929852504933,20.757765358453543,60,0,0,0,311,47,20,15,1000,30
SHORTEST_PULSE,347011,5.365703061915731,0.4390186481229411,14.18356866251456,58,2,0,0,311,47,20,15,1000,30
METROLOGY_CONDITIONED_EIG,347011,4.107949869078848,0.38549928176917075,12.935767057261646,58,2,0,0,311,47,20,15,1000,30
NO_PASSIVE,347012,449.1246797797769,2.3586720715273657,445.27923823147125,0,0,0,0,162,47,20,15,1000,30
RANDOM,347012,21.13778369739194,0.7487800495187863,18.56547890937632,56,3,0,0,162,47,20,15,1000,30
HIGHEST_SNR,347012,26.84301086961053,0.7780227756476583,29.586649798319165,57,2,0,0,162,47,20,15,1000,30
SHORTEST_PULSE,347012,31.946909275327997,0.9382092333932641,20.568373438331772,55,4,0,0,162,47,20,15,1000,30
METROLOGY_CONDITIONED_EIG,347012,22.734611068365503,0.9154593055137685,17.67052884357855,57,2,0,0,162,47,20,15,1000,30
NO_PASSIVE,347013,273.58508027811484,0.8155123118899485,445.27923823147125,0,0,0,0,260,47,20,15,1000,30
RANDOM,347013,17.035471963252537,0.5424166533583814,16.74845995623229,59,1,0,0,260,47,20,15,1000,30
HIGHEST_SNR,347013,5.8623350457624674,0.24769562467529055,20.787281758532934,60,0,0,0,260,47,20,15,1000,30
SHORTEST_PULSE,347013,23.609015785899718,0.41340985420105614,14.624104670542275,59,1,0,0,260,47,20,15,1000,30
METROLOGY_CONDITIONED_EIG,347013,11.473825808518697,0.20008953177324915,13.98489843986413,60,0,0,0,260,47,20,15,1000,30
NO_PASSIVE,347014,95.32845188710924,1.4471969522904364,445.27923823147125,0,0,0,0,163,47,20,15,1000,30
RANDOM,347014,22.49914506907623,0.8860068116982804,20.864944375098492,60,0,0,0,163,47,20,15,1000,30
HIGHEST_SNR,347014,38.314251419795035,0.3234112996013814,36.00990172430239,60,0,0,0,163,47,20,15,1000,30
SHORTEST_PULSE,347014,24.432099083483774,0.7180866673211964,14.801166669152524,59,1,0,0,163,47,20,15,1000,30
METROLOGY_CONDITIONED_EIG,347014,21.197524930657334,0.5740709183151893,14.967981635961253,59,1,0,0,163,47,20,15,1000,30
NO_PASSIVE,347015,473.0921194492651,1.586653678080575,445.27923823147125,0,0,0,0,264,47,20,15,1000,30
RANDOM,347015,12.977664377755646,0.4205421153435253,20.16760071745818,59,1,0,0,264,47,20,15,1000,30
HIGHEST_SNR,347015,35.20121205307825,1.024915364194364,37.9026952464776,60,0,0,0,264,47,20,15,1000,30
SHORTEST_PULSE,347015,8.10566288866816,0.07347856586694511,15.899927280456792,60,0,0,0,264,47,20,15,1000,30
METROLOGY_CONDITIONED_EIG,347015,14.170361749792876,0.4073317046848777,16.41035430409967,60,0,0,0,264,47,20,15,1000,30
NO_PASSIVE,347016,419.6597208707138,0.7756497377876052,445.27923823147125,0,0,0,0,221,47,20,15,1000,30
RANDOM,347016,11.061435014291908,0.4966749605736134,22.19189577496076,60,0,0,0,221,47,20,15,1000,30
HIGHEST_SNR,347016,26.730670750564588,1.2133763719167645,22.51173411703063,59,1,0,0,221,47,20,15,1000,30
SHORTEST_PULSE,347016,24.114613205751585,1.1535060316953714,19.340894930507595,60,0,0,0,221,47,20,15,1000,30
METROLOGY_CONDITIONED_EIG,347016,7.43699071411492,0.34782681770904034,17.501592049248163,60,0,0,0,221,47,20,15,1000,30
NO_PASSIVE,347017,576.201936512828,1.066280220974171,445.27923823147125,0,0,0,0,250,47,20,15,1000,30
RANDOM,347017,11.069721913674249,0.4086753919523939,21.965803686322598,59,1,0,0,250,47,20,15,1000,30
HIGHEST_SNR,347017,94.00052586846081,1.6701703054781518,42.233176460361285,60,0,0,0,250,47,20,15,1000,30
SHORTEST_PULSE,347017,11.04825788618282,0.3564173878509704,13.348814573138613,60,0,0,0,250,47,20,15,1000,30
METROLOGY_CONDITIONED_EIG,347017,11.34392443379236,0.22948947186635968,13.34075974597066,60,0,0,0,250,47,20,15,1000,30
NO_PASSIVE,347018,339.8140432763029,0.7782079745175489,445.27923823147125,0,0,0,0,338,47,20,15,1000,30
RANDOM,347018,6.470203173407081,0.31532662721939597,19.45286125480648,60,0,0,0,338,47,20,15,1000,30
HIGHEST_SNR,347018,50.54681341208165,1.4599087193899456,56.46594458655254,60,0,0,0,338,47,20,15,1000,30
SHORTEST_PULSE,347018,52.552760346039165,0.8499847127622637,23.34009164736721,57,3,0,0,338,47,20,15,1000,30
METROLOGY_CONDITIONED_EIG,347018,7.486918831677962,0.05351631725792384,13.279814119790064,59,1,0,0,338,47,20,15,1000,30
NO_PASSIVE,347019,353.12173595367165,0.8263933793154509,445.27923823147125,0,0,0,0,216,47,20,15,1000,30
RANDOM,347019,9.67337055825877,0.5909131820692463,26.29696972721237,58,2,0,0,216,47,20,15,1000,30
HIGHEST_SNR,347019,19.89016337140362,0.43189142934045444,25.842153885874875,59,1,0,0,216,47,20,15,1000,30
SHORTEST_PULSE,347019,12.70637510488727,0.39699292832489685,20.045857705451628,60,0,0,0,216,47,20,15,1000,30
METROLOGY_CONDITIONED_EIG,347019,8.644588036534678,0.27165559611494017,18.009482845454535,60,0,0,0,216,47,20,15,1000,30
NO_PASSIVE,347020,412.15752640458675,0.8382082328753592,445.27923823147125,0,0,0,0,255,47,20,15,1000,30
RANDOM,347020,12.583723357737487,0.38234840708120005,21.429842962511383,59,1,0,0,255,47,20,15,1000,30
HIGHEST_SNR,347020,23.248635808354656,0.81605765363063,22.439355885052986,60,0,0,0,255,47,20,15,1000,30
SHORTEST_PULSE,347020,3.2667005468097963,0.2523704207631479,17.969756732601994,58,2,0,0,255,47,20,15,1000,30
METROLOGY_CONDITIONED_EIG,347020,4.090194268895986,0.22465934175165053,14.968455937917948,60,0,0,0,255,47,20,15,1000,30
NO_PASSIVE,347021,69.9933121940208,1.9799722823578938,445.27923823147125,0,0,0,0,179,47,20,15,1000,30
RANDOM,347021,21.68150451327655,0.5230606507331665,27.845579677645308,58,0,0,0,179,47,20,15,1000,30
HIGHEST_SNR,347021,11.567965856683868,0.5843015852383683,30.23624139198365,56,2,0,0,179,47,20,15,1000,30
SHORTEST_PULSE,347021,35.34684289372174,1.0067027461058864,22.415764515861042,58,0,0,0,179,47,20,15,1000,30
METROLOGY_CONDITIONED_EIG,347021,11.776535242557486,0.19437340669219622,19.309595988167974,58,0,0,0,179,47,20,15,1000,30
NO_PASSIVE,347022,478.755162388583,2.641355974865222,445.27923823147125,0,0,0,0,181,47,20,15,1000,30
RANDOM,347022,14.078265792620915,0.1863815273772652,25.02372455059592,59,0,0,0,181,47,20,15,1000,30
HIGHEST_SNR,347022,20.562027715269046,0.7584639914987974,39.0325213871083,58,1,0,0,181,47,20,15,1000,30
SHORTEST_PULSE,347022,8.45988200461469,0.3090454876607878,23.03872956437966,59,0,0,0,181,47,20,15,1000,30
METROLOGY_CONDITIONED_EIG,347022,12.244272055662773,0.7175816474110328,18.139974252558975,59,0,0,0,181,47,20,15,1000,30
NO_PASSIVE,347023,703.3690110975151,1.4278962258572794,445.27923823147125,0,0,0,0,236,47,20,15,1000,30
RANDOM,347023,7.749547100082465,0.3306709994859748,17.838035314293553,60,0,0,0,236,47,20,15,1000,30
HIGHEST_SNR,347023,4.515150460029303,0.2663848765636138,20.585093706346143,58,2,0,0,236,47,20,15,1000,30
SHORTEST_PULSE,347023,10.65241798956994,0.43622496515291637,19.644766608315937,60,0,0,0,236,47,20,15,1000,30
METROLOGY_CONDITIONED_EIG,347023,14.100320766534644,0.3067829411640764,16.18425277175086,60,0,0,0,236,47,20,15,1000,30
NO_PASSIVE,347024,440.14415590351314,0.7295189722271742,445.27923823147125,0,0,0,0,218,47,20,15,1000,30
RANDOM,347024,15.115812243011746,0.3249098272201848,17.794790693200085,58,0,0,0,218,47,20,15,1000,30
HIGHEST_SNR,347024,17.54548045473514,0.2329649950840717,24.91608308743048,58,0,0,0,218,47,20,15,1000,30
SHORTEST_PULSE,347024,16.310130333126605,0.13760888888808442,15.640303470941502,58,0,0,0,218,47,20,15,1000,30
METROLOGY_CONDITIONED_EIG,347024,19.991186529902276,0.27023362078800633,15.972887281749328,58,0,0,0,218,47,20,15,1000,30
NO_PASSIVE,347025,224.4714057469626,1.7941874091852552,445.27923823147125,0,0,0,0,160,47,20,15,1000,30
RANDOM,347025,18.8536256383154,0.3921390621152836,26.604701463987446,58,0,0,0,160,47,20,15,1000,30
HIGHEST_SNR,347025,16.498595090644397,0.7435763282061859,33.85327112958568,58,0,0,0,160,47,20,15,1000,30
SHORTEST_PULSE,347025,31.934107429337868,0.8857863110372503,23.87408054436075,58,0,0,0,160,47,20,15,1000,30
METROLOGY_CONDITIONED_EIG,347025,11.07463548515355,0.20594984188039106,22.178633124045163,58,0,0,0,160,47,20,15,1000,30
NO_PASSIVE,347026,246.7982494041328,1.4236565040830222,445.27923823147125,0,0,0,0,182,47,20,15,1000,30
RANDOM,347026,11.911837775902269,0.18536730025324438,19.85351066216738,59,1,0,0,182,47,20,15,1000,30
HIGHEST_SNR,347026,15.147328556721126,0.6343404425993509,25.54642318145682,60,0,0,0,182,47,20,15,1000,30
SHORTEST_PULSE,347026,19.715448587234405,0.29292560665608125,16.883643218899454,60,0,0,0,182,47,20,15,1000,30
METROLOGY_CONDITIONED_EIG,347026,3.857795615459388,0.23088796690572608,17.382993050363833,59,1,0,0,182,47,20,15,1000,30
NO_PASSIVE,347027,426.55535693853966,0.7053534386760044,445.27923823147125,0,0,0,0,178,47,20,15,1000,30
RANDOM,347027,17.166575879840025,0.8358746980022371,24.86025872637309,60,0,0,0,178,47,20,15,1000,30
HIGHEST_SNR,347027,6.4821533574901595,0.7830437199998008,35.80460993105527,60,0,0,0,178,47,20,15,1000,30
SHORTEST_PULSE,347027,30.038651642654635,0.7959346617722735,21.570227235790387,60,0,0,0,178,47,20,15,1000,30
METROLOGY_CONDITIONED_EIG,347027,14.768258184799961,0.6015865878425919,20.96207967333584,60,0,0,0,178,47,20,15,1000,30
NO_PASSIVE,347028,165.08951136031683,2.6897081679197257,445.27923823147125,0,0,0,0,112,47,20,15,1000,30
RANDOM,347028,5.6932589376276255,0.969919634186222,23.92786522782296,56,1,0,0,112,47,20,15,1000,30
HIGHEST_SNR,347028,16.02766844843191,1.011223239544217,28.182117658428247,55,2,0,0,112,47,20,15,1000,30
SHORTEST_PULSE,347028,2.767790448642615,0.2044263579924165,21.915182172281717,57,0,0,0,112,47,20,15,1000,30
METROLOGY_CONDITIONED_EIG,347028,13.982209851301606,0.4845834187116944,21.735949477475128,57,0,0,0,112,47,20,15,1000,30
NO_PASSIVE,347029,563.4636490992402,1.7618654965350748,445.27923823147125,0,0,0,0,132,47,20,15,1000,30
RANDOM,347029,17.038390050980407,0.38899287517922465,21.512037836201017,58,0,0,0,132,47,20,15,1000,30
HIGHEST_SNR,347029,14.063202651795795,0.4668143341739792,20.748393796265013,58,0,0,0,132,47,20,15,1000,30
SHORTEST_PULSE,347029,23.250295800378794,0.7885810914434501,26.71024609464229,58,0,0,0,132,47,20,15,1000,30
METROLOGY_CONDITIONED_EIG,347029,24.40942386138273,0.5963402398335459,19.99323387042283,58,0,0,0,132,47,20,15,1000,30
NO_PASSIVE,348000,408.68399380713015,0.30996080838527373,445.27923823147125,0,0,0,0,227,48,20,15,1000,100
RANDOM,348000,33.75792383735168,1.1937324216516843,28.70793594929977,59,0,0,0,227,48,20,15,1000,100
HIGHEST_SNR,348000,34.884628522743675,1.354010719427152,41.606508429335214,59,0,0,0,227,48,20,15,1000,100
SHORTEST_PULSE,348000,5.910559837131924,0.13743431513514776,23.799288467933298,59,0,0,0,227,48,20,15,1000,100
METROLOGY_CONDITIONED_EIG,348000,10.177663106133817,0.3144008627659971,23.404717707821614,58,1,0,0,227,48,20,15,1000,100
NO_PASSIVE,348001,636.8457975654978,2.330493949391316,445.27923823147125,0,0,0,0,259,48,20,15,1000,100
RANDOM,348001,4.375723294003277,0.12151128507229098,27.080700029520397,60,0,0,0,259,48,20,15,1000,100
HIGHEST_SNR,348001,9.373361026356308,0.3550837972063998,32.837712030889996,60,0,0,0,259,48,20,15,1000,100
SHORTEST_PULSE,348001,6.628040211659854,0.42636378388838037,22.311752092777535,59,1,0,0,259,48,20,15,1000,100
METROLOGY_CONDITIONED_EIG,348001,8.562737085659503,0.32141491494331786,20.175851660039754,59,1,0,0,259,48,20,15,1000,100
NO_PASSIVE,348002,407.85153486267825,3.1390591438315867,445.27923823147125,0,0,0,0,220,48,20,15,1000,100
RANDOM,348002,36.984578782204316,1.0488701006374186,27.646092420118013,60,0,0,0,220,48,20,15,1000,100
HIGHEST_SNR,348002,75.6807535791662,0.2830596530467364,56.83753445594167,59,1,0,0,220,48,20,15,1000,100
SHORTEST_PULSE,348002,26.927654533507727,0.15602733618856385,27.102607301026747,59,1,0,0,220,48,20,15,1000,100
METROLOGY_CONDITIONED_EIG,348002,36.25114477926829,0.5285399679560571,27.87062697568051,59,1,0,0,220,48,20,15,1000,100
NO_PASSIVE,348003,210.5129783857802,2.020394276327324,445.27923823147125,0,0,0,0,241,48,20,15,1000,100
RANDOM,348003,12.544442181181275,0.045504117805758415,27.830610746556662,60,0,0,0,241,48,20,15,1000,100
HIGHEST_SNR,348003,117.27509689143938,2.7146025308347275,63.62663090944947,59,1,0,0,241,48,20,15,1000,100
SHORTEST_PULSE,348003,8.4222389037343,0.44069876525284224,25.01614805386312,60,0,0,0,241,48,20,15,1000,100
METROLOGY_CONDITIONED_EIG,348003,13.911588865034306,0.43329392948237216,19.324099655365487,60,0,0,0,241,48,20,15,1000,100
NO_PASSIVE,348004,131.30065849632956,1.0795269884167342,445.27923823147125,0,0,0,0,175,48,20,15,1000,100
RANDOM,348004,21.974240363410512,0.7409787413913496,39.867826871069916,60,0,0,0,175,48,20,15,1000,100
HIGHEST_SNR,348004,13.21277900009088,0.6450572803822237,49.53682028855294,60,0,0,0,175,48,20,15,1000,100
SHORTEST_PULSE,348004,5.51766160639769,0.5070279808434832,40.757965744995936,60,0,0,0,175,48,20,15,1000,100
METROLOGY_CONDITIONED_EIG,348004,25.011670265299745,0.9767222404019453,37.551724302783825,60,0,0,0,175,48,20,15,1000,100
NO_PASSIVE,348005,561.1021505139755,0.6079982794795914,445.27923823147125,0,0,0,0,197,48,20,15,1000,100
RANDOM,348005,23.166732805037263,0.5108196938474696,34.37935429008545,57,2,0,0,197,48,20,15,1000,100
HIGHEST_SNR,348005,34.771914848730404,0.19067520525139145,44.76988434732718,58,1,0,0,197,48,20,15,1000,100
SHORTEST_PULSE,348005,5.522540462436772,0.6303365622527631,28.319463195074693,57,2,0,0,197,48,20,15,1000,100
METROLOGY_CONDITIONED_EIG,348005,10.629162706167165,1.1927745771582055,27.78460358223775,57,2,0,0,197,48,20,15,1000,100
NO_PASSIVE,348006,253.44425824677543,4.114325033670308,445.27923823147125,0,0,0,0,221,48,20,15,1000,100
RANDOM,348006,63.5457578023091,1.6905012565867632,32.85104340238389,59,1,0,0,221,48,20,15,1000,100
HIGHEST_SNR,348006,77.74830097824803,1.881180027879775,50.22417667788593,60,0,0,0,221,48,20,15,1000,100
SHORTEST_PULSE,348006,18.8947780405629,0.8498487349801419,23.776768742298923,58,2,0,0,221,48,20,15,1000,100
METROLOGY_CONDITIONED_EIG,348006,22.168025870041873,0.9082157392415949,23.75321587041171,59,1,0,0,221,48,20,15,1000,100
NO_PASSIVE,348007,337.6833335357125,3.2155541061201913,445.27923823147125,0,0,0,0,147,48,20,15,1000,100
RANDOM,348007,31.531506936862296,0.6484527673388351,27.641004067691732,59,1,0,0,147,48,20,15,1000,100
HIGHEST_SNR,348007,48.69973230791163,1.8604557390208656,39.421965571668856,58,2,0,0,147,48,20,15,1000,100
SHORTEST_PULSE,348007,22.42962111474442,0.35424467822630373,24.377989406786487,59,1,0,0,147,48,20,15,1000,100
METROLOGY_CONDITIONED_EIG,348007,15.59972591926963,0.3459976993757264,24.71434756980827,58,2,0,0,147,48,20,15,1000,100
NO_PASSIVE,348008,346.01438393178,0.7648466477240083,445.27923823147125,0,0,0,0,247,48,20,15,1000,100
RANDOM,348008,16.398268807563497,0.35877938464182185,26.771687999921802,60,0,0,0,247,48,20,15,1000,100
HIGHEST_SNR,348008,39.76035290672485,1.1259515038684842,43.2885690042204,59,1,0,0,247,48,20,15,1000,100
SHORTEST_PULSE,348008,12.290428670590712,0.18916353318029708,18.269032936221965,60,0,0,0,247,48,20,15,1000,100
METROLOGY_CONDITIONED_EIG,348008,14.258963536971377,0.2879654452934719,18.35837026694553,60,0,0,0,247,48,20,15,1000,100
NO_PASSIVE,348009,404.46335606210044,2.056506717248705,445.27923823147125,0,0,0,0,203,48,20,15,1000,100
RANDOM,348009,18.73224402262224,0.2569055614637692,39.576838483396266,60,0,0,0,203,48,20,15,1000,100
HIGHEST_SNR,348009,76.72828955628202,1.3699115076178485,53.23691867973479,60,0,0,0,203,48,20,15,1000,100
SHORTEST_PULSE,348009,24.012017646005507,0.28160390964449855,35.308074052801786,60,0,0,0,203,48,20,15,1000,100
METROLOGY_CONDITIONED_EIG,348009,20.450349200798268,0.37159927037527357,34.00940544034665,58,2,0,0,203,48,20,15,1000,100
NO_PASSIVE,348010,658.855708880451,2.584050833277406,445.27923823147125,0,0,0,0,273,48,20,15,1000,100
RANDOM,348010,25.03176882168289,1.3364489531675958,31.978789258893134,58,2,0,0,273,48,20,15,1000,100
HIGHEST_SNR,348010,39.02306958694681,1.1055029082519907,50.49508377161959,59,1,0,0,273,48,20,15,1000,100
SHORTEST_PULSE,348010,20.520184357100458,0.7262668404690276,25.285471107527837,59,1,0,0,273,48,20,15,1000,100
METROLOGY_CONDITIONED_EIG,348010,21.94696324682471,0.2884223746466588,22.447388994317272,60,0,0,0,273,48,20,15,1000,100
NO_PASSIVE,348011,357.5290710343352,1.497528259758557,445.27923823147125,0,0,0,0,333,48,20,15,1000,100
RANDOM,348011,16.539748038136494,0.2733445648804779,25.969253173435952,60,0,0,0,333,48,20,15,1000,100
HIGHEST_SNR,348011,94.10108116423895,0.7889108806732442,64.04770771818592,60,0,0,0,333,48,20,15,1000,100
SHORTEST_PULSE,348011,3.7598745773325377,0.3857205855171624,22.36460517753085,59,1,0,0,333,48,20,15,1000,100
METROLOGY_CONDITIONED_EIG,348011,9.497784703425838,0.17983171959005287,18.75058976564566,60,0,0,0,333,48,20,15,1000,100
NO_PASSIVE,348012,583.5418179736822,0.8470283493307718,445.27923823147125,0,0,0,0,224,48,20,15,1000,100
RANDOM,348012,5.844294281731154,0.2819795232763898,20.81161824190112,60,0,0,0,224,48,20,15,1000,100
HIGHEST_SNR,348012,18.82501408543027,1.0115072863948797,56.790515104818915,59,1,0,0,224,48,20,15,1000,100
SHORTEST_PULSE,348012,12.054845636200278,0.45147683427768726,17.113536515634156,60,0,0,0,224,48,20,15,1000,100
METROLOGY_CONDITIONED_EIG,348012,6.739053009250674,0.35061757534382115,15.998784665790248,60,0,0,0,224,48,20,15,1000,100
NO_PASSIVE,348013,416.50944101284324,1.671319752472414,445.27923823147125,0,0,0,0,218,48,20,15,1000,100
RANDOM,348013,25.1662050487254,0.8023246732380491,33.15995942024964,59,0,0,0,218,48,20,15,1000,100
HIGHEST_SNR,348013,30.857663382981084,1.3412561615371605,32.033624789526364,58,1,0,0,218,48,20,15,1000,100
SHORTEST_PULSE,348013,16.63283243938796,0.18067403086529074,26.750910772867247,58,1,0,0,218,48,20,15,1000,100
METROLOGY_CONDITIONED_EIG,348013,14.488921396770431,0.8375180608634158,27.416308769683912,59,0,0,0,218,48,20,15,1000,100
NO_PASSIVE,348014,689.3856936774284,2.267403937606518,445.27923823147125,0,0,0,0,101,48,20,15,1000,100
RANDOM,348014,32.03815282066174,0.9621482500657635,41.840807922582925,48,0,0,0,101,48,20,15,1000,100
HIGHEST_SNR,348014,17.944424430278374,1.0054581275020364,45.708875504763334,46,2,0,0,101,48,20,15,1000,100
SHORTEST_PULSE,348014,24.209234554264835,0.6814339168282384,41.77856148383259,47,1,0,0,101,48,20,15,1000,100
METROLOGY_CONDITIONED_EIG,348014,39.1508177751914,1.1306627999490562,40.91001296199351,47,1,0,0,101,48,20,15,1000,100
NO_PASSIVE,348015,755.885520110523,2.6788187869203504,445.27923823147125,0,0,0,0,168,48,20,15,1000,100
RANDOM,348015,45.91405698963161,1.3623419235785887,37.461711044862696,59,1,0,0,168,48,20,15,1000,100
HIGHEST_SNR,348015,39.02473926813734,0.712436382856843,39.120607587183684,60,0,0,0,168,48,20,15,1000,100
SHORTEST_PULSE,348015,54.05537628475348,1.3365034574860963,26.388483550049944,58,2,0,0,168,48,20,15,1000,100
METROLOGY_CONDITIONED_EIG,348015,39.10358867518517,1.144080651500427,25.880157489626697,59,1,0,0,168,48,20,15,1000,100
NO_PASSIVE,348016,738.5180339312856,3.2917045681887576,445.27923823147125,0,0,0,0,133,48,20,15,1000,100
RANDOM,348016,27.463465749506028,0.4869070671628721,42.93969155400266,50,0,0,0,133,48,20,15,1000,100
HIGHEST_SNR,348016,46.94373057459705,0.6013509443230577,39.5640179898989,50,0,0,0,133,48,20,15,1000,100
SHORTEST_PULSE,348016,28.103293094665577,0.18934548348976288,36.78646291240913,49,1,0,0,133,48,20,15,1000,100
METROLOGY_CONDITIONED_EIG,348016,18.940312631784998,0.37641880256725996,34.97432592439486,49,1,0,0,133,48,20,15,1000,100
NO_PASSIVE,348017,423.75149070904456,2.334554824852006,445.27923823147125,0,0,0,0,267,48,20,15,1000,100
RANDOM,348017,24.728745164322685,0.8018183878915808,27.15310839806714,59,1,0,0,267,48,20,15,1000,100
HIGHEST_SNR,348017,74.45545142466571,1.8681581491683943,30.870289900082337,57,3,0,0,267,48,20,15,1000,100
SHORTEST_PULSE,348017,32.604539584501914,0.4920484174183257,20.528342612739934,60,0,0,0,267,48,20,15,1000,100
METROLOGY_CONDITIONED_EIG,348017,19.914897553376306,0.4594539817377073,19.182140822103566,59,1,0,0,267,48,20,15,1000,100
NO_PASSIVE,348018,234.8308516857047,0.27163765206933055,445.27923823147125,0,0,0,0,187,48,20,15,1000,100
RANDOM,348018,37.28045451592879,0.5619382626442304,42.36617078101525,58,0,0,0,187,48,20,15,1000,100
HIGHEST_SNR,348018,57.64230075846205,0.8188039397737317,41.368664255040144,58,0,0,0,187,48,20,15,1000,100
SHORTEST_PULSE,348018,55.79802092203228,1.7992850945408956,36.761360962963835,58,0,0,0,187,48,20,15,1000,100
METROLOGY_CONDITIONED_EIG,348018,57.1655932941536,1.1414024618988179,35.620890880341584,58,0,0,0,187,48,20,15,1000,100
NO_PASSIVE,348019,858.3893035030227,0.9605678366823222,445.27923823147125,0,0,0,0,244,48,20,15,1000,100
RANDOM,348019,15.79873244272506,0.7928295308917622,34.78750664810732,60,0,0,0,244,48,20,15,1000,100
HIGHEST_SNR,348019,13.384395278669391,0.26898947514859206,39.07477482498953,60,0,0,0,244,48,20,15,1000,100
SHORTEST_PULSE,348019,13.211006231956372,1.0048230001803355,29.634098176147926,60,0,0,0,244,48,20,15,1000,100
METROLOGY_CONDITIONED_EIG,348019,19.714099226841956,0.6067697024265596,23.326783582993933,60,0,0,0,244,48,20,15,1000,100
NO_PASSIVE,348020,233.7265486869309,0.966643034251846,445.27923823147125,0,0,0,0,248,48,20,15,1000,100
RANDOM,348020,27.553502074764772,0.8856548687920182,25.852906893989804,60,0,0,0,248,48,20,15,1000,100
HIGHEST_SNR,348020,42.20840523352507,1.298584553640513,37.49217188198716,60,0,0,0,248,48,20,15,1000,100
SHORTEST_PULSE,348020,28.100835008069453,1.4598939227617351,18.76381109338049,60,0,0,0,248,48,20,15,1000,100
METROLOGY_CONDITIONED_EIG,348020,13.617900740907967,0.5897387955710534,18.544985183822895,59,1,0,0,248,48,20,15,1000,100
NO_PASSIVE,348021,457.9422594038021,1.346549668370895,445.27923823147125,0,0,0,0,236,48,20,15,1000,100
RANDOM,348021,26.97388653278761,0.6318742837429332,31.578058328985403,60,0,0,0,236,48,20,15,1000,100
HIGHEST_SNR,348021,52.06973853632602,0.9059789930880342,62.841781819008226,59,1,0,0,236,48,20,15,1000,100
SHORTEST_PULSE,348021,37.122309806067186,0.8324052332643748,28.73955600387159,60,0,0,0,236,48,20,15,1000,100
METROLOGY_CONDITIONED_EIG,348021,26.647676201362977,0.7992960043711009,28.331907145128923,60,0,0,0,236,48,20,15,1000,100
NO_PASSIVE,348022,257.7084311616723,0.7161399072891325,445.27923823147125,0,0,0,0,227,48,20,15,1000,100
RANDOM,348022,28.135514242069068,0.9558934038616899,28.678005882955524,58,0,0,0,227,48,20,15,1000,100
HIGHEST_SNR,348022,10.203715444736659,0.5111928697612748,30.563482197031483,57,1,0,0,227,48,20,15,1000,100
SHORTEST_PULSE,348022,56.59875323518289,1.6795549001416918,26.81212908978948,58,0,0,0,227,48,20,15,1000,100
METROLOGY_CONDITIONED_EIG,348022,28.26081802314259,0.937186230933341,21.983364534436888,58,0,0,0,227,48,20,15,1000,100
NO_PASSIVE,348023,428.3550863182644,3.066712220585575,445.27923823147125,0,0,0,0,303,48,20,15,1000,100
RANDOM,348023,39.527959128460836,0.44054419915913084,30.54539014715796,60,0,0,0,303,48,20,15,1000,100
HIGHEST_SNR,348023,59.05495711896022,2.4251343453325873,40.8199822524077,60,0,0,0,303,48,20,15,1000,100
SHORTEST_PULSE,348023,14.664050301162423,0.7085084878297541,23.35756765265405,59,1,0,0,303,48,20,15,1000,100
METROLOGY_CONDITIONED_EIG,348023,17.26123067139558,0.8343223209441197,21.474848137932547,59,1,0,0,303,48,20,15,1000,100
NO_PASSIVE,348024,510.5619284674702,1.2391766436984575,445.27923823147125,0,0,0,0,219,48,20,15,1000,100
RANDOM,348024,22.11365530218248,1.2734200053160594,34.87243314704421,58,2,0,0,219,48,20,15,1000,100
HIGHEST_SNR,348024,59.979261158791836,1.0229340430485854,65.08677799425432,59,1,0,0,219,48,20,15,1000,100
SHORTEST_PULSE,348024,22.01442164698154,0.5645956185959644,41.20100681888606,60,0,0,0,219,48,20,15,1000,100
METROLOGY_CONDITIONED_EIG,348024,13.603117851889913,1.1336304398906234,27.279777599177354,60,0,0,0,219,48,20,15,1000,100
NO_PASSIVE,348025,540.2405140190963,1.4206562350198428,445.27923823147125,0,0,0,0,224,48,20,15,1000,100
RANDOM,348025,23.599452397395037,0.8230307624281038,28.182207102490615,59,1,0,0,224,48,20,15,1000,100
HIGHEST_SNR,348025,48.37369730242742,0.3185200107183342,36.56736258762355,59,1,0,0,224,48,20,15,1000,100
SHORTEST_PULSE,348025,31.96426323412222,0.7129205163720325,24.415012945326136,60,0,0,0,224,48,20,15,1000,100
METROLOGY_CONDITIONED_EIG,348025,7.291101197837412,0.22948113710407606,21.822322569186866,60,0,0,0,224,48,20,15,1000,100
NO_PASSIVE,348026,596.0309039352693,3.269589765707553,445.27923823147125,0,0,0,0,197,48,20,15,1000,100
RANDOM,348026,81.15695437477336,2.549492830217643,47.25456520456574,59,1,0,0,197,48,20,15,1000,100
HIGHEST_SNR,348026,55.73986256728428,3.5345996012157914,75.57582069143805,59,1,0,0,197,48,20,15,1000,100
SHORTEST_PULSE,348026,98.77176588439883,2.4547299586723854,42.62572414722562,57,3,0,0,197,48,20,15,1000,100
METROLOGY_CONDITIONED_EIG,348026,28.008818800239556,1.5282414967837878,39.54993455723653,56,4,0,0,197,48,20,15,1000,100
NO_PASSIVE,348027,210.11396134621958,1.5675689672917013,445.27923823147125,0,0,0,0,256,48,20,15,1000,100
RANDOM,348027,33.77165459727987,0.18347661012758013,50.346454874535354,57,3,0,0,256,48,20,15,1000,100
HIGHEST_SNR,348027,11.743352951297737,0.8614691200517957,61.40482167600701,59,1,0,0,256,48,20,15,1000,100
SHORTEST_PULSE,348027,28.429166753278984,0.6422455657883611,33.18039427643633,59,1,0,0,256,48,20,15,1000,100
METROLOGY_CONDITIONED_EIG,348027,10.104595513516587,0.6113035578709084,32.97607638118379,58,2,0,0,256,48,20,15,1000,100
NO_PASSIVE,348028,346.2532545242509,4.128878230696979,445.27923823147125,0,0,0,0,221,48,20,15,1000,100
RANDOM,348028,9.919948829296404,0.2238516628755706,29.03164425908112,58,2,0,0,221,48,20,15,1000,100
HIGHEST_SNR,348028,29.598776009074314,0.22977072838803042,46.96670810904408,60,0,0,0,221,48,20,15,1000,100
SHORTEST_PULSE,348028,36.86973419535562,0.8771936590481061,26.220325659659107,59,1,0,0,221,48,20,15,1000,100
METROLOGY_CONDITIONED_EIG,348028,10.432098453784826,0.4554009571681432,24.938711971547065,60,0,0,0,221,48,20,15,1000,100
NO_PASSIVE,348029,381.5226329081956,1.0625868663125446,445.27923823147125,0,0,0,0,219,48,20,15,1000,100
RANDOM,348029,17.813497554174123,0.6452655172362253,26.862443133772796,57,1,0,0,219,48,20,15,1000,100
HIGHEST_SNR,348029,29.817735390557242,0.3434322700631867,31.32262268548774,57,1,0,0,219,48,20,15,1000,100
SHORTEST_PULSE,348029,2.3521217517926782,0.17463117510228257,21.124686586160752,58,0,0,0,219,48,20,15,1000,100
METROLOGY_CONDITIONED_EIG,348029,11.185345530245542,0.4136601578382421,20.69212438425282,57,1,0,0,219,48,20,15,1000,100
NO_PASSIVE,349000,341.7244559536555,1.7862180355157318,445.27923823147125,0,0,0,0,0,49,20,25,10,30
RANDOM,349000,341.7244559536555,1.7862180355157318,445.27923823147125,0,0,0,0,0,49,20,25,10,30
HIGHEST_SNR,349000,341.7244559536555,1.7862180355157318,445.27923823147125,0,0,0,0,0,49,20,25,10,30
SHORTEST_PULSE,349000,341.7244559536555,1.7862180355157318,445.27923823147125,0,0,0,0,0,49,20,25,10,30
METROLOGY_CONDITIONED_EIG,349000,341.7244559536555,1.7862180355157318,445.27923823147125,0,0,0,0,0,49,20,25,10,30
NO_PASSIVE,349001,497.98362698887365,2.9844963772182966,445.27923823147125,0,0,0,0,2,49,20,25,10,30
RANDOM,349001,377.8023416029768,2.589204853310233,320.4531997074447,2,0,0,0,2,49,20,25,10,30
HIGHEST_SNR,349001,377.8023416029768,2.589204853310233,320.4531997074447,2,0,0,0,2,49,20,25,10,30
SHORTEST_PULSE,349001,377.8023416029768,2.589204853310233,320.4531997074447,2,0,0,0,2,49,20,25,10,30
METROLOGY_CONDITIONED_EIG,349001,377.8023416029768,2.589204853310233,320.4531997074447,2,0,0,0,2,49,20,25,10,30
NO_PASSIVE,349002,634.5859527962372,1.6370080245300471,445.27923823147125,0,0,0,0,0,49,20,25,10,30
RANDOM,349002,634.5859527962372,1.6370080245300471,445.27923823147125,0,0,0,0,0,49,20,25,10,30
HIGHEST_SNR,349002,634.5859527962372,1.6370080245300471,445.27923823147125,0,0,0,0,0,49,20,25,10,30
SHORTEST_PULSE,349002,634.5859527962372,1.6370080245300471,445.27923823147125,0,0,0,0,0,49,20,25,10,30
METROLOGY_CONDITIONED_EIG,349002,634.5859527962372,1.6370080245300471,445.27923823147125,0,0,0,0,0,49,20,25,10,30
NO_PASSIVE,349003,582.8479184645569,1.0493212521422612,445.27923823147125,0,0,0,0,0,49,20,25,10,30
RANDOM,349003,582.8479184645569,1.0493212521422612,445.27923823147125,0,0,0,0,0,49,20,25,10,30
HIGHEST_SNR,349003,582.8479184645569,1.0493212521422612,445.27923823147125,0,0,0,0,0,49,20,25,10,30
SHORTEST_PULSE,349003,582.8479184645569,1.0493212521422612,445.27923823147125,0,0,0,0,0,49,20,25,10,30
METROLOGY_CONDITIONED_EIG,349003,582.8479184645569,1.0493212521422612,445.27923823147125,0,0,0,0,0,49,20,25,10,30
NO_PASSIVE,349004,245.05460233250537,1.4716350763341342,445.27923823147125,0,0,0,0,0,49,20,25,10,30
RANDOM,349004,245.05460233250537,1.4716350763341342,445.27923823147125,0,0,0,0,0,49,20,25,10,30
HIGHEST_SNR,349004,245.05460233250537,1.4716350763341342,445.27923823147125,0,0,0,0,0,49,20,25,10,30
SHORTEST_PULSE,349004,245.05460233250537,1.4716350763341342,445.27923823147125,0,0,0,0,0,49,20,25,10,30
METROLOGY_CONDITIONED_EIG,349004,245.05460233250537,1.4716350763341342,445.27923823147125,0,0,0,0,0,49,20,25,10,30
NO_PASSIVE,349005,267.33981325849294,1.2503888474263385,445.27923823147125,0,0,0,0,0,49,20,25,10,30
RANDOM,349005,267.33981325849294,1.2503888474263385,445.27923823147125,0,0,0,0,0,49,20,25,10,30
HIGHEST_SNR,349005,267.33981325849294,1.2503888474263385,445.27923823147125,0,0,0,0,0,49,20,25,10,30
SHORTEST_PULSE,349005,267.33981325849294,1.2503888474263385,445.27923823147125,0,0,0,0,0,49,20,25,10,30
METROLOGY_CONDITIONED_EIG,349005,267.33981325849294,1.2503888474263385,445.27923823147125,0,0,0,0,0,49,20,25,10,30
NO_PASSIVE,349006,157.88694659712766,1.7303038189422173,445.27923823147125,0,0,0,0,0,49,20,25,10,30
RANDOM,349006,157.88694659712766,1.7303038189422173,445.27923823147125,0,0,0,0,0,49,20,25,10,30
HIGHEST_SNR,349006,157.88694659712766,1.7303038189422173,445.27923823147125,0,0,0,0,0,49,20,25,10,30
SHORTEST_PULSE,349006,157.88694659712766,1.7303038189422173,445.27923823147125,0,0,0,0,0,49,20,25,10,30
METROLOGY_CONDITIONED_EIG,349006,157.88694659712766,1.7303038189422173,445.27923823147125,0,0,0,0,0,49,20,25,10,30
NO_PASSIVE,349007,495.3808935261374,1.710052518289371,445.27923823147125,0,0,0,0,0,49,20,25,10,30
RANDOM,349007,495.3808935261374,1.710052518289371,445.27923823147125,0,0,0,0,0,49,20,25,10,30
HIGHEST_SNR,349007,495.3808935261374,1.710052518289371,445.27923823147125,0,0,0,0,0,49,20,25,10,30
SHORTEST_PULSE,349007,495.3808935261374,1.710052518289371,445.27923823147125,0,0,0,0,0,49,20,25,10,30
METROLOGY_CONDITIONED_EIG,349007,495.3808935261374,1.710052518289371,445.27923823147125,0,0,0,0,0,49,20,25,10,30
NO_PASSIVE,349008,459.20562267356723,2.2416662861154872,445.27923823147125,0,0,0,0,0,49,20,25,10,30
RANDOM,349008,459.20562267356723,2.2416662861154872,445.27923823147125,0,0,0,0,0,49,20,25,10,30
HIGHEST_SNR,349008,459.20562267356723,2.2416662861154872,445.27923823147125,0,0,0,0,0,49,20,25,10,30
SHORTEST_PULSE,349008,459.20562267356723,2.2416662861154872,445.27923823147125,0,0,0,0,0,49,20,25,10,30
METROLOGY_CONDITIONED_EIG,349008,459.20562267356723,2.2416662861154872,445.27923823147125,0,0,0,0,0,49,20,25,10,30
NO_PASSIVE,349009,371.2627105820164,1.057342384850305,445.27923823147125,0,0,0,0,0,49,20,25,10,30
RANDOM,349009,371.2627105820164,1.057342384850305,445.27923823147125,0,0,0,0,0,49,20,25,10,30
HIGHEST_SNR,349009,371.2627105820164,1.057342384850305,445.27923823147125,0,0,0,0,0,49,20,25,10,30
SHORTEST_PULSE,349009,371.2627105820164,1.057342384850305,445.27923823147125,0,0,0,0,0,49,20,25,10,30
METROLOGY_CONDITIONED_EIG,349009,371.2627105820164,1.057342384850305,445.27923823147125,0,0,0,0,0,49,20,25,10,30
NO_PASSIVE,349010,287.10603747617506,2.975204160292992,445.27923823147125,0,0,0,0,0,49,20,25,10,30
RANDOM,349010,287.10603747617506,2.975204160292992,445.27923823147125,0,0,0,0,0,49,20,25,10,30
HIGHEST_SNR,349010,287.10603747617506,2.975204160292992,445.27923823147125,0,0,0,0,0,49,20,25,10,30
SHORTEST_PULSE,349010,287.10603747617506,2.975204160292992,445.27923823147125,0,0,0,0,0,49,20,25,10,30
METROLOGY_CONDITIONED_EIG,349010,287.10603747617506,2.975204160292992,445.27923823147125,0,0,0,0,0,49,20,25,10,30
NO_PASSIVE,349011,189.3986579566625,0.9822066598966347,445.27923823147125,0,0,0,0,0,49,20,25,10,30
RANDOM,349011,189.3986579566625,0.9822066598966347,445.27923823147125,0,0,0,0,0,49,20,25,10,30
HIGHEST_SNR,349011,189.3986579566625,0.9822066598966347,445.27923823147125,0,0,0,0,0,49,20,25,10,30
SHORTEST_PULSE,349011,189.3986579566625,0.9822066598966347,445.27923823147125,0,0,0,0,0,49,20,25,10,30
METROLOGY_CONDITIONED_EIG,349011,189.3986579566625,0.9822066598966347,445.27923823147125,0,0,0,0,0,49,20,25,10,30
NO_PASSIVE,349012,237.62776662148002,0.8918529649412696,445.27923823147125,0,0,0,0,2,49,20,25,10,30
RANDOM,349012,111.11782556092524,0.8080902005154794,320.03634658351655,2,0,0,0,2,49,20,25,10,30
HIGHEST_SNR,349012,111.11782556092524,0.8080902005154794,320.03634658351655,2,0,0,0,2,49,20,25,10,30
SHORTEST_PULSE,349012,111.11782556092524,0.8080902005154794,320.03634658351655,2,0,0,0,2,49,20,25,10,30
METROLOGY_CONDITIONED_EIG,349012,111.11782556092524,0.8080902005154794,320.03634658351655,2,0,0,0,2,49,20,25,10,30
NO_PASSIVE,349013,494.6843916904044,0.44574918763399807,445.27923823147125,0,0,0,0,1,49,20,25,10,30
RANDOM,349013,508.61948855922424,0.3375200243247204,329.7732487175493,1,0,0,0,1,49,20,25,10,30
HIGHEST_SNR,349013,508.61948855922424,0.3375200243247204,329.7732487175493,1,0,0,0,1,49,20,25,10,30
SHORTEST_PULSE,349013,508.61948855922424,0.3375200243247204,329.7732487175493,1,0,0,0,1,49,20,25,10,30
METROLOGY_CONDITIONED_EIG,349013,508.61948855922424,0.3375200243247204,329.7732487175493,1,0,0,0,1,49,20,25,10,30
NO_PASSIVE,349014,1399.8093967925604,2.9827475322974055,445.27923823147125,0,0,0,0,0,49,20,25,10,30
RANDOM,349014,1399.8093967925604,2.9827475322974055,445.27923823147125,0,0,0,0,0,49,20,25,10,30
HIGHEST_SNR,349014,1399.8093967925604,2.9827475322974055,445.27923823147125,0,0,0,0,0,49,20,25,10,30
SHORTEST_PULSE,349014,1399.8093967925604,2.9827475322974055,445.27923823147125,0,0,0,0,0,49,20,25,10,30
METROLOGY_CONDITIONED_EIG,349014,1399.8093967925604,2.9827475322974055,445.27923823147125,0,0,0,0,0,49,20,25,10,30
NO_PASSIVE,349015,534.1454581421223,0.6713372665803296,445.27923823147125,0,0,0,0,0,49,20,25,10,30
RANDOM,349015,534.1454581421223,0.6713372665803296,445.27923823147125,0,0,0,0,0,49,20,25,10,30
HIGHEST_SNR,349015,534.1454581421223,0.6713372665803296,445.27923823147125,0,0,0,0,0,49,20,25,10,30
SHORTEST_PULSE,349015,534.1454581421223,0.6713372665803296,445.27923823147125,0,0,0,0,0,49,20,25,10,30
METROLOGY_CONDITIONED_EIG,349015,534.1454581421223,0.6713372665803296,445.27923823147125,0,0,0,0,0,49,20,25,10,30
NO_PASSIVE,349016,538.3431629234772,0.279503822453458,445.27923823147125,0,0,0,0,1,49,20,25,10,30
RANDOM,349016,368.8330485809513,0.27789432542891146,329.63896947912775,1,0,0,0,1,49,20,25,10,30
HIGHEST_SNR,349016,368.8330485809513,0.27789432542891146,329.63896947912775,1,0,0,0,1,49,20,25,10,30
SHORTEST_PULSE,349016,368.8330485809513,0.27789432542891146,329.63896947912775,1,0,0,0,1,49,20,25,10,30
METROLOGY_CONDITIONED_EIG,349016,368.8330485809513,0.27789432542891146,329.63896947912775,1,0,0,0,1,49,20,25,10,30
NO_PASSIVE,349017,246.7851046555747,0.4289716767152491,445.27923823147125,0,0,0,0,0,49,20,25,10,30
RANDOM,349017,246.7851046555747,0.4289716767152491,445.27923823147125,0,0,0,0,0,49,20,25,10,30
HIGHEST_SNR,349017,246.7851046555747,0.4289716767152491,445.27923823147125,0,0,0,0,0,49,20,25,10,30
SHORTEST_PULSE,349017,246.7851046555747,0.4289716767152491,445.27923823147125,0,0,0,0,0,49,20,25,10,30
METROLOGY_CONDITIONED_EIG,349017,246.7851046555747,0.4289716767152491,445.27923823147125,0,0,0,0,0,49,20,25,10,30
NO_PASSIVE,349018,322.1645537603482,1.736347725601205,445.27923823147125,0,0,0,0,0,49,20,25,10,30
RANDOM,349018,322.1645537603482,1.736347725601205,445.27923823147125,0,0,0,0,0,49,20,25,10,30
HIGHEST_SNR,349018,322.1645537603482,1.736347725601205,445.27923823147125,0,0,0,0,0,49,20,25,10,30
SHORTEST_PULSE,349018,322.1645537603482,1.736347725601205,445.27923823147125,0,0,0,0,0,49,20,25,10,30
METROLOGY_CONDITIONED_EIG,349018,322.1645537603482,1.736347725601205,445.27923823147125,0,0,0,0,0,49,20,25,10,30
NO_PASSIVE,349019,415.17039194161094,2.948848364101419,445.27923823147125,0,0,0,0,0,49,20,25,10,30
RANDOM,349019,415.17039194161094,2.948848364101419,445.27923823147125,0,0,0,0,0,49,20,25,10,30
HIGHEST_SNR,349019,415.17039194161094,2.948848364101419,445.27923823147125,0,0,0,0,0,49,20,25,10,30
SHORTEST_PULSE,349019,415.17039194161094,2.948848364101419,445.27923823147125,0,0,0,0,0,49,20,25,10,30
METROLOGY_CONDITIONED_EIG,349019,415.17039194161094,2.948848364101419,445.27923823147125,0,0,0,0,0,49,20,25,10,30
NO_PASSIVE,349020,593.0596268244052,1.1068822726859333,445.27923823147125,0,0,0,0,0,49,20,25,10,30
RANDOM,349020,593.0596268244052,1.1068822726859333,445.27923823147125,0,0,0,0,0,49,20,25,10,30
HIGHEST_SNR,349020,593.0596268244052,1.1068822726859333,445.27923823147125,0,0,0,0,0,49,20,25,10,30
SHORTEST_PULSE,349020,593.0596268244052,1.1068822726859333,445.27923823147125,0,0,0,0,0,49,20,25,10,30
METROLOGY_CONDITIONED_EIG,349020,593.0596268244052,1.1068822726859333,445.27923823147125,0,0,0,0,0,49,20,25,10,30
NO_PASSIVE,349021,219.64917635788956,1.3679688849873004,445.27923823147125,0,0,0,0,0,49,20,25,10,30
RANDOM,349021,219.64917635788956,1.3679688849873004,445.27923823147125,0,0,0,0,0,49,20,25,10,30
HIGHEST_SNR,349021,219.64917635788956,1.3679688849873004,445.27923823147125,0,0,0,0,0,49,20,25,10,30
SHORTEST_PULSE,349021,219.64917635788956,1.3679688849873004,445.27923823147125,0,0,0,0,0,49,20,25,10,30
METROLOGY_CONDITIONED_EIG,349021,219.64917635788956,1.3679688849873004,445.27923823147125,0,0,0,0,0,49,20,25,10,30
NO_PASSIVE,349022,135.16247697470394,1.383274782574977,445.27923823147125,0,0,0,0,0,49,20,25,10,30
RANDOM,349022,135.16247697470394,1.383274782574977,445.27923823147125,0,0,0,0,0,49,20,25,10,30
HIGHEST_SNR,349022,135.16247697470394,1.383274782574977,445.27923823147125,0,0,0,0,0,49,20,25,10,30
SHORTEST_PULSE,349022,135.16247697470394,1.383274782574977,445.27923823147125,0,0,0,0,0,49,20,25,10,30
METROLOGY_CONDITIONED_EIG,349022,135.16247697470394,1.383274782574977,445.27923823147125,0,0,0,0,0,49,20,25,10,30
NO_PASSIVE,349023,235.49695340669155,2.188208046695436,445.27923823147125,0,0,0,0,0,49,20,25,10,30
RANDOM,349023,235.49695340669155,2.188208046695436,445.27923823147125,0,0,0,0,0,49,20,25,10,30
HIGHEST_SNR,349023,235.49695340669155,2.188208046695436,445.27923823147125,0,0,0,0,0,49,20,25,10,30
SHORTEST_PULSE,349023,235.49695340669155,2.188208046695436,445.27923823147125,0,0,0,0,0,49,20,25,10,30
METROLOGY_CONDITIONED_EIG,349023,235.49695340669155,2.188208046695436,445.27923823147125,0,0,0,0,0,49,20,25,10,30
NO_PASSIVE,349024,960.5097640855314,2.422686735148784,445.27923823147125,0,0,0,0,0,49,20,25,10,30
RANDOM,349024,960.5097640855314,2.422686735148784,445.27923823147125,0,0,0,0,0,49,20,25,10,30
HIGHEST_SNR,349024,960.5097640855314,2.422686735148784,445.27923823147125,0,0,0,0,0,49,20,25,10,30
SHORTEST_PULSE,349024,960.5097640855314,2.422686735148784,445.27923823147125,0,0,0,0,0,49,20,25,10,30
METROLOGY_CONDITIONED_EIG,349024,960.5097640855314,2.422686735148784,445.27923823147125,0,0,0,0,0,49,20,25,10,30
NO_PASSIVE,349025,458.67901770690116,0.4718568457361215,445.27923823147125,0,0,0,0,0,49,20,25,10,30
RANDOM,349025,458.67901770690116,0.4718568457361215,445.27923823147125,0,0,0,0,0,49,20,25,10,30
HIGHEST_SNR,349025,458.67901770690116,0.4718568457361215,445.27923823147125,0,0,0,0,0,49,20,25,10,30
SHORTEST_PULSE,349025,458.67901770690116,0.4718568457361215,445.27923823147125,0,0,0,0,0,49,20,25,10,30
METROLOGY_CONDITIONED_EIG,349025,458.67901770690116,0.4718568457361215,445.27923823147125,0,0,0,0,0,49,20,25,10,30
NO_PASSIVE,349026,248.18734087461007,2.3426071835284827,445.27923823147125,0,0,0,0,0,49,20,25,10,30
RANDOM,349026,248.18734087461007,2.3426071835284827,445.27923823147125,0,0,0,0,0,49,20,25,10,30
HIGHEST_SNR,349026,248.18734087461007,2.3426071835284827,445.27923823147125,0,0,0,0,0,49,20,25,10,30
SHORTEST_PULSE,349026,248.18734087461007,2.3426071835284827,445.27923823147125,0,0,0,0,0,49,20,25,10,30
METROLOGY_CONDITIONED_EIG,349026,248.18734087461007,2.3426071835284827,445.27923823147125,0,0,0,0,0,49,20,25,10,30
NO_PASSIVE,349027,382.96293434141415,1.661388846158087,445.27923823147125,0,0,0,0,0,49,20,25,10,30
RANDOM,349027,382.96293434141415,1.661388846158087,445.27923823147125,0,0,0,0,0,49,20,25,10,30
HIGHEST_SNR,349027,382.96293434141415,1.661388846158087,445.27923823147125,0,0,0,0,0,49,20,25,10,30
SHORTEST_PULSE,349027,382.96293434141415,1.661388846158087,445.27923823147125,0,0,0,0,0,49,20,25,10,30
METROLOGY_CONDITIONED_EIG,349027,382.96293434141415,1.661388846158087,445.27923823147125,0,0,0,0,0,49,20,25,10,30
NO_PASSIVE,349028,225.78005160361002,0.5309843068932056,445.27923823147125,0,0,0,0,1,49,20,25,10,30
RANDOM,349028,53.21998153556799,0.5476898859845817,348.63696087842743,1,0,0,0,1,49,20,25,10,30
HIGHEST_SNR,349028,53.21998153556799,0.5476898859845817,348.63696087842743,1,0,0,0,1,49,20,25,10,30
SHORTEST_PULSE,349028,53.21998153556799,0.5476898859845817,348.63696087842743,1,0,0,0,1,49,20,25,10,30
METROLOGY_CONDITIONED_EIG,349028,53.21998153556799,0.5476898859845817,348.63696087842743,1,0,0,0,1,49,20,25,10,30
NO_PASSIVE,349029,533.074269495668,1.1784660117403112,445.27923823147125,0,0,0,0,0,49,20,25,10,30
RANDOM,349029,533.074269495668,1.1784660117403112,445.27923823147125,0,0,0,0,0,49,20,25,10,30
HIGHEST_SNR,349029,533.074269495668,1.1784660117403112,445.27923823147125,0,0,0,0,0,49,20,25,10,30
SHORTEST_PULSE,349029,533.074269495668,1.1784660117403112,445.27923823147125,0,0,0,0,0,49,20,25,10,30
METROLOGY_CONDITIONED_EIG,349029,533.074269495668,1.1784660117403112,445.27923823147125,0,0,0,0,0,49,20,25,10,30
NO_PASSIVE,350000,353.2392942016496,2.5697230903164,445.27923823147125,0,0,0,0,0,50,20,25,10,100
RANDOM,350000,353.2392942016496,2.5697230903164,445.27923823147125,0,0,0,0,0,50,20,25,10,100
HIGHEST_SNR,350000,353.2392942016496,2.5697230903164,445.27923823147125,0,0,0,0,0,50,20,25,10,100
SHORTEST_PULSE,350000,353.2392942016496,2.5697230903164,445.27923823147125,0,0,0,0,0,50,20,25,10,100
METROLOGY_CONDITIONED_EIG,350000,353.2392942016496,2.5697230903164,445.27923823147125,0,0,0,0,0,50,20,25,10,100
NO_PASSIVE,350001,141.85834039206708,0.8845248901757934,445.27923823147125,0,0,0,0,0,50,20,25,10,100
RANDOM,350001,141.85834039206708,0.8845248901757934,445.27923823147125,0,0,0,0,0,50,20,25,10,100
HIGHEST_SNR,350001,141.85834039206708,0.8845248901757934,445.27923823147125,0,0,0,0,0,50,20,25,10,100
SHORTEST_PULSE,350001,141.85834039206708,0.8845248901757934,445.27923823147125,0,0,0,0,0,50,20,25,10,100
METROLOGY_CONDITIONED_EIG,350001,141.85834039206708,0.8845248901757934,445.27923823147125,0,0,0,0,0,50,20,25,10,100
NO_PASSIVE,350002,384.86087603117164,1.079192101366985,445.27923823147125,0,0,0,0,0,50,20,25,10,100
RANDOM,350002,384.86087603117164,1.079192101366985,445.27923823147125,0,0,0,0,0,50,20,25,10,100
HIGHEST_SNR,350002,384.86087603117164,1.079192101366985,445.27923823147125,0,0,0,0,0,50,20,25,10,100
SHORTEST_PULSE,350002,384.86087603117164,1.079192101366985,445.27923823147125,0,0,0,0,0,50,20,25,10,100
METROLOGY_CONDITIONED_EIG,350002,384.86087603117164,1.079192101366985,445.27923823147125,0,0,0,0,0,50,20,25,10,100
NO_PASSIVE,350003,441.91763185171317,2.538027006235236,445.27923823147125,0,0,0,0,0,50,20,25,10,100
RANDOM,350003,441.91763185171317,2.538027006235236,445.27923823147125,0,0,0,0,0,50,20,25,10,100
HIGHEST_SNR,350003,441.91763185171317,2.538027006235236,445.27923823147125,0,0,0,0,0,50,20,25,10,100
SHORTEST_PULSE,350003,441.91763185171317,2.538027006235236,445.27923823147125,0,0,0,0,0,50,20,25,10,100
METROLOGY_CONDITIONED_EIG,350003,441.91763185171317,2.538027006235236,445.27923823147125,0,0,0,0,0,50,20,25,10,100
NO_PASSIVE,350004,259.6285592305903,1.3977674530893327,445.27923823147125,0,0,0,0,0,50,20,25,10,100
RANDOM,350004,259.6285592305903,1.3977674530893327,445.27923823147125,0,0,0,0,0,50,20,25,10,100
HIGHEST_SNR,350004,259.6285592305903,1.3977674530893327,445.27923823147125,0,0,0,0,0,50,20,25,10,100
SHORTEST_PULSE,350004,259.6285592305903,1.3977674530893327,445.27923823147125,0,0,0,0,0,50,20,25,10,100
METROLOGY_CONDITIONED_EIG,350004,259.6285592305903,1.3977674530893327,445.27923823147125,0,0,0,0,0,50,20,25,10,100
NO_PASSIVE,350005,239.6009060193835,1.051648284525295,445.27923823147125,0,0,0,0,0,50,20,25,10,100
RANDOM,350005,239.6009060193835,1.051648284525295,445.27923823147125,0,0,0,0,0,50,20,25,10,100
HIGHEST_SNR,350005,239.6009060193835,1.051648284525295,445.27923823147125,0,0,0,0,0,50,20,25,10,100
SHORTEST_PULSE,350005,239.6009060193835,1.051648284525295,445.27923823147125,0,0,0,0,0,50,20,25,10,100
METROLOGY_CONDITIONED_EIG,350005,239.6009060193835,1.051648284525295,445.27923823147125,0,0,0,0,0,50,20,25,10,100
NO_PASSIVE,350006,259.5142271097218,4.16059973631803,445.27923823147125,0,0,0,0,0,50,20,25,10,100
RANDOM,350006,259.5142271097218,4.16059973631803,445.27923823147125,0,0,0,0,0,50,20,25,10,100
HIGHEST_SNR,350006,259.5142271097218,4.16059973631803,445.27923823147125,0,0,0,0,0,50,20,25,10,100
SHORTEST_PULSE,350006,259.5142271097218,4.16059973631803,445.27923823147125,0,0,0,0,0,50,20,25,10,100
METROLOGY_CONDITIONED_EIG,350006,259.5142271097218,4.16059973631803,445.27923823147125,0,0,0,0,0,50,20,25,10,100
NO_PASSIVE,350007,292.11770325528266,1.7206839013482056,445.27923823147125,0,0,0,0,0,50,20,25,10,100
RANDOM,350007,292.11770325528266,1.7206839013482056,445.27923823147125,0,0,0,0,0,50,20,25,10,100
HIGHEST_SNR,350007,292.11770325528266,1.7206839013482056,445.27923823147125,0,0,0,0,0,50,20,25,10,100
SHORTEST_PULSE,350007,292.11770325528266,1.7206839013482056,445.27923823147125,0,0,0,0,0,50,20,25,10,100
METROLOGY_CONDITIONED_EIG,350007,292.11770325528266,1.7206839013482056,445.27923823147125,0,0,0,0,0,50,20,25,10,100
NO_PASSIVE,350008,442.1542830786261,1.7560538553889364,445.27923823147125,0,0,0,0,0,50,20,25,10,100
RANDOM,350008,442.1542830786261,1.7560538553889364,445.27923823147125,0,0,0,0,0,50,20,25,10,100
HIGHEST_SNR,350008,442.1542830786261,1.7560538553889364,445.27923823147125,0,0,0,0,0,50,20,25,10,100
SHORTEST_PULSE,350008,442.1542830786261,1.7560538553889364,445.27923823147125,0,0,0,0,0,50,20,25,10,100
METROLOGY_CONDITIONED_EIG,350008,442.1542830786261,1.7560538553889364,445.27923823147125,0,0,0,0,0,50,20,25,10,100
NO_PASSIVE,350009,811.379264291183,3.0826612008143472,445.27923823147125,0,0,0,0,0,50,20,25,10,100
RANDOM,350009,811.379264291183,3.0826612008143472,445.27923823147125,0,0,0,0,0,50,20,25,10,100
HIGHEST_SNR,350009,811.379264291183,3.0826612008143472,445.27923823147125,0,0,0,0,0,50,20,25,10,100
SHORTEST_PULSE,350009,811.379264291183,3.0826612008143472,445.27923823147125,0,0,0,0,0,50,20,25,10,100
METROLOGY_CONDITIONED_EIG,350009,811.379264291183,3.0826612008143472,445.27923823147125,0,0,0,0,0,50,20,25,10,100
NO_PASSIVE,350010,339.3214499333591,2.087900787812418,445.27923823147125,0,0,0,0,0,50,20,25,10,100
RANDOM,350010,339.3214499333591,2.087900787812418,445.27923823147125,0,0,0,0,0,50,20,25,10,100
HIGHEST_SNR,350010,339.3214499333591,2.087900787812418,445.27923823147125,0,0,0,0,0,50,20,25,10,100
SHORTEST_PULSE,350010,339.3214499333591,2.087900787812418,445.27923823147125,0,0,0,0,0,50,20,25,10,100
METROLOGY_CONDITIONED_EIG,350010,339.3214499333591,2.087900787812418,445.27923823147125,0,0,0,0,0,50,20,25,10,100
NO_PASSIVE,350011,439.53607177691555,2.597826040970422,445.27923823147125,0,0,0,0,1,50,20,25,10,100
RANDOM,350011,215.00567879017953,2.3706491816560873,334.3915791197322,1,0,0,0,1,50,20,25,10,100
HIGHEST_SNR,350011,215.00567879017953,2.3706491816560873,334.3915791197322,1,0,0,0,1,50,20,25,10,100
SHORTEST_PULSE,350011,215.00567879017953,2.3706491816560873,334.3915791197322,1,0,0,0,1,50,20,25,10,100
METROLOGY_CONDITIONED_EIG,350011,215.00567879017953,2.3706491816560873,334.3915791197322,1,0,0,0,1,50,20,25,10,100
NO_PASSIVE,350012,480.7861126975337,3.25703064753612,445.27923823147125,0,0,0,0,0,50,20,25,10,100
RANDOM,350012,480.7861126975337,3.25703064753612,445.27923823147125,0,0,0,0,0,50,20,25,10,100
HIGHEST_SNR,350012,480.7861126975337,3.25703064753612,445.27923823147125,0,0,0,0,0,50,20,25,10,100
SHORTEST_PULSE,350012,480.7861126975337,3.25703064753612,445.27923823147125,0,0,0,0,0,50,20,25,10,100
METROLOGY_CONDITIONED_EIG,350012,480.7861126975337,3.25703064753612,445.27923823147125,0,0,0,0,0,50,20,25,10,100
NO_PASSIVE,350013,67.14678390203686,1.2454534030975777,445.27923823147125,0,0,0,0,0,50,20,25,10,100
RANDOM,350013,67.14678390203686,1.2454534030975777,445.27923823147125,0,0,0,0,0,50,20,25,10,100
HIGHEST_SNR,350013,67.14678390203686,1.2454534030975777,445.27923823147125,0,0,0,0,0,50,20,25,10,100
SHORTEST_PULSE,350013,67.14678390203686,1.2454534030975777,445.27923823147125,0,0,0,0,0,50,20,25,10,100
METROLOGY_CONDITIONED_EIG,350013,67.14678390203686,1.2454534030975777,445.27923823147125,0,0,0,0,0,50,20,25,10,100
NO_PASSIVE,350014,626.473901635779,0.651676569754249,445.27923823147125,0,0,0,0,2,50,20,25,10,100
RANDOM,350014,112.39322937194417,0.6437650948647093,323.4169893793916,2,0,0,0,2,50,20,25,10,100
HIGHEST_SNR,350014,112.39322937194417,0.6437650948647093,323.4169893793916,2,0,0,0,2,50,20,25,10,100
SHORTEST_PULSE,350014,112.39322937194417,0.6437650948647093,323.4169893793916,2,0,0,0,2,50,20,25,10,100
METROLOGY_CONDITIONED_EIG,350014,112.39322937194417,0.6437650948647093,323.4169893793916,2,0,0,0,2,50,20,25,10,100
NO_PASSIVE,350015,60.19044068087126,1.1073552323322364,445.27923823147125,0,0,0,0,0,50,20,25,10,100
RANDOM,350015,60.19044068087126,1.1073552323322364,445.27923823147125,0,0,0,0,0,50,20,25,10,100
HIGHEST_SNR,350015,60.19044068087126,1.1073552323322364,445.27923823147125,0,0,0,0,0,50,20,25,10,100
SHORTEST_PULSE,350015,60.19044068087126,1.1073552323322364,445.27923823147125,0,0,0,0,0,50,20,25,10,100
METROLOGY_CONDITIONED_EIG,350015,60.19044068087126,1.1073552323322364,445.27923823147125,0,0,0,0,0,50,20,25,10,100
NO_PASSIVE,350016,566.8949961187893,0.6562148265803681,445.27923823147125,0,0,0,0,0,50,20,25,10,100
RANDOM,350016,566.8949961187893,0.6562148265803681,445.27923823147125,0,0,0,0,0,50,20,25,10,100
HIGHEST_SNR,350016,566.8949961187893,0.6562148265803681,445.27923823147125,0,0,0,0,0,50,20,25,10,100
SHORTEST_PULSE,350016,566.8949961187893,0.6562148265803681,445.27923823147125,0,0,0,0,0,50,20,25,10,100
METROLOGY_CONDITIONED_EIG,350016,566.8949961187893,0.6562148265803681,445.27923823147125,0,0,0,0,0,50,20,25,10,100
NO_PASSIVE,350017,655.5603819472244,1.1920501559670238,445.27923823147125,0,0,0,0,0,50,20,25,10,100
RANDOM,350017,655.5603819472244,1.1920501559670238,445.27923823147125,0,0,0,0,0,50,20,25,10,100
HIGHEST_SNR,350017,655.5603819472244,1.1920501559670238,445.27923823147125,0,0,0,0,0,50,20,25,10,100
SHORTEST_PULSE,350017,655.5603819472244,1.1920501559670238,445.27923823147125,0,0,0,0,0,50,20,25,10,100
METROLOGY_CONDITIONED_EIG,350017,655.5603819472244,1.1920501559670238,445.27923823147125,0,0,0,0,0,50,20,25,10,100
NO_PASSIVE,350018,104.71947224417421,1.4231202235768194,445.27923823147125,0,0,0,0,0,50,20,25,10,100
RANDOM,350018,104.71947224417421,1.4231202235768194,445.27923823147125,0,0,0,0,0,50,20,25,10,100
HIGHEST_SNR,350018,104.71947224417421,1.4231202235768194,445.27923823147125,0,0,0,0,0,50,20,25,10,100
SHORTEST_PULSE,350018,104.71947224417421,1.4231202235768194,445.27923823147125,0,0,0,0,0,50,20,25,10,100
METROLOGY_CONDITIONED_EIG,350018,104.71947224417421,1.4231202235768194,445.27923823147125,0,0,0,0,0,50,20,25,10,100
NO_PASSIVE,350019,361.8377295020478,1.9429229430685968,445.27923823147125,0,0,0,0,16,50,20,25,10,100
RANDOM,350019,65.25207542446329,2.328590825226367,241.32062933376355,16,0,0,0,16,50,20,25,10,100
HIGHEST_SNR,350019,65.25207542446329,2.328590825226367,241.32062933376355,16,0,0,0,16,50,20,25,10,100
SHORTEST_PULSE,350019,65.25207542446329,2.328590825226367,241.32062933376355,16,0,0,0,16,50,20,25,10,100
METROLOGY_CONDITIONED_EIG,350019,65.25207542446329,2.328590825226367,241.32062933376355,16,0,0,0,16,50,20,25,10,100
NO_PASSIVE,350020,342.517529237845,0.14366498834602798,445.27923823147125,0,0,0,0,0,50,20,25,10,100
RANDOM,350020,342.517529237845,0.14366498834602798,445.27923823147125,0,0,0,0,0,50,20,25,10,100
HIGHEST_SNR,350020,342.517529237845,0.14366498834602798,445.27923823147125,0,0,0,0,0,50,20,25,10,100
SHORTEST_PULSE,350020,342.517529237845,0.14366498834602798,445.27923823147125,0,0,0,0,0,50,20,25,10,100
METROLOGY_CONDITIONED_EIG,350020,342.517529237845,0.14366498834602798,445.27923823147125,0,0,0,0,0,50,20,25,10,100
NO_PASSIVE,350021,495.13312347974636,2.1504535694119125,445.27923823147125,0,0,0,0,0,50,20,25,10,100
RANDOM,350021,495.13312347974636,2.1504535694119125,445.27923823147125,0,0,0,0,0,50,20,25,10,100
HIGHEST_SNR,350021,495.13312347974636,2.1504535694119125,445.27923823147125,0,0,0,0,0,50,20,25,10,100
SHORTEST_PULSE,350021,495.13312347974636,2.1504535694119125,445.27923823147125,0,0,0,0,0,50,20,25,10,100
METROLOGY_CONDITIONED_EIG,350021,495.13312347974636,2.1504535694119125,445.27923823147125,0,0,0,0,0,50,20,25,10,100
NO_PASSIVE,350022,287.5471403330105,0.9664134584171065,445.27923823147125,0,0,0,0,0,50,20,25,10,100
RANDOM,350022,287.5471403330105,0.9664134584171065,445.27923823147125,0,0,0,0,0,50,20,25,10,100
HIGHEST_SNR,350022,287.5471403330105,0.9664134584171065,445.27923823147125,0,0,0,0,0,50,20,25,10,100
SHORTEST_PULSE,350022,287.5471403330105,0.9664134584171065,445.27923823147125,0,0,0,0,0,50,20,25,10,100
METROLOGY_CONDITIONED_EIG,350022,287.5471403330105,0.9664134584171065,445.27923823147125,0,0,0,0,0,50,20,25,10,100
NO_PASSIVE,350023,487.98893996615425,2.3120009382819924,445.27923823147125,0,0,0,0,0,50,20,25,10,100
RANDOM,350023,487.98893996615425,2.3120009382819924,445.27923823147125,0,0,0,0,0,50,20,25,10,100
HIGHEST_SNR,350023,487.98893996615425,2.3120009382819924,445.27923823147125,0,0,0,0,0,50,20,25,10,100
SHORTEST_PULSE,350023,487.98893996615425,2.3120009382819924,445.27923823147125,0,0,0,0,0,50,20,25,10,100
METROLOGY_CONDITIONED_EIG,350023,487.98893996615425,2.3120009382819924,445.27923823147125,0,0,0,0,0,50,20,25,10,100
NO_PASSIVE,350024,133.9209326074406,1.0207823442124502,445.27923823147125,0,0,0,0,4,50,20,25,10,100
RANDOM,350024,145.72392423276645,0.8656395741512567,319.8065504902775,4,0,0,0,4,50,20,25,10,100
HIGHEST_SNR,350024,145.72392423276645,0.8656395741512567,319.8065504902775,4,0,0,0,4,50,20,25,10,100
SHORTEST_PULSE,350024,145.72392423276645,0.8656395741512567,319.8065504902775,4,0,0,0,4,50,20,25,10,100
METROLOGY_CONDITIONED_EIG,350024,145.72392423276645,0.8656395741512567,319.8065504902775,4,0,0,0,4,50,20,25,10,100
NO_PASSIVE,350025,362.07785536378344,1.3660026615131646,445.27923823147125,0,0,0,0,0,50,20,25,10,100
RANDOM,350025,362.07785536378344,1.3660026615131646,445.27923823147125,0,0,0,0,0,50,20,25,10,100
HIGHEST_SNR,350025,362.07785536378344,1.3660026615131646,445.27923823147125,0,0,0,0,0,50,20,25,10,100
SHORTEST_PULSE,350025,362.07785536378344,1.3660026615131646,445.27923823147125,0,0,0,0,0,50,20,25,10,100
METROLOGY_CONDITIONED_EIG,350025,362.07785536378344,1.3660026615131646,445.27923823147125,0,0,0,0,0,50,20,25,10,100
NO_PASSIVE,350026,999.0348451806295,3.302829453006659,445.27923823147125,0,0,0,0,0,50,20,25,10,100
RANDOM,350026,999.0348451806295,3.302829453006659,445.27923823147125,0,0,0,0,0,50,20,25,10,100
HIGHEST_SNR,350026,999.0348451806295,3.302829453006659,445.27923823147125,0,0,0,0,0,50,20,25,10,100
SHORTEST_PULSE,350026,999.0348451806295,3.302829453006659,445.27923823147125,0,0,0,0,0,50,20,25,10,100
METROLOGY_CONDITIONED_EIG,350026,999.0348451806295,3.302829453006659,445.27923823147125,0,0,0,0,0,50,20,25,10,100
NO_PASSIVE,350027,155.54794591792768,1.404687853667284,445.27923823147125,0,0,0,0,0,50,20,25,10,100
RANDOM,350027,155.54794591792768,1.404687853667284,445.27923823147125,0,0,0,0,0,50,20,25,10,100
HIGHEST_SNR,350027,155.54794591792768,1.404687853667284,445.27923823147125,0,0,0,0,0,50,20,25,10,100
SHORTEST_PULSE,350027,155.54794591792768,1.404687853667284,445.27923823147125,0,0,0,0,0,50,20,25,10,100
METROLOGY_CONDITIONED_EIG,350027,155.54794591792768,1.404687853667284,445.27923823147125,0,0,0,0,0,50,20,25,10,100
NO_PASSIVE,350028,167.87863668921898,0.4511190387354533,445.27923823147125,0,0,0,0,0,50,20,25,10,100
RANDOM,350028,167.87863668921898,0.4511190387354533,445.27923823147125,0,0,0,0,0,50,20,25,10,100
HIGHEST_SNR,350028,167.87863668921898,0.4511190387354533,445.27923823147125,0,0,0,0,0,50,20,25,10,100
SHORTEST_PULSE,350028,167.87863668921898,0.4511190387354533,445.27923823147125,0,0,0,0,0,50,20,25,10,100
METROLOGY_CONDITIONED_EIG,350028,167.87863668921898,0.4511190387354533,445.27923823147125,0,0,0,0,0,50,20,25,10,100
NO_PASSIVE,350029,221.04811156782546,1.7966926288010043,445.27923823147125,0,0,0,0,0,50,20,25,10,100
RANDOM,350029,221.04811156782546,1.7966926288010043,445.27923823147125,0,0,0,0,0,50,20,25,10,100
HIGHEST_SNR,350029,221.04811156782546,1.7966926288010043,445.27923823147125,0,0,0,0,0,50,20,25,10,100
SHORTEST_PULSE,350029,221.04811156782546,1.7966926288010043,445.27923823147125,0,0,0,0,0,50,20,25,10,100
METROLOGY_CONDITIONED_EIG,350029,221.04811156782546,1.7966926288010043,445.27923823147125,0,0,0,0,0,50,20,25,10,100
NO_PASSIVE,351000,459.11331767728433,2.875053189474016,445.27923823147125,0,0,0,0,24,51,20,25,100,30
RANDOM,351000,46.60114055298168,0.10780090531626906,35.365567834184766,21,2,0,0,24,51,20,25,100,30
HIGHEST_SNR,351000,46.60114055298168,0.10780090531626906,35.365567834184766,21,2,0,0,24,51,20,25,100,30
SHORTEST_PULSE,351000,51.29622430773869,0.14409172604453457,35.01134122613984,21,2,0,0,24,51,20,25,100,30
METROLOGY_CONDITIONED_EIG,351000,51.29622430773869,0.14409172604453457,35.01134122613984,21,2,0,0,24,51,20,25,100,30
NO_PASSIVE,351001,909.4893260317336,2.8373695739729703,445.27923823147125,0,0,0,0,2,51,20,25,100,30
RANDOM,351001,885.2362879333856,2.878381224166969,318.2109241289352,1,1,0,0,2,51,20,25,100,30
HIGHEST_SNR,351001,885.2362879333856,2.878381224166969,318.2109241289352,1,1,0,0,2,51,20,25,100,30
SHORTEST_PULSE,351001,885.2362879333856,2.878381224166969,318.2109241289352,1,1,0,0,2,51,20,25,100,30
METROLOGY_CONDITIONED_EIG,351001,885.2362879333856,2.878381224166969,318.2109241289352,1,1,0,0,2,51,20,25,100,30
NO_PASSIVE,351002,1037.0034281625249,2.9006440291587055,445.27923823147125,0,0,0,0,1,51,20,25,100,30
RANDOM,351002,1011.3465332873806,2.5151614501413793,316.3208200640524,1,0,0,0,1,51,20,25,100,30
HIGHEST_SNR,351002,1011.3465332873806,2.5151614501413793,316.3208200640524,1,0,0,0,1,51,20,25,100,30
SHORTEST_PULSE,351002,1011.3465332873806,2.5151614501413793,316.3208200640524,1,0,0,0,1,51,20,25,100,30
METROLOGY_CONDITIONED_EIG,351002,1011.3465332873806,2.5151614501413793,316.3208200640524,1,0,0,0,1,51,20,25,100,30
NO_PASSIVE,351003,696.9663079325617,3.607435462204546,445.27923823147125,0,0,0,0,0,51,20,25,100,30
RANDOM,351003,696.9663079325617,3.607435462204546,445.27923823147125,0,0,0,0,0,51,20,25,100,30
HIGHEST_SNR,351003,696.9663079325617,3.607435462204546,445.27923823147125,0,0,0,0,0,51,20,25,100,30
SHORTEST_PULSE,351003,696.9663079325617,3.607435462204546,445.27923823147125,0,0,0,0,0,51,20,25,100,30
METROLOGY_CONDITIONED_EIG,351003,696.9663079325617,3.607435462204546,445.27923823147125,0,0,0,0,0,51,20,25,100,30
NO_PASSIVE,351004,632.678613427079,0.8971293212325853,445.27923823147125,0,0,0,0,0,51,20,25,100,30
RANDOM,351004,632.678613427079,0.8971293212325853,445.27923823147125,0,0,0,0,0,51,20,25,100,30
HIGHEST_SNR,351004,632.678613427079,0.8971293212325853,445.27923823147125,0,0,0,0,0,51,20,25,100,30
SHORTEST_PULSE,351004,632.678613427079,0.8971293212325853,445.27923823147125,0,0,0,0,0,51,20,25,100,30
METROLOGY_CONDITIONED_EIG,351004,632.678613427079,0.8971293212325853,445.27923823147125,0,0,0,0,0,51,20,25,100,30
NO_PASSIVE,351005,213.3626732150816,2.321451699755034,445.27923823147125,0,0,0,0,15,51,20,25,100,30
RANDOM,351005,164.03028710498745,1.4524817947498043,81.33650653707029,13,0,0,0,15,51,20,25,100,30
HIGHEST_SNR,351005,150.9503271495768,1.8924799979658515,80.9972112981738,13,0,0,0,15,51,20,25,100,30
SHORTEST_PULSE,351005,150.9503271495768,1.8924799979658515,80.9972112981738,13,0,0,0,15,51,20,25,100,30
METROLOGY_CONDITIONED_EIG,351005,119.44923055127938,1.6990516642900215,76.72110279524917,13,0,0,0,15,51,20,25,100,30
NO_PASSIVE,351006,255.03913333375004,0.8988103409603329,445.27923823147125,0,0,0,0,2,51,20,25,100,30
RANDOM,351006,192.92792870803527,0.899433789099876,186.7439711071106,2,0,0,0,2,51,20,25,100,30
HIGHEST_SNR,351006,192.92792870803527,0.899433789099876,186.7439711071106,2,0,0,0,2,51,20,25,100,30
SHORTEST_PULSE,351006,192.92792870803527,0.899433789099876,186.7439711071106,2,0,0,0,2,51,20,25,100,30
METROLOGY_CONDITIONED_EIG,351006,192.92792870803527,0.899433789099876,186.7439711071106,2,0,0,0,2,51,20,25,100,30
NO_PASSIVE,351007,327.2808810939567,0.8146236581647781,445.27923823147125,0,0,0,0,0,51,20,25,100,30
RANDOM,351007,327.2808810939567,0.8146236581647781,445.27923823147125,0,0,0,0,0,51,20,25,100,30
HIGHEST_SNR,351007,327.2808810939567,0.8146236581647781,445.27923823147125,0,0,0,0,0,51,20,25,100,30
SHORTEST_PULSE,351007,327.2808810939567,0.8146236581647781,445.27923823147125,0,0,0,0,0,51,20,25,100,30
METROLOGY_CONDITIONED_EIG,351007,327.2808810939567,0.8146236581647781,445.27923823147125,0,0,0,0,0,51,20,25,100,30
NO_PASSIVE,351008,239.72529206460032,2.883892206124989,445.27923823147125,0,0,0,0,0,51,20,25,100,30
RANDOM,351008,239.72529206460032,2.883892206124989,445.27923823147125,0,0,0,0,0,51,20,25,100,30
HIGHEST_SNR,351008,239.72529206460032,2.883892206124989,445.27923823147125,0,0,0,0,0,51,20,25,100,30
SHORTEST_PULSE,351008,239.72529206460032,2.883892206124989,445.27923823147125,0,0,0,0,0,51,20,25,100,30
METROLOGY_CONDITIONED_EIG,351008,239.72529206460032,2.883892206124989,445.27923823147125,0,0,0,0,0,51,20,25,100,30
NO_PASSIVE,351009,179.92825736758726,0.7120930000284144,445.27923823147125,0,0,0,0,15,51,20,25,100,30
RANDOM,351009,15.097860697643759,0.24010399298435692,40.09063903829945,13,0,0,0,15,51,20,25,100,30
HIGHEST_SNR,351009,17.80141986464942,0.21504494261594345,39.740408883311545,13,0,0,0,15,51,20,25,100,30
SHORTEST_PULSE,351009,17.80141986464942,0.21504494261594345,39.740408883311545,13,0,0,0,15,51,20,25,100,30
METROLOGY_CONDITIONED_EIG,351009,14.696978802695122,0.18578296061513583,40.03821178583416,13,0,0,0,15,51,20,25,100,30
NO_PASSIVE,351010,101.77168972038066,2.5473710505409937,445.27923823147125,0,0,0,0,31,51,20,25,100,30
RANDOM,351010,86.76546892182283,1.892933543905077,53.20753282894306,30,0,0,0,31,51,20,25,100,30
HIGHEST_SNR,351010,86.30201478227471,1.9664798281553495,53.453396393611634,30,0,0,0,31,51,20,25,100,30
SHORTEST_PULSE,351010,86.76546892182283,1.892933543905077,53.20753282894306,30,0,0,0,31,51,20,25,100,30
METROLOGY_CONDITIONED_EIG,351010,86.76546892182283,1.892933543905077,53.20753282894306,30,0,0,0,31,51,20,25,100,30
NO_PASSIVE,351011,695.1001065239187,2.343454754436116,445.27923823147125,0,0,0,0,13,51,20,25,100,30
RANDOM,351011,12.767094011957347,1.3815588515871469,49.51601890517935,13,0,0,0,13,51,20,25,100,30
HIGHEST_SNR,351011,12.767094011957347,1.3815588515871469,49.51601890517935,13,0,0,0,13,51,20,25,100,30
SHORTEST_PULSE,351011,12.767094011957347,1.3815588515871469,49.51601890517935,13,0,0,0,13,51,20,25,100,30
METROLOGY_CONDITIONED_EIG,351011,12.767094011957347,1.3815588515871469,49.51601890517935,13,0,0,0,13,51,20,25,100,30
NO_PASSIVE,351012,312.7915814193967,1.600527337911347,445.27923823147125,0,0,0,0,0,51,20,25,100,30
RANDOM,351012,312.7915814193967,1.600527337911347,445.27923823147125,0,0,0,0,0,51,20,25,100,30
HIGHEST_SNR,351012,312.7915814193967,1.600527337911347,445.27923823147125,0,0,0,0,0,51,20,25,100,30
SHORTEST_PULSE,351012,312.7915814193967,1.600527337911347,445.27923823147125,0,0,0,0,0,51,20,25,100,30
METROLOGY_CONDITIONED_EIG,351012,312.7915814193967,1.600527337911347,445.27923823147125,0,0,0,0,0,51,20,25,100,30
NO_PASSIVE,351013,170.0985926403215,0.2623877437708815,445.27923823147125,0,0,0,0,0,51,20,25,100,30
RANDOM,351013,170.0985926403215,0.2623877437708815,445.27923823147125,0,0,0,0,0,51,20,25,100,30
HIGHEST_SNR,351013,170.0985926403215,0.2623877437708815,445.27923823147125,0,0,0,0,0,51,20,25,100,30
SHORTEST_PULSE,351013,170.0985926403215,0.2623877437708815,445.27923823147125,0,0,0,0,0,51,20,25,100,30
METROLOGY_CONDITIONED_EIG,351013,170.0985926403215,0.2623877437708815,445.27923823147125,0,0,0,0,0,51,20,25,100,30
NO_PASSIVE,351014,359.21025258593517,4.1039830209307615,445.27923823147125,0,0,0,0,1,51,20,25,100,30
RANDOM,351014,408.5024873842147,4.180985324084963,324.93179338538556,1,0,0,0,1,51,20,25,100,30
HIGHEST_SNR,351014,408.5024873842147,4.180985324084963,324.93179338538556,1,0,0,0,1,51,20,25,100,30
SHORTEST_PULSE,351014,408.5024873842147,4.180985324084963,324.93179338538556,1,0,0,0,1,51,20,25,100,30
METROLOGY_CONDITIONED_EIG,351014,408.5024873842147,4.180985324084963,324.93179338538556,1,0,0,0,1,51,20,25,100,30
NO_PASSIVE,351015,649.9835525147704,1.4480469711481159,445.27923823147125,0,0,0,0,1,51,20,25,100,30
RANDOM,351015,376.78186863575274,1.2755833679655588,317.19489275009875,1,0,0,0,1,51,20,25,100,30
HIGHEST_SNR,351015,376.78186863575274,1.2755833679655588,317.19489275009875,1,0,0,0,1,51,20,25,100,30
SHORTEST_PULSE,351015,376.78186863575274,1.2755833679655588,317.19489275009875,1,0,0,0,1,51,20,25,100,30
METROLOGY_CONDITIONED_EIG,351015,376.78186863575274,1.2755833679655588,317.19489275009875,1,0,0,0,1,51,20,25,100,30
NO_PASSIVE,351016,123.39449544924946,1.964944595118992,445.27923823147125,0,0,0,0,37,51,20,25,100,30
RANDOM,351016,15.434825554393587,0.529666709577573,64.79412756117955,37,0,0,0,37,51,20,25,100,30
HIGHEST_SNR,351016,15.434825554393587,0.529666709577573,64.79412756117955,37,0,0,0,37,51,20,25,100,30
SHORTEST_PULSE,351016,15.434825554393587,0.529666709577573,64.79412756117955,37,0,0,0,37,51,20,25,100,30
METROLOGY_CONDITIONED_EIG,351016,15.434825554393587,0.529666709577573,64.79412756117955,37,0,0,0,37,51,20,25,100,30
NO_PASSIVE,351017,212.1538662635923,1.447530946224876,445.27923823147125,0,0,0,0,6,51,20,25,100,30
RANDOM,351017,37.409623680704016,1.4621402906566017,67.33854674848118,6,0,0,0,6,51,20,25,100,30
HIGHEST_SNR,351017,37.409623680704016,1.4621402906566017,67.33854674848118,6,0,0,0,6,51,20,25,100,30
SHORTEST_PULSE,351017,37.409623680704016,1.4621402906566017,67.33854674848118,6,0,0,0,6,51,20,25,100,30
METROLOGY_CONDITIONED_EIG,351017,37.409623680704016,1.4621402906566017,67.33854674848118,6,0,0,0,6,51,20,25,100,30
NO_PASSIVE,351018,614.6453172440517,2.6958097632833655,445.27923823147125,0,0,0,0,3,51,20,25,100,30
RANDOM,351018,536.2663373502711,3.264323518053399,279.1091401877599,3,0,0,0,3,51,20,25,100,30
HIGHEST_SNR,351018,536.2663373502711,3.264323518053399,279.1091401877599,3,0,0,0,3,51,20,25,100,30
SHORTEST_PULSE,351018,536.2663373502711,3.264323518053399,279.1091401877599,3,0,0,0,3,51,20,25,100,30
METROLOGY_CONDITIONED_EIG,351018,536.2663373502711,3.264323518053399,279.1091401877599,3,0,0,0,3,51,20,25,100,30
NO_PASSIVE,351019,414.83912706588563,1.6425005870489553,445.27923823147125,0,0,0,0,40,51,20,25,100,30
RANDOM,351019,26.101729770621617,0.7122947449603795,46.533939193652486,29,0,0,0,40,51,20,25,100,30
HIGHEST_SNR,351019,39.30005316065484,1.2875011068439197,52.936214290750264,29,0,0,0,40,51,20,25,100,30
SHORTEST_PULSE,351019,19.12915934049123,0.5604332752176368,45.25043250290781,29,0,0,0,40,51,20,25,100,30
METROLOGY_CONDITIONED_EIG,351019,29.3168092965544,0.5305292720666378,46.50006489440228,29,0,0,0,40,51,20,25,100,30
NO_PASSIVE,351020,384.33729711930323,1.9138586998723603,445.27923823147125,0,0,0,0,9,51,20,25,100,30
RANDOM,351020,10.024504174615192,1.1179074275854146,94.64783134253825,8,0,0,0,9,51,20,25,100,30
HIGHEST_SNR,351020,10.024504174615192,1.1179074275854146,94.64783134253825,8,0,0,0,9,51,20,25,100,30
SHORTEST_PULSE,351020,10.024504174615192,1.1179074275854146,94.64783134253825,8,0,0,0,9,51,20,25,100,30
METROLOGY_CONDITIONED_EIG,351020,25.317785776276885,1.4221531986370628,83.7536562330253,8,0,0,0,9,51,20,25,100,30
NO_PASSIVE,351021,518.6258320565381,1.7466710600742263,445.27923823147125,0,0,0,0,29,51,20,25,100,30
RANDOM,351021,60.377787074337704,1.0802567940775614,97.2520475867739,24,0,0,0,29,51,20,25,100,30
HIGHEST_SNR,351021,67.48256390123109,1.0294528026255374,99.28349395466516,24,0,0,0,29,51,20,25,100,30
SHORTEST_PULSE,351021,43.15687011917032,0.3611945102533468,96.12998789651643,24,0,0,0,29,51,20,25,100,30
METROLOGY_CONDITIONED_EIG,351021,38.008537836220775,0.3939619889586898,96.449152744072,24,0,0,0,29,51,20,25,100,30
NO_PASSIVE,351022,515.8756768930168,2.1928745500580082,445.27923823147125,0,0,0,0,15,51,20,25,100,30
RANDOM,351022,54.17590254049845,0.873587139092703,68.64055606428352,15,0,0,0,15,51,20,25,100,30
HIGHEST_SNR,351022,54.17590254049845,0.873587139092703,68.64055606428352,15,0,0,0,15,51,20,25,100,30
SHORTEST_PULSE,351022,54.17590254049845,0.873587139092703,68.64055606428352,15,0,0,0,15,51,20,25,100,30
METROLOGY_CONDITIONED_EIG,351022,54.17590254049845,0.873587139092703,68.64055606428352,15,0,0,0,15,51,20,25,100,30
NO_PASSIVE,351023,628.4226617466575,2.041413001912947,445.27923823147125,0,0,0,0,1,51,20,25,100,30
RANDOM,351023,309.28342934304,2.0596116837422627,322.022907743365,1,0,0,0,1,51,20,25,100,30
HIGHEST_SNR,351023,309.28342934304,2.0596116837422627,322.022907743365,1,0,0,0,1,51,20,25,100,30
SHORTEST_PULSE,351023,309.28342934304,2.0596116837422627,322.022907743365,1,0,0,0,1,51,20,25,100,30
METROLOGY_CONDITIONED_EIG,351023,309.28342934304,2.0596116837422627,322.022907743365,1,0,0,0,1,51,20,25,100,30
NO_PASSIVE,351024,318.68013685365236,2.8898875199030014,445.27923823147125,0,0,0,0,0,51,20,25,100,30
RANDOM,351024,318.68013685365236,2.8898875199030014,445.27923823147125,0,0,0,0,0,51,20,25,100,30
HIGHEST_SNR,351024,318.68013685365236,2.8898875199030014,445.27923823147125,0,0,0,0,0,51,20,25,100,30
SHORTEST_PULSE,351024,318.68013685365236,2.8898875199030014,445.27923823147125,0,0,0,0,0,51,20,25,100,30
METROLOGY_CONDITIONED_EIG,351024,318.68013685365236,2.8898875199030014,445.27923823147125,0,0,0,0,0,51,20,25,100,30
NO_PASSIVE,351025,284.8484731296623,1.0922299907332371,445.27923823147125,0,0,0,0,17,51,20,25,100,30
RANDOM,351025,108.87587015234523,0.9940987927697041,54.35359259796573,16,0,0,0,17,51,20,25,100,30
HIGHEST_SNR,351025,107.51124559308522,1.0789979439725776,54.344633723958076,16,0,0,0,17,51,20,25,100,30
SHORTEST_PULSE,351025,108.87587015234523,0.9940987927697041,54.35359259796573,16,0,0,0,17,51,20,25,100,30
METROLOGY_CONDITIONED_EIG,351025,108.87587015234523,0.9940987927697041,54.35359259796573,16,0,0,0,17,51,20,25,100,30
NO_PASSIVE,351026,343.6873299993264,3.2923148595689837,445.27923823147125,0,0,0,0,0,51,20,25,100,30
RANDOM,351026,343.6873299993264,3.2923148595689837,445.27923823147125,0,0,0,0,0,51,20,25,100,30
HIGHEST_SNR,351026,343.6873299993264,3.2923148595689837,445.27923823147125,0,0,0,0,0,51,20,25,100,30
SHORTEST_PULSE,351026,343.6873299993264,3.2923148595689837,445.27923823147125,0,0,0,0,0,51,20,25,100,30
METROLOGY_CONDITIONED_EIG,351026,343.6873299993264,3.2923148595689837,445.27923823147125,0,0,0,0,0,51,20,25,100,30
NO_PASSIVE,351027,517.0772777626021,1.1647353016352222,445.27923823147125,0,0,0,0,4,51,20,25,100,30
RANDOM,351027,2.2221545476295965,0.2761235713808469,313.78045414440646,4,0,0,0,4,51,20,25,100,30
HIGHEST_SNR,351027,2.2221545476295965,0.2761235713808469,313.78045414440646,4,0,0,0,4,51,20,25,100,30
SHORTEST_PULSE,351027,2.2221545476295965,0.2761235713808469,313.78045414440646,4,0,0,0,4,51,20,25,100,30
METROLOGY_CONDITIONED_EIG,351027,2.2221545476295965,0.2761235713808469,313.78045414440646,4,0,0,0,4,51,20,25,100,30
NO_PASSIVE,351028,203.7383833401527,0.5193126368789006,445.27923823147125,0,0,0,0,5,51,20,25,100,30
RANDOM,351028,167.2144113303446,1.368580358780654,220.46514552363485,5,0,0,0,5,51,20,25,100,30
HIGHEST_SNR,351028,167.2144113303446,1.368580358780654,220.46514552363485,5,0,0,0,5,51,20,25,100,30
SHORTEST_PULSE,351028,167.2144113303446,1.368580358780654,220.46514552363485,5,0,0,0,5,51,20,25,100,30
METROLOGY_CONDITIONED_EIG,351028,167.2144113303446,1.368580358780654,220.46514552363485,5,0,0,0,5,51,20,25,100,30
NO_PASSIVE,351029,98.54903323595045,1.35911399779932,445.27923823147125,0,0,0,0,20,51,20,25,100,30
RANDOM,351029,147.16503556622362,1.3992330217502358,67.42967142692349,19,1,0,0,20,51,20,25,100,30
HIGHEST_SNR,351029,147.16503556622362,1.3992330217502358,67.42967142692349,19,1,0,0,20,51,20,25,100,30
SHORTEST_PULSE,351029,147.16503556622362,1.3992330217502358,67.42967142692349,19,1,0,0,20,51,20,25,100,30
METROLOGY_CONDITIONED_EIG,351029,147.16503556622362,1.3992330217502358,67.42967142692349,19,1,0,0,20,51,20,25,100,30
NO_PASSIVE,352000,275.0941769011249,1.0069699978399544,445.27923823147125,0,0,0,0,0,52,20,25,100,100
RANDOM,352000,275.0941769011249,1.0069699978399544,445.27923823147125,0,0,0,0,0,52,20,25,100,100
HIGHEST_SNR,352000,275.0941769011249,1.0069699978399544,445.27923823147125,0,0,0,0,0,52,20,25,100,100
SHORTEST_PULSE,352000,275.0941769011249,1.0069699978399544,445.27923823147125,0,0,0,0,0,52,20,25,100,100
METROLOGY_CONDITIONED_EIG,352000,275.0941769011249,1.0069699978399544,445.27923823147125,0,0,0,0,0,52,20,25,100,100
NO_PASSIVE,352001,25.21823518275606,1.5002775603965641,445.27923823147125,0,0,0,0,25,52,20,25,100,100
RANDOM,352001,411.62779327446066,1.5152951477692078,259.0497409979138,25,0,0,0,25,52,20,25,100,100
HIGHEST_SNR,352001,411.62779327446066,1.5152951477692078,259.0497409979138,25,0,0,0,25,52,20,25,100,100
SHORTEST_PULSE,352001,411.62779327446066,1.5152951477692078,259.0497409979138,25,0,0,0,25,52,20,25,100,100
METROLOGY_CONDITIONED_EIG,352001,411.62779327446066,1.5152951477692078,259.0497409979138,25,0,0,0,25,52,20,25,100,100
NO_PASSIVE,352002,769.2472579748605,1.2303713400804404,445.27923823147125,0,0,0,0,0,52,20,25,100,100
RANDOM,352002,769.2472579748605,1.2303713400804404,445.27923823147125,0,0,0,0,0,52,20,25,100,100
HIGHEST_SNR,352002,769.2472579748605,1.2303713400804404,445.27923823147125,0,0,0,0,0,52,20,25,100,100
SHORTEST_PULSE,352002,769.2472579748605,1.2303713400804404,445.27923823147125,0,0,0,0,0,52,20,25,100,100
METROLOGY_CONDITIONED_EIG,352002,769.2472579748605,1.2303713400804404,445.27923823147125,0,0,0,0,0,52,20,25,100,100
NO_PASSIVE,352003,401.3995214608602,2.7264170296315324,445.27923823147125,0,0,0,0,13,52,20,25,100,100
RANDOM,352003,158.62671432935937,1.46544155704162,109.05235461121583,13,0,0,0,13,52,20,25,100,100
HIGHEST_SNR,352003,158.62671432935937,1.46544155704162,109.05235461121583,13,0,0,0,13,52,20,25,100,100
SHORTEST_PULSE,352003,158.62671432935937,1.46544155704162,109.05235461121583,13,0,0,0,13,52,20,25,100,100
METROLOGY_CONDITIONED_EIG,352003,158.62671432935937,1.46544155704162,109.05235461121583,13,0,0,0,13,52,20,25,100,100
NO_PASSIVE,352004,427.7142228105371,0.11574642387525379,445.27923823147125,0,0,0,0,8,52,20,25,100,100
RANDOM,352004,329.6439027370952,0.16388123685660103,319.8605578053303,8,0,0,0,8,52,20,25,100,100
HIGHEST_SNR,352004,329.6439027370952,0.16388123685660103,319.8605578053303,8,0,0,0,8,52,20,25,100,100
SHORTEST_PULSE,352004,329.6439027370952,0.16388123685660103,319.8605578053303,8,0,0,0,8,52,20,25,100,100
METROLOGY_CONDITIONED_EIG,352004,329.6439027370952,0.16388123685660103,319.8605578053303,8,0,0,0,8,52,20,25,100,100
NO_PASSIVE,352005,211.60284898439602,1.287374254929595,445.27923823147125,0,0,0,0,0,52,20,25,100,100
RANDOM,352005,211.60284898439602,1.287374254929595,445.27923823147125,0,0,0,0,0,52,20,25,100,100
HIGHEST_SNR,352005,211.60284898439602,1.287374254929595,445.27923823147125,0,0,0,0,0,52,20,25,100,100
SHORTEST_PULSE,352005,211.60284898439602,1.287374254929595,445.27923823147125,0,0,0,0,0,52,20,25,100,100
METROLOGY_CONDITIONED_EIG,352005,211.60284898439602,1.287374254929595,445.27923823147125,0,0,0,0,0,52,20,25,100,100
NO_PASSIVE,352006,157.61616010686217,1.7019011776040505,445.27923823147125,0,0,0,0,52,52,20,25,100,100
RANDOM,352006,97.64275409971488,2.024782995675154,60.909801717392696,43,0,0,0,52,52,20,25,100,100
HIGHEST_SNR,352006,60.804559782280386,1.2107279549299064,67.84830791986677,43,0,0,0,52,52,20,25,100,100
SHORTEST_PULSE,352006,49.40304017653044,0.9035959016940239,59.04297177636836,42,1,0,0,52,52,20,25,100,100
METROLOGY_CONDITIONED_EIG,352006,49.40304017653044,0.9035959016940239,59.04297177636836,42,1,0,0,52,52,20,25,100,100
NO_PASSIVE,352007,412.73389589493985,2.0120770670644768,445.27923823147125,0,0,0,0,0,52,20,25,100,100
RANDOM,352007,412.73389589493985,2.0120770670644768,445.27923823147125,0,0,0,0,0,52,20,25,100,100
HIGHEST_SNR,352007,412.73389589493985,2.0120770670644768,445.27923823147125,0,0,0,0,0,52,20,25,100,100
SHORTEST_PULSE,352007,412.73389589493985,2.0120770670644768,445.27923823147125,0,0,0,0,0,52,20,25,100,100
METROLOGY_CONDITIONED_EIG,352007,412.73389589493985,2.0120770670644768,445.27923823147125,0,0,0,0,0,52,20,25,100,100
NO_PASSIVE,352008,355.94241064913456,1.3110295211155647,445.27923823147125,0,0,0,0,0,52,20,25,100,100
RANDOM,352008,355.94241064913456,1.3110295211155647,445.27923823147125,0,0,0,0,0,52,20,25,100,100
HIGHEST_SNR,352008,355.94241064913456,1.3110295211155647,445.27923823147125,0,0,0,0,0,52,20,25,100,100
SHORTEST_PULSE,352008,355.94241064913456,1.3110295211155647,445.27923823147125,0,0,0,0,0,52,20,25,100,100
METROLOGY_CONDITIONED_EIG,352008,355.94241064913456,1.3110295211155647,445.27923823147125,0,0,0,0,0,52,20,25,100,100
NO_PASSIVE,352009,703.8522589739483,3.0217666074628946,445.27923823147125,0,0,0,0,3,52,20,25,100,100
RANDOM,352009,31.863196580746237,1.8338253391952397,113.84932037967306,3,0,0,0,3,52,20,25,100,100
HIGHEST_SNR,352009,31.863196580746237,1.8338253391952397,113.84932037967306,3,0,0,0,3,52,20,25,100,100
SHORTEST_PULSE,352009,31.863196580746237,1.8338253391952397,113.84932037967306,3,0,0,0,3,52,20,25,100,100
METROLOGY_CONDITIONED_EIG,352009,31.863196580746237,1.8338253391952397,113.84932037967306,3,0,0,0,3,52,20,25,100,100
NO_PASSIVE,352010,438.7815611642333,0.9200987876779256,445.27923823147125,0,0,0,0,9,52,20,25,100,100
RANDOM,352010,309.49298136597133,2.505064355165288,316.6062652567479,9,0,0,0,9,52,20,25,100,100
HIGHEST_SNR,352010,309.49298136597133,2.505064355165288,316.6062652567479,9,0,0,0,9,52,20,25,100,100
SHORTEST_PULSE,352010,309.49298136597133,2.505064355165288,316.6062652567479,9,0,0,0,9,52,20,25,100,100
METROLOGY_CONDITIONED_EIG,352010,309.49298136597133,2.505064355165288,316.6062652567479,9,0,0,0,9,52,20,25,100,100
NO_PASSIVE,352011,629.1799826910627,1.0477780235768959,445.27923823147125,0,0,0,0,1,52,20,25,100,100
RANDOM,352011,497.5851068616044,1.025002830550167,331.83581748439553,1,0,0,0,1,52,20,25,100,100
HIGHEST_SNR,352011,497.5851068616044,1.025002830550167,331.83581748439553,1,0,0,0,1,52,20,25,100,100
SHORTEST_PULSE,352011,497.5851068616044,1.025002830550167,331.83581748439553,1,0,0,0,1,52,20,25,100,100
METROLOGY_CONDITIONED_EIG,352011,497.5851068616044,1.025002830550167,331.83581748439553,1,0,0,0,1,52,20,25,100,100
NO_PASSIVE,352012,372.44858134123217,3.0406527609221325,445.27923823147125,0,0,0,0,0,52,20,25,100,100
RANDOM,352012,372.44858134123217,3.0406527609221325,445.27923823147125,0,0,0,0,0,52,20,25,100,100
HIGHEST_SNR,352012,372.44858134123217,3.0406527609221325,445.27923823147125,0,0,0,0,0,52,20,25,100,100
SHORTEST_PULSE,352012,372.44858134123217,3.0406527609221325,445.27923823147125,0,0,0,0,0,52,20,25,100,100
METROLOGY_CONDITIONED_EIG,352012,372.44858134123217,3.0406527609221325,445.27923823147125,0,0,0,0,0,52,20,25,100,100
NO_PASSIVE,352013,304.8972549053385,0.30814624964921195,445.27923823147125,0,0,0,0,0,52,20,25,100,100
RANDOM,352013,304.8972549053385,0.30814624964921195,445.27923823147125,0,0,0,0,0,52,20,25,100,100
HIGHEST_SNR,352013,304.8972549053385,0.30814624964921195,445.27923823147125,0,0,0,0,0,52,20,25,100,100
SHORTEST_PULSE,352013,304.8972549053385,0.30814624964921195,445.27923823147125,0,0,0,0,0,52,20,25,100,100
METROLOGY_CONDITIONED_EIG,352013,304.8972549053385,0.30814624964921195,445.27923823147125,0,0,0,0,0,52,20,25,100,100
NO_PASSIVE,352014,1057.0145583055391,2.761674472624328,445.27923823147125,0,0,0,0,3,52,20,25,100,100
RANDOM,352014,986.5906996651186,2.7277206467985304,338.2089585276242,1,2,0,0,3,52,20,25,100,100
HIGHEST_SNR,352014,986.5906996651186,2.7277206467985304,338.2089585276242,1,2,0,0,3,52,20,25,100,100
SHORTEST_PULSE,352014,986.5906996651186,2.7277206467985304,338.2089585276242,1,2,0,0,3,52,20,25,100,100
METROLOGY_CONDITIONED_EIG,352014,986.5906996651186,2.7277206467985304,338.2089585276242,1,2,0,0,3,52,20,25,100,100
NO_PASSIVE,352015,818.301636715686,3.3543506405100447,445.27923823147125,0,0,0,0,33,52,20,25,100,100
RANDOM,352015,35.466794394534176,1.5242662128094948,61.02933806010239,32,0,0,0,33,52,20,25,100,100
HIGHEST_SNR,352015,35.466794394534176,1.5242662128094948,61.02933806010239,32,0,0,0,33,52,20,25,100,100
SHORTEST_PULSE,352015,35.466794394534176,1.5242662128094948,61.02933806010239,32,0,0,0,33,52,20,25,100,100
METROLOGY_CONDITIONED_EIG,352015,33.53340693198165,1.1932779914438256,61.05363140699868,32,0,0,0,33,52,20,25,100,100
NO_PASSIVE,352016,609.7715689789962,1.9947745183618544,445.27923823147125,0,0,0,0,0,52,20,25,100,100
RANDOM,352016,609.7715689789962,1.9947745183618544,445.27923823147125,0,0,0,0,0,52,20,25,100,100
HIGHEST_SNR,352016,609.7715689789962,1.9947745183618544,445.27923823147125,0,0,0,0,0,52,20,25,100,100
SHORTEST_PULSE,352016,609.7715689789962,1.9947745183618544,445.27923823147125,0,0,0,0,0,52,20,25,100,100
METROLOGY_CONDITIONED_EIG,352016,609.7715689789962,1.9947745183618544,445.27923823147125,0,0,0,0,0,52,20,25,100,100
NO_PASSIVE,352017,663.540696387307,1.2061781161756924,445.27923823147125,0,0,0,0,0,52,20,25,100,100
RANDOM,352017,663.540696387307,1.2061781161756924,445.27923823147125,0,0,0,0,0,52,20,25,100,100
HIGHEST_SNR,352017,663.540696387307,1.2061781161756924,445.27923823147125,0,0,0,0,0,52,20,25,100,100
SHORTEST_PULSE,352017,663.540696387307,1.2061781161756924,445.27923823147125,0,0,0,0,0,52,20,25,100,100
METROLOGY_CONDITIONED_EIG,352017,663.540696387307,1.2061781161756924,445.27923823147125,0,0,0,0,0,52,20,25,100,100
NO_PASSIVE,352018,526.840916575878,1.4782492698278737,445.27923823147125,0,0,0,0,0,52,20,25,100,100
RANDOM,352018,526.840916575878,1.4782492698278737,445.27923823147125,0,0,0,0,0,52,20,25,100,100
HIGHEST_SNR,352018,526.840916575878,1.4782492698278737,445.27923823147125,0,0,0,0,0,52,20,25,100,100
SHORTEST_PULSE,352018,526.840916575878,1.4782492698278737,445.27923823147125,0,0,0,0,0,52,20,25,100,100
METROLOGY_CONDITIONED_EIG,352018,526.840916575878,1.4782492698278737,445.27923823147125,0,0,0,0,0,52,20,25,100,100
NO_PASSIVE,352019,264.14068401062326,0.9030990980591052,445.27923823147125,0,0,0,0,11,52,20,25,100,100
RANDOM,352019,51.73377156195518,0.6440333250171688,188.18200161952348,11,0,0,0,11,52,20,25,100,100
HIGHEST_SNR,352019,51.73377156195518,0.6440333250171688,188.18200161952348,11,0,0,0,11,52,20,25,100,100
SHORTEST_PULSE,352019,51.73377156195518,0.6440333250171688,188.18200161952348,11,0,0,0,11,52,20,25,100,100
METROLOGY_CONDITIONED_EIG,352019,51.73377156195518,0.6440333250171688,188.18200161952348,11,0,0,0,11,52,20,25,100,100
NO_PASSIVE,352020,494.25414711293826,2.5198842544178013,445.27923823147125,0,0,0,0,1,52,20,25,100,100
RANDOM,352020,417.27340253565006,2.4891146793522947,336.4718708919864,1,0,0,0,1,52,20,25,100,100
HIGHEST_SNR,352020,417.27340253565006,2.4891146793522947,336.4718708919864,1,0,0,0,1,52,20,25,100,100
SHORTEST_PULSE,352020,417.27340253565006,2.4891146793522947,336.4718708919864,1,0,0,0,1,52,20,25,100,100
METROLOGY_CONDITIONED_EIG,352020,417.27340253565006,2.4891146793522947,336.4718708919864,1,0,0,0,1,52,20,25,100,100
NO_PASSIVE,352021,182.80824617361705,0.9048849856831985,445.27923823147125,0,0,0,0,1,52,20,25,100,100
RANDOM,352021,182.12552539354044,0.9028205581436717,435.6688327092788,1,0,0,0,1,52,20,25,100,100
HIGHEST_SNR,352021,182.12552539354044,0.9028205581436717,435.6688327092788,1,0,0,0,1,52,20,25,100,100
SHORTEST_PULSE,352021,182.12552539354044,0.9028205581436717,435.6688327092788,1,0,0,0,1,52,20,25,100,100
METROLOGY_CONDITIONED_EIG,352021,182.12552539354044,0.9028205581436717,435.6688327092788,1,0,0,0,1,52,20,25,100,100
NO_PASSIVE,352022,360.0058048237126,1.8346393517147992,445.27923823147125,0,0,0,0,0,52,20,25,100,100
RANDOM,352022,360.0058048237126,1.8346393517147992,445.27923823147125,0,0,0,0,0,52,20,25,100,100
HIGHEST_SNR,352022,360.0058048237126,1.8346393517147992,445.27923823147125,0,0,0,0,0,52,20,25,100,100
SHORTEST_PULSE,352022,360.0058048237126,1.8346393517147992,445.27923823147125,0,0,0,0,0,52,20,25,100,100
METROLOGY_CONDITIONED_EIG,352022,360.0058048237126,1.8346393517147992,445.27923823147125,0,0,0,0,0,52,20,25,100,100
NO_PASSIVE,352023,120.33153222730864,2.271084664658876,445.27923823147125,0,0,0,0,1,52,20,25,100,100
RANDOM,352023,124.3097125534698,2.2934076206287277,327.50592034157677,1,0,0,0,1,52,20,25,100,100
HIGHEST_SNR,352023,124.3097125534698,2.2934076206287277,327.50592034157677,1,0,0,0,1,52,20,25,100,100
SHORTEST_PULSE,352023,124.3097125534698,2.2934076206287277,327.50592034157677,1,0,0,0,1,52,20,25,100,100
METROLOGY_CONDITIONED_EIG,352023,124.3097125534698,2.2934076206287277,327.50592034157677,1,0,0,0,1,52,20,25,100,100
NO_PASSIVE,352024,229.1101170676785,3.3851523660741343,445.27923823147125,0,0,0,0,0,52,20,25,100,100
RANDOM,352024,229.1101170676785,3.3851523660741343,445.27923823147125,0,0,0,0,0,52,20,25,100,100
HIGHEST_SNR,352024,229.1101170676785,3.3851523660741343,445.27923823147125,0,0,0,0,0,52,20,25,100,100
SHORTEST_PULSE,352024,229.1101170676785,3.3851523660741343,445.27923823147125,0,0,0,0,0,52,20,25,100,100
METROLOGY_CONDITIONED_EIG,352024,229.1101170676785,3.3851523660741343,445.27923823147125,0,0,0,0,0,52,20,25,100,100
NO_PASSIVE,352025,71.9543343270934,0.6140666770712507,445.27923823147125,0,0,0,0,28,52,20,25,100,100
RANDOM,352025,84.79901596280477,2.152679731743188,76.97947768726988,28,0,0,0,28,52,20,25,100,100
HIGHEST_SNR,352025,84.79901596280477,2.152679731743188,76.97947768726988,28,0,0,0,28,52,20,25,100,100
SHORTEST_PULSE,352025,84.79901596280477,2.152679731743188,76.97947768726988,28,0,0,0,28,52,20,25,100,100
METROLOGY_CONDITIONED_EIG,352025,84.79901596280477,2.152679731743188,76.97947768726988,28,0,0,0,28,52,20,25,100,100
NO_PASSIVE,352026,373.4729486581557,1.3425095712398847,445.27923823147125,0,0,0,0,6,52,20,25,100,100
RANDOM,352026,164.06613066149444,0.9126491408928216,144.59468781136619,6,0,0,0,6,52,20,25,100,100
HIGHEST_SNR,352026,164.06613066149444,0.9126491408928216,144.59468781136619,6,0,0,0,6,52,20,25,100,100
SHORTEST_PULSE,352026,164.06613066149444,0.9126491408928216,144.59468781136619,6,0,0,0,6,52,20,25,100,100
METROLOGY_CONDITIONED_EIG,352026,164.06613066149444,0.9126491408928216,144.59468781136619,6,0,0,0,6,52,20,25,100,100
NO_PASSIVE,352027,461.77054596436665,3.359996953061127,445.27923823147125,0,0,0,0,3,52,20,25,100,100
RANDOM,352027,396.39369605424474,3.4922544242672773,323.3917990171676,3,0,0,0,3,52,20,25,100,100
HIGHEST_SNR,352027,396.39369605424474,3.4922544242672773,323.3917990171676,3,0,0,0,3,52,20,25,100,100
SHORTEST_PULSE,352027,396.39369605424474,3.4922544242672773,323.3917990171676,3,0,0,0,3,52,20,25,100,100
METROLOGY_CONDITIONED_EIG,352027,396.39369605424474,3.4922544242672773,323.3917990171676,3,0,0,0,3,52,20,25,100,100
NO_PASSIVE,352028,236.95291610321271,1.5381997983393332,445.27923823147125,0,0,0,0,4,52,20,25,100,100
RANDOM,352028,130.0319676428427,1.614318542711792,113.15582168135722,4,0,0,0,4,52,20,25,100,100
HIGHEST_SNR,352028,130.0319676428427,1.614318542711792,113.15582168135722,4,0,0,0,4,52,20,25,100,100
SHORTEST_PULSE,352028,130.0319676428427,1.614318542711792,113.15582168135722,4,0,0,0,4,52,20,25,100,100
METROLOGY_CONDITIONED_EIG,352028,130.0319676428427,1.614318542711792,113.15582168135722,4,0,0,0,4,52,20,25,100,100
NO_PASSIVE,352029,498.96275290378355,2.940192810729767,445.27923823147125,0,0,0,0,0,52,20,25,100,100
RANDOM,352029,498.96275290378355,2.940192810729767,445.27923823147125,0,0,0,0,0,52,20,25,100,100
HIGHEST_SNR,352029,498.96275290378355,2.940192810729767,445.27923823147125,0,0,0,0,0,52,20,25,100,100
SHORTEST_PULSE,352029,498.96275290378355,2.940192810729767,445.27923823147125,0,0,0,0,0,52,20,25,100,100
METROLOGY_CONDITIONED_EIG,352029,498.96275290378355,2.940192810729767,445.27923823147125,0,0,0,0,0,52,20,25,100,100
NO_PASSIVE,353000,154.46544161911905,0.6720312739532573,445.27923823147125,0,0,0,0,161,53,20,25,1000,30
RANDOM,353000,24.238015043090122,1.0628126845632926,30.23779396211847,57,0,0,0,161,53,20,25,1000,30
HIGHEST_SNR,353000,45.574745035479,0.6018077383919775,43.84512660908089,57,0,0,0,161,53,20,25,1000,30
SHORTEST_PULSE,353000,2.768027894044377,0.4046335071718107,20.791137559186957,57,0,0,0,161,53,20,25,1000,30
METROLOGY_CONDITIONED_EIG,353000,18.394269043439685,0.2946835568301443,20.162771726148502,57,0,0,0,161,53,20,25,1000,30
NO_PASSIVE,353001,262.95496213010676,0.869607718874479,445.27923823147125,0,0,0,0,70,53,20,25,1000,30
RANDOM,353001,21.35090579336447,0.8624934568240149,26.369482215131587,46,0,0,0,70,53,20,25,1000,30
HIGHEST_SNR,353001,10.553530192677536,0.688163507649314,28.559252866873766,46,0,0,0,70,53,20,25,1000,30
SHORTEST_PULSE,353001,24.369315871248393,0.9667379881945107,20.289829023359356,46,0,0,0,70,53,20,25,1000,30
METROLOGY_CONDITIONED_EIG,353001,24.369315871248393,0.9667379881945107,20.289829023359356,46,0,0,0,70,53,20,25,1000,30
NO_PASSIVE,353002,250.3862921041263,1.0626634358249196,445.27923823147125,0,0,0,0,130,53,20,25,1000,30
RANDOM,353002,37.72009955865302,0.7260798509555916,20.40121107111995,58,1,0,0,130,53,20,25,1000,30
HIGHEST_SNR,353002,24.178423768883853,0.2886091195399898,18.872050701233253,59,0,0,0,130,53,20,25,1000,30
SHORTEST_PULSE,353002,27.16746532671118,0.6517134192278763,21.89149278145884,58,1,0,0,130,53,20,25,1000,30
METROLOGY_CONDITIONED_EIG,353002,13.027139374234096,0.30294661132895967,18.19735558406971,59,0,0,0,130,53,20,25,1000,30
NO_PASSIVE,353003,263.3013188753339,2.144638659167571,445.27923823147125,0,0,0,0,39,53,20,25,1000,30
RANDOM,353003,12.556452315738234,0.4802555547310163,48.796930457442954,29,0,0,0,39,53,20,25,1000,30
HIGHEST_SNR,353003,7.110011304580805,0.18004212326469543,49.250393095605105,29,0,0,0,39,53,20,25,1000,30
SHORTEST_PULSE,353003,12.785482225236342,0.43194307683019356,31.76160566868001,29,0,0,0,39,53,20,25,1000,30
METROLOGY_CONDITIONED_EIG,353003,11.650850337081003,0.48736373754682333,31.866137744435584,29,0,0,0,39,53,20,25,1000,30
NO_PASSIVE,353004,289.55118856603974,2.038057229553698,445.27923823147125,0,0,0,0,33,53,20,25,1000,30
RANDOM,353004,25.50082834278489,1.087689076168902,29.23021326261623,21,1,0,0,33,53,20,25,1000,30
HIGHEST_SNR,353004,30.79315102497501,0.8309958850784546,29.748660076720174,21,1,0,0,33,53,20,25,1000,30
SHORTEST_PULSE,353004,32.35047393027899,1.0651005003605338,29.361125941161465,21,1,0,0,33,53,20,25,1000,30
METROLOGY_CONDITIONED_EIG,353004,53.36338758731503,1.2879653717281299,28.285348458169526,22,0,0,0,33,53,20,25,1000,30
NO_PASSIVE,353005,398.0977760227111,1.7588293027130921,445.27923823147125,0,0,0,0,78,53,20,25,1000,30
RANDOM,353005,16.95682910161866,0.6202269442998792,25.1196949459306,39,0,0,0,78,53,20,25,1000,30
HIGHEST_SNR,353005,7.788340161457054,0.4768503925921828,26.91381401382112,39,0,0,0,78,53,20,25,1000,30
SHORTEST_PULSE,353005,5.9035570237962665,0.3522321574575617,23.78647393803715,39,0,0,0,78,53,20,25,1000,30
METROLOGY_CONDITIONED_EIG,353005,3.1940676867453064,0.451507059932679,23.345127789720642,39,0,0,0,78,53,20,25,1000,30
NO_PASSIVE,353006,441.35378460052226,3.090239851669089,445.27923823147125,0,0,0,0,71,53,20,25,1000,30
RANDOM,353006,61.25371793145073,1.6676525989828737,44.131348275325195,37,0,0,0,71,53,20,25,1000,30
HIGHEST_SNR,353006,114.93950286927318,1.9873353715155861,55.11141836501498,37,0,0,0,71,53,20,25,1000,30
SHORTEST_PULSE,353006,60.581892835857396,1.779400310517798,47.25092419555724,37,0,0,0,71,53,20,25,1000,30
METROLOGY_CONDITIONED_EIG,353006,47.25276596562632,1.5709524897726506,39.398130271214804,37,0,0,0,71,53,20,25,1000,30
NO_PASSIVE,353007,275.4005891640834,0.6471904335430329,445.27923823147125,0,0,0,0,38,53,20,25,1000,30
RANDOM,353007,52.83215395957183,0.8424732965509034,33.552423251331746,28,1,0,0,38,53,20,25,1000,30
HIGHEST_SNR,353007,50.863493077194256,0.7623128687818184,38.60464418367179,28,1,0,0,38,53,20,25,1000,30
SHORTEST_PULSE,353007,69.07160208319998,0.8675504580220187,32.988881519959634,27,2,0,0,38,53,20,25,1000,30
METROLOGY_CONDITIONED_EIG,353007,66.87442420523944,0.8760900541026075,33.106382999381616,27,2,0,0,38,53,20,25,1000,30
NO_PASSIVE,353008,382.76671253547613,1.1991850055509063,445.27923823147125,0,0,0,0,105,53,20,25,1000,30
RANDOM,353008,10.26922107236211,0.1159154963603687,22.531519468949895,51,1,0,0,105,53,20,25,1000,30
HIGHEST_SNR,353008,16.737628426578357,0.4428482073901532,23.301685785889628,51,1,0,0,105,53,20,25,1000,30
SHORTEST_PULSE,353008,7.583258629715889,0.18380853371087152,21.35735355415361,51,1,0,0,105,53,20,25,1000,30
METROLOGY_CONDITIONED_EIG,353008,17.032518463280756,0.44865330751699417,22.24460277546355,51,1,0,0,105,53,20,25,1000,30
NO_PASSIVE,353009,391.35158874349804,1.3863011862634493,445.27923823147125,0,0,0,0,54,53,20,25,1000,30
RANDOM,353009,386.10759990242116,0.8320678355153075,86.56422250992344,22,7,0,0,54,53,20,25,1000,30
HIGHEST_SNR,353009,378.5161212059869,1.770624540200605,94.92969421025751,29,0,0,0,54,53,20,25,1000,30
SHORTEST_PULSE,353009,378.5161212059869,1.770624540200605,94.92969421025751,29,0,0,0,54,53,20,25,1000,30
METROLOGY_CONDITIONED_EIG,353009,9.536910247148,0.28199350149657626,55.73880522117419,29,0,0,0,54,53,20,25,1000,30
NO_PASSIVE,353010,517.8163927334697,2.9090584786501132,445.27923823147125,0,0,0,0,153,53,20,25,1000,30
RANDOM,353010,58.67564420399465,1.8333160260816037,34.43112616636013,60,0,0,0,153,53,20,25,1000,30
HIGHEST_SNR,353010,9.510714992231502,0.34767353630489956,43.631954991916125,58,2,0,0,153,53,20,25,1000,30
SHORTEST_PULSE,353010,84.26716127296743,1.9782335712165264,27.432574177022225,60,0,0,0,153,53,20,25,1000,30
METROLOGY_CONDITIONED_EIG,353010,46.532363033584076,1.1030957889944726,27.238756201988927,60,0,0,0,153,53,20,25,1000,30
NO_PASSIVE,353011,531.5489044859578,1.5401249755907622,445.27923823147125,0,0,0,0,26,53,20,25,1000,30
RANDOM,353011,38.9248519398513,0.038404967902937535,49.42081741127614,20,0,0,0,26,53,20,25,1000,30
HIGHEST_SNR,353011,165.01186204474035,0.48327644743906584,149.7905457572961,20,0,0,0,26,53,20,25,1000,30
SHORTEST_PULSE,353011,165.01186204474035,0.48327644743906584,149.7905457572961,20,0,0,0,26,53,20,25,1000,30
METROLOGY_CONDITIONED_EIG,353011,39.03235989872353,0.6995695710452262,48.2899716343277,20,0,0,0,26,53,20,25,1000,30
NO_PASSIVE,353012,292.60942962606373,2.2958869219797,445.27923823147125,0,0,0,0,79,53,20,25,1000,30
RANDOM,353012,28.83573127520439,0.14897573731082972,27.698213870028336,45,1,0,0,79,53,20,25,1000,30
HIGHEST_SNR,353012,73.13522803457694,1.9239897518158837,53.811351387089104,45,1,0,0,79,53,20,25,1000,30
SHORTEST_PULSE,353012,7.5100812525117995,0.7474228269348426,27.33713829879717,45,1,0,0,79,53,20,25,1000,30
METROLOGY_CONDITIONED_EIG,353012,15.117834275397552,0.050344010058366,25.3853537631157,45,1,0,0,79,53,20,25,1000,30
NO_PASSIVE,353013,364.1391553551988,1.667640754823151,445.27923823147125,0,0,0,0,123,53,20,25,1000,30
RANDOM,353013,37.33115584164445,0.8293478756636418,31.550166542774505,50,0,0,0,123,53,20,25,1000,30
HIGHEST_SNR,353013,44.13892716606916,1.1749436881618194,36.19768410700578,49,1,0,0,123,53,20,25,1000,30
SHORTEST_PULSE,353013,33.190878474062224,0.8109371113087495,28.355517337874105,50,0,0,0,123,53,20,25,1000,30
METROLOGY_CONDITIONED_EIG,353013,24.829557007302665,0.4815224138401806,27.597822638312806,48,2,0,0,123,53,20,25,1000,30
NO_PASSIVE,353014,594.1168810958076,3.7712994539126443,445.27923823147125,0,0,0,0,153,53,20,25,1000,30
RANDOM,353014,11.619754824627439,0.353677474604435,19.314942150723176,58,0,0,0,153,53,20,25,1000,30
HIGHEST_SNR,353014,10.984065670991834,0.2768206188849346,47.941638648424124,58,0,0,0,153,53,20,25,1000,30
SHORTEST_PULSE,353014,3.510791157879378,0.6074765993667989,17.38511396599383,58,0,0,0,153,53,20,25,1000,30
METROLOGY_CONDITIONED_EIG,353014,3.4891108401455058,0.36506373025085054,16.095863198487304,58,0,0,0,153,53,20,25,1000,30
NO_PASSIVE,353015,846.481303014183,0.9682365347898436,445.27923823147125,0,0,0,0,11,53,20,25,1000,30
RANDOM,353015,85.36343581295141,0.6379901087746301,61.07425517813717,7,1,0,0,11,53,20,25,1000,30
HIGHEST_SNR,353015,71.32430651879959,0.6753560153323162,62.789611692063964,7,1,0,0,11,53,20,25,1000,30
SHORTEST_PULSE,353015,84.87080143049614,0.692884562548963,60.934831157216415,8,0,0,0,11,53,20,25,1000,30
METROLOGY_CONDITIONED_EIG,353015,84.87080143049614,0.692884562548963,60.934831157216415,8,0,0,0,11,53,20,25,1000,30
NO_PASSIVE,353016,407.097213120139,1.9345487391283227,445.27923823147125,0,0,0,0,71,53,20,25,1000,30
RANDOM,353016,5.2550023463885775,0.22325761113714368,35.0428220107148,37,2,0,0,71,53,20,25,1000,30
HIGHEST_SNR,353016,48.23883581081473,1.3297607620569256,53.4733939978354,39,0,0,0,71,53,20,25,1000,30
SHORTEST_PULSE,353016,21.019516744193222,0.7511235020702738,29.89331361602023,39,0,0,0,71,53,20,25,1000,30
METROLOGY_CONDITIONED_EIG,353016,26.369348859619535,0.8095424931774735,29.752263972331686,39,0,0,0,71,53,20,25,1000,30
NO_PASSIVE,353017,353.4316801546414,0.356477932932185,445.27923823147125,0,0,0,0,24,53,20,25,1000,30
RANDOM,353017,12.910497531751222,0.7653144823944428,32.03910568075602,22,0,0,0,24,53,20,25,1000,30
HIGHEST_SNR,353017,25.067604844672992,0.8882965749259094,35.23451238385736,22,0,0,0,24,53,20,25,1000,30
SHORTEST_PULSE,353017,15.532224815864414,0.5329027612261218,31.98733841973822,22,0,0,0,24,53,20,25,1000,30
METROLOGY_CONDITIONED_EIG,353017,15.532224815864414,0.5329027612261218,31.98733841973822,22,0,0,0,24,53,20,25,1000,30
NO_PASSIVE,353018,85.26319398409971,0.5662216016169844,445.27923823147125,0,0,0,0,64,53,20,25,1000,30
RANDOM,353018,48.98994224237407,2.0142849050755856,41.588468096039,25,0,0,0,64,53,20,25,1000,30
HIGHEST_SNR,353018,34.67887241523955,0.8954983792596034,142.8874833071294,25,0,0,0,64,53,20,25,1000,30
SHORTEST_PULSE,353018,12.344883572876332,0.48122041515162806,35.352922357321425,25,0,0,0,64,53,20,25,1000,30
METROLOGY_CONDITIONED_EIG,353018,34.03477254052526,1.6466284992260198,34.842330850445634,25,0,0,0,64,53,20,25,1000,30
NO_PASSIVE,353019,86.26557604201454,1.722568744619019,445.27923823147125,0,0,0,0,33,53,20,25,1000,30
RANDOM,353019,34.002228597839164,0.7891562710417411,39.84856125577901,28,0,0,0,33,53,20,25,1000,30
HIGHEST_SNR,353019,36.40722871074362,0.9279360213838991,40.02348933805489,28,0,0,0,33,53,20,25,1000,30
SHORTEST_PULSE,353019,36.40722871074362,0.9279360213838991,40.02348933805489,28,0,0,0,33,53,20,25,1000,30
METROLOGY_CONDITIONED_EIG,353019,39.14776223071084,0.9541235140380009,35.06574531758255,28,0,0,0,33,53,20,25,1000,30
NO_PASSIVE,353020,372.15193684298185,2.051437428440751,445.27923823147125,0,0,0,0,5,53,20,25,1000,30
RANDOM,353020,26.100181121213517,2.0404567002204406,201.35844496196958,5,0,0,0,5,53,20,25,1000,30
HIGHEST_SNR,353020,26.100181121213517,2.0404567002204406,201.35844496196958,5,0,0,0,5,53,20,25,1000,30
SHORTEST_PULSE,353020,26.100181121213517,2.0404567002204406,201.35844496196958,5,0,0,0,5,53,20,25,1000,30
METROLOGY_CONDITIONED_EIG,353020,26.100181121213517,2.0404567002204406,201.35844496196958,5,0,0,0,5,53,20,25,1000,30
NO_PASSIVE,353021,140.43704807853203,0.6288192488591171,445.27923823147125,0,0,0,0,8,53,20,25,1000,30
RANDOM,353021,32.1014121743413,0.5474491176011679,57.47826811029581,7,0,0,0,8,53,20,25,1000,30
HIGHEST_SNR,353021,53.74759628040708,1.0120960517695967,101.66219001445086,7,0,0,0,8,53,20,25,1000,30
SHORTEST_PULSE,353021,53.74759628040708,1.0120960517695967,101.66219001445086,7,0,0,0,8,53,20,25,1000,30
METROLOGY_CONDITIONED_EIG,353021,32.1014121743413,0.5474491176011679,57.47826811029581,7,0,0,0,8,53,20,25,1000,30
NO_PASSIVE,353022,721.5930966010271,1.0479618918166456,445.27923823147125,0,0,0,0,11,53,20,25,1000,30
RANDOM,353022,30.907936130314823,1.068518030862707,97.05953172731115,11,0,0,0,11,53,20,25,1000,30
HIGHEST_SNR,353022,30.907936130314823,1.068518030862707,97.05953172731115,11,0,0,0,11,53,20,25,1000,30
SHORTEST_PULSE,353022,30.907936130314823,1.068518030862707,97.05953172731115,11,0,0,0,11,53,20,25,1000,30
METROLOGY_CONDITIONED_EIG,353022,30.907936130314823,1.068518030862707,97.05953172731115,11,0,0,0,11,53,20,25,1000,30
NO_PASSIVE,353023,340.0672730609619,3.056357225976093,445.27923823147125,0,0,0,0,16,53,20,25,1000,30
RANDOM,353023,57.79568085494239,1.1225376985573405,41.70563279625725,13,0,0,0,16,53,20,25,1000,30
HIGHEST_SNR,353023,54.01687741349241,0.9136463113183831,38.5697095993912,13,0,0,0,16,53,20,25,1000,30
SHORTEST_PULSE,353023,57.79568085494239,1.1225376985573405,41.70563279625725,13,0,0,0,16,53,20,25,1000,30
METROLOGY_CONDITIONED_EIG,353023,67.13334997367232,1.0948803075013565,39.72904352644877,13,0,0,0,16,53,20,25,1000,30
NO_PASSIVE,353024,198.49151252550203,2.9673297000438073,445.27923823147125,0,0,0,0,36,53,20,25,1000,30
RANDOM,353024,32.71337322168525,2.1580710912820957,46.50744192923117,31,1,0,0,36,53,20,25,1000,30
HIGHEST_SNR,353024,42.538623184091776,1.5543275919411472,46.75301137527938,32,0,0,0,36,53,20,25,1000,30
SHORTEST_PULSE,353024,54.87055981349223,2.137427504027811,43.71637606588107,32,0,0,0,36,53,20,25,1000,30
METROLOGY_CONDITIONED_EIG,353024,54.250589930361286,2.1787587010918976,43.733739258951,31,1,0,0,36,53,20,25,1000,30
NO_PASSIVE,353025,102.06342695156422,0.8807481909859972,445.27923823147125,0,0,0,0,79,53,20,25,1000,30
RANDOM,353025,24.965818324355013,0.1088142854682386,37.762670969271305,36,0,0,0,79,53,20,25,1000,30
HIGHEST_SNR,353025,88.78498977847818,1.2212914080302752,55.74859734906691,36,0,0,0,79,53,20,25,1000,30
SHORTEST_PULSE,353025,54.217536734379294,0.8203623538033166,50.40346564761758,36,0,0,0,79,53,20,25,1000,30
METROLOGY_CONDITIONED_EIG,353025,25.273482648333935,0.3734567177296417,36.143423712278924,36,0,0,0,79,53,20,25,1000,30
NO_PASSIVE,353026,350.9320736955595,4.3155746951542895,445.27923823147125,0,0,0,0,24,53,20,25,1000,30
RANDOM,353026,33.01101137520476,0.62435626742751,34.351552271128774,23,0,0,0,24,53,20,25,1000,30
HIGHEST_SNR,353026,34.72869040084203,0.7729701429699767,30.13188480592139,23,0,0,0,24,53,20,25,1000,30
SHORTEST_PULSE,353026,33.01101137520476,0.62435626742751,34.351552271128774,23,0,0,0,24,53,20,25,1000,30
METROLOGY_CONDITIONED_EIG,353026,34.72869040084203,0.7729701429699767,30.13188480592139,23,0,0,0,24,53,20,25,1000,30
NO_PASSIVE,353027,239.04360264147857,1.3274823112775265,445.27923823147125,0,0,0,0,24,53,20,25,1000,30
RANDOM,353027,14.240551672218984,0.4861196026548525,33.43105300264618,20,0,0,0,24,53,20,25,1000,30
HIGHEST_SNR,353027,24.75638338950442,0.7430448333577452,41.03338797650839,20,0,0,0,24,53,20,25,1000,30
SHORTEST_PULSE,353027,11.807152865673789,0.4254301199914337,33.54355056437586,20,0,0,0,24,53,20,25,1000,30
METROLOGY_CONDITIONED_EIG,353027,9.829324898287531,0.6176119300611251,33.43334384571704,20,0,0,0,24,53,20,25,1000,30
NO_PASSIVE,353028,668.5903985883318,3.560745201204638,445.27923823147125,0,0,0,0,85,53,20,25,1000,30
RANDOM,353028,31.919557725980166,0.8495320397104698,39.722662544647726,45,2,0,0,85,53,20,25,1000,30
HIGHEST_SNR,353028,28.418562455129003,0.5399504694306212,36.559162036683574,47,0,0,0,85,53,20,25,1000,30
SHORTEST_PULSE,353028,37.452829312781994,0.7638040128085865,33.603682278683515,44,3,0,0,85,53,20,25,1000,30
METROLOGY_CONDITIONED_EIG,353028,35.27400668803415,0.6071488114784785,34.872280142447785,46,1,0,0,85,53,20,25,1000,30
NO_PASSIVE,353029,433.2455611335064,2.3368022029199973,445.27923823147125,0,0,0,0,72,53,20,25,1000,30
RANDOM,353029,3.735828316793123,0.9178990729556208,23.893666122428534,53,0,0,0,72,53,20,25,1000,30
HIGHEST_SNR,353029,11.612058056327752,0.9006597785190298,23.810259490036692,53,0,0,0,72,53,20,25,1000,30
SHORTEST_PULSE,353029,15.275367392329246,0.5975404213429741,23.8950100576263,52,1,0,0,72,53,20,25,1000,30
METROLOGY_CONDITIONED_EIG,353029,8.969926944857276,0.4495982600105468,23.698197224484463,53,0,0,0,72,53,20,25,1000,30
NO_PASSIVE,354000,542.34841164468,0.6823130763555147,445.27923823147125,0,0,0,0,13,54,20,25,1000,100
RANDOM,354000,103.78177634530725,0.2297064212129881,89.70522528266851,10,0,0,0,13,54,20,25,1000,100
HIGHEST_SNR,354000,96.12735729861323,0.30686686182401995,98.17398608998651,10,0,0,0,13,54,20,25,1000,100
SHORTEST_PULSE,354000,129.04281750934143,0.26124808673072414,82.02413245522666,10,0,0,0,13,54,20,25,1000,100
METROLOGY_CONDITIONED_EIG,354000,129.04281750934143,0.26124808673072414,82.02413245522666,10,0,0,0,13,54,20,25,1000,100
NO_PASSIVE,354001,508.38190992303214,2.35396109395421,445.27923823147125,0,0,0,0,13,54,20,25,1000,100
RANDOM,354001,97.54221368049998,1.9906216836758315,79.12925080641445,13,0,0,0,13,54,20,25,1000,100
HIGHEST_SNR,354001,97.54221368049998,1.9906216836758315,79.12925080641445,13,0,0,0,13,54,20,25,1000,100
SHORTEST_PULSE,354001,97.54221368049998,1.9906216836758315,79.12925080641445,13,0,0,0,13,54,20,25,1000,100
METROLOGY_CONDITIONED_EIG,354001,97.54221368049998,1.9906216836758315,79.12925080641445,13,0,0,0,13,54,20,25,1000,100
NO_PASSIVE,354002,354.5826069974059,0.47527307120435175,445.27923823147125,0,0,0,0,75,54,20,25,1000,100
RANDOM,354002,29.76089493028909,0.26153690530907475,40.01858738716012,45,0,0,0,75,54,20,25,1000,100
HIGHEST_SNR,354002,56.750775499944766,0.7464429467618492,42.59942068248353,45,0,0,0,75,54,20,25,1000,100
SHORTEST_PULSE,354002,32.48672000989912,0.5582681085696438,37.84972615792064,45,0,0,0,75,54,20,25,1000,100
METROLOGY_CONDITIONED_EIG,354002,23.24970797258336,0.23759829195542861,37.39416493776513,45,0,0,0,75,54,20,25,1000,100
NO_PASSIVE,354003,57.75444508300922,1.2357978356123043,445.27923823147125,0,0,0,0,49,54,20,25,1000,100
RANDOM,354003,40.233576974059346,0.2667777916735183,49.575001198744665,35,1,0,0,49,54,20,25,1000,100
HIGHEST_SNR,354003,34.325007792083824,0.2469187213433557,50.46781424209715,35,1,0,0,49,54,20,25,1000,100
SHORTEST_PULSE,354003,55.848253103936514,0.5711368460149401,47.92270385704289,35,1,0,0,49,54,20,25,1000,100
METROLOGY_CONDITIONED_EIG,354003,74.957086031284,0.943687914933964,47.95299464644693,35,1,0,0,49,54,20,25,1000,100
NO_PASSIVE,354004,197.17242076965502,3.1084075587835893,445.27923823147125,0,0,0,0,62,54,20,25,1000,100
RANDOM,354004,51.049742458343495,1.2472831698371265,61.255208285274655,37,1,0,0,62,54,20,25,1000,100
HIGHEST_SNR,354004,84.99205768830504,1.86888681276455,77.83046508436627,37,1,0,0,62,54,20,25,1000,100
SHORTEST_PULSE,354004,47.040929652976295,1.0934442492021235,53.1486412442171,37,1,0,0,62,54,20,25,1000,100
METROLOGY_CONDITIONED_EIG,354004,54.952802946416206,1.3573528684461214,49.04541609897642,37,1,0,0,62,54,20,25,1000,100
NO_PASSIVE,354005,479.69460176823924,1.6420738691347594,445.27923823147125,0,0,0,0,64,54,20,25,1000,100
RANDOM,354005,52.82137823397596,1.2789393920805285,52.73066336348102,48,0,0,0,64,54,20,25,1000,100
HIGHEST_SNR,354005,67.53632143316408,1.1838619560291421,53.671302696520016,48,0,0,0,64,54,20,25,1000,100
SHORTEST_PULSE,354005,56.23875806357736,0.984719699912225,55.758092261329814,47,1,0,0,64,54,20,25,1000,100
METROLOGY_CONDITIONED_EIG,354005,52.0576907454596,1.0883381800302754,53.095433271478534,48,0,0,0,64,54,20,25,1000,100
NO_PASSIVE,354006,663.53079695569,1.1952320193850514,445.27923823147125,0,0,0,0,57,54,20,25,1000,100
RANDOM,354006,61.53444531255287,2.0209660936484424,116.78298531415132,32,0,0,0,57,54,20,25,1000,100
HIGHEST_SNR,354006,209.54614094244184,0.4795534228844874,163.2774216339996,32,0,0,0,57,54,20,25,1000,100
SHORTEST_PULSE,354006,209.54614094244184,0.4795534228844874,163.2774216339996,32,0,0,0,57,54,20,25,1000,100
METROLOGY_CONDITIONED_EIG,354006,18.96426078647766,1.5468290291571272,112.68506115516318,32,0,0,0,57,54,20,25,1000,100
NO_PASSIVE,354007,122.93482525708588,0.6495280514105551,445.27923823147125,0,0,0,0,48,54,20,25,1000,100
RANDOM,354007,74.08871760015838,0.7728045671222991,50.84310812499802,35,0,0,0,48,54,20,25,1000,100
HIGHEST_SNR,354007,20.526769244565894,1.0429952956341058,73.66109399910023,35,0,0,0,48,54,20,25,1000,100
SHORTEST_PULSE,354007,89.90990405367872,0.9411814574428967,50.614235944092165,35,0,0,0,48,54,20,25,1000,100
METROLOGY_CONDITIONED_EIG,354007,93.8053241112344,1.083835235651488,50.063390137217965,35,0,0,0,48,54,20,25,1000,100
NO_PASSIVE,354008,304.5661164514094,1.822607831844436,445.27923823147125,0,0,0,0,64,54,20,25,1000,100
RANDOM,354008,34.0775974935399,0.9355837302598597,72.23720073895072,31,0,0,0,64,54,20,25,1000,100
HIGHEST_SNR,354008,53.17800000076748,1.7705164581260564,94.12970302090561,31,0,0,0,64,54,20,25,1000,100
SHORTEST_PULSE,354008,44.787910481835404,2.2194959434959336,63.80583245735589,31,0,0,0,64,54,20,25,1000,100
METROLOGY_CONDITIONED_EIG,354008,32.308886602843444,1.6170076881569726,63.393195674680804,31,0,0,0,64,54,20,25,1000,100
NO_PASSIVE,354009,604.977585469236,4.497248784682509,445.27923823147125,0,0,0,0,94,54,20,25,1000,100
RANDOM,354009,124.69752933766219,3.043197409455128,47.853694024351064,44,1,0,0,94,54,20,25,1000,100
HIGHEST_SNR,354009,50.02693625911289,1.5045393777757303,47.263474260873174,45,0,0,0,94,54,20,25,1000,100
SHORTEST_PULSE,354009,36.06504894623617,0.7637400264296491,44.75545177828407,45,0,0,0,94,54,20,25,1000,100
METROLOGY_CONDITIONED_EIG,354009,41.25522894826724,1.346435184799184,38.51815719378644,45,0,0,0,94,54,20,25,1000,100
NO_PASSIVE,354010,121.45669191209237,3.2697142033490287,445.27923823147125,0,0,0,0,81,54,20,25,1000,100
RANDOM,354010,41.65367528193341,1.690319812550665,41.31467478294385,50,0,0,0,81,54,20,25,1000,100
HIGHEST_SNR,354010,66.65841831329425,1.948161150141725,51.173659891785604,47,3,0,0,81,54,20,25,1000,100
SHORTEST_PULSE,354010,50.04319472972468,1.9363990498915982,42.7426175450024,50,0,0,0,81,54,20,25,1000,100
METROLOGY_CONDITIONED_EIG,354010,62.941499728378055,1.7427121167218833,30.486781261901182,50,0,0,0,81,54,20,25,1000,100
NO_PASSIVE,354011,218.52741838555778,1.0689321120565454,445.27923823147125,0,0,0,0,82,54,20,25,1000,100
RANDOM,354011,37.308448471311216,1.6992892111361844,34.36622267400091,43,2,0,0,82,54,20,25,1000,100
HIGHEST_SNR,354011,42.98526133017933,1.8183054070828304,35.67745728627388,45,0,0,0,82,54,20,25,1000,100
SHORTEST_PULSE,354011,46.19172092445605,1.6202553187587219,32.15124723557544,44,1,0,0,82,54,20,25,1000,100
METROLOGY_CONDITIONED_EIG,354011,42.118890629192826,1.7186031286128873,32.00471250981249,45,0,0,0,82,54,20,25,1000,100
NO_PASSIVE,354012,300.71955146798086,2.5296915453434714,445.27923823147125,0,0,0,0,4,54,20,25,1000,100
RANDOM,354012,303.13719970313883,2.399830573090735,310.18856149180635,4,0,0,0,4,54,20,25,1000,100
HIGHEST_SNR,354012,303.13719970313883,2.399830573090735,310.18856149180635,4,0,0,0,4,54,20,25,1000,100
SHORTEST_PULSE,354012,303.13719970313883,2.399830573090735,310.18856149180635,4,0,0,0,4,54,20,25,1000,100
METROLOGY_CONDITIONED_EIG,354012,303.13719970313883,2.399830573090735,310.18856149180635,4,0,0,0,4,54,20,25,1000,100
NO_PASSIVE,354013,195.49885279811292,1.5871348138944874,445.27923823147125,0,0,0,0,96,54,20,25,1000,100
RANDOM,354013,8.146985597534421,0.2573168666330941,31.38778726537589,43,0,0,0,96,54,20,25,1000,100
HIGHEST_SNR,354013,9.102240059708901,0.8401073088537684,32.01366251442758,42,1,0,0,96,54,20,25,1000,100
SHORTEST_PULSE,354013,4.496725647745659,0.38804232233433833,32.463441406907485,43,0,0,0,96,54,20,25,1000,100
METROLOGY_CONDITIONED_EIG,354013,5.5750131340571185,0.47322183319613076,27.36924970647734,42,1,0,0,96,54,20,25,1000,100
NO_PASSIVE,354014,139.52703771770024,0.3719491376672725,445.27923823147125,0,0,0,0,139,54,20,25,1000,100
RANDOM,354014,3.113457720365222,0.6314578772881808,31.56714065157828,56,2,0,0,139,54,20,25,1000,100
HIGHEST_SNR,354014,19.63724774858434,0.345982265281501,37.29356655430365,57,1,0,0,139,54,20,25,1000,100
SHORTEST_PULSE,354014,13.378080411576027,0.09633269031413721,29.42300109816289,57,1,0,0,139,54,20,25,1000,100
METROLOGY_CONDITIONED_EIG,354014,14.941717820874583,1.018818702952159,29.890997219435633,55,3,0,0,139,54,20,25,1000,100
NO_PASSIVE,354015,389.13860388257007,3.1103109052436904,445.27923823147125,0,0,0,0,74,54,20,25,1000,100
RANDOM,354015,51.65100867424922,2.082700905298878,54.147363094821614,43,2,0,0,74,54,20,25,1000,100
HIGHEST_SNR,354015,68.63452618445423,3.2909577644993786,57.33454110503572,42,3,0,0,74,54,20,25,1000,100
SHORTEST_PULSE,354015,88.41763213058385,1.977859374142661,51.47387344646117,45,0,0,0,74,54,20,25,1000,100
METROLOGY_CONDITIONED_EIG,354015,69.1835965011287,1.8192290990662312,51.89273510203402,45,0,0,0,74,54,20,25,1000,100
NO_PASSIVE,354016,297.20876716001675,2.232811376997901,445.27923823147125,0,0,0,0,135,54,20,25,1000,100
RANDOM,354016,25.091646862806563,0.76025883116592,31.976903154515146,52,1,0,0,135,54,20,25,1000,100
HIGHEST_SNR,354016,44.37379980414825,0.9640280635570132,37.30310353618828,52,1,0,0,135,54,20,25,1000,100
SHORTEST_PULSE,354016,37.639074260957344,0.6760372739877455,29.57409772874318,53,0,0,0,135,54,20,25,1000,100
METROLOGY_CONDITIONED_EIG,354016,20.125974189340063,0.2882824123972631,26.230865770966773,53,0,0,0,135,54,20,25,1000,100
NO_PASSIVE,354017,350.9265179872225,3.543789479839229,445.27923823147125,0,0,0,0,76,54,20,25,1000,100
RANDOM,354017,55.62959620129919,1.7232007147835866,68.02107226222851,46,1,0,0,76,54,20,25,1000,100
HIGHEST_SNR,354017,59.44675859311571,1.9215440109030426,66.92575570957241,47,0,0,0,76,54,20,25,1000,100
SHORTEST_PULSE,354017,65.75283819983741,1.4653123568511421,59.2407314106257,47,0,0,0,76,54,20,25,1000,100
METROLOGY_CONDITIONED_EIG,354017,74.39289085556116,1.4657388834313065,59.34725594043632,47,0,0,0,76,54,20,25,1000,100
NO_PASSIVE,354018,624.5225158854702,3.3280613439287867,445.27923823147125,0,0,0,0,71,54,20,25,1000,100
RANDOM,354018,53.0743704017598,1.4442559520484282,39.37049044622745,37,0,0,0,71,54,20,25,1000,100
HIGHEST_SNR,354018,53.13673026657201,0.991547372960019,39.01551067821611,37,0,0,0,71,54,20,25,1000,100
SHORTEST_PULSE,354018,52.56951924747996,1.4396593407269644,38.410807934359106,37,0,0,0,71,54,20,25,1000,100
METROLOGY_CONDITIONED_EIG,354018,52.60719138336231,1.5236241537905024,37.86032166210317,37,0,0,0,71,54,20,25,1000,100
NO_PASSIVE,354019,389.68771053483164,2.7928133410564917,445.27923823147125,0,0,0,0,35,54,20,25,1000,100
RANDOM,354019,117.81864972554024,1.2141066207968185,67.13206550329102,29,3,0,0,35,54,20,25,1000,100
HIGHEST_SNR,354019,107.91209275560676,1.198486588838095,67.2348182948388,29,3,0,0,35,54,20,25,1000,100
SHORTEST_PULSE,354019,107.91209275560676,1.198486588838095,67.2348182948388,29,3,0,0,35,54,20,25,1000,100
METROLOGY_CONDITIONED_EIG,354019,117.81864972554024,1.2141066207968185,67.13206550329102,29,3,0,0,35,54,20,25,1000,100
NO_PASSIVE,354020,186.21957710668678,1.3689256748413476,445.27923823147125,0,0,0,0,74,54,20,25,1000,100
RANDOM,354020,39.15808678258036,1.0231996357892825,41.1156570907717,46,0,0,0,74,54,20,25,1000,100
HIGHEST_SNR,354020,39.99173577504038,1.3562652607901857,44.95628065938702,46,0,0,0,74,54,20,25,1000,100
SHORTEST_PULSE,354020,38.00865872721417,1.1778971379554566,38.80633652933024,46,0,0,0,74,54,20,25,1000,100
METROLOGY_CONDITIONED_EIG,354020,38.68838784667238,1.4385384704326662,37.58120491268887,46,0,0,0,74,54,20,25,1000,100
NO_PASSIVE,354021,730.545074720872,0.3672903142761373,445.27923823147125,0,0,0,0,81,54,20,25,1000,100
RANDOM,354021,48.21469642876962,1.0465235105665835,43.29372402255625,46,0,0,0,81,54,20,25,1000,100
HIGHEST_SNR,354021,30.69431142388021,0.8128657464679321,77.41409739550039,46,0,0,0,81,54,20,25,1000,100
SHORTEST_PULSE,354021,26.872072339418278,0.624557717793989,37.43638941464154,46,0,0,0,81,54,20,25,1000,100
METROLOGY_CONDITIONED_EIG,354021,27.304450035240507,0.6499323843567669,37.67697867196088,46,0,0,0,81,54,20,25,1000,100
NO_PASSIVE,354022,458.68537369595424,1.7780604068391022,445.27923823147125,0,0,0,0,31,54,20,25,1000,100
RANDOM,354022,53.01706317915266,1.3853041070648249,75.93716550567608,28,0,0,0,31,54,20,25,1000,100
HIGHEST_SNR,354022,53.01706317915266,1.3853041070648249,75.93716550567608,28,0,0,0,31,54,20,25,1000,100
SHORTEST_PULSE,354022,38.29881733287322,1.5885390830312074,73.91838646014587,28,0,0,0,31,54,20,25,1000,100
METROLOGY_CONDITIONED_EIG,354022,39.01560646311847,1.7131569433039895,73.28293079860723,28,0,0,0,31,54,20,25,1000,100
NO_PASSIVE,354023,820.4449106466423,3.883174246999191,445.27923823147125,0,0,0,0,11,54,20,25,1000,100
RANDOM,354023,387.7217381652684,3.3332197747185437,173.26672341820347,10,1,0,0,11,54,20,25,1000,100
HIGHEST_SNR,354023,387.7217381652684,3.3332197747185437,173.26672341820347,10,1,0,0,11,54,20,25,1000,100
SHORTEST_PULSE,354023,387.7217381652684,3.3332197747185437,173.26672341820347,10,1,0,0,11,54,20,25,1000,100
METROLOGY_CONDITIONED_EIG,354023,387.7217381652684,3.3332197747185437,173.26672341820347,10,1,0,0,11,54,20,25,1000,100
NO_PASSIVE,354024,624.9066548729621,1.8780192720054432,445.27923823147125,0,0,0,0,79,54,20,25,1000,100
RANDOM,354024,141.42739436363848,2.6185097301162283,71.75882518834527,56,2,0,0,79,54,20,25,1000,100
HIGHEST_SNR,354024,56.34006468147396,2.0977119597599243,101.07575684438748,56,2,0,0,79,54,20,25,1000,100
SHORTEST_PULSE,354024,52.32678510651696,1.0334207241553826,55.23370784545633,57,1,0,0,79,54,20,25,1000,100
METROLOGY_CONDITIONED_EIG,354024,52.32678510651696,1.0334207241553826,55.23370784545633,57,1,0,0,79,54,20,25,1000,100
NO_PASSIVE,354025,321.9428116582834,2.6778973399695762,445.27923823147125,0,0,0,0,193,54,20,25,1000,100
RANDOM,354025,40.98326429486852,0.8702144472991344,36.75043771325015,59,1,0,0,193,54,20,25,1000,100
HIGHEST_SNR,354025,58.047187813733885,1.5839966440660551,45.52573614251037,60,0,0,0,193,54,20,25,1000,100
SHORTEST_PULSE,354025,28.02347639174997,0.41702902083077664,32.112880145311756,60,0,0,0,193,54,20,25,1000,100
METROLOGY_CONDITIONED_EIG,354025,15.939794534219713,0.520397718585019,29.98346527866495,59,1,0,0,193,54,20,25,1000,100
NO_PASSIVE,354026,640.5904916195432,2.163946408493255,445.27923823147125,0,0,0,0,59,54,20,25,1000,100
RANDOM,354026,31.843762424348203,1.2772538194382776,36.15397528487026,45,1,0,0,59,54,20,25,1000,100
HIGHEST_SNR,354026,13.234103157967262,0.22461709582445455,39.90242239445833,44,2,0,0,59,54,20,25,1000,100
SHORTEST_PULSE,354026,39.347780381061675,1.4721646311288115,32.78067661248691,45,1,0,0,59,54,20,25,1000,100
METROLOGY_CONDITIONED_EIG,354026,39.347780381061675,1.4721646311288115,32.78067661248691,45,1,0,0,59,54,20,25,1000,100
NO_PASSIVE,354027,669.2365574838763,0.6571944940159777,445.27923823147125,0,0,0,0,55,54,20,25,1000,100
RANDOM,354027,64.83051395606638,2.008305163777473,53.17316450400384,37,1,0,0,55,54,20,25,1000,100
HIGHEST_SNR,354027,60.311542880329654,0.7665271164135964,59.70541474805141,38,0,0,0,55,54,20,25,1000,100
SHORTEST_PULSE,354027,76.03094139798011,2.0806411942557226,48.80820425878393,37,1,0,0,55,54,20,25,1000,100
METROLOGY_CONDITIONED_EIG,354027,76.03094139798011,2.0806411942557226,48.80820425878393,37,1,0,0,55,54,20,25,1000,100
NO_PASSIVE,354028,462.0157719147961,1.5796329193253489,445.27923823147125,0,0,0,0,92,54,20,25,1000,100
RANDOM,354028,7.685333000661457,0.2579560060991718,49.264034859836336,53,0,0,0,92,54,20,25,1000,100
HIGHEST_SNR,354028,9.715667952547138,0.3885722657008943,51.655086063393355,53,0,0,0,92,54,20,25,1000,100
SHORTEST_PULSE,354028,30.306716501171916,0.44351657912240844,46.54899890374749,53,0,0,0,92,54,20,25,1000,100
METROLOGY_CONDITIONED_EIG,354028,7.107729409176738,0.9168368918816721,41.54205518669955,52,1,0,0,92,54,20,25,1000,100
NO_PASSIVE,354029,122.73639211214527,1.5862266870192585,445.27923823147125,0,0,0,0,29,54,20,25,1000,100
RANDOM,354029,60.004681490062254,0.8172311122983632,81.90953863657668,28,0,0,0,29,54,20,25,1000,100
HIGHEST_SNR,354029,51.882474282240146,0.7710167237981761,80.3207518165395,28,0,0,0,29,54,20,25,1000,100
SHORTEST_PULSE,354029,51.882474282240146,0.7710167237981761,80.3207518165395,28,0,0,0,29,54,20,25,1000,100
METROLOGY_CONDITIONED_EIG,354029,60.004681490062254,0.8172311122983632,81.90953863657668,28,0,0,0,29,54,20,25,1000,100
