policy,seed,position_error_final_m,velocity_error_final_mps,position_sigma_final_m,used_measurements,rejected_measurements,assoc_bad_accepted,outlier_accepted,eligible_measurements,scenario_id,n_donors,clutter_db,rcs,donor_sigma,maneuver_deg,assoc_error_prob,outlier_prob
NO_PASSIVE,501000,559.4615907907403,2.6664135417480836,445.27907653515393,0,0,0,0,107,1,12,10,100,30,0,0.0,0.0
RANDOM,501000,49.55069242999349,1.847512723390682,21.481299413824956,43,5,0,0,107,1,12,10,100,30,0,0.0,0.0
HIGHEST_SNR,501000,13.281539227296992,0.4441422628755232,27.26800176172579,48,0,0,0,107,1,12,10,100,30,0,0.0,0.0
SHORTEST_PULSE,501000,11.95042543657235,0.36908232417178993,14.52458886997868,48,0,0,0,107,1,12,10,100,30,0,0.0,0.0
METROLOGY_CONDITIONED_EIG,501000,15.63824169928868,0.34582386184446023,14.52401682441909,46,2,0,0,107,1,12,10,100,30,0,0.0,0.0
NO_PASSIVE,501001,527.7532494560064,2.922547498775003,445.27907653515393,0,0,0,0,87,1,12,10,100,30,0,0.0,0.0
RANDOM,501001,26.7136701790709,0.6766552360973533,22.41964175739806,51,1,0,0,87,1,12,10,100,30,0,0.0,0.0
HIGHEST_SNR,501001,18.772300740177275,0.788889577001132,23.869007650197464,52,0,0,0,87,1,12,10,100,30,0,0.0,0.0
SHORTEST_PULSE,501001,24.919794376377375,0.4915806317089995,25.720404249716097,52,0,0,0,87,1,12,10,100,30,0,0.0,0.0
METROLOGY_CONDITIONED_EIG,501001,13.360571463519978,0.1782924295797625,21.327713019039486,52,0,0,0,87,1,12,10,100,30,0,0.0,0.0
NO_PASSIVE,501002,313.9076601294121,2.339866382548,445.27907653515393,0,0,0,0,155,1,12,10,100,30,0,0.0,0.0
RANDOM,501002,28.557370295430246,0.9432400142703227,20.299159076295595,52,0,0,0,155,1,12,10,100,30,0,0.0,0.0
HIGHEST_SNR,501002,31.101631458957232,0.9210778284916736,19.100174842727224,52,0,0,0,155,1,12,10,100,30,0,0.0,0.0
SHORTEST_PULSE,501002,29.361859181963663,0.8646511025966148,24.003819831543364,52,0,0,0,155,1,12,10,100,30,0,0.0,0.0
METROLOGY_CONDITIONED_EIG,501002,23.48946692151137,0.7202722517804203,16.748608992961024,52,0,0,0,155,1,12,10,100,30,0,0.0,0.0
NO_PASSIVE,501003,189.26361655161483,2.4280908548990707,445.27907653515393,0,0,0,0,109,1,12,10,100,30,0,0.0,0.0
RANDOM,501003,8.677988321280655,0.2440616519726594,27.94991016043103,58,0,0,0,109,1,12,10,100,30,0,0.0,0.0
HIGHEST_SNR,501003,13.39898200011059,0.09259349184506946,25.23786738579101,58,0,0,0,109,1,12,10,100,30,0,0.0,0.0
SHORTEST_PULSE,501003,16.039648435156305,0.27754667750060147,28.778208574587435,58,0,0,0,109,1,12,10,100,30,0,0.0,0.0
METROLOGY_CONDITIONED_EIG,501003,6.016915644096759,0.24509027957423327,25.71601812943326,58,0,0,0,109,1,12,10,100,30,0,0.0,0.0
NO_PASSIVE,501004,741.1096861347544,0.37160699739942316,445.27907653515393,0,0,0,0,65,1,12,10,100,30,0,0.0,0.0
RANDOM,501004,11.47293764641936,0.5204811731825902,28.760667790886835,41,0,0,0,65,1,12,10,100,30,0,0.0,0.0
HIGHEST_SNR,501004,13.229483073913745,0.0700549639812624,35.61601084325921,41,0,0,0,65,1,12,10,100,30,0,0.0,0.0
SHORTEST_PULSE,501004,19.09621367694819,0.5850686714908724,24.789527606176954,41,0,0,0,65,1,12,10,100,30,0,0.0,0.0
METROLOGY_CONDITIONED_EIG,501004,17.269808955232712,0.41744712207498574,24.929880050113788,41,0,0,0,65,1,12,10,100,30,0,0.0,0.0
NO_PASSIVE,501005,111.86813245352869,1.11783687349621,445.27907653515393,0,0,0,0,27,1,12,10,100,30,0,0.0,0.0
RANDOM,501005,33.82972497793603,1.1075379765718052,46.8572729720761,22,0,0,0,27,1,12,10,100,30,0,0.0,0.0
HIGHEST_SNR,501005,15.564373645608546,0.8836743110658254,70.51641866908568,22,0,0,0,27,1,12,10,100,30,0,0.0,0.0
SHORTEST_PULSE,501005,31.151003877247607,1.034860704905186,47.57377287283461,22,0,0,0,27,1,12,10,100,30,0,0.0,0.0
METROLOGY_CONDITIONED_EIG,501005,32.606743218157504,1.2516656152890802,46.54730968859513,22,0,0,0,27,1,12,10,100,30,0,0.0,0.0
NO_PASSIVE,501006,438.79083746736694,1.5604312797789834,445.27907653515393,0,0,0,0,76,1,12,10,100,30,0,0.0,0.0
RANDOM,501006,4.311396430894531,0.14528476523771175,24.24139226377804,35,0,0,0,76,1,12,10,100,30,0,0.0,0.0
HIGHEST_SNR,501006,43.918696451471526,1.151090346306143,26.015581675001542,34,1,0,0,76,1,12,10,100,30,0,0.0,0.0
SHORTEST_PULSE,501006,20.543614999078155,0.5179892137958358,24.437403812845805,35,0,0,0,76,1,12,10,100,30,0,0.0,0.0
METROLOGY_CONDITIONED_EIG,501006,15.803402767602051,0.6939804841136441,23.831844097311084,35,0,0,0,76,1,12,10,100,30,0,0.0,0.0
NO_PASSIVE,501007,241.01103605311462,1.0400752761466256,445.27907653515393,0,0,0,0,124,1,12,10,100,30,0,0.0,0.0
RANDOM,501007,11.327107798333943,0.23700243223303116,47.03495868779866,58,1,0,0,124,1,12,10,100,30,0,0.0,0.0
HIGHEST_SNR,501007,11.539550971250124,0.5700048882172101,43.91608756434134,58,1,0,0,124,1,12,10,100,30,0,0.0,0.0
SHORTEST_PULSE,501007,12.731415502628154,1.1361572383133403,47.4194100847022,56,3,0,0,124,1,12,10,100,30,0,0.0,0.0
METROLOGY_CONDITIONED_EIG,501007,51.35178990949185,1.0239166463064486,44.03434271248721,57,2,0,0,124,1,12,10,100,30,0,0.0,0.0
NO_PASSIVE,501008,315.7254788744938,1.2330943911213537,445.27907653515393,0,0,0,0,58,1,12,10,100,30,0,0.0,0.0
RANDOM,501008,53.5259064827484,1.1063738140760988,29.275918326366554,43,0,0,0,58,1,12,10,100,30,0,0.0,0.0
HIGHEST_SNR,501008,50.20872795800104,1.201709648022643,31.31964687585213,43,0,0,0,58,1,12,10,100,30,0,0.0,0.0
SHORTEST_PULSE,501008,59.78308077090052,1.1683417377429695,28.975926389018266,42,1,0,0,58,1,12,10,100,30,0,0.0,0.0
METROLOGY_CONDITIONED_EIG,501008,56.837878730863935,1.1737317494626063,27.15230766119024,42,1,0,0,58,1,12,10,100,30,0,0.0,0.0
NO_PASSIVE,501009,454.44916918407324,2.063706546118753,445.27907653515393,0,0,0,0,82,1,12,10,100,30,0,0.0,0.0
RANDOM,501009,7.248025761127219,0.8037291477549589,37.724307185425204,52,1,0,0,82,1,12,10,100,30,0,0.0,0.0
HIGHEST_SNR,501009,24.175754594817572,0.3446580758211693,37.9551036232304,52,1,0,0,82,1,12,10,100,30,0,0.0,0.0
SHORTEST_PULSE,501009,15.032775834533396,0.5844235275099939,50.61662267039637,50,3,0,0,82,1,12,10,100,30,0,0.0,0.0
METROLOGY_CONDITIONED_EIG,501009,5.825139169502853,0.2558745547378976,35.25095599723541,50,3,0,0,82,1,12,10,100,30,0,0.0,0.0
NO_PASSIVE,501010,726.9609154228697,2.1273937833904624,445.27907653515393,0,0,0,0,77,1,12,10,100,30,0,0.0,0.0
RANDOM,501010,16.805677067365377,0.26525035266347863,22.975781553572197,53,1,0,0,77,1,12,10,100,30,0,0.0,0.0
HIGHEST_SNR,501010,18.159103244458116,0.3998387152711635,23.219285419447125,54,0,0,0,77,1,12,10,100,30,0,0.0,0.0
SHORTEST_PULSE,501010,8.990023307195479,0.4844959340010249,20.90875988572676,52,2,0,0,77,1,12,10,100,30,0,0.0,0.0
METROLOGY_CONDITIONED_EIG,501010,12.036978473181591,0.279702150295003,20.92214215302035,53,1,0,0,77,1,12,10,100,30,0,0.0,0.0
NO_PASSIVE,501011,216.09791857516555,1.5052627788897148,445.27907653515393,0,0,0,0,50,1,12,10,100,30,0,0.0,0.0
RANDOM,501011,32.2850311875759,0.6404110784374518,31.541425193375133,37,0,0,0,50,1,12,10,100,30,0,0.0,0.0
HIGHEST_SNR,501011,19.306359922520986,0.7546710050126106,34.08155275609045,36,1,0,0,50,1,12,10,100,30,0,0.0,0.0
SHORTEST_PULSE,501011,20.910944356356303,0.3824880365090872,30.96785043185787,37,0,0,0,50,1,12,10,100,30,0,0.0,0.0
METROLOGY_CONDITIONED_EIG,501011,19.55959369230892,0.027124239656350264,31.227700380400528,37,0,0,0,50,1,12,10,100,30,0,0.0,0.0
NO_PASSIVE,501012,501.7183983842868,1.0317766442060374,445.27907653515393,0,0,0,0,135,1,12,10,100,30,0,0.0,0.0
RANDOM,501012,74.31754222097078,2.026860365557649,32.47072614169367,57,0,0,0,135,1,12,10,100,30,0,0.0,0.0
HIGHEST_SNR,501012,50.44819800039272,1.748456274422059,50.56150906234867,54,3,0,0,135,1,12,10,100,30,0,0.0,0.0
SHORTEST_PULSE,501012,81.40572624929257,1.9281841516865685,32.363450462616164,57,0,0,0,135,1,12,10,100,30,0,0.0,0.0
METROLOGY_CONDITIONED_EIG,501012,68.34684773828394,1.6682574111445596,29.326847286302826,56,1,0,0,135,1,12,10,100,30,0,0.0,0.0
NO_PASSIVE,501013,424.19787447221796,0.5688403967654001,445.27907653515393,0,0,0,0,33,1,12,10,100,30,0,0.0,0.0
RANDOM,501013,17.22292191941241,0.851369422990041,42.528731016770834,32,0,0,0,33,1,12,10,100,30,0,0.0,0.0
HIGHEST_SNR,501013,17.22292191941241,0.851369422990041,42.528731016770834,32,0,0,0,33,1,12,10,100,30,0,0.0,0.0
SHORTEST_PULSE,501013,16.652223702369227,0.799002113321279,42.485072606391945,32,0,0,0,33,1,12,10,100,30,0,0.0,0.0
METROLOGY_CONDITIONED_EIG,501013,16.652223702369227,0.799002113321279,42.485072606391945,32,0,0,0,33,1,12,10,100,30,0,0.0,0.0
NO_PASSIVE,501014,348.98760225583254,1.8061427604457685,445.27907653515393,0,0,0,0,36,1,12,10,100,30,0,0.0,0.0
RANDOM,501014,71.45405609129841,1.0792880890456753,50.035375225009375,27,1,0,0,36,1,12,10,100,30,0,0.0,0.0
HIGHEST_SNR,501014,43.045263672964,1.4096167107158313,48.82518430485331,27,1,0,0,36,1,12,10,100,30,0,0.0,0.0
SHORTEST_PULSE,501014,75.40822198700161,1.2181804117059358,46.446622203716124,27,1,0,0,36,1,12,10,100,30,0,0.0,0.0
METROLOGY_CONDITIONED_EIG,501014,55.05745416939103,1.3075420885071583,43.750016856369704,28,0,0,0,36,1,12,10,100,30,0,0.0,0.0
NO_PASSIVE,501015,597.1287645791721,3.097972727930131,445.27907653515393,0,0,0,0,46,1,12,10,100,30,0,0.0,0.0
RANDOM,501015,13.380686345417239,0.7080456035394096,21.955816669017274,39,0,0,0,46,1,12,10,100,30,0,0.0,0.0
HIGHEST_SNR,501015,13.684104696763272,0.6033246966694011,22.2986717133482,39,0,0,0,46,1,12,10,100,30,0,0.0,0.0
SHORTEST_PULSE,501015,14.195886484687419,0.5473818645668426,21.85736833065688,39,0,0,0,46,1,12,10,100,30,0,0.0,0.0
METROLOGY_CONDITIONED_EIG,501015,11.002914465344745,0.2903645386636353,21.83046273340127,39,0,0,0,46,1,12,10,100,30,0,0.0,0.0
NO_PASSIVE,501016,113.23504601560317,2.361823093671162,445.27907653515393,0,0,0,0,121,1,12,10,100,30,0,0.0,0.0
RANDOM,501016,56.68763754194431,2.867074978242116,52.19755943461566,53,1,0,0,121,1,12,10,100,30,0,0.0,0.0
HIGHEST_SNR,501016,82.95944796530654,2.9239216653007514,57.26354112678162,52,2,0,0,121,1,12,10,100,30,0,0.0,0.0
SHORTEST_PULSE,501016,30.812376907677944,1.3270589875315637,27.727219592883124,53,1,0,0,121,1,12,10,100,30,0,0.0,0.0
METROLOGY_CONDITIONED_EIG,501016,33.85908289028956,0.8410124787362028,24.36461559572411,52,2,0,0,121,1,12,10,100,30,0,0.0,0.0
NO_PASSIVE,501017,498.55372003786636,0.9101321514620405,445.27907653515393,0,0,0,0,94,1,12,10,100,30,0,0.0,0.0
RANDOM,501017,32.70945927865714,0.7820197365599266,17.299537663400624,47,0,0,0,94,1,12,10,100,30,0,0.0,0.0
HIGHEST_SNR,501017,17.29852692997308,0.6392282088320965,21.693572568726026,47,0,0,0,94,1,12,10,100,30,0,0.0,0.0
SHORTEST_PULSE,501017,38.09764948874607,1.0999682025749262,17.981403119839314,47,0,0,0,94,1,12,10,100,30,0,0.0,0.0
METROLOGY_CONDITIONED_EIG,501017,21.767357695413818,0.23438007476817216,16.817310898541812,46,1,0,0,94,1,12,10,100,30,0,0.0,0.0
NO_PASSIVE,501018,268.30381422464336,1.2020017817701596,445.27907653515393,0,0,0,0,51,1,12,10,100,30,0,0.0,0.0
RANDOM,501018,28.572015753066765,0.5557639946113063,23.614784087284274,28,0,0,0,51,1,12,10,100,30,0,0.0,0.0
HIGHEST_SNR,501018,28.681931967633897,0.610164008881956,30.32704489898692,28,0,0,0,51,1,12,10,100,30,0,0.0,0.0
SHORTEST_PULSE,501018,15.99021928091283,0.3099134628430148,22.36937508949733,28,0,0,0,51,1,12,10,100,30,0,0.0,0.0
METROLOGY_CONDITIONED_EIG,501018,13.083311893984192,0.12815048829401163,22.472642417888398,27,1,0,0,51,1,12,10,100,30,0,0.0,0.0
NO_PASSIVE,501019,567.4899382743714,1.8199239720061355,445.27907653515393,0,0,0,0,115,1,12,10,100,30,0,0.0,0.0
RANDOM,501019,11.220421341969773,0.5645150451011955,19.39356595042197,52,5,0,0,115,1,12,10,100,30,0,0.0,0.0
HIGHEST_SNR,501019,4.675194037154096,0.29693865102900135,18.992195901029028,49,8,0,0,115,1,12,10,100,30,0,0.0,0.0
SHORTEST_PULSE,501019,9.122463697227108,0.17092543538220273,17.339331637971696,54,3,0,0,115,1,12,10,100,30,0,0.0,0.0
METROLOGY_CONDITIONED_EIG,501019,17.047104751918848,0.6806590571862713,17.406485375521164,57,0,0,0,115,1,12,10,100,30,0,0.0,0.0
NO_PASSIVE,501020,106.74017056140873,0.47053399343043323,445.27907653515393,0,0,0,0,71,1,12,10,100,30,0,0.0,0.0
RANDOM,501020,32.719564966914184,0.9532098458569528,36.46238461894601,52,0,0,0,71,1,12,10,100,30,0,0.0,0.0
HIGHEST_SNR,501020,18.678137341421838,0.9105545945133261,39.055635885018205,51,1,0,0,71,1,12,10,100,30,0,0.0,0.0
SHORTEST_PULSE,501020,36.43756268335987,0.9839578879344582,34.19274870360122,52,0,0,0,71,1,12,10,100,30,0,0.0,0.0
METROLOGY_CONDITIONED_EIG,501020,16.746960938869872,0.7815914663518172,33.85660194047281,52,0,0,0,71,1,12,10,100,30,0,0.0,0.0
NO_PASSIVE,501021,597.2795673298291,2.199120886076212,445.27907653515393,0,0,0,0,66,1,12,10,100,30,0,0.0,0.0
RANDOM,501021,28.454581821909837,0.507657831746047,34.247102539917464,38,1,0,0,66,1,12,10,100,30,0,0.0,0.0
HIGHEST_SNR,501021,27.80276558195966,0.4674287190415562,39.17411181071475,39,0,0,0,66,1,12,10,100,30,0,0.0,0.0
SHORTEST_PULSE,501021,29.055939160983407,0.8525717608716844,30.251909853266465,37,2,0,0,66,1,12,10,100,30,0,0.0,0.0
METROLOGY_CONDITIONED_EIG,501021,20.14301857723076,0.5326428253663468,24.366273954521375,38,1,0,0,66,1,12,10,100,30,0,0.0,0.0
NO_PASSIVE,501022,544.3140912081146,2.4933585677434333,445.27907653515393,0,0,0,0,62,1,12,10,100,30,0,0.0,0.0
RANDOM,501022,5.5797084408999735,0.2657116645163353,24.160784274539846,50,1,0,0,62,1,12,10,100,30,0,0.0,0.0
HIGHEST_SNR,501022,11.64368480482539,0.34898041773149946,26.013150418027408,50,1,0,0,62,1,12,10,100,30,0,0.0,0.0
SHORTEST_PULSE,501022,8.890217072788241,0.5258279972848044,25.233426344212102,51,0,0,0,62,1,12,10,100,30,0,0.0,0.0
METROLOGY_CONDITIONED_EIG,501022,5.605614780949836,0.21036198368751444,24.067792333996554,51,0,0,0,62,1,12,10,100,30,0,0.0,0.0
NO_PASSIVE,501023,537.8388139582291,0.48339147438947716,445.27907653515393,0,0,0,0,126,1,12,10,100,30,0,0.0,0.0
RANDOM,501023,10.672896597971093,0.56278372527842,25.03673543389905,59,0,0,0,126,1,12,10,100,30,0,0.0,0.0
HIGHEST_SNR,501023,12.676292039747807,0.2253595777642098,29.90334231292417,59,0,0,0,126,1,12,10,100,30,0,0.0,0.0
SHORTEST_PULSE,501023,3.53270850866509,0.6206845674386904,21.89650950389278,59,0,0,0,126,1,12,10,100,30,0,0.0,0.0
METROLOGY_CONDITIONED_EIG,501023,2.6983567014774406,0.3617962048127769,18.313267146699413,59,0,0,0,126,1,12,10,100,30,0,0.0,0.0
NO_PASSIVE,501024,32.88159073160594,0.8230428107414015,445.27907653515393,0,0,0,0,64,1,12,10,100,30,0,0.0,0.0
RANDOM,501024,36.17896243638537,0.8480100677625909,26.638011372565813,48,0,0,0,64,1,12,10,100,30,0,0.0,0.0
HIGHEST_SNR,501024,41.094548741041216,0.7571256197746336,27.158920010450476,48,0,0,0,64,1,12,10,100,30,0,0.0,0.0
SHORTEST_PULSE,501024,31.95830058241706,0.5455935634471768,26.460306916054844,48,0,0,0,64,1,12,10,100,30,0,0.0,0.0
METROLOGY_CONDITIONED_EIG,501024,35.18633725366694,0.5177615246579277,25.30802885752864,48,0,0,0,64,1,12,10,100,30,0,0.0,0.0
NO_PASSIVE,501025,680.3021758763134,2.5894274776542647,445.27907653515393,0,0,0,0,44,1,12,10,100,30,0,0.0,0.0
RANDOM,501025,38.079722729023324,0.5094765557506279,36.85915657061765,32,0,0,0,44,1,12,10,100,30,0,0.0,0.0
HIGHEST_SNR,501025,43.30928130903738,0.5699993970439821,46.86094067694373,32,0,0,0,44,1,12,10,100,30,0,0.0,0.0
SHORTEST_PULSE,501025,15.620097259336097,0.6794825295686256,34.50891628199476,32,0,0,0,44,1,12,10,100,30,0,0.0,0.0
METROLOGY_CONDITIONED_EIG,501025,35.6200010645369,0.9842397078041941,35.11960264502053,32,0,0,0,44,1,12,10,100,30,0,0.0,0.0
NO_PASSIVE,501026,197.52205235770887,2.269508307494238,445.27907653515393,0,0,0,0,95,1,12,10,100,30,0,0.0,0.0
RANDOM,501026,14.806982880618852,0.24850327183496457,34.76403347472341,57,1,0,0,95,1,12,10,100,30,0,0.0,0.0
HIGHEST_SNR,501026,34.18330975897786,1.0885726410594168,34.109748940036276,57,1,0,0,95,1,12,10,100,30,0,0.0,0.0
SHORTEST_PULSE,501026,17.848962664238975,0.9701589971909367,28.041908856128696,58,0,0,0,95,1,12,10,100,30,0,0.0,0.0
METROLOGY_CONDITIONED_EIG,501026,22.59033676662049,0.721779960131878,27.925983476250497,58,0,0,0,95,1,12,10,100,30,0,0.0,0.0
NO_PASSIVE,501027,400.5855108247037,1.0900035334336056,445.27907653515393,0,0,0,0,71,1,12,10,100,30,0,0.0,0.0
RANDOM,501027,7.38383510806783,0.6448151278642238,21.442884045465927,47,1,0,0,71,1,12,10,100,30,0,0.0,0.0
HIGHEST_SNR,501027,18.06177478352184,0.8840364136869877,21.73506123831854,47,1,0,0,71,1,12,10,100,30,0,0.0,0.0
SHORTEST_PULSE,501027,10.191840960468632,0.680366974493572,20.790572694367505,47,1,0,0,71,1,12,10,100,30,0,0.0,0.0
METROLOGY_CONDITIONED_EIG,501027,12.672603396099257,0.7233823277195355,20.562543539181227,47,1,0,0,71,1,12,10,100,30,0,0.0,0.0
NO_PASSIVE,501028,575.3034385036482,0.8761723418404718,445.27907653515393,0,0,0,0,80,1,12,10,100,30,0,0.0,0.0
RANDOM,501028,11.720166244040149,0.3556626940976741,29.790866197445855,41,1,0,0,80,1,12,10,100,30,0,0.0,0.0
HIGHEST_SNR,501028,1.8288770838409165,0.3839683740646238,29.30117117125244,42,0,0,0,80,1,12,10,100,30,0,0.0,0.0
SHORTEST_PULSE,501028,5.757641017458432,0.14031957753167,23.947674899815798,41,1,0,0,80,1,12,10,100,30,0,0.0,0.0
METROLOGY_CONDITIONED_EIG,501028,25.239648829443034,0.5243607716574694,22.3366073705936,42,0,0,0,80,1,12,10,100,30,0,0.0,0.0
NO_PASSIVE,501029,501.6511183137149,0.7770257025081285,445.27907653515393,0,0,0,0,104,1,12,10,100,30,0,0.0,0.0
RANDOM,501029,40.00124706355622,1.2659082898707974,30.915096243847067,39,0,0,0,104,1,12,10,100,30,0,0.0,0.0
HIGHEST_SNR,501029,12.870575974189151,0.8954631528907439,93.81606185702898,39,0,0,0,104,1,12,10,100,30,0,0.0,0.0
SHORTEST_PULSE,501029,27.625146033137476,0.5741179458050965,23.2373769687048,39,0,0,0,104,1,12,10,100,30,0,0.0,0.0
METROLOGY_CONDITIONED_EIG,501029,38.541948338947385,0.8966248344612987,22.084312666260768,39,0,0,0,104,1,12,10,100,30,0,0.0,0.0
NO_PASSIVE,502000,409.40430243204133,1.942943902169829,445.27907653515393,0,0,0,0,142,2,12,10,100,30,0,0.0,0.05
RANDOM,502000,30.94527013857969,0.7345271147083843,44.633774516263166,53,3,0,0,142,2,12,10,100,30,0,0.0,0.05
HIGHEST_SNR,502000,26.021823276964653,0.6727548267371461,44.952529544290975,54,2,0,0,142,2,12,10,100,30,0,0.0,0.05
SHORTEST_PULSE,502000,22.9896398054422,0.6368173607499307,40.214972599268194,56,0,0,0,142,2,12,10,100,30,0,0.0,0.05
METROLOGY_CONDITIONED_EIG,502000,17.879844619541128,0.733495599530494,31.08410186943795,55,1,0,0,142,2,12,10,100,30,0,0.0,0.05
NO_PASSIVE,502001,486.709461208326,2.013786510833727,445.27907653515393,0,0,0,0,158,2,12,10,100,30,0,0.0,0.05
RANDOM,502001,12.586901168577947,0.25892482837929,17.536499099609358,58,2,0,1,158,2,12,10,100,30,0,0.0,0.05
HIGHEST_SNR,502001,82.82987202884888,1.8088365180735793,29.473117182206693,57,3,0,1,158,2,12,10,100,30,0,0.0,0.05
SHORTEST_PULSE,502001,2.9814452137777945,0.35113563260206665,13.18415735933233,59,1,0,0,158,2,12,10,100,30,0,0.0,0.05
METROLOGY_CONDITIONED_EIG,502001,2.6220460213407866,0.08412497602304098,13.32361038558169,58,2,0,0,158,2,12,10,100,30,0,0.0,0.05
NO_PASSIVE,502002,536.4348014875601,2.1095668413972,445.27907653515393,0,0,0,0,73,2,12,10,100,30,0,0.0,0.05
RANDOM,502002,19.562180281091575,0.30438199794391374,22.085931208668438,46,2,0,0,73,2,12,10,100,30,0,0.0,0.05
HIGHEST_SNR,502002,7.525942565132777,0.24272965964214707,26.53831641314483,45,3,0,0,73,2,12,10,100,30,0,0.0,0.05
SHORTEST_PULSE,502002,23.274369557603087,0.7413360576450848,20.881625459979084,45,3,0,0,73,2,12,10,100,30,0,0.0,0.05
METROLOGY_CONDITIONED_EIG,502002,23.274369557603087,0.7413360576450848,20.881625459979084,45,3,0,0,73,2,12,10,100,30,0,0.0,0.05
NO_PASSIVE,502003,117.98396767857783,2.5695243568088606,445.27907653515393,0,0,0,0,104,2,12,10,100,30,0,0.0,0.05
RANDOM,502003,14.763925429625223,0.28200140090225184,28.201794265559606,53,0,0,0,104,2,12,10,100,30,0,0.0,0.05
HIGHEST_SNR,502003,11.207803060327311,0.3201906802141878,31.252886813042693,53,0,0,0,104,2,12,10,100,30,0,0.0,0.05
SHORTEST_PULSE,502003,20.301890215726758,0.8338412456518776,33.65518315739121,52,1,0,0,104,2,12,10,100,30,0,0.0,0.05
METROLOGY_CONDITIONED_EIG,502003,11.55390738036798,0.301452921461567,26.468178970641915,52,1,0,0,104,2,12,10,100,30,0,0.0,0.05
NO_PASSIVE,502004,577.6997857104544,4.582849514052134,445.27907653515393,0,0,0,0,69,2,12,10,100,30,0,0.0,0.05
RANDOM,502004,41.316277948774754,0.603455988236929,32.68304214938467,43,7,0,0,69,2,12,10,100,30,0,0.0,0.05
HIGHEST_SNR,502004,52.59044303753696,1.1255020014720032,32.64897558516055,43,7,0,0,69,2,12,10,100,30,0,0.0,0.05
SHORTEST_PULSE,502004,41.52558612463733,1.4721741548991345,31.053840672152653,42,8,0,0,69,2,12,10,100,30,0,0.0,0.05
METROLOGY_CONDITIONED_EIG,502004,40.75012356103998,1.470150169947466,31.084961297173006,42,8,0,0,69,2,12,10,100,30,0,0.0,0.05
NO_PASSIVE,502005,250.88000767147813,1.0122453769964914,445.27907653515393,0,0,0,0,88,2,12,10,100,30,0,0.0,0.05
RANDOM,502005,17.804563605383816,1.3000952579146265,30.013446569998756,48,2,0,0,88,2,12,10,100,30,0,0.0,0.05
HIGHEST_SNR,502005,8.612740672540188,0.9205782889474464,40.826866096260034,48,2,0,0,88,2,12,10,100,30,0,0.0,0.05
SHORTEST_PULSE,502005,16.138718864812272,0.5654931223092274,35.02302186987981,47,3,0,0,88,2,12,10,100,30,0,0.0,0.05
METROLOGY_CONDITIONED_EIG,502005,7.590774917576201,0.7541315919961437,28.1438127888448,48,2,0,0,88,2,12,10,100,30,0,0.0,0.05
NO_PASSIVE,502006,379.9973854639481,1.6965402744411118,445.27907653515393,0,0,0,0,31,2,12,10,100,30,0,0.0,0.05
RANDOM,502006,13.314826337363042,0.26199000499008473,80.02372668817425,25,3,0,0,31,2,12,10,100,30,0,0.0,0.05
HIGHEST_SNR,502006,14.929692770777658,0.24718401401289114,89.76151498653293,25,3,0,0,31,2,12,10,100,30,0,0.0,0.05
SHORTEST_PULSE,502006,15.50881324185395,0.42580291705115497,44.205088106170535,25,3,0,0,31,2,12,10,100,30,0,0.0,0.05
METROLOGY_CONDITIONED_EIG,502006,15.50881324185395,0.42580291705115497,44.205088106170535,25,3,0,0,31,2,12,10,100,30,0,0.0,0.05
NO_PASSIVE,502007,383.59592219566105,1.1416371463535728,445.27907653515393,0,0,0,0,36,2,12,10,100,30,0,0.0,0.05
RANDOM,502007,41.525691958821426,1.3650783211486313,27.45887667739169,29,1,0,0,36,2,12,10,100,30,0,0.0,0.05
HIGHEST_SNR,502007,19.637527067309446,1.3420628634566736,27.21046498994688,29,1,0,0,36,2,12,10,100,30,0,0.0,0.05
SHORTEST_PULSE,502007,26.354392735212762,1.0380114055769356,27.079975481529893,29,1,0,0,36,2,12,10,100,30,0,0.0,0.05
METROLOGY_CONDITIONED_EIG,502007,25.371358162265256,0.8574539078886689,27.060885242512768,29,1,0,0,36,2,12,10,100,30,0,0.0,0.05
NO_PASSIVE,502008,113.60223882493733,1.4647928084475446,445.27907653515393,0,0,0,0,90,2,12,10,100,30,0,0.0,0.05
RANDOM,502008,4.487631855346101,0.21605651722116306,30.812229113067282,56,1,0,0,90,2,12,10,100,30,0,0.0,0.05
HIGHEST_SNR,502008,16.175133716158868,0.15774035563848215,38.06163436476501,57,0,0,0,90,2,12,10,100,30,0,0.0,0.05
SHORTEST_PULSE,502008,34.418867397734736,0.4216162681943732,28.89351728121014,57,0,0,0,90,2,12,10,100,30,0,0.0,0.05
METROLOGY_CONDITIONED_EIG,502008,22.842526919472945,0.562676482402262,26.033614980617557,56,1,0,1,90,2,12,10,100,30,0,0.0,0.05
NO_PASSIVE,502009,466.57070898923274,2.5607037659175895,445.27907653515393,0,0,0,0,71,2,12,10,100,30,0,0.0,0.05
RANDOM,502009,15.108130308820844,0.18046001710663986,29.873617768513036,43,0,0,1,71,2,12,10,100,30,0,0.0,0.05
HIGHEST_SNR,502009,12.816272716461691,0.42423175606007923,28.43177379395369,42,1,0,2,71,2,12,10,100,30,0,0.0,0.05
SHORTEST_PULSE,502009,7.364993985078731,0.4222464105384439,26.382046941126937,42,1,0,0,71,2,12,10,100,30,0,0.0,0.05
METROLOGY_CONDITIONED_EIG,502009,8.840518810535574,0.26148367372632514,26.58765450179851,43,0,0,1,71,2,12,10,100,30,0,0.0,0.05
NO_PASSIVE,502010,305.9212132197024,1.3837065130184996,445.27907653515393,0,0,0,0,52,2,12,10,100,30,0,0.0,0.05
RANDOM,502010,73.49780835177559,4.675463127704961,26.281575019504253,38,8,0,1,52,2,12,10,100,30,0,0.0,0.05
HIGHEST_SNR,502010,58.89228199367891,4.439110837015619,29.821969874692048,32,14,0,1,52,2,12,10,100,30,0,0.0,0.05
SHORTEST_PULSE,502010,67.08880168240364,4.621837262404062,28.22049586432023,32,14,0,1,52,2,12,10,100,30,0,0.0,0.05
METROLOGY_CONDITIONED_EIG,502010,73.25670825898264,4.50285918211855,26.44937701894246,35,11,0,1,52,2,12,10,100,30,0,0.0,0.05
NO_PASSIVE,502011,575.5254740856989,2.6195011990880728,445.27907653515393,0,0,0,0,124,2,12,10,100,30,0,0.0,0.05
RANDOM,502011,21.96984607075393,0.32122490860839314,34.410108492151835,48,7,0,0,124,2,12,10,100,30,0,0.0,0.05
HIGHEST_SNR,502011,43.907069946411696,1.0512119535666258,38.5237094691594,51,4,0,0,124,2,12,10,100,30,0,0.0,0.05
SHORTEST_PULSE,502011,14.081337766754288,0.2895842291912262,22.482667273097736,54,1,0,1,124,2,12,10,100,30,0,0.0,0.05
METROLOGY_CONDITIONED_EIG,502011,16.05625201323598,0.4848546865159568,23.083464542828892,53,2,0,1,124,2,12,10,100,30,0,0.0,0.05
NO_PASSIVE,502012,159.70877648396302,1.721294882480617,445.27907653515393,0,0,0,0,77,2,12,10,100,30,0,0.0,0.05
RANDOM,502012,17.455081541696057,0.052620477594558755,24.398977434084497,47,2,0,0,77,2,12,10,100,30,0,0.0,0.05
HIGHEST_SNR,502012,32.41897040322523,0.504111227680146,25.21612256106226,47,2,0,0,77,2,12,10,100,30,0,0.0,0.05
SHORTEST_PULSE,502012,12.757484114026822,0.3061326764243948,22.916322480001448,48,1,0,0,77,2,12,10,100,30,0,0.0,0.05
METROLOGY_CONDITIONED_EIG,502012,7.40304604739605,0.1652855853740905,22.711828493180967,48,1,0,0,77,2,12,10,100,30,0,0.0,0.05
NO_PASSIVE,502013,759.1975845082519,1.9474852965448453,445.27907653515393,0,0,0,0,53,2,12,10,100,30,0,0.0,0.05
RANDOM,502013,6.7573451640508155,0.4369496822896298,29.619900343784714,43,3,0,0,53,2,12,10,100,30,0,0.0,0.05
HIGHEST_SNR,502013,5.328896036766162,0.43059114948296506,29.014700481392612,44,2,0,0,53,2,12,10,100,30,0,0.0,0.05
SHORTEST_PULSE,502013,2.418110750166185,0.4273492777840105,28.967290298943745,43,3,0,0,53,2,12,10,100,30,0,0.0,0.05
METROLOGY_CONDITIONED_EIG,502013,2.418110750166185,0.4273492777840105,28.967290298943745,43,3,0,0,53,2,12,10,100,30,0,0.0,0.05
NO_PASSIVE,502014,646.5102941794328,1.484393802533052,445.27907653515393,0,0,0,0,34,2,12,10,100,30,0,0.0,0.05
RANDOM,502014,34.66468373119783,0.9057310747763814,68.07818034603206,26,0,0,0,34,2,12,10,100,30,0,0.0,0.05
HIGHEST_SNR,502014,33.12399508153703,0.7632616833874148,68.12856571363851,26,0,0,0,34,2,12,10,100,30,0,0.0,0.05
SHORTEST_PULSE,502014,44.61050867819218,3.3077877507388105,46.75198006335864,19,7,0,1,34,2,12,10,100,30,0,0.0,0.05
METROLOGY_CONDITIONED_EIG,502014,9.137596521233876,2.7691128865403183,41.77632525621347,20,6,0,1,34,2,12,10,100,30,0,0.0,0.05
NO_PASSIVE,502015,357.77078464492956,2.596548111234291,445.27907653515393,0,0,0,0,37,2,12,10,100,30,0,0.0,0.05
RANDOM,502015,689.8758497569629,2.7839707266771274,97.94305271196048,22,10,0,1,37,2,12,10,100,30,0,0.0,0.05
HIGHEST_SNR,502015,691.8724097008777,2.7131347494986904,97.77960380255566,24,8,0,1,37,2,12,10,100,30,0,0.0,0.05
SHORTEST_PULSE,502015,697.8388940794094,2.8404521724142837,97.87629104555317,22,10,0,1,37,2,12,10,100,30,0,0.0,0.05
METROLOGY_CONDITIONED_EIG,502015,58.24990789760152,4.964184331740595,27.635877890065615,26,6,0,1,37,2,12,10,100,30,0,0.0,0.05
NO_PASSIVE,502016,900.8075419774832,2.9668220888126173,445.27907653515393,0,0,0,0,89,2,12,10,100,30,0,0.0,0.05
RANDOM,502016,11.69610977509284,0.4311335999480259,30.325881200343527,43,3,0,1,89,2,12,10,100,30,0,0.0,0.05
HIGHEST_SNR,502016,19.737143944816573,0.842371590590646,31.037665787136866,44,2,0,1,89,2,12,10,100,30,0,0.0,0.05
SHORTEST_PULSE,502016,30.26541189000988,0.7901674687721424,26.926051564741293,43,3,0,1,89,2,12,10,100,30,0,0.0,0.05
METROLOGY_CONDITIONED_EIG,502016,40.12630919764837,1.0295929464137668,26.393252275957753,42,4,0,1,89,2,12,10,100,30,0,0.0,0.05
NO_PASSIVE,502017,368.0497140585014,1.7383248693062399,445.27907653515393,0,0,0,0,187,2,12,10,100,30,0,0.0,0.05
RANDOM,502017,6.451934076773529,0.23488399183976771,15.877842864985004,57,3,0,0,187,2,12,10,100,30,0,0.0,0.05
HIGHEST_SNR,502017,16.71895314453401,0.4611819489851381,14.968694929477948,53,7,0,0,187,2,12,10,100,30,0,0.0,0.05
SHORTEST_PULSE,502017,9.351183797678708,0.34781830695953875,13.969798708067412,52,8,0,0,187,2,12,10,100,30,0,0.0,0.05
METROLOGY_CONDITIONED_EIG,502017,8.376635850284336,0.38597740232490435,13.91158684561792,55,5,0,0,187,2,12,10,100,30,0,0.0,0.05
NO_PASSIVE,502018,408.7665941236281,1.5531613557398216,445.27907653515393,0,0,0,0,53,2,12,10,100,30,0,0.0,0.05
RANDOM,502018,26.10303416120515,0.6212307276086504,26.414252901812528,44,2,0,0,53,2,12,10,100,30,0,0.0,0.05
HIGHEST_SNR,502018,15.216872463875822,0.3464976139681192,26.99830120495837,45,1,0,0,53,2,12,10,100,30,0,0.0,0.05
SHORTEST_PULSE,502018,8.575354696947667,0.2938379924467941,25.343473615580958,45,1,0,0,53,2,12,10,100,30,0,0.0,0.05
METROLOGY_CONDITIONED_EIG,502018,8.575354696947667,0.2938379924467941,25.343473615580958,45,1,0,0,53,2,12,10,100,30,0,0.0,0.05
NO_PASSIVE,502019,259.21522000056683,0.6491673964793687,445.27907653515393,0,0,0,0,128,2,12,10,100,30,0,0.0,0.05
RANDOM,502019,19.58986931385116,0.6964221339904749,22.624897059298373,51,4,0,0,128,2,12,10,100,30,0,0.0,0.05
HIGHEST_SNR,502019,21.783959275366584,0.35242109303457825,18.281168004734088,53,2,0,0,128,2,12,10,100,30,0,0.0,0.05
SHORTEST_PULSE,502019,7.067724392880454,0.21905616828519786,27.86718561012716,50,5,0,0,128,2,12,10,100,30,0,0.0,0.05
METROLOGY_CONDITIONED_EIG,502019,11.678094810131167,0.16997466424581084,17.970296962915697,52,3,0,1,128,2,12,10,100,30,0,0.0,0.05
NO_PASSIVE,502020,145.35183981176925,0.3187203933634524,445.27907653515393,0,0,0,0,65,2,12,10,100,30,0,0.0,0.05
RANDOM,502020,18.989890468773716,0.6556020148516885,29.529149029247257,39,2,0,0,65,2,12,10,100,30,0,0.0,0.05
HIGHEST_SNR,502020,32.54716856706381,0.8592292158663725,33.05210313455195,39,2,0,0,65,2,12,10,100,30,0,0.0,0.05
SHORTEST_PULSE,502020,31.567420289482996,0.7814631691458074,26.66993373143772,39,2,0,0,65,2,12,10,100,30,0,0.0,0.05
METROLOGY_CONDITIONED_EIG,502020,33.017135071930426,0.7709406366852181,26.060200098281214,39,2,0,0,65,2,12,10,100,30,0,0.0,0.05
NO_PASSIVE,502021,417.5722882460492,0.26277132895409033,445.27907653515393,0,0,0,0,72,2,12,10,100,30,0,0.0,0.05
RANDOM,502021,19.30597192780747,0.405261032302702,26.668176137408445,47,3,0,0,72,2,12,10,100,30,0,0.0,0.05
HIGHEST_SNR,502021,25.826538000317516,0.5573787942554033,33.787842500821085,47,3,0,0,72,2,12,10,100,30,0,0.0,0.05
SHORTEST_PULSE,502021,6.253479801068468,0.07617605017857089,22.5227899670037,48,2,0,0,72,2,12,10,100,30,0,0.0,0.05
METROLOGY_CONDITIONED_EIG,502021,9.945247801752723,0.1954947658625844,20.711147513231825,49,1,0,0,72,2,12,10,100,30,0,0.0,0.05
NO_PASSIVE,502022,456.56639873942476,2.0186657851442202,445.27907653515393,0,0,0,0,73,2,12,10,100,30,0,0.0,0.05
RANDOM,502022,47.12248608561079,0.8124388162125076,36.332577532581894,34,5,0,0,73,2,12,10,100,30,0,0.0,0.05
HIGHEST_SNR,502022,88.20016135221607,1.47097635633112,51.3239307378334,33,6,0,0,73,2,12,10,100,30,0,0.0,0.05
SHORTEST_PULSE,502022,55.32780011645499,0.8576088418406056,30.996917342315992,33,6,0,0,73,2,12,10,100,30,0,0.0,0.05
METROLOGY_CONDITIONED_EIG,502022,27.52977821048652,3.0740157176074305,21.557267780086327,26,13,0,1,73,2,12,10,100,30,0,0.0,0.05
NO_PASSIVE,502023,223.10823452524835,3.6381013161211375,445.27907653515393,0,0,0,0,84,2,12,10,100,30,0,0.0,0.05
RANDOM,502023,20.57470448079228,0.36476047300424463,27.588211609556506,44,3,0,0,84,2,12,10,100,30,0,0.0,0.05
HIGHEST_SNR,502023,15.716467756185624,0.31845328669043166,29.95728197324789,44,3,0,0,84,2,12,10,100,30,0,0.0,0.05
SHORTEST_PULSE,502023,15.507009538532314,0.803249997906114,22.37195751310711,44,3,0,0,84,2,12,10,100,30,0,0.0,0.05
METROLOGY_CONDITIONED_EIG,502023,23.725188986979568,1.0740353845959452,22.274417746968453,44,3,0,0,84,2,12,10,100,30,0,0.0,0.05
NO_PASSIVE,502024,437.36405260822806,0.6595508286621844,445.27907653515393,0,0,0,0,133,2,12,10,100,30,0,0.0,0.05
RANDOM,502024,1.246487736564963,0.05865271233022874,23.000043420032327,57,3,0,0,133,2,12,10,100,30,0,0.0,0.05
HIGHEST_SNR,502024,21.452266294399877,0.9737073948152632,25.226835800659632,57,3,0,0,133,2,12,10,100,30,0,0.0,0.05
SHORTEST_PULSE,502024,33.70330105380772,0.8349054210115265,24.8077773903462,57,3,0,0,133,2,12,10,100,30,0,0.0,0.05
METROLOGY_CONDITIONED_EIG,502024,26.851871436186713,0.9305769577219917,18.61571408759086,57,3,0,1,133,2,12,10,100,30,0,0.0,0.05
NO_PASSIVE,502025,150.94565685991753,2.6721675851323354,445.27907653515393,0,0,0,0,161,2,12,10,100,30,0,0.0,0.05
RANDOM,502025,15.699832989463586,0.3304923293875719,25.038204529384476,56,2,0,0,161,2,12,10,100,30,0,0.0,0.05
HIGHEST_SNR,502025,127.70398709612837,2.7055243557791084,62.56620125655444,56,2,0,0,161,2,12,10,100,30,0,0.0,0.05
SHORTEST_PULSE,502025,6.379517876151701,0.4436760229129658,20.31703395008079,58,0,0,0,161,2,12,10,100,30,0,0.0,0.05
METROLOGY_CONDITIONED_EIG,502025,10.784940191251414,0.3704875651337299,16.731828128261963,58,0,0,0,161,2,12,10,100,30,0,0.0,0.05
NO_PASSIVE,502026,266.0960868468314,2.7981349656009376,445.27907653515393,0,0,0,0,77,2,12,10,100,30,0,0.0,0.05
RANDOM,502026,8.87216214812302,0.38569503889679513,28.0311293971663,54,0,0,0,77,2,12,10,100,30,0,0.0,0.05
HIGHEST_SNR,502026,9.497207642589823,0.5013535776528071,28.1480964611946,53,1,0,0,77,2,12,10,100,30,0,0.0,0.05
SHORTEST_PULSE,502026,7.865741468907408,0.3242664229920564,26.846255084598617,54,0,0,0,77,2,12,10,100,30,0,0.0,0.05
METROLOGY_CONDITIONED_EIG,502026,7.989487216039824,0.1495856537251718,25.81449017468119,54,0,0,0,77,2,12,10,100,30,0,0.0,0.05
NO_PASSIVE,502027,535.5862268911371,3.7497235803019313,445.27907653515393,0,0,0,0,120,2,12,10,100,30,0,0.0,0.05
RANDOM,502027,18.853565239831255,0.387057916306642,35.18588417649742,54,1,0,0,120,2,12,10,100,30,0,0.0,0.05
HIGHEST_SNR,502027,29.549837098900564,0.6462643914995889,45.620509528896854,54,1,0,0,120,2,12,10,100,30,0,0.0,0.05
SHORTEST_PULSE,502027,22.18124899410517,0.7794979870428872,29.835200530075266,54,1,0,0,120,2,12,10,100,30,0,0.0,0.05
METROLOGY_CONDITIONED_EIG,502027,17.282338215890498,0.8869668410583543,23.652476645158675,55,0,0,0,120,2,12,10,100,30,0,0.0,0.05
NO_PASSIVE,502028,334.0074550233916,1.5043095192084157,445.27907653515393,0,0,0,0,60,2,12,10,100,30,0,0.0,0.05
RANDOM,502028,11.5934679500208,0.3727239123216365,38.1735818935441,41,2,0,0,60,2,12,10,100,30,0,0.0,0.05
HIGHEST_SNR,502028,67.00149659281273,5.339191235202594,43.09195942955835,25,18,0,3,60,2,12,10,100,30,0,0.0,0.05
SHORTEST_PULSE,502028,8.648766703597834,0.25813946410078825,36.52576399618834,42,1,0,0,60,2,12,10,100,30,0,0.0,0.05
METROLOGY_CONDITIONED_EIG,502028,8.648766703597834,0.25813946410078825,36.52576399618834,42,1,0,0,60,2,12,10,100,30,0,0.0,0.05
NO_PASSIVE,502029,456.600675278627,1.0180589502761603,445.27907653515393,0,0,0,0,95,2,12,10,100,30,0,0.0,0.05
RANDOM,502029,16.081407790796746,0.4918383469425146,34.61833861682168,44,4,0,0,95,2,12,10,100,30,0,0.0,0.05
HIGHEST_SNR,502029,53.671483268084216,1.0899007687370859,100.42407926713953,44,4,0,0,95,2,12,10,100,30,0,0.0,0.05
SHORTEST_PULSE,502029,3.948456503703617,0.1845006751203142,25.205396854014694,45,3,0,0,95,2,12,10,100,30,0,0.0,0.05
METROLOGY_CONDITIONED_EIG,502029,4.66003124549758,0.09304415266772027,25.2210179523027,45,3,0,0,95,2,12,10,100,30,0,0.0,0.05
NO_PASSIVE,503000,352.8425579961481,1.5281699033387905,445.27907653515393,0,0,0,0,58,3,12,10,100,30,0,0.0,0.15
RANDOM,503000,43.6630625269607,0.8537956592898246,34.221198565735655,35,5,0,1,58,3,12,10,100,30,0,0.0,0.15
HIGHEST_SNR,503000,41.86677751894082,0.8110089419632206,41.10830578620343,38,2,0,0,58,3,12,10,100,30,0,0.0,0.15
SHORTEST_PULSE,503000,51.326748629737914,0.9859109621240172,34.373227508704,35,5,0,0,58,3,12,10,100,30,0,0.0,0.15
METROLOGY_CONDITIONED_EIG,503000,36.949249966079954,2.952641466957265,34.320729663862856,31,9,0,2,58,3,12,10,100,30,0,0.0,0.15
NO_PASSIVE,503001,736.1037423793712,1.6164622338773302,445.27907653515393,0,0,0,0,38,3,12,10,100,30,0,0.0,0.15
RANDOM,503001,42.76671482240754,0.48407128844627667,44.90669432455211,25,4,0,0,38,3,12,10,100,30,0,0.0,0.15
HIGHEST_SNR,503001,62.09505546220067,0.41561393859331514,46.103533941762755,24,5,0,0,38,3,12,10,100,30,0,0.0,0.15
SHORTEST_PULSE,503001,49.164498640466896,0.27790622668147924,44.06680939438902,24,5,0,0,38,3,12,10,100,30,0,0.0,0.15
METROLOGY_CONDITIONED_EIG,503001,62.32877299073388,0.3881617873761041,45.0563758987779,24,5,0,0,38,3,12,10,100,30,0,0.0,0.15
NO_PASSIVE,503002,260.9473948248144,1.1814631891377874,445.27907653515393,0,0,0,0,46,3,12,10,100,30,0,0.0,0.15
RANDOM,503002,69.60471671788031,1.7109319394463798,44.16085012050747,27,4,0,0,46,3,12,10,100,30,0,0.0,0.15
HIGHEST_SNR,503002,93.2640511121745,2.1840190275183216,57.251105736423405,29,2,0,1,46,3,12,10,100,30,0,0.0,0.15
SHORTEST_PULSE,503002,52.23661987808552,1.138776570914854,42.026209639463765,28,3,0,0,46,3,12,10,100,30,0,0.0,0.15
METROLOGY_CONDITIONED_EIG,503002,71.05096626186413,1.8598483098489376,43.14000414505014,28,3,0,0,46,3,12,10,100,30,0,0.0,0.15
NO_PASSIVE,503003,323.2907352584185,2.515019673211033,445.27907653515393,0,0,0,0,100,3,12,10,100,30,0,0.0,0.15
RANDOM,503003,43.8936866893674,5.571476432062305,28.238265089028584,22,31,0,4,100,3,12,10,100,30,0,0.0,0.15
HIGHEST_SNR,503003,45.84898952885611,2.9884035946745193,24.63835036907606,36,17,0,1,100,3,12,10,100,30,0,0.0,0.15
SHORTEST_PULSE,503003,473.0610167568087,1.8173849877966417,40.77058707399787,15,38,0,7,100,3,12,10,100,30,0,0.0,0.15
METROLOGY_CONDITIONED_EIG,503003,483.7164313775552,1.8833080167115894,41.80176113362361,11,42,0,6,100,3,12,10,100,30,0,0.0,0.15
NO_PASSIVE,503004,441.90457567108774,2.178127400128928,445.27907653515393,0,0,0,0,168,3,12,10,100,30,0,0.0,0.15
RANDOM,503004,4.946514951668562,3.896709047271553,20.945526393158097,36,24,0,2,168,3,12,10,100,30,0,0.0,0.15
HIGHEST_SNR,503004,20.356187096949057,0.5214867783314485,25.519197675972325,49,11,0,0,168,3,12,10,100,30,0,0.0,0.15
SHORTEST_PULSE,503004,15.899344571643026,4.098299251325446,20.992402338355735,45,15,0,1,168,3,12,10,100,30,0,0.0,0.15
METROLOGY_CONDITIONED_EIG,503004,66.24438126558279,3.7121009097161832,20.434596439208324,21,39,0,5,168,3,12,10,100,30,0,0.0,0.15
NO_PASSIVE,503005,547.2163244785913,1.9914764746129878,445.27907653515393,0,0,0,0,68,3,12,10,100,30,0,0.0,0.15
RANDOM,503005,60.265214137448154,0.8597114196827347,61.22312339183201,45,3,0,1,68,3,12,10,100,30,0,0.0,0.15
HIGHEST_SNR,503005,163.72855144299916,2.128877995963648,112.85697208933479,45,3,0,1,68,3,12,10,100,30,0,0.0,0.15
SHORTEST_PULSE,503005,81.28597958076784,2.030050636075432,116.21426655578512,44,4,0,1,68,3,12,10,100,30,0,0.0,0.15
METROLOGY_CONDITIONED_EIG,503005,29.017340175694468,1.0129110877837069,44.11336394592717,43,5,0,1,68,3,12,10,100,30,0,0.0,0.15
NO_PASSIVE,503006,246.3684460777112,2.490870315369785,445.27907653515393,0,0,0,0,45,3,12,10,100,30,0,0.0,0.15
RANDOM,503006,151.97873304186285,1.7007464263211085,66.83304435994619,23,3,0,2,45,3,12,10,100,30,0,0.0,0.15
HIGHEST_SNR,503006,148.60868069356036,2.5358206417849054,69.53684286375653,22,4,0,1,45,3,12,10,100,30,0,0.0,0.15
SHORTEST_PULSE,503006,145.68630021703558,1.710909275730619,72.22293639471881,22,4,0,0,45,3,12,10,100,30,0,0.0,0.15
METROLOGY_CONDITIONED_EIG,503006,217.70469397544838,1.2797623500324782,64.25147758351982,22,4,0,2,45,3,12,10,100,30,0,0.0,0.15
NO_PASSIVE,503007,455.98318607439035,2.46601731647853,445.27907653515393,0,0,0,0,109,3,12,10,100,30,0,0.0,0.15
RANDOM,503007,23.051204017410125,1.3975547943555646,38.865962865573835,34,2,0,0,109,3,12,10,100,30,0,0.0,0.15
HIGHEST_SNR,503007,92.90726883693655,1.6738983930456168,102.23053463437184,28,8,0,0,109,3,12,10,100,30,0,0.0,0.15
SHORTEST_PULSE,503007,27.415753548824444,0.6760176704853894,28.694224077816866,33,3,0,0,109,3,12,10,100,30,0,0.0,0.15
METROLOGY_CONDITIONED_EIG,503007,45.51701324583695,1.2694282417870688,27.32672829949932,31,5,0,0,109,3,12,10,100,30,0,0.0,0.15
NO_PASSIVE,503008,493.67725836253584,0.967675875834825,445.27907653515393,0,0,0,0,66,3,12,10,100,30,0,0.0,0.15
RANDOM,503008,16.02551166589858,1.096153128031048,31.47208384196854,35,7,0,0,66,3,12,10,100,30,0,0.0,0.15
HIGHEST_SNR,503008,7.956284353108068,1.1829046346030359,38.09585517625428,33,9,0,0,66,3,12,10,100,30,0,0.0,0.15
SHORTEST_PULSE,503008,20.537623593748606,0.5666443719457602,27.549972831774667,37,5,0,1,66,3,12,10,100,30,0,0.0,0.15
METROLOGY_CONDITIONED_EIG,503008,5.669578981388017,0.17959806961905508,28.49185316354763,36,6,0,0,66,3,12,10,100,30,0,0.0,0.15
NO_PASSIVE,503009,317.25913344314307,1.7889121860241295,445.27907653515393,0,0,0,0,92,3,12,10,100,30,0,0.0,0.15
RANDOM,503009,41.814549727351206,1.3798702735187904,32.727786508829574,43,5,0,3,92,3,12,10,100,30,0,0.0,0.15
HIGHEST_SNR,503009,20.705356115301228,1.3766976117923015,55.06784324222791,39,9,0,2,92,3,12,10,100,30,0,0.0,0.15
SHORTEST_PULSE,503009,24.31769320888873,0.6840790694323968,26.445209751793445,41,7,0,3,92,3,12,10,100,30,0,0.0,0.15
METROLOGY_CONDITIONED_EIG,503009,27.852800072612634,0.4807299299397628,26.864463718740996,41,7,0,3,92,3,12,10,100,30,0,0.0,0.15
NO_PASSIVE,503010,310.8086896510001,1.3893416922360442,445.27907653515393,0,0,0,0,73,3,12,10,100,30,0,0.0,0.15
RANDOM,503010,36.73622515933402,1.7569923468248922,43.44936744292835,40,11,0,2,73,3,12,10,100,30,0,0.0,0.15
HIGHEST_SNR,503010,31.752927656132737,1.3602612792368705,56.95422698355521,41,10,0,3,73,3,12,10,100,30,0,0.0,0.15
SHORTEST_PULSE,503010,47.70341317257136,1.9884370447523503,39.43722641650452,40,11,0,2,73,3,12,10,100,30,0,0.0,0.15
METROLOGY_CONDITIONED_EIG,503010,44.806128245698645,1.9684057023258297,39.57628053617371,40,11,0,2,73,3,12,10,100,30,0,0.0,0.15
NO_PASSIVE,503011,47.67857632519481,1.6764693105484003,445.27907653515393,0,0,0,0,89,3,12,10,100,30,0,0.0,0.15
RANDOM,503011,4.483931846289952,0.3850992952505355,22.00044677720363,36,5,0,0,89,3,12,10,100,30,0,0.0,0.15
HIGHEST_SNR,503011,33.00719133719037,0.7724716180928085,24.898084217230473,34,7,0,0,89,3,12,10,100,30,0,0.0,0.15
SHORTEST_PULSE,503011,4.992840387095084,0.6721084204417455,30.40140120033677,34,7,0,0,89,3,12,10,100,30,0,0.0,0.15
METROLOGY_CONDITIONED_EIG,503011,2.8322377998913337,0.4292591749814688,19.341120384929336,33,8,0,0,89,3,12,10,100,30,0,0.0,0.15
NO_PASSIVE,503012,845.263229267589,3.269344660300671,445.27907653515393,0,0,0,0,117,3,12,10,100,30,0,0.0,0.15
RANDOM,503012,9.09665413753515,0.5868918488732362,16.21045405827069,45,15,0,0,117,3,12,10,100,30,0,0.0,0.15
HIGHEST_SNR,503012,73.25947591167119,0.5087438970595652,52.47799056879084,49,11,0,0,117,3,12,10,100,30,0,0.0,0.15
SHORTEST_PULSE,503012,5.435281947384087,0.30579849515686836,13.317571791593078,47,13,0,0,117,3,12,10,100,30,0,0.0,0.15
METROLOGY_CONDITIONED_EIG,503012,6.937454018456978,0.34044437270685285,13.512625607448285,46,14,0,0,117,3,12,10,100,30,0,0.0,0.15
NO_PASSIVE,503013,380.67094836754603,1.798730076500774,445.27907653515393,0,0,0,0,5,3,12,10,100,30,0,0.0,0.15
RANDOM,503013,79.36249800416869,2.271727257443897,101.29821434666992,4,0,0,0,5,3,12,10,100,30,0,0.0,0.15
HIGHEST_SNR,503013,101.0576987363468,2.969421374700794,317.9375176538687,4,0,0,0,5,3,12,10,100,30,0,0.0,0.15
SHORTEST_PULSE,503013,79.36249800416869,2.271727257443897,101.29821434666992,4,0,0,0,5,3,12,10,100,30,0,0.0,0.15
METROLOGY_CONDITIONED_EIG,503013,79.36249800416869,2.271727257443897,101.29821434666992,4,0,0,0,5,3,12,10,100,30,0,0.0,0.15
NO_PASSIVE,503014,125.71186701248493,1.6706212836250396,445.27907653515393,0,0,0,0,149,3,12,10,100,30,0,0.0,0.15
RANDOM,503014,62.9670795243753,3.512745302846426,28.117074393238045,42,16,0,2,149,3,12,10,100,30,0,0.0,0.15
HIGHEST_SNR,503014,19.702195858161787,3.184689546438929,27.411783918321206,38,20,0,1,149,3,12,10,100,30,0,0.0,0.15
SHORTEST_PULSE,503014,12.96450730245673,1.4138343242534666,21.56913212680067,43,15,0,1,149,3,12,10,100,30,0,0.0,0.15
METROLOGY_CONDITIONED_EIG,503014,26.146583633789696,3.1932814806710788,21.91098287467632,35,23,0,3,149,3,12,10,100,30,0,0.0,0.15
NO_PASSIVE,503015,261.68384378780473,0.8831014727030826,445.27907653515393,0,0,0,0,150,3,12,10,100,30,0,0.0,0.15
RANDOM,503015,19.345529089527936,0.6158784158874777,25.516809220152258,49,11,0,2,150,3,12,10,100,30,0,0.0,0.15
HIGHEST_SNR,503015,87.82621858579859,1.944650261983247,46.356566046721234,46,14,0,1,150,3,12,10,100,30,0,0.0,0.15
SHORTEST_PULSE,503015,39.355731170230534,1.8389934792075309,22.725946826187876,38,22,0,2,150,3,12,10,100,30,0,0.0,0.15
METROLOGY_CONDITIONED_EIG,503015,32.66624911275958,1.5496982659890817,21.311327932095754,46,14,0,1,150,3,12,10,100,30,0,0.0,0.15
NO_PASSIVE,503016,823.8409855471353,1.5153350482541825,445.27907653515393,0,0,0,0,55,3,12,10,100,30,0,0.0,0.15
RANDOM,503016,1353.4472710398068,1.5036715039316282,82.53830823069437,23,21,0,2,55,3,12,10,100,30,0,0.0,0.15
HIGHEST_SNR,503016,1353.3655273755799,1.5016597552895592,82.52927485455287,23,21,0,2,55,3,12,10,100,30,0,0.0,0.15
SHORTEST_PULSE,503016,1353.500751828237,1.5048691694996874,82.5437290845661,23,21,0,2,55,3,12,10,100,30,0,0.0,0.15
METROLOGY_CONDITIONED_EIG,503016,1086.7716326493896,0.6959483344922973,128.8138825370287,22,22,0,1,55,3,12,10,100,30,0,0.0,0.15
NO_PASSIVE,503017,97.68462795452592,1.636813043887789,445.27907653515393,0,0,0,0,69,3,12,10,100,30,0,0.0,0.15
RANDOM,503017,95.94462552246597,1.0073655960840588,55.98328158427871,35,5,0,1,69,3,12,10,100,30,0,0.0,0.15
HIGHEST_SNR,503017,32.38242062570037,1.9924863525370085,238.96455344749356,33,7,0,0,69,3,12,10,100,30,0,0.0,0.15
SHORTEST_PULSE,503017,84.97193113206113,2.0755460835942596,217.30827662285398,33,7,0,0,69,3,12,10,100,30,0,0.0,0.15
METROLOGY_CONDITIONED_EIG,503017,81.97863505966562,1.3262767291690634,50.4580666441249,35,5,0,2,69,3,12,10,100,30,0,0.0,0.15
NO_PASSIVE,503018,447.76080356561226,1.2832495038436729,445.27907653515393,0,0,0,0,71,3,12,10,100,30,0,0.0,0.15
RANDOM,503018,48.28504140536003,0.730766410064911,32.59515224981778,34,6,0,0,71,3,12,10,100,30,0,0.0,0.15
HIGHEST_SNR,503018,25.961333705978085,0.6548744212906812,34.94017689491629,34,6,0,1,71,3,12,10,100,30,0,0.0,0.15
SHORTEST_PULSE,503018,14.446847030284443,0.07294449851728804,31.65575018754299,34,6,0,0,71,3,12,10,100,30,0,0.0,0.15
METROLOGY_CONDITIONED_EIG,503018,29.6216017623909,0.5695625535514937,28.490945683302876,31,9,0,0,71,3,12,10,100,30,0,0.0,0.15
NO_PASSIVE,503019,350.0989945237962,1.8516228858387598,445.27907653515393,0,0,0,0,92,3,12,10,100,30,0,0.0,0.15
RANDOM,503019,12.736782509054544,0.801605524961542,32.30865727193743,46,4,0,1,92,3,12,10,100,30,0,0.0,0.15
HIGHEST_SNR,503019,30.135728550048164,1.1844201974861577,39.70724027300826,46,4,0,0,92,3,12,10,100,30,0,0.0,0.15
SHORTEST_PULSE,503019,53.97266509815481,1.4886549127312358,43.2099680815622,47,3,0,0,92,3,12,10,100,30,0,0.0,0.15
METROLOGY_CONDITIONED_EIG,503019,923.6135625512496,4.898955034716131,82.22521816419355,8,42,0,5,92,3,12,10,100,30,0,0.0,0.15
NO_PASSIVE,503020,504.6218403183687,2.5124989637127255,445.27907653515393,0,0,0,0,36,3,12,10,100,30,0,0.0,0.15
RANDOM,503020,13.621919077609792,0.5895639450584907,34.66626609926079,27,3,0,0,36,3,12,10,100,30,0,0.0,0.15
HIGHEST_SNR,503020,32.39499394572887,0.6183201366877216,37.24823841256134,28,2,0,1,36,3,12,10,100,30,0,0.0,0.15
SHORTEST_PULSE,503020,13.925943858422508,0.4904940552728544,33.82318091682236,27,3,0,0,36,3,12,10,100,30,0,0.0,0.15
METROLOGY_CONDITIONED_EIG,503020,15.749354278504851,0.5221030891803162,34.17738058961083,27,3,0,0,36,3,12,10,100,30,0,0.0,0.15
NO_PASSIVE,503021,172.54424006093134,1.9706276860256031,445.27907653515393,0,0,0,0,127,3,12,10,100,30,0,0.0,0.15
RANDOM,503021,11.626012770003312,1.8979350101423322,22.852178550156225,46,14,0,1,127,3,12,10,100,30,0,0.0,0.15
HIGHEST_SNR,503021,38.474470976713974,1.9812799344545144,43.56719408324104,53,7,0,0,127,3,12,10,100,30,0,0.0,0.15
SHORTEST_PULSE,503021,8.191403222500766,0.6266489807322898,19.54246356461817,45,15,0,0,127,3,12,10,100,30,0,0.0,0.15
METROLOGY_CONDITIONED_EIG,503021,327.2222457273871,1.1488916966037848,22.851027160576756,19,41,0,6,127,3,12,10,100,30,0,0.0,0.15
NO_PASSIVE,503022,234.7547793332186,0.5844290781591036,445.27907653515393,0,0,0,0,57,3,12,10,100,30,0,0.0,0.15
RANDOM,503022,18.472628157054086,0.565295673110441,27.177517354273064,36,8,0,2,57,3,12,10,100,30,0,0.0,0.15
HIGHEST_SNR,503022,66.39225531573263,3.8603125888917047,57.21905709450321,26,18,0,1,57,3,12,10,100,30,0,0.0,0.15
SHORTEST_PULSE,503022,22.2138291772107,3.1370503990888032,29.30162976988345,25,19,0,1,57,3,12,10,100,30,0,0.0,0.15
METROLOGY_CONDITIONED_EIG,503022,27.252566080099857,1.11888886165227,27.24829152724523,34,10,0,2,57,3,12,10,100,30,0,0.0,0.15
NO_PASSIVE,503023,501.6299093633872,2.7603517678134355,445.27907653515393,0,0,0,0,52,3,12,10,100,30,0,0.0,0.15
RANDOM,503023,56.55142196562177,2.9090792134502825,46.09619529888928,29,4,0,1,52,3,12,10,100,30,0,0.0,0.15
HIGHEST_SNR,503023,385.97048791564924,3.4254212519888867,96.9382208239134,23,10,0,3,52,3,12,10,100,30,0,0.0,0.15
SHORTEST_PULSE,503023,54.86303441874769,2.9441097899956885,45.795160759848805,26,7,0,1,52,3,12,10,100,30,0,0.0,0.15
METROLOGY_CONDITIONED_EIG,503023,37.529362438167475,2.3248472669541638,44.587455726170774,27,6,0,1,52,3,12,10,100,30,0,0.0,0.15
NO_PASSIVE,503024,414.6836281874018,3.244067590314014,445.27907653515393,0,0,0,0,151,3,12,10,100,30,0,0.0,0.15
RANDOM,503024,38.63078325815572,0.810369948022052,22.756294117017376,48,12,0,1,151,3,12,10,100,30,0,0.0,0.15
HIGHEST_SNR,503024,80.48752553493323,2.70507283616958,47.340409137319675,53,7,0,1,151,3,12,10,100,30,0,0.0,0.15
SHORTEST_PULSE,503024,2.7506828621449535,0.30903863223481376,15.44139369316074,51,9,0,0,151,3,12,10,100,30,0,0.0,0.15
METROLOGY_CONDITIONED_EIG,503024,6.37495947841376,0.3543993586630873,13.80868393268954,52,8,0,0,151,3,12,10,100,30,0,0.0,0.15
NO_PASSIVE,503025,338.5020139617326,0.3782840327195912,445.27907653515393,0,0,0,0,39,3,12,10,100,30,0,0.0,0.15
RANDOM,503025,308.7911416314826,0.7781057761574232,99.33939049107221,25,6,0,3,39,3,12,10,100,30,0,0.0,0.15
HIGHEST_SNR,503025,20.276148296251893,2.1904784667662467,59.107496511681795,29,2,0,3,39,3,12,10,100,30,0,0.0,0.15
SHORTEST_PULSE,503025,299.62159875420025,0.6575517061659063,98.81100024907565,24,7,0,3,39,3,12,10,100,30,0,0.0,0.15
METROLOGY_CONDITIONED_EIG,503025,299.62159875420025,0.6575517061659063,98.81100024907565,24,7,0,3,39,3,12,10,100,30,0,0.0,0.15
NO_PASSIVE,503026,565.5618010960031,2.9217183713282986,445.27907653515393,0,0,0,0,107,3,12,10,100,30,0,0.0,0.15
RANDOM,503026,3.0069367530197653,0.23519438708604176,29.898872943427946,40,12,0,0,107,3,12,10,100,30,0,0.0,0.15
HIGHEST_SNR,503026,7.759697774874168,0.12176127397333855,37.87311105256627,40,12,0,0,107,3,12,10,100,30,0,0.0,0.15
SHORTEST_PULSE,503026,7.961278694485217,0.06418119185884925,28.33834770702451,43,9,0,0,107,3,12,10,100,30,0,0.0,0.15
METROLOGY_CONDITIONED_EIG,503026,27.635896884797948,0.8131078066828547,26.172515665052376,42,10,0,0,107,3,12,10,100,30,0,0.0,0.15
NO_PASSIVE,503027,124.7138177695979,2.6245100290676904,445.27907653515393,0,0,0,0,33,3,12,10,100,30,0,0.0,0.15
RANDOM,503027,92.60708142435023,2.443751712648936,47.66955900491378,24,2,0,1,33,3,12,10,100,30,0,0.0,0.15
HIGHEST_SNR,503027,100.18833156171469,2.7264641875999462,48.23178437881392,24,2,0,1,33,3,12,10,100,30,0,0.0,0.15
SHORTEST_PULSE,503027,44.79219978871847,1.6070848837246337,43.5373686195562,23,3,0,1,33,3,12,10,100,30,0,0.0,0.15
METROLOGY_CONDITIONED_EIG,503027,41.88030710242668,1.4939805946492313,43.28005664761781,24,2,0,1,33,3,12,10,100,30,0,0.0,0.15
NO_PASSIVE,503028,18.35124300189927,2.6605126867121416,445.27907653515393,0,0,0,0,109,3,12,10,100,30,0,0.0,0.15
RANDOM,503028,36.60677184283218,0.8623342775219099,22.63796799323027,49,8,0,2,109,3,12,10,100,30,0,0.0,0.15
HIGHEST_SNR,503028,22.18504060945236,0.3887875389136245,23.89545408804556,48,9,0,2,109,3,12,10,100,30,0,0.0,0.15
SHORTEST_PULSE,503028,34.14934007909364,1.0820878312435422,18.293917637910443,50,7,0,1,109,3,12,10,100,30,0,0.0,0.15
METROLOGY_CONDITIONED_EIG,503028,27.213172979768217,0.9429837807030599,18.583083180859088,50,7,0,2,109,3,12,10,100,30,0,0.0,0.15
NO_PASSIVE,503029,477.3035921981118,0.8891498444868301,445.27907653515393,0,0,0,0,85,3,12,10,100,30,0,0.0,0.15
RANDOM,503029,5.0080078676378355,0.4009078302639091,21.58339660640192,46,9,0,1,85,3,12,10,100,30,0,0.0,0.15
HIGHEST_SNR,503029,3.379908343297962,0.19963796352353821,24.24581655931685,48,7,0,1,85,3,12,10,100,30,0,0.0,0.15
SHORTEST_PULSE,503029,9.24475188871346,0.5169716017148707,21.216103700533342,47,8,0,1,85,3,12,10,100,30,0,0.0,0.15
METROLOGY_CONDITIONED_EIG,503029,5.377772895217538,0.36104538163878885,20.952629898112416,48,7,0,1,85,3,12,10,100,30,0,0.0,0.15
NO_PASSIVE,504000,349.5868210866248,0.835161601454753,445.27907653515393,0,0,0,0,124,4,12,10,100,30,0,0.05,0.0
RANDOM,504000,11.120721497770234,0.07827833859189724,38.0016443026926,59,1,0,0,124,4,12,10,100,30,0,0.05,0.0
HIGHEST_SNR,504000,11.886516024255794,0.21681937679106378,55.557043456664125,55,5,0,0,124,4,12,10,100,30,0,0.05,0.0
SHORTEST_PULSE,504000,21.21256077849566,0.5510464175917055,29.8454106287706,59,1,0,0,124,4,12,10,100,30,0,0.05,0.0
METROLOGY_CONDITIONED_EIG,504000,21.01653420628577,0.6882920985028796,28.464614122093717,59,1,0,0,124,4,12,10,100,30,0,0.05,0.0
NO_PASSIVE,504001,141.72039843596573,2.482912932205807,445.27907653515393,0,0,0,0,81,4,12,10,100,30,0,0.05,0.0
RANDOM,504001,24.387873598400144,0.5200526138294328,26.404462447706976,41,2,0,0,81,4,12,10,100,30,0,0.05,0.0
HIGHEST_SNR,504001,50.85146886076744,1.2936723973380508,31.57245544265205,40,3,0,0,81,4,12,10,100,30,0,0.05,0.0
SHORTEST_PULSE,504001,22.997872908530145,0.7008844945945394,24.44075219008595,39,4,0,0,81,4,12,10,100,30,0,0.05,0.0
METROLOGY_CONDITIONED_EIG,504001,5.030864615728607,0.06827136533761605,25.428862635918588,39,4,0,0,81,4,12,10,100,30,0,0.05,0.0
NO_PASSIVE,504002,388.2659377484255,2.805258101778996,445.27907653515393,0,0,0,0,104,4,12,10,100,30,0,0.05,0.0
RANDOM,504002,49.00773626278714,1.2531047593788405,30.738070966720603,51,2,0,0,104,4,12,10,100,30,0,0.05,0.0
HIGHEST_SNR,504002,80.66451459981337,2.3123740085736664,39.74431981225077,50,3,0,0,104,4,12,10,100,30,0,0.05,0.0
SHORTEST_PULSE,504002,34.752728897820326,0.8838342331038193,28.71806030834543,45,8,0,0,104,4,12,10,100,30,0,0.05,0.0
METROLOGY_CONDITIONED_EIG,504002,35.255807865803625,1.3897058952355723,28.054497539432827,47,6,1,0,104,4,12,10,100,30,0,0.05,0.0
NO_PASSIVE,504003,788.1125475000174,0.8157275656984427,445.27907653515393,0,0,0,0,51,4,12,10,100,30,0,0.05,0.0
RANDOM,504003,34.56428992416198,0.7971945031799107,28.408042350291968,41,3,0,0,51,4,12,10,100,30,0,0.05,0.0
HIGHEST_SNR,504003,29.697648173054755,0.6213284144697956,28.498405927855284,43,1,0,0,51,4,12,10,100,30,0,0.05,0.0
SHORTEST_PULSE,504003,30.774807481376104,0.5220050666921845,28.550238494776956,42,2,0,0,51,4,12,10,100,30,0,0.05,0.0
METROLOGY_CONDITIONED_EIG,504003,11.341033058033567,0.06978194946182266,26.986100523276104,41,3,0,0,51,4,12,10,100,30,0,0.05,0.0
NO_PASSIVE,504004,257.6887729207881,3.4601385265718543,445.27907653515393,0,0,0,0,137,4,12,10,100,30,0,0.05,0.0
RANDOM,504004,26.307546821116887,0.6500281270957774,30.862637087104392,52,2,0,0,137,4,12,10,100,30,0,0.05,0.0
HIGHEST_SNR,504004,36.55765488736332,0.829754364925641,48.279983388226,52,2,0,0,137,4,12,10,100,30,0,0.05,0.0
SHORTEST_PULSE,504004,12.724504064594532,0.4233597978208935,26.633350880598933,52,2,0,0,137,4,12,10,100,30,0,0.05,0.0
METROLOGY_CONDITIONED_EIG,504004,11.141182966603118,0.4383885292225893,26.78010380414419,52,2,0,0,137,4,12,10,100,30,0,0.05,0.0
NO_PASSIVE,504005,533.6371295743584,1.9769907067847607,445.27907653515393,0,0,0,0,106,4,12,10,100,30,0,0.05,0.0
RANDOM,504005,17.02146244984585,1.0292439838345224,44.06058544213064,35,1,0,0,106,4,12,10,100,30,0,0.05,0.0
HIGHEST_SNR,504005,81.94746789668372,2.4973199890050717,69.56324406279992,35,1,0,0,106,4,12,10,100,30,0,0.05,0.0
SHORTEST_PULSE,504005,105.41218370427616,2.7209313554107486,47.67228353790487,34,2,0,0,106,4,12,10,100,30,0,0.05,0.0
METROLOGY_CONDITIONED_EIG,504005,22.417477435087317,0.5877226805444797,36.57059656636527,34,2,0,0,106,4,12,10,100,30,0,0.05,0.0
NO_PASSIVE,504006,481.2676393284764,1.9486908376832228,445.27907653515393,0,0,0,0,51,4,12,10,100,30,0,0.05,0.0
RANDOM,504006,9.854007163275867,0.7992792521765294,44.8761787794121,25,1,0,0,51,4,12,10,100,30,0,0.05,0.0
HIGHEST_SNR,504006,13.104547670668252,1.13892612494989,45.06261414302568,23,3,0,0,51,4,12,10,100,30,0,0.05,0.0
SHORTEST_PULSE,504006,13.104547670668252,1.13892612494989,45.06261414302568,23,3,0,0,51,4,12,10,100,30,0,0.05,0.0
METROLOGY_CONDITIONED_EIG,504006,27.046691855969108,1.0126100393301958,38.73953596928814,21,5,0,0,51,4,12,10,100,30,0,0.05,0.0
NO_PASSIVE,504007,486.68040924445694,1.0336575856319261,445.27907653515393,0,0,0,0,125,4,12,10,100,30,0,0.05,0.0
RANDOM,504007,41.72825829067961,1.2546595131557043,23.026362003487616,37,2,0,0,125,4,12,10,100,30,0,0.05,0.0
HIGHEST_SNR,504007,55.093885481113645,1.1827745873915207,28.68785032258363,37,2,0,0,125,4,12,10,100,30,0,0.05,0.0
SHORTEST_PULSE,504007,11.783941806348507,0.45665581493603025,17.075081757332647,39,0,0,0,125,4,12,10,100,30,0,0.05,0.0
METROLOGY_CONDITIONED_EIG,504007,5.550008296382247,0.2988932536656088,17.55529161320471,38,1,0,0,125,4,12,10,100,30,0,0.05,0.0
NO_PASSIVE,504008,251.60701811114234,1.6366255002160845,445.27907653515393,0,0,0,0,149,4,12,10,100,30,0,0.05,0.0
RANDOM,504008,43.214800698966435,1.0824496697085915,19.265257166968865,59,1,0,0,149,4,12,10,100,30,0,0.05,0.0
HIGHEST_SNR,504008,33.038870012641524,0.930483315387811,23.236574090930276,56,4,0,0,149,4,12,10,100,30,0,0.05,0.0
SHORTEST_PULSE,504008,50.36391477656385,1.2784948975193078,21.176351470063246,58,2,0,0,149,4,12,10,100,30,0,0.05,0.0
METROLOGY_CONDITIONED_EIG,504008,51.366043974465114,1.4553254679048393,16.840416340437905,60,0,0,0,149,4,12,10,100,30,0,0.05,0.0
NO_PASSIVE,504009,663.1557326008692,1.2925589795434531,445.27907653515393,0,0,0,0,83,4,12,10,100,30,0,0.05,0.0
RANDOM,504009,24.715804010851414,0.6881288482492941,32.26938491439484,35,1,0,0,83,4,12,10,100,30,0,0.05,0.0
HIGHEST_SNR,504009,31.777122567457212,0.6755453283452747,33.45970358447558,35,1,0,0,83,4,12,10,100,30,0,0.05,0.0
SHORTEST_PULSE,504009,17.582932007601663,0.47374635544440646,42.748396730900254,36,0,0,0,83,4,12,10,100,30,0,0.05,0.0
METROLOGY_CONDITIONED_EIG,504009,21.621323469509107,0.6166170996187363,29.127456372656724,36,0,0,0,83,4,12,10,100,30,0,0.05,0.0
NO_PASSIVE,504010,719.6360365457484,3.1477362780903753,445.27907653515393,0,0,0,0,53,4,12,10,100,30,0,0.05,0.0
RANDOM,504010,31.7561799611445,1.0128970980205363,42.53506818123178,38,2,0,0,53,4,12,10,100,30,0,0.05,0.0
HIGHEST_SNR,504010,19.238520108185668,0.9218138320143435,41.24612489208177,38,2,0,0,53,4,12,10,100,30,0,0.05,0.0
SHORTEST_PULSE,504010,45.650997994204204,0.8589179278746957,33.63594623388617,39,1,0,0,53,4,12,10,100,30,0,0.05,0.0
METROLOGY_CONDITIONED_EIG,504010,43.03282828607709,1.0885815347733594,33.58527093075938,39,1,0,0,53,4,12,10,100,30,0,0.05,0.0
NO_PASSIVE,504011,627.8755976208289,0.889252745972396,445.27907653515393,0,0,0,0,60,4,12,10,100,30,0,0.05,0.0
RANDOM,504011,40.08934010601394,3.6921163884565944,25.77140364541974,36,9,0,0,60,4,12,10,100,30,0,0.05,0.0
HIGHEST_SNR,504011,58.65471108660983,4.458108260782207,25.996745323265937,36,9,0,0,60,4,12,10,100,30,0,0.05,0.0
SHORTEST_PULSE,504011,25.600752890944968,0.3847089839585089,27.104762661022693,40,5,0,0,60,4,12,10,100,30,0,0.05,0.0
METROLOGY_CONDITIONED_EIG,504011,17.920790944216648,0.46477367735944997,25.507455018532347,39,6,0,0,60,4,12,10,100,30,0,0.05,0.0
NO_PASSIVE,504012,371.2683965602927,2.266886043087662,445.27907653515393,0,0,0,0,50,4,12,10,100,30,0,0.05,0.0
RANDOM,504012,35.21832691515498,0.3599289575285248,25.63971004237481,34,3,0,0,50,4,12,10,100,30,0,0.05,0.0
HIGHEST_SNR,504012,13.637368668226822,0.7353639469914297,26.938510801365567,36,1,0,0,50,4,12,10,100,30,0,0.05,0.0
SHORTEST_PULSE,504012,13.883015431390259,0.71853031882199,27.39814434036755,35,2,0,0,50,4,12,10,100,30,0,0.05,0.0
METROLOGY_CONDITIONED_EIG,504012,33.129656229175964,0.20626840134505428,25.4879278126622,34,3,0,0,50,4,12,10,100,30,0,0.05,0.0
NO_PASSIVE,504013,297.70014426930777,2.8859173216174745,445.27907653515393,0,0,0,0,179,4,12,10,100,30,0,0.05,0.0
RANDOM,504013,37.03129264163003,1.2819071386050305,23.164279094954466,55,3,0,0,179,4,12,10,100,30,0,0.05,0.0
HIGHEST_SNR,504013,20.058382959913033,0.7004997181685961,25.909634564102465,54,4,0,0,179,4,12,10,100,30,0,0.05,0.0
SHORTEST_PULSE,504013,27.813967112640665,0.6005929910883824,20.779759208872502,53,5,0,0,179,4,12,10,100,30,0,0.05,0.0
METROLOGY_CONDITIONED_EIG,504013,18.292365506178534,0.5140348630635924,19.42710590151797,53,5,0,0,179,4,12,10,100,30,0,0.05,0.0
NO_PASSIVE,504014,439.2403550767329,2.4128260610226477,445.27907653515393,0,0,0,0,4,4,12,10,100,30,0,0.05,0.0
RANDOM,504014,128.37326785589738,2.2381976045444234,140.2043917290272,4,0,0,0,4,4,12,10,100,30,0,0.05,0.0
HIGHEST_SNR,504014,128.37326785589738,2.2381976045444234,140.2043917290272,4,0,0,0,4,4,12,10,100,30,0,0.05,0.0
SHORTEST_PULSE,504014,128.37326785589738,2.2381976045444234,140.2043917290272,4,0,0,0,4,4,12,10,100,30,0,0.05,0.0
METROLOGY_CONDITIONED_EIG,504014,128.37326785589738,2.2381976045444234,140.2043917290272,4,0,0,0,4,4,12,10,100,30,0,0.05,0.0
NO_PASSIVE,504015,716.0812530991469,1.0992120839474961,445.27907653515393,0,0,0,0,63,4,12,10,100,30,0,0.05,0.0
RANDOM,504015,7.281078318705387,0.29698340801610223,20.916517469442088,47,1,0,0,63,4,12,10,100,30,0,0.05,0.0
HIGHEST_SNR,504015,9.219850663584753,0.19652021686522472,20.110785217674408,48,0,0,0,63,4,12,10,100,30,0,0.05,0.0
SHORTEST_PULSE,504015,4.800651390424484,0.11892343294735422,20.15468053717199,48,0,0,0,63,4,12,10,100,30,0,0.05,0.0
METROLOGY_CONDITIONED_EIG,504015,9.735667660051053,0.12717785686346877,20.096191792103863,48,0,0,0,63,4,12,10,100,30,0,0.05,0.0
NO_PASSIVE,504016,67.04593362887435,0.8711293223706567,445.27907653515393,0,0,0,0,30,4,12,10,100,30,0,0.05,0.0
RANDOM,504016,4.334696859140638,0.07021059460677954,19.030549381467015,25,0,0,0,30,4,12,10,100,30,0,0.05,0.0
HIGHEST_SNR,504016,4.127048434065936,0.16052994344932162,19.211040669628364,25,0,0,0,30,4,12,10,100,30,0,0.05,0.0
SHORTEST_PULSE,504016,4.5842270188383685,0.24908993725015519,18.13920982359679,25,0,0,0,30,4,12,10,100,30,0,0.05,0.0
METROLOGY_CONDITIONED_EIG,504016,5.147395428788678,0.2864955339776401,18.263905406361165,25,0,0,0,30,4,12,10,100,30,0,0.05,0.0
NO_PASSIVE,504017,277.6904350898431,2.561184197188641,445.27907653515393,0,0,0,0,47,4,12,10,100,30,0,0.05,0.0
RANDOM,504017,3.877481223385883,0.07793024804177452,22.854085311877203,30,0,0,0,47,4,12,10,100,30,0,0.05,0.0
HIGHEST_SNR,504017,3.8673760596791404,0.07285180423683163,21.84970016098861,30,0,0,0,47,4,12,10,100,30,0,0.05,0.0
SHORTEST_PULSE,504017,3.8673760596791404,0.07285180423683163,21.84970016098861,30,0,0,0,47,4,12,10,100,30,0,0.05,0.0
METROLOGY_CONDITIONED_EIG,504017,5.46879220593161,0.15192981258381216,21.904769776492422,30,0,0,0,47,4,12,10,100,30,0,0.05,0.0
NO_PASSIVE,504018,439.7360723344923,1.8033590319776542,445.27907653515393,0,0,0,0,198,4,12,10,100,30,0,0.05,0.0
RANDOM,504018,11.055512591418882,0.13397954941598986,17.02379027099164,59,1,0,0,198,4,12,10,100,30,0,0.05,0.0
HIGHEST_SNR,504018,15.083135626701702,1.2641410195967995,24.68672931110196,57,3,0,0,198,4,12,10,100,30,0,0.05,0.0
SHORTEST_PULSE,504018,11.482476371343482,0.2601761974657731,15.95604049270177,60,0,0,0,198,4,12,10,100,30,0,0.05,0.0
METROLOGY_CONDITIONED_EIG,504018,11.377881149672358,0.5293277411138213,13.759310748879928,60,0,0,0,198,4,12,10,100,30,0,0.05,0.0
NO_PASSIVE,504019,295.22107247580635,1.8621036141432776,445.27907653515393,0,0,0,0,155,4,12,10,100,30,0,0.05,0.0
RANDOM,504019,11.446856410393655,0.3254828881742395,19.633342457648524,58,2,0,0,155,4,12,10,100,30,0,0.05,0.0
HIGHEST_SNR,504019,4.036366848965522,0.21608268700726666,19.575542609711466,57,3,0,0,155,4,12,10,100,30,0,0.05,0.0
SHORTEST_PULSE,504019,11.87303330970594,0.5078317522265436,23.75513148480364,57,3,0,0,155,4,12,10,100,30,0,0.05,0.0
METROLOGY_CONDITIONED_EIG,504019,3.20257127520476,0.29512772750827215,16.763676455372117,58,2,0,0,155,4,12,10,100,30,0,0.05,0.0
NO_PASSIVE,504020,349.01854855274917,0.8046823444303888,445.27907653515393,0,0,0,0,82,4,12,10,100,30,0,0.05,0.0
RANDOM,504020,6.313409469215304,0.5242314877154954,23.077261788142867,56,2,0,0,82,4,12,10,100,30,0,0.05,0.0
HIGHEST_SNR,504020,15.819062719714967,0.3007139567008297,42.41162661673569,57,1,0,0,82,4,12,10,100,30,0,0.05,0.0
SHORTEST_PULSE,504020,5.193171905798547,0.3263710753502433,23.158803463801178,55,3,0,0,82,4,12,10,100,30,0,0.05,0.0
METROLOGY_CONDITIONED_EIG,504020,4.204516327483505,0.3508603876709528,23.644931561768765,56,2,0,0,82,4,12,10,100,30,0,0.05,0.0
NO_PASSIVE,504021,594.2822683834769,0.8575306311589364,445.27907653515393,0,0,0,0,162,4,12,10,100,30,0,0.05,0.0
RANDOM,504021,10.90059775938026,0.5497678712656562,18.815968908568202,48,6,0,0,162,4,12,10,100,30,0,0.05,0.0
HIGHEST_SNR,504021,14.647681709750865,0.843884325751693,16.250234808695,52,2,1,0,162,4,12,10,100,30,0,0.05,0.0
SHORTEST_PULSE,504021,12.29005133639543,0.27372885764355126,15.60708900768701,49,5,0,0,162,4,12,10,100,30,0,0.05,0.0
METROLOGY_CONDITIONED_EIG,504021,13.37122453871693,0.45892987838091687,15.252142548556153,51,3,0,0,162,4,12,10,100,30,0,0.05,0.0
NO_PASSIVE,504022,159.27167964151548,3.805711062105915,445.27907653515393,0,0,0,0,120,4,12,10,100,30,0,0.05,0.0
RANDOM,504022,13.74298640049469,0.26408242275833954,19.274527939030897,51,4,0,0,120,4,12,10,100,30,0,0.05,0.0
HIGHEST_SNR,504022,16.209999234257563,0.47979393598222675,19.32465910455448,52,3,0,0,120,4,12,10,100,30,0,0.05,0.0
SHORTEST_PULSE,504022,11.763153501818202,0.34109643636434245,17.200757700859896,49,6,0,0,120,4,12,10,100,30,0,0.05,0.0
METROLOGY_CONDITIONED_EIG,504022,12.679402237563108,0.4906769973563854,17.347654143958927,50,5,0,0,120,4,12,10,100,30,0,0.05,0.0
NO_PASSIVE,504023,289.68424758621217,1.542062971029221,445.27907653515393,0,0,0,0,86,4,12,10,100,30,0,0.05,0.0
RANDOM,504023,16.91296516666354,0.2232804536129037,26.9648179494621,47,3,0,0,86,4,12,10,100,30,0,0.05,0.0
HIGHEST_SNR,504023,18.502743767889527,0.17962002431513907,34.07323768834531,45,5,0,0,86,4,12,10,100,30,0,0.05,0.0
SHORTEST_PULSE,504023,27.168936947430712,0.9332440449750905,19.70063668381795,48,2,0,0,86,4,12,10,100,30,0,0.05,0.0
METROLOGY_CONDITIONED_EIG,504023,11.212978884721954,0.14960961335226133,19.630759021674415,47,3,0,0,86,4,12,10,100,30,0,0.05,0.0
NO_PASSIVE,504024,413.14201196072685,1.5257390066070278,445.27907653515393,0,0,0,0,65,4,12,10,100,30,0,0.05,0.0
RANDOM,504024,37.62112594065179,0.9982869631227169,35.809461989723346,40,3,0,0,65,4,12,10,100,30,0,0.05,0.0
HIGHEST_SNR,504024,55.37307046997536,1.159868036911718,37.48027276389749,39,4,0,0,65,4,12,10,100,30,0,0.05,0.0
SHORTEST_PULSE,504024,43.570503891039884,1.0364309047124918,33.61821303173958,39,4,0,0,65,4,12,10,100,30,0,0.05,0.0
METROLOGY_CONDITIONED_EIG,504024,38.07535019326957,0.6725788982951308,32.064455734877654,39,4,0,0,65,4,12,10,100,30,0,0.05,0.0
NO_PASSIVE,504025,384.3907641664361,2.211464399150387,445.27907653515393,0,0,0,0,48,4,12,10,100,30,0,0.05,0.0
RANDOM,504025,61.617240926961735,1.8955092495635821,66.5973722784861,34,3,0,0,48,4,12,10,100,30,0,0.05,0.0
HIGHEST_SNR,504025,97.70213688068704,1.4542359103207116,68.64803674841144,34,3,0,0,48,4,12,10,100,30,0,0.05,0.0
SHORTEST_PULSE,504025,64.04110827812255,1.925373006559187,63.93557582417271,33,4,0,0,48,4,12,10,100,30,0,0.05,0.0
METROLOGY_CONDITIONED_EIG,504025,72.69499943067798,1.8097056416082677,65.31873467698802,33,4,0,0,48,4,12,10,100,30,0,0.05,0.0
NO_PASSIVE,504026,493.76693825984523,1.5395263855102204,445.27907653515393,0,0,0,0,134,4,12,10,100,30,0,0.05,0.0
RANDOM,504026,28.042222149371298,1.0639708363548919,71.82326258703185,56,3,1,0,134,4,12,10,100,30,0,0.05,0.0
HIGHEST_SNR,504026,57.577990179739665,0.6414659380759193,70.89309331142361,54,5,1,0,134,4,12,10,100,30,0,0.05,0.0
SHORTEST_PULSE,504026,31.569374031634936,1.037120608406794,39.13163663439633,51,8,0,0,134,4,12,10,100,30,0,0.05,0.0
METROLOGY_CONDITIONED_EIG,504026,47.31098854013304,1.188360200110577,37.787500870409474,50,9,1,0,134,4,12,10,100,30,0,0.05,0.0
NO_PASSIVE,504027,193.44143693828016,2.3320950377756424,445.27907653515393,0,0,0,0,166,4,12,10,100,30,0,0.05,0.0
RANDOM,504027,44.8892101710156,0.7954665101740618,22.11510841871293,55,4,0,0,166,4,12,10,100,30,0,0.05,0.0
HIGHEST_SNR,504027,4.374188402734754,0.5202264738678614,22.977672513160122,55,4,0,0,166,4,12,10,100,30,0,0.05,0.0
SHORTEST_PULSE,504027,35.49875338680559,0.7168751712501117,21.3621542739302,55,4,0,0,166,4,12,10,100,30,0,0.05,0.0
METROLOGY_CONDITIONED_EIG,504027,8.679503983199977,0.3962150579417252,20.255155340764478,56,3,0,0,166,4,12,10,100,30,0,0.05,0.0
NO_PASSIVE,504028,321.68573403008816,2.4206848196990474,445.27907653515393,0,0,0,0,14,4,12,10,100,30,0,0.05,0.0
RANDOM,504028,27.163443252732254,1.440359833060404,38.113484661516026,14,0,0,0,14,4,12,10,100,30,0,0.05,0.0
HIGHEST_SNR,504028,27.163443252732254,1.440359833060404,38.113484661516026,14,0,0,0,14,4,12,10,100,30,0,0.05,0.0
SHORTEST_PULSE,504028,27.163443252732254,1.440359833060404,38.113484661516026,14,0,0,0,14,4,12,10,100,30,0,0.05,0.0
METROLOGY_CONDITIONED_EIG,504028,27.163443252732254,1.440359833060404,38.113484661516026,14,0,0,0,14,4,12,10,100,30,0,0.05,0.0
NO_PASSIVE,504029,449.6463219712973,2.685420765494827,445.27907653515393,0,0,0,0,106,4,12,10,100,30,0,0.05,0.0
RANDOM,504029,5.629572958989883,0.0074632085525931985,20.470028961073023,42,3,0,0,106,4,12,10,100,30,0,0.05,0.0
HIGHEST_SNR,504029,18.04925737227538,0.985394876155318,23.032278522363516,42,3,1,0,106,4,12,10,100,30,0,0.05,0.0
SHORTEST_PULSE,504029,8.468235428061877,0.4591816725605094,20.960770037105103,40,5,0,0,106,4,12,10,100,30,0,0.05,0.0
METROLOGY_CONDITIONED_EIG,504029,9.922811867341702,0.25657367129456116,16.25200025041741,41,4,0,0,106,4,12,10,100,30,0,0.05,0.0
NO_PASSIVE,505000,594.6882605898771,1.644836147811582,445.27907653515393,0,0,0,0,104,5,12,10,100,30,0,0.05,0.05
RANDOM,505000,8.380773990354106,0.16066612905735173,29.058387816991974,47,9,0,0,104,5,12,10,100,30,0,0.05,0.05
HIGHEST_SNR,505000,31.885855446828796,0.9635148937669866,25.16801367700203,48,8,0,0,104,5,12,10,100,30,0,0.05,0.05
SHORTEST_PULSE,505000,31.008375233409083,1.030552531734544,24.987533695569393,48,8,0,0,104,5,12,10,100,30,0,0.05,0.05
METROLOGY_CONDITIONED_EIG,505000,25.892153270388093,0.7090418286803617,24.250620374581914,47,9,0,0,104,5,12,10,100,30,0,0.05,0.05
NO_PASSIVE,505001,315.6142181732001,1.776538361688073,445.27907653515393,0,0,0,0,69,5,12,10,100,30,0,0.05,0.05
RANDOM,505001,27.581150444674584,0.9038322729084927,28.88224439285094,46,5,0,1,69,5,12,10,100,30,0,0.05,0.05
HIGHEST_SNR,505001,36.03616190845682,0.7266693270388738,34.137427279650225,47,4,0,2,69,5,12,10,100,30,0,0.05,0.05
SHORTEST_PULSE,505001,28.700988149853448,0.9295903838399324,28.178462100410567,47,4,0,1,69,5,12,10,100,30,0,0.05,0.05
METROLOGY_CONDITIONED_EIG,505001,33.349083707005924,1.1407620935019531,28.74824208565294,45,6,0,2,69,5,12,10,100,30,0,0.05,0.05
NO_PASSIVE,505002,833.3673379908407,1.8300920910060592,445.27907653515393,0,0,0,0,67,5,12,10,100,30,0,0.05,0.05
RANDOM,505002,22.998168154348768,0.3538273030121345,22.947791202823012,38,2,0,0,67,5,12,10,100,30,0,0.05,0.05
HIGHEST_SNR,505002,23.906287474990062,0.33091011965746014,22.12100042736767,36,4,0,0,67,5,12,10,100,30,0,0.05,0.05
SHORTEST_PULSE,505002,25.61302344237764,0.4906427582861634,23.421166420312538,35,5,0,0,67,5,12,10,100,30,0,0.05,0.05
METROLOGY_CONDITIONED_EIG,505002,23.974732955074696,0.5604490956197166,22.51816341929896,36,4,0,0,67,5,12,10,100,30,0,0.05,0.05
NO_PASSIVE,505003,441.54104748452335,2.4663534500258804,445.27907653515393,0,0,0,0,34,5,12,10,100,30,0,0.05,0.05
RANDOM,505003,49.23259860690345,1.323429935092284,35.02850534014256,25,5,0,0,34,5,12,10,100,30,0,0.05,0.05
HIGHEST_SNR,505003,51.57427183043067,1.884383906943955,35.10679842770114,25,5,0,0,34,5,12,10,100,30,0,0.05,0.05
SHORTEST_PULSE,505003,49.23259860690345,1.323429935092284,35.02850534014256,25,5,0,0,34,5,12,10,100,30,0,0.05,0.05
METROLOGY_CONDITIONED_EIG,505003,51.09334414910868,1.5323784899136417,35.07109934739519,25,5,0,0,34,5,12,10,100,30,0,0.05,0.05
NO_PASSIVE,505004,664.8723118862471,1.7464188129309024,445.27907653515393,0,0,0,0,41,5,12,10,100,30,0,0.05,0.05
RANDOM,505004,8.53029894273204,0.4645632939096372,23.867117326212455,32,0,0,0,41,5,12,10,100,30,0,0.05,0.05
HIGHEST_SNR,505004,46.94588812775381,0.6300333864690013,24.36983082365398,32,0,0,0,41,5,12,10,100,30,0,0.05,0.05
SHORTEST_PULSE,505004,23.264453646856538,0.22217120608513433,21.648382770837337,32,0,0,0,41,5,12,10,100,30,0,0.05,0.05
METROLOGY_CONDITIONED_EIG,505004,23.264453646856538,0.22217120608513433,21.648382770837337,32,0,0,0,41,5,12,10,100,30,0,0.05,0.05
NO_PASSIVE,505005,509.91327106412405,0.7933155908793689,445.27907653515393,0,0,0,0,35,5,12,10,100,30,0,0.05,0.05
RANDOM,505005,45.48793837307193,0.6349398694581636,61.59591840680326,29,4,0,0,35,5,12,10,100,30,0,0.05,0.05
HIGHEST_SNR,505005,51.37385463875442,0.8863327669567067,62.104580108117446,29,4,0,0,35,5,12,10,100,30,0,0.05,0.05
SHORTEST_PULSE,505005,25.76549642292305,0.43794192231019574,60.88473718382788,29,4,0,0,35,5,12,10,100,30,0,0.05,0.05
METROLOGY_CONDITIONED_EIG,505005,45.48793837307193,0.6349398694581636,61.59591840680326,29,4,0,0,35,5,12,10,100,30,0,0.05,0.05
NO_PASSIVE,505006,253.20599730806111,0.9957255170144915,445.27907653515393,0,0,0,0,56,5,12,10,100,30,0,0.05,0.05
RANDOM,505006,10.953693241163496,0.5035335648933654,20.650285042983253,41,1,0,0,56,5,12,10,100,30,0,0.05,0.05
HIGHEST_SNR,505006,23.206013310256637,0.7030529188365908,19.854546650573656,40,2,0,0,56,5,12,10,100,30,0,0.05,0.05
SHORTEST_PULSE,505006,23.09649042873251,0.6706225063163782,19.851878395098886,40,2,0,0,56,5,12,10,100,30,0,0.05,0.05
METROLOGY_CONDITIONED_EIG,505006,17.876283491475306,0.6550139892330814,19.850328352254923,39,3,0,0,56,5,12,10,100,30,0,0.05,0.05
NO_PASSIVE,505007,284.52625682103826,3.316890858808683,445.27907653515393,0,0,0,0,64,5,12,10,100,30,0,0.05,0.05
RANDOM,505007,34.20774771139576,0.5806038822361372,20.883265760100226,46,4,0,0,64,5,12,10,100,30,0,0.05,0.05
HIGHEST_SNR,505007,34.55343746859978,0.8534172854775197,20.085452998321877,49,1,0,0,64,5,12,10,100,30,0,0.05,0.05
SHORTEST_PULSE,505007,25.91916578688155,0.4803033383246981,20.525324491406522,46,4,0,0,64,5,12,10,100,30,0,0.05,0.05
METROLOGY_CONDITIONED_EIG,505007,30.940381804638555,0.6796658774128069,19.662103964927525,49,1,0,0,64,5,12,10,100,30,0,0.05,0.05
NO_PASSIVE,505008,396.3583307421321,3.6497479217377244,445.27907653515393,0,0,0,0,82,5,12,10,100,30,0,0.05,0.05
RANDOM,505008,47.05970731441081,0.8170362741423701,33.31194829588419,35,2,0,0,82,5,12,10,100,30,0,0.05,0.05
HIGHEST_SNR,505008,55.20992431338904,1.442950323449404,46.90675555740571,34,3,0,0,82,5,12,10,100,30,0,0.05,0.05
SHORTEST_PULSE,505008,55.20992431338904,1.442950323449404,46.90675555740571,34,3,0,0,82,5,12,10,100,30,0,0.05,0.05
METROLOGY_CONDITIONED_EIG,505008,63.0945027320802,1.1118774498284818,30.822966356440148,35,2,0,0,82,5,12,10,100,30,0,0.05,0.05
NO_PASSIVE,505009,662.8641517911658,0.4793850677272182,445.27907653515393,0,0,0,0,60,5,12,10,100,30,0,0.05,0.05
RANDOM,505009,2.146764310789466,0.13659479912956843,15.797717074769617,40,1,0,0,60,5,12,10,100,30,0,0.05,0.05
HIGHEST_SNR,505009,3.0377883395883765,0.08235613483062613,17.769920830209973,39,2,0,0,60,5,12,10,100,30,0,0.05,0.05
SHORTEST_PULSE,505009,5.99330316902259,0.0706306905068672,16.675311210352657,38,3,0,0,60,5,12,10,100,30,0,0.05,0.05
METROLOGY_CONDITIONED_EIG,505009,6.380399695005645,0.039957843651196215,16.975259385015207,38,3,0,0,60,5,12,10,100,30,0,0.05,0.05
NO_PASSIVE,505010,464.048577453551,1.1203079042131667,445.27907653515393,0,0,0,0,43,5,12,10,100,30,0,0.05,0.05
RANDOM,505010,23.989409279757453,0.4094695271357766,22.960647547782752,32,3,0,0,43,5,12,10,100,30,0,0.05,0.05
HIGHEST_SNR,505010,23.93134916285012,0.3362471209098542,23.590903008029827,33,2,0,0,43,5,12,10,100,30,0,0.05,0.05
SHORTEST_PULSE,505010,20.483467454310393,0.18999333606729168,22.395217323622443,32,3,0,0,43,5,12,10,100,30,0,0.05,0.05
METROLOGY_CONDITIONED_EIG,505010,20.483467454310393,0.18999333606729168,22.395217323622443,32,3,0,0,43,5,12,10,100,30,0,0.05,0.05
NO_PASSIVE,505011,219.5314076041959,2.3068993989561695,445.27907653515393,0,0,0,0,57,5,12,10,100,30,0,0.05,0.05
RANDOM,505011,43.341458551450025,0.9950123176908109,44.32514673129697,34,7,0,0,57,5,12,10,100,30,0,0.05,0.05
HIGHEST_SNR,505011,34.9605706911926,0.7249988337078469,46.235380146876956,36,5,0,0,57,5,12,10,100,30,0,0.05,0.05
SHORTEST_PULSE,505011,50.4969107369008,1.327390440482926,47.05549803928637,36,5,0,0,57,5,12,10,100,30,0,0.05,0.05
METROLOGY_CONDITIONED_EIG,505011,32.686311806135016,0.9577791923788767,45.01974405308663,36,5,0,0,57,5,12,10,100,30,0,0.05,0.05
NO_PASSIVE,505012,34.3041708496476,0.7253466449044551,445.27907653515393,0,0,0,0,58,5,12,10,100,30,0,0.05,0.05
RANDOM,505012,17.227607780890555,0.9048628464696217,46.58583823441299,30,8,0,0,58,5,12,10,100,30,0,0.05,0.05
HIGHEST_SNR,505012,29.221198358675434,0.5096872158510614,60.592335726439444,31,7,0,0,58,5,12,10,100,30,0,0.05,0.05
SHORTEST_PULSE,505012,5.382938590855115,0.966299948763964,48.57148358575712,31,7,0,0,58,5,12,10,100,30,0,0.05,0.05
METROLOGY_CONDITIONED_EIG,505012,14.516145875540744,0.13913779163933468,45.950624936233496,29,9,0,0,58,5,12,10,100,30,0,0.05,0.05
NO_PASSIVE,505013,270.2555182043716,2.393858231075288,445.27907653515393,0,0,0,0,144,5,12,10,100,30,0,0.05,0.05
RANDOM,505013,75.91499776668974,1.7374539944712695,72.02871980861592,56,3,0,0,144,5,12,10,100,30,0,0.05,0.05
HIGHEST_SNR,505013,76.16713222299562,1.100259865476076,72.41584165892223,54,5,0,0,144,5,12,10,100,30,0,0.05,0.05
SHORTEST_PULSE,505013,51.80114588388394,0.8995787702755346,72.00839788522188,53,6,0,0,144,5,12,10,100,30,0,0.05,0.05
METROLOGY_CONDITIONED_EIG,505013,79.26297784297206,1.011290749038937,61.94105916415136,56,3,0,0,144,5,12,10,100,30,0,0.05,0.05
NO_PASSIVE,505014,502.13654660715974,2.043561064258871,445.27907653515393,0,0,0,0,113,5,12,10,100,30,0,0.05,0.05
RANDOM,505014,7.014092416360495,0.3131634552897379,32.679700631565964,51,6,0,0,113,5,12,10,100,30,0,0.05,0.05
HIGHEST_SNR,505014,10.717156862973379,0.9710085551316276,30.08558020698797,52,5,0,0,113,5,12,10,100,30,0,0.05,0.05
SHORTEST_PULSE,505014,15.571984411020336,0.85226513463372,20.8134014111955,53,4,0,0,113,5,12,10,100,30,0,0.05,0.05
METROLOGY_CONDITIONED_EIG,505014,5.383956219374321,0.5317000865071061,20.322689013338152,53,4,0,0,113,5,12,10,100,30,0,0.05,0.05
NO_PASSIVE,505015,571.0665203078398,2.50926202256349,445.27907653515393,0,0,0,0,71,5,12,10,100,30,0,0.05,0.05
RANDOM,505015,11.683384520363285,3.632421985953583,29.581351933427065,32,11,0,2,71,5,12,10,100,30,0,0.05,0.05
HIGHEST_SNR,505015,52.48554883120302,3.4734516836466667,42.01701199107034,31,12,0,2,71,5,12,10,100,30,0,0.05,0.05
SHORTEST_PULSE,505015,24.98903680419386,3.629115310373154,26.02024637965372,27,16,0,2,71,5,12,10,100,30,0,0.05,0.05
METROLOGY_CONDITIONED_EIG,505015,36.038716449299564,3.972732130401598,26.224471700931666,27,16,0,2,71,5,12,10,100,30,0,0.05,0.05
NO_PASSIVE,505016,187.79146173118147,1.0751449597144975,445.27907653515393,0,0,0,0,51,5,12,10,100,30,0,0.05,0.05
RANDOM,505016,10.658830172808601,0.269858893910533,28.74064211590397,34,3,0,0,51,5,12,10,100,30,0,0.05,0.05
HIGHEST_SNR,505016,16.17787188286691,0.08238720423768382,28.88253338493857,34,3,0,0,51,5,12,10,100,30,0,0.05,0.05
SHORTEST_PULSE,505016,10.299533034673416,0.028773580526981816,27.934718762739166,34,3,0,0,51,5,12,10,100,30,0,0.05,0.05
METROLOGY_CONDITIONED_EIG,505016,11.507693237323622,0.17916359761367562,28.311834961721473,33,4,0,0,51,5,12,10,100,30,0,0.05,0.05
NO_PASSIVE,505017,113.66521163973154,2.8793838610535105,445.27907653515393,0,0,0,0,109,5,12,10,100,30,0,0.05,0.05
RANDOM,505017,57.11036242510267,1.3356203698322642,29.93268245926092,57,2,0,0,109,5,12,10,100,30,0,0.05,0.05
HIGHEST_SNR,505017,53.42778636553712,0.7718727175295226,32.39305438734346,57,2,0,0,109,5,12,10,100,30,0,0.05,0.05
SHORTEST_PULSE,505017,20.340848281952432,0.2310981164498224,25.204355804507582,56,3,0,0,109,5,12,10,100,30,0,0.05,0.05
METROLOGY_CONDITIONED_EIG,505017,11.669320562131212,0.4142114867489751,24.288604763570948,57,2,0,0,109,5,12,10,100,30,0,0.05,0.05
NO_PASSIVE,505018,514.5873266121677,2.4119456563253876,445.27907653515393,0,0,0,0,90,5,12,10,100,30,0,0.05,0.05
RANDOM,505018,11.81655619081646,0.3253778716626148,25.57532863941772,47,9,0,0,90,5,12,10,100,30,0,0.05,0.05
HIGHEST_SNR,505018,7.763996839178907,0.29276417925405895,24.142411441352834,48,8,0,0,90,5,12,10,100,30,0,0.05,0.05
SHORTEST_PULSE,505018,15.591975495761263,0.498115438778631,24.364296014060113,46,10,0,0,90,5,12,10,100,30,0,0.05,0.05
METROLOGY_CONDITIONED_EIG,505018,19.64826436227875,0.4925196758418102,24.885578686077658,44,12,0,0,90,5,12,10,100,30,0,0.05,0.05
NO_PASSIVE,505019,83.30036058389094,1.6024555682093466,445.27907653515393,0,0,0,0,81,5,12,10,100,30,0,0.05,0.05
RANDOM,505019,17.607413569658863,0.6477603685565199,17.328936531262993,37,6,0,0,81,5,12,10,100,30,0,0.05,0.05
HIGHEST_SNR,505019,32.386994052023674,2.26912200472385,21.173808550450126,28,15,0,1,81,5,12,10,100,30,0,0.05,0.05
SHORTEST_PULSE,505019,628.6230560824697,0.7438059490195543,102.82703108598179,4,39,0,1,81,5,12,10,100,30,0,0.05,0.05
METROLOGY_CONDITIONED_EIG,505019,628.6231688042942,0.7438048484017326,102.82394381402763,4,39,0,1,81,5,12,10,100,30,0,0.05,0.05
NO_PASSIVE,505020,627.8147889842797,2.0944928837191243,445.27907653515393,0,0,0,0,48,5,12,10,100,30,0,0.05,0.05
RANDOM,505020,47.33767174088302,2.531148038315697,32.89988971467879,29,1,0,0,48,5,12,10,100,30,0,0.05,0.05
HIGHEST_SNR,505020,56.927557331264794,2.447058531557902,33.26698708747533,27,3,0,0,48,5,12,10,100,30,0,0.05,0.05
SHORTEST_PULSE,505020,51.25401926962174,2.0343226944226913,33.124578495257964,27,3,0,0,48,5,12,10,100,30,0,0.05,0.05
METROLOGY_CONDITIONED_EIG,505020,42.28804664153029,1.9521556521322954,32.6639769854178,28,2,0,0,48,5,12,10,100,30,0,0.05,0.05
NO_PASSIVE,505021,299.37516895144216,1.0017477830169526,445.27907653515393,0,0,0,0,148,5,12,10,100,30,0,0.05,0.05
RANDOM,505021,3.5911059863111907,0.16091743637551842,21.542680095423023,45,5,0,1,148,5,12,10,100,30,0,0.05,0.05
HIGHEST_SNR,505021,48.971446360878886,1.3382574775062832,45.667055870257,44,6,0,0,148,5,12,10,100,30,0,0.05,0.05
SHORTEST_PULSE,505021,4.564910386205123,0.3235092479148017,16.255120585624013,48,2,0,0,148,5,12,10,100,30,0,0.05,0.05
METROLOGY_CONDITIONED_EIG,505021,6.638462521353617,0.3786336964988999,16.72860814937014,48,2,0,0,148,5,12,10,100,30,0,0.05,0.05
NO_PASSIVE,505022,463.6757642386556,1.7048358872954676,445.27907653515393,0,0,0,0,25,5,12,10,100,30,0,0.05,0.05
RANDOM,505022,166.08164594049174,0.6184922540529251,107.09736863369498,23,1,0,1,25,5,12,10,100,30,0,0.05,0.05
HIGHEST_SNR,505022,260.321460994804,0.6759008935186365,130.5705803036896,23,1,0,1,25,5,12,10,100,30,0,0.05,0.05
SHORTEST_PULSE,505022,166.08164594049174,0.6184922540529251,107.09736863369498,23,1,0,1,25,5,12,10,100,30,0,0.05,0.05
METROLOGY_CONDITIONED_EIG,505022,166.08164594049174,0.6184922540529251,107.09736863369498,23,1,0,1,25,5,12,10,100,30,0,0.05,0.05
NO_PASSIVE,505023,245.56319812721736,1.2089346484651262,445.27907653515393,0,0,0,0,52,5,12,10,100,30,0,0.05,0.05
RANDOM,505023,747.0986881912422,0.7063867920672544,114.34990755063576,4,32,0,3,52,5,12,10,100,30,0,0.05,0.05
HIGHEST_SNR,505023,346.50104562095504,1.2450074727466307,147.3860647957233,4,32,0,2,52,5,12,10,100,30,0,0.05,0.05
SHORTEST_PULSE,505023,427.64275638847306,5.803258326517911,69.78117698998562,13,23,0,1,52,5,12,10,100,30,0,0.05,0.05
METROLOGY_CONDITIONED_EIG,505023,425.1091162741234,5.913895938706707,70.16266004880535,12,24,0,1,52,5,12,10,100,30,0,0.05,0.05
NO_PASSIVE,505024,121.2261776289656,1.3801875842333922,445.27907653515393,0,0,0,0,81,5,12,10,100,30,0,0.05,0.05
RANDOM,505024,19.170868667006737,0.42081549396766926,37.90037413648821,49,6,0,0,81,5,12,10,100,30,0,0.05,0.05
HIGHEST_SNR,505024,31.156997467325656,0.6546268387051293,37.60815297848089,48,7,0,0,81,5,12,10,100,30,0,0.05,0.05
SHORTEST_PULSE,505024,20.67518202005917,0.8141409786059463,25.981749596417444,49,6,0,0,81,5,12,10,100,30,0,0.05,0.05
METROLOGY_CONDITIONED_EIG,505024,21.407222370056036,0.6530759379058945,25.39575693598968,50,5,0,0,81,5,12,10,100,30,0,0.05,0.05
NO_PASSIVE,505025,579.0246630970198,1.5294519032800546,445.27907653515393,0,0,0,0,70,5,12,10,100,30,0,0.05,0.05
RANDOM,505025,25.1368797647101,0.723199411160269,23.735045613609827,39,7,0,0,70,5,12,10,100,30,0,0.05,0.05
HIGHEST_SNR,505025,30.711217578183405,0.9480479518283474,26.20973806926808,39,7,0,0,70,5,12,10,100,30,0,0.05,0.05
SHORTEST_PULSE,505025,23.04300025231686,0.7095079277230337,24.129619151898613,39,7,0,0,70,5,12,10,100,30,0,0.05,0.05
METROLOGY_CONDITIONED_EIG,505025,21.750243753023266,0.8520817973328898,23.43137160272326,40,6,0,0,70,5,12,10,100,30,0,0.05,0.05
NO_PASSIVE,505026,609.9929905063076,2.566065050071718,445.27907653515393,0,0,0,0,50,5,12,10,100,30,0,0.05,0.05
RANDOM,505026,13.504798105150035,1.5834601978709282,37.597356402066275,31,6,0,1,50,5,12,10,100,30,0,0.05,0.05
HIGHEST_SNR,505026,43.51644533782067,1.0739985947586372,43.035355477604014,31,6,0,1,50,5,12,10,100,30,0,0.05,0.05
SHORTEST_PULSE,505026,16.082554477663678,1.490596347570393,37.440242147953214,30,7,0,1,50,5,12,10,100,30,0,0.05,0.05
METROLOGY_CONDITIONED_EIG,505026,61.99188592694083,1.121704883678284,35.69747246901113,31,6,0,2,50,5,12,10,100,30,0,0.05,0.05
NO_PASSIVE,505027,96.88506051402184,2.156795244802974,445.27907653515393,0,0,0,0,53,5,12,10,100,30,0,0.05,0.05
RANDOM,505027,35.830724489881625,1.5681072903015387,33.29123512000526,34,2,0,0,53,5,12,10,100,30,0,0.05,0.05
HIGHEST_SNR,505027,47.20838243548313,1.4561041107178627,34.09837235043685,33,3,0,0,53,5,12,10,100,30,0,0.05,0.05
SHORTEST_PULSE,505027,47.20838243548313,1.4561041107178627,34.09837235043685,33,3,0,0,53,5,12,10,100,30,0,0.05,0.05
METROLOGY_CONDITIONED_EIG,505027,43.38951944872761,1.8888334533895264,33.336780970733216,33,3,0,0,53,5,12,10,100,30,0,0.05,0.05
NO_PASSIVE,505028,479.33622684741005,1.2729559810190914,445.27907653515393,0,0,0,0,59,5,12,10,100,30,0,0.05,0.05
RANDOM,505028,12.21401461405774,0.7426001536822818,34.207895253935206,38,3,0,1,59,5,12,10,100,30,0,0.05,0.05
HIGHEST_SNR,505028,14.696165634136895,0.7140308540676596,32.94352546460124,38,3,0,1,59,5,12,10,100,30,0,0.05,0.05
SHORTEST_PULSE,505028,32.51333801519771,0.847944545728365,34.66726852684529,39,2,0,0,59,5,12,10,100,30,0,0.05,0.05
METROLOGY_CONDITIONED_EIG,505028,39.29941385537005,1.1860230949506843,32.75023310936852,39,2,0,0,59,5,12,10,100,30,0,0.05,0.05
NO_PASSIVE,505029,382.05089744006233,1.7300763607284468,445.27907653515393,0,0,0,0,77,5,12,10,100,30,0,0.05,0.05
RANDOM,505029,40.567489360169574,0.421686453908943,34.542061794207484,44,5,0,0,77,5,12,10,100,30,0,0.05,0.05
HIGHEST_SNR,505029,25.407463315808986,0.39736935088310743,41.32750865595422,44,5,0,0,77,5,12,10,100,30,0,0.05,0.05
SHORTEST_PULSE,505029,34.31239959860472,0.5049655124044485,32.44571934551145,45,4,0,0,77,5,12,10,100,30,0,0.05,0.05
METROLOGY_CONDITIONED_EIG,505029,7.481495817357675,0.42637289839263226,32.35820701247411,45,4,0,0,77,5,12,10,100,30,0,0.05,0.05
NO_PASSIVE,506000,247.5451450030513,2.3187760013227066,445.27907653515393,0,0,0,0,136,6,12,10,100,30,0,0.05,0.15
RANDOM,506000,16.812142274333258,0.09462785264259857,17.347791077257476,49,11,0,0,136,6,12,10,100,30,0,0.05,0.15
HIGHEST_SNR,506000,18.90261702437667,0.47337219517848034,18.999687880191594,48,12,0,0,136,6,12,10,100,30,0,0.05,0.15
SHORTEST_PULSE,506000,31.901982705947717,0.5339228167489463,17.269274389560607,50,10,0,0,136,6,12,10,100,30,0,0.05,0.15
METROLOGY_CONDITIONED_EIG,506000,17.202349529406348,0.6121925314785133,15.827191016722251,48,12,0,0,136,6,12,10,100,30,0,0.05,0.15
NO_PASSIVE,506001,496.33751422058697,1.0992983184986782,445.27907653515393,0,0,0,0,64,6,12,10,100,30,0,0.05,0.15
RANDOM,506001,15.356739704903406,0.6329283427728474,23.066688896464935,33,5,0,0,64,6,12,10,100,30,0,0.05,0.15
HIGHEST_SNR,506001,8.972993629521548,0.1512593379575242,22.53050903919389,31,7,0,0,64,6,12,10,100,30,0,0.05,0.15
SHORTEST_PULSE,506001,8.45967213808733,0.15392649442962422,21.062501106039353,32,6,0,0,64,6,12,10,100,30,0,0.05,0.15
METROLOGY_CONDITIONED_EIG,506001,8.187745099613304,0.15753012573800623,21.18054682535269,30,8,0,0,64,6,12,10,100,30,0,0.05,0.15
NO_PASSIVE,506002,530.845450627708,2.609592596586233,445.27907653515393,0,0,0,0,63,6,12,10,100,30,0,0.05,0.15
RANDOM,506002,28.233834949075792,0.41372775386945787,27.401441706032223,25,3,0,0,63,6,12,10,100,30,0,0.05,0.15
HIGHEST_SNR,506002,131.11742464153477,1.7604985150460897,94.36360038770837,24,4,0,0,63,6,12,10,100,30,0,0.05,0.15
SHORTEST_PULSE,506002,23.87652082042367,0.3115202062673416,24.837594663302138,23,5,0,0,63,6,12,10,100,30,0,0.05,0.15
METROLOGY_CONDITIONED_EIG,506002,28.99373241735524,0.8126994817980795,22.98855273961231,24,4,0,0,63,6,12,10,100,30,0,0.05,0.15
NO_PASSIVE,506003,662.2555702956791,1.9341852561087198,445.27907653515393,0,0,0,0,55,6,12,10,100,30,0,0.05,0.15
RANDOM,506003,546.0301399280903,0.9350790849377263,82.89895141659343,35,9,0,1,55,6,12,10,100,30,0,0.05,0.15
HIGHEST_SNR,506003,546.0301399280903,0.9350790849377263,82.89895141659343,35,9,0,1,55,6,12,10,100,30,0,0.05,0.15
SHORTEST_PULSE,506003,20.34153535793208,0.41936494260993185,38.68028111714107,33,11,0,0,55,6,12,10,100,30,0,0.05,0.15
METROLOGY_CONDITIONED_EIG,506003,18.54975521162705,0.34351148933011033,36.82457700970993,33,11,0,0,55,6,12,10,100,30,0,0.05,0.15
NO_PASSIVE,506004,408.71610426681696,2.39901856362774,445.27907653515393,0,0,0,0,84,6,12,10,100,30,0,0.05,0.15
RANDOM,506004,3.332285096106055,0.24445257619230612,15.741924701996968,48,4,0,0,84,6,12,10,100,30,0,0.05,0.15
HIGHEST_SNR,506004,6.147638329559749,0.210694175742264,15.51002601711494,48,4,0,0,84,6,12,10,100,30,0,0.05,0.15
SHORTEST_PULSE,506004,5.508004648697269,0.36460687849855944,15.89746852825357,48,4,0,0,84,6,12,10,100,30,0,0.05,0.15
METROLOGY_CONDITIONED_EIG,506004,5.843377884892878,0.39748758616979424,14.03773271646705,49,3,0,0,84,6,12,10,100,30,0,0.05,0.15
NO_PASSIVE,506005,146.60302869240064,1.855760675504616,445.27907653515393,0,0,0,0,133,6,12,10,100,30,0,0.05,0.15
RANDOM,506005,31.572324113356036,0.6913573166234408,28.20987708474081,45,12,0,0,133,6,12,10,100,30,0,0.05,0.15
HIGHEST_SNR,506005,79.48482027231545,1.9536534554351683,42.733200435355826,46,11,0,0,133,6,12,10,100,30,0,0.05,0.15
SHORTEST_PULSE,506005,41.16750698488729,1.0553060058141526,25.828012880693343,46,11,0,1,133,6,12,10,100,30,0,0.05,0.15
METROLOGY_CONDITIONED_EIG,506005,41.586657868919,1.0424080595344283,25.70311768639675,46,11,0,1,133,6,12,10,100,30,0,0.05,0.15
NO_PASSIVE,506006,332.6121822120409,1.4313836868209513,445.27907653515393,0,0,0,0,94,6,12,10,100,30,0,0.05,0.15
RANDOM,506006,16.238412532650226,0.5844287521699137,21.130661190179897,46,7,0,1,94,6,12,10,100,30,0,0.05,0.15
HIGHEST_SNR,506006,18.590356140951435,0.658385865258786,25.700369291907588,47,6,0,2,94,6,12,10,100,30,0,0.05,0.15
SHORTEST_PULSE,506006,52.60294701864458,1.2016014113965596,22.383213950658767,46,7,0,0,94,6,12,10,100,30,0,0.05,0.15
METROLOGY_CONDITIONED_EIG,506006,12.220521426256472,0.3056098543631952,19.41352646372032,48,5,0,0,94,6,12,10,100,30,0,0.05,0.15
NO_PASSIVE,506007,198.20541095623878,1.0936142875211303,445.27907653515393,0,0,0,0,134,6,12,10,100,30,0,0.05,0.15
RANDOM,506007,27.247196957306663,1.9211020524466034,20.818868761228483,40,13,1,1,134,6,12,10,100,30,0,0.05,0.15
HIGHEST_SNR,506007,39.0990247841006,2.6652475898667145,24.468211063449573,45,8,1,1,134,6,12,10,100,30,0,0.05,0.15
SHORTEST_PULSE,506007,4.219314327360831,0.5575678651779452,15.404483172031469,46,7,0,0,134,6,12,10,100,30,0,0.05,0.15
METROLOGY_CONDITIONED_EIG,506007,6.780284902443844,0.7644935051199466,15.151085114102857,44,9,0,0,134,6,12,10,100,30,0,0.05,0.15
NO_PASSIVE,506008,279.77851274429963,1.1780294405274163,445.27907653515393,0,0,0,0,77,6,12,10,100,30,0,0.05,0.15
RANDOM,506008,95.85360918233809,4.131400177181284,44.17166547927575,34,19,0,2,77,6,12,10,100,30,0,0.05,0.15
HIGHEST_SNR,506008,88.89980305397006,4.7699284033197715,41.55296652531802,38,15,0,2,77,6,12,10,100,30,0,0.05,0.15
SHORTEST_PULSE,506008,12.253085651146593,0.31431273976542484,33.890348156671195,44,9,0,0,77,6,12,10,100,30,0,0.05,0.15
METROLOGY_CONDITIONED_EIG,506008,120.39365255164692,3.929612047365607,45.38925949120561,31,22,0,2,77,6,12,10,100,30,0,0.05,0.15
NO_PASSIVE,506009,599.3622921986341,2.0185283532549696,445.27907653515393,0,0,0,0,97,6,12,10,100,30,0,0.05,0.15
RANDOM,506009,6.576409885590996,0.14722614030606773,29.668938746371534,52,5,0,1,97,6,12,10,100,30,0,0.05,0.15
HIGHEST_SNR,506009,63.579563279775904,0.3583659194415307,57.2688622971649,49,8,0,1,97,6,12,10,100,30,0,0.05,0.15
SHORTEST_PULSE,506009,5.208153663278292,0.2413744144472376,28.405812361211257,51,6,0,1,97,6,12,10,100,30,0,0.05,0.15
METROLOGY_CONDITIONED_EIG,506009,6.274699408651953,0.13732927944269346,28.401137634470615,51,6,0,1,97,6,12,10,100,30,0,0.05,0.15
NO_PASSIVE,506010,420.8733409935922,0.9656262426285778,445.27907653515393,0,0,0,0,81,6,12,10,100,30,0,0.05,0.15
RANDOM,506010,40.226952090406414,1.2566770922626038,19.29680090851701,39,10,0,2,81,6,12,10,100,30,0,0.05,0.15
HIGHEST_SNR,506010,265.53461499435974,0.7649247645537123,82.70337040417427,27,22,0,3,81,6,12,10,100,30,0,0.05,0.15
SHORTEST_PULSE,506010,30.7829846092522,0.992791973163792,16.982564074466733,39,10,0,0,81,6,12,10,100,30,0,0.05,0.15
METROLOGY_CONDITIONED_EIG,506010,32.79301080655751,0.970251919338314,17.098439626710302,39,10,0,0,81,6,12,10,100,30,0,0.05,0.15
NO_PASSIVE,506011,465.83205257364136,1.6873230163275037,445.27907653515393,0,0,0,0,50,6,12,10,100,30,0,0.05,0.15
RANDOM,506011,16.53898789363941,1.8897952191465603,47.91676038882505,22,14,0,2,50,6,12,10,100,30,0,0.05,0.15
HIGHEST_SNR,506011,91.99952637882508,1.0989230976317461,62.703498947988855,29,7,0,2,50,6,12,10,100,30,0,0.05,0.15
SHORTEST_PULSE,506011,21.899915566737274,1.56849768193341,47.35216404233326,26,10,0,1,50,6,12,10,100,30,0,0.05,0.15
METROLOGY_CONDITIONED_EIG,506011,24.909645734608226,1.7503897193360989,43.25482833929405,27,9,0,2,50,6,12,10,100,30,0,0.05,0.15
NO_PASSIVE,506012,659.1731141377433,0.9285387255515307,445.27907653515393,0,0,0,0,46,6,12,10,100,30,0,0.05,0.15
RANDOM,506012,11.324155659742535,0.29150094317094216,27.283275505741813,37,7,0,0,46,6,12,10,100,30,0,0.05,0.15
HIGHEST_SNR,506012,13.35578259487436,0.19380474701940928,26.912146813675225,37,7,0,0,46,6,12,10,100,30,0,0.05,0.15
SHORTEST_PULSE,506012,12.361331135815849,0.18512820415893827,28.1440219005072,36,8,0,0,46,6,12,10,100,30,0,0.05,0.15
METROLOGY_CONDITIONED_EIG,506012,13.35578259487436,0.19380474701940928,26.912146813675225,37,7,0,0,46,6,12,10,100,30,0,0.05,0.15
NO_PASSIVE,506013,460.85992016945295,0.3635353597263438,445.27907653515393,0,0,0,0,106,6,12,10,100,30,0,0.05,0.15
RANDOM,506013,19.638989684234396,0.37891657262135053,32.08783102249798,44,10,0,0,106,6,12,10,100,30,0,0.05,0.15
HIGHEST_SNR,506013,31.168482628256847,0.9291138085081623,36.58010448397805,40,14,0,0,106,6,12,10,100,30,0,0.05,0.15
SHORTEST_PULSE,506013,11.785994555456577,0.21658889348586224,26.019721419456722,43,11,0,0,106,6,12,10,100,30,0,0.05,0.15
METROLOGY_CONDITIONED_EIG,506013,14.95577217117502,0.3036519279522419,23.875001127555723,46,8,0,0,106,6,12,10,100,30,0,0.05,0.15
NO_PASSIVE,506014,476.27329563717035,2.752258084169938,445.27907653515393,0,0,0,0,191,6,12,10,100,30,0,0.05,0.15
RANDOM,506014,15.930298111642374,0.6228360069887027,24.838493990487002,53,7,1,1,191,6,12,10,100,30,0,0.05,0.15
HIGHEST_SNR,506014,43.349194195174235,1.399629900833588,56.879420333871266,49,11,1,1,191,6,12,10,100,30,0,0.05,0.15
SHORTEST_PULSE,506014,6.174252753070011,0.12948199411778938,23.084817011156805,52,8,0,1,191,6,12,10,100,30,0,0.05,0.15
METROLOGY_CONDITIONED_EIG,506014,11.049675075302336,0.39321634790554133,20.442366269813792,49,11,0,1,191,6,12,10,100,30,0,0.05,0.15
NO_PASSIVE,506015,444.65080852891265,4.470601774625773,445.27907653515393,0,0,0,0,108,6,12,10,100,30,0,0.05,0.15
RANDOM,506015,11.680251231747762,0.3915914569418933,16.815282569680342,43,10,0,0,108,6,12,10,100,30,0,0.05,0.15
HIGHEST_SNR,506015,410.52579138186843,5.908342302465633,77.47783643379266,11,42,0,2,108,6,12,10,100,30,0,0.05,0.15
SHORTEST_PULSE,506015,1.5862572806229305,0.16103911178584407,18.87673833316155,45,8,0,0,108,6,12,10,100,30,0,0.05,0.15
METROLOGY_CONDITIONED_EIG,506015,3.896610607461716,0.3897321291406114,17.254733724572368,42,11,0,0,108,6,12,10,100,30,0,0.05,0.15
NO_PASSIVE,506016,471.02956148422555,2.358279894385987,445.27907653515393,0,0,0,0,78,6,12,10,100,30,0,0.05,0.15
RANDOM,506016,33.81185280060555,1.976552954672466,26.342503793636393,40,13,0,3,78,6,12,10,100,30,0,0.05,0.15
HIGHEST_SNR,506016,45.34982491988759,1.9906591571460102,26.184560212136873,41,12,0,1,78,6,12,10,100,30,0,0.05,0.15
SHORTEST_PULSE,506016,44.35586285227268,1.9269388895446884,25.44117767233118,41,12,0,1,78,6,12,10,100,30,0,0.05,0.15
METROLOGY_CONDITIONED_EIG,506016,43.80906879965053,1.9140022365973421,25.334414579910117,41,12,0,1,78,6,12,10,100,30,0,0.05,0.15
NO_PASSIVE,506017,401.928074225856,1.233872070505955,445.27907653515393,0,0,0,0,72,6,12,10,100,30,0,0.05,0.15
RANDOM,506017,6.840949144531331,0.24025663263797176,34.66907939357803,45,9,0,0,72,6,12,10,100,30,0,0.05,0.15
HIGHEST_SNR,506017,83.41881113141693,3.114487304932036,63.33159027390323,30,24,0,1,72,6,12,10,100,30,0,0.05,0.15
SHORTEST_PULSE,506017,93.3701095256084,4.722752895363566,53.74392198097834,35,19,0,1,72,6,12,10,100,30,0,0.05,0.15
METROLOGY_CONDITIONED_EIG,506017,226.66789130078746,6.423319465591111,66.4107106395771,24,30,0,3,72,6,12,10,100,30,0,0.05,0.15
NO_PASSIVE,506018,116.47636050639322,2.184524319357475,445.27907653515393,0,0,0,0,18,6,12,10,100,30,0,0.05,0.15
RANDOM,506018,102.66260223300313,2.2835589946712265,84.45095699217924,16,2,0,0,18,6,12,10,100,30,0,0.05,0.15
HIGHEST_SNR,506018,102.66260223300313,2.2835589946712265,84.45095699217924,16,2,0,0,18,6,12,10,100,30,0,0.05,0.15
SHORTEST_PULSE,506018,102.66260223300313,2.2835589946712265,84.45095699217924,16,2,0,0,18,6,12,10,100,30,0,0.05,0.15
METROLOGY_CONDITIONED_EIG,506018,102.66260223300313,2.2835589946712265,84.45095699217924,16,2,0,0,18,6,12,10,100,30,0,0.05,0.15
NO_PASSIVE,506019,327.08826577459797,0.7835071667324547,445.27907653515393,0,0,0,0,88,6,12,10,100,30,0,0.05,0.15
RANDOM,506019,14.35696492628101,0.5341416064934462,32.0946403072448,34,8,0,0,88,6,12,10,100,30,0,0.05,0.15
HIGHEST_SNR,506019,27.529362260385042,0.7071554727307736,30.604204957273634,35,7,0,0,88,6,12,10,100,30,0,0.05,0.15
SHORTEST_PULSE,506019,28.99292577853364,0.7739370866772995,29.5238843197693,32,10,0,0,88,6,12,10,100,30,0,0.05,0.15
METROLOGY_CONDITIONED_EIG,506019,24.031686650017512,0.6218393137482721,31.32908783158475,31,11,0,0,88,6,12,10,100,30,0,0.05,0.15
NO_PASSIVE,506020,542.7090627530688,1.6809703651855283,445.27907653515393,0,0,0,0,50,6,12,10,100,30,0,0.05,0.15
RANDOM,506020,24.660987339537442,0.9143523144344273,50.53421114997277,21,8,0,0,50,6,12,10,100,30,0,0.05,0.15
HIGHEST_SNR,506020,16.414780913313653,1.1670009008870657,82.33814988995208,21,8,0,1,50,6,12,10,100,30,0,0.05,0.15
SHORTEST_PULSE,506020,19.40585767856873,0.41520794762624336,52.74695923145698,19,10,0,0,50,6,12,10,100,30,0,0.05,0.15
METROLOGY_CONDITIONED_EIG,506020,12.566020854653177,0.7234400880738123,42.075191846263984,19,10,0,0,50,6,12,10,100,30,0,0.05,0.15
NO_PASSIVE,506021,215.89388517729677,1.7770202543126148,445.27907653515393,0,0,0,0,86,6,12,10,100,30,0,0.05,0.15
RANDOM,506021,303.8849952753473,1.117832074812134,109.81000555519644,10,38,0,1,86,6,12,10,100,30,0,0.05,0.15
HIGHEST_SNR,506021,635.5488604747488,1.7212490614046887,114.35971663205892,12,36,0,1,86,6,12,10,100,30,0,0.05,0.15
SHORTEST_PULSE,506021,184.2954213590002,2.8236746482691557,54.772021305405104,21,27,0,2,86,6,12,10,100,30,0,0.05,0.15
METROLOGY_CONDITIONED_EIG,506021,425.32484332838555,1.5215621250381517,85.14129630188424,5,43,0,2,86,6,12,10,100,30,0,0.05,0.15
NO_PASSIVE,506022,355.7953488569981,0.9331814891112341,445.27907653515393,0,0,0,0,74,6,12,10,100,30,0,0.05,0.15
RANDOM,506022,61.306054594624584,1.7728933385530374,39.35459448468193,35,10,0,1,74,6,12,10,100,30,0,0.05,0.15
HIGHEST_SNR,506022,45.68695972679979,1.614655081225949,42.925754627009766,36,9,0,1,74,6,12,10,100,30,0,0.05,0.15
SHORTEST_PULSE,506022,61.66010553641335,1.3581685759032922,44.715735947167396,32,13,0,1,74,6,12,10,100,30,0,0.05,0.15
METROLOGY_CONDITIONED_EIG,506022,121.53462531209532,3.140185984804546,30.62337814136977,37,8,0,2,74,6,12,10,100,30,0,0.05,0.15
NO_PASSIVE,506023,314.0159738558762,1.2133391200099215,445.27907653515393,0,0,0,0,120,6,12,10,100,30,0,0.05,0.15
RANDOM,506023,20.429384640096252,0.23174234459110465,23.89124130145464,46,14,0,0,120,6,12,10,100,30,0,0.05,0.15
HIGHEST_SNR,506023,24.75968398678319,0.48234252870898736,30.880352878036614,47,13,0,0,120,6,12,10,100,30,0,0.05,0.15
SHORTEST_PULSE,506023,18.658793107713336,0.48216795080490543,17.86750478988317,48,12,0,0,120,6,12,10,100,30,0,0.05,0.15
METROLOGY_CONDITIONED_EIG,506023,25.017836064955365,0.5758581775097706,18.03123107737416,46,14,0,0,120,6,12,10,100,30,0,0.05,0.15
NO_PASSIVE,506024,296.20638216723665,3.2523061609714183,445.27907653515393,0,0,0,0,106,6,12,10,100,30,0,0.05,0.15
RANDOM,506024,28.189918605517846,0.769189274347863,31.329011766253714,42,10,0,0,106,6,12,10,100,30,0,0.05,0.15
HIGHEST_SNR,506024,15.614396277810467,0.42188518078984166,31.94144459357915,42,10,0,0,106,6,12,10,100,30,0,0.05,0.15
SHORTEST_PULSE,506024,17.649850779563522,0.4728640718778233,29.24843609424128,46,6,0,0,106,6,12,10,100,30,0,0.05,0.15
METROLOGY_CONDITIONED_EIG,506024,13.054313256976025,0.19959282990909993,30.571463948735662,41,11,0,0,106,6,12,10,100,30,0,0.05,0.15
NO_PASSIVE,506025,608.4328918248929,1.9190654342717908,445.27907653515393,0,0,0,0,104,6,12,10,100,30,0,0.05,0.15
RANDOM,506025,4.506133768250131,0.16047233263645003,23.561614496666397,46,13,0,0,104,6,12,10,100,30,0,0.05,0.15
HIGHEST_SNR,506025,19.15978286993124,0.6499984261139048,24.446924980967257,46,13,0,0,104,6,12,10,100,30,0,0.05,0.15
SHORTEST_PULSE,506025,12.82499810740714,0.5803942021244125,23.634316338825,45,14,0,0,104,6,12,10,100,30,0,0.05,0.15
METROLOGY_CONDITIONED_EIG,506025,23.40126697329398,0.7681774581013864,22.810393781958247,44,15,0,0,104,6,12,10,100,30,0,0.05,0.15
NO_PASSIVE,506026,488.4484466841953,2.453283905779229,445.27907653515393,0,0,0,0,69,6,12,10,100,30,0,0.05,0.15
RANDOM,506026,121.5055334637111,5.440165903300004,35.40887934285952,18,26,0,2,69,6,12,10,100,30,0,0.05,0.15
HIGHEST_SNR,506026,423.7460354572917,1.7583987675021246,106.94060524053087,18,26,0,1,69,6,12,10,100,30,0,0.05,0.15
SHORTEST_PULSE,506026,428.00131986195714,1.8264659049604104,108.79813846255627,13,31,0,1,69,6,12,10,100,30,0,0.05,0.15
METROLOGY_CONDITIONED_EIG,506026,422.58284745549287,1.7936680629771578,108.97147364988052,12,32,0,1,69,6,12,10,100,30,0,0.05,0.15
NO_PASSIVE,506027,295.3584055857297,1.9704004281003022,445.27907653515393,0,0,0,0,68,6,12,10,100,30,0,0.05,0.15
RANDOM,506027,568.8699021492761,3.1632967864937505,79.88934225175166,11,31,0,2,68,6,12,10,100,30,0,0.05,0.15
HIGHEST_SNR,506027,54.93512250563367,0.604232576478212,36.16097444743828,28,14,1,1,68,6,12,10,100,30,0,0.05,0.15
SHORTEST_PULSE,506027,44.90064267672133,0.2757232219580026,32.570826040746184,34,8,0,0,68,6,12,10,100,30,0,0.05,0.15
METROLOGY_CONDITIONED_EIG,506027,43.325486691725,0.2792864923057324,31.27970834648204,35,7,0,0,68,6,12,10,100,30,0,0.05,0.15
NO_PASSIVE,506028,279.09881445122534,2.2498752668678796,445.27907653515393,0,0,0,0,43,6,12,10,100,30,0,0.05,0.15
RANDOM,506028,27.6200603456769,0.9237272427805576,26.993087437805418,25,8,0,0,43,6,12,10,100,30,0,0.05,0.15
HIGHEST_SNR,506028,16.948780372273934,0.7011250541067582,44.653166088285296,25,8,0,0,43,6,12,10,100,30,0,0.05,0.15
SHORTEST_PULSE,506028,27.91840324455759,0.6737939322628688,26.92528657720254,25,8,0,0,43,6,12,10,100,30,0,0.05,0.15
METROLOGY_CONDITIONED_EIG,506028,29.319177414585294,0.8144431821276131,26.99032537303959,25,8,0,0,43,6,12,10,100,30,0,0.05,0.15
NO_PASSIVE,506029,568.8301934846381,2.3757244532658754,445.27907653515393,0,0,0,0,55,6,12,10,100,30,0,0.05,0.15
RANDOM,506029,432.1038678537688,0.9711672861608744,55.88909277455692,9,33,0,4,55,6,12,10,100,30,0,0.05,0.15
HIGHEST_SNR,506029,24.405779502988825,1.0450898290886839,24.86401968011223,28,14,0,2,55,6,12,10,100,30,0,0.05,0.15
SHORTEST_PULSE,506029,21.504518676300943,0.381779645850883,23.507637228916504,32,10,0,0,55,6,12,10,100,30,0,0.05,0.15
METROLOGY_CONDITIONED_EIG,506029,28.625585211460134,0.9772538865855325,24.394680858943538,27,15,0,1,55,6,12,10,100,30,0,0.05,0.15
NO_PASSIVE,507000,492.0640000554023,1.4676703170324747,445.27907653515393,0,0,0,0,75,7,12,10,100,30,0,0.15,0.0
RANDOM,507000,75.08678933813982,0.4471266425060013,46.43080089515603,38,8,0,0,75,7,12,10,100,30,0,0.15,0.0
HIGHEST_SNR,507000,30.977916258056908,0.9317298544295957,48.31580615748866,37,9,0,0,75,7,12,10,100,30,0,0.15,0.0
SHORTEST_PULSE,507000,47.29396523954725,1.0235069521239555,45.13301242620725,36,10,0,0,75,7,12,10,100,30,0,0.15,0.0
METROLOGY_CONDITIONED_EIG,507000,67.71351222298418,0.8871118760708734,42.045240028521384,36,10,0,0,75,7,12,10,100,30,0,0.15,0.0
NO_PASSIVE,507001,293.756093147058,1.0305341311684515,445.27907653515393,0,0,0,0,61,7,12,10,100,30,0,0.15,0.0
RANDOM,507001,35.97952697278051,0.803069396946056,33.1143103645546,35,11,0,0,61,7,12,10,100,30,0,0.15,0.0
HIGHEST_SNR,507001,24.937062224621084,0.4824904726632329,36.56344482354058,34,12,0,0,61,7,12,10,100,30,0,0.15,0.0
SHORTEST_PULSE,507001,13.542489671720507,0.5190976212913014,32.078608238452524,33,13,0,0,61,7,12,10,100,30,0,0.15,0.0
METROLOGY_CONDITIONED_EIG,507001,28.02712990441796,0.599921744070933,31.972639300377352,33,13,0,0,61,7,12,10,100,30,0,0.15,0.0
NO_PASSIVE,507002,382.6615974683226,1.512772717175096,445.27907653515393,0,0,0,0,81,7,12,10,100,30,0,0.15,0.0
RANDOM,507002,43.987938516271065,1.1196289718983823,23.795164204142903,43,11,0,0,81,7,12,10,100,30,0,0.15,0.0
HIGHEST_SNR,507002,60.477277898284235,1.553021418942939,24.908479251838116,45,9,0,0,81,7,12,10,100,30,0,0.15,0.0
SHORTEST_PULSE,507002,54.846686155905495,1.2613877588667795,24.636058066643315,43,11,0,0,81,7,12,10,100,30,0,0.15,0.0
METROLOGY_CONDITIONED_EIG,507002,18.25735348630336,0.7267838437229436,20.467456326287323,44,10,0,0,81,7,12,10,100,30,0,0.15,0.0
NO_PASSIVE,507003,895.3722326659703,1.6099187658006457,445.27907653515393,0,0,0,0,46,7,12,10,100,30,0,0.15,0.0
RANDOM,507003,13.241712884563194,0.927229337712817,38.2235314465884,25,9,0,0,46,7,12,10,100,30,0,0.15,0.0
HIGHEST_SNR,507003,63.52172497457898,1.9686429262562164,43.8863382504076,29,5,0,0,46,7,12,10,100,30,0,0.15,0.0
SHORTEST_PULSE,507003,13.776822804662423,0.9048447448058904,42.646117841998446,28,6,0,0,46,7,12,10,100,30,0,0.15,0.0
METROLOGY_CONDITIONED_EIG,507003,9.173050608740425,0.7281659854650716,38.19669134749622,28,6,0,0,46,7,12,10,100,30,0,0.15,0.0
NO_PASSIVE,507004,418.10132351023367,0.29153843717276007,445.27907653515393,0,0,0,0,58,7,12,10,100,30,0,0.15,0.0
RANDOM,507004,30.151335266058357,0.23513346686711084,47.599486358078295,29,5,0,0,58,7,12,10,100,30,0,0.15,0.0
HIGHEST_SNR,507004,34.248000993367334,0.13314231681821492,48.73250450574648,30,4,0,0,58,7,12,10,100,30,0,0.15,0.0
SHORTEST_PULSE,507004,9.38686740591811,0.6321573471831939,39.104692962066956,31,3,0,0,58,7,12,10,100,30,0,0.15,0.0
METROLOGY_CONDITIONED_EIG,507004,5.714228030052816,0.6429315208014256,38.99758851204337,31,3,0,0,58,7,12,10,100,30,0,0.15,0.0
NO_PASSIVE,507005,198.83004077359055,2.3279433488918113,445.27907653515393,0,0,0,0,105,7,12,10,100,30,0,0.15,0.0
RANDOM,507005,8.52402424098508,0.636097801682918,30.005280762708402,51,9,0,0,105,7,12,10,100,30,0,0.15,0.0
HIGHEST_SNR,507005,42.195915796807036,1.8132872176103751,32.623803879005926,51,9,0,0,105,7,12,10,100,30,0,0.15,0.0
SHORTEST_PULSE,507005,24.7156302969503,0.9794153922352732,27.454559825243525,51,9,0,0,105,7,12,10,100,30,0,0.15,0.0
METROLOGY_CONDITIONED_EIG,507005,28.21139216698205,0.7596088694893075,26.654110399575014,53,7,0,0,105,7,12,10,100,30,0,0.15,0.0
NO_PASSIVE,507006,232.3778572097187,0.9626914508462551,445.27907653515393,0,0,0,0,20,7,12,10,100,30,0,0.15,0.0
RANDOM,507006,34.56025079465384,1.5092245545075618,40.009634329913936,17,2,0,0,20,7,12,10,100,30,0,0.15,0.0
HIGHEST_SNR,507006,37.98405986388088,1.7693166477457667,40.05071277564727,16,3,0,0,20,7,12,10,100,30,0,0.15,0.0
SHORTEST_PULSE,507006,34.56025079465384,1.5092245545075618,40.009634329913936,17,2,0,0,20,7,12,10,100,30,0,0.15,0.0
METROLOGY_CONDITIONED_EIG,507006,34.56025079465384,1.5092245545075618,40.009634329913936,17,2,0,0,20,7,12,10,100,30,0,0.15,0.0
NO_PASSIVE,507007,412.9841276128257,0.2800869131748813,445.27907653515393,0,0,0,0,19,7,12,10,100,30,0,0.15,0.0
RANDOM,507007,18.624061145535716,1.156481770919307,86.67793463936688,13,3,0,0,19,7,12,10,100,30,0,0.15,0.0
HIGHEST_SNR,507007,7.441350910820994,0.5192673134200781,86.68276319152211,13,3,0,0,19,7,12,10,100,30,0,0.15,0.0
SHORTEST_PULSE,507007,19.56223635769761,0.40387295769627835,54.7283701836023,12,4,0,0,19,7,12,10,100,30,0,0.15,0.0
METROLOGY_CONDITIONED_EIG,507007,19.56223635769761,0.40387295769627835,54.7283701836023,12,4,0,0,19,7,12,10,100,30,0,0.15,0.0
NO_PASSIVE,507008,132.1569441441736,2.937534358383557,445.27907653515393,0,0,0,0,23,7,12,10,100,30,0,0.15,0.0
RANDOM,507008,106.6095001530317,2.9512291234518377,58.8563119112188,19,2,0,0,23,7,12,10,100,30,0,0.15,0.0
HIGHEST_SNR,507008,107.13146945568501,2.9442135901564153,58.96936301926652,19,2,0,0,23,7,12,10,100,30,0,0.15,0.0
SHORTEST_PULSE,507008,113.41345638887817,3.1055673141528546,59.75536176769753,19,2,0,0,23,7,12,10,100,30,0,0.15,0.0
METROLOGY_CONDITIONED_EIG,507008,106.6095001530317,2.9512291234518377,58.8563119112188,19,2,0,0,23,7,12,10,100,30,0,0.15,0.0
NO_PASSIVE,507009,296.25223174875526,1.8058316797740317,445.27907653515393,0,0,0,0,137,7,12,10,100,30,0,0.15,0.0
RANDOM,507009,21.79266267590433,1.0816394944254761,21.721084668864503,36,13,1,0,137,7,12,10,100,30,0,0.15,0.0
HIGHEST_SNR,507009,13.108796896406535,0.2777940227383285,28.869748990214372,37,12,0,0,137,7,12,10,100,30,0,0.15,0.0
SHORTEST_PULSE,507009,24.662817415949988,0.8203619539493546,18.786964716370928,35,14,1,0,137,7,12,10,100,30,0,0.15,0.0
METROLOGY_CONDITIONED_EIG,507009,29.106553978473066,0.8818916670204808,18.61314477883914,40,9,0,0,137,7,12,10,100,30,0,0.15,0.0
NO_PASSIVE,507010,309.9529838326257,2.804855547972761,445.27907653515393,0,0,0,0,159,7,12,10,100,30,0,0.15,0.0
RANDOM,507010,21.418534763648154,1.605388797074823,41.96490197159994,56,3,3,0,159,7,12,10,100,30,0,0.15,0.0
HIGHEST_SNR,507010,29.722769184637567,2.603899167994533,50.59639146197214,55,4,2,0,159,7,12,10,100,30,0,0.15,0.0
SHORTEST_PULSE,507010,49.54388622659397,2.6953447656495415,43.626907270140094,50,9,1,0,159,7,12,10,100,30,0,0.15,0.0
METROLOGY_CONDITIONED_EIG,507010,28.61355226436071,1.6183499572633258,37.51059233161074,51,8,1,0,159,7,12,10,100,30,0,0.15,0.0
NO_PASSIVE,507011,441.68975290188035,1.9251118022845788,445.27907653515393,0,0,0,0,73,7,12,10,100,30,0,0.15,0.0
RANDOM,507011,5.24151156865693,0.45687986323318636,41.675807680529374,34,4,0,0,73,7,12,10,100,30,0,0.15,0.0
HIGHEST_SNR,507011,22.649579022382664,0.5976442213782797,38.07716701827989,33,5,0,0,73,7,12,10,100,30,0,0.15,0.0
SHORTEST_PULSE,507011,19.8644200995783,0.08245731196598316,34.582224158856114,35,3,0,0,73,7,12,10,100,30,0,0.15,0.0
METROLOGY_CONDITIONED_EIG,507011,52.25795656188219,1.3945847919161087,34.63592395707891,31,7,0,0,73,7,12,10,100,30,0,0.15,0.0
NO_PASSIVE,507012,381.1458994395529,0.6518995106315387,445.27907653515393,0,0,0,0,50,7,12,10,100,30,0,0.15,0.0
RANDOM,507012,6.626194844016023,0.04145227008257021,28.570430826532437,35,9,0,0,50,7,12,10,100,30,0,0.15,0.0
HIGHEST_SNR,507012,6.882142698780923,0.18722224102960303,31.10919877883325,34,10,0,0,50,7,12,10,100,30,0,0.15,0.0
SHORTEST_PULSE,507012,6.797048109115722,0.03969566703803634,29.09574906985782,34,10,0,0,50,7,12,10,100,30,0,0.15,0.0
METROLOGY_CONDITIONED_EIG,507012,6.963898944580022,0.03618538445946031,29.120550394870307,33,11,0,0,50,7,12,10,100,30,0,0.15,0.0
NO_PASSIVE,507013,438.0422859131616,1.6671848762569164,445.27907653515393,0,0,0,0,96,7,12,10,100,30,0,0.15,0.0
RANDOM,507013,18.083495179543206,0.539687868933613,22.094223111311592,47,6,0,0,96,7,12,10,100,30,0,0.15,0.0
HIGHEST_SNR,507013,32.04726728598134,0.9149764378850528,22.206520985229073,44,9,0,0,96,7,12,10,100,30,0,0.15,0.0
SHORTEST_PULSE,507013,12.185965952333522,0.52350185981091,25.511859930671726,44,9,0,0,96,7,12,10,100,30,0,0.15,0.0
METROLOGY_CONDITIONED_EIG,507013,13.662380497624635,0.2969644128937612,19.336552671832923,46,7,0,0,96,7,12,10,100,30,0,0.15,0.0
NO_PASSIVE,507014,434.7879294448418,1.3910038379876553,445.27907653515393,0,0,0,0,68,7,12,10,100,30,0,0.15,0.0
RANDOM,507014,16.90940745799648,1.0740547282777404,40.081653186809795,36,6,0,0,68,7,12,10,100,30,0,0.15,0.0
HIGHEST_SNR,507014,16.53072672384991,1.5030410963204708,45.36534257953914,35,7,0,0,68,7,12,10,100,30,0,0.15,0.0
SHORTEST_PULSE,507014,54.35408147328386,1.8007811921429855,41.1020106330621,33,9,0,0,68,7,12,10,100,30,0,0.15,0.0
METROLOGY_CONDITIONED_EIG,507014,49.06755103766081,1.6108044153965568,40.22273971391119,32,10,0,0,68,7,12,10,100,30,0,0.15,0.0
NO_PASSIVE,507015,657.5696163786055,3.070709990327685,445.27907653515393,0,0,0,0,94,7,12,10,100,30,0,0.15,0.0
RANDOM,507015,1295.1105920623565,2.951009954069674,96.21934128940629,10,46,1,0,94,7,12,10,100,30,0,0.15,0.0
HIGHEST_SNR,507015,19.93258067305351,0.3977278444815653,17.601478918546707,47,9,0,0,94,7,12,10,100,30,0,0.15,0.0
SHORTEST_PULSE,507015,12.910356486418243,0.17074910765826587,17.161613873672323,48,8,0,0,94,7,12,10,100,30,0,0.15,0.0
METROLOGY_CONDITIONED_EIG,507015,21.00504445013804,0.38992214661582586,16.904046352296266,49,7,0,0,94,7,12,10,100,30,0,0.15,0.0
NO_PASSIVE,507016,202.2693072045833,1.9028841083848604,445.27907653515393,0,0,0,0,82,7,12,10,100,30,0,0.15,0.0
RANDOM,507016,5.697740766664015,0.5869940036942648,24.379324382774758,41,8,0,0,82,7,12,10,100,30,0,0.15,0.0
HIGHEST_SNR,507016,14.75542556033904,0.5256024109529283,22.621937528115033,38,11,0,0,82,7,12,10,100,30,0,0.15,0.0
SHORTEST_PULSE,507016,12.026753451299903,0.7363962136004119,23.188395882819385,39,10,0,0,82,7,12,10,100,30,0,0.15,0.0
METROLOGY_CONDITIONED_EIG,507016,15.721581705446651,0.7269369353031891,21.278980477562733,38,11,0,0,82,7,12,10,100,30,0,0.15,0.0
NO_PASSIVE,507017,347.82298575539477,1.9654657181159556,445.27907653515393,0,0,0,0,70,7,12,10,100,30,0,0.15,0.0
RANDOM,507017,43.97977437679074,0.4404305601162568,79.56654043537756,31,7,0,0,70,7,12,10,100,30,0,0.15,0.0
HIGHEST_SNR,507017,97.1267802210592,1.3514077849909942,99.1245663541707,34,4,0,0,70,7,12,10,100,30,0,0.15,0.0
SHORTEST_PULSE,507017,69.21247314407573,0.8408979715831688,59.99155941734905,32,6,0,0,70,7,12,10,100,30,0,0.15,0.0
METROLOGY_CONDITIONED_EIG,507017,28.595470886012073,0.8789279634041355,48.86169275014846,31,7,0,0,70,7,12,10,100,30,0,0.15,0.0
NO_PASSIVE,507018,117.32073832325614,2.0517179153692764,445.27907653515393,0,0,0,0,116,7,12,10,100,30,0,0.15,0.0
RANDOM,507018,24.91134886468819,0.39599837052416925,20.616402296968936,51,6,1,0,116,7,12,10,100,30,0,0.15,0.0
HIGHEST_SNR,507018,36.62659418593222,2.2487777134975944,25.35858333239547,53,4,0,0,116,7,12,10,100,30,0,0.15,0.0
SHORTEST_PULSE,507018,12.490364389208073,0.4936256521450282,22.18737559396534,50,7,1,0,116,7,12,10,100,30,0,0.15,0.0
METROLOGY_CONDITIONED_EIG,507018,1.6296590430195208,0.11705673267137962,15.630946652761581,51,6,0,0,116,7,12,10,100,30,0,0.15,0.0
NO_PASSIVE,507019,359.91571553621543,1.6589264671235902,445.27907653515393,0,0,0,0,53,7,12,10,100,30,0,0.15,0.0
RANDOM,507019,7.871784587194924,0.49623430982406863,44.80209237405599,32,3,0,0,53,7,12,10,100,30,0,0.15,0.0
HIGHEST_SNR,507019,34.64414420493944,0.4009134000253794,44.936165614573184,32,3,0,0,53,7,12,10,100,30,0,0.15,0.0
SHORTEST_PULSE,507019,29.269238878179355,0.6125001762438155,41.04557726941564,32,3,0,0,53,7,12,10,100,30,0,0.15,0.0
METROLOGY_CONDITIONED_EIG,507019,18.423563500178762,0.38052368226143124,40.60023955004186,33,2,1,0,53,7,12,10,100,30,0,0.15,0.0
NO_PASSIVE,507020,474.68463628855903,1.9766471184165126,445.27907653515393,0,0,0,0,56,7,12,10,100,30,0,0.15,0.0
RANDOM,507020,10.82553622438711,0.7661028392793224,71.38999280103286,45,3,0,0,56,7,12,10,100,30,0,0.15,0.0
HIGHEST_SNR,507020,37.31274197558795,0.8301997582647707,72.24149747404319,45,3,0,0,56,7,12,10,100,30,0,0.15,0.0
SHORTEST_PULSE,507020,13.016379069473981,0.9437387365017949,71.6450783308918,45,3,0,0,56,7,12,10,100,30,0,0.15,0.0
METROLOGY_CONDITIONED_EIG,507020,32.07877223332656,0.6735916787650916,71.18304235283597,44,4,0,0,56,7,12,10,100,30,0,0.15,0.0
NO_PASSIVE,507021,404.469030063995,1.0507707937187594,445.27907653515393,0,0,0,0,69,7,12,10,100,30,0,0.15,0.0
RANDOM,507021,47.1044992555439,1.2509237668950808,36.84017037151897,25,4,0,0,69,7,12,10,100,30,0,0.15,0.0
HIGHEST_SNR,507021,30.30267146050599,0.5465281658127513,68.61406800002194,23,6,0,0,69,7,12,10,100,30,0,0.15,0.0
SHORTEST_PULSE,507021,37.13157091292145,1.1054801865988255,29.851805795920505,25,4,0,0,69,7,12,10,100,30,0,0.15,0.0
METROLOGY_CONDITIONED_EIG,507021,43.153885846588885,1.2679961666184612,29.564628621487532,26,3,0,0,69,7,12,10,100,30,0,0.15,0.0
NO_PASSIVE,507022,353.47214309711427,1.2005617260607795,445.27907653515393,0,0,0,0,58,7,12,10,100,30,0,0.15,0.0
RANDOM,507022,11.237402265099105,1.203093976214343,28.01053257204086,42,10,0,0,58,7,12,10,100,30,0,0.15,0.0
HIGHEST_SNR,507022,11.09531831010446,1.1637545604641673,30.780081790608957,41,11,0,0,58,7,12,10,100,30,0,0.15,0.0
SHORTEST_PULSE,507022,12.476631797545872,1.1929109190900231,28.963444102088534,41,11,0,0,58,7,12,10,100,30,0,0.15,0.0
METROLOGY_CONDITIONED_EIG,507022,12.476631797545872,1.1929109190900231,28.963444102088534,41,11,0,0,58,7,12,10,100,30,0,0.15,0.0
NO_PASSIVE,507023,154.07579040851647,0.9299943021004852,445.27907653515393,0,0,0,0,44,7,12,10,100,30,0,0.15,0.0
RANDOM,507023,22.24675432472707,0.7684128288993075,34.696221692338504,30,3,0,0,44,7,12,10,100,30,0,0.15,0.0
HIGHEST_SNR,507023,11.129535873482263,0.4725625630863942,34.693697309633166,29,4,0,0,44,7,12,10,100,30,0,0.15,0.0
SHORTEST_PULSE,507023,18.827317897638878,0.46401041617948036,34.33190112723577,30,3,0,0,44,7,12,10,100,30,0,0.15,0.0
METROLOGY_CONDITIONED_EIG,507023,13.471780176999694,0.803290732921675,34.98722083607339,28,5,0,0,44,7,12,10,100,30,0,0.15,0.0
NO_PASSIVE,507024,915.3918963223728,2.3777981409020823,445.27907653515393,0,0,0,0,146,7,12,10,100,30,0,0.15,0.0
RANDOM,507024,25.527069955715213,0.3009949625698597,22.886378161058644,43,14,0,0,146,7,12,10,100,30,0,0.15,0.0
HIGHEST_SNR,507024,29.063691416254805,0.4797972113933714,26.273686835451898,41,16,0,0,146,7,12,10,100,30,0,0.15,0.0
SHORTEST_PULSE,507024,1081.2137021379167,0.5766393431030867,292.4079841016391,23,34,0,0,146,7,12,10,100,30,0,0.15,0.0
METROLOGY_CONDITIONED_EIG,507024,28.590829411124016,0.1415053007954068,20.503384074876728,37,20,0,0,146,7,12,10,100,30,0,0.15,0.0
NO_PASSIVE,507025,365.6903925646038,2.003912275577722,445.27907653515393,0,0,0,0,98,7,12,10,100,30,0,0.15,0.0
RANDOM,507025,31.7946618249207,1.295915352605257,32.72392429697956,38,9,0,0,98,7,12,10,100,30,0,0.15,0.0
HIGHEST_SNR,507025,51.424273925088166,1.6113995076077288,29.804949470801837,41,6,0,0,98,7,12,10,100,30,0,0.15,0.0
SHORTEST_PULSE,507025,32.30283803805076,1.1656773008384786,25.730159104563356,39,8,0,0,98,7,12,10,100,30,0,0.15,0.0
METROLOGY_CONDITIONED_EIG,507025,54.78706248189228,1.566689770008538,25.41461877929655,38,9,0,0,98,7,12,10,100,30,0,0.15,0.0
NO_PASSIVE,507026,378.79609276279984,1.7001401134174539,445.27907653515393,0,0,0,0,177,7,12,10,100,30,0,0.15,0.0
RANDOM,507026,23.771333912400024,0.6374275975203365,18.052250308398825,50,10,2,0,177,7,12,10,100,30,0,0.15,0.0
HIGHEST_SNR,507026,63.97793532960382,0.3511237421592844,52.18607291436805,53,7,1,0,177,7,12,10,100,30,0,0.15,0.0
SHORTEST_PULSE,507026,14.243969881856955,0.1485693560441734,17.005636361034025,44,16,2,0,177,7,12,10,100,30,0,0.15,0.0
METROLOGY_CONDITIONED_EIG,507026,16.00765625798502,0.19812069905751067,16.30905679675869,44,16,2,0,177,7,12,10,100,30,0,0.15,0.0
NO_PASSIVE,507027,180.604565511141,3.7364229760128,445.27907653515393,0,0,0,0,65,7,12,10,100,30,0,0.15,0.0
RANDOM,507027,22.652625508779845,1.18440834161428,31.637629454963427,36,9,0,0,65,7,12,10,100,30,0,0.15,0.0
HIGHEST_SNR,507027,37.43855966589573,1.2459542838197295,77.28358039938882,36,9,0,0,65,7,12,10,100,30,0,0.15,0.0
SHORTEST_PULSE,507027,6.548525526026703,0.394124719984032,20.263345227464622,39,6,0,0,65,7,12,10,100,30,0,0.15,0.0
METROLOGY_CONDITIONED_EIG,507027,7.8883367584332,0.40927695269618336,20.212558737425383,39,6,0,0,65,7,12,10,100,30,0,0.15,0.0
NO_PASSIVE,507028,201.94998490682153,1.1822483798256977,445.27907653515393,0,0,0,0,65,7,12,10,100,30,0,0.15,0.0
RANDOM,507028,18.276463500703766,0.34347328289853785,34.00317437721966,30,7,1,0,65,7,12,10,100,30,0,0.15,0.0
HIGHEST_SNR,507028,20.27780428255891,1.1236437978463811,53.4448104603586,32,5,1,0,65,7,12,10,100,30,0,0.15,0.0
SHORTEST_PULSE,507028,33.24752638687904,0.6465015691625599,46.37994455301598,31,6,1,0,65,7,12,10,100,30,0,0.15,0.0
METROLOGY_CONDITIONED_EIG,507028,14.866513536077326,0.26354327090310703,25.453912300076485,30,7,1,0,65,7,12,10,100,30,0,0.15,0.0
NO_PASSIVE,507029,424.5289666570432,2.674563119848776,445.27907653515393,0,0,0,0,225,7,12,10,100,30,0,0.15,0.0
RANDOM,507029,29.868195846737223,0.7886644487812094,23.344170905937013,51,9,0,0,225,7,12,10,100,30,0,0.15,0.0
HIGHEST_SNR,507029,67.00783597376285,2.647718938676077,60.55789535466932,52,8,0,0,225,7,12,10,100,30,0,0.15,0.0
SHORTEST_PULSE,507029,24.072016466599095,0.31967367835395405,14.706722389652526,52,8,0,0,225,7,12,10,100,30,0,0.15,0.0
METROLOGY_CONDITIONED_EIG,507029,18.817678651893353,0.4997142072792936,14.886276039574687,53,7,0,0,225,7,12,10,100,30,0,0.15,0.0
NO_PASSIVE,508000,319.8560042606476,2.2485808075711384,445.27907653515393,0,0,0,0,104,8,12,10,100,30,0,0.15,0.05
RANDOM,508000,37.81252557707124,0.950257403142831,34.083554552994414,50,7,0,0,104,8,12,10,100,30,0,0.15,0.05
HIGHEST_SNR,508000,56.39594938913718,2.1734048654463676,47.73224818105418,50,7,0,0,104,8,12,10,100,30,0,0.15,0.05
SHORTEST_PULSE,508000,23.274050043040713,0.7286967194676758,25.11826348622741,52,5,0,0,104,8,12,10,100,30,0,0.15,0.05
METROLOGY_CONDITIONED_EIG,508000,33.67981813850271,1.2031193151191688,25.384721246990875,51,6,0,0,104,8,12,10,100,30,0,0.15,0.05
NO_PASSIVE,508001,281.682129919306,2.7298727978426016,445.27907653515393,0,0,0,0,45,8,12,10,100,30,0,0.15,0.05
RANDOM,508001,15.72003759060784,0.31520848004363,27.042178046159606,30,7,0,0,45,8,12,10,100,30,0,0.15,0.05
HIGHEST_SNR,508001,7.7058543656844405,0.17430744583079433,29.744616953096315,29,8,0,0,45,8,12,10,100,30,0,0.15,0.05
SHORTEST_PULSE,508001,8.02621814997402,0.19479004819819273,25.40608694582113,29,8,0,0,45,8,12,10,100,30,0,0.15,0.05
METROLOGY_CONDITIONED_EIG,508001,8.410256419247276,0.05634226246761269,25.101717311500877,28,9,0,0,45,8,12,10,100,30,0,0.15,0.05
NO_PASSIVE,508002,145.8471112399851,2.7911046073058325,445.27907653515393,0,0,0,0,73,8,12,10,100,30,0,0.15,0.05
RANDOM,508002,10.973449074410246,0.7715945096663598,36.96085571011729,27,9,0,0,73,8,12,10,100,30,0,0.15,0.05
HIGHEST_SNR,508002,32.87677718456267,2.3758183065240384,65.92427264720729,29,7,0,2,73,8,12,10,100,30,0,0.15,0.05
SHORTEST_PULSE,508002,71.78608187388159,1.1573214469958286,38.31424608184088,28,8,0,0,73,8,12,10,100,30,0,0.15,0.05
METROLOGY_CONDITIONED_EIG,508002,64.53026118481142,2.2128557732107184,39.997692101005086,27,9,0,0,73,8,12,10,100,30,0,0.15,0.05
NO_PASSIVE,508003,77.89229112490077,3.1595804803882683,445.27907653515393,0,0,0,0,10,8,12,10,100,30,0,0.15,0.05
RANDOM,508003,78.92354621454811,1.6323421441271604,72.32904213576731,6,1,0,0,10,8,12,10,100,30,0,0.15,0.05
HIGHEST_SNR,508003,62.5300468988582,1.6090727111507814,70.3014527553082,7,0,0,0,10,8,12,10,100,30,0,0.15,0.05
SHORTEST_PULSE,508003,388.7832567319486,1.8965018251607833,154.80965706773546,4,3,0,0,10,8,12,10,100,30,0,0.15,0.05
METROLOGY_CONDITIONED_EIG,508003,388.7832567319486,1.8965018251607833,154.80965706773546,4,3,0,0,10,8,12,10,100,30,0,0.15,0.05
NO_PASSIVE,508004,1021.8208880123318,1.0698964945614955,445.27907653515393,0,0,0,0,69,8,12,10,100,30,0,0.15,0.05
RANDOM,508004,52.909851270173974,0.8985062670578778,37.16221195372613,34,13,0,0,69,8,12,10,100,30,0,0.15,0.05
HIGHEST_SNR,508004,54.241671203443765,0.9895679391418898,34.262478065660886,35,12,0,0,69,8,12,10,100,30,0,0.15,0.05
SHORTEST_PULSE,508004,31.13629568110642,0.8380547884813031,29.59483313478528,35,12,0,0,69,8,12,10,100,30,0,0.15,0.05
METROLOGY_CONDITIONED_EIG,508004,29.647523818440792,1.093235813827894,30.09067257128483,33,14,0,0,69,8,12,10,100,30,0,0.15,0.05
NO_PASSIVE,508005,483.06106668496165,2.617343118849943,445.27907653515393,0,0,0,0,82,8,12,10,100,30,0,0.15,0.05
RANDOM,508005,27.969693147858518,0.8295082472951631,31.69818523602777,35,15,0,0,82,8,12,10,100,30,0,0.15,0.05
HIGHEST_SNR,508005,36.250282038686706,0.41777108001617297,28.803858987018558,39,11,0,0,82,8,12,10,100,30,0,0.15,0.05
SHORTEST_PULSE,508005,25.67936376346093,0.5394332082337411,24.358357790478532,38,12,0,0,82,8,12,10,100,30,0,0.15,0.05
METROLOGY_CONDITIONED_EIG,508005,22.36566423430609,0.4856063011238884,24.443983275263776,37,13,0,0,82,8,12,10,100,30,0,0.15,0.05
NO_PASSIVE,508006,412.2485434597205,0.6728001578622577,445.27907653515393,0,0,0,0,170,8,12,10,100,30,0,0.15,0.05
RANDOM,508006,30.70993768608441,0.5744261086305632,24.569680131424803,52,8,0,0,170,8,12,10,100,30,0,0.15,0.05
HIGHEST_SNR,508006,31.958724958776223,0.954049141171237,65.50545873387057,45,15,1,0,170,8,12,10,100,30,0,0.15,0.05
SHORTEST_PULSE,508006,15.556541489067003,0.8800513169466402,17.103999005271994,49,11,0,0,170,8,12,10,100,30,0,0.15,0.05
METROLOGY_CONDITIONED_EIG,508006,57.67328241796721,3.9108154199620615,18.038479066929828,39,21,1,1,170,8,12,10,100,30,0,0.15,0.05
NO_PASSIVE,508007,264.19183684381386,0.8386373258072816,445.27907653515393,0,0,0,0,65,8,12,10,100,30,0,0.15,0.05
RANDOM,508007,26.517366886877706,1.3721760972312242,51.891189348323444,44,9,0,1,65,8,12,10,100,30,0,0.15,0.05
HIGHEST_SNR,508007,13.450591499530614,1.0669466608677787,80.14305753747333,43,10,0,1,65,8,12,10,100,30,0,0.15,0.05
SHORTEST_PULSE,508007,21.79756334193019,0.5150031406616578,47.07942908716687,44,9,0,1,65,8,12,10,100,30,0,0.15,0.05
METROLOGY_CONDITIONED_EIG,508007,19.62686052721204,0.4484832525171529,46.854617643797106,43,10,0,1,65,8,12,10,100,30,0,0.15,0.05
NO_PASSIVE,508008,391.7124009706807,2.7425609636381707,445.27907653515393,0,0,0,0,132,8,12,10,100,30,0,0.15,0.05
RANDOM,508008,26.592178275314122,1.0170981319316252,23.21801594472009,49,10,0,1,132,8,12,10,100,30,0,0.15,0.05
HIGHEST_SNR,508008,4.6295539944716575,0.46413002605894443,30.669482597881736,47,12,0,0,132,8,12,10,100,30,0,0.15,0.05
SHORTEST_PULSE,508008,7.170868754333937,0.5383171528980328,24.233716962746364,47,12,0,1,132,8,12,10,100,30,0,0.15,0.05
METROLOGY_CONDITIONED_EIG,508008,6.013816216166746,0.39441803184530033,20.706910651693352,50,9,0,1,132,8,12,10,100,30,0,0.15,0.05
NO_PASSIVE,508009,254.81248086290137,2.421532028911235,445.27907653515393,0,0,0,0,47,8,12,10,100,30,0,0.15,0.05
RANDOM,508009,46.323523852218486,3.646957371965831,46.26597511454396,26,14,1,0,47,8,12,10,100,30,0,0.15,0.05
HIGHEST_SNR,508009,177.5339200578395,1.7972757111981035,73.03108068703543,27,13,1,0,47,8,12,10,100,30,0,0.15,0.05
SHORTEST_PULSE,508009,56.696256371848264,3.5951126619554103,39.40466664150434,27,13,1,0,47,8,12,10,100,30,0,0.15,0.05
METROLOGY_CONDITIONED_EIG,508009,56.696256371848264,3.5951126619554103,39.40466664150434,27,13,1,0,47,8,12,10,100,30,0,0.15,0.05
NO_PASSIVE,508010,374.93954803519085,1.8872835099283465,445.27907653515393,0,0,0,0,147,8,12,10,100,30,0,0.15,0.05
RANDOM,508010,33.47145281857379,0.821995590379059,19.980182180294154,47,13,0,0,147,8,12,10,100,30,0,0.15,0.05
HIGHEST_SNR,508010,30.225671316276635,0.576319080487225,17.89660957770599,50,10,0,0,147,8,12,10,100,30,0,0.15,0.05
SHORTEST_PULSE,508010,31.708162436025578,0.6602159242242864,17.05619608172283,47,13,0,0,147,8,12,10,100,30,0,0.15,0.05
METROLOGY_CONDITIONED_EIG,508010,32.891946935306805,0.7087561906768913,17.676589959753564,48,12,0,0,147,8,12,10,100,30,0,0.15,0.05
NO_PASSIVE,508011,841.2926578816176,1.8268067087437017,445.27907653515393,0,0,0,0,117,8,12,10,100,30,0,0.15,0.05
RANDOM,508011,29.833379333595897,1.3075339541849518,24.38300040740959,46,12,0,2,117,8,12,10,100,30,0,0.15,0.05
HIGHEST_SNR,508011,26.980276532861705,0.9863491179776515,25.021526050610944,43,15,0,1,117,8,12,10,100,30,0,0.15,0.05
SHORTEST_PULSE,508011,17.800037493395507,0.28338869741232886,24.271442307499143,44,14,0,2,117,8,12,10,100,30,0,0.15,0.05
METROLOGY_CONDITIONED_EIG,508011,14.573489910940458,0.23664605116280324,24.50675373011711,42,16,0,1,117,8,12,10,100,30,0,0.15,0.05
NO_PASSIVE,508012,325.47818153236,1.067913935368333,445.27907653515393,0,0,0,0,87,8,12,10,100,30,0,0.15,0.05
RANDOM,508012,2.363935208056538,0.14931893082284906,31.95022257554754,42,8,1,0,87,8,12,10,100,30,0,0.15,0.05
HIGHEST_SNR,508012,16.33801966311057,0.1660918521552057,28.94497309689967,39,11,1,0,87,8,12,10,100,30,0,0.15,0.05
SHORTEST_PULSE,508012,6.296628105338332,0.2953810245632157,27.687159209490897,36,14,0,0,87,8,12,10,100,30,0,0.15,0.05
METROLOGY_CONDITIONED_EIG,508012,7.20476902636211,0.212554676617652,27.631248486605053,36,14,0,0,87,8,12,10,100,30,0,0.15,0.05
NO_PASSIVE,508013,359.29047736121146,0.5351097099412377,445.27907653515393,0,0,0,0,47,8,12,10,100,30,0,0.15,0.05
RANDOM,508013,61.49663042639206,1.253422701639576,61.10364032064819,42,3,0,0,47,8,12,10,100,30,0,0.15,0.05
HIGHEST_SNR,508013,71.87753940152632,0.8948712405469538,62.95771245839844,42,3,0,0,47,8,12,10,100,30,0,0.15,0.05
SHORTEST_PULSE,508013,23.443829918452007,0.6227745675276452,51.36686277114539,42,3,0,0,47,8,12,10,100,30,0,0.15,0.05
METROLOGY_CONDITIONED_EIG,508013,23.443829918452007,0.6227745675276452,51.36686277114539,42,3,0,0,47,8,12,10,100,30,0,0.15,0.05
NO_PASSIVE,508014,373.4344785948341,1.664085113791882,445.27907653515393,0,0,0,0,107,8,12,10,100,30,0,0.15,0.05
RANDOM,508014,30.270149193347198,0.9021226451192482,31.141016481578905,40,7,0,0,107,8,12,10,100,30,0,0.15,0.05
HIGHEST_SNR,508014,44.90798489575867,1.954459744102731,31.853164716461826,40,7,0,1,107,8,12,10,100,30,0,0.15,0.05
SHORTEST_PULSE,508014,29.196283957951433,1.0930078707283535,37.06584286901207,39,8,0,0,107,8,12,10,100,30,0,0.15,0.05
METROLOGY_CONDITIONED_EIG,508014,16.825178563400407,0.9724713145890481,27.725216475776755,40,7,0,0,107,8,12,10,100,30,0,0.15,0.05
NO_PASSIVE,508015,734.9045901929271,2.1904211741092072,445.27907653515393,0,0,0,0,95,8,12,10,100,30,0,0.15,0.05
RANDOM,508015,13.265571481646395,0.7971785972176495,25.36167577730832,32,9,0,0,95,8,12,10,100,30,0,0.15,0.05
HIGHEST_SNR,508015,10.591035692791033,0.21249881644999594,25.557076141567475,31,10,0,0,95,8,12,10,100,30,0,0.15,0.05
SHORTEST_PULSE,508015,23.208259042875454,0.7932886565145754,23.723552476661972,34,7,0,0,95,8,12,10,100,30,0,0.15,0.05
METROLOGY_CONDITIONED_EIG,508015,18.217472575727264,0.5798857314977852,22.051058449944108,32,9,0,0,95,8,12,10,100,30,0,0.15,0.05
NO_PASSIVE,508016,446.72812697174857,1.4654517634771942,445.27907653515393,0,0,0,0,49,8,12,10,100,30,0,0.15,0.05
RANDOM,508016,4.693289683702556,0.6351195098738883,43.167929336678824,30,4,0,0,49,8,12,10,100,30,0,0.15,0.05
HIGHEST_SNR,508016,27.695524680656884,0.6872260158273759,50.51205554652114,29,5,0,0,49,8,12,10,100,30,0,0.15,0.05
SHORTEST_PULSE,508016,17.787215222021466,0.7224575868695907,50.67607170591858,29,5,0,0,49,8,12,10,100,30,0,0.15,0.05
METROLOGY_CONDITIONED_EIG,508016,29.95296321322764,0.1684064622921616,46.22581345330669,29,5,0,1,49,8,12,10,100,30,0,0.15,0.05
NO_PASSIVE,508017,269.4722158914479,1.8250833752295066,445.27907653515393,0,0,0,0,32,8,12,10,100,30,0,0.15,0.05
RANDOM,508017,57.078593486517,1.2126136359624557,46.673612495454066,14,6,0,0,32,8,12,10,100,30,0,0.15,0.05
HIGHEST_SNR,508017,58.898617856166105,1.9537386945925748,44.46712374191837,16,4,0,0,32,8,12,10,100,30,0,0.15,0.05
SHORTEST_PULSE,508017,59.82214442057599,2.075177398418687,44.283055690821755,16,4,0,0,32,8,12,10,100,30,0,0.15,0.05
METROLOGY_CONDITIONED_EIG,508017,571.7953368004862,1.7877866938808074,77.92619567418116,13,7,0,1,32,8,12,10,100,30,0,0.15,0.05
NO_PASSIVE,508018,298.19898382781827,1.7854377338632328,445.27907653515393,0,0,0,0,83,8,12,10,100,30,0,0.15,0.05
RANDOM,508018,23.57937077860311,0.9704557431019046,16.800429960493194,37,8,0,0,83,8,12,10,100,30,0,0.15,0.05
HIGHEST_SNR,508018,22.51347557008154,0.7367742414997731,16.241140697572906,36,9,0,0,83,8,12,10,100,30,0,0.15,0.05
SHORTEST_PULSE,508018,19.833431275152407,0.9966477906629627,16.209020337566574,35,10,0,0,83,8,12,10,100,30,0,0.15,0.05
METROLOGY_CONDITIONED_EIG,508018,20.694875450602705,1.13079492737317,15.254303950652416,35,10,0,0,83,8,12,10,100,30,0,0.15,0.05
NO_PASSIVE,508019,555.800092072031,1.556538997071403,445.27907653515393,0,0,0,0,73,8,12,10,100,30,0,0.15,0.05
RANDOM,508019,30.127808245375974,1.2206699473793152,31.50176232940822,41,5,0,1,73,8,12,10,100,30,0,0.15,0.05
HIGHEST_SNR,508019,34.31707002652969,1.431908214344937,30.053013671586548,39,7,0,1,73,8,12,10,100,30,0,0.15,0.05
SHORTEST_PULSE,508019,28.519120796302857,1.1314324149103436,31.00720420030178,39,7,0,1,73,8,12,10,100,30,0,0.15,0.05
METROLOGY_CONDITIONED_EIG,508019,15.314231366356829,0.7040766437605732,29.73661279417069,39,7,0,1,73,8,12,10,100,30,0,0.15,0.05
NO_PASSIVE,508020,227.6592758004584,2.5017749399941835,445.27907653515393,0,0,0,0,37,8,12,10,100,30,0,0.15,0.05
RANDOM,508020,178.28901025928073,2.8818023944114324,209.7103689564069,27,6,0,0,37,8,12,10,100,30,0,0.15,0.05
HIGHEST_SNR,508020,174.8600718889678,2.8843337264205773,208.32980544827137,26,7,0,0,37,8,12,10,100,30,0,0.15,0.05
SHORTEST_PULSE,508020,193.2071375839299,2.833863346036121,211.86350526713886,25,8,0,0,37,8,12,10,100,30,0,0.15,0.05
METROLOGY_CONDITIONED_EIG,508020,187.47888870691148,2.8403941028521253,210.3399848474271,24,9,0,0,37,8,12,10,100,30,0,0.15,0.05
NO_PASSIVE,508021,670.5714629277794,2.51114127040594,445.27907653515393,0,0,0,0,151,8,12,10,100,30,0,0.15,0.05
RANDOM,508021,13.497184506950974,0.25243418910090376,30.52491126942176,38,10,0,0,151,8,12,10,100,30,0,0.15,0.05
HIGHEST_SNR,508021,49.10496351878647,0.5224344982045341,40.982436466745845,41,7,1,0,151,8,12,10,100,30,0,0.15,0.05
SHORTEST_PULSE,508021,34.851157941358444,1.2727762292625517,26.73994460216381,37,11,0,0,151,8,12,10,100,30,0,0.15,0.05
METROLOGY_CONDITIONED_EIG,508021,16.914168064843626,0.2970893563873011,21.66435049225966,38,10,0,0,151,8,12,10,100,30,0,0.15,0.05
NO_PASSIVE,508022,579.6871159230091,1.1585617766009593,445.27907653515393,0,0,0,0,101,8,12,10,100,30,0,0.15,0.05
RANDOM,508022,28.707414606826852,1.232811530883653,26.389301501898235,37,9,0,0,101,8,12,10,100,30,0,0.15,0.05
HIGHEST_SNR,508022,81.33872680118442,1.8366385175304623,46.456042342208995,39,7,0,0,101,8,12,10,100,30,0,0.15,0.05
SHORTEST_PULSE,508022,28.144255252592284,1.2836316032647346,24.976787231214477,37,9,0,0,101,8,12,10,100,30,0,0.15,0.05
METROLOGY_CONDITIONED_EIG,508022,26.52798217615863,1.3635187372355908,24.932436840046016,37,9,0,0,101,8,12,10,100,30,0,0.15,0.05
NO_PASSIVE,508023,176.30448294142613,1.8206077375255802,445.27907653515393,0,0,0,0,99,8,12,10,100,30,0,0.15,0.05
RANDOM,508023,12.419913025855868,0.45012999291113426,20.551249379854536,40,6,0,0,99,8,12,10,100,30,0,0.15,0.05
HIGHEST_SNR,508023,27.612039406036484,0.901078781180397,18.09974229213404,39,7,0,0,99,8,12,10,100,30,0,0.15,0.05
SHORTEST_PULSE,508023,21.300268752986486,0.6679349391134197,17.849617456460553,37,9,0,0,99,8,12,10,100,30,0,0.15,0.05
METROLOGY_CONDITIONED_EIG,508023,18.500603713676508,0.6721322814213424,17.61426731157813,39,7,0,0,99,8,12,10,100,30,0,0.15,0.05
NO_PASSIVE,508024,152.72599310252835,3.9884697378493126,445.27907653515393,0,0,0,0,37,8,12,10,100,30,0,0.15,0.05
RANDOM,508024,152.36694636640118,4.614099800662058,48.56515394784486,19,7,0,1,37,8,12,10,100,30,0,0.15,0.05
HIGHEST_SNR,508024,128.00842478243945,4.383276831055006,43.182817243773165,17,9,0,1,37,8,12,10,100,30,0,0.15,0.05
SHORTEST_PULSE,508024,142.66410145861872,4.41209688234405,47.04717030048177,21,5,0,1,37,8,12,10,100,30,0,0.15,0.05
METROLOGY_CONDITIONED_EIG,508024,114.88086746879729,3.844819529938437,42.05322778800529,20,6,0,1,37,8,12,10,100,30,0,0.15,0.05
NO_PASSIVE,508025,465.8033767139238,0.5676364941547603,445.27907653515393,0,0,0,0,93,8,12,10,100,30,0,0.15,0.05
RANDOM,508025,10.716297989067169,0.34355514336252474,52.18274241535296,34,9,1,0,93,8,12,10,100,30,0,0.15,0.05
HIGHEST_SNR,508025,30.19851627167106,0.976986510352581,59.179520911969746,35,8,1,0,93,8,12,10,100,30,0,0.15,0.05
SHORTEST_PULSE,508025,14.98415384212144,0.3626083094969934,45.327282974366234,35,8,1,0,93,8,12,10,100,30,0,0.15,0.05
METROLOGY_CONDITIONED_EIG,508025,25.40714969279617,0.9423073271629739,42.905094102486736,33,10,1,0,93,8,12,10,100,30,0,0.15,0.05
NO_PASSIVE,508026,644.4740139577789,3.8024365529627033,445.27907653515393,0,0,0,0,118,8,12,10,100,30,0,0.15,0.05
RANDOM,508026,18.418276607384964,0.3568903973881426,26.412680906142377,37,11,0,0,118,8,12,10,100,30,0,0.15,0.05
HIGHEST_SNR,508026,11.721192872698873,0.32070423538779574,53.730020131719364,40,8,0,0,118,8,12,10,100,30,0,0.15,0.05
SHORTEST_PULSE,508026,11.721192872698873,0.32070423538779574,53.730020131719364,40,8,0,0,118,8,12,10,100,30,0,0.15,0.05
METROLOGY_CONDITIONED_EIG,508026,10.040125607611275,0.4968197774130743,23.936057350364624,39,9,0,0,118,8,12,10,100,30,0,0.15,0.05
NO_PASSIVE,508027,606.6877009835889,2.8003741929386683,445.27907653515393,0,0,0,0,73,8,12,10,100,30,0,0.15,0.05
RANDOM,508027,51.058023923990426,1.3540269778659844,46.113060395875486,45,9,0,0,73,8,12,10,100,30,0,0.15,0.05
HIGHEST_SNR,508027,43.307676510397734,1.1027080712589066,53.24483732794734,43,11,0,0,73,8,12,10,100,30,0,0.15,0.05
SHORTEST_PULSE,508027,53.51948462085804,1.6902047216841134,45.23152150880072,47,7,0,0,73,8,12,10,100,30,0,0.15,0.05
METROLOGY_CONDITIONED_EIG,508027,34.17382509785243,1.2079364104277424,40.62820847526474,44,10,0,0,73,8,12,10,100,30,0,0.15,0.05
NO_PASSIVE,508028,95.33920941970278,0.7980683837890363,445.27907653515393,0,0,0,0,133,8,12,10,100,30,0,0.15,0.05
RANDOM,508028,30.24399026341535,0.7609848094447939,20.890651963875438,50,10,0,0,133,8,12,10,100,30,0,0.15,0.05
HIGHEST_SNR,508028,13.711564501532697,0.514322107296074,21.080369863094983,46,14,0,0,133,8,12,10,100,30,0,0.15,0.05
SHORTEST_PULSE,508028,29.980605084697153,1.0602142715754768,20.530563052716047,50,10,0,0,133,8,12,10,100,30,0,0.15,0.05
METROLOGY_CONDITIONED_EIG,508028,16.623505899749638,0.5863386828833267,18.224585152407673,51,9,0,0,133,8,12,10,100,30,0,0.15,0.05
NO_PASSIVE,508029,163.3013268397578,1.9996026250408976,445.27907653515393,0,0,0,0,45,8,12,10,100,30,0,0.15,0.05
RANDOM,508029,30.820170041192302,1.4274996663679984,39.48429623837174,27,5,0,0,45,8,12,10,100,30,0,0.15,0.05
HIGHEST_SNR,508029,29.50947997883693,1.1022197073728979,39.39538099149277,27,5,0,0,45,8,12,10,100,30,0,0.15,0.05
SHORTEST_PULSE,508029,33.18122382319952,0.9707168424938407,38.25153604640341,28,4,0,0,45,8,12,10,100,30,0,0.15,0.05
METROLOGY_CONDITIONED_EIG,508029,34.80304483101107,1.3222481809876654,38.019162839602586,28,4,0,0,45,8,12,10,100,30,0,0.15,0.05
NO_PASSIVE,509000,133.4760834337533,0.2908618476443496,445.27907653515393,0,0,0,0,188,9,12,10,100,30,0,0.15,0.15
RANDOM,509000,19.772825537488696,0.7408442812118897,34.54888394193983,37,16,1,0,188,9,12,10,100,30,0,0.15,0.15
HIGHEST_SNR,509000,82.39444511546542,0.25510771269548227,75.41064926363677,43,10,1,0,188,9,12,10,100,30,0,0.15,0.15
SHORTEST_PULSE,509000,29.65496714837422,0.20118799110881613,29.746149921197297,41,12,1,0,188,9,12,10,100,30,0,0.15,0.15
METROLOGY_CONDITIONED_EIG,509000,14.273414258431101,0.5766179359376311,28.45529127796583,35,18,1,0,188,9,12,10,100,30,0,0.15,0.15
NO_PASSIVE,509001,392.49503925120484,1.8012262562881785,445.27907653515393,0,0,0,0,39,9,12,10,100,30,0,0.15,0.15
RANDOM,509001,313.9501516966183,1.131637902395478,105.30687605077888,11,19,0,1,39,9,12,10,100,30,0,0.15,0.15
HIGHEST_SNR,509001,313.32748425551586,1.1393415854823463,97.33899639436153,7,23,0,2,39,9,12,10,100,30,0,0.15,0.15
SHORTEST_PULSE,509001,313.9493742771804,1.1315585508837858,105.32546989041566,11,19,0,1,39,9,12,10,100,30,0,0.15,0.15
METROLOGY_CONDITIONED_EIG,509001,313.3276121044059,1.139586270361326,97.3316846072153,7,23,0,2,39,9,12,10,100,30,0,0.15,0.15
NO_PASSIVE,509002,142.99382936197676,0.348838623282882,445.27907653515393,0,0,0,0,70,9,12,10,100,30,0,0.15,0.15
RANDOM,509002,10.65248784247703,0.787658215263025,42.07746061441948,39,9,0,1,70,9,12,10,100,30,0,0.15,0.15
HIGHEST_SNR,509002,25.857802902915022,0.9076946988596674,41.504845629727484,40,8,0,1,70,9,12,10,100,30,0,0.15,0.15
SHORTEST_PULSE,509002,348.3771625149887,2.1230730122706887,83.35020592791214,22,26,0,2,70,9,12,10,100,30,0,0.15,0.15
METROLOGY_CONDITIONED_EIG,509002,419.01844664287364,1.6828913922624582,90.73379017529221,18,30,0,2,70,9,12,10,100,30,0,0.15,0.15
NO_PASSIVE,509003,382.0889837214277,0.9241122791217485,445.27907653515393,0,0,0,0,55,9,12,10,100,30,0,0.15,0.15
RANDOM,509003,37.185547679010824,0.6668587091969639,41.88674413689523,32,10,0,0,55,9,12,10,100,30,0,0.15,0.15
HIGHEST_SNR,509003,40.92880798423404,1.5766915557660905,57.90287774766273,33,9,0,0,55,9,12,10,100,30,0,0.15,0.15
SHORTEST_PULSE,509003,41.23664830837185,1.6115982153574417,57.62338822948742,32,10,0,0,55,9,12,10,100,30,0,0.15,0.15
METROLOGY_CONDITIONED_EIG,509003,29.81626149415809,0.8055504257162993,41.77365840075415,31,11,0,0,55,9,12,10,100,30,0,0.15,0.15
NO_PASSIVE,509004,224.74719850253874,1.4489784434685153,445.27907653515393,0,0,0,0,49,9,12,10,100,30,0,0.15,0.15
RANDOM,509004,41.14564030086519,2.316952306858568,54.48428228288445,34,12,0,2,49,9,12,10,100,30,0,0.15,0.15
HIGHEST_SNR,509004,43.47798286047553,2.4195982455838805,60.160163818418695,35,11,0,2,49,9,12,10,100,30,0,0.15,0.15
SHORTEST_PULSE,509004,54.80571078820998,1.9933613572815385,53.15472020549463,34,12,0,2,49,9,12,10,100,30,0,0.15,0.15
METROLOGY_CONDITIONED_EIG,509004,49.27462421530094,2.049721524726317,52.081443875031404,35,11,0,2,49,9,12,10,100,30,0,0.15,0.15
NO_PASSIVE,509005,177.07781995060225,3.5083214727965166,445.27907653515393,0,0,0,0,73,9,12,10,100,30,0,0.15,0.15
RANDOM,509005,14.591790595124376,0.25192146649221786,26.01872231563609,34,13,0,1,73,9,12,10,100,30,0,0.15,0.15
HIGHEST_SNR,509005,65.60331128965011,1.089186222944098,28.828884048850014,34,13,0,1,73,9,12,10,100,30,0,0.15,0.15
SHORTEST_PULSE,509005,34.570109485028205,0.2925514975520017,23.347522195027942,36,11,0,1,73,9,12,10,100,30,0,0.15,0.15
METROLOGY_CONDITIONED_EIG,509005,33.30926084292513,0.2507238304882124,23.789885885611174,35,12,0,1,73,9,12,10,100,30,0,0.15,0.15
NO_PASSIVE,509006,660.9359217550873,3.462059616928105,445.27907653515393,0,0,0,0,118,9,12,10,100,30,0,0.15,0.15
RANDOM,509006,608.0869604815523,4.2374032420320304,107.5404887703465,15,42,1,2,118,9,12,10,100,30,0,0.15,0.15
HIGHEST_SNR,509006,1650.6270347593775,0.22537356833368682,85.76412650122477,36,21,0,1,118,9,12,10,100,30,0,0.15,0.15
SHORTEST_PULSE,509006,46.940931581036494,1.447100306117558,29.509150748699057,42,15,0,1,118,9,12,10,100,30,0,0.15,0.15
METROLOGY_CONDITIONED_EIG,509006,47.827673666242404,1.2689431232837662,29.63825066991769,41,16,0,1,118,9,12,10,100,30,0,0.15,0.15
NO_PASSIVE,509007,572.6138170863475,2.192272615940353,445.27907653515393,0,0,0,0,126,9,12,10,100,30,0,0.15,0.15
RANDOM,509007,29.816943265388904,1.2381293052338316,29.206180686466475,41,12,0,1,126,9,12,10,100,30,0,0.15,0.15
HIGHEST_SNR,509007,60.531273491859686,1.7944792825300133,47.73681759263748,43,10,0,1,126,9,12,10,100,30,0,0.15,0.15
SHORTEST_PULSE,509007,16.66356617305844,0.35597224938973393,24.65734959815646,37,16,0,1,126,9,12,10,100,30,0,0.15,0.15
METROLOGY_CONDITIONED_EIG,509007,14.821009350458114,0.2928136181712385,24.027558414470406,39,14,0,1,126,9,12,10,100,30,0,0.15,0.15
NO_PASSIVE,509008,646.2387308294964,0.41751518138723714,445.27907653515393,0,0,0,0,94,9,12,10,100,30,0,0.15,0.15
RANDOM,509008,42.943547268008,2.260774857385051,25.970899643061113,25,18,0,1,94,9,12,10,100,30,0,0.15,0.15
HIGHEST_SNR,509008,37.04247776712678,3.620712377338248,25.844344689345526,20,23,0,3,94,9,12,10,100,30,0,0.15,0.15
SHORTEST_PULSE,509008,51.36915173315332,3.5846189518603944,26.60449908255294,19,24,0,3,94,9,12,10,100,30,0,0.15,0.15
METROLOGY_CONDITIONED_EIG,509008,479.69266089620163,3.145681939914783,43.21903733483763,6,37,0,3,94,9,12,10,100,30,0,0.15,0.15
NO_PASSIVE,509009,358.5838204731884,1.17200858179026,445.27907653515393,0,0,0,0,17,9,12,10,100,30,0,0.15,0.15
RANDOM,509009,602.1334861437191,1.1516358144567223,331.70798573455806,1,14,1,0,17,9,12,10,100,30,0,0.15,0.15
HIGHEST_SNR,509009,602.1334861437191,1.1516358144567223,331.6944166930496,1,14,1,0,17,9,12,10,100,30,0,0.15,0.15
SHORTEST_PULSE,509009,602.1334861437191,1.1516358144567223,331.7067601385884,1,14,1,0,17,9,12,10,100,30,0,0.15,0.15
METROLOGY_CONDITIONED_EIG,509009,602.1334861437191,1.1516358144567223,331.69319104694284,1,14,1,0,17,9,12,10,100,30,0,0.15,0.15
NO_PASSIVE,509010,530.9361471685252,2.266698777909328,445.27907653515393,0,0,0,0,12,9,12,10,100,30,0,0.15,0.15
RANDOM,509010,393.27713467635203,2.5415271628727614,316.6503294523454,5,6,0,1,12,9,12,10,100,30,0,0.15,0.15
HIGHEST_SNR,509010,393.27713467635203,2.5415271628727614,316.6503294523454,5,6,0,1,12,9,12,10,100,30,0,0.15,0.15
SHORTEST_PULSE,509010,175.84387931361525,2.103995584904451,172.48752315579867,6,5,0,1,12,9,12,10,100,30,0,0.15,0.15
METROLOGY_CONDITIONED_EIG,509010,175.84387931361525,2.103995584904451,172.48752315579867,6,5,0,1,12,9,12,10,100,30,0,0.15,0.15
NO_PASSIVE,509011,100.69852496441864,0.17022236631861004,445.27907653515393,0,0,0,0,54,9,12,10,100,30,0,0.15,0.15
RANDOM,509011,101.51778175052766,1.4748711459261161,78.44781346038526,28,13,0,0,54,9,12,10,100,30,0,0.15,0.15
HIGHEST_SNR,509011,108.5312003474788,1.7206472109303717,141.80554931585948,28,13,0,0,54,9,12,10,100,30,0,0.15,0.15
SHORTEST_PULSE,509011,221.88839224820148,1.4084721340959254,80.01256778395651,29,12,0,1,54,9,12,10,100,30,0,0.15,0.15
METROLOGY_CONDITIONED_EIG,509011,45.88921914887105,0.7496112319415615,61.58268821611543,28,13,0,0,54,9,12,10,100,30,0,0.15,0.15
NO_PASSIVE,509012,700.8725722653513,1.3316696022117591,445.27907653515393,0,0,0,0,135,9,12,10,100,30,0,0.15,0.15
RANDOM,509012,6.703278600465304,0.3531210538755723,33.21987921435211,43,17,0,0,135,9,12,10,100,30,0,0.15,0.15
HIGHEST_SNR,509012,502.61635926718475,2.1486706744160724,56.95505907370861,27,33,0,3,135,9,12,10,100,30,0,0.15,0.15
SHORTEST_PULSE,509012,45.20667001570021,1.1986181477928135,22.559637340787138,41,19,0,0,135,9,12,10,100,30,0,0.15,0.15
METROLOGY_CONDITIONED_EIG,509012,49.304152683271,1.269106708402134,23.808098833820456,44,16,0,0,135,9,12,10,100,30,0,0.15,0.15
NO_PASSIVE,509013,513.2496974405758,1.0477573359161758,445.27907653515393,0,0,0,0,116,9,12,10,100,30,0,0.15,0.15
RANDOM,509013,25.267565347126336,0.9584088984954078,28.274139474931815,38,14,0,2,116,9,12,10,100,30,0,0.15,0.15
HIGHEST_SNR,509013,402.17985557582983,0.7252697613949433,118.04257537377094,5,47,2,1,116,9,12,10,100,30,0,0.15,0.15
SHORTEST_PULSE,509013,318.34390472938617,0.6171837730696025,75.04336483140511,12,40,1,0,116,9,12,10,100,30,0,0.15,0.15
METROLOGY_CONDITIONED_EIG,509013,361.61842960171816,0.47829657356377714,113.68506127624914,5,47,1,0,116,9,12,10,100,30,0,0.15,0.15
NO_PASSIVE,509014,282.02703868733687,3.4550126354457205,445.27907653515393,0,0,0,0,173,9,12,10,100,30,0,0.15,0.15
RANDOM,509014,119.83369123680541,4.627495057852768,36.79967288641984,19,40,0,2,173,9,12,10,100,30,0,0.15,0.15
HIGHEST_SNR,509014,43.926117162208875,1.2600422810466572,30.880165471670015,44,15,0,3,173,9,12,10,100,30,0,0.15,0.15
SHORTEST_PULSE,509014,11.0639383707307,0.15803288576189325,23.741039509855803,45,14,0,0,173,9,12,10,100,30,0,0.15,0.15
METROLOGY_CONDITIONED_EIG,509014,571.6176385333758,2.5765754102223126,62.77859234552896,7,52,1,2,173,9,12,10,100,30,0,0.15,0.15
NO_PASSIVE,509015,151.8392217197592,1.6041768652827537,445.27907653515393,0,0,0,0,137,9,12,10,100,30,0,0.15,0.15
RANDOM,509015,24.618286801603112,0.819476422224847,42.65943886994714,34,19,0,0,137,9,12,10,100,30,0,0.15,0.15
HIGHEST_SNR,509015,33.26830255871179,1.0430162754949637,70.2722289948449,36,17,0,0,137,9,12,10,100,30,0,0.15,0.15
SHORTEST_PULSE,509015,21.146399226024414,0.7331602281528199,47.54584694155889,35,18,0,0,137,9,12,10,100,30,0,0.15,0.15
METROLOGY_CONDITIONED_EIG,509015,5.126989196548716,0.7589095616275012,32.68400604287901,32,21,0,0,137,9,12,10,100,30,0,0.15,0.15
NO_PASSIVE,509016,291.2546759095277,0.8535649190258299,445.27907653515393,0,0,0,0,79,9,12,10,100,30,0,0.15,0.15
RANDOM,509016,63.54823167530761,2.130919866061714,40.195984404259114,26,14,0,2,79,9,12,10,100,30,0,0.15,0.15
HIGHEST_SNR,509016,46.54109448380185,1.0206008043351273,100.02969602947482,24,16,0,0,79,9,12,10,100,30,0,0.15,0.15
SHORTEST_PULSE,509016,37.75782331394459,0.22949769480663412,53.607758011092045,27,13,0,1,79,9,12,10,100,30,0,0.15,0.15
METROLOGY_CONDITIONED_EIG,509016,7.899936000670589,1.1653813304518577,37.28816479841797,23,17,0,2,79,9,12,10,100,30,0,0.15,0.15
NO_PASSIVE,509017,361.45578250063573,2.368602928606747,445.27907653515393,0,0,0,0,27,9,12,10,100,30,0,0.15,0.15
RANDOM,509017,66.54897930656922,0.3854233375285496,52.12140627184362,21,5,0,0,27,9,12,10,100,30,0,0.15,0.15
HIGHEST_SNR,509017,66.54897930656922,0.3854233375285496,52.12140627184362,21,5,0,0,27,9,12,10,100,30,0,0.15,0.15
SHORTEST_PULSE,509017,105.88789587238176,0.5431893982609938,58.397931301989814,21,5,0,0,27,9,12,10,100,30,0,0.15,0.15
METROLOGY_CONDITIONED_EIG,509017,66.54897930656922,0.3854233375285496,52.12140627184362,21,5,0,0,27,9,12,10,100,30,0,0.15,0.15
NO_PASSIVE,509018,314.8180524041595,1.1898388398279351,445.27907653515393,0,0,0,0,46,9,12,10,100,30,0,0.15,0.15
RANDOM,509018,21.03624476821138,0.9598428741262798,50.83753587162283,22,12,0,0,46,9,12,10,100,30,0,0.15,0.15
HIGHEST_SNR,509018,45.069032635913395,1.4354393482701187,46.21481902548845,25,9,0,0,46,9,12,10,100,30,0,0.15,0.15
SHORTEST_PULSE,509018,39.68035961821563,2.1914536629014076,40.564096729597395,25,9,0,1,46,9,12,10,100,30,0,0.15,0.15
METROLOGY_CONDITIONED_EIG,509018,39.94364073015416,2.181062414006148,41.41671764134049,25,9,0,1,46,9,12,10,100,30,0,0.15,0.15
NO_PASSIVE,509019,1027.095959997185,2.990885756386851,445.27907653515393,0,0,0,0,91,9,12,10,100,30,0,0.15,0.15
RANDOM,509019,34.71149448376455,1.1833696491215824,70.28324546632953,29,10,0,0,91,9,12,10,100,30,0,0.15,0.15
HIGHEST_SNR,509019,128.46593833421304,1.4521992088000628,88.44917652795787,28,11,0,0,91,9,12,10,100,30,0,0.15,0.15
SHORTEST_PULSE,509019,116.07595219752275,0.7438089892660785,36.200400977454684,23,16,0,2,91,9,12,10,100,30,0,0.15,0.15
METROLOGY_CONDITIONED_EIG,509019,237.01712413313246,1.237520856862001,59.39923995730134,18,21,0,2,91,9,12,10,100,30,0,0.15,0.15
NO_PASSIVE,509020,667.9514564526569,1.17818540063542,445.27907653515393,0,0,0,0,82,9,12,10,100,30,0,0.15,0.15
RANDOM,509020,12.951550704581074,0.4829072276644504,31.204017032590404,34,10,0,0,82,9,12,10,100,30,0,0.15,0.15
HIGHEST_SNR,509020,37.50568658461324,2.0442641913521773,39.218260831361,31,13,0,0,82,9,12,10,100,30,0,0.15,0.15
SHORTEST_PULSE,509020,8.113436251693233,0.4600522629972261,25.54432177254394,31,13,0,0,82,9,12,10,100,30,0,0.15,0.15
METROLOGY_CONDITIONED_EIG,509020,17.960513505070274,0.4211144659588209,28.89836305257503,30,14,0,0,82,9,12,10,100,30,0,0.15,0.15
NO_PASSIVE,509021,502.8766420402155,1.177212159569613,445.27907653515393,0,0,0,0,58,9,12,10,100,30,0,0.15,0.15
RANDOM,509021,18.92581644453016,0.7925943393989602,31.961803005427043,34,17,1,1,58,9,12,10,100,30,0,0.15,0.15
HIGHEST_SNR,509021,36.61851845075624,1.0837538973483694,32.816988334275145,34,17,1,1,58,9,12,10,100,30,0,0.15,0.15
SHORTEST_PULSE,509021,35.11760234273374,1.1384120133639744,32.8092371853689,34,17,1,1,58,9,12,10,100,30,0,0.15,0.15
METROLOGY_CONDITIONED_EIG,509021,36.61851845075624,1.0837538973483694,32.816988334275145,34,17,1,1,58,9,12,10,100,30,0,0.15,0.15
NO_PASSIVE,509022,114.77101408233709,0.340179131512791,445.27907653515393,0,0,0,0,85,9,12,10,100,30,0,0.15,0.15
RANDOM,509022,15.125399421750146,1.1385209770708684,38.64836022477029,33,15,0,0,85,9,12,10,100,30,0,0.15,0.15
HIGHEST_SNR,509022,43.62136792645649,0.3705449049154194,309.6437575993193,34,14,0,0,85,9,12,10,100,30,0,0.15,0.15
SHORTEST_PULSE,509022,99.11251049598431,4.730051823313212,37.52878429484826,21,27,0,3,85,9,12,10,100,30,0,0.15,0.15
METROLOGY_CONDITIONED_EIG,509022,94.68456704594576,4.74094723723152,37.831283604925325,21,27,0,3,85,9,12,10,100,30,0,0.15,0.15
NO_PASSIVE,509023,127.12656595435944,2.28834859547084,445.27907653515393,0,0,0,0,62,9,12,10,100,30,0,0.15,0.15
RANDOM,509023,85.85172636000433,5.870491000822788,31.567548303033494,38,13,0,1,62,9,12,10,100,30,0,0.15,0.15
HIGHEST_SNR,509023,108.67816138901127,6.282643728745028,43.69028110050042,40,11,0,1,62,9,12,10,100,30,0,0.15,0.15
SHORTEST_PULSE,509023,13.101815843325664,0.28194443169789185,26.976912092791554,36,15,0,0,62,9,12,10,100,30,0,0.15,0.15
METROLOGY_CONDITIONED_EIG,509023,67.07001927541033,5.428852174351199,26.417377408502013,36,15,0,1,62,9,12,10,100,30,0,0.15,0.15
NO_PASSIVE,509024,295.4040358151659,1.5724156678437624,445.27907653515393,0,0,0,0,20,9,12,10,100,30,0,0.15,0.15
RANDOM,509024,53.92488385595985,2.2573952755688906,54.750229076205855,14,3,0,0,20,9,12,10,100,30,0,0.15,0.15
HIGHEST_SNR,509024,67.06282411589892,1.9743900629365405,55.94793657544446,13,4,0,0,20,9,12,10,100,30,0,0.15,0.15
SHORTEST_PULSE,509024,55.581803327831615,1.394703903948248,54.31548936264048,15,2,0,0,20,9,12,10,100,30,0,0.15,0.15
METROLOGY_CONDITIONED_EIG,509024,61.06955078593995,1.4512478412549745,55.14807408491529,14,3,0,0,20,9,12,10,100,30,0,0.15,0.15
NO_PASSIVE,509025,457.21874667681266,1.59377200077304,445.27907653515393,0,0,0,0,54,9,12,10,100,30,0,0.15,0.15
RANDOM,509025,12.04666560086915,0.531421055071099,35.78281319970077,32,8,0,2,54,9,12,10,100,30,0,0.15,0.15
HIGHEST_SNR,509025,29.33070844868183,0.9915161292729981,38.747446955541605,32,8,0,2,54,9,12,10,100,30,0,0.15,0.15
SHORTEST_PULSE,509025,13.223928301752725,0.30380635483380647,36.26543803391081,30,10,0,0,54,9,12,10,100,30,0,0.15,0.15
METROLOGY_CONDITIONED_EIG,509025,8.887389041201862,0.09615446337392713,35.63118680976736,30,10,0,1,54,9,12,10,100,30,0,0.15,0.15
NO_PASSIVE,509026,240.0931206850697,1.4143470529964965,445.27907653515393,0,0,0,0,105,9,12,10,100,30,0,0.15,0.15
RANDOM,509026,3.6228939682121797,0.7050571348963038,26.09998239538666,41,18,0,0,105,9,12,10,100,30,0,0.15,0.15
HIGHEST_SNR,509026,16.25624800764025,1.8997317473837305,30.31579011317388,38,21,0,2,105,9,12,10,100,30,0,0.15,0.15
SHORTEST_PULSE,509026,13.184716974668452,0.032006098185323795,24.988720564847487,37,22,0,0,105,9,12,10,100,30,0,0.15,0.15
METROLOGY_CONDITIONED_EIG,509026,17.434919952203714,0.5730986784037692,24.559637735046337,39,20,0,1,105,9,12,10,100,30,0,0.15,0.15
NO_PASSIVE,509027,721.2916433137472,4.215537137565644,445.27907653515393,0,0,0,0,129,9,12,10,100,30,0,0.15,0.15
RANDOM,509027,6.928247703257611,0.415879609059428,28.34554177988923,36,12,0,3,129,9,12,10,100,30,0,0.15,0.15
HIGHEST_SNR,509027,10.189311073057892,0.31141411653635215,26.4144325807337,30,18,0,1,129,9,12,10,100,30,0,0.15,0.15
SHORTEST_PULSE,509027,704.8759894166901,4.435877748440646,99.59690642064815,4,44,0,4,129,9,12,10,100,30,0,0.15,0.15
METROLOGY_CONDITIONED_EIG,509027,748.6348220131972,5.261078251189779,98.92213808358089,5,43,0,4,129,9,12,10,100,30,0,0.15,0.15
NO_PASSIVE,509028,323.1759042871319,0.8414972423688618,445.27907653515393,0,0,0,0,64,9,12,10,100,30,0,0.15,0.15
RANDOM,509028,43.00138719278912,0.35527367581507835,44.02838913553772,32,11,0,0,64,9,12,10,100,30,0,0.15,0.15
HIGHEST_SNR,509028,65.78080342683052,1.0401549526263174,41.97415818945966,31,12,0,0,64,9,12,10,100,30,0,0.15,0.15
SHORTEST_PULSE,509028,58.618620766483225,0.5226657061227988,37.759469093090864,34,9,0,0,64,9,12,10,100,30,0,0.15,0.15
METROLOGY_CONDITIONED_EIG,509028,61.4706604615759,0.6509801957749121,36.62911287451005,32,11,0,0,64,9,12,10,100,30,0,0.15,0.15
NO_PASSIVE,509029,647.5232357182778,2.1901127622395182,445.27907653515393,0,0,0,0,58,9,12,10,100,30,0,0.15,0.15
RANDOM,509029,864.8286876129096,5.329731366152816,102.48797546367138,9,26,0,3,58,9,12,10,100,30,0,0.15,0.15
HIGHEST_SNR,509029,1023.9679133824153,6.247803939895654,130.46453247159664,11,24,0,3,58,9,12,10,100,30,0,0.15,0.15
SHORTEST_PULSE,509029,813.1976341864672,1.0994088571717497,104.84807966614474,4,31,0,2,58,9,12,10,100,30,0,0.15,0.15
METROLOGY_CONDITIONED_EIG,509029,1036.9027840712922,4.856262204734575,138.56543723062288,3,32,0,2,58,9,12,10,100,30,0,0.15,0.15
NO_PASSIVE,510000,228.27772474881735,0.8769957660728088,445.27907653515393,0,0,0,0,84,10,12,10,100,30,20,0.0,0.0
RANDOM,510000,31.24523986181732,1.5172280921448662,25.040256920641653,52,2,0,0,84,10,12,10,100,30,20,0.0,0.0
HIGHEST_SNR,510000,48.047543107555754,2.0532909489153597,22.2262160466286,53,1,0,0,84,10,12,10,100,30,20,0.0,0.0
SHORTEST_PULSE,510000,24.55255494347331,1.2473688615503973,29.69490028774937,52,2,0,0,84,10,12,10,100,30,20,0.0,0.0
METROLOGY_CONDITIONED_EIG,510000,48.45370818873881,2.082631693802152,22.214746961389743,53,1,0,0,84,10,12,10,100,30,20,0.0,0.0
NO_PASSIVE,510001,70.06328422747774,2.9003572213557405,445.27907653515393,0,0,0,0,52,10,12,10,100,30,20,0.0,0.0
RANDOM,510001,20.88376063850988,1.2113064636354605,29.131708486348078,35,0,0,0,52,10,12,10,100,30,20,0.0,0.0
HIGHEST_SNR,510001,26.12006824577049,1.3574263037247087,27.74780859172076,35,0,0,0,52,10,12,10,100,30,20,0.0,0.0
SHORTEST_PULSE,510001,44.200286018132644,1.5533125634942015,33.924514454760505,35,0,0,0,52,10,12,10,100,30,20,0.0,0.0
METROLOGY_CONDITIONED_EIG,510001,28.689169968828853,1.5522898368677327,26.731854531831146,35,0,0,0,52,10,12,10,100,30,20,0.0,0.0
NO_PASSIVE,510002,48.974475189137955,1.2816447160300966,445.27907653515393,0,0,0,0,75,10,12,10,100,30,20,0.0,0.0
RANDOM,510002,32.916941137797245,0.8195743845003822,47.356908674862055,37,0,0,0,75,10,12,10,100,30,20,0.0,0.0
HIGHEST_SNR,510002,64.2880231629933,0.6651090503510213,58.714971427077785,37,0,0,0,75,10,12,10,100,30,20,0.0,0.0
SHORTEST_PULSE,510002,61.76107718876154,0.5946788186103737,65.22422668982244,37,0,0,0,75,10,12,10,100,30,20,0.0,0.0
METROLOGY_CONDITIONED_EIG,510002,23.850541554604288,0.9337922867674459,44.428342360253524,37,0,0,0,75,10,12,10,100,30,20,0.0,0.0
NO_PASSIVE,510003,198.498618529987,3.5987510997863414,445.27907653515393,0,0,0,0,2,10,12,10,100,30,20,0.0,0.0
RANDOM,510003,146.48990152229078,4.030487001879964,318.6397579617514,2,0,0,0,2,10,12,10,100,30,20,0.0,0.0
HIGHEST_SNR,510003,146.48990152229078,4.030487001879964,318.6397579617514,2,0,0,0,2,10,12,10,100,30,20,0.0,0.0
SHORTEST_PULSE,510003,146.48990152229078,4.030487001879964,318.6397579617514,2,0,0,0,2,10,12,10,100,30,20,0.0,0.0
METROLOGY_CONDITIONED_EIG,510003,146.48990152229078,4.030487001879964,318.6397579617514,2,0,0,0,2,10,12,10,100,30,20,0.0,0.0
NO_PASSIVE,510004,364.33715532010154,1.3709948183741518,445.27907653515393,0,0,0,0,135,10,12,10,100,30,20,0.0,0.0
RANDOM,510004,21.014561968165538,1.0717991921862833,21.44418381315541,58,0,0,0,135,10,12,10,100,30,20,0.0,0.0
HIGHEST_SNR,510004,37.984091808157395,1.5278531083091336,32.38401414410384,58,0,0,0,135,10,12,10,100,30,20,0.0,0.0
SHORTEST_PULSE,510004,32.47371529014305,1.315362680485743,26.43018951759858,57,1,0,0,135,10,12,10,100,30,20,0.0,0.0
METROLOGY_CONDITIONED_EIG,510004,24.291140376442385,1.0939402670327263,19.00625750374308,58,0,0,0,135,10,12,10,100,30,20,0.0,0.0
NO_PASSIVE,510005,191.30140907050273,1.9967647551924896,445.27907653515393,0,0,0,0,55,10,12,10,100,30,20,0.0,0.0
RANDOM,510005,109.69739851965834,3.0002769837242407,55.109976289648166,48,1,0,0,55,10,12,10,100,30,20,0.0,0.0
HIGHEST_SNR,510005,71.54119403077299,2.2582124077008943,60.47436513791436,48,1,0,0,55,10,12,10,100,30,20,0.0,0.0
SHORTEST_PULSE,510005,49.73207333459661,1.9907200732305497,23.023826551527392,48,1,0,0,55,10,12,10,100,30,20,0.0,0.0
METROLOGY_CONDITIONED_EIG,510005,46.48818310150082,1.9258701403639178,23.05674433047419,48,1,0,0,55,10,12,10,100,30,20,0.0,0.0
NO_PASSIVE,510006,342.2348099030029,2.1649497424025035,445.27907653515393,0,0,0,0,80,10,12,10,100,30,20,0.0,0.0
RANDOM,510006,48.918239271556864,1.641895866938138,31.938507805075247,56,1,0,0,80,10,12,10,100,30,20,0.0,0.0
HIGHEST_SNR,510006,20.030410865328587,1.2040031629185575,35.81524891062899,57,0,0,0,80,10,12,10,100,30,20,0.0,0.0
SHORTEST_PULSE,510006,59.58639835816526,1.770756593615549,34.29726688899037,56,1,0,0,80,10,12,10,100,30,20,0.0,0.0
METROLOGY_CONDITIONED_EIG,510006,28.752005985181906,1.2050517430354712,30.82984762481251,57,0,0,0,80,10,12,10,100,30,20,0.0,0.0
NO_PASSIVE,510007,390.2892731529826,4.104485621450025,445.27907653515393,0,0,0,0,77,10,12,10,100,30,20,0.0,0.0
RANDOM,510007,104.78950619052688,2.739769684398478,31.973475031816466,47,6,0,0,77,10,12,10,100,30,20,0.0,0.0
HIGHEST_SNR,510007,67.483798367297,2.0957447302966896,37.09789344756148,52,1,0,0,77,10,12,10,100,30,20,0.0,0.0
SHORTEST_PULSE,510007,26.761711059539753,1.3134100830055235,25.291749984067067,51,2,0,0,77,10,12,10,100,30,20,0.0,0.0
METROLOGY_CONDITIONED_EIG,510007,24.579965689457218,1.2299755688658534,25.37288733755511,50,3,0,0,77,10,12,10,100,30,20,0.0,0.0
NO_PASSIVE,510008,764.2368274109829,3.9556947839845074,445.27907653515393,0,0,0,0,42,10,12,10,100,30,20,0.0,0.0
RANDOM,510008,13.927975147915395,0.8938623937730736,27.826668540913065,30,1,0,0,42,10,12,10,100,30,20,0.0,0.0
HIGHEST_SNR,510008,40.497066055804744,1.5340967202495044,28.527006391467904,30,1,0,0,42,10,12,10,100,30,20,0.0,0.0
SHORTEST_PULSE,510008,9.262257956166609,0.9642575543211186,26.55841252320311,30,1,0,0,42,10,12,10,100,30,20,0.0,0.0
METROLOGY_CONDITIONED_EIG,510008,29.61991135018204,1.3262075015994506,27.82164064850204,29,2,0,0,42,10,12,10,100,30,20,0.0,0.0
NO_PASSIVE,510009,448.5904928253741,3.1985937509705216,445.27907653515393,0,0,0,0,95,10,12,10,100,30,20,0.0,0.0
RANDOM,510009,37.99559151473881,1.4003256789932303,29.092057085081635,57,1,0,0,95,10,12,10,100,30,20,0.0,0.0
HIGHEST_SNR,510009,31.027194428044616,1.0404685718025137,31.498794986855625,57,1,0,0,95,10,12,10,100,30,20,0.0,0.0
SHORTEST_PULSE,510009,33.46776966917412,1.2373674314741558,28.268120349558064,58,0,0,0,95,10,12,10,100,30,20,0.0,0.0
METROLOGY_CONDITIONED_EIG,510009,23.30194288349753,1.3773301632707224,28.56843075389353,57,1,0,0,95,10,12,10,100,30,20,0.0,0.0
NO_PASSIVE,510010,101.71966895518698,2.2804334573103766,445.27907653515393,0,0,0,0,119,10,12,10,100,30,20,0.0,0.0
RANDOM,510010,31.692419605917628,1.539342197910624,29.706173947422997,43,1,0,0,119,10,12,10,100,30,20,0.0,0.0
HIGHEST_SNR,510010,18.112800838516836,1.2708504690101325,23.14679024188142,44,0,0,0,119,10,12,10,100,30,20,0.0,0.0
SHORTEST_PULSE,510010,20.622198682966904,0.8145725927209831,18.83554750926631,44,0,0,0,119,10,12,10,100,30,20,0.0,0.0
METROLOGY_CONDITIONED_EIG,510010,23.827478408173043,1.1447872767011134,17.847233886682364,44,0,0,0,119,10,12,10,100,30,20,0.0,0.0
NO_PASSIVE,510011,436.2921684801543,2.3497015138141837,445.27907653515393,0,0,0,0,45,10,12,10,100,30,20,0.0,0.0
RANDOM,510011,27.692903961221177,1.2988280729451502,42.7092249870235,32,0,0,0,45,10,12,10,100,30,20,0.0,0.0
HIGHEST_SNR,510011,40.66615178245338,1.623283873671825,39.08656750752164,32,0,0,0,45,10,12,10,100,30,20,0.0,0.0
SHORTEST_PULSE,510011,28.775401357192674,1.1398744420306686,50.11567388776666,32,0,0,0,45,10,12,10,100,30,20,0.0,0.0
METROLOGY_CONDITIONED_EIG,510011,37.44672405349077,1.1620879148852923,39.12845098363237,32,0,0,0,45,10,12,10,100,30,20,0.0,0.0
NO_PASSIVE,510012,192.48873134134425,1.4800464830556022,445.27907653515393,0,0,0,0,58,10,12,10,100,30,20,0.0,0.0
RANDOM,510012,17.251675318305672,0.7559663285297173,20.804531284351334,50,0,0,0,58,10,12,10,100,30,20,0.0,0.0
HIGHEST_SNR,510012,19.507721837065535,0.7515883617867332,24.326554128180796,49,1,0,0,58,10,12,10,100,30,20,0.0,0.0
SHORTEST_PULSE,510012,10.566274604859782,0.5662571363439992,20.884382040230697,50,0,0,0,58,10,12,10,100,30,20,0.0,0.0
METROLOGY_CONDITIONED_EIG,510012,17.263668714303243,0.7524654501997973,20.80275009138749,50,0,0,0,58,10,12,10,100,30,20,0.0,0.0
NO_PASSIVE,510013,637.986319823488,2.1150496298130306,445.27907653515393,0,0,0,0,19,10,12,10,100,30,20,0.0,0.0
RANDOM,510013,14.31447103922966,0.16283773302773458,30.589740469554698,18,0,0,0,19,10,12,10,100,30,20,0.0,0.0
HIGHEST_SNR,510013,14.31447103922966,0.16283773302773458,30.589740469554698,18,0,0,0,19,10,12,10,100,30,20,0.0,0.0
SHORTEST_PULSE,510013,14.31447103922966,0.16283773302773458,30.589740469554698,18,0,0,0,19,10,12,10,100,30,20,0.0,0.0
METROLOGY_CONDITIONED_EIG,510013,14.31447103922966,0.16283773302773458,30.589740469554698,18,0,0,0,19,10,12,10,100,30,20,0.0,0.0
NO_PASSIVE,510014,670.9030667079754,4.05605259210894,445.27907653515393,0,0,0,0,87,10,12,10,100,30,20,0.0,0.0
RANDOM,510014,47.58686110317073,1.2448220079530845,19.22333259671748,54,1,0,0,87,10,12,10,100,30,20,0.0,0.0
HIGHEST_SNR,510014,51.065418260267876,1.1934112444356728,24.97219701491796,54,1,0,0,87,10,12,10,100,30,20,0.0,0.0
SHORTEST_PULSE,510014,54.178563005422255,1.2988002383711887,19.243562942400178,54,1,0,0,87,10,12,10,100,30,20,0.0,0.0
METROLOGY_CONDITIONED_EIG,510014,54.513568862222634,1.386958653822312,19.350534021177904,54,1,0,0,87,10,12,10,100,30,20,0.0,0.0
NO_PASSIVE,510015,260.03689304500654,2.6197086379504175,445.27907653515393,0,0,0,0,160,10,12,10,100,30,20,0.0,0.0
RANDOM,510015,6.169035747750055,0.7871608801123681,17.000402405233256,59,0,0,0,160,10,12,10,100,30,20,0.0,0.0
HIGHEST_SNR,510015,16.52430212969399,0.5090010619047738,16.80786122872851,59,0,0,0,160,10,12,10,100,30,20,0.0,0.0
SHORTEST_PULSE,510015,14.569357333285135,0.7208214682635966,12.678921789174899,58,1,0,0,160,10,12,10,100,30,20,0.0,0.0
METROLOGY_CONDITIONED_EIG,510015,13.498787157318613,0.8754053870671935,13.301340369862846,59,0,0,0,160,10,12,10,100,30,20,0.0,0.0
NO_PASSIVE,510016,476.77900296913964,1.6861758466119108,445.27907653515393,0,0,0,0,55,10,12,10,100,30,20,0.0,0.0
RANDOM,510016,30.240091902878266,1.2167611795103856,37.257198368450425,45,0,0,0,55,10,12,10,100,30,20,0.0,0.0
HIGHEST_SNR,510016,33.94374153971416,1.4075258595877613,38.15254067364506,45,0,0,0,55,10,12,10,100,30,20,0.0,0.0
SHORTEST_PULSE,510016,31.45151406873216,1.2142327571055052,34.04232436608475,45,0,0,0,55,10,12,10,100,30,20,0.0,0.0
METROLOGY_CONDITIONED_EIG,510016,32.63202587358175,1.255794718144393,33.43919018558029,45,0,0,0,55,10,12,10,100,30,20,0.0,0.0
NO_PASSIVE,510017,182.62640065175876,1.9877102323884088,445.27907653515393,0,0,0,0,139,10,12,10,100,30,20,0.0,0.0
RANDOM,510017,28.706517949961196,1.361142925105919,22.933196659905747,59,1,0,0,139,10,12,10,100,30,20,0.0,0.0
HIGHEST_SNR,510017,14.221505160093313,0.8856311941508273,21.008185561303147,58,2,0,0,139,10,12,10,100,30,20,0.0,0.0
SHORTEST_PULSE,510017,12.779865761873596,0.8453448175438003,16.948603739881335,59,1,0,0,139,10,12,10,100,30,20,0.0,0.0
METROLOGY_CONDITIONED_EIG,510017,15.36835427060893,0.7905566693221969,17.118727978020825,58,2,0,0,139,10,12,10,100,30,20,0.0,0.0
NO_PASSIVE,510018,305.9461423845823,5.50204611045603,445.27907653515393,0,0,0,0,81,10,12,10,100,30,20,0.0,0.0
RANDOM,510018,56.0072062880389,1.3618427380019757,35.2065720804403,46,1,0,0,81,10,12,10,100,30,20,0.0,0.0
HIGHEST_SNR,510018,60.016805794228546,2.0505973004286604,33.69022563257004,45,2,0,0,81,10,12,10,100,30,20,0.0,0.0
SHORTEST_PULSE,510018,59.6325906754981,2.0348711404225766,37.748683478185846,46,1,0,0,81,10,12,10,100,30,20,0.0,0.0
METROLOGY_CONDITIONED_EIG,510018,66.07929987331224,2.094351369199567,29.45747153821087,45,2,0,0,81,10,12,10,100,30,20,0.0,0.0
NO_PASSIVE,510019,573.2137349353219,2.1381650363473166,445.27907653515393,0,0,0,0,98,10,12,10,100,30,20,0.0,0.0
RANDOM,510019,23.136332127262,1.1918973694626154,24.43968412134864,51,0,0,0,98,10,12,10,100,30,20,0.0,0.0
HIGHEST_SNR,510019,17.40071692455673,0.6483387995305937,19.402105294567033,50,1,0,0,98,10,12,10,100,30,20,0.0,0.0
SHORTEST_PULSE,510019,17.40071692455673,0.6483387995305937,19.402105294567033,50,1,0,0,98,10,12,10,100,30,20,0.0,0.0
METROLOGY_CONDITIONED_EIG,510019,17.630533748652955,0.9458605363259863,20.411353539890296,48,3,0,0,98,10,12,10,100,30,20,0.0,0.0
NO_PASSIVE,510020,150.639707788158,2.3936686100141387,445.27907653515393,0,0,0,0,80,10,12,10,100,30,20,0.0,0.0
RANDOM,510020,6.289703831885586,0.9442318046749524,29.898013380617964,54,1,0,0,80,10,12,10,100,30,20,0.0,0.0
HIGHEST_SNR,510020,13.927064066186484,1.0796916947757726,38.43126255704199,55,0,0,0,80,10,12,10,100,30,20,0.0,0.0
SHORTEST_PULSE,510020,3.981960952120261,1.0460701096602611,21.881301982044764,55,0,0,0,80,10,12,10,100,30,20,0.0,0.0
METROLOGY_CONDITIONED_EIG,510020,2.8352113392257,1.000804419124101,21.98137031133358,55,0,0,0,80,10,12,10,100,30,20,0.0,0.0
NO_PASSIVE,510021,28.70391648994947,1.957545803633808,445.27907653515393,0,0,0,0,55,10,12,10,100,30,20,0.0,0.0
RANDOM,510021,42.99734210122598,0.816403205505965,60.0656652966313,27,1,0,0,55,10,12,10,100,30,20,0.0,0.0
HIGHEST_SNR,510021,46.823364567613204,1.2579628089485664,88.19360695504317,27,1,0,0,55,10,12,10,100,30,20,0.0,0.0
SHORTEST_PULSE,510021,63.32170910194537,0.7391520401011442,67.69074704353163,27,1,0,0,55,10,12,10,100,30,20,0.0,0.0
METROLOGY_CONDITIONED_EIG,510021,36.02099701363348,1.2800718479102908,49.565325734768166,26,2,0,0,55,10,12,10,100,30,20,0.0,0.0
NO_PASSIVE,510022,474.62911766698596,1.7366656366104483,445.27907653515393,0,0,0,0,47,10,12,10,100,30,20,0.0,0.0
RANDOM,510022,20.492903050068243,1.1651190156896263,31.033908921425173,35,1,0,0,47,10,12,10,100,30,20,0.0,0.0
HIGHEST_SNR,510022,15.999943436863733,1.045440282391805,29.96813501044748,36,0,0,0,47,10,12,10,100,30,20,0.0,0.0
SHORTEST_PULSE,510022,19.668355308435824,1.1342594280095213,30.062946271463666,35,1,0,0,47,10,12,10,100,30,20,0.0,0.0
METROLOGY_CONDITIONED_EIG,510022,20.546630476944483,1.1201588784046268,30.0185627756139,35,1,0,0,47,10,12,10,100,30,20,0.0,0.0
NO_PASSIVE,510023,275.948645145714,0.37810461125360967,445.27907653515393,0,0,0,0,75,10,12,10,100,30,20,0.0,0.0
RANDOM,510023,26.606869292243356,0.6264328816066822,33.74454793554797,57,0,0,0,75,10,12,10,100,30,20,0.0,0.0
HIGHEST_SNR,510023,40.67802395132429,0.9060653209046722,37.45796073736718,57,0,0,0,75,10,12,10,100,30,20,0.0,0.0
SHORTEST_PULSE,510023,7.6785342322738055,0.3596972629470187,29.38681049108937,57,0,0,0,75,10,12,10,100,30,20,0.0,0.0
METROLOGY_CONDITIONED_EIG,510023,11.095159199194047,0.7155215793139156,27.32098087977109,57,0,0,0,75,10,12,10,100,30,20,0.0,0.0
NO_PASSIVE,510024,351.9810487489309,5.686824063442643,445.27907653515393,0,0,0,0,157,10,12,10,100,30,20,0.0,0.0
RANDOM,510024,20.464739984610723,0.9372981544631344,19.097749893695337,57,0,0,0,157,10,12,10,100,30,20,0.0,0.0
HIGHEST_SNR,510024,33.89020918353318,1.1142157005491045,21.89513596977823,57,0,0,0,157,10,12,10,100,30,20,0.0,0.0
SHORTEST_PULSE,510024,8.889226259092165,0.6449761251881622,14.422113332853055,55,2,0,0,157,10,12,10,100,30,20,0.0,0.0
METROLOGY_CONDITIONED_EIG,510024,15.775328189546755,0.7746754299515218,15.505050737891233,56,1,0,0,157,10,12,10,100,30,20,0.0,0.0
NO_PASSIVE,510025,801.0643693833474,1.7535104696698274,445.27907653515393,0,0,0,0,70,10,12,10,100,30,20,0.0,0.0
RANDOM,510025,1.89406882953628,0.4741486580740251,31.582304107309387,43,3,0,0,70,10,12,10,100,30,20,0.0,0.0
HIGHEST_SNR,510025,7.827856212081418,0.6591014584473678,43.03906994061444,44,2,0,0,70,10,12,10,100,30,20,0.0,0.0
SHORTEST_PULSE,510025,3.614088681852471,0.15504476313660703,29.48845942019903,45,1,0,0,70,10,12,10,100,30,20,0.0,0.0
METROLOGY_CONDITIONED_EIG,510025,3.614088681852471,0.15504476313660703,29.48845942019903,45,1,0,0,70,10,12,10,100,30,20,0.0,0.0
NO_PASSIVE,510026,303.0360578120989,2.743028171919201,445.27907653515393,0,0,0,0,97,10,12,10,100,30,20,0.0,0.0
RANDOM,510026,19.747834625953825,1.326144002782674,16.347394101146918,52,1,0,0,97,10,12,10,100,30,20,0.0,0.0
HIGHEST_SNR,510026,14.51450771606008,1.3126838723201992,22.365845189155976,52,1,0,0,97,10,12,10,100,30,20,0.0,0.0
SHORTEST_PULSE,510026,25.26725182894211,1.32811619869985,15.727532844358297,52,1,0,0,97,10,12,10,100,30,20,0.0,0.0
METROLOGY_CONDITIONED_EIG,510026,5.862326142868675,0.5946931457824516,13.644473843772218,52,1,0,0,97,10,12,10,100,30,20,0.0,0.0
NO_PASSIVE,510027,345.14971780763045,0.9937136275715972,445.27907653515393,0,0,0,0,70,10,12,10,100,30,20,0.0,0.0
RANDOM,510027,31.16807218189354,0.6183705797073196,28.332140429404276,37,1,0,0,70,10,12,10,100,30,20,0.0,0.0
HIGHEST_SNR,510027,29.199627362576845,0.9578991054627379,41.11900847348963,36,2,0,0,70,10,12,10,100,30,20,0.0,0.0
SHORTEST_PULSE,510027,17.296185597235805,0.5240846999459534,24.618740968614947,36,2,0,0,70,10,12,10,100,30,20,0.0,0.0
METROLOGY_CONDITIONED_EIG,510027,26.053744838097323,0.4614815493155259,23.80790741125262,37,1,0,0,70,10,12,10,100,30,20,0.0,0.0
NO_PASSIVE,510028,205.74788772759788,0.6815529046163263,445.27907653515393,0,0,0,0,117,10,12,10,100,30,20,0.0,0.0
RANDOM,510028,16.195400939856313,0.47633389526460745,18.33283396906347,52,0,0,0,117,10,12,10,100,30,20,0.0,0.0
HIGHEST_SNR,510028,26.375070737540277,1.7040183715986652,19.61807631116368,52,0,0,0,117,10,12,10,100,30,20,0.0,0.0
SHORTEST_PULSE,510028,29.65657971472911,1.0976155278975506,16.432343029728052,52,0,0,0,117,10,12,10,100,30,20,0.0,0.0
METROLOGY_CONDITIONED_EIG,510028,20.977230146039133,0.7364611694040123,17.001119318792014,52,0,0,0,117,10,12,10,100,30,20,0.0,0.0
NO_PASSIVE,510029,472.3362269791735,4.724972871457377,445.27907653515393,0,0,0,0,149,10,12,10,100,30,20,0.0,0.0
RANDOM,510029,57.28840084271859,1.5295796627781324,28.233585180326322,58,2,0,0,149,10,12,10,100,30,20,0.0,0.0
HIGHEST_SNR,510029,51.085437973860344,1.6915999128903876,28.38914641360409,60,0,0,0,149,10,12,10,100,30,20,0.0,0.0
SHORTEST_PULSE,510029,20.115277098267725,0.7999587267113333,20.429241830054114,58,2,0,0,149,10,12,10,100,30,20,0.0,0.0
METROLOGY_CONDITIONED_EIG,510029,17.208018117633014,0.911380389146637,20.804455369721698,59,1,0,0,149,10,12,10,100,30,20,0.0,0.0
NO_PASSIVE,511000,750.0821928016151,2.4446156357470326,445.27907653515393,0,0,0,0,119,11,12,10,100,30,20,0.0,0.05
RANDOM,511000,14.800959439403458,1.045196831639703,36.293582467221235,50,2,0,1,119,11,12,10,100,30,20,0.0,0.05
HIGHEST_SNR,511000,25.147344968577045,0.746814891798923,42.2556782659926,49,3,0,1,119,11,12,10,100,30,20,0.0,0.05
SHORTEST_PULSE,511000,28.89635454783795,1.0263366434075858,30.964502241759252,51,1,0,1,119,11,12,10,100,30,20,0.0,0.05
METROLOGY_CONDITIONED_EIG,511000,40.27579634400226,1.339525818136057,31.995215230049034,49,3,0,1,119,11,12,10,100,30,20,0.0,0.05
NO_PASSIVE,511001,233.95750376608933,3.004291666164528,445.27907653515393,0,0,0,0,68,11,12,10,100,30,20,0.0,0.05
RANDOM,511001,312.14297719829165,1.833974856380002,88.87222701881642,20,20,0,1,68,11,12,10,100,30,20,0.0,0.05
HIGHEST_SNR,511001,317.78449373222867,1.9712393436306441,88.69973314216118,26,14,0,1,68,11,12,10,100,30,20,0.0,0.05
SHORTEST_PULSE,511001,304.19660493972077,1.9029193916190472,88.66661715210434,23,17,0,1,68,11,12,10,100,30,20,0.0,0.05
METROLOGY_CONDITIONED_EIG,511001,117.07832666072287,1.1851920899958563,47.39871464625679,17,23,0,1,68,11,12,10,100,30,20,0.0,0.05
NO_PASSIVE,511002,424.77397285157133,0.6946270324839903,445.27907653515393,0,0,0,0,157,11,12,10,100,30,20,0.0,0.05
RANDOM,511002,28.982632814572423,0.41115758284772347,26.415101207445662,53,2,0,1,157,11,12,10,100,30,20,0.0,0.05
HIGHEST_SNR,511002,18.5275065863455,0.3219758951133075,26.932559433647427,53,2,0,0,157,11,12,10,100,30,20,0.0,0.05
SHORTEST_PULSE,511002,15.646568787825494,1.4446653443119601,30.718202831421163,51,4,0,0,157,11,12,10,100,30,20,0.0,0.05
METROLOGY_CONDITIONED_EIG,511002,17.147440440246882,0.8694382748558706,22.9817337475597,52,3,0,0,157,11,12,10,100,30,20,0.0,0.05
NO_PASSIVE,511003,345.08460290237895,1.5124446109581757,445.27907653515393,0,0,0,0,126,11,12,10,100,30,20,0.0,0.05
RANDOM,511003,13.697871033982672,1.3344656715226784,25.530442213871574,53,7,0,0,126,11,12,10,100,30,20,0.0,0.05
HIGHEST_SNR,511003,8.526024853243662,0.15931464591375488,31.78045188062006,56,4,0,0,126,11,12,10,100,30,20,0.0,0.05
SHORTEST_PULSE,511003,6.534503641104099,0.5772586716198465,22.71938816613186,54,6,0,0,126,11,12,10,100,30,20,0.0,0.05
METROLOGY_CONDITIONED_EIG,511003,5.8495324449952175,0.6820473124712334,19.532405571156897,55,5,0,0,126,11,12,10,100,30,20,0.0,0.05
NO_PASSIVE,511004,566.5599019529704,1.273672197833141,445.27907653515393,0,0,0,0,63,11,12,10,100,30,20,0.0,0.05
RANDOM,511004,40.882411938541544,1.8568593293615505,26.10970126929144,28,2,0,0,63,11,12,10,100,30,20,0.0,0.05
HIGHEST_SNR,511004,29.00529320008395,1.784215945308897,33.487606561925524,28,2,0,1,63,11,12,10,100,30,20,0.0,0.05
SHORTEST_PULSE,511004,34.15209624010568,1.2390263721388517,24.11959156950279,29,1,0,0,63,11,12,10,100,30,20,0.0,0.05
METROLOGY_CONDITIONED_EIG,511004,26.516188953062713,0.4829775213355145,23.86029728420216,27,3,0,1,63,11,12,10,100,30,20,0.0,0.05
NO_PASSIVE,511005,448.56989373800894,0.5982733683536043,445.27907653515393,0,0,0,0,69,11,12,10,100,30,20,0.0,0.05
RANDOM,511005,22.82223969020702,0.20798286592097776,31.65937049000819,43,0,0,0,69,11,12,10,100,30,20,0.0,0.05
HIGHEST_SNR,511005,11.78120629332261,0.8858367040948316,40.780854253072015,42,1,0,0,69,11,12,10,100,30,20,0.0,0.05
SHORTEST_PULSE,511005,7.375955370997383,0.5461445187142981,40.10478571426034,42,1,0,0,69,11,12,10,100,30,20,0.0,0.05
METROLOGY_CONDITIONED_EIG,511005,26.931085143619704,0.7508333322219322,28.890584198203648,42,1,0,0,69,11,12,10,100,30,20,0.0,0.05
NO_PASSIVE,511006,154.65120578292178,0.4997729479937431,445.27907653515393,0,0,0,0,88,11,12,10,100,30,20,0.0,0.05
RANDOM,511006,13.011578433090037,0.8550165849013235,31.137038415329414,54,0,0,0,88,11,12,10,100,30,20,0.0,0.05
HIGHEST_SNR,511006,21.323493077506473,0.8182450557229654,32.49743836768659,54,0,0,0,88,11,12,10,100,30,20,0.0,0.05
SHORTEST_PULSE,511006,19.088222612927567,0.9065882848416204,28.959380661982703,54,0,0,0,88,11,12,10,100,30,20,0.0,0.05
METROLOGY_CONDITIONED_EIG,511006,27.178806885744834,1.0409459134474162,29.572980273725594,53,1,0,0,88,11,12,10,100,30,20,0.0,0.05
NO_PASSIVE,511007,124.66152413099783,2.631979392518601,445.27907653515393,0,0,0,0,51,11,12,10,100,30,20,0.0,0.05
RANDOM,511007,39.63041095846326,3.085915430382643,68.86718540374694,20,5,0,0,51,11,12,10,100,30,20,0.0,0.05
HIGHEST_SNR,511007,188.95926723614477,2.2484309299752647,139.65729882322714,23,2,0,0,51,11,12,10,100,30,20,0.0,0.05
SHORTEST_PULSE,511007,233.86587600215498,0.6395101746506412,187.13186641757937,20,5,0,0,51,11,12,10,100,30,20,0.0,0.05
METROLOGY_CONDITIONED_EIG,511007,77.20465693148935,2.185462044224923,64.37957383265429,22,3,0,0,51,11,12,10,100,30,20,0.0,0.05
NO_PASSIVE,511008,217.51565893553988,4.440132251404756,445.27907653515393,0,0,0,0,92,11,12,10,100,30,20,0.0,0.05
RANDOM,511008,21.59400438191775,1.3563403955350275,21.233959325372997,43,1,0,0,92,11,12,10,100,30,20,0.0,0.05
HIGHEST_SNR,511008,27.879921345701057,1.2593442456926738,20.76139364813789,44,0,0,0,92,11,12,10,100,30,20,0.0,0.05
SHORTEST_PULSE,511008,20.344392808671603,1.1823620874219647,22.90096686764867,44,0,0,0,92,11,12,10,100,30,20,0.0,0.05
METROLOGY_CONDITIONED_EIG,511008,29.003604671789905,1.3271601811026754,20.454520866190386,44,0,0,0,92,11,12,10,100,30,20,0.0,0.05
NO_PASSIVE,511009,373.02261021211734,3.152655050535024,445.27907653515393,0,0,0,0,50,11,12,10,100,30,20,0.0,0.05
RANDOM,511009,40.69101340661028,2.0664511742321805,24.871380679429574,37,2,0,1,50,11,12,10,100,30,20,0.0,0.05
HIGHEST_SNR,511009,26.819535578200384,1.765326833237197,33.6762492455796,37,2,0,1,50,11,12,10,100,30,20,0.0,0.05
SHORTEST_PULSE,511009,39.068687098690134,1.8036721975842238,24.570629153375886,37,2,0,1,50,11,12,10,100,30,20,0.0,0.05
METROLOGY_CONDITIONED_EIG,511009,39.42601385998328,1.6678964973069847,24.8454741033177,35,4,0,1,50,11,12,10,100,30,20,0.0,0.05
NO_PASSIVE,511010,489.851113451168,3.9252865479988053,445.27907653515393,0,0,0,0,54,11,12,10,100,30,20,0.0,0.05
RANDOM,511010,141.7193737129445,1.5961007632257127,135.7854615041268,34,3,0,1,54,11,12,10,100,30,20,0.0,0.05
HIGHEST_SNR,511010,60.95328425358416,1.3340033960507833,126.30426621520427,35,2,0,1,54,11,12,10,100,30,20,0.0,0.05
SHORTEST_PULSE,511010,60.95328425358416,1.3340033960507833,126.30426621520427,35,2,0,1,54,11,12,10,100,30,20,0.0,0.05
METROLOGY_CONDITIONED_EIG,511010,59.406694911363815,1.4949962821547873,120.50163192716498,35,2,0,1,54,11,12,10,100,30,20,0.0,0.05
NO_PASSIVE,511011,156.99060565367958,2.3912624560922695,445.27907653515393,0,0,0,0,72,11,12,10,100,30,20,0.0,0.05
RANDOM,511011,8.553724618307047,0.7225582990942068,19.444605090095475,43,6,0,1,72,11,12,10,100,30,20,0.0,0.05
HIGHEST_SNR,511011,16.015540212101293,0.7990656966825246,17.81119204871066,43,6,0,0,72,11,12,10,100,30,20,0.0,0.05
SHORTEST_PULSE,511011,18.77240334589213,0.9472375638408668,17.119778375088046,43,6,0,0,72,11,12,10,100,30,20,0.0,0.05
METROLOGY_CONDITIONED_EIG,511011,20.15734674722216,0.8495583927130093,17.220635002400055,43,6,0,0,72,11,12,10,100,30,20,0.0,0.05
NO_PASSIVE,511012,314.17708673594404,1.919223195819875,445.27907653515393,0,0,0,0,50,11,12,10,100,30,20,0.0,0.05
RANDOM,511012,5.656103878595098,0.900827747499941,34.87738846343714,30,2,0,0,50,11,12,10,100,30,20,0.0,0.05
HIGHEST_SNR,511012,39.473408881183786,0.4658051463377929,48.55295536467476,31,1,0,0,50,11,12,10,100,30,20,0.0,0.05
SHORTEST_PULSE,511012,32.15766164099725,0.5339271222213583,33.53444283655269,31,1,0,0,50,11,12,10,100,30,20,0.0,0.05
METROLOGY_CONDITIONED_EIG,511012,5.545207690027499,0.6304226286928974,33.4355597005987,30,2,0,0,50,11,12,10,100,30,20,0.0,0.05
NO_PASSIVE,511013,659.7795008778603,1.8493472841107588,445.27907653515393,0,0,0,0,95,11,12,10,100,30,20,0.0,0.05
RANDOM,511013,12.600106473761404,0.6635093540532038,26.537392214839528,55,2,0,0,95,11,12,10,100,30,20,0.0,0.05
HIGHEST_SNR,511013,51.15316479982007,1.4746505110047543,38.692086095272714,55,2,0,0,95,11,12,10,100,30,20,0.0,0.05
SHORTEST_PULSE,511013,8.610713084340265,0.41513917202530454,23.191741574733037,55,2,0,0,95,11,12,10,100,30,20,0.0,0.05
METROLOGY_CONDITIONED_EIG,511013,17.332261183067487,0.7043791329998154,23.505111231332563,55,2,0,0,95,11,12,10,100,30,20,0.0,0.05
NO_PASSIVE,511014,351.4112382132534,4.10004789760914,445.27907653515393,0,0,0,0,135,11,12,10,100,30,20,0.0,0.05
RANDOM,511014,35.81263024043226,0.8326382508930842,26.80321779532789,57,3,0,0,135,11,12,10,100,30,20,0.0,0.05
HIGHEST_SNR,511014,80.60018211911216,3.018894291496951,47.30683689745715,57,3,0,1,135,11,12,10,100,30,20,0.0,0.05
SHORTEST_PULSE,511014,19.81162941043205,1.0731634762871183,18.717361338888647,56,4,0,0,135,11,12,10,100,30,20,0.0,0.05
METROLOGY_CONDITIONED_EIG,511014,13.844837771141142,0.7985572977803945,18.29048373459026,56,4,0,0,135,11,12,10,100,30,20,0.0,0.05
NO_PASSIVE,511015,290.81234904662966,1.0027245098406168,445.27907653515393,0,0,0,0,103,11,12,10,100,30,20,0.0,0.05
RANDOM,511015,15.823002759181437,0.15466329791685102,32.81261763377033,54,3,0,0,103,11,12,10,100,30,20,0.0,0.05
HIGHEST_SNR,511015,18.73091065060393,0.566742566775238,41.84971304794483,55,2,0,0,103,11,12,10,100,30,20,0.0,0.05
SHORTEST_PULSE,511015,23.080260770821496,0.6332739685164673,28.685588168497993,54,3,0,0,103,11,12,10,100,30,20,0.0,0.05
METROLOGY_CONDITIONED_EIG,511015,1.6116510650680305,0.6334956592233641,28.535960325985744,55,2,0,0,103,11,12,10,100,30,20,0.0,0.05
NO_PASSIVE,511016,586.3895404364164,2.6737739735256927,445.27907653515393,0,0,0,0,44,11,12,10,100,30,20,0.0,0.05
RANDOM,511016,39.69896753779109,1.8138932260614993,40.20054369831337,32,1,0,0,44,11,12,10,100,30,20,0.0,0.05
HIGHEST_SNR,511016,33.81477698466962,1.2471469626829688,44.20714972946977,31,2,0,0,44,11,12,10,100,30,20,0.0,0.05
SHORTEST_PULSE,511016,37.03452951991571,1.4154332116469877,40.250417685112716,31,2,0,0,44,11,12,10,100,30,20,0.0,0.05
METROLOGY_CONDITIONED_EIG,511016,45.30803125775367,1.4899210483090066,40.24788444040126,31,2,0,0,44,11,12,10,100,30,20,0.0,0.05
NO_PASSIVE,511017,423.78978398115834,3.3824507630030065,445.27907653515393,0,0,0,0,53,11,12,10,100,30,20,0.0,0.05
RANDOM,511017,21.214753191518046,1.0081149491865937,28.25502808546965,39,0,0,0,53,11,12,10,100,30,20,0.0,0.05
HIGHEST_SNR,511017,59.658030769148446,0.8244319376715501,55.00283346471763,37,2,0,0,53,11,12,10,100,30,20,0.0,0.05
SHORTEST_PULSE,511017,23.526633772807493,0.9762057416593386,27.522967762186923,39,0,0,0,53,11,12,10,100,30,20,0.0,0.05
METROLOGY_CONDITIONED_EIG,511017,30.817202341826242,1.3219408746826797,27.283601542933646,39,0,0,0,53,11,12,10,100,30,20,0.0,0.05
NO_PASSIVE,511018,286.5015335588538,2.747480226133215,445.27907653515393,0,0,0,0,18,11,12,10,100,30,20,0.0,0.05
RANDOM,511018,13.416997505942197,1.765486667657566,28.89186373161266,16,0,0,0,18,11,12,10,100,30,20,0.0,0.05
HIGHEST_SNR,511018,13.416997505942197,1.765486667657566,28.89186373161266,16,0,0,0,18,11,12,10,100,30,20,0.0,0.05
SHORTEST_PULSE,511018,13.416997505942197,1.765486667657566,28.89186373161266,16,0,0,0,18,11,12,10,100,30,20,0.0,0.05
METROLOGY_CONDITIONED_EIG,511018,13.416997505942197,1.765486667657566,28.89186373161266,16,0,0,0,18,11,12,10,100,30,20,0.0,0.05
NO_PASSIVE,511019,157.3115777310213,2.309989254273255,445.27907653515393,0,0,0,0,97,11,12,10,100,30,20,0.0,0.05
RANDOM,511019,15.150427297693644,0.9195515218382494,20.600217248584993,52,0,0,0,97,11,12,10,100,30,20,0.0,0.05
HIGHEST_SNR,511019,13.704884561939084,0.5156475976534284,24.85146962818889,52,0,0,0,97,11,12,10,100,30,20,0.0,0.05
SHORTEST_PULSE,511019,26.859280428091417,1.2253146150306005,21.186053594669485,51,1,0,0,97,11,12,10,100,30,20,0.0,0.05
METROLOGY_CONDITIONED_EIG,511019,12.074047425103217,0.5595110981805353,18.858549181943054,52,0,0,0,97,11,12,10,100,30,20,0.0,0.05
NO_PASSIVE,511020,877.2009873459006,6.43139837736704,445.27907653515393,0,0,0,0,47,11,12,10,100,30,20,0.0,0.05
RANDOM,511020,70.38921581363996,4.163670810878678,56.872614428144196,31,5,0,0,47,11,12,10,100,30,20,0.0,0.05
HIGHEST_SNR,511020,269.10985693297084,3.8489395519104566,85.64081831488032,32,4,0,1,47,11,12,10,100,30,20,0.0,0.05
SHORTEST_PULSE,511020,73.84037108286486,4.268412760566507,56.795031937754196,31,5,0,0,47,11,12,10,100,30,20,0.0,0.05
METROLOGY_CONDITIONED_EIG,511020,48.2893683530149,3.903899637375721,54.451528462132416,31,5,0,0,47,11,12,10,100,30,20,0.0,0.05
NO_PASSIVE,511021,425.90639916616504,1.034279125697319,445.27907653515393,0,0,0,0,35,11,12,10,100,30,20,0.0,0.05
RANDOM,511021,36.73509706424643,0.6657774469734375,67.32667952354129,25,2,0,0,35,11,12,10,100,30,20,0.0,0.05
HIGHEST_SNR,511021,90.36185081285132,0.29391806845449103,78.28544224231348,25,2,0,0,35,11,12,10,100,30,20,0.0,0.05
SHORTEST_PULSE,511021,90.36185081285132,0.29391806845449103,78.28544224231348,25,2,0,0,35,11,12,10,100,30,20,0.0,0.05
METROLOGY_CONDITIONED_EIG,511021,5.887809292996946,0.2732577519734782,49.71036453493596,25,2,0,0,35,11,12,10,100,30,20,0.0,0.05
NO_PASSIVE,511022,360.5023573702708,2.267911371315502,445.27907653515393,0,0,0,0,165,11,12,10,100,30,20,0.0,0.05
RANDOM,511022,15.747478552085214,0.35233716555191186,21.018462263869377,60,0,0,1,165,11,12,10,100,30,20,0.0,0.05
HIGHEST_SNR,511022,217.3677638727593,1.995775953952234,139.25973836924993,58,2,0,0,165,11,12,10,100,30,20,0.0,0.05
SHORTEST_PULSE,511022,3.7870747266626066,0.3866944330959558,18.351517546582404,58,2,0,1,165,11,12,10,100,30,20,0.0,0.05
METROLOGY_CONDITIONED_EIG,511022,31.06866568953832,0.964234066622452,18.058036184211545,56,4,0,0,165,11,12,10,100,30,20,0.0,0.05
NO_PASSIVE,511023,209.17953169858114,1.5771094469469513,445.27907653515393,0,0,0,0,98,11,12,10,100,30,20,0.0,0.05
RANDOM,511023,367.266351290518,5.054699501480782,93.19772524090422,8,32,0,1,98,11,12,10,100,30,20,0.0,0.05
HIGHEST_SNR,511023,273.7137406065208,2.0883146194393585,105.04017102180228,11,29,0,1,98,11,12,10,100,30,20,0.0,0.05
SHORTEST_PULSE,511023,477.514019163295,5.767533698529011,116.24572235463648,8,32,0,1,98,11,12,10,100,30,20,0.0,0.05
METROLOGY_CONDITIONED_EIG,511023,568.6036894047506,1.5920503146009168,153.63194804827504,2,38,0,1,98,11,12,10,100,30,20,0.0,0.05
NO_PASSIVE,511024,658.7904057248121,0.48671153009389756,445.27907653515393,0,0,0,0,64,11,12,10,100,30,20,0.0,0.05
RANDOM,511024,22.311713677941896,0.6435952232607586,22.416084194106833,42,6,0,0,64,11,12,10,100,30,20,0.0,0.05
HIGHEST_SNR,511024,9.805231147398873,0.49055419360501623,23.48904656258546,44,4,0,0,64,11,12,10,100,30,20,0.0,0.05
SHORTEST_PULSE,511024,11.106263735625163,0.5970103043796094,21.13204630639839,42,6,0,0,64,11,12,10,100,30,20,0.0,0.05
METROLOGY_CONDITIONED_EIG,511024,15.232959213541784,0.6549626879904925,21.003551040759145,41,7,0,0,64,11,12,10,100,30,20,0.0,0.05
NO_PASSIVE,511025,563.7186083044593,1.0410296047651864,445.27907653515393,0,0,0,0,95,11,12,10,100,30,20,0.0,0.05
RANDOM,511025,21.71683351827357,1.189702613232617,27.8035886180853,48,3,0,0,95,11,12,10,100,30,20,0.0,0.05
HIGHEST_SNR,511025,29.880728510624248,0.9322609185166423,37.51273336726241,48,3,0,0,95,11,12,10,100,30,20,0.0,0.05
SHORTEST_PULSE,511025,36.48725303151447,1.281056561359363,28.92481043763502,47,4,0,0,95,11,12,10,100,30,20,0.0,0.05
METROLOGY_CONDITIONED_EIG,511025,30.45874191401925,1.4456997124302575,26.031555946080626,48,3,0,0,95,11,12,10,100,30,20,0.0,0.05
NO_PASSIVE,511026,667.0228780999404,3.717526149757267,445.27907653515393,0,0,0,0,69,11,12,10,100,30,20,0.0,0.05
RANDOM,511026,12.064214642799984,0.7283424556870053,35.40494720345371,46,3,0,0,69,11,12,10,100,30,20,0.0,0.05
HIGHEST_SNR,511026,28.348771600674652,0.293991393811774,35.771463093573544,47,2,0,0,69,11,12,10,100,30,20,0.0,0.05
SHORTEST_PULSE,511026,12.511696492626736,0.35507091355977,34.79384464079929,46,3,0,0,69,11,12,10,100,30,20,0.0,0.05
METROLOGY_CONDITIONED_EIG,511026,16.245444036321285,0.40210097772401704,33.6341004824872,46,3,0,0,69,11,12,10,100,30,20,0.0,0.05
NO_PASSIVE,511027,254.1952216455535,5.195107855725252,445.27907653515393,0,0,0,0,93,11,12,10,100,30,20,0.0,0.05
RANDOM,511027,42.740261250497745,1.0865687038858465,24.68216926067845,48,5,0,0,93,11,12,10,100,30,20,0.0,0.05
HIGHEST_SNR,511027,57.335608352505886,1.837982079563221,36.51566744802613,50,3,0,0,93,11,12,10,100,30,20,0.0,0.05
SHORTEST_PULSE,511027,36.924360906656176,1.1012164931532071,22.774070730020433,51,2,0,0,93,11,12,10,100,30,20,0.0,0.05
METROLOGY_CONDITIONED_EIG,511027,37.37564107237649,1.1073773555090036,23.08482561306969,51,2,0,0,93,11,12,10,100,30,20,0.0,0.05
NO_PASSIVE,511028,370.0752942509468,2.6025038073435125,445.27907653515393,0,0,0,0,75,11,12,10,100,30,20,0.0,0.05
RANDOM,511028,64.19557032916839,2.045852741559012,52.258104956141125,54,6,0,2,75,11,12,10,100,30,20,0.0,0.05
HIGHEST_SNR,511028,63.28398095909749,1.4152460980931172,48.60215013943157,54,6,0,2,75,11,12,10,100,30,20,0.0,0.05
SHORTEST_PULSE,511028,65.6467307216871,2.090699347867184,54.54880758827039,54,6,0,2,75,11,12,10,100,30,20,0.0,0.05
METROLOGY_CONDITIONED_EIG,511028,63.28398095909749,1.4152460980931172,48.60215013943157,54,6,0,2,75,11,12,10,100,30,20,0.0,0.05
NO_PASSIVE,511029,355.42341439808007,1.8971243711300703,445.27907653515393,0,0,0,0,126,11,12,10,100,30,20,0.0,0.05
RANDOM,511029,51.73154199485451,1.9572490471486972,23.887328634622342,49,7,0,1,126,11,12,10,100,30,20,0.0,0.05
HIGHEST_SNR,511029,40.738537511419516,0.7874557983635365,50.73858039848283,51,5,0,1,126,11,12,10,100,30,20,0.0,0.05
SHORTEST_PULSE,511029,12.050800095766032,0.5045154608728847,18.66353111654717,55,1,0,0,126,11,12,10,100,30,20,0.0,0.05
METROLOGY_CONDITIONED_EIG,511029,29.19030257411437,1.1142680965334577,19.59819971906216,49,7,0,1,126,11,12,10,100,30,20,0.0,0.05
NO_PASSIVE,512000,171.80496613881516,1.40804915640978,445.27907653515393,0,0,0,0,129,12,12,10,100,30,20,0.0,0.15
RANDOM,512000,50.777292989472265,1.9648858133871392,26.63900320929567,51,8,0,2,129,12,12,10,100,30,20,0.0,0.15
HIGHEST_SNR,512000,35.6399672914596,1.158631523684683,32.51857588822264,49,10,0,0,129,12,12,10,100,30,20,0.0,0.15
SHORTEST_PULSE,512000,503.90215962780314,2.218748398285628,46.87949087851647,25,34,0,4,129,12,12,10,100,30,20,0.0,0.15
METROLOGY_CONDITIONED_EIG,512000,10.500752988035062,0.9731278624431174,25.151753588163483,45,14,0,1,129,12,12,10,100,30,20,0.0,0.15
NO_PASSIVE,512001,440.2099586560179,4.189488899294428,445.27907653515393,0,0,0,0,47,12,12,10,100,30,20,0.0,0.15
RANDOM,512001,13.523975114748042,0.22414422056472139,44.820594622349105,38,4,0,0,47,12,12,10,100,30,20,0.0,0.15
HIGHEST_SNR,512001,14.954130896450568,0.3720944806653116,52.50480048592778,37,5,0,0,47,12,12,10,100,30,20,0.0,0.15
SHORTEST_PULSE,512001,17.749870652089367,0.33637116350784196,42.694816685541646,38,4,0,0,47,12,12,10,100,30,20,0.0,0.15
METROLOGY_CONDITIONED_EIG,512001,19.07551144717394,0.37933251758727204,42.61419272541411,39,3,0,0,47,12,12,10,100,30,20,0.0,0.15
NO_PASSIVE,512002,478.28820528786156,1.2885556993302472,445.27907653515393,0,0,0,0,144,12,12,10,100,30,20,0.0,0.15
RANDOM,512002,24.60679224324689,1.2460393646321066,39.63673618446102,38,10,0,0,144,12,12,10,100,30,20,0.0,0.15
HIGHEST_SNR,512002,20.861528640553693,0.7118058733150987,33.74382825390168,42,6,0,1,144,12,12,10,100,30,20,0.0,0.15
SHORTEST_PULSE,512002,13.752831455616356,0.8023727942932732,36.625957610908955,41,7,0,0,144,12,12,10,100,30,20,0.0,0.15
METROLOGY_CONDITIONED_EIG,512002,37.90787571410717,0.8653139661032155,28.926868134197257,40,8,0,1,144,12,12,10,100,30,20,0.0,0.15
NO_PASSIVE,512003,569.1285554781219,4.618847102667883,445.27907653515393,0,0,0,0,38,12,12,10,100,30,20,0.0,0.15
RANDOM,512003,59.79002687642751,4.973182546109878,50.319269908515864,26,5,0,0,38,12,12,10,100,30,20,0.0,0.15
HIGHEST_SNR,512003,99.41077731337275,4.379024270800128,72.84664277102608,27,4,0,0,38,12,12,10,100,30,20,0.0,0.15
SHORTEST_PULSE,512003,73.07509239620627,4.402464662468465,49.98213640524988,27,4,0,0,38,12,12,10,100,30,20,0.0,0.15
METROLOGY_CONDITIONED_EIG,512003,73.07509239620627,4.402464662468465,49.98213640524988,27,4,0,0,38,12,12,10,100,30,20,0.0,0.15
NO_PASSIVE,512004,130.46687912519312,2.215912868438969,445.27907653515393,0,0,0,0,82,12,12,10,100,30,20,0.0,0.15
RANDOM,512004,44.45499218404002,1.82077488940158,46.71125601144301,30,12,0,0,82,12,12,10,100,30,20,0.0,0.15
HIGHEST_SNR,512004,37.42440025646193,1.1021102389603126,44.59015436838768,33,9,0,0,82,12,12,10,100,30,20,0.0,0.15
SHORTEST_PULSE,512004,24.472280554141463,0.7370185427484932,42.88373715191936,33,9,0,0,82,12,12,10,100,30,20,0.0,0.15
METROLOGY_CONDITIONED_EIG,512004,22.310705092954887,1.345153711523784,32.413193269615256,34,8,0,0,82,12,12,10,100,30,20,0.0,0.15
NO_PASSIVE,512005,160.11065186513667,2.0999203844303596,445.27907653515393,0,0,0,0,20,12,12,10,100,30,20,0.0,0.15
RANDOM,512005,20.479578936100808,0.573353393152185,31.05913848041199,18,1,0,1,20,12,12,10,100,30,20,0.0,0.15
HIGHEST_SNR,512005,20.479578936100808,0.573353393152185,31.05913848041199,18,1,0,1,20,12,12,10,100,30,20,0.0,0.15
SHORTEST_PULSE,512005,13.60561317898617,0.4176127633010705,26.90071919815167,18,1,0,1,20,12,12,10,100,30,20,0.0,0.15
METROLOGY_CONDITIONED_EIG,512005,13.60561317898617,0.4176127633010705,26.90071919815167,18,1,0,1,20,12,12,10,100,30,20,0.0,0.15
NO_PASSIVE,512006,489.2086336204432,2.661446258890217,445.27907653515393,0,0,0,0,58,12,12,10,100,30,20,0.0,0.15
RANDOM,512006,46.12018293879798,0.9737235000288128,34.82702639165188,39,1,0,1,58,12,12,10,100,30,20,0.0,0.15
HIGHEST_SNR,512006,56.15708437495562,3.756529665544383,41.33453083695656,39,1,0,2,58,12,12,10,100,30,20,0.0,0.15
SHORTEST_PULSE,512006,22.78992747224876,1.1100486236268432,31.368322197952693,38,2,0,1,58,12,12,10,100,30,20,0.0,0.15
METROLOGY_CONDITIONED_EIG,512006,15.479663613245586,0.47781131654300013,32.19097459877772,37,3,0,1,58,12,12,10,100,30,20,0.0,0.15
NO_PASSIVE,512007,193.19061646401806,1.0999563675289197,445.27907653515393,0,0,0,0,161,12,12,10,100,30,20,0.0,0.15
RANDOM,512007,22.285207208226524,1.7245542312631812,33.70051678875257,31,5,0,1,161,12,12,10,100,30,20,0.0,0.15
HIGHEST_SNR,512007,418.49674808596234,1.700529095108927,216.4732036662291,2,34,0,2,161,12,12,10,100,30,20,0.0,0.15
SHORTEST_PULSE,512007,104.03316061073558,2.594454787146888,51.97249938568115,31,5,0,0,161,12,12,10,100,30,20,0.0,0.15
METROLOGY_CONDITIONED_EIG,512007,10.318494276658571,0.15705416323736401,24.828541815153514,32,4,0,3,161,12,12,10,100,30,20,0.0,0.15
NO_PASSIVE,512008,478.81309342424464,0.32090089255432064,445.27907653515393,0,0,0,0,43,12,12,10,100,30,20,0.0,0.15
RANDOM,512008,346.36206953837046,0.6167597083174233,102.59274138685079,24,5,0,1,43,12,12,10,100,30,20,0.0,0.15
HIGHEST_SNR,512008,89.32663100481241,1.0775465872046257,55.000686059599026,26,3,0,0,43,12,12,10,100,30,20,0.0,0.15
SHORTEST_PULSE,512008,53.64250582011585,0.887913874666869,48.31870219719156,26,3,0,0,43,12,12,10,100,30,20,0.0,0.15
METROLOGY_CONDITIONED_EIG,512008,61.37992038418304,1.0221049593227083,48.769291483140265,25,4,0,0,43,12,12,10,100,30,20,0.0,0.15
NO_PASSIVE,512009,209.18491919010668,2.459538660262572,445.27907653515393,0,0,0,0,150,12,12,10,100,30,20,0.0,0.15
RANDOM,512009,16.47262740756066,0.8514506976434298,17.888967741464,42,12,0,1,150,12,12,10,100,30,20,0.0,0.15
HIGHEST_SNR,512009,19.427775766841762,1.1403287645146796,16.249936634740262,44,10,0,1,150,12,12,10,100,30,20,0.0,0.15
SHORTEST_PULSE,512009,20.05543730164106,1.0812384629203418,15.594703978970507,48,6,0,1,150,12,12,10,100,30,20,0.0,0.15
METROLOGY_CONDITIONED_EIG,512009,20.399303983294836,1.121359247268004,15.633612560347396,45,9,0,1,150,12,12,10,100,30,20,0.0,0.15
NO_PASSIVE,512010,270.902651518633,2.707367051426563,445.27907653515393,0,0,0,0,23,12,12,10,100,30,20,0.0,0.15
RANDOM,512010,58.758530445239366,1.6012884434558496,62.121318279326964,19,1,0,1,23,12,12,10,100,30,20,0.0,0.15
HIGHEST_SNR,512010,64.7388118418612,2.144645069668784,62.17641345021969,19,1,0,1,23,12,12,10,100,30,20,0.0,0.15
SHORTEST_PULSE,512010,51.7387403737341,1.0834510247525444,61.88720841604158,19,1,0,0,23,12,12,10,100,30,20,0.0,0.15
METROLOGY_CONDITIONED_EIG,512010,48.92414414373948,1.383502998165304,61.67757995633482,19,1,0,0,23,12,12,10,100,30,20,0.0,0.15
NO_PASSIVE,512011,373.52407122353566,0.9949937873746779,445.27907653515393,0,0,0,0,33,12,12,10,100,30,20,0.0,0.15
RANDOM,512011,19.31420057537858,0.7671109153673028,59.944432033976724,25,4,0,0,33,12,12,10,100,30,20,0.0,0.15
HIGHEST_SNR,512011,8.537144685272617,1.0192713581844572,58.187247739343,26,3,0,0,33,12,12,10,100,30,20,0.0,0.15
SHORTEST_PULSE,512011,25.263513713986157,0.5782496328481297,56.00753720982941,26,3,0,0,33,12,12,10,100,30,20,0.0,0.15
METROLOGY_CONDITIONED_EIG,512011,18.89426275536833,0.8058997161320564,57.68824569564276,25,4,0,0,33,12,12,10,100,30,20,0.0,0.15
NO_PASSIVE,512012,782.1058629493291,1.4113841903085864,445.27907653515393,0,0,0,0,114,12,12,10,100,30,20,0.0,0.15
RANDOM,512012,45.899178560367375,2.406979281136208,34.9175851303896,38,13,0,3,114,12,12,10,100,30,20,0.0,0.15
HIGHEST_SNR,512012,188.20067621448757,0.6311434229163511,50.03364383619983,40,11,0,3,114,12,12,10,100,30,20,0.0,0.15
SHORTEST_PULSE,512012,541.0813969201525,1.3324483254504276,45.47344768745518,22,29,0,3,114,12,12,10,100,30,20,0.0,0.15
METROLOGY_CONDITIONED_EIG,512012,678.0426878788248,2.167875231629971,62.13169043104236,5,46,0,2,114,12,12,10,100,30,20,0.0,0.15
NO_PASSIVE,512013,68.78515333270984,3.5283770219976796,445.27907653515393,0,0,0,0,186,12,12,10,100,30,20,0.0,0.15
RANDOM,512013,42.84006025419338,2.3717883369006785,24.954868136978956,36,24,0,3,186,12,12,10,100,30,20,0.0,0.15
HIGHEST_SNR,512013,39.72389253790683,2.135825168432416,26.107563976996982,51,9,0,1,186,12,12,10,100,30,20,0.0,0.15
SHORTEST_PULSE,512013,32.57484789356547,1.1430989608728568,21.322958325595007,50,10,0,0,186,12,12,10,100,30,20,0.0,0.15
METROLOGY_CONDITIONED_EIG,512013,41.874377439399524,2.021468241660406,20.9361225915024,52,8,0,0,186,12,12,10,100,30,20,0.0,0.15
NO_PASSIVE,512014,297.3073806233887,1.7907084706634417,445.27907653515393,0,0,0,0,46,12,12,10,100,30,20,0.0,0.15
RANDOM,512014,32.80461203674112,2.3571471987061097,44.30699647194789,41,4,0,2,46,12,12,10,100,30,20,0.0,0.15
HIGHEST_SNR,512014,32.80461203674112,2.3571471987061097,44.30699647194789,41,4,0,2,46,12,12,10,100,30,20,0.0,0.15
SHORTEST_PULSE,512014,26.68919084932527,1.0981234748722912,44.218531460435706,41,4,0,2,46,12,12,10,100,30,20,0.0,0.15
METROLOGY_CONDITIONED_EIG,512014,26.68919084932527,1.0981234748722912,44.218531460435706,41,4,0,2,46,12,12,10,100,30,20,0.0,0.15
NO_PASSIVE,512015,170.25412859678363,2.9600472378405054,445.27907653515393,0,0,0,0,26,12,12,10,100,30,20,0.0,0.15
RANDOM,512015,57.58070862174377,1.78351465231535,66.74934888116692,14,6,0,0,26,12,12,10,100,30,20,0.0,0.15
HIGHEST_SNR,512015,87.64278061724174,2.1544050587805366,74.34853660811652,13,7,0,0,26,12,12,10,100,30,20,0.0,0.15
SHORTEST_PULSE,512015,88.45670309477543,2.1341809059449566,74.26454309137584,13,7,0,0,26,12,12,10,100,30,20,0.0,0.15
METROLOGY_CONDITIONED_EIG,512015,56.388692989047215,1.7660237716880194,65.48394731415364,14,6,0,0,26,12,12,10,100,30,20,0.0,0.15
NO_PASSIVE,512016,275.7204434953751,2.3539850910964053,445.27907653515393,0,0,0,0,38,12,12,10,100,30,20,0.0,0.15
RANDOM,512016,21.116364783915653,0.7669873127732162,52.66142458201807,25,7,0,0,38,12,12,10,100,30,20,0.0,0.15
HIGHEST_SNR,512016,25.813839922126235,0.7807965570082035,53.46974118958319,25,7,0,0,38,12,12,10,100,30,20,0.0,0.15
SHORTEST_PULSE,512016,25.813839922126235,0.7807965570082035,53.46974118958319,25,7,0,0,38,12,12,10,100,30,20,0.0,0.15
METROLOGY_CONDITIONED_EIG,512016,24.15747337505155,1.0178399945069225,47.02083883869912,26,6,0,0,38,12,12,10,100,30,20,0.0,0.15
NO_PASSIVE,512017,319.89067209840067,3.0639526640079273,445.27907653515393,0,0,0,0,78,12,12,10,100,30,20,0.0,0.15
RANDOM,512017,49.7495754379695,1.1462496772552297,59.60870543033503,52,4,0,1,78,12,12,10,100,30,20,0.0,0.15
HIGHEST_SNR,512017,68.95532097700396,0.7470711810206354,56.655674576594095,52,4,0,1,78,12,12,10,100,30,20,0.0,0.15
SHORTEST_PULSE,512017,26.837157626751893,0.9633748391365429,53.57615184882066,48,8,0,2,78,12,12,10,100,30,20,0.0,0.15
METROLOGY_CONDITIONED_EIG,512017,48.603021472549976,0.9676824380175884,43.802594884470594,52,4,0,2,78,12,12,10,100,30,20,0.0,0.15
NO_PASSIVE,512018,568.577832003698,1.66630070569806,445.27907653515393,0,0,0,0,86,12,12,10,100,30,20,0.0,0.15
RANDOM,512018,40.632580791590506,1.0679182502769664,32.549186877225445,44,8,0,0,86,12,12,10,100,30,20,0.0,0.15
HIGHEST_SNR,512018,9.036875452396067,2.437391506091483,33.49970248879883,48,4,0,1,86,12,12,10,100,30,20,0.0,0.15
SHORTEST_PULSE,512018,25.59191300413224,0.5655441164535523,30.773664160123932,43,9,0,0,86,12,12,10,100,30,20,0.0,0.15
METROLOGY_CONDITIONED_EIG,512018,38.957639451599,0.9476773125624122,30.292237190942963,44,8,0,0,86,12,12,10,100,30,20,0.0,0.15
NO_PASSIVE,512019,177.9804943724371,3.175875885665313,445.27907653515393,0,0,0,0,74,12,12,10,100,30,20,0.0,0.15
RANDOM,512019,28.53870902332523,1.2217028677028376,27.1834204846215,39,11,0,0,74,12,12,10,100,30,20,0.0,0.15
HIGHEST_SNR,512019,38.07125560593182,1.4209830150236686,28.645974112834175,40,10,0,0,74,12,12,10,100,30,20,0.0,0.15
SHORTEST_PULSE,512019,22.10889765400756,0.9995478263270079,22.043683379201845,40,10,0,0,74,12,12,10,100,30,20,0.0,0.15
METROLOGY_CONDITIONED_EIG,512019,37.13934727200273,1.229279984793578,23.37811689667133,40,10,0,0,74,12,12,10,100,30,20,0.0,0.15
NO_PASSIVE,512020,354.92549211423693,2.087243692107016,445.27907653515393,0,0,0,0,56,12,12,10,100,30,20,0.0,0.15
RANDOM,512020,42.90772898680095,1.028831880404306,53.99400347594277,44,4,0,0,56,12,12,10,100,30,20,0.0,0.15
HIGHEST_SNR,512020,77.63297351418835,0.6258607848037223,56.265950110136075,44,4,0,0,56,12,12,10,100,30,20,0.0,0.15
SHORTEST_PULSE,512020,77.63297351418835,0.6258607848037223,56.265950110136075,44,4,0,0,56,12,12,10,100,30,20,0.0,0.15
METROLOGY_CONDITIONED_EIG,512020,42.10412907797648,0.77734826343941,52.73630805193705,43,5,0,0,56,12,12,10,100,30,20,0.0,0.15
NO_PASSIVE,512021,329.94683741993845,3.591116879410154,445.27907653515393,0,0,0,0,46,12,12,10,100,30,20,0.0,0.15
RANDOM,512021,27.981359363789128,3.8817076536984483,70.82974289211835,26,7,0,1,46,12,12,10,100,30,20,0.0,0.15
HIGHEST_SNR,512021,83.75228464937724,1.7054318021462271,317.5776723800452,29,4,0,0,46,12,12,10,100,30,20,0.0,0.15
SHORTEST_PULSE,512021,87.7827015346421,1.6044234589663773,317.74914305336443,28,5,0,0,46,12,12,10,100,30,20,0.0,0.15
METROLOGY_CONDITIONED_EIG,512021,167.49329982332637,1.5121238065623235,80.99518668247651,26,7,0,2,46,12,12,10,100,30,20,0.0,0.15
NO_PASSIVE,512022,369.55472934550727,2.388921557328343,445.27907653515393,0,0,0,0,123,12,12,10,100,30,20,0.0,0.15
RANDOM,512022,59.65842740214955,1.8659046001857182,39.27695069157443,41,6,0,0,123,12,12,10,100,30,20,0.0,0.15
HIGHEST_SNR,512022,45.0101261388012,1.53868335889035,48.31460438708322,38,9,0,0,123,12,12,10,100,30,20,0.0,0.15
SHORTEST_PULSE,512022,34.96573657883316,1.1867893388968176,29.526397998014314,41,6,0,0,123,12,12,10,100,30,20,0.0,0.15
METROLOGY_CONDITIONED_EIG,512022,36.3120307595351,1.1556341048545338,29.738916712608354,40,7,0,0,123,12,12,10,100,30,20,0.0,0.15
NO_PASSIVE,512023,144.26146857819987,5.379507232171143,445.27907653515393,0,0,0,0,39,12,12,10,100,30,20,0.0,0.15
RANDOM,512023,41.1078745634545,2.425183822495628,50.917653169845934,25,3,0,0,39,12,12,10,100,30,20,0.0,0.15
HIGHEST_SNR,512023,47.81276053908716,2.724558579107158,55.580405381981215,24,4,0,0,39,12,12,10,100,30,20,0.0,0.15
SHORTEST_PULSE,512023,55.02802930679349,2.672143209558256,33.086983353596835,26,2,0,0,39,12,12,10,100,30,20,0.0,0.15
METROLOGY_CONDITIONED_EIG,512023,58.69999551583226,2.958748751021761,33.62390465198847,27,1,0,0,39,12,12,10,100,30,20,0.0,0.15
NO_PASSIVE,512024,257.7931458448914,2.537400960759419,445.27907653515393,0,0,0,0,126,12,12,10,100,30,20,0.0,0.15
RANDOM,512024,9.315718632011196,0.7663697715570088,16.56647818073963,49,11,0,1,126,12,12,10,100,30,20,0.0,0.15
HIGHEST_SNR,512024,41.95640536177574,1.4410101532664092,21.683274997601828,47,13,0,2,126,12,12,10,100,30,20,0.0,0.15
SHORTEST_PULSE,512024,12.509936722944307,0.8622852898939731,16.41447978470353,51,9,0,0,126,12,12,10,100,30,20,0.0,0.15
METROLOGY_CONDITIONED_EIG,512024,13.19975564184439,0.8386966165407901,14.529597731659116,49,11,0,0,126,12,12,10,100,30,20,0.0,0.15
NO_PASSIVE,512025,285.8201897204597,2.7693488795892867,445.27907653515393,0,0,0,0,16,12,12,10,100,30,20,0.0,0.15
RANDOM,512025,382.8975493036592,3.4889240354835143,80.73289075044664,10,4,0,2,16,12,12,10,100,30,20,0.0,0.15
HIGHEST_SNR,512025,382.8975493036592,3.4889240354835143,80.73289075044664,10,4,0,2,16,12,12,10,100,30,20,0.0,0.15
SHORTEST_PULSE,512025,388.3469775870184,3.374232520409802,90.87397994356375,8,6,0,2,16,12,12,10,100,30,20,0.0,0.15
METROLOGY_CONDITIONED_EIG,512025,388.3469775870184,3.374232520409802,90.87397994356375,8,6,0,2,16,12,12,10,100,30,20,0.0,0.15
NO_PASSIVE,512026,524.7193987140488,0.5707723643410415,445.27907653515393,0,0,0,0,190,12,12,10,100,30,20,0.0,0.15
RANDOM,512026,4.249877979459495,1.3604519480707795,30.562342966342406,51,9,0,3,190,12,12,10,100,30,20,0.0,0.15
HIGHEST_SNR,512026,40.12309220179306,0.7124711771427411,36.46117134687837,53,7,0,4,190,12,12,10,100,30,20,0.0,0.15
SHORTEST_PULSE,512026,24.970444610591837,0.9675435524335433,29.040177011653775,49,11,0,0,190,12,12,10,100,30,20,0.0,0.15
METROLOGY_CONDITIONED_EIG,512026,26.749850447911577,1.2732177273120082,26.03780539984587,48,12,0,3,190,12,12,10,100,30,20,0.0,0.15
NO_PASSIVE,512027,744.7515244371376,1.891681930948842,445.27907653515393,0,0,0,0,112,12,12,10,100,30,20,0.0,0.15
RANDOM,512027,1112.5989834663471,1.059271055955517,104.68471641095167,21,39,0,3,112,12,12,10,100,30,20,0.0,0.15
HIGHEST_SNR,512027,133.76125916626813,1.2501067265318706,101.60455229895072,51,9,0,1,112,12,12,10,100,30,20,0.0,0.15
SHORTEST_PULSE,512027,369.78469952385944,2.36980118198995,81.04771976642985,48,12,0,2,112,12,12,10,100,30,20,0.0,0.15
METROLOGY_CONDITIONED_EIG,512027,266.881332139037,4.275244319077453,67.1610022743262,45,15,0,2,112,12,12,10,100,30,20,0.0,0.15
NO_PASSIVE,512028,329.2733197844418,3.418361250471883,445.27907653515393,0,0,0,0,135,12,12,10,100,30,20,0.0,0.15
RANDOM,512028,44.22648622921487,1.760571669555148,23.21804700684105,41,10,0,1,135,12,12,10,100,30,20,0.0,0.15
HIGHEST_SNR,512028,622.2250690797375,5.255103034977689,190.5983351465761,20,31,0,3,135,12,12,10,100,30,20,0.0,0.15
SHORTEST_PULSE,512028,31.425123135912827,1.7016181468999059,16.76540387198411,43,8,0,0,135,12,12,10,100,30,20,0.0,0.15
METROLOGY_CONDITIONED_EIG,512028,33.35637943388727,1.7678545456314352,16.841498020993715,45,6,0,0,135,12,12,10,100,30,20,0.0,0.15
NO_PASSIVE,512029,216.0293654672745,1.0675347501047447,445.27907653515393,0,0,0,0,102,12,12,10,100,30,20,0.0,0.15
RANDOM,512029,27.056313075886017,0.9202165770900395,25.159291797734003,49,6,0,1,102,12,12,10,100,30,20,0.0,0.15
HIGHEST_SNR,512029,27.732705230817444,1.321949088751172,42.436780346442674,44,11,0,1,102,12,12,10,100,30,20,0.0,0.15
SHORTEST_PULSE,512029,25.245870718103877,1.0561944382340607,22.875135178530815,48,7,0,1,102,12,12,10,100,30,20,0.0,0.15
METROLOGY_CONDITIONED_EIG,512029,33.04608463717399,1.0989526976943413,21.52377888235047,49,6,0,1,102,12,12,10,100,30,20,0.0,0.15
NO_PASSIVE,513000,366.62965462522806,0.9198448890140961,445.27907653515393,0,0,0,0,54,13,12,10,100,30,20,0.05,0.0
RANDOM,513000,29.067737579218573,2.084216936457277,28.83046830819426,33,1,0,0,54,13,12,10,100,30,20,0.05,0.0
HIGHEST_SNR,513000,37.66166656011965,2.848337606359225,33.53258279758776,32,2,0,0,54,13,12,10,100,30,20,0.05,0.0
SHORTEST_PULSE,513000,34.499862096465186,2.147335088340466,26.731226294549234,32,2,0,0,54,13,12,10,100,30,20,0.05,0.0
METROLOGY_CONDITIONED_EIG,513000,28.356899890450187,2.6134677473721855,26.777492431245168,30,4,0,0,54,13,12,10,100,30,20,0.05,0.0
NO_PASSIVE,513001,420.5703865177886,3.2583303245424875,445.27907653515393,0,0,0,0,86,13,12,10,100,30,20,0.05,0.0
RANDOM,513001,4.596220154881869,1.063462487595566,37.372997873179976,51,6,0,0,86,13,12,10,100,30,20,0.05,0.0
HIGHEST_SNR,513001,45.05844939214885,1.593746434645477,49.71104382644264,51,6,0,0,86,13,12,10,100,30,20,0.05,0.0
SHORTEST_PULSE,513001,32.566533501484635,1.568342026015431,47.87900500133211,53,4,0,0,86,13,12,10,100,30,20,0.05,0.0
METROLOGY_CONDITIONED_EIG,513001,30.10212441056433,1.4752951066593667,33.27235457890063,50,7,0,0,86,13,12,10,100,30,20,0.05,0.0
NO_PASSIVE,513002,280.6815068771415,1.078811878993066,445.27907653515393,0,0,0,0,149,13,12,10,100,30,20,0.05,0.0
RANDOM,513002,16.733726852670348,0.9433079111357865,20.216539657740135,44,2,0,0,149,13,12,10,100,30,20,0.05,0.0
HIGHEST_SNR,513002,22.73193198517767,0.8129145469450435,21.985904870252675,46,0,0,0,149,13,12,10,100,30,20,0.05,0.0
SHORTEST_PULSE,513002,22.48184188099774,1.1854993858625584,18.344538714232687,42,4,0,0,149,13,12,10,100,30,20,0.05,0.0
METROLOGY_CONDITIONED_EIG,513002,25.560710302029708,1.097654341517339,17.79777498322023,44,2,0,0,149,13,12,10,100,30,20,0.05,0.0
NO_PASSIVE,513003,257.50045143838975,1.646510797581301,445.27907653515393,0,0,0,0,100,13,12,10,100,30,20,0.05,0.0
RANDOM,513003,22.19266727580303,0.9819807900324398,34.51597849491082,56,2,0,0,100,13,12,10,100,30,20,0.05,0.0
HIGHEST_SNR,513003,8.588925526899342,0.5708715647342548,36.21253151140583,56,2,0,0,100,13,12,10,100,30,20,0.05,0.0
SHORTEST_PULSE,513003,39.10440994280453,1.4286527826212638,24.305645458750522,55,3,0,0,100,13,12,10,100,30,20,0.05,0.0
METROLOGY_CONDITIONED_EIG,513003,30.251129559418025,1.2030172635278087,22.2609304784512,53,5,0,0,100,13,12,10,100,30,20,0.05,0.0
NO_PASSIVE,513004,24.10391877747194,1.8636450972344283,445.27907653515393,0,0,0,0,23,13,12,10,100,30,20,0.05,0.0
RANDOM,513004,37.56380539633583,1.3525486661070918,97.42806972711192,21,0,0,0,23,13,12,10,100,30,20,0.05,0.0
HIGHEST_SNR,513004,37.56380539633583,1.3525486661070918,97.42806972711192,21,0,0,0,23,13,12,10,100,30,20,0.05,0.0
SHORTEST_PULSE,513004,131.68102011124327,1.1584866262969666,93.643933936848,21,0,0,0,23,13,12,10,100,30,20,0.05,0.0
METROLOGY_CONDITIONED_EIG,513004,127.22577330252408,1.1445060252902601,81.89240781222252,21,0,0,0,23,13,12,10,100,30,20,0.05,0.0
NO_PASSIVE,513005,303.5723072316348,2.8150257503410967,445.27907653515393,0,0,0,0,44,13,12,10,100,30,20,0.05,0.0
RANDOM,513005,37.18376127588665,1.554917595501416,23.22066798816455,33,1,0,0,44,13,12,10,100,30,20,0.05,0.0
HIGHEST_SNR,513005,47.20692243551012,1.573476914652284,24.282972667707785,33,1,0,0,44,13,12,10,100,30,20,0.05,0.0
SHORTEST_PULSE,513005,48.4194370587684,1.5761329254621663,24.053175978767072,33,1,0,0,44,13,12,10,100,30,20,0.05,0.0
METROLOGY_CONDITIONED_EIG,513005,34.2339647251577,1.3869756803437474,21.890555015988348,33,1,0,0,44,13,12,10,100,30,20,0.05,0.0
NO_PASSIVE,513006,995.8153167842516,3.1721929029797757,445.27907653515393,0,0,0,0,28,13,12,10,100,30,20,0.05,0.0
RANDOM,513006,39.37530541384406,1.8382045936958222,46.16649643705178,23,3,1,0,28,13,12,10,100,30,20,0.05,0.0
HIGHEST_SNR,513006,39.37530541384406,1.8382045936958222,46.16649643705178,23,3,1,0,28,13,12,10,100,30,20,0.05,0.0
SHORTEST_PULSE,513006,37.74928140148391,2.0383941089732116,46.20522890712441,23,3,1,0,28,13,12,10,100,30,20,0.05,0.0
METROLOGY_CONDITIONED_EIG,513006,38.03873859995245,1.99913828597399,46.13338258593373,23,3,1,0,28,13,12,10,100,30,20,0.05,0.0
NO_PASSIVE,513007,279.2593398280616,2.849281431163706,445.27907653515393,0,0,0,0,65,13,12,10,100,30,20,0.05,0.0
RANDOM,513007,21.464719093461667,0.8568495286700399,33.55420586286476,38,3,0,0,65,13,12,10,100,30,20,0.05,0.0
HIGHEST_SNR,513007,23.369490427667518,1.0662555554576167,34.47184383475598,36,5,0,0,65,13,12,10,100,30,20,0.05,0.0
SHORTEST_PULSE,513007,23.369490427667518,1.0662555554576167,34.47184383475598,36,5,0,0,65,13,12,10,100,30,20,0.05,0.0
METROLOGY_CONDITIONED_EIG,513007,36.769958529150315,1.1619888661810303,32.34147140907038,36,5,0,0,65,13,12,10,100,30,20,0.05,0.0
NO_PASSIVE,513008,268.3200455129154,3.9414366923954693,445.27907653515393,0,0,0,0,121,13,12,10,100,30,20,0.05,0.0
RANDOM,513008,58.41264719081319,1.7050349535296638,36.692039459895035,49,5,0,0,121,13,12,10,100,30,20,0.05,0.0
HIGHEST_SNR,513008,37.89060196971626,1.1202737949519632,53.72885367132775,50,4,0,0,121,13,12,10,100,30,20,0.05,0.0
SHORTEST_PULSE,513008,34.637791709235294,1.0118773854789371,25.323244029196577,48,6,0,0,121,13,12,10,100,30,20,0.05,0.0
METROLOGY_CONDITIONED_EIG,513008,35.53415216018521,1.1169640589285603,23.56148880892261,51,3,0,0,121,13,12,10,100,30,20,0.05,0.0
NO_PASSIVE,513009,166.76325913143384,3.521190410828323,445.27907653515393,0,0,0,0,85,13,12,10,100,30,20,0.05,0.0
RANDOM,513009,29.06661677961017,2.6808063479252344,28.14401205085961,58,2,0,0,85,13,12,10,100,30,20,0.05,0.0
HIGHEST_SNR,513009,84.66207090698741,2.6199241703272347,66.66901917516938,56,4,0,0,85,13,12,10,100,30,20,0.05,0.0
SHORTEST_PULSE,513009,18.73151545914457,2.3698690727971,27.54678377375845,57,3,0,0,85,13,12,10,100,30,20,0.05,0.0
METROLOGY_CONDITIONED_EIG,513009,32.792714228401145,2.5522202373628486,24.24274614539937,58,2,0,0,85,13,12,10,100,30,20,0.05,0.0
NO_PASSIVE,513010,335.2740211877528,2.7888574616373014,445.27907653515393,0,0,0,0,28,13,12,10,100,30,20,0.05,0.0
RANDOM,513010,81.25217193540999,2.3276694067951893,77.39419446344147,24,1,0,0,28,13,12,10,100,30,20,0.05,0.0
HIGHEST_SNR,513010,123.79121837130391,2.654739512231333,90.34438591143943,23,2,0,0,28,13,12,10,100,30,20,0.05,0.0
SHORTEST_PULSE,513010,81.25217193540999,2.3276694067951893,77.39419446344147,24,1,0,0,28,13,12,10,100,30,20,0.05,0.0
METROLOGY_CONDITIONED_EIG,513010,101.68611039962197,2.390287229846318,79.50992342948692,23,2,0,0,28,13,12,10,100,30,20,0.05,0.0
NO_PASSIVE,513011,515.6747067107312,3.6567251092457993,445.27907653515393,0,0,0,0,70,13,12,10,100,30,20,0.05,0.0
RANDOM,513011,43.16464579289266,1.7151595954666545,28.520505839170426,45,3,0,0,70,13,12,10,100,30,20,0.05,0.0
HIGHEST_SNR,513011,21.72276459523475,1.1903539062696176,36.84518886134316,44,4,0,0,70,13,12,10,100,30,20,0.05,0.0
SHORTEST_PULSE,513011,24.669006634745188,1.118800344100707,26.153004325339563,46,2,0,0,70,13,12,10,100,30,20,0.05,0.0
METROLOGY_CONDITIONED_EIG,513011,26.701926257230156,1.1737168690648756,25.71872942076916,46,2,0,0,70,13,12,10,100,30,20,0.05,0.0
NO_PASSIVE,513012,486.5441352686418,2.7515594702385173,445.27907653515393,0,0,0,0,45,13,12,10,100,30,20,0.05,0.0
RANDOM,513012,72.92647704121111,2.0804184207182947,24.60044164399392,32,2,0,0,45,13,12,10,100,30,20,0.05,0.0
HIGHEST_SNR,513012,108.70061810738885,2.5593478368875604,25.748043724353703,30,4,0,0,45,13,12,10,100,30,20,0.05,0.0
SHORTEST_PULSE,513012,74.61116737825154,2.0443452192369262,23.76169563704659,31,3,0,0,45,13,12,10,100,30,20,0.05,0.0
METROLOGY_CONDITIONED_EIG,513012,109.02265952207627,2.61359185481529,25.84105407072675,30,4,0,0,45,13,12,10,100,30,20,0.05,0.0
NO_PASSIVE,513013,454.68655517766575,2.631585535708738,445.27907653515393,0,0,0,0,134,13,12,10,100,30,20,0.05,0.0
RANDOM,513013,53.06165856644172,2.090477861156474,21.914196366250746,57,3,0,0,134,13,12,10,100,30,20,0.05,0.0
HIGHEST_SNR,513013,42.53197465876543,2.4232932527624857,33.27165604392061,57,3,0,0,134,13,12,10,100,30,20,0.05,0.0
SHORTEST_PULSE,513013,11.412393239417101,1.1168467176683998,17.643446842847403,56,4,0,0,134,13,12,10,100,30,20,0.05,0.0
METROLOGY_CONDITIONED_EIG,513013,13.231776366268642,1.3352314333883752,16.399657129805618,57,3,0,0,134,13,12,10,100,30,20,0.05,0.0
NO_PASSIVE,513014,112.17591324640684,1.5914669566162738,445.27907653515393,0,0,0,0,149,13,12,10,100,30,20,0.05,0.0
RANDOM,513014,7.472000007335481,0.47493718394566675,21.576272408234612,54,3,0,0,149,13,12,10,100,30,20,0.05,0.0
HIGHEST_SNR,513014,15.32085852272366,0.729516687353049,23.70136138241053,55,2,0,0,149,13,12,10,100,30,20,0.05,0.0
SHORTEST_PULSE,513014,12.16593074712234,0.5016113250276587,19.98454139759147,56,1,0,0,149,13,12,10,100,30,20,0.05,0.0
METROLOGY_CONDITIONED_EIG,513014,10.247518356542413,0.720153843472964,19.105878800195036,56,1,0,0,149,13,12,10,100,30,20,0.05,0.0
NO_PASSIVE,513015,131.7693044186677,2.3895959674616183,445.27907653515393,0,0,0,0,61,13,12,10,100,30,20,0.05,0.0
RANDOM,513015,46.012457611819244,0.6104652694672745,46.42874162643764,40,0,0,0,61,13,12,10,100,30,20,0.05,0.0
HIGHEST_SNR,513015,34.08154885452858,0.47833503016178014,59.687687587402635,40,0,0,0,61,13,12,10,100,30,20,0.05,0.0
SHORTEST_PULSE,513015,16.991731888609838,1.3680599911724942,30.61982263191007,40,0,0,0,61,13,12,10,100,30,20,0.05,0.0
METROLOGY_CONDITIONED_EIG,513015,19.534514625622943,1.1865551092245434,31.195688303262767,40,0,0,0,61,13,12,10,100,30,20,0.05,0.0
NO_PASSIVE,513016,258.9764737751755,4.1574128900337115,445.27907653515393,0,0,0,0,53,13,12,10,100,30,20,0.05,0.0
RANDOM,513016,11.862345082274892,0.1046868552778218,25.477957945787118,37,2,0,0,53,13,12,10,100,30,20,0.05,0.0
HIGHEST_SNR,513016,22.342175529126266,0.3046725052409399,30.59969010696754,36,3,0,0,53,13,12,10,100,30,20,0.05,0.0
SHORTEST_PULSE,513016,23.0555230396665,0.5706219427142939,22.222241563094745,37,2,0,0,53,13,12,10,100,30,20,0.05,0.0
METROLOGY_CONDITIONED_EIG,513016,22.56161921614139,0.5321929094856456,22.214262726225208,37,2,0,0,53,13,12,10,100,30,20,0.05,0.0
NO_PASSIVE,513017,126.3908676844855,1.53361506626078,445.27907653515393,0,0,0,0,87,13,12,10,100,30,20,0.05,0.0
RANDOM,513017,11.309614866020215,0.39559659850270584,18.38358606007093,56,1,0,0,87,13,12,10,100,30,20,0.05,0.0
HIGHEST_SNR,513017,16.270519617504927,0.12768428701400208,18.989623603162762,56,1,0,0,87,13,12,10,100,30,20,0.05,0.0
SHORTEST_PULSE,513017,10.07214771834353,0.11637209887215069,17.247592717714163,56,1,0,0,87,13,12,10,100,30,20,0.05,0.0
METROLOGY_CONDITIONED_EIG,513017,15.676201619590724,0.15464749331806182,16.407950217294314,56,1,0,0,87,13,12,10,100,30,20,0.05,0.0
NO_PASSIVE,513018,227.86523500184865,3.2825270572471994,445.27907653515393,0,0,0,0,135,13,12,10,100,30,20,0.05,0.0
RANDOM,513018,2.5623004373220635,0.9628609949113766,26.498477972476056,53,7,0,0,135,13,12,10,100,30,20,0.05,0.0
HIGHEST_SNR,513018,26.9280327569347,1.1522767378780998,50.891637529177274,57,3,0,0,135,13,12,10,100,30,20,0.05,0.0
SHORTEST_PULSE,513018,6.747584871852879,0.7959165424825584,23.15635698054245,56,4,0,0,135,13,12,10,100,30,20,0.05,0.0
METROLOGY_CONDITIONED_EIG,513018,10.906404577834875,0.7943296734641617,23.632198157440904,55,5,0,0,135,13,12,10,100,30,20,0.05,0.0
NO_PASSIVE,513019,357.11993852216546,3.050924109456045,445.27907653515393,0,0,0,0,118,13,12,10,100,30,20,0.05,0.0
RANDOM,513019,105.86078890492969,2.631131497455421,42.668707297698425,49,6,0,0,118,13,12,10,100,30,20,0.05,0.0
HIGHEST_SNR,513019,60.72016830464837,2.268590032716625,37.748858511046556,52,3,0,0,118,13,12,10,100,30,20,0.05,0.0
SHORTEST_PULSE,513019,101.38296228346667,2.562221244683718,44.27185280857922,52,3,0,0,118,13,12,10,100,30,20,0.05,0.0
METROLOGY_CONDITIONED_EIG,513019,73.03915529151739,1.990884575841621,35.42528563908231,51,4,0,0,118,13,12,10,100,30,20,0.05,0.0
NO_PASSIVE,513020,448.1735757446323,2.048848138997551,445.27907653515393,0,0,0,0,119,13,12,10,100,30,20,0.05,0.0
RANDOM,513020,33.382699248760744,2.1081394613104525,38.98838722955292,41,1,0,0,119,13,12,10,100,30,20,0.05,0.0
HIGHEST_SNR,513020,78.29676640850913,1.7962779047832507,40.206782922340786,41,1,0,0,119,13,12,10,100,30,20,0.05,0.0
SHORTEST_PULSE,513020,67.81449508453545,1.8796646075128023,36.49944085172137,41,1,0,0,119,13,12,10,100,30,20,0.05,0.0
METROLOGY_CONDITIONED_EIG,513020,31.88193473834183,1.2474482334251107,31.97592054226312,40,2,0,0,119,13,12,10,100,30,20,0.05,0.0
NO_PASSIVE,513021,317.0306723512345,2.00200498751648,445.27907653515393,0,0,0,0,110,13,12,10,100,30,20,0.05,0.0
RANDOM,513021,37.658674550309854,0.39952610290540036,29.723696703711084,52,1,0,0,110,13,12,10,100,30,20,0.05,0.0
HIGHEST_SNR,513021,40.37320884297233,0.4513845649663337,32.99683197950391,51,2,0,0,110,13,12,10,100,30,20,0.05,0.0
SHORTEST_PULSE,513021,18.58911532169935,0.3479258372797457,27.54804921277152,49,4,0,0,110,13,12,10,100,30,20,0.05,0.0
METROLOGY_CONDITIONED_EIG,513021,21.161795673755282,1.1648507250285918,25.87825657130668,48,5,0,0,110,13,12,10,100,30,20,0.05,0.0
NO_PASSIVE,513022,154.5597513340646,1.3893772032095297,445.27907653515393,0,0,0,0,118,13,12,10,100,30,20,0.05,0.0
RANDOM,513022,15.516661039256364,1.013484829509423,32.42383252715408,58,2,0,0,118,13,12,10,100,30,20,0.05,0.0
HIGHEST_SNR,513022,17.13377430350991,0.5443624713109809,42.15184361029804,56,4,0,0,118,13,12,10,100,30,20,0.05,0.0
SHORTEST_PULSE,513022,18.867838522195328,0.6697974241942344,37.15963745967592,56,4,0,0,118,13,12,10,100,30,20,0.05,0.0
METROLOGY_CONDITIONED_EIG,513022,28.1236050459997,1.285742745772948,31.809519565255705,56,4,0,0,118,13,12,10,100,30,20,0.05,0.0
NO_PASSIVE,513023,476.1956481868908,2.586367584727168,445.27907653515393,0,0,0,0,15,13,12,10,100,30,20,0.05,0.0
RANDOM,513023,48.055048203147706,2.3912936806619247,57.831459312662474,12,1,1,0,15,13,12,10,100,30,20,0.05,0.0
HIGHEST_SNR,513023,62.53466517135959,2.245770161700787,59.9459847196276,11,2,1,0,15,13,12,10,100,30,20,0.05,0.0
SHORTEST_PULSE,513023,59.3798225695937,2.1728854909218605,59.87183742583965,11,2,1,0,15,13,12,10,100,30,20,0.05,0.0
METROLOGY_CONDITIONED_EIG,513023,47.28244782407064,2.3165775544047795,57.785703342935605,12,1,1,0,15,13,12,10,100,30,20,0.05,0.0
NO_PASSIVE,513024,164.13422362113332,4.592932806091595,445.27907653515393,0,0,0,0,51,13,12,10,100,30,20,0.05,0.0
RANDOM,513024,31.97712148834714,0.7435053847764038,22.48010085111821,40,0,0,0,51,13,12,10,100,30,20,0.05,0.0
HIGHEST_SNR,513024,31.746964208145044,0.9160550955158694,22.430600919596202,40,0,0,0,51,13,12,10,100,30,20,0.05,0.0
SHORTEST_PULSE,513024,26.271600095878686,0.7545989038917963,22.350487314554876,40,0,0,0,51,13,12,10,100,30,20,0.05,0.0
METROLOGY_CONDITIONED_EIG,513024,29.87078702278536,0.820234083092277,22.36418888873412,40,0,0,0,51,13,12,10,100,30,20,0.05,0.0
NO_PASSIVE,513025,801.1569532275676,4.97581066941063,445.27907653515393,0,0,0,0,74,13,12,10,100,30,20,0.05,0.0
RANDOM,513025,57.56361384048129,2.5517146031398106,23.01465004817737,42,1,0,0,74,13,12,10,100,30,20,0.05,0.0
HIGHEST_SNR,513025,31.70048843213986,1.6165855603036308,21.839722193815437,43,0,0,0,74,13,12,10,100,30,20,0.05,0.0
SHORTEST_PULSE,513025,40.22632474448629,1.4521111543097973,20.67322571722851,43,0,0,0,74,13,12,10,100,30,20,0.05,0.0
METROLOGY_CONDITIONED_EIG,513025,54.86646116422856,1.9589051404728353,20.823286791422017,43,0,0,0,74,13,12,10,100,30,20,0.05,0.0
NO_PASSIVE,513026,474.0332660172376,3.6316248253934487,445.27907653515393,0,0,0,0,48,13,12,10,100,30,20,0.05,0.0
RANDOM,513026,3.0541511387099507,0.29715667074130686,21.249692244281853,46,1,0,0,48,13,12,10,100,30,20,0.05,0.0
HIGHEST_SNR,513026,3.0541511387099507,0.29715667074130686,21.249692244281853,46,1,0,0,48,13,12,10,100,30,20,0.05,0.0
SHORTEST_PULSE,513026,3.0541511387099507,0.29715667074130686,21.249692244281853,46,1,0,0,48,13,12,10,100,30,20,0.05,0.0
METROLOGY_CONDITIONED_EIG,513026,3.0541511387099507,0.29715667074130686,21.249692244281853,46,1,0,0,48,13,12,10,100,30,20,0.05,0.0
NO_PASSIVE,513027,282.2289432338774,3.5579854230939976,445.27907653515393,0,0,0,0,40,13,12,10,100,30,20,0.05,0.0
RANDOM,513027,95.01584578003816,2.346238168168642,65.5002084975518,35,3,0,0,40,13,12,10,100,30,20,0.05,0.0
HIGHEST_SNR,513027,91.46957492003472,2.405939524722406,65.94499430596211,35,3,0,0,40,13,12,10,100,30,20,0.05,0.0
SHORTEST_PULSE,513027,92.51141292547037,2.4119650959160994,64.56782750095002,35,3,0,0,40,13,12,10,100,30,20,0.05,0.0
METROLOGY_CONDITIONED_EIG,513027,92.51141292547037,2.4119650959160994,64.56782750095002,35,3,0,0,40,13,12,10,100,30,20,0.05,0.0
NO_PASSIVE,513028,448.30068579893145,3.5212608618351955,445.27907653515393,0,0,0,0,111,13,12,10,100,30,20,0.05,0.0
RANDOM,513028,28.452262995612724,0.9444091521693162,18.219728322688283,53,4,0,0,111,13,12,10,100,30,20,0.05,0.0
HIGHEST_SNR,513028,34.05537280531371,0.4799192519367225,16.73550085460988,54,3,0,0,111,13,12,10,100,30,20,0.05,0.0
SHORTEST_PULSE,513028,26.932943385592914,0.6708817942555073,17.965726933862292,52,5,0,0,111,13,12,10,100,30,20,0.05,0.0
METROLOGY_CONDITIONED_EIG,513028,21.48794307252818,0.6095183190858467,14.940227107585725,54,3,0,0,111,13,12,10,100,30,20,0.05,0.0
NO_PASSIVE,513029,336.3323606536425,2.7202379309235414,445.27907653515393,0,0,0,0,124,13,12,10,100,30,20,0.05,0.0
RANDOM,513029,18.637809982371344,1.1675833539028864,32.82858403245002,49,5,0,0,124,13,12,10,100,30,20,0.05,0.0
HIGHEST_SNR,513029,16.42034198180192,0.6566886823055482,35.94950351139496,48,6,0,0,124,13,12,10,100,30,20,0.05,0.0
SHORTEST_PULSE,513029,19.508177843679057,0.902442199598938,29.46333191914473,47,7,0,0,124,13,12,10,100,30,20,0.05,0.0
METROLOGY_CONDITIONED_EIG,513029,26.39982489840537,1.455966454769181,28.536159361827423,49,5,0,0,124,13,12,10,100,30,20,0.05,0.0
NO_PASSIVE,514000,365.24678240171164,5.64895695208786,445.27907653515393,0,0,0,0,118,14,12,10,100,30,20,0.05,0.05
RANDOM,514000,37.76546018081848,0.9435288805986345,32.0658442870532,51,9,1,0,118,14,12,10,100,30,20,0.05,0.05
HIGHEST_SNR,514000,40.91581535108654,3.974592004026754,54.41083368844584,53,7,1,0,118,14,12,10,100,30,20,0.05,0.05
SHORTEST_PULSE,514000,87.10011546464334,3.232122776000929,49.39580928966004,50,10,1,0,118,14,12,10,100,30,20,0.05,0.05
METROLOGY_CONDITIONED_EIG,514000,12.631868896274925,0.497629535857308,24.282606002666913,52,8,1,0,118,14,12,10,100,30,20,0.05,0.05
NO_PASSIVE,514001,285.26941974409067,4.092859574791583,445.27907653515393,0,0,0,0,102,14,12,10,100,30,20,0.05,0.05
RANDOM,514001,13.682343309743025,0.7169075593200279,29.909184226136766,55,3,0,0,102,14,12,10,100,30,20,0.05,0.05
HIGHEST_SNR,514001,105.61969605146905,1.7262912455687995,35.865400409014974,52,6,0,0,102,14,12,10,100,30,20,0.05,0.05
SHORTEST_PULSE,514001,29.345784860741322,1.2329319504010492,26.940214542841506,49,9,0,0,102,14,12,10,100,30,20,0.05,0.05
METROLOGY_CONDITIONED_EIG,514001,21.12732398156047,0.6701628460304089,24.32412647711957,52,6,0,0,102,14,12,10,100,30,20,0.05,0.05
NO_PASSIVE,514002,836.3744603159728,1.6474945305488564,445.27907653515393,0,0,0,0,15,14,12,10,100,30,20,0.05,0.05
RANDOM,514002,29.85479307624348,1.1156090042875324,36.04689372322212,14,1,0,0,15,14,12,10,100,30,20,0.05,0.05
HIGHEST_SNR,514002,29.85479307624348,1.1156090042875324,36.04689372322212,14,1,0,0,15,14,12,10,100,30,20,0.05,0.05
SHORTEST_PULSE,514002,29.85479307624348,1.1156090042875324,36.04689372322212,14,1,0,0,15,14,12,10,100,30,20,0.05,0.05
METROLOGY_CONDITIONED_EIG,514002,29.85479307624348,1.1156090042875324,36.04689372322212,14,1,0,0,15,14,12,10,100,30,20,0.05,0.05
NO_PASSIVE,514003,336.080003210706,1.7185045822642928,445.27907653515393,0,0,0,0,181,14,12,10,100,30,20,0.05,0.05
RANDOM,514003,24.894527513358355,1.2914683802253202,24.437303111268932,57,3,0,0,181,14,12,10,100,30,20,0.05,0.05
HIGHEST_SNR,514003,43.877934310993275,1.817994521884039,37.05092671541817,57,3,0,0,181,14,12,10,100,30,20,0.05,0.05
SHORTEST_PULSE,514003,38.13168546846574,1.6195556972599057,17.78639721028057,56,4,1,0,181,14,12,10,100,30,20,0.05,0.05
METROLOGY_CONDITIONED_EIG,514003,30.579632494515693,1.4833388291355278,17.764409529539765,52,8,0,0,181,14,12,10,100,30,20,0.05,0.05
NO_PASSIVE,514004,186.14866383198938,2.0934032794735282,445.27907653515393,0,0,0,0,147,14,12,10,100,30,20,0.05,0.05
RANDOM,514004,5.607496172771373,0.7334046347638762,20.75508554921891,52,8,0,0,147,14,12,10,100,30,20,0.05,0.05
HIGHEST_SNR,514004,11.786900796399335,0.14245407204832142,38.801085348928545,56,4,0,0,147,14,12,10,100,30,20,0.05,0.05
SHORTEST_PULSE,514004,16.127204808682045,0.39402319937096314,17.575630856817565,52,8,0,0,147,14,12,10,100,30,20,0.05,0.05
METROLOGY_CONDITIONED_EIG,514004,8.877737984956003,0.20882281921800327,17.793843393711295,52,8,0,0,147,14,12,10,100,30,20,0.05,0.05
NO_PASSIVE,514005,810.0072429818663,2.6836672303341227,445.27907653515393,0,0,0,0,94,14,12,10,100,30,20,0.05,0.05
RANDOM,514005,757.8891416307335,2.318382981633405,139.9841454783151,12,31,0,1,94,14,12,10,100,30,20,0.05,0.05
HIGHEST_SNR,514005,56.84695969785979,2.7446691713082263,28.83243321427638,36,7,0,0,94,14,12,10,100,30,20,0.05,0.05
SHORTEST_PULSE,514005,95.74952090471575,3.322737910294257,22.975549240765094,33,10,0,0,94,14,12,10,100,30,20,0.05,0.05
METROLOGY_CONDITIONED_EIG,514005,95.77973694927479,3.403479946351939,23.103138240960888,28,15,0,0,94,14,12,10,100,30,20,0.05,0.05
NO_PASSIVE,514006,178.26180995212286,1.7517126687692346,445.27907653515393,0,0,0,0,7,14,12,10,100,30,20,0.05,0.05
RANDOM,514006,151.48628430941199,1.9632705203654952,317.10946004207153,7,0,0,0,7,14,12,10,100,30,20,0.05,0.05
HIGHEST_SNR,514006,151.48628430941199,1.9632705203654952,317.10946004207153,7,0,0,0,7,14,12,10,100,30,20,0.05,0.05
SHORTEST_PULSE,514006,151.48628430941199,1.9632705203654952,317.10946004207153,7,0,0,0,7,14,12,10,100,30,20,0.05,0.05
METROLOGY_CONDITIONED_EIG,514006,151.48628430941199,1.9632705203654952,317.10946004207153,7,0,0,0,7,14,12,10,100,30,20,0.05,0.05
NO_PASSIVE,514007,328.1869532255344,1.3891163057075666,445.27907653515393,0,0,0,0,122,14,12,10,100,30,20,0.05,0.05
RANDOM,514007,6.383495087643164,0.8180307199754541,21.63699163386688,46,5,0,0,122,14,12,10,100,30,20,0.05,0.05
HIGHEST_SNR,514007,22.65615238478014,0.8734020591731453,22.730082616344042,46,5,0,0,122,14,12,10,100,30,20,0.05,0.05
SHORTEST_PULSE,514007,32.752060707404155,1.2987978165124905,18.237648439022728,44,7,0,0,122,14,12,10,100,30,20,0.05,0.05
METROLOGY_CONDITIONED_EIG,514007,31.090816883114677,1.3910182681578285,17.94512197114071,46,5,0,0,122,14,12,10,100,30,20,0.05,0.05
NO_PASSIVE,514008,222.25269482941,1.0310987778299725,445.27907653515393,0,0,0,0,99,14,12,10,100,30,20,0.05,0.05
RANDOM,514008,22.632186142422405,1.0540383093721448,20.45607400963834,52,7,0,0,99,14,12,10,100,30,20,0.05,0.05
HIGHEST_SNR,514008,21.567966658183938,1.2088673105867018,18.478111900844194,53,6,0,0,99,14,12,10,100,30,20,0.05,0.05
SHORTEST_PULSE,514008,19.979969353405284,0.9548678369909713,17.002039146345805,56,3,0,0,99,14,12,10,100,30,20,0.05,0.05
METROLOGY_CONDITIONED_EIG,514008,24.892254746287914,1.2153308429709262,17.40074677895325,55,4,0,0,99,14,12,10,100,30,20,0.05,0.05
NO_PASSIVE,514009,753.2595777004157,3.1734587453689924,445.27907653515393,0,0,0,0,86,14,12,10,100,30,20,0.05,0.05
RANDOM,514009,8.415951277305696,0.8276700964273958,19.878608205808284,42,7,0,0,86,14,12,10,100,30,20,0.05,0.05
HIGHEST_SNR,514009,7.382104297528764,0.9965972269935586,19.37384911547135,44,5,0,0,86,14,12,10,100,30,20,0.05,0.05
SHORTEST_PULSE,514009,7.928118146608422,0.9063142272855487,19.35794196871244,44,5,0,0,86,14,12,10,100,30,20,0.05,0.05
METROLOGY_CONDITIONED_EIG,514009,5.504532887380471,1.0394613275731002,19.591923913067657,45,4,0,0,86,14,12,10,100,30,20,0.05,0.05
NO_PASSIVE,514010,342.7514315685984,2.140974249386295,445.27907653515393,0,0,0,0,84,14,12,10,100,30,20,0.05,0.05
RANDOM,514010,36.17484586118417,1.5796509952991598,33.425451676647825,49,0,0,1,84,14,12,10,100,30,20,0.05,0.05
HIGHEST_SNR,514010,31.10516733790778,1.2356736651816718,46.96633126414141,47,2,0,1,84,14,12,10,100,30,20,0.05,0.05
SHORTEST_PULSE,514010,38.5346200423236,1.7145155831850856,28.464031904866488,48,1,0,1,84,14,12,10,100,30,20,0.05,0.05
METROLOGY_CONDITIONED_EIG,514010,39.64422286267743,1.4684489272270806,28.696660578931045,47,2,0,1,84,14,12,10,100,30,20,0.05,0.05
NO_PASSIVE,514011,285.8232866765693,4.006415937212669,445.27907653515393,0,0,0,0,66,14,12,10,100,30,20,0.05,0.05
RANDOM,514011,35.49254469661887,1.8342926008497025,52.66870272838432,44,3,0,1,66,14,12,10,100,30,20,0.05,0.05
HIGHEST_SNR,514011,160.20781832071924,4.291078957229322,118.19459864811553,41,6,0,1,66,14,12,10,100,30,20,0.05,0.05
SHORTEST_PULSE,514011,17.58785718025506,1.7994824426370957,37.55410717482348,42,5,0,0,66,14,12,10,100,30,20,0.05,0.05
METROLOGY_CONDITIONED_EIG,514011,18.70012761754765,2.0350891924313492,36.618285815355115,42,5,0,1,66,14,12,10,100,30,20,0.05,0.05
NO_PASSIVE,514012,497.0539741914317,5.842355674802892,445.27907653515393,0,0,0,0,22,14,12,10,100,30,20,0.05,0.05
RANDOM,514012,78.68584165581049,2.4264155280262325,52.32880378829463,16,2,0,0,22,14,12,10,100,30,20,0.05,0.05
HIGHEST_SNR,514012,69.68857741229255,2.2811888339709396,48.92011356017056,16,2,0,0,22,14,12,10,100,30,20,0.05,0.05
SHORTEST_PULSE,514012,74.1298759161576,2.658995496295759,50.2253010964378,16,2,0,0,22,14,12,10,100,30,20,0.05,0.05
METROLOGY_CONDITIONED_EIG,514012,74.67967328533591,2.667791817656318,48.88359261874474,16,2,0,0,22,14,12,10,100,30,20,0.05,0.05
NO_PASSIVE,514013,376.05845712732116,1.5135584346430069,445.27907653515393,0,0,0,0,50,14,12,10,100,30,20,0.05,0.05
RANDOM,514013,23.13018391474814,2.7948828796751513,37.37387693978339,34,4,0,0,50,14,12,10,100,30,20,0.05,0.05
HIGHEST_SNR,514013,25.14908771899199,2.3069078265401,37.153917255197236,35,3,0,0,50,14,12,10,100,30,20,0.05,0.05
SHORTEST_PULSE,514013,10.769858012531904,2.5165273774631616,35.497164344663844,37,1,0,0,50,14,12,10,100,30,20,0.05,0.05
METROLOGY_CONDITIONED_EIG,514013,14.89068503366529,2.584728562328003,35.649657985176205,37,1,0,0,50,14,12,10,100,30,20,0.05,0.05
NO_PASSIVE,514014,30.77247251025074,4.086249026054152,445.27907653515393,0,0,0,0,95,14,12,10,100,30,20,0.05,0.05
RANDOM,514014,17.113777147027367,1.613431284964111,28.3644112130078,45,2,0,1,95,14,12,10,100,30,20,0.05,0.05
HIGHEST_SNR,514014,22.96704245852896,1.2700686806028276,25.035717035969284,43,4,0,0,95,14,12,10,100,30,20,0.05,0.05
SHORTEST_PULSE,514014,20.948877642976605,1.0380919546602319,29.865225569472983,43,4,0,0,95,14,12,10,100,30,20,0.05,0.05
METROLOGY_CONDITIONED_EIG,514014,25.3025941265854,1.3441993545418127,25.293168405728007,42,5,0,0,95,14,12,10,100,30,20,0.05,0.05
NO_PASSIVE,514015,129.0542899873331,0.26515081422831416,445.27907653515393,0,0,0,0,155,14,12,10,100,30,20,0.05,0.05
RANDOM,514015,27.341358903627086,1.3952922398391887,22.08207820436537,49,8,0,1,155,14,12,10,100,30,20,0.05,0.05
HIGHEST_SNR,514015,72.77405555049468,3.388396633386302,30.361552607926065,46,11,0,1,155,14,12,10,100,30,20,0.05,0.05
SHORTEST_PULSE,514015,49.02706742088696,2.201574685003596,22.406629436195672,51,6,0,1,155,14,12,10,100,30,20,0.05,0.05
METROLOGY_CONDITIONED_EIG,514015,28.857105554287248,1.4080351182611572,18.340090883120308,45,12,0,1,155,14,12,10,100,30,20,0.05,0.05
NO_PASSIVE,514016,342.7327397655087,2.9352262201020274,445.27907653515393,0,0,0,0,52,14,12,10,100,30,20,0.05,0.05
RANDOM,514016,11.211254279794256,0.5694634731040049,44.38373713088432,38,2,0,0,52,14,12,10,100,30,20,0.05,0.05
HIGHEST_SNR,514016,17.36099233606744,0.5109275120000442,45.192552058159706,38,2,0,0,52,14,12,10,100,30,20,0.05,0.05
SHORTEST_PULSE,514016,27.602045354129768,0.597160637519463,43.692023508288536,37,3,0,0,52,14,12,10,100,30,20,0.05,0.05
METROLOGY_CONDITIONED_EIG,514016,32.67148115608665,0.7598323615209538,43.38566797968102,37,3,0,0,52,14,12,10,100,30,20,0.05,0.05
NO_PASSIVE,514017,359.9843317101202,1.598772533795183,445.27907653515393,0,0,0,0,91,14,12,10,100,30,20,0.05,0.05
RANDOM,514017,33.220729954315,0.5191870248973762,44.26985151439566,40,7,0,1,91,14,12,10,100,30,20,0.05,0.05
HIGHEST_SNR,514017,259.0846656311035,0.3003928927256351,136.35900008367472,40,7,0,1,91,14,12,10,100,30,20,0.05,0.05
SHORTEST_PULSE,514017,20.826103231805813,0.6623646819217484,34.73709667581571,43,4,0,1,91,14,12,10,100,30,20,0.05,0.05
METROLOGY_CONDITIONED_EIG,514017,25.999193583659466,1.1310235013397394,30.54220031905337,44,3,0,1,91,14,12,10,100,30,20,0.05,0.05
NO_PASSIVE,514018,618.9154559526473,2.1142184932924417,445.27907653515393,0,0,0,0,22,14,12,10,100,30,20,0.05,0.05
RANDOM,514018,103.82445347013872,2.4736871257927424,41.208980406963654,20,0,0,0,22,14,12,10,100,30,20,0.05,0.05
HIGHEST_SNR,514018,103.82445347013872,2.4736871257927424,41.208980406963654,20,0,0,0,22,14,12,10,100,30,20,0.05,0.05
SHORTEST_PULSE,514018,103.82445347013872,2.4736871257927424,41.208980406963654,20,0,0,0,22,14,12,10,100,30,20,0.05,0.05
METROLOGY_CONDITIONED_EIG,514018,103.82445347013872,2.4736871257927424,41.208980406963654,20,0,0,0,22,14,12,10,100,30,20,0.05,0.05
NO_PASSIVE,514019,471.07122311255625,4.381467472188896,445.27907653515393,0,0,0,0,39,14,12,10,100,30,20,0.05,0.05
RANDOM,514019,19.99859038198444,0.5039423392693383,41.81818843806881,31,4,0,0,39,14,12,10,100,30,20,0.05,0.05
HIGHEST_SNR,514019,71.94769954140715,1.442350949998402,67.83195812137753,32,3,0,0,39,14,12,10,100,30,20,0.05,0.05
SHORTEST_PULSE,514019,71.94769954140715,1.442350949998402,67.83195812137753,32,3,0,0,39,14,12,10,100,30,20,0.05,0.05
METROLOGY_CONDITIONED_EIG,514019,19.57544565459932,0.5054570129834662,41.53246990659233,32,3,0,0,39,14,12,10,100,30,20,0.05,0.05
NO_PASSIVE,514020,420.29835385965885,2.034511798447126,445.27907653515393,0,0,0,0,61,14,12,10,100,30,20,0.05,0.05
RANDOM,514020,38.81452947520369,1.430094096852656,43.61867328007816,32,5,0,0,61,14,12,10,100,30,20,0.05,0.05
HIGHEST_SNR,514020,10.52534854035311,0.363048964113586,33.5551470312966,33,4,0,0,61,14,12,10,100,30,20,0.05,0.05
SHORTEST_PULSE,514020,12.293882312018974,0.5469858180978693,28.81254075332821,33,4,0,0,61,14,12,10,100,30,20,0.05,0.05
METROLOGY_CONDITIONED_EIG,514020,29.705373158983818,0.186473463582739,27.002999065262095,32,5,0,0,61,14,12,10,100,30,20,0.05,0.05
NO_PASSIVE,514021,425.24507846304357,2.78732265811558,445.27907653515393,0,0,0,0,94,14,12,10,100,30,20,0.05,0.05
RANDOM,514021,30.240206926455354,1.5563036269205697,27.127101597638937,48,6,0,0,94,14,12,10,100,30,20,0.05,0.05
HIGHEST_SNR,514021,65.80944339790385,2.577003186453811,38.79030336106639,49,5,0,0,94,14,12,10,100,30,20,0.05,0.05
SHORTEST_PULSE,514021,34.150107035968695,1.5903886851706295,28.21828650741765,49,5,0,0,94,14,12,10,100,30,20,0.05,0.05
METROLOGY_CONDITIONED_EIG,514021,38.176671661744784,1.5496520471460378,25.284010423267123,50,4,0,0,94,14,12,10,100,30,20,0.05,0.05
NO_PASSIVE,514022,496.73386893158846,2.054996941427946,445.27907653515393,0,0,0,0,37,14,12,10,100,30,20,0.05,0.05
RANDOM,514022,82.02289434971799,2.061569664011875,40.572573501344,23,4,0,0,37,14,12,10,100,30,20,0.05,0.05
HIGHEST_SNR,514022,64.68941503151687,2.088670878246176,39.89663506226803,25,2,0,0,37,14,12,10,100,30,20,0.05,0.05
SHORTEST_PULSE,514022,29.39431830885302,1.4811182660979425,34.37962380451231,24,3,0,0,37,14,12,10,100,30,20,0.05,0.05
METROLOGY_CONDITIONED_EIG,514022,77.7377199282573,1.9115492877210019,39.65322823799436,23,4,0,0,37,14,12,10,100,30,20,0.05,0.05
NO_PASSIVE,514023,536.3661355074213,3.4693917144718247,445.27907653515393,0,0,0,0,92,14,12,10,100,30,20,0.05,0.05
RANDOM,514023,9.532778003801571,0.8925330699261914,20.259414350334787,47,10,0,0,92,14,12,10,100,30,20,0.05,0.05
HIGHEST_SNR,514023,39.56504137955433,1.6685705640195774,31.58136823811871,43,14,0,0,92,14,12,10,100,30,20,0.05,0.05
SHORTEST_PULSE,514023,38.612154241340406,2.204819875059097,21.876907642813823,43,14,0,1,92,14,12,10,100,30,20,0.05,0.05
METROLOGY_CONDITIONED_EIG,514023,14.240259017761504,0.7962635960861777,20.622506596541974,47,10,0,0,92,14,12,10,100,30,20,0.05,0.05
NO_PASSIVE,514024,351.61296182433773,3.161239102919027,445.27907653515393,0,0,0,0,75,14,12,10,100,30,20,0.05,0.05
RANDOM,514024,39.40082038962822,2.127087501112539,25.04119767517398,49,5,0,1,75,14,12,10,100,30,20,0.05,0.05
HIGHEST_SNR,514024,35.61768055909504,2.046925472065554,26.387982020708236,51,3,0,0,75,14,12,10,100,30,20,0.05,0.05
SHORTEST_PULSE,514024,64.21319928535264,2.3417924550528157,23.957716970338303,51,3,0,1,75,14,12,10,100,30,20,0.05,0.05
METROLOGY_CONDITIONED_EIG,514024,67.35580251024871,2.435537167218819,23.24092871192191,51,3,0,1,75,14,12,10,100,30,20,0.05,0.05
NO_PASSIVE,514025,643.7212856957032,3.8480245302011666,445.27907653515393,0,0,0,0,157,14,12,10,100,30,20,0.05,0.05
RANDOM,514025,33.58786579243167,1.6002990307343938,18.46134619508994,52,8,0,0,157,14,12,10,100,30,20,0.05,0.05
HIGHEST_SNR,514025,47.55441986377893,3.2529543004035752,45.64958250376797,56,4,0,1,157,14,12,10,100,30,20,0.05,0.05
SHORTEST_PULSE,514025,19.489702702586865,1.0590796290245632,14.821343161908741,51,9,0,0,157,14,12,10,100,30,20,0.05,0.05
METROLOGY_CONDITIONED_EIG,514025,23.319218450156466,1.1801983236311326,13.957027209001371,54,6,0,0,157,14,12,10,100,30,20,0.05,0.05
NO_PASSIVE,514026,517.3614700682231,1.3213657869709265,445.27907653515393,0,0,0,0,105,14,12,10,100,30,20,0.05,0.05
RANDOM,514026,14.475513081546884,1.2158038958059099,20.533961745658388,54,2,0,0,105,14,12,10,100,30,20,0.05,0.05
HIGHEST_SNR,514026,10.083080795852451,1.079156744953168,19.27233265271764,53,3,0,0,105,14,12,10,100,30,20,0.05,0.05
SHORTEST_PULSE,514026,1.452635369943255,1.0325595654933113,19.546914571453513,52,4,0,0,105,14,12,10,100,30,20,0.05,0.05
METROLOGY_CONDITIONED_EIG,514026,15.863268891742772,1.4440140337300518,17.875641825151853,53,3,0,0,105,14,12,10,100,30,20,0.05,0.05
NO_PASSIVE,514027,573.6806293895021,2.2883517308918675,445.27907653515393,0,0,0,0,125,14,12,10,100,30,20,0.05,0.05
RANDOM,514027,41.46385192543462,1.420823608608324,24.36703383365791,39,14,0,2,125,14,12,10,100,30,20,0.05,0.05
HIGHEST_SNR,514027,17.988360479317972,0.4689562118996281,23.903226231308047,46,7,0,1,125,14,12,10,100,30,20,0.05,0.05
SHORTEST_PULSE,514027,26.511131130673647,1.0792254591362804,22.410992257807553,43,10,0,1,125,14,12,10,100,30,20,0.05,0.05
METROLOGY_CONDITIONED_EIG,514027,29.819101406182206,0.9276450793542617,22.727139643483092,44,9,0,1,125,14,12,10,100,30,20,0.05,0.05
NO_PASSIVE,514028,298.78045147225004,0.19875168808279756,445.27907653515393,0,0,0,0,20,14,12,10,100,30,20,0.05,0.05
RANDOM,514028,54.62731658582477,2.158938534038638,66.29754303640236,16,2,0,0,20,14,12,10,100,30,20,0.05,0.05
HIGHEST_SNR,514028,3.4143302691995805,1.3442257423621937,65.5110984712473,16,2,0,0,20,14,12,10,100,30,20,0.05,0.05
SHORTEST_PULSE,514028,3.4143302691995805,1.3442257423621937,65.5110984712473,16,2,0,0,20,14,12,10,100,30,20,0.05,0.05
METROLOGY_CONDITIONED_EIG,514028,79.81767308735377,2.650269769771356,59.39945796034779,16,2,0,0,20,14,12,10,100,30,20,0.05,0.05
NO_PASSIVE,514029,414.6844892265539,3.214331585565002,445.27907653515393,0,0,0,0,123,14,12,10,100,30,20,0.05,0.05
RANDOM,514029,54.7986199056443,1.4739420035534192,21.681751242376293,50,6,0,0,123,14,12,10,100,30,20,0.05,0.05
HIGHEST_SNR,514029,56.774274958764835,1.5815483739002587,22.306020012017854,50,6,0,0,123,14,12,10,100,30,20,0.05,0.05
SHORTEST_PULSE,514029,42.37525686801715,1.4295681857878961,17.72687877251972,49,7,0,0,123,14,12,10,100,30,20,0.05,0.05
METROLOGY_CONDITIONED_EIG,514029,36.17466441233463,1.2924844292217281,17.696960840276525,50,6,0,0,123,14,12,10,100,30,20,0.05,0.05
NO_PASSIVE,515000,735.9096566262308,0.19824605098701248,445.27907653515393,0,0,0,0,99,15,12,10,100,30,20,0.05,0.15
RANDOM,515000,12.62077246030609,0.9521065345480177,29.266042227925023,43,7,0,1,99,15,12,10,100,30,20,0.05,0.15
HIGHEST_SNR,515000,73.99498652800482,0.3424176465510477,66.08154659932556,44,6,0,2,99,15,12,10,100,30,20,0.05,0.15
SHORTEST_PULSE,515000,18.024393417623067,0.3322837079446059,23.549589873813176,40,10,0,0,99,15,12,10,100,30,20,0.05,0.15
METROLOGY_CONDITIONED_EIG,515000,16.77786627195574,0.3509855915039461,23.305771259059604,42,8,0,0,99,15,12,10,100,30,20,0.05,0.15
NO_PASSIVE,515001,500.67940856074307,2.2748292167176962,445.27907653515393,0,0,0,0,37,15,12,10,100,30,20,0.05,0.15
RANDOM,515001,12.372132753623568,0.3656468354245009,57.28759718952681,29,7,0,0,37,15,12,10,100,30,20,0.05,0.15
HIGHEST_SNR,515001,12.372132753623568,0.3656468354245009,57.28759718952681,29,7,0,0,37,15,12,10,100,30,20,0.05,0.15
SHORTEST_PULSE,515001,12.295573942612647,0.36362400134329265,57.35041641452965,28,8,0,0,37,15,12,10,100,30,20,0.05,0.15
METROLOGY_CONDITIONED_EIG,515001,12.295573942612647,0.36362400134329265,57.35041641452965,28,8,0,0,37,15,12,10,100,30,20,0.05,0.15
NO_PASSIVE,515002,13.13057729983765,1.3069934969444446,445.27907653515393,0,0,0,0,32,15,12,10,100,30,20,0.05,0.15
RANDOM,515002,29.353227146009317,1.8439733325079173,54.09187969779483,24,5,0,1,32,15,12,10,100,30,20,0.05,0.15
HIGHEST_SNR,515002,32.75086777462955,1.8653201661177732,53.29377701481185,25,4,0,1,32,15,12,10,100,30,20,0.05,0.15
SHORTEST_PULSE,515002,30.675403908204423,1.8231208828846146,53.77189261281564,24,5,0,1,32,15,12,10,100,30,20,0.05,0.15
METROLOGY_CONDITIONED_EIG,515002,30.675403908204423,1.8231208828846146,53.77189261281564,24,5,0,1,32,15,12,10,100,30,20,0.05,0.15
NO_PASSIVE,515003,602.1155371501343,2.227361295181697,445.27907653515393,0,0,0,0,68,15,12,10,100,30,20,0.05,0.15
RANDOM,515003,350.10107620465675,3.4365975512876705,64.1872828855335,11,37,0,2,68,15,12,10,100,30,20,0.05,0.15
HIGHEST_SNR,515003,740.6022459343518,3.338033831386728,317.28250575413637,3,45,0,3,68,15,12,10,100,30,20,0.05,0.15
SHORTEST_PULSE,515003,385.2346947899783,3.070732657591028,57.73039832982054,18,30,0,3,68,15,12,10,100,30,20,0.05,0.15
METROLOGY_CONDITIONED_EIG,515003,385.31580716241575,2.852907290603414,73.1859820281221,10,38,0,3,68,15,12,10,100,30,20,0.05,0.15
NO_PASSIVE,515004,445.96440705370577,1.5473776688753957,445.27907653515393,0,0,0,0,134,15,12,10,100,30,20,0.05,0.15
RANDOM,515004,54.01431560194281,1.7838864863757868,33.729417436075835,46,14,1,1,134,15,12,10,100,30,20,0.05,0.15
HIGHEST_SNR,515004,7.755428450297113,0.14181228616026403,34.17807473732404,46,14,0,0,134,15,12,10,100,30,20,0.05,0.15
SHORTEST_PULSE,515004,29.299428500386952,1.676945544718067,30.455927219086288,45,15,1,0,134,15,12,10,100,30,20,0.05,0.15
METROLOGY_CONDITIONED_EIG,515004,36.455016859441386,1.655275400205259,31.028460187435826,47,13,1,0,134,15,12,10,100,30,20,0.05,0.15
NO_PASSIVE,515005,350.0078025979254,2.946524838415845,445.27907653515393,0,0,0,0,80,15,12,10,100,30,20,0.05,0.15
RANDOM,515005,89.33849684343883,3.070872350235888,35.16200270216866,45,6,0,2,80,15,12,10,100,30,20,0.05,0.15
HIGHEST_SNR,515005,48.4492991669479,2.0308230370030795,32.93069800502061,44,7,0,2,80,15,12,10,100,30,20,0.05,0.15
SHORTEST_PULSE,515005,550.5031653552375,0.5057279159466217,89.6929343185748,18,33,0,3,80,15,12,10,100,30,20,0.05,0.15
METROLOGY_CONDITIONED_EIG,515005,546.4360005479958,0.5633670494383468,90.02245550707754,15,36,0,3,80,15,12,10,100,30,20,0.05,0.15
NO_PASSIVE,515006,301.5902668290609,4.054406893953931,445.27907653515393,0,0,0,0,137,15,12,10,100,30,20,0.05,0.15
RANDOM,515006,23.76643125914319,1.19784941445429,39.330751263135255,44,7,0,1,137,15,12,10,100,30,20,0.05,0.15
HIGHEST_SNR,515006,332.2176736919928,3.7225948019509048,58.71826199697762,32,19,0,1,137,15,12,10,100,30,20,0.05,0.15
SHORTEST_PULSE,515006,643.7861803263376,1.425634049459475,99.04234600256275,19,32,0,2,137,15,12,10,100,30,20,0.05,0.15
METROLOGY_CONDITIONED_EIG,515006,65.74791457849864,1.892989038884362,36.90855129092903,39,12,0,1,137,15,12,10,100,30,20,0.05,0.15
NO_PASSIVE,515007,311.5644659194855,3.5449739392551476,445.27907653515393,0,0,0,0,67,15,12,10,100,30,20,0.05,0.15
RANDOM,515007,147.56592862721405,6.128995471861651,50.59354157684288,42,9,0,1,67,15,12,10,100,30,20,0.05,0.15
HIGHEST_SNR,515007,13.85216524933475,3.6522808313749495,35.78065501719622,43,8,0,0,67,15,12,10,100,30,20,0.05,0.15
SHORTEST_PULSE,515007,6.3277084204141785,0.9056561661769538,35.55601813029712,42,9,0,0,67,15,12,10,100,30,20,0.05,0.15
METROLOGY_CONDITIONED_EIG,515007,7.802261397417177,0.9212785906015969,34.539414835653474,42,9,0,0,67,15,12,10,100,30,20,0.05,0.15
NO_PASSIVE,515008,658.0957988551326,2.1978110719824064,445.27907653515393,0,0,0,0,113,15,12,10,100,30,20,0.05,0.15
RANDOM,515008,48.68592511696372,1.5084275684647126,24.007382139297896,45,9,0,0,113,15,12,10,100,30,20,0.05,0.15
HIGHEST_SNR,515008,28.662286479106406,1.2962211024683488,26.68838955832873,47,7,0,1,113,15,12,10,100,30,20,0.05,0.15
SHORTEST_PULSE,515008,38.90596470279247,1.3665839470407348,20.149194547147456,44,10,0,0,113,15,12,10,100,30,20,0.05,0.15
METROLOGY_CONDITIONED_EIG,515008,13.62934432255474,0.4339432071053299,18.4149495824767,44,10,0,0,113,15,12,10,100,30,20,0.05,0.15
NO_PASSIVE,515009,207.27145878615042,3.488699639769733,445.27907653515393,0,0,0,0,23,15,12,10,100,30,20,0.05,0.15
RANDOM,515009,65.71823063205237,2.527105216378548,37.196412597209516,21,1,0,0,23,15,12,10,100,30,20,0.05,0.15
HIGHEST_SNR,515009,66.69388232206157,2.6005662246592265,37.35567553762197,21,1,0,0,23,15,12,10,100,30,20,0.05,0.15
SHORTEST_PULSE,515009,65.71823063205237,2.527105216378548,37.196412597209516,21,1,0,0,23,15,12,10,100,30,20,0.05,0.15
METROLOGY_CONDITIONED_EIG,515009,65.71823063205237,2.527105216378548,37.196412597209516,21,1,0,0,23,15,12,10,100,30,20,0.05,0.15
NO_PASSIVE,515010,190.8354198782784,4.591056335188647,445.27907653515393,0,0,0,0,117,15,12,10,100,30,20,0.05,0.15
RANDOM,515010,109.77658279558312,2.9553279837610043,25.296853166426033,47,12,1,2,117,15,12,10,100,30,20,0.05,0.15
HIGHEST_SNR,515010,88.80361750841082,3.678570864632526,33.53297017593138,48,11,1,1,117,15,12,10,100,30,20,0.05,0.15
SHORTEST_PULSE,515010,61.61917028912465,1.9232375315868877,26.668396018677864,44,15,0,0,117,15,12,10,100,30,20,0.05,0.15
METROLOGY_CONDITIONED_EIG,515010,104.29734186833039,2.8399726662955307,22.445082983917004,45,14,1,1,117,15,12,10,100,30,20,0.05,0.15
NO_PASSIVE,515011,315.0018564529063,5.496489563434095,445.27907653515393,0,0,0,0,147,15,12,10,100,30,20,0.05,0.15
RANDOM,515011,138.00118159011512,5.284338078180709,39.669324670578185,36,21,0,2,147,15,12,10,100,30,20,0.05,0.15
HIGHEST_SNR,515011,27.358525880317337,1.00111692450608,23.661975558195067,46,11,0,2,147,15,12,10,100,30,20,0.05,0.15
SHORTEST_PULSE,515011,23.610740713945855,1.162449043995433,15.766122636420993,44,13,0,0,147,15,12,10,100,30,20,0.05,0.15
METROLOGY_CONDITIONED_EIG,515011,23.16229207342253,1.160557865582129,14.701505198513454,44,13,0,0,147,15,12,10,100,30,20,0.05,0.15
NO_PASSIVE,515012,556.8975199589589,3.501056893906832,445.27907653515393,0,0,0,0,78,15,12,10,100,30,20,0.05,0.15
RANDOM,515012,31.391666395630125,1.2078871589695344,24.068036118141958,37,6,0,0,78,15,12,10,100,30,20,0.05,0.15
HIGHEST_SNR,515012,17.564554603427066,0.4307640636672361,29.401902807706232,35,8,0,0,78,15,12,10,100,30,20,0.05,0.15
SHORTEST_PULSE,515012,20.531215088267178,0.3222096845745056,32.93677513654238,36,7,0,0,78,15,12,10,100,30,20,0.05,0.15
METROLOGY_CONDITIONED_EIG,515012,40.844472352171195,1.1320793636230402,24.071285380334498,36,7,0,0,78,15,12,10,100,30,20,0.05,0.15
NO_PASSIVE,515013,353.70043701860885,2.4149909613718847,445.27907653515393,0,0,0,0,169,15,12,10,100,30,20,0.05,0.15
RANDOM,515013,31.594752640524945,0.858607811341855,23.05262831462182,41,15,0,0,169,15,12,10,100,30,20,0.05,0.15
HIGHEST_SNR,515013,10.45575479511106,0.802171963107993,39.02880021479945,44,12,0,0,169,15,12,10,100,30,20,0.05,0.15
SHORTEST_PULSE,515013,4.418613842538097,0.46823721052794215,17.955898360228307,44,12,0,0,169,15,12,10,100,30,20,0.05,0.15
METROLOGY_CONDITIONED_EIG,515013,6.133376213254962,0.5659868365150803,18.23128680613783,45,11,0,0,169,15,12,10,100,30,20,0.05,0.15
NO_PASSIVE,515014,653.9856220306608,2.2852142340198984,445.27907653515393,0,0,0,0,60,15,12,10,100,30,20,0.05,0.15
RANDOM,515014,19.939798253909274,1.0317302562165582,36.44686567744546,34,7,0,0,60,15,12,10,100,30,20,0.05,0.15
HIGHEST_SNR,515014,68.89921724460696,1.7037124703080584,72.44763572593008,30,11,0,0,60,15,12,10,100,30,20,0.05,0.15
SHORTEST_PULSE,515014,13.894782222300256,0.7049879209942365,35.61278470442288,34,7,0,0,60,15,12,10,100,30,20,0.05,0.15
METROLOGY_CONDITIONED_EIG,515014,7.972442646330824,0.6276292785062705,36.58033365714635,34,7,0,0,60,15,12,10,100,30,20,0.05,0.15
NO_PASSIVE,515015,223.98064665509466,3.9353938247030453,445.27907653515393,0,0,0,0,54,15,12,10,100,30,20,0.05,0.15
RANDOM,515015,168.74845630423286,3.2347520218050727,81.35078960357625,18,19,0,2,54,15,12,10,100,30,20,0.05,0.15
HIGHEST_SNR,515015,296.47979362803795,2.8302913041167037,112.13506573157088,21,16,0,2,54,15,12,10,100,30,20,0.05,0.15
SHORTEST_PULSE,515015,56.443564585007486,4.377906555968314,70.61004644525094,26,11,0,3,54,15,12,10,100,30,20,0.05,0.15
METROLOGY_CONDITIONED_EIG,515015,49.22878435715837,3.8010710105898697,61.02058861869601,28,9,0,4,54,15,12,10,100,30,20,0.05,0.15
NO_PASSIVE,515016,325.05106961377,3.537548023466781,445.27907653515393,0,0,0,0,36,15,12,10,100,30,20,0.05,0.15
RANDOM,515016,59.69871206624513,2.072920481918745,36.31676857438622,20,6,0,0,36,15,12,10,100,30,20,0.05,0.15
HIGHEST_SNR,515016,20.593922982296718,1.1508311567200795,29.637186626224022,21,5,0,0,36,15,12,10,100,30,20,0.05,0.15
SHORTEST_PULSE,515016,51.559439881398596,1.8396207283553054,35.092421904954314,19,7,0,0,36,15,12,10,100,30,20,0.05,0.15
METROLOGY_CONDITIONED_EIG,515016,65.41077918002472,2.1571914729847212,36.4460473587,19,7,0,0,36,15,12,10,100,30,20,0.05,0.15
NO_PASSIVE,515017,289.1150018875472,3.0517369714991287,445.27907653515393,0,0,0,0,57,15,12,10,100,30,20,0.05,0.15
RANDOM,515017,38.48888466913842,0.8641151686810424,40.47645248697825,30,9,0,0,57,15,12,10,100,30,20,0.05,0.15
HIGHEST_SNR,515017,35.70893899870637,0.7373037649648024,39.69970148039479,29,10,0,0,57,15,12,10,100,30,20,0.05,0.15
SHORTEST_PULSE,515017,23.839256691275605,0.9824231536773582,35.590719359580426,29,10,0,0,57,15,12,10,100,30,20,0.05,0.15
METROLOGY_CONDITIONED_EIG,515017,20.258464653918022,0.9537853428339155,30.595437908440346,31,8,0,0,57,15,12,10,100,30,20,0.05,0.15
NO_PASSIVE,515018,218.5071303244671,2.3239854113130503,445.27907653515393,0,0,0,0,33,15,12,10,100,30,20,0.05,0.15
RANDOM,515018,559.71091555416,2.2353935942771135,110.61378045600763,17,11,0,2,33,15,12,10,100,30,20,0.05,0.15
HIGHEST_SNR,515018,56.46448509694595,0.805494185545536,63.114006081630606,20,8,0,1,33,15,12,10,100,30,20,0.05,0.15
SHORTEST_PULSE,515018,46.069560990282376,1.175268717764279,66.18571221569384,19,9,0,1,33,15,12,10,100,30,20,0.05,0.15
METROLOGY_CONDITIONED_EIG,515018,44.2666834188873,1.0762754638295293,65.16303065577267,19,9,0,1,33,15,12,10,100,30,20,0.05,0.15
NO_PASSIVE,515019,280.99045702186265,2.4761311143983695,445.27907653515393,0,0,0,0,61,15,12,10,100,30,20,0.05,0.15
RANDOM,515019,312.3531729773473,1.3384369538881722,36.846575877717655,27,23,0,3,61,15,12,10,100,30,20,0.05,0.15
HIGHEST_SNR,515019,310.5903337889275,1.1229910136678658,36.996956882018225,28,22,0,3,61,15,12,10,100,30,20,0.05,0.15
SHORTEST_PULSE,515019,320.86979546016687,1.509696268167748,41.08109282966693,24,26,0,3,61,15,12,10,100,30,20,0.05,0.15
METROLOGY_CONDITIONED_EIG,515019,323.1122398083981,1.8018484925842566,40.800862392137226,24,26,0,3,61,15,12,10,100,30,20,0.05,0.15
NO_PASSIVE,515020,387.4160839864366,2.8563412123172913,445.27907653515393,0,0,0,0,115,15,12,10,100,30,20,0.05,0.15
RANDOM,515020,18.618069867948268,0.6373857826552615,21.847457643157348,40,11,0,2,115,15,12,10,100,30,20,0.05,0.15
HIGHEST_SNR,515020,63.28991071507761,2.1889656171171374,28.05476961680718,39,12,0,3,115,15,12,10,100,30,20,0.05,0.15
SHORTEST_PULSE,515020,20.528891236095173,0.6563391089202784,17.086672025635803,43,8,0,1,115,15,12,10,100,30,20,0.05,0.15
METROLOGY_CONDITIONED_EIG,515020,14.85511423953078,0.7005595098367277,16.954501206056957,47,4,0,1,115,15,12,10,100,30,20,0.05,0.15
NO_PASSIVE,515021,270.9343008724494,2.453492716205204,445.27907653515393,0,0,0,0,30,15,12,10,100,30,20,0.05,0.15
RANDOM,515021,126.05572696107367,0.7013053638952709,48.14693469310994,21,8,0,2,30,15,12,10,100,30,20,0.05,0.15
HIGHEST_SNR,515021,126.05572696107367,0.7013053638952709,48.14693469310994,21,8,0,2,30,15,12,10,100,30,20,0.05,0.15
SHORTEST_PULSE,515021,123.61525174141599,0.8257081001065281,48.03368514442038,22,7,0,2,30,15,12,10,100,30,20,0.05,0.15
METROLOGY_CONDITIONED_EIG,515021,126.05572696107367,0.7013053638952709,48.14693469310994,21,8,0,2,30,15,12,10,100,30,20,0.05,0.15
NO_PASSIVE,515022,224.4584744588928,1.706894124167852,445.27907653515393,0,0,0,0,62,15,12,10,100,30,20,0.05,0.15
RANDOM,515022,18.008348607588744,0.3391289875901461,28.80382733556939,33,11,0,2,62,15,12,10,100,30,20,0.05,0.15
HIGHEST_SNR,515022,34.60362923069418,0.6000042497086733,30.043970871670922,36,8,0,5,62,15,12,10,100,30,20,0.05,0.15
SHORTEST_PULSE,515022,14.016252742938994,0.49159392739467306,28.58251163687067,34,10,0,2,62,15,12,10,100,30,20,0.05,0.15
METROLOGY_CONDITIONED_EIG,515022,14.016252742938994,0.49159392739467306,28.58251163687067,34,10,0,2,62,15,12,10,100,30,20,0.05,0.15
NO_PASSIVE,515023,518.4997178464123,0.7474626789005389,445.27907653515393,0,0,0,0,52,15,12,10,100,30,20,0.05,0.15
RANDOM,515023,54.36033766313695,2.046320291542271,41.09916779531731,30,7,0,1,52,15,12,10,100,30,20,0.05,0.15
HIGHEST_SNR,515023,31.824561092752905,1.3699269377329601,49.83591386368284,32,5,0,1,52,15,12,10,100,30,20,0.05,0.15
SHORTEST_PULSE,515023,50.515941602251154,2.041515096500497,37.529158358704585,30,7,0,1,52,15,12,10,100,30,20,0.05,0.15
METROLOGY_CONDITIONED_EIG,515023,46.424584623130926,2.0165433273895657,36.95073983517241,31,6,0,1,52,15,12,10,100,30,20,0.05,0.15
NO_PASSIVE,515024,158.96491110750887,3.668154267483471,445.27907653515393,0,0,0,0,67,15,12,10,100,30,20,0.05,0.15
RANDOM,515024,36.48116353223068,1.7803977255395853,42.847868518635494,44,7,0,2,67,15,12,10,100,30,20,0.05,0.15
HIGHEST_SNR,515024,50.77169775773237,1.908115954162735,47.74938241106124,21,30,0,2,67,15,12,10,100,30,20,0.05,0.15
SHORTEST_PULSE,515024,42.414555544486845,1.8255518161663196,44.013273767536994,44,7,0,2,67,15,12,10,100,30,20,0.05,0.15
METROLOGY_CONDITIONED_EIG,515024,40.19802739523493,1.7519427344280583,41.4491230272965,44,7,0,2,67,15,12,10,100,30,20,0.05,0.15
NO_PASSIVE,515025,579.3903902144181,3.471446371412334,445.27907653515393,0,0,0,0,66,15,12,10,100,30,20,0.05,0.15
RANDOM,515025,23.85032244782347,1.4936106078591227,30.353178152088983,35,5,0,0,66,15,12,10,100,30,20,0.05,0.15
HIGHEST_SNR,515025,48.53470002627279,2.0511421561106764,32.262670337803264,33,7,0,1,66,15,12,10,100,30,20,0.05,0.15
SHORTEST_PULSE,515025,19.380930452438196,1.0851246465792879,32.472427831783364,33,7,0,0,66,15,12,10,100,30,20,0.05,0.15
METROLOGY_CONDITIONED_EIG,515025,25.24558707103547,1.5949115875620037,30.410996539973727,32,8,0,0,66,15,12,10,100,30,20,0.05,0.15
NO_PASSIVE,515026,697.3514479678547,4.088569834457436,445.27907653515393,0,0,0,0,29,15,12,10,100,30,20,0.05,0.15
RANDOM,515026,84.45618389432556,2.3866630131367335,43.72951208490792,23,4,0,0,29,15,12,10,100,30,20,0.05,0.15
HIGHEST_SNR,515026,84.45618389432556,2.3866630131367335,43.72951208490792,23,4,0,0,29,15,12,10,100,30,20,0.05,0.15
SHORTEST_PULSE,515026,821.2281855420064,5.3479672614419735,132.68665359990038,3,24,0,2,29,15,12,10,100,30,20,0.05,0.15
METROLOGY_CONDITIONED_EIG,515026,821.2281855420064,5.3479672614419735,132.68665359990038,3,24,0,2,29,15,12,10,100,30,20,0.05,0.15
NO_PASSIVE,515027,78.57040646653506,2.637784564160213,445.27907653515393,0,0,0,0,71,15,12,10,100,30,20,0.05,0.15
RANDOM,515027,101.03710718589795,2.488886901344842,36.17374634392357,50,7,0,1,71,15,12,10,100,30,20,0.05,0.15
HIGHEST_SNR,515027,91.7340668335905,2.600598441738246,37.3474852513595,51,6,0,1,71,15,12,10,100,30,20,0.05,0.15
SHORTEST_PULSE,515027,115.84477741289545,3.0293171459821204,31.779554654751553,49,8,0,1,71,15,12,10,100,30,20,0.05,0.15
METROLOGY_CONDITIONED_EIG,515027,116.43792435928563,3.1584895278071925,31.71901087344754,50,7,0,1,71,15,12,10,100,30,20,0.05,0.15
NO_PASSIVE,515028,665.2818356375147,1.854009311417062,445.27907653515393,0,0,0,0,83,15,12,10,100,30,20,0.05,0.15
RANDOM,515028,25.478777732608123,0.979829112425352,19.96977946384376,49,8,0,2,83,15,12,10,100,30,20,0.05,0.15
HIGHEST_SNR,515028,9.709860447277102,0.9442850510534344,19.00825892008532,49,8,0,2,83,15,12,10,100,30,20,0.05,0.15
SHORTEST_PULSE,515028,6.339402786850455,0.9019524012269181,19.273304698624145,48,9,0,2,83,15,12,10,100,30,20,0.05,0.15
METROLOGY_CONDITIONED_EIG,515028,4.028557239095939,0.9143724598544118,19.493135945482262,48,9,0,2,83,15,12,10,100,30,20,0.05,0.15
NO_PASSIVE,515029,203.87125679683268,3.759455416190396,445.27907653515393,0,0,0,0,25,15,12,10,100,30,20,0.05,0.15
RANDOM,515029,23.41743054259805,2.0908115672963588,41.085608518387694,17,4,0,0,25,15,12,10,100,30,20,0.05,0.15
HIGHEST_SNR,515029,144.21545711260316,1.8925747461356526,30.757900902786663,17,4,0,1,25,15,12,10,100,30,20,0.05,0.15
SHORTEST_PULSE,515029,783.4229948568304,3.026931494935666,96.55525312319966,7,14,0,1,25,15,12,10,100,30,20,0.05,0.15
METROLOGY_CONDITIONED_EIG,515029,765.4927626184601,3.1026229485610717,70.05237021721113,7,14,0,2,25,15,12,10,100,30,20,0.05,0.15
NO_PASSIVE,516000,285.4757670276662,3.700599441282727,445.27907653515393,0,0,0,0,88,16,12,10,100,30,20,0.15,0.0
RANDOM,516000,17.209489737662818,1.2414112191322657,27.68013358822495,48,6,0,0,88,16,12,10,100,30,20,0.15,0.0
HIGHEST_SNR,516000,48.51550252765082,3.1520060243954173,47.76976573363176,48,6,0,0,88,16,12,10,100,30,20,0.15,0.0
SHORTEST_PULSE,516000,15.119468047166412,1.2712656834221987,16.84154784923607,48,6,0,0,88,16,12,10,100,30,20,0.15,0.0
METROLOGY_CONDITIONED_EIG,516000,13.84835314029045,1.2311471020775664,17.038453469841794,48,6,0,0,88,16,12,10,100,30,20,0.15,0.0
NO_PASSIVE,516001,516.9266465061953,2.220994304399149,445.27907653515393,0,0,0,0,136,16,12,10,100,30,20,0.15,0.0
RANDOM,516001,36.60424255204598,1.2645049180089976,20.952979388590244,50,10,0,0,136,16,12,10,100,30,20,0.15,0.0
HIGHEST_SNR,516001,21.87432951209188,0.6541153664178764,22.842136404416493,53,7,0,0,136,16,12,10,100,30,20,0.15,0.0
SHORTEST_PULSE,516001,18.336302875061698,0.8322263497194554,15.300193896512743,50,10,0,0,136,16,12,10,100,30,20,0.15,0.0
METROLOGY_CONDITIONED_EIG,516001,26.655930873785312,1.1260912369316587,15.515327407359658,50,10,0,0,136,16,12,10,100,30,20,0.15,0.0
NO_PASSIVE,516002,432.9672559868493,3.9230445762436066,445.27907653515393,0,0,0,0,96,16,12,10,100,30,20,0.15,0.0
RANDOM,516002,27.28291005785709,0.7586335480720373,30.208990516419174,39,8,0,0,96,16,12,10,100,30,20,0.15,0.0
HIGHEST_SNR,516002,10.460368075802755,1.0463831933647394,32.44384587751229,40,7,0,0,96,16,12,10,100,30,20,0.15,0.0
SHORTEST_PULSE,516002,36.11961699589585,2.1892054882314795,25.290032649316544,38,9,0,0,96,16,12,10,100,30,20,0.15,0.0
METROLOGY_CONDITIONED_EIG,516002,40.776178282046075,2.068567717947009,26.30365393042526,37,10,0,0,96,16,12,10,100,30,20,0.15,0.0
NO_PASSIVE,516003,96.07520028843572,0.8307943735755546,445.27907653515393,0,0,0,0,93,16,12,10,100,30,20,0.15,0.0
RANDOM,516003,7.445552772517711,0.8233995634821056,39.3745191364048,38,11,0,0,93,16,12,10,100,30,20,0.15,0.0
HIGHEST_SNR,516003,8.807367681724397,0.8391689607595426,35.99475094250193,41,8,0,0,93,16,12,10,100,30,20,0.15,0.0
SHORTEST_PULSE,516003,18.858392472423613,0.9872668050850207,35.51257647294638,40,9,0,0,93,16,12,10,100,30,20,0.15,0.0
METROLOGY_CONDITIONED_EIG,516003,18.85560826722987,0.9884107022842614,35.26373911258266,41,8,0,0,93,16,12,10,100,30,20,0.15,0.0
NO_PASSIVE,516004,546.0416792683254,1.0735784619399598,445.27907653515393,0,0,0,0,83,16,12,10,100,30,20,0.15,0.0
RANDOM,516004,35.457933073775244,1.6670347485169388,21.97114859466855,40,9,1,0,83,16,12,10,100,30,20,0.15,0.0
HIGHEST_SNR,516004,6.434320103178185,0.597550958742878,26.050979992273156,39,10,0,0,83,16,12,10,100,30,20,0.15,0.0
SHORTEST_PULSE,516004,33.862681471320464,1.2368349055717263,20.101455749728963,44,5,2,0,83,16,12,10,100,30,20,0.15,0.0
METROLOGY_CONDITIONED_EIG,516004,31.87810012774412,1.284005938771449,19.792012832582028,43,6,1,0,83,16,12,10,100,30,20,0.15,0.0
NO_PASSIVE,516005,357.9362936240387,4.353440688588615,445.27907653515393,0,0,0,0,125,16,12,10,100,30,20,0.15,0.0
RANDOM,516005,17.6334038261152,1.2385827291845983,32.332476282804556,50,10,0,0,125,16,12,10,100,30,20,0.15,0.0
HIGHEST_SNR,516005,32.57510801009502,1.5663905054362006,35.40857988460707,52,8,0,0,125,16,12,10,100,30,20,0.15,0.0
SHORTEST_PULSE,516005,30.030657925360437,1.1833534334845923,30.402402220938793,51,9,0,0,125,16,12,10,100,30,20,0.15,0.0
METROLOGY_CONDITIONED_EIG,516005,23.57514001056883,1.3242286060138322,27.686455499648492,50,10,0,0,125,16,12,10,100,30,20,0.15,0.0
NO_PASSIVE,516006,866.5395039460291,2.0748441214136495,445.27907653515393,0,0,0,0,123,16,12,10,100,30,20,0.15,0.0
RANDOM,516006,57.13987585428968,1.9292355767266913,26.00571981359391,40,12,0,0,123,16,12,10,100,30,20,0.15,0.0
HIGHEST_SNR,516006,40.4151929618846,1.2415484458779833,53.671923546809,42,10,0,0,123,16,12,10,100,30,20,0.15,0.0
SHORTEST_PULSE,516006,75.23194777268826,2.705305612473206,24.581517937426188,38,14,0,0,123,16,12,10,100,30,20,0.15,0.0
METROLOGY_CONDITIONED_EIG,516006,38.085157221697685,1.2285410550957927,21.271945376592157,42,10,0,0,123,16,12,10,100,30,20,0.15,0.0
NO_PASSIVE,516007,222.22450027942517,1.7665924325690259,445.27907653515393,0,0,0,0,59,16,12,10,100,30,20,0.15,0.0
RANDOM,516007,33.42154551210603,1.6882093922664585,54.46324178045783,37,3,0,0,59,16,12,10,100,30,20,0.15,0.0
HIGHEST_SNR,516007,29.6722626525548,1.4249135744968642,63.317648218995586,37,3,0,0,59,16,12,10,100,30,20,0.15,0.0
SHORTEST_PULSE,516007,52.23948130716697,1.3686931819160357,56.6019415691499,37,3,0,0,59,16,12,10,100,30,20,0.15,0.0
METROLOGY_CONDITIONED_EIG,516007,50.98918221778933,1.2370236034952973,52.26901869433885,37,3,0,0,59,16,12,10,100,30,20,0.15,0.0
NO_PASSIVE,516008,373.0768634784946,2.346618431654619,445.27907653515393,0,0,0,0,66,16,12,10,100,30,20,0.15,0.0
RANDOM,516008,16.870450622186915,1.2388068222343764,26.235586623548162,39,4,0,0,66,16,12,10,100,30,20,0.15,0.0
HIGHEST_SNR,516008,25.825004451799334,0.8587433652153398,27.313914182501595,39,4,0,0,66,16,12,10,100,30,20,0.15,0.0
SHORTEST_PULSE,516008,31.135816600242578,1.4608952455769924,23.069168535563815,38,5,0,0,66,16,12,10,100,30,20,0.15,0.0
METROLOGY_CONDITIONED_EIG,516008,19.718443192645235,1.428094825907895,22.63915858408658,38,5,0,0,66,16,12,10,100,30,20,0.15,0.0
NO_PASSIVE,516009,770.9909069831976,1.742290760409229,445.27907653515393,0,0,0,0,113,16,12,10,100,30,20,0.15,0.0
RANDOM,516009,16.69736101810359,0.8740762680780978,32.736593964371075,42,8,0,0,113,16,12,10,100,30,20,0.15,0.0
HIGHEST_SNR,516009,3.9904183261921715,0.48167166963124286,30.778847102558753,42,8,0,0,113,16,12,10,100,30,20,0.15,0.0
SHORTEST_PULSE,516009,24.336778194819,0.8152715174504821,29.561967612830166,43,7,0,0,113,16,12,10,100,30,20,0.15,0.0
METROLOGY_CONDITIONED_EIG,516009,24.819878697022364,0.8251559869787269,29.26562145217129,43,7,0,0,113,16,12,10,100,30,20,0.15,0.0
NO_PASSIVE,516010,412.49677403635815,2.7216529217217955,445.27907653515393,0,0,0,0,47,16,12,10,100,30,20,0.15,0.0
RANDOM,516010,23.27414541768593,0.9040474608423122,25.202684411746368,37,4,0,0,47,16,12,10,100,30,20,0.15,0.0
HIGHEST_SNR,516010,23.908080001357447,0.8781685537797187,24.94362846842515,38,3,0,0,47,16,12,10,100,30,20,0.15,0.0
SHORTEST_PULSE,516010,17.25619984454272,0.933226488809391,25.367430682299652,36,5,0,0,47,16,12,10,100,30,20,0.15,0.0
METROLOGY_CONDITIONED_EIG,516010,23.27414541768593,0.9040474608423122,25.202684411746368,37,4,0,0,47,16,12,10,100,30,20,0.15,0.0
NO_PASSIVE,516011,134.74038258013601,1.9386097180426844,445.27907653515393,0,0,0,0,36,16,12,10,100,30,20,0.15,0.0
RANDOM,516011,47.668449610395925,1.2855523392201098,66.74488411362651,27,7,0,0,36,16,12,10,100,30,20,0.15,0.0
HIGHEST_SNR,516011,41.50513505866482,1.3001323747928162,68.95875138965347,27,7,0,0,36,16,12,10,100,30,20,0.15,0.0
SHORTEST_PULSE,516011,17.284751792232587,1.921545446460955,57.10079420907326,28,6,0,0,36,16,12,10,100,30,20,0.15,0.0
METROLOGY_CONDITIONED_EIG,516011,17.284751792232587,1.921545446460955,57.10079420907326,28,6,0,0,36,16,12,10,100,30,20,0.15,0.0
NO_PASSIVE,516012,351.68065908004644,2.3305493181886856,445.27907653515393,0,0,0,0,72,16,12,10,100,30,20,0.15,0.0
RANDOM,516012,40.42292466349174,1.8767706994585687,38.78839760500105,40,3,0,0,72,16,12,10,100,30,20,0.15,0.0
HIGHEST_SNR,516012,41.54558388520868,1.204167435034701,39.42320921081618,38,5,0,0,72,16,12,10,100,30,20,0.15,0.0
SHORTEST_PULSE,516012,73.34422385196333,2.208606811324524,36.55169037353702,35,8,0,0,72,16,12,10,100,30,20,0.15,0.0
METROLOGY_CONDITIONED_EIG,516012,73.05440832264536,1.9933445846674542,36.33190641077079,35,8,0,0,72,16,12,10,100,30,20,0.15,0.0
NO_PASSIVE,516013,210.3551913985806,1.5044472217550229,445.27907653515393,0,0,0,0,32,16,12,10,100,30,20,0.15,0.0
RANDOM,516013,62.417497217893946,1.2183405430257943,56.09590283376548,21,3,0,0,32,16,12,10,100,30,20,0.15,0.0
HIGHEST_SNR,516013,93.69116741057077,0.6516859265214023,59.55351477308546,21,3,0,0,32,16,12,10,100,30,20,0.15,0.0
SHORTEST_PULSE,516013,35.371419211006064,0.8234627266379823,53.07736480330579,21,3,0,0,32,16,12,10,100,30,20,0.15,0.0
METROLOGY_CONDITIONED_EIG,516013,37.834232938579426,0.8477079713920623,52.64641332702402,21,3,0,0,32,16,12,10,100,30,20,0.15,0.0
NO_PASSIVE,516014,252.78145706777755,2.5626740241030537,445.27907653515393,0,0,0,0,19,16,12,10,100,30,20,0.15,0.0
RANDOM,516014,30.392051381412116,0.7821155422055613,38.00714600017536,16,1,0,0,19,16,12,10,100,30,20,0.15,0.0
HIGHEST_SNR,516014,32.45058813913253,0.5426963669605669,36.46556765978545,16,1,0,0,19,16,12,10,100,30,20,0.15,0.0
SHORTEST_PULSE,516014,32.45058813913253,0.5426963669605669,36.46556765978545,16,1,0,0,19,16,12,10,100,30,20,0.15,0.0
METROLOGY_CONDITIONED_EIG,516014,32.45058813913253,0.5426963669605669,36.46556765978545,16,1,0,0,19,16,12,10,100,30,20,0.15,0.0
NO_PASSIVE,516015,277.2944314647439,1.7363231401497539,445.27907653515393,0,0,0,0,82,16,12,10,100,30,20,0.15,0.0
RANDOM,516015,30.166591927235316,1.7782663628391622,22.070459040404604,51,5,0,0,82,16,12,10,100,30,20,0.15,0.0
HIGHEST_SNR,516015,31.705954184463167,1.488619314923936,22.891098291617677,48,8,0,0,82,16,12,10,100,30,20,0.15,0.0
SHORTEST_PULSE,516015,36.15118414749013,1.9299038636268766,21.386152834560217,51,5,0,0,82,16,12,10,100,30,20,0.15,0.0
METROLOGY_CONDITIONED_EIG,516015,29.815346397247453,1.7523608385727774,21.847412693328135,50,6,0,0,82,16,12,10,100,30,20,0.15,0.0
NO_PASSIVE,516016,73.55902479450177,3.0502097952920817,445.27907653515393,0,0,0,0,48,16,12,10,100,30,20,0.15,0.0
RANDOM,516016,57.9507834716522,0.41998313422475636,37.59276029020485,32,5,0,0,48,16,12,10,100,30,20,0.15,0.0
HIGHEST_SNR,516016,45.77731175310863,1.8552939744305705,37.25111495218748,32,5,0,0,48,16,12,10,100,30,20,0.15,0.0
SHORTEST_PULSE,516016,19.486783194112597,0.5840725160105742,23.14550424664575,32,5,0,0,48,16,12,10,100,30,20,0.15,0.0
METROLOGY_CONDITIONED_EIG,516016,19.486783194112597,0.5840725160105742,23.14550424664575,32,5,0,0,48,16,12,10,100,30,20,0.15,0.0
NO_PASSIVE,516017,754.0595774271586,1.2384548903627066,445.27907653515393,0,0,0,0,88,16,12,10,100,30,20,0.15,0.0
RANDOM,516017,4.887762921246052,1.2168278692021393,32.13242236463278,45,7,0,0,88,16,12,10,100,30,20,0.15,0.0
HIGHEST_SNR,516017,30.796421352497397,0.6689683513368134,35.372931311105425,42,10,0,0,88,16,12,10,100,30,20,0.15,0.0
SHORTEST_PULSE,516017,8.044252693862123,1.5800787792304876,25.46646743592478,45,7,0,0,88,16,12,10,100,30,20,0.15,0.0
METROLOGY_CONDITIONED_EIG,516017,6.155382435604255,1.5728725478669494,25.650610736988373,44,8,0,0,88,16,12,10,100,30,20,0.15,0.0
NO_PASSIVE,516018,803.7027810214958,3.6525221932595318,445.27907653515393,0,0,0,0,88,16,12,10,100,30,20,0.15,0.0
RANDOM,516018,38.21501281635995,1.4847140822120204,24.6355350413108,38,6,0,0,88,16,12,10,100,30,20,0.15,0.0
HIGHEST_SNR,516018,84.28012062873236,2.80415615672301,38.38166374308603,37,7,0,0,88,16,12,10,100,30,20,0.15,0.0
SHORTEST_PULSE,516018,55.52840193811314,2.1141491233801295,20.72260164475474,37,7,0,0,88,16,12,10,100,30,20,0.15,0.0
METROLOGY_CONDITIONED_EIG,516018,29.53922333211726,1.173569061929779,17.850646540701057,37,7,0,0,88,16,12,10,100,30,20,0.15,0.0
NO_PASSIVE,516019,165.67976840567493,3.607973394253033,445.27907653515393,0,0,0,0,77,16,12,10,100,30,20,0.15,0.0
RANDOM,516019,73.97423035047922,2.5323770272319095,30.65482515675053,41,5,0,0,77,16,12,10,100,30,20,0.15,0.0
HIGHEST_SNR,516019,35.3253132159478,1.777690322469206,27.647425722599845,42,4,0,0,77,16,12,10,100,30,20,0.15,0.0
SHORTEST_PULSE,516019,23.251631140546884,1.6283402960272475,24.409986221811312,41,5,0,0,77,16,12,10,100,30,20,0.15,0.0
METROLOGY_CONDITIONED_EIG,516019,26.994776536250527,1.8509781009302144,24.431609078187414,42,4,0,0,77,16,12,10,100,30,20,0.15,0.0
NO_PASSIVE,516020,245.25906117264392,2.560337794668435,445.27907653515393,0,0,0,0,63,16,12,10,100,30,20,0.15,0.0
RANDOM,516020,85.06251389364476,2.0892678796672133,33.99567802793364,30,7,0,0,63,16,12,10,100,30,20,0.15,0.0
HIGHEST_SNR,516020,109.57857295151433,2.9143847802148355,49.98683816965933,29,8,1,0,63,16,12,10,100,30,20,0.15,0.0
SHORTEST_PULSE,516020,80.31786447670223,2.4131891971838457,37.48811670577492,29,8,1,0,63,16,12,10,100,30,20,0.15,0.0
METROLOGY_CONDITIONED_EIG,516020,84.31708448537474,2.2159567226012187,35.608896284494065,29,8,0,0,63,16,12,10,100,30,20,0.15,0.0
NO_PASSIVE,516021,223.6672523171656,2.933261708954706,445.27907653515393,0,0,0,0,119,16,12,10,100,30,20,0.15,0.0
RANDOM,516021,25.408693408140298,0.5407068599247112,25.904518903956838,45,15,0,0,119,16,12,10,100,30,20,0.15,0.0
HIGHEST_SNR,516021,3.84499709331627,1.1618537858509004,22.864303367881742,51,9,0,0,119,16,12,10,100,30,20,0.15,0.0
SHORTEST_PULSE,516021,12.549656801424463,0.9048059869904617,20.256510420699062,50,10,0,0,119,16,12,10,100,30,20,0.15,0.0
METROLOGY_CONDITIONED_EIG,516021,23.364939037494413,0.5429235560302034,19.643014466974687,50,10,0,0,119,16,12,10,100,30,20,0.15,0.0
NO_PASSIVE,516022,296.879065026959,1.5604141255493218,445.27907653515393,0,0,0,0,64,16,12,10,100,30,20,0.15,0.0
RANDOM,516022,49.949033137925774,0.33666889593298993,55.579747764986436,22,3,0,0,64,16,12,10,100,30,20,0.15,0.0
HIGHEST_SNR,516022,46.73753549736194,0.5997193543118791,88.89704345014223,23,2,0,0,64,16,12,10,100,30,20,0.15,0.0
SHORTEST_PULSE,516022,43.85047336743806,0.5027738053918352,88.93068706589429,22,3,0,0,64,16,12,10,100,30,20,0.15,0.0
METROLOGY_CONDITIONED_EIG,516022,4.4040573557839044,0.7592916002434448,59.328976452450185,18,7,0,0,64,16,12,10,100,30,20,0.15,0.0
NO_PASSIVE,516023,277.3803090589153,2.7739150969246698,445.27907653515393,0,0,0,0,67,16,12,10,100,30,20,0.15,0.0
RANDOM,516023,32.29146741596775,0.5285373111749669,33.68102335709349,28,5,0,0,67,16,12,10,100,30,20,0.15,0.0
HIGHEST_SNR,516023,50.89275936157341,0.8305108159219721,67.68167295007314,24,9,0,0,67,16,12,10,100,30,20,0.15,0.0
SHORTEST_PULSE,516023,4.787005244064826,0.7014803721392535,38.654664196998844,26,7,1,0,67,16,12,10,100,30,20,0.15,0.0
METROLOGY_CONDITIONED_EIG,516023,14.833426578510982,0.7377656799876317,34.016446424090006,25,8,1,0,67,16,12,10,100,30,20,0.15,0.0
NO_PASSIVE,516024,741.2638678088517,1.4386102959863514,445.27907653515393,0,0,0,0,62,16,12,10,100,30,20,0.15,0.0
RANDOM,516024,49.03481137086229,1.3762730906690774,35.22435856509295,34,11,0,0,62,16,12,10,100,30,20,0.15,0.0
HIGHEST_SNR,516024,81.69801268999846,2.386982146539845,43.34581621103698,36,9,0,0,62,16,12,10,100,30,20,0.15,0.0
SHORTEST_PULSE,516024,20.577786130894527,1.0556721184655757,30.932632130902046,35,10,0,0,62,16,12,10,100,30,20,0.15,0.0
METROLOGY_CONDITIONED_EIG,516024,19.80570309202552,0.8995572723516554,29.53259982758875,35,10,0,0,62,16,12,10,100,30,20,0.15,0.0
NO_PASSIVE,516025,395.8064261370344,3.1410066600658983,445.27907653515393,0,0,0,0,75,16,12,10,100,30,20,0.15,0.0
RANDOM,516025,15.09413924272245,0.7698222189819429,27.50612750297231,37,14,0,0,75,16,12,10,100,30,20,0.15,0.0
HIGHEST_SNR,516025,24.341313672689534,0.9801341958293417,26.884131933902097,37,14,0,0,75,16,12,10,100,30,20,0.15,0.0
SHORTEST_PULSE,516025,27.651370416988755,1.1807480555429426,23.182101373564947,38,13,0,0,75,16,12,10,100,30,20,0.15,0.0
METROLOGY_CONDITIONED_EIG,516025,24.301084405031798,1.003867922511352,24.191063719587373,39,12,0,0,75,16,12,10,100,30,20,0.15,0.0
NO_PASSIVE,516026,360.94402007966056,1.0741311860006886,445.27907653515393,0,0,0,0,56,16,12,10,100,30,20,0.15,0.0
RANDOM,516026,76.02331778637895,2.586208351968693,35.68535050460781,34,11,2,0,56,16,12,10,100,30,20,0.15,0.0
HIGHEST_SNR,516026,71.17487598733618,2.4900557682404907,35.24232075939704,34,11,2,0,56,16,12,10,100,30,20,0.15,0.0
SHORTEST_PULSE,516026,81.95328040851983,2.644143453939984,32.261911374424116,36,9,2,0,56,16,12,10,100,30,20,0.15,0.0
METROLOGY_CONDITIONED_EIG,516026,84.1805650568243,2.7360865264131653,32.868057785307656,35,10,2,0,56,16,12,10,100,30,20,0.15,0.0
NO_PASSIVE,516027,204.93788973501375,2.2985619616205777,445.27907653515393,0,0,0,0,88,16,12,10,100,30,20,0.15,0.0
RANDOM,516027,15.710297239619536,0.45232620654658523,20.341369693916437,43,6,0,0,88,16,12,10,100,30,20,0.15,0.0
HIGHEST_SNR,516027,29.28922109516797,1.4134028199032909,37.65975513731984,43,6,0,0,88,16,12,10,100,30,20,0.15,0.0
SHORTEST_PULSE,516027,14.952229324422945,0.8560173552215101,19.167365414375634,42,7,0,0,88,16,12,10,100,30,20,0.15,0.0
METROLOGY_CONDITIONED_EIG,516027,14.627554017821335,0.644078938245326,17.893328165851536,41,8,0,0,88,16,12,10,100,30,20,0.15,0.0
NO_PASSIVE,516028,375.2934436220315,3.1121949952334913,445.27907653515393,0,0,0,0,177,16,12,10,100,30,20,0.15,0.0
RANDOM,516028,66.1773619656901,2.408787752581242,29.100809059993242,37,10,0,0,177,16,12,10,100,30,20,0.15,0.0
HIGHEST_SNR,516028,92.15119636972719,2.1186390873715046,44.23448733610178,41,6,2,0,177,16,12,10,100,30,20,0.15,0.0
SHORTEST_PULSE,516028,8.432823402279297,0.6452489686549663,24.230945081835507,37,10,0,0,177,16,12,10,100,30,20,0.15,0.0
METROLOGY_CONDITIONED_EIG,516028,10.703066363244028,0.7233741888445011,18.778167320018245,41,6,0,0,177,16,12,10,100,30,20,0.15,0.0
NO_PASSIVE,516029,376.1731720971201,0.29529793827912315,445.27907653515393,0,0,0,0,167,16,12,10,100,30,20,0.15,0.0
RANDOM,516029,29.664045653760002,1.2604888013521378,24.680535953963133,52,7,0,0,167,16,12,10,100,30,20,0.15,0.0
HIGHEST_SNR,516029,49.35388567860074,2.107572780045574,24.16671030315357,49,10,0,0,167,16,12,10,100,30,20,0.15,0.0
SHORTEST_PULSE,516029,24.888247479316675,1.400580592716936,21.429247692887746,50,9,0,0,167,16,12,10,100,30,20,0.15,0.0
METROLOGY_CONDITIONED_EIG,516029,38.83694264839699,1.8973983764349776,21.73653105609642,50,9,0,0,167,16,12,10,100,30,20,0.15,0.0
NO_PASSIVE,517000,323.8996583291059,2.2602125309723577,445.27907653515393,0,0,0,0,50,17,12,10,100,30,20,0.15,0.05
RANDOM,517000,50.467385383023554,1.1775912033841984,31.736857234226566,26,11,0,0,50,17,12,10,100,30,20,0.15,0.05
HIGHEST_SNR,517000,41.84553930517656,1.3382940839987258,32.98133596805741,25,12,0,0,50,17,12,10,100,30,20,0.15,0.05
SHORTEST_PULSE,517000,41.47474628053341,1.3623835781864462,29.49413246188552,27,10,0,0,50,17,12,10,100,30,20,0.15,0.05
METROLOGY_CONDITIONED_EIG,517000,41.47474628053341,1.3623835781864462,29.49413246188552,27,10,0,0,50,17,12,10,100,30,20,0.15,0.05
NO_PASSIVE,517001,109.92766533870969,2.511368591186023,445.27907653515393,0,0,0,0,38,17,12,10,100,30,20,0.15,0.05
RANDOM,517001,43.30600266011568,0.9041869238031172,34.321285635079086,23,4,0,0,38,17,12,10,100,30,20,0.15,0.05
HIGHEST_SNR,517001,64.66390047270946,1.5832321642289142,38.33689966516132,22,5,0,0,38,17,12,10,100,30,20,0.15,0.05
SHORTEST_PULSE,517001,870.8662463179177,1.7301934921207278,115.39098114598494,10,17,1,0,38,17,12,10,100,30,20,0.15,0.05
METROLOGY_CONDITIONED_EIG,517001,870.8662463179177,1.7301934921207278,115.39098114598494,10,17,1,0,38,17,12,10,100,30,20,0.15,0.05
NO_PASSIVE,517002,532.5808175001317,0.8674024217093171,445.27907653515393,0,0,0,0,84,17,12,10,100,30,20,0.15,0.05
RANDOM,517002,4.51944638196895,0.12715659672866061,19.863635044929886,46,14,0,0,84,17,12,10,100,30,20,0.15,0.05
HIGHEST_SNR,517002,37.255339087114656,0.19016241634197403,47.4246528274503,45,15,0,0,84,17,12,10,100,30,20,0.15,0.05
SHORTEST_PULSE,517002,8.171534792924508,0.23025695592814108,17.43662454964921,48,12,0,0,84,17,12,10,100,30,20,0.15,0.05
METROLOGY_CONDITIONED_EIG,517002,8.171534792924508,0.23025695592814108,17.43662454964921,48,12,0,0,84,17,12,10,100,30,20,0.15,0.05
NO_PASSIVE,517003,713.6560078041339,1.8407846530578222,445.27907653515393,0,0,0,0,45,17,12,10,100,30,20,0.15,0.05
RANDOM,517003,128.6698978357924,3.191014450763976,62.7000757586327,28,6,0,0,45,17,12,10,100,30,20,0.15,0.05
HIGHEST_SNR,517003,116.82117616617502,1.561557031507681,75.83676772308426,28,6,0,0,45,17,12,10,100,30,20,0.15,0.05
SHORTEST_PULSE,517003,78.1838492352572,1.5393392038983564,54.09698412318317,27,7,0,0,45,17,12,10,100,30,20,0.15,0.05
METROLOGY_CONDITIONED_EIG,517003,68.19179936240607,1.962779080053265,53.148144720077646,27,7,0,0,45,17,12,10,100,30,20,0.15,0.05
NO_PASSIVE,517004,414.6037848063446,4.719248715938299,445.27907653515393,0,0,0,0,139,17,12,10,100,30,20,0.15,0.05
RANDOM,517004,103.3996367782941,3.4901009600340194,33.65465089502139,47,13,0,1,139,17,12,10,100,30,20,0.15,0.05
HIGHEST_SNR,517004,108.62888135024504,3.402609031464682,32.27789614946625,49,11,0,1,139,17,12,10,100,30,20,0.15,0.05
SHORTEST_PULSE,517004,21.79954004167241,0.8393823515320223,24.679571428082443,45,15,1,0,139,17,12,10,100,30,20,0.15,0.05
METROLOGY_CONDITIONED_EIG,517004,29.839940685968244,0.9464744643869911,19.86522965668361,52,8,0,0,139,17,12,10,100,30,20,0.15,0.05
NO_PASSIVE,517005,164.24584670264363,2.043765633777017,445.27907653515393,0,0,0,0,94,17,12,10,100,30,20,0.15,0.05
RANDOM,517005,9.777351972681817,1.0272285681693907,33.155443858747184,38,16,0,0,94,17,12,10,100,30,20,0.15,0.05
HIGHEST_SNR,517005,7.259006804905487,1.5350490798669294,38.91844042127476,40,14,0,0,94,17,12,10,100,30,20,0.15,0.05
SHORTEST_PULSE,517005,20.262941247232238,0.29093415836156766,31.23229722960466,37,17,0,0,94,17,12,10,100,30,20,0.15,0.05
METROLOGY_CONDITIONED_EIG,517005,19.62148480114719,0.03346740838445337,25.87079541500131,39,15,0,0,94,17,12,10,100,30,20,0.15,0.05
NO_PASSIVE,517006,427.508286941961,4.937054196259031,445.27907653515393,0,0,0,0,105,17,12,10,100,30,20,0.15,0.05
RANDOM,517006,47.246562954783755,1.0901163702530847,30.022177654089873,43,8,0,0,105,17,12,10,100,30,20,0.15,0.05
HIGHEST_SNR,517006,29.447638635868216,0.8805000849034859,26.967814882882923,45,6,0,0,105,17,12,10,100,30,20,0.15,0.05
SHORTEST_PULSE,517006,118.34960968280392,5.2651252458377495,28.48787955964577,30,21,0,2,105,17,12,10,100,30,20,0.15,0.05
METROLOGY_CONDITIONED_EIG,517006,8.448627049569762,0.16606115571840419,22.813354907016475,44,7,0,0,105,17,12,10,100,30,20,0.15,0.05
NO_PASSIVE,517007,955.3477252659519,2.9091326309113064,445.27907653515393,0,0,0,0,75,17,12,10,100,30,20,0.15,0.05
RANDOM,517007,15.957706444572736,0.13844499305832128,33.69501624058107,35,6,0,0,75,17,12,10,100,30,20,0.15,0.05
HIGHEST_SNR,517007,16.609668225522555,0.07807092625054571,43.24326444062324,34,7,0,0,75,17,12,10,100,30,20,0.15,0.05
SHORTEST_PULSE,517007,12.442278361026348,0.4993490508955615,29.9138494808494,32,9,0,0,75,17,12,10,100,30,20,0.15,0.05
METROLOGY_CONDITIONED_EIG,517007,13.13612730601191,0.2962747304280694,30.853009909130666,32,9,0,0,75,17,12,10,100,30,20,0.15,0.05
NO_PASSIVE,517008,515.5186320393681,4.466826908747343,445.27907653515393,0,0,0,0,89,17,12,10,100,30,20,0.15,0.05
RANDOM,517008,62.68080392979936,2.809362359472545,40.835061548159594,35,8,0,0,89,17,12,10,100,30,20,0.15,0.05
HIGHEST_SNR,517008,66.49771814367692,2.59591042187188,42.79117753224535,34,9,0,0,89,17,12,10,100,30,20,0.15,0.05
SHORTEST_PULSE,517008,20.56135880145951,0.844112052579561,28.826905737746255,33,10,0,0,89,17,12,10,100,30,20,0.15,0.05
METROLOGY_CONDITIONED_EIG,517008,15.224221774510918,0.8764531681168842,28.844444800562332,35,8,0,0,89,17,12,10,100,30,20,0.15,0.05
NO_PASSIVE,517009,527.1660070473607,0.5726689517579168,445.27907653515393,0,0,0,0,91,17,12,10,100,30,20,0.15,0.05
RANDOM,517009,32.42572818940205,0.7635743689126248,26.526666536234405,45,6,0,0,91,17,12,10,100,30,20,0.15,0.05
HIGHEST_SNR,517009,63.83458615987012,1.051075248391905,59.80348151517282,42,9,0,1,91,17,12,10,100,30,20,0.15,0.05
SHORTEST_PULSE,517009,13.758436534663476,1.0098459396840411,26.14922383465669,45,6,0,0,91,17,12,10,100,30,20,0.15,0.05
METROLOGY_CONDITIONED_EIG,517009,21.524635430786958,1.1241438556750514,23.80135104785548,43,8,0,0,91,17,12,10,100,30,20,0.15,0.05
NO_PASSIVE,517010,90.57959525175983,4.042561402449684,445.27907653515393,0,0,0,0,171,17,12,10,100,30,20,0.15,0.05
RANDOM,517010,589.7630866005998,1.8634423795041413,91.1409838213516,13,41,0,1,171,17,12,10,100,30,20,0.15,0.05
HIGHEST_SNR,517010,37.136414769355085,1.4024183698185857,28.832836591724163,41,13,1,2,171,17,12,10,100,30,20,0.15,0.05
SHORTEST_PULSE,517010,21.625467740236708,0.4960596094298387,21.87918072181368,41,13,0,1,171,17,12,10,100,30,20,0.15,0.05
METROLOGY_CONDITIONED_EIG,517010,23.562738473436404,1.0083976706878262,21.25523203702457,33,21,0,1,171,17,12,10,100,30,20,0.15,0.05
NO_PASSIVE,517011,103.85626115555385,2.704599872001213,445.27907653515393,0,0,0,0,121,17,12,10,100,30,20,0.15,0.05
RANDOM,517011,30.795869101285373,2.144172624081296,52.50853581891341,36,12,0,2,121,17,12,10,100,30,20,0.15,0.05
HIGHEST_SNR,517011,40.626941487445286,0.565237990548951,59.66953427329771,38,10,0,1,121,17,12,10,100,30,20,0.15,0.05
SHORTEST_PULSE,517011,62.402094306018846,2.104458710916418,61.025598927033485,40,8,0,2,121,17,12,10,100,30,20,0.15,0.05
METROLOGY_CONDITIONED_EIG,517011,23.000554312133602,0.8161180052050385,49.80586349216028,38,10,0,1,121,17,12,10,100,30,20,0.15,0.05
NO_PASSIVE,517012,382.99129339846985,2.3201602286387657,445.27907653515393,0,0,0,0,107,17,12,10,100,30,20,0.15,0.05
RANDOM,517012,38.90816528674004,0.7206800486925378,29.331287751980092,45,15,0,0,107,17,12,10,100,30,20,0.15,0.05
HIGHEST_SNR,517012,17.71368688498555,0.6887209319885742,33.692061145350024,45,15,0,0,107,17,12,10,100,30,20,0.15,0.05
SHORTEST_PULSE,517012,34.42138057693044,0.7104318116712,26.102597617487806,44,16,0,0,107,17,12,10,100,30,20,0.15,0.05
METROLOGY_CONDITIONED_EIG,517012,30.906690869140963,0.7022386789447874,26.17638219091437,42,18,1,0,107,17,12,10,100,30,20,0.15,0.05
NO_PASSIVE,517013,445.80239569818013,4.0516044440924075,445.27907653515393,0,0,0,0,37,17,12,10,100,30,20,0.15,0.05
RANDOM,517013,46.46995296755669,2.1527536802236615,20.966196942716493,23,6,0,0,37,17,12,10,100,30,20,0.15,0.05
HIGHEST_SNR,517013,45.33507786881353,1.9978777510828842,20.362833389721096,23,6,0,0,37,17,12,10,100,30,20,0.15,0.05
SHORTEST_PULSE,517013,48.82074744202588,2.368648647912974,19.657117679442297,24,5,0,0,37,17,12,10,100,30,20,0.15,0.05
METROLOGY_CONDITIONED_EIG,517013,52.93388536247277,2.650501773951116,19.950609975659162,24,5,0,0,37,17,12,10,100,30,20,0.15,0.05
NO_PASSIVE,517014,249.54074082621483,2.257905268648233,445.27907653515393,0,0,0,0,19,17,12,10,100,30,20,0.15,0.05
RANDOM,517014,84.27011311354728,1.8452535729574135,60.09228844367073,15,4,0,0,19,17,12,10,100,30,20,0.15,0.05
HIGHEST_SNR,517014,84.27011311354728,1.8452535729574135,60.09228844367073,15,4,0,0,19,17,12,10,100,30,20,0.15,0.05
SHORTEST_PULSE,517014,84.27011311354728,1.8452535729574135,60.09228844367073,15,4,0,0,19,17,12,10,100,30,20,0.15,0.05
METROLOGY_CONDITIONED_EIG,517014,84.27011311354728,1.8452535729574135,60.09228844367073,15,4,0,0,19,17,12,10,100,30,20,0.15,0.05
NO_PASSIVE,517015,312.57056609877395,3.8604848281198243,445.27907653515393,0,0,0,0,59,17,12,10,100,30,20,0.15,0.05
RANDOM,517015,62.468013306943206,0.719345534472734,47.038730655952705,36,7,0,0,59,17,12,10,100,30,20,0.15,0.05
HIGHEST_SNR,517015,64.0248640051526,0.7826831581548003,46.665745913841675,35,8,0,0,59,17,12,10,100,30,20,0.15,0.05
SHORTEST_PULSE,517015,34.60975057047285,0.942241087176454,44.445379406646,34,9,0,0,59,17,12,10,100,30,20,0.15,0.05
METROLOGY_CONDITIONED_EIG,517015,32.28932190974667,0.9172037033051255,43.52102234190059,34,9,0,0,59,17,12,10,100,30,20,0.15,0.05
NO_PASSIVE,517016,214.41746664870607,0.48647474901301413,445.27907653515393,0,0,0,0,42,17,12,10,100,30,20,0.15,0.05
RANDOM,517016,611.0267380107513,1.151560076038281,147.9187427708505,7,27,0,1,42,17,12,10,100,30,20,0.15,0.05
HIGHEST_SNR,517016,577.4045828509849,0.916349443238361,149.65294412233243,6,28,0,1,42,17,12,10,100,30,20,0.15,0.05
SHORTEST_PULSE,517016,577.4045828509849,0.916349443238361,149.65294412233243,6,28,0,1,42,17,12,10,100,30,20,0.15,0.05
METROLOGY_CONDITIONED_EIG,517016,577.4045121017618,0.9164053972567254,149.65326015776884,6,28,0,1,42,17,12,10,100,30,20,0.15,0.05
NO_PASSIVE,517017,397.0343695221871,2.86251769016121,445.27907653515393,0,0,0,0,9,17,12,10,100,30,20,0.15,0.05
RANDOM,517017,299.9458755600499,3.472446708608735,316.1493852744511,8,1,0,1,9,17,12,10,100,30,20,0.15,0.05
HIGHEST_SNR,517017,299.9458755600499,3.472446708608735,316.1493852744511,8,1,0,1,9,17,12,10,100,30,20,0.15,0.05
SHORTEST_PULSE,517017,299.9458755600499,3.472446708608735,316.1493852744511,8,1,0,1,9,17,12,10,100,30,20,0.15,0.05
METROLOGY_CONDITIONED_EIG,517017,299.9458755600499,3.472446708608735,316.1493852744511,8,1,0,1,9,17,12,10,100,30,20,0.15,0.05
NO_PASSIVE,517018,509.74955273653893,3.17695697240511,445.27907653515393,0,0,0,0,43,17,12,10,100,30,20,0.15,0.05
RANDOM,517018,33.477146285743615,0.7020385212608645,53.12974375839521,27,9,0,0,43,17,12,10,100,30,20,0.15,0.05
HIGHEST_SNR,517018,36.596271759579224,0.7809345933063835,54.53417011328756,27,9,0,0,43,17,12,10,100,30,20,0.15,0.05
SHORTEST_PULSE,517018,36.337698284326656,0.47335930502769397,49.27082493566019,27,9,0,0,43,17,12,10,100,30,20,0.15,0.05
METROLOGY_CONDITIONED_EIG,517018,36.337698284326656,0.47335930502769397,49.27082493566019,27,9,0,0,43,17,12,10,100,30,20,0.15,0.05
NO_PASSIVE,517019,140.5087191709463,2.4453025988396107,445.27907653515393,0,0,0,0,130,17,12,10,100,30,20,0.15,0.05
RANDOM,517019,22.49741912612737,1.168662861501398,31.052667394277645,40,10,0,0,130,17,12,10,100,30,20,0.15,0.05
HIGHEST_SNR,517019,16.97108281924752,0.48473213354981615,33.28400347558479,39,11,0,0,130,17,12,10,100,30,20,0.15,0.05
SHORTEST_PULSE,517019,14.487596068104617,0.715255015947604,37.906834269725366,42,8,0,1,130,17,12,10,100,30,20,0.15,0.05
METROLOGY_CONDITIONED_EIG,517019,12.485391980549355,0.5899118737227375,26.969007855209103,41,9,0,0,130,17,12,10,100,30,20,0.15,0.05
NO_PASSIVE,517020,500.2892324899608,2.962452102961331,445.27907653515393,0,0,0,0,121,17,12,10,100,30,20,0.15,0.05
RANDOM,517020,59.69679685878278,2.005218798043304,28.983188003128436,43,15,1,0,121,17,12,10,100,30,20,0.15,0.05
HIGHEST_SNR,517020,73.43191979412266,2.3446983768681315,25.94960068505948,47,11,1,0,121,17,12,10,100,30,20,0.15,0.05
SHORTEST_PULSE,517020,66.7784442556461,2.4983926928431823,23.87809481324352,40,18,0,0,121,17,12,10,100,30,20,0.15,0.05
METROLOGY_CONDITIONED_EIG,517020,58.35647916147333,2.293138494257171,21.6304358604607,42,16,0,1,121,17,12,10,100,30,20,0.15,0.05
NO_PASSIVE,517021,703.6928243640879,5.924163649933335,445.27907653515393,0,0,0,0,56,17,12,10,100,30,20,0.15,0.05
RANDOM,517021,68.41266948602835,2.270341614508763,33.74899618245343,31,8,0,0,56,17,12,10,100,30,20,0.15,0.05
HIGHEST_SNR,517021,69.06354002689565,3.047286795518483,35.67395227519821,32,7,0,0,56,17,12,10,100,30,20,0.15,0.05
SHORTEST_PULSE,517021,69.06354002689565,3.047286795518483,35.67395227519821,32,7,0,0,56,17,12,10,100,30,20,0.15,0.05
METROLOGY_CONDITIONED_EIG,517021,84.7040668869021,2.6520433323179633,32.99037278628768,32,7,0,0,56,17,12,10,100,30,20,0.15,0.05
NO_PASSIVE,517022,505.9078425624101,4.417384520207553,445.27907653515393,0,0,0,0,126,17,12,10,100,30,20,0.15,0.05
RANDOM,517022,22.866234119902867,1.1037842072228907,20.00843632729642,45,13,0,0,126,17,12,10,100,30,20,0.15,0.05
HIGHEST_SNR,517022,93.98067800478103,3.0646151726137685,50.09750154010514,45,13,0,0,126,17,12,10,100,30,20,0.15,0.05
SHORTEST_PULSE,517022,22.134977411772493,0.8790475489779405,16.34418844957311,40,18,0,0,126,17,12,10,100,30,20,0.15,0.05
METROLOGY_CONDITIONED_EIG,517022,27.753770884304103,1.1469995800849702,16.695339106185703,42,16,0,0,126,17,12,10,100,30,20,0.15,0.05
NO_PASSIVE,517023,465.3681122524423,2.2739695384288616,445.27907653515393,0,0,0,0,143,17,12,10,100,30,20,0.15,0.05
RANDOM,517023,29.552941000918633,1.3761857956585417,26.284769915176927,45,11,2,0,143,17,12,10,100,30,20,0.15,0.05
HIGHEST_SNR,517023,27.249955491687743,1.1882859825461558,27.328332610148223,43,13,1,1,143,17,12,10,100,30,20,0.15,0.05
SHORTEST_PULSE,517023,36.04547755739275,1.5158479307954718,22.979848615531527,44,12,0,0,143,17,12,10,100,30,20,0.15,0.05
METROLOGY_CONDITIONED_EIG,517023,33.66632712926912,1.4233037305274516,17.05440564542202,45,11,0,0,143,17,12,10,100,30,20,0.15,0.05
NO_PASSIVE,517024,508.7731778150968,1.6323204188694185,445.27907653515393,0,0,0,0,143,17,12,10,100,30,20,0.15,0.05
RANDOM,517024,29.396443222558336,0.9933874873314579,25.344739787890017,46,13,0,0,143,17,12,10,100,30,20,0.15,0.05
HIGHEST_SNR,517024,45.79127038628024,1.551539691021381,38.85513175340939,46,13,0,0,143,17,12,10,100,30,20,0.15,0.05
SHORTEST_PULSE,517024,31.11994377436239,0.9126231523746189,18.82513344030205,48,11,0,0,143,17,12,10,100,30,20,0.15,0.05
METROLOGY_CONDITIONED_EIG,517024,20.465516786948644,0.6336786550939495,19.0374025197765,48,11,0,0,143,17,12,10,100,30,20,0.15,0.05
NO_PASSIVE,517025,383.4440440829881,2.9553387780032967,445.27907653515393,0,0,0,0,83,17,12,10,100,30,20,0.15,0.05
RANDOM,517025,91.94604029831484,2.6353541410174475,31.435173390832333,41,7,0,0,83,17,12,10,100,30,20,0.15,0.05
HIGHEST_SNR,517025,97.43123583068942,2.4431185085388396,32.854063794806606,40,8,0,0,83,17,12,10,100,30,20,0.15,0.05
SHORTEST_PULSE,517025,97.43123583068942,2.4431185085388396,32.854063794806606,40,8,0,0,83,17,12,10,100,30,20,0.15,0.05
METROLOGY_CONDITIONED_EIG,517025,61.854094271823115,2.0002391073078263,23.007288596366763,38,10,0,0,83,17,12,10,100,30,20,0.15,0.05
NO_PASSIVE,517026,805.852831470059,2.2609107152807657,445.27907653515393,0,0,0,0,74,17,12,10,100,30,20,0.15,0.05
RANDOM,517026,17.585760278803917,0.45254087479156074,45.45595186125649,35,9,0,0,74,17,12,10,100,30,20,0.15,0.05
HIGHEST_SNR,517026,7.761154722176826,0.974970141620939,34.609727696002864,34,10,0,0,74,17,12,10,100,30,20,0.15,0.05
SHORTEST_PULSE,517026,25.67684715575268,1.1364268250108722,41.869913079152376,35,9,0,0,74,17,12,10,100,30,20,0.15,0.05
METROLOGY_CONDITIONED_EIG,517026,14.727884349430369,0.29427085565606104,33.12910660171994,34,10,0,0,74,17,12,10,100,30,20,0.15,0.05
NO_PASSIVE,517027,389.88865775161935,1.3875813413294573,445.27907653515393,0,0,0,0,62,17,12,10,100,30,20,0.15,0.05
RANDOM,517027,28.520018258513943,1.0103130611809314,32.78761451876991,47,5,0,0,62,17,12,10,100,30,20,0.15,0.05
HIGHEST_SNR,517027,23.02239491274685,0.9045171918848581,34.294762366698606,46,6,0,0,62,17,12,10,100,30,20,0.15,0.05
SHORTEST_PULSE,517027,27.279685469250094,1.143097566542567,31.552100841366556,47,5,0,0,62,17,12,10,100,30,20,0.15,0.05
METROLOGY_CONDITIONED_EIG,517027,27.279685469250094,1.143097566542567,31.552100841366556,47,5,0,0,62,17,12,10,100,30,20,0.15,0.05
NO_PASSIVE,517028,696.6849683056374,1.0158458967888537,445.27907653515393,0,0,0,0,58,17,12,10,100,30,20,0.15,0.05
RANDOM,517028,31.581341395408842,1.207775919137248,27.287194319189773,36,7,0,0,58,17,12,10,100,30,20,0.15,0.05
HIGHEST_SNR,517028,32.44635190260737,1.2039924134687323,32.69063422350047,35,8,0,0,58,17,12,10,100,30,20,0.15,0.05
SHORTEST_PULSE,517028,34.79323445409921,1.4193920750191278,26.955609115563746,34,9,0,0,58,17,12,10,100,30,20,0.15,0.05
METROLOGY_CONDITIONED_EIG,517028,31.65259180191616,1.4248385496982068,26.634550083791602,34,9,0,0,58,17,12,10,100,30,20,0.15,0.05
NO_PASSIVE,517029,265.4675492077596,1.8134056346296727,445.27907653515393,0,0,0,0,141,17,12,10,100,30,20,0.15,0.05
RANDOM,517029,10.939071225539555,2.971563812550308,41.9182759187863,34,25,0,2,141,17,12,10,100,30,20,0.15,0.05
HIGHEST_SNR,517029,78.94325063165903,1.9828292479364786,47.61414475561452,48,11,0,0,141,17,12,10,100,30,20,0.15,0.05
SHORTEST_PULSE,517029,31.359088538595422,0.5198564829812335,30.575845024617966,37,22,0,1,141,17,12,10,100,30,20,0.15,0.05
METROLOGY_CONDITIONED_EIG,517029,31.047056742895023,1.3488403604418173,32.25548415214117,37,22,0,2,141,17,12,10,100,30,20,0.15,0.05
NO_PASSIVE,518000,210.55562820253974,1.9405333216310903,445.27907653515393,0,0,0,0,49,18,12,10,100,30,20,0.15,0.15
RANDOM,518000,50.64502395599116,1.8412614127842009,38.1208466195125,24,12,0,0,49,18,12,10,100,30,20,0.15,0.15
HIGHEST_SNR,518000,78.55353217574876,2.5985655151826093,45.742107698431234,24,12,0,0,49,18,12,10,100,30,20,0.15,0.15
SHORTEST_PULSE,518000,73.58266322644867,2.33962506132852,36.85137201136565,23,13,0,0,49,18,12,10,100,30,20,0.15,0.15
METROLOGY_CONDITIONED_EIG,518000,73.57961130162384,2.3393834312035158,36.844605398228936,23,13,0,0,49,18,12,10,100,30,20,0.15,0.15
NO_PASSIVE,518001,286.0672528833501,2.6543238336535424,445.27907653515393,0,0,0,0,41,18,12,10,100,30,20,0.15,0.15
RANDOM,518001,765.6214620314332,2.4820728670972647,101.72374850874766,5,29,0,1,41,18,12,10,100,30,20,0.15,0.15
HIGHEST_SNR,518001,19.374265133859588,1.095258583031028,29.14361483569212,29,5,0,0,41,18,12,10,100,30,20,0.15,0.15
SHORTEST_PULSE,518001,765.6215806698676,2.4820907587867826,101.76558033740201,5,29,0,1,41,18,12,10,100,30,20,0.15,0.15
METROLOGY_CONDITIONED_EIG,518001,19.374265133859588,1.095258583031028,29.14361483569212,29,5,0,0,41,18,12,10,100,30,20,0.15,0.15
NO_PASSIVE,518002,201.4924090430041,1.9641178533536883,445.27907653515393,0,0,0,0,65,18,12,10,100,30,20,0.15,0.15
RANDOM,518002,335.39989933804225,1.4373558053063198,114.38210887498327,11,32,1,1,65,18,12,10,100,30,20,0.15,0.15
HIGHEST_SNR,518002,335.37618912786195,1.436592251531342,114.45970189723897,11,32,1,1,65,18,12,10,100,30,20,0.15,0.15
SHORTEST_PULSE,518002,335.37618912786195,1.436592251531342,114.45970189723897,11,32,1,1,65,18,12,10,100,30,20,0.15,0.15
METROLOGY_CONDITIONED_EIG,518002,335.359675292625,1.4364306973763206,114.50474891745256,11,32,1,1,65,18,12,10,100,30,20,0.15,0.15
NO_PASSIVE,518003,479.48729824735517,2.5022910418282645,445.27907653515393,0,0,0,0,24,18,12,10,100,30,20,0.15,0.15
RANDOM,518003,15.047466664910301,1.3008221168025065,57.13366459463727,14,8,0,0,24,18,12,10,100,30,20,0.15,0.15
HIGHEST_SNR,518003,15.047466664910301,1.3008221168025065,57.13366459463727,14,8,0,0,24,18,12,10,100,30,20,0.15,0.15
SHORTEST_PULSE,518003,4.004114476629933,1.247587273982542,46.221584838269145,14,8,0,0,24,18,12,10,100,30,20,0.15,0.15
METROLOGY_CONDITIONED_EIG,518003,4.004114476629933,1.247587273982542,46.221584838269145,14,8,0,0,24,18,12,10,100,30,20,0.15,0.15
NO_PASSIVE,518004,539.9298604576614,1.7125636590229454,445.27907653515393,0,0,0,0,50,18,12,10,100,30,20,0.15,0.15
RANDOM,518004,19.964462941987453,0.9120252131521399,36.33042470747251,31,9,0,0,50,18,12,10,100,30,20,0.15,0.15
HIGHEST_SNR,518004,11.150304674462992,0.6295838874609647,34.559268459604965,33,7,0,0,50,18,12,10,100,30,20,0.15,0.15
SHORTEST_PULSE,518004,14.026087199340216,0.610083697277926,35.50824169905235,31,9,0,0,50,18,12,10,100,30,20,0.15,0.15
METROLOGY_CONDITIONED_EIG,518004,20.438001365207604,0.5988244100354457,35.54577757366827,33,7,0,0,50,18,12,10,100,30,20,0.15,0.15
NO_PASSIVE,518005,147.87606643390305,2.167632791590968,445.27907653515393,0,0,0,0,28,18,12,10,100,30,20,0.15,0.15
RANDOM,518005,121.1619690255762,2.4871875037717257,87.37842032276194,22,6,0,0,28,18,12,10,100,30,20,0.15,0.15
HIGHEST_SNR,518005,121.1619690255762,2.4871875037717257,87.37842032276194,22,6,0,0,28,18,12,10,100,30,20,0.15,0.15
SHORTEST_PULSE,518005,121.1619690255762,2.4871875037717257,87.37842032276194,22,6,0,0,28,18,12,10,100,30,20,0.15,0.15
METROLOGY_CONDITIONED_EIG,518005,121.1619690255762,2.4871875037717257,87.37842032276194,22,6,0,0,28,18,12,10,100,30,20,0.15,0.15
NO_PASSIVE,518006,643.5342388600747,4.015289634993437,445.27907653515393,0,0,0,0,104,18,12,10,100,30,20,0.15,0.15
RANDOM,518006,74.78731086696615,1.7893314265086646,32.35013882816824,32,14,0,1,104,18,12,10,100,30,20,0.15,0.15
HIGHEST_SNR,518006,19.952466564349535,1.6165432721353286,40.07635854743697,34,12,0,0,104,18,12,10,100,30,20,0.15,0.15
SHORTEST_PULSE,518006,418.9505431124779,6.911579312383249,47.46375153114512,5,41,0,5,104,18,12,10,100,30,20,0.15,0.15
METROLOGY_CONDITIONED_EIG,518006,375.27734568057576,6.6466902710442355,52.668856483969854,5,41,0,5,104,18,12,10,100,30,20,0.15,0.15
NO_PASSIVE,518007,569.3309381264609,1.8743126742710334,445.27907653515393,0,0,0,0,49,18,12,10,100,30,20,0.15,0.15
RANDOM,518007,21.396462593842678,1.40106809519085,33.52085313618776,26,8,0,2,49,18,12,10,100,30,20,0.15,0.15
HIGHEST_SNR,518007,14.964940408423514,1.358273562998038,32.83471088287722,28,6,0,2,49,18,12,10,100,30,20,0.15,0.15
SHORTEST_PULSE,518007,25.752232709226888,1.4800857651083656,32.30214177138448,26,8,0,2,49,18,12,10,100,30,20,0.15,0.15
METROLOGY_CONDITIONED_EIG,518007,29.772070999709708,1.420841936882763,32.00328125837834,28,6,0,3,49,18,12,10,100,30,20,0.15,0.15
NO_PASSIVE,518008,438.62352096489576,4.802248446407459,445.27907653515393,0,0,0,0,51,18,12,10,100,30,20,0.15,0.15
RANDOM,518008,27.902755080164308,1.6318726902819192,33.08421581865529,28,9,0,0,51,18,12,10,100,30,20,0.15,0.15
HIGHEST_SNR,518008,51.432871775750755,2.0127449941330826,36.612815233428066,27,10,0,0,51,18,12,10,100,30,20,0.15,0.15
SHORTEST_PULSE,518008,38.45959794873451,1.710838768936811,31.49448669271707,29,8,0,0,51,18,12,10,100,30,20,0.15,0.15
METROLOGY_CONDITIONED_EIG,518008,40.068354717780316,1.8072247286921361,31.652710903713697,28,9,0,0,51,18,12,10,100,30,20,0.15,0.15
NO_PASSIVE,518009,236.464865763045,2.1916615940409327,445.27907653515393,0,0,0,0,108,18,12,10,100,30,20,0.15,0.15
RANDOM,518009,14.829522749996855,0.6354494521212993,27.572421148788408,31,21,0,1,108,18,12,10,100,30,20,0.15,0.15
HIGHEST_SNR,518009,174.21735700917614,7.5557747559011395,41.14019721825257,26,26,0,1,108,18,12,10,100,30,20,0.15,0.15
SHORTEST_PULSE,518009,25.920404051187674,0.939122774463804,26.963415905711482,34,18,0,0,108,18,12,10,100,30,20,0.15,0.15
METROLOGY_CONDITIONED_EIG,518009,13.223783436432075,0.17328815655604632,24.38702269434971,37,15,0,1,108,18,12,10,100,30,20,0.15,0.15
NO_PASSIVE,518010,351.27413948575673,1.7278111771363143,445.27907653515393,0,0,0,0,22,18,12,10,100,30,20,0.15,0.15
RANDOM,518010,230.66727574533894,0.37637723935334777,97.49025587248225,5,15,0,1,22,18,12,10,100,30,20,0.15,0.15
HIGHEST_SNR,518010,41.081491241000144,0.3306626531241365,60.251735173506106,11,9,0,0,22,18,12,10,100,30,20,0.15,0.15
SHORTEST_PULSE,518010,230.66727574533894,0.37637723935334777,97.49025587248225,5,15,0,1,22,18,12,10,100,30,20,0.15,0.15
METROLOGY_CONDITIONED_EIG,518010,62.36837799929156,0.5230102297561265,58.646341950128644,11,9,0,0,22,18,12,10,100,30,20,0.15,0.15
NO_PASSIVE,518011,589.3826285184912,6.309917961343153,445.27907653515393,0,0,0,0,150,18,12,10,100,30,20,0.15,0.15
RANDOM,518011,52.39647717804066,2.3463873754038884,35.97813267197216,41,19,0,1,150,18,12,10,100,30,20,0.15,0.15
HIGHEST_SNR,518011,142.78733298225325,3.056572766736245,47.68448119194875,35,25,0,1,150,18,12,10,100,30,20,0.15,0.15
SHORTEST_PULSE,518011,110.49003344441854,2.7048885089568633,42.89624432711378,40,20,0,0,150,18,12,10,100,30,20,0.15,0.15
METROLOGY_CONDITIONED_EIG,518011,48.88232437500128,0.9631716879703868,33.60051361808421,47,13,0,1,150,18,12,10,100,30,20,0.15,0.15
NO_PASSIVE,518012,88.24636803891053,1.5335880158452835,445.27907653515393,0,0,0,0,99,18,12,10,100,30,20,0.15,0.15
RANDOM,518012,8.326411479811247,0.5994459103703134,29.46913860383631,40,14,0,0,99,18,12,10,100,30,20,0.15,0.15
HIGHEST_SNR,518012,19.266853439664292,0.23705096719206062,27.571692416406634,42,12,0,0,99,18,12,10,100,30,20,0.15,0.15
SHORTEST_PULSE,518012,6.407699975736155,0.46857706342913585,28.272936024583323,43,11,0,0,99,18,12,10,100,30,20,0.15,0.15
METROLOGY_CONDITIONED_EIG,518012,10.529942075829595,0.6163247054225923,26.14729728426838,42,12,0,0,99,18,12,10,100,30,20,0.15,0.15
NO_PASSIVE,518013,640.291212366318,0.6782734488538884,445.27907653515393,0,0,0,0,81,18,12,10,100,30,20,0.15,0.15
RANDOM,518013,12.416198030485546,0.6069261211895141,26.121763739023528,37,11,0,1,81,18,12,10,100,30,20,0.15,0.15
HIGHEST_SNR,518013,37.5403345632748,0.4345442812933703,34.242150222887766,34,14,0,0,81,18,12,10,100,30,20,0.15,0.15
SHORTEST_PULSE,518013,19.483730704915843,1.2353448627157584,25.840354791626357,36,12,0,0,81,18,12,10,100,30,20,0.15,0.15
METROLOGY_CONDITIONED_EIG,518013,29.210213385280177,1.4077834756033714,24.913525466973862,37,11,0,0,81,18,12,10,100,30,20,0.15,0.15
NO_PASSIVE,518014,248.37750650831146,6.164341523574268,445.27907653515393,0,0,0,0,117,18,12,10,100,30,20,0.15,0.15
RANDOM,518014,79.83368312925187,2.134915966873283,42.2427132827441,40,18,0,0,117,18,12,10,100,30,20,0.15,0.15
HIGHEST_SNR,518014,539.8944385359408,2.5749677609619694,63.19122355613344,9,49,0,3,117,18,12,10,100,30,20,0.15,0.15
SHORTEST_PULSE,518014,47.68085581818777,1.6166027147418367,18.50878899314229,38,20,0,0,117,18,12,10,100,30,20,0.15,0.15
METROLOGY_CONDITIONED_EIG,518014,899.5632730576644,8.886446449399276,86.03423789786066,5,53,0,3,117,18,12,10,100,30,20,0.15,0.15
NO_PASSIVE,518015,361.21345293242877,2.1341681543819178,445.27907653515393,0,0,0,0,120,18,12,10,100,30,20,0.15,0.15
RANDOM,518015,18.75825759594102,0.8407290865330371,30.273801611293823,42,17,0,1,120,18,12,10,100,30,20,0.15,0.15
HIGHEST_SNR,518015,41.44225169434467,0.9596038865573807,38.98217222802056,42,17,0,1,120,18,12,10,100,30,20,0.15,0.15
SHORTEST_PULSE,518015,66.07256076018955,1.8753650286076593,28.818213755629518,44,15,0,2,120,18,12,10,100,30,20,0.15,0.15
METROLOGY_CONDITIONED_EIG,518015,43.56393889447845,1.3422561321226478,26.196780478127682,41,18,0,2,120,18,12,10,100,30,20,0.15,0.15
NO_PASSIVE,518016,355.7660797090496,1.189068997755599,445.27907653515393,0,0,0,0,42,18,12,10,100,30,20,0.15,0.15
RANDOM,518016,196.02195587411111,1.0997787280158493,75.37078798379105,21,10,0,1,42,18,12,10,100,30,20,0.15,0.15
HIGHEST_SNR,518016,227.7337880366181,0.9053002872500076,76.60518649046135,20,11,0,1,42,18,12,10,100,30,20,0.15,0.15
SHORTEST_PULSE,518016,25.145206830171986,1.1951290409439497,27.58017222098443,25,6,0,1,42,18,12,10,100,30,20,0.15,0.15
METROLOGY_CONDITIONED_EIG,518016,24.961814553387285,1.1924038768081564,27.26908481236928,26,5,0,1,42,18,12,10,100,30,20,0.15,0.15
NO_PASSIVE,518017,340.1006130771343,2.924376405013483,445.27907653515393,0,0,0,0,11,18,12,10,100,30,20,0.15,0.15
RANDOM,518017,247.88134217415845,2.4379565522997217,60.891663245749704,7,2,0,1,11,18,12,10,100,30,20,0.15,0.15
HIGHEST_SNR,518017,854.9100074796003,3.2286137797921652,69.66055390807466,7,2,0,1,11,18,12,10,100,30,20,0.15,0.15
SHORTEST_PULSE,518017,32.61000112655749,2.739498284081081,66.41078981393083,6,3,0,0,11,18,12,10,100,30,20,0.15,0.15
METROLOGY_CONDITIONED_EIG,518017,32.61000112655749,2.739498284081081,66.41078981393083,6,3,0,0,11,18,12,10,100,30,20,0.15,0.15
NO_PASSIVE,518018,670.9626894608953,4.2531002338265145,445.27907653515393,0,0,0,0,91,18,12,10,100,30,20,0.15,0.15
RANDOM,518018,99.50555184762639,2.903795486309458,40.086951276980905,26,16,0,1,91,18,12,10,100,30,20,0.15,0.15
HIGHEST_SNR,518018,41.240859837748744,1.7302096241978977,25.311604195724275,28,14,0,2,91,18,12,10,100,30,20,0.15,0.15
SHORTEST_PULSE,518018,49.554318843984724,1.8701140069691176,22.914222098799026,28,14,0,1,91,18,12,10,100,30,20,0.15,0.15
METROLOGY_CONDITIONED_EIG,518018,48.696252088188004,1.7265795076253054,23.105412714740474,26,16,0,1,91,18,12,10,100,30,20,0.15,0.15
NO_PASSIVE,518019,722.8870221379667,0.3641240593719028,445.27907653515393,0,0,0,0,103,18,12,10,100,30,20,0.15,0.15
RANDOM,518019,7.23152423310824,0.37699397095391035,32.15837512666679,38,21,0,1,103,18,12,10,100,30,20,0.15,0.15
HIGHEST_SNR,518019,60.13181049355962,1.1769775887937177,67.58333356421628,40,19,1,1,103,18,12,10,100,30,20,0.15,0.15
SHORTEST_PULSE,518019,20.16380361027985,0.3720014887689542,19.37208198269854,38,21,0,1,103,18,12,10,100,30,20,0.15,0.15
METROLOGY_CONDITIONED_EIG,518019,60.81706012331817,2.0562395797357524,26.063341575309348,37,22,0,1,103,18,12,10,100,30,20,0.15,0.15
NO_PASSIVE,518020,596.1131167354002,2.9771630212158255,445.27907653515393,0,0,0,0,68,18,12,10,100,30,20,0.15,0.15
RANDOM,518020,72.35164285854228,2.389535429396892,47.61183321091827,35,9,0,0,68,18,12,10,100,30,20,0.15,0.15
HIGHEST_SNR,518020,39.05228658243799,2.4641612168130966,47.89055360803611,34,10,0,0,68,18,12,10,100,30,20,0.15,0.15
SHORTEST_PULSE,518020,42.44671711339105,1.7453920602652768,43.712130924913616,35,9,0,0,68,18,12,10,100,30,20,0.15,0.15
METROLOGY_CONDITIONED_EIG,518020,57.69481102156741,2.375409660483875,40.85257055727551,36,8,0,0,68,18,12,10,100,30,20,0.15,0.15
NO_PASSIVE,518021,329.5555399632946,1.3805852643031529,445.27907653515393,0,0,0,0,112,18,12,10,100,30,20,0.15,0.15
RANDOM,518021,188.765723544589,2.986413916778762,60.66799759178132,20,32,1,6,112,18,12,10,100,30,20,0.15,0.15
HIGHEST_SNR,518021,191.5633177940754,3.0429281796392607,68.35667472503826,18,34,0,5,112,18,12,10,100,30,20,0.15,0.15
SHORTEST_PULSE,518021,44.385534047136396,0.2959470442876762,53.8855865459502,35,17,0,2,112,18,12,10,100,30,20,0.15,0.15
METROLOGY_CONDITIONED_EIG,518021,177.7084806179067,2.926311603706022,39.803709267242425,19,33,1,7,112,18,12,10,100,30,20,0.15,0.15
NO_PASSIVE,518022,611.1206888038647,1.6519279001674176,445.27907653515393,0,0,0,0,103,18,12,10,100,30,20,0.15,0.15
RANDOM,518022,49.34905023354635,1.3571657989449022,27.81541682100531,33,18,0,0,103,18,12,10,100,30,20,0.15,0.15
HIGHEST_SNR,518022,56.47786006870905,1.5142150633556548,38.29548098688751,35,16,0,1,103,18,12,10,100,30,20,0.15,0.15
SHORTEST_PULSE,518022,55.06130964747357,1.4932211154448676,30.40362994255373,31,20,0,0,103,18,12,10,100,30,20,0.15,0.15
METROLOGY_CONDITIONED_EIG,518022,56.8606479472427,1.1285669073258415,24.93944634984192,32,19,0,2,103,18,12,10,100,30,20,0.15,0.15
NO_PASSIVE,518023,578.1601159058152,1.7576862749190882,445.27907653515393,0,0,0,0,118,18,12,10,100,30,20,0.15,0.15
RANDOM,518023,3.1941161759381758,0.16003080822460752,32.38395130493936,42,18,0,1,118,18,12,10,100,30,20,0.15,0.15
HIGHEST_SNR,518023,16.102468629048804,0.5057696950067201,39.88876304585726,45,15,0,1,118,18,12,10,100,30,20,0.15,0.15
SHORTEST_PULSE,518023,11.017056299233198,0.8606408542078992,30.73430754196207,41,19,0,0,118,18,12,10,100,30,20,0.15,0.15
METROLOGY_CONDITIONED_EIG,518023,31.024454926202704,1.232366435252186,27.94232151865132,41,19,0,0,118,18,12,10,100,30,20,0.15,0.15
NO_PASSIVE,518024,351.0812270631409,3.3971684414805607,445.27907653515393,0,0,0,0,42,18,12,10,100,30,20,0.15,0.15
RANDOM,518024,43.65434316167881,2.0460002472321324,32.34205527650241,28,12,0,0,42,18,12,10,100,30,20,0.15,0.15
HIGHEST_SNR,518024,43.65434316167881,2.0460002472321324,32.34205527650241,28,12,0,0,42,18,12,10,100,30,20,0.15,0.15
SHORTEST_PULSE,518024,40.76258772419763,2.041360393279682,32.51862536782336,27,13,0,0,42,18,12,10,100,30,20,0.15,0.15
METROLOGY_CONDITIONED_EIG,518024,40.76258772419763,2.041360393279682,32.51862536782336,27,13,0,0,42,18,12,10,100,30,20,0.15,0.15
NO_PASSIVE,518025,722.0409008313114,2.5406277767411933,445.27907653515393,0,0,0,0,95,18,12,10,100,30,20,0.15,0.15
RANDOM,518025,369.43880101748334,3.711960043161726,66.75724587121097,18,37,2,3,95,18,12,10,100,30,20,0.15,0.15
HIGHEST_SNR,518025,39.161646983015544,1.8763353436922892,19.029414268934854,39,16,0,0,95,18,12,10,100,30,20,0.15,0.15
SHORTEST_PULSE,518025,23.925523548500536,1.1480793913100131,19.219726109149804,37,18,0,0,95,18,12,10,100,30,20,0.15,0.15
METROLOGY_CONDITIONED_EIG,518025,24.1047210331861,1.5561553883353376,19.222881012844244,38,17,0,0,95,18,12,10,100,30,20,0.15,0.15
NO_PASSIVE,518026,78.43240267979954,1.2700214419514821,445.27907653515393,0,0,0,0,54,18,12,10,100,30,20,0.15,0.15
RANDOM,518026,40.14534873167776,0.7016988202136678,63.70735813228355,23,7,0,0,54,18,12,10,100,30,20,0.15,0.15
HIGHEST_SNR,518026,4.713025163114794,0.2840565647416198,70.47015931455823,22,8,0,0,54,18,12,10,100,30,20,0.15,0.15
SHORTEST_PULSE,518026,37.06948322349956,0.021543853468187345,63.431846536732685,21,9,0,0,54,18,12,10,100,30,20,0.15,0.15
METROLOGY_CONDITIONED_EIG,518026,18.392406875359256,0.7892827080547022,58.32774243649651,20,10,0,0,54,18,12,10,100,30,20,0.15,0.15
NO_PASSIVE,518027,487.8774587437619,1.004589609509355,445.27907653515393,0,0,0,0,69,18,12,10,100,30,20,0.15,0.15
RANDOM,518027,104.6126143199397,0.0533889513284938,60.93816132993073,25,11,0,0,69,18,12,10,100,30,20,0.15,0.15
HIGHEST_SNR,518027,156.8010804854729,1.0704434262157192,62.98290306196565,29,7,1,1,69,18,12,10,100,30,20,0.15,0.15
SHORTEST_PULSE,518027,16.99654521675456,0.06104949354511796,34.752860651658885,24,12,0,0,69,18,12,10,100,30,20,0.15,0.15
METROLOGY_CONDITIONED_EIG,518027,13.52131069030602,0.2608643750865129,35.012775126499086,24,12,0,0,69,18,12,10,100,30,20,0.15,0.15
NO_PASSIVE,518028,291.9960569956365,1.3879234489697494,445.27907653515393,0,0,0,0,139,18,12,10,100,30,20,0.15,0.15
RANDOM,518028,13.857710606312672,1.2519437991985343,20.037988357376985,41,19,0,0,139,18,12,10,100,30,20,0.15,0.15
HIGHEST_SNR,518028,84.35500124181839,1.2305330602214808,58.781281253283204,39,21,0,0,139,18,12,10,100,30,20,0.15,0.15
SHORTEST_PULSE,518028,444.1089153502025,0.6697989859077901,95.66825312762217,11,49,0,1,139,18,12,10,100,30,20,0.15,0.15
METROLOGY_CONDITIONED_EIG,518028,440.63594244361457,1.9271168982112503,97.73968014184021,10,50,0,1,139,18,12,10,100,30,20,0.15,0.15
NO_PASSIVE,518029,282.612768572021,1.6538241177271695,445.27907653515393,0,0,0,0,113,18,12,10,100,30,20,0.15,0.15
RANDOM,518029,8.02836646199083,0.7045934901651917,33.09001576109831,45,15,0,0,113,18,12,10,100,30,20,0.15,0.15
HIGHEST_SNR,518029,55.99488968169418,0.8670941664278542,46.64049421103749,46,14,0,0,113,18,12,10,100,30,20,0.15,0.15
SHORTEST_PULSE,518029,12.380565194932444,0.6166330237807548,30.320793527674194,42,18,0,0,113,18,12,10,100,30,20,0.15,0.15
METROLOGY_CONDITIONED_EIG,518029,12.630453826763652,0.5096994684180711,30.65957482044235,42,18,0,0,113,18,12,10,100,30,20,0.15,0.15
NO_PASSIVE,519000,698.2852771644085,5.470509106391753,445.27907653515393,0,0,0,0,109,19,12,10,100,30,45,0.0,0.0
RANDOM,519000,29.757265609900145,2.1388991827803476,17.18426260716436,55,0,0,0,109,19,12,10,100,30,45,0.0,0.0
HIGHEST_SNR,519000,26.14431574858144,1.9335025319373107,20.20718445484282,55,0,0,0,109,19,12,10,100,30,45,0.0,0.0
SHORTEST_PULSE,519000,43.24040332500647,2.4366260033682745,14.941244925898399,54,1,0,0,109,19,12,10,100,30,45,0.0,0.0
METROLOGY_CONDITIONED_EIG,519000,42.98517085435362,2.357718349874324,14.90889618894628,53,2,0,0,109,19,12,10,100,30,45,0.0,0.0
NO_PASSIVE,519001,221.0127484691129,5.415284566523121,445.27907653515393,0,0,0,0,19,19,12,10,100,30,45,0.0,0.0
RANDOM,519001,181.81300136967496,4.7157036570423845,63.5075857551283,18,1,0,0,19,19,12,10,100,30,45,0.0,0.0
HIGHEST_SNR,519001,181.81300136967496,4.7157036570423845,63.5075857551283,18,1,0,0,19,19,12,10,100,30,45,0.0,0.0
SHORTEST_PULSE,519001,181.81300136967496,4.7157036570423845,63.5075857551283,18,1,0,0,19,19,12,10,100,30,45,0.0,0.0
METROLOGY_CONDITIONED_EIG,519001,181.81300136967496,4.7157036570423845,63.5075857551283,18,1,0,0,19,19,12,10,100,30,45,0.0,0.0
NO_PASSIVE,519002,355.4489898270545,3.1144907558024433,445.27907653515393,0,0,0,0,104,19,12,10,100,30,45,0.0,0.0
RANDOM,519002,41.728767138389024,2.1937419113312937,32.96188030934701,52,0,0,0,104,19,12,10,100,30,45,0.0,0.0
HIGHEST_SNR,519002,72.76872854664025,2.811979331894604,36.212936682796915,51,1,0,0,104,19,12,10,100,30,45,0.0,0.0
SHORTEST_PULSE,519002,37.99582743889615,2.0477352727072735,31.165826557059045,52,0,0,0,104,19,12,10,100,30,45,0.0,0.0
METROLOGY_CONDITIONED_EIG,519002,33.30468923561074,1.9387036046730828,30.084944268627346,52,0,0,0,104,19,12,10,100,30,45,0.0,0.0
NO_PASSIVE,519003,504.9994436148736,4.703420085069502,445.27907653515393,0,0,0,0,115,19,12,10,100,30,45,0.0,0.0
RANDOM,519003,27.87154606234031,2.384988562231754,17.797992107833025,43,1,0,0,115,19,12,10,100,30,45,0.0,0.0
HIGHEST_SNR,519003,28.435533711053463,2.3986405318772737,16.980648494949808,44,0,0,0,115,19,12,10,100,30,45,0.0,0.0
SHORTEST_PULSE,519003,14.445122985404556,1.537894771311659,15.037047349645517,44,0,0,0,115,19,12,10,100,30,45,0.0,0.0
METROLOGY_CONDITIONED_EIG,519003,19.189070576613403,1.9524351920692555,15.605524557082182,44,0,0,0,115,19,12,10,100,30,45,0.0,0.0
NO_PASSIVE,519004,677.7322633231801,3.7597486544104703,445.27907653515393,0,0,0,0,27,19,12,10,100,30,45,0.0,0.0
RANDOM,519004,31.765627115825744,1.1987532476235494,29.745720125788157,23,0,0,0,27,19,12,10,100,30,45,0.0,0.0
HIGHEST_SNR,519004,24.899409809096152,0.829686655744405,29.590965991057445,23,0,0,0,27,19,12,10,100,30,45,0.0,0.0
SHORTEST_PULSE,519004,41.80590317782187,1.438982168646699,29.590029943835432,23,0,0,0,27,19,12,10,100,30,45,0.0,0.0
METROLOGY_CONDITIONED_EIG,519004,41.80590317782187,1.438982168646699,29.590029943835432,23,0,0,0,27,19,12,10,100,30,45,0.0,0.0
NO_PASSIVE,519005,206.5114780819406,5.515475092037521,445.27907653515393,0,0,0,0,45,19,12,10,100,30,45,0.0,0.0
RANDOM,519005,86.6815476970374,3.4909185804535903,40.96231817931146,39,0,0,0,45,19,12,10,100,30,45,0.0,0.0
HIGHEST_SNR,519005,89.54233373198169,3.5687129033186724,40.86301813230827,39,0,0,0,45,19,12,10,100,30,45,0.0,0.0
SHORTEST_PULSE,519005,106.80993248325836,3.9288294786659614,37.55483741215637,39,0,0,0,45,19,12,10,100,30,45,0.0,0.0
METROLOGY_CONDITIONED_EIG,519005,106.73135262700215,3.846377161851611,37.545130682758334,39,0,0,0,45,19,12,10,100,30,45,0.0,0.0
NO_PASSIVE,519006,319.509853599903,4.908919550779851,445.27907653515393,0,0,0,0,79,19,12,10,100,30,45,0.0,0.0
RANDOM,519006,25.149305560702274,0.8899923825017692,29.178977339718177,42,0,0,0,79,19,12,10,100,30,45,0.0,0.0
HIGHEST_SNR,519006,47.573937298145026,1.6285595163426576,27.182750390646714,40,2,0,0,79,19,12,10,100,30,45,0.0,0.0
SHORTEST_PULSE,519006,14.595508575377572,0.6776970295562252,27.67368401987633,42,0,0,0,79,19,12,10,100,30,45,0.0,0.0
METROLOGY_CONDITIONED_EIG,519006,43.204444008268794,1.350814967764705,26.04252334779473,41,1,0,0,79,19,12,10,100,30,45,0.0,0.0
NO_PASSIVE,519007,302.0678083877082,5.77601589531089,445.27907653515393,0,0,0,0,40,19,12,10,100,30,45,0.0,0.0
RANDOM,519007,168.71173165301394,4.970061841603083,83.91534577301876,26,0,0,0,40,19,12,10,100,30,45,0.0,0.0
HIGHEST_SNR,519007,240.47780143872222,6.200447597528579,101.05587476281451,26,0,0,0,40,19,12,10,100,30,45,0.0,0.0
SHORTEST_PULSE,519007,238.887577862078,6.060910777016675,94.76134597759773,26,0,0,0,40,19,12,10,100,30,45,0.0,0.0
METROLOGY_CONDITIONED_EIG,519007,160.89812689457287,4.849464466690756,82.40835189871028,26,0,0,0,40,19,12,10,100,30,45,0.0,0.0
NO_PASSIVE,519008,277.0285767358217,3.2594998176780865,445.27907653515393,0,0,0,0,65,19,12,10,100,30,45,0.0,0.0
RANDOM,519008,14.908782679252335,1.567499964718511,22.920109131690165,43,0,0,0,65,19,12,10,100,30,45,0.0,0.0
HIGHEST_SNR,519008,10.850014688607946,1.5038215608435503,22.12977628326184,43,0,0,0,65,19,12,10,100,30,45,0.0,0.0
SHORTEST_PULSE,519008,19.899737991201103,1.4325264282382033,18.712082588005103,43,0,0,0,65,19,12,10,100,30,45,0.0,0.0
METROLOGY_CONDITIONED_EIG,519008,17.806808073133254,1.7197977255716477,18.344391135250252,43,0,0,0,65,19,12,10,100,30,45,0.0,0.0
NO_PASSIVE,519009,300.480434813474,1.5371175375407566,445.27907653515393,0,0,0,0,60,19,12,10,100,30,45,0.0,0.0
RANDOM,519009,18.743495228385214,0.5840539566855593,22.952254511240323,43,0,0,0,60,19,12,10,100,30,45,0.0,0.0
HIGHEST_SNR,519009,11.213372540833,0.5604538424250264,22.839795276949737,42,1,0,0,60,19,12,10,100,30,45,0.0,0.0
SHORTEST_PULSE,519009,9.159314226904243,0.5987500454751338,22.662909351518053,42,1,0,0,60,19,12,10,100,30,45,0.0,0.0
METROLOGY_CONDITIONED_EIG,519009,14.71611217205157,0.555162965602155,22.757064987680494,42,1,0,0,60,19,12,10,100,30,45,0.0,0.0
NO_PASSIVE,519010,513.6054397440126,9.285038882723573,445.27907653515393,0,0,0,0,62,19,12,10,100,30,45,0.0,0.0
RANDOM,519010,223.37673317164237,6.166375635846385,45.583669156656406,35,8,0,0,62,19,12,10,100,30,45,0.0,0.0
HIGHEST_SNR,519010,207.56115254435875,5.69492788874499,50.11466701966703,36,7,0,0,62,19,12,10,100,30,45,0.0,0.0
SHORTEST_PULSE,519010,216.50363869721477,6.05866628420607,43.92989388557957,36,7,0,0,62,19,12,10,100,30,45,0.0,0.0
METROLOGY_CONDITIONED_EIG,519010,226.57768108343066,6.25695350444563,46.0311633852803,33,10,0,0,62,19,12,10,100,30,45,0.0,0.0
NO_PASSIVE,519011,356.52926711316326,6.665437422575447,445.27907653515393,0,0,0,0,80,19,12,10,100,30,45,0.0,0.0
RANDOM,519011,144.40795077525357,5.248761414689908,27.223094416533822,32,1,0,0,80,19,12,10,100,30,45,0.0,0.0
HIGHEST_SNR,519011,107.56817862799178,4.194895843499143,33.947842910235245,29,4,0,0,80,19,12,10,100,30,45,0.0,0.0
SHORTEST_PULSE,519011,114.01832246448772,4.798559738948339,24.37060666822842,33,0,0,0,80,19,12,10,100,30,45,0.0,0.0
METROLOGY_CONDITIONED_EIG,519011,119.3238836611797,4.937018555120553,27.24609841171085,31,2,0,0,80,19,12,10,100,30,45,0.0,0.0
NO_PASSIVE,519012,373.7572463377177,0.97447889137897,445.27907653515393,0,0,0,0,119,19,12,10,100,30,45,0.0,0.0
RANDOM,519012,42.876631285121256,2.0304739813515043,32.98904680483754,50,2,0,0,119,19,12,10,100,30,45,0.0,0.0
HIGHEST_SNR,519012,93.12687575385758,1.454929400535394,52.83383782877704,50,2,0,0,119,19,12,10,100,30,45,0.0,0.0
SHORTEST_PULSE,519012,17.074402212605445,0.8611840061712289,29.635535423426255,50,2,0,0,119,19,12,10,100,30,45,0.0,0.0
METROLOGY_CONDITIONED_EIG,519012,20.226412937421816,1.3056346403993613,22.573799018638276,51,1,0,0,119,19,12,10,100,30,45,0.0,0.0
NO_PASSIVE,519013,319.82626398127917,5.207506079486708,445.27907653515393,0,0,0,0,92,19,12,10,100,30,45,0.0,0.0
RANDOM,519013,95.99759486597361,4.094848427458894,41.288398592809045,47,0,0,0,92,19,12,10,100,30,45,0.0,0.0
HIGHEST_SNR,519013,92.30395036614364,3.73298640634292,42.391849048706895,47,0,0,0,92,19,12,10,100,30,45,0.0,0.0
SHORTEST_PULSE,519013,56.354794774756705,3.3007868235390814,27.79051903637137,47,0,0,0,92,19,12,10,100,30,45,0.0,0.0
METROLOGY_CONDITIONED_EIG,519013,59.4720501157231,3.05625346024939,26.2025763106362,47,0,0,0,92,19,12,10,100,30,45,0.0,0.0
NO_PASSIVE,519014,444.2356077858322,1.2251118875042943,445.27907653515393,0,0,0,0,183,19,12,10,100,30,45,0.0,0.0
RANDOM,519014,32.725009037170736,1.374430082964275,14.35018719967143,59,1,0,0,183,19,12,10,100,30,45,0.0,0.0
HIGHEST_SNR,519014,35.00113438616651,1.712183064324877,15.764096379925922,60,0,0,0,183,19,12,10,100,30,45,0.0,0.0
SHORTEST_PULSE,519014,38.99175494573088,1.3937058331792949,13.196879598894672,59,1,0,0,183,19,12,10,100,30,45,0.0,0.0
METROLOGY_CONDITIONED_EIG,519014,34.61539649417795,1.2947425645255481,13.275922916311396,59,1,0,0,183,19,12,10,100,30,45,0.0,0.0
NO_PASSIVE,519015,177.6153794435244,3.195580761143647,445.27907653515393,0,0,0,0,21,19,12,10,100,30,45,0.0,0.0
RANDOM,519015,53.05089264915575,2.4440817571447595,65.14533538014726,20,0,0,0,21,19,12,10,100,30,45,0.0,0.0
HIGHEST_SNR,519015,57.414475431034276,2.505769545237992,65.03991296147943,20,0,0,0,21,19,12,10,100,30,45,0.0,0.0
SHORTEST_PULSE,519015,53.05089264915575,2.4440817571447595,65.14533538014726,20,0,0,0,21,19,12,10,100,30,45,0.0,0.0
METROLOGY_CONDITIONED_EIG,519015,53.05089264915575,2.4440817571447595,65.14533538014726,20,0,0,0,21,19,12,10,100,30,45,0.0,0.0
NO_PASSIVE,519016,503.05319744679275,7.852783065235834,445.27907653515393,0,0,0,0,113,19,12,10,100,30,45,0.0,0.0
RANDOM,519016,171.1005080020257,5.191104116484724,31.195097945151904,54,5,0,0,113,19,12,10,100,30,45,0.0,0.0
HIGHEST_SNR,519016,226.32754518583764,7.291378448094112,40.503071507105204,59,0,0,0,113,19,12,10,100,30,45,0.0,0.0
SHORTEST_PULSE,519016,175.0624149900126,5.344089426259715,30.32834079708619,45,14,0,0,113,19,12,10,100,30,45,0.0,0.0
METROLOGY_CONDITIONED_EIG,519016,207.47310113093985,6.293328547585116,34.680754195029046,43,16,0,0,113,19,12,10,100,30,45,0.0,0.0
NO_PASSIVE,519017,364.8775333423284,5.037245812302508,445.27907653515393,0,0,0,0,18,19,12,10,100,30,45,0.0,0.0
RANDOM,519017,59.576821723855545,2.3582464035604076,44.146589121742785,14,3,0,0,18,19,12,10,100,30,45,0.0,0.0
HIGHEST_SNR,519017,59.58518349377179,2.135251305027036,39.3233598269971,15,2,0,0,18,19,12,10,100,30,45,0.0,0.0
SHORTEST_PULSE,519017,59.576821723855545,2.3582464035604076,44.146589121742785,14,3,0,0,18,19,12,10,100,30,45,0.0,0.0
METROLOGY_CONDITIONED_EIG,519017,59.576821723855545,2.3582464035604076,44.146589121742785,14,3,0,0,18,19,12,10,100,30,45,0.0,0.0
NO_PASSIVE,519018,436.5160724056247,6.22055349439823,445.27907653515393,0,0,0,0,121,19,12,10,100,30,45,0.0,0.0
RANDOM,519018,81.19908684875462,2.89782001970825,23.761972443507716,56,3,0,0,121,19,12,10,100,30,45,0.0,0.0
HIGHEST_SNR,519018,55.860894501793474,2.2243273617707944,24.98656151318582,55,4,0,0,121,19,12,10,100,30,45,0.0,0.0
SHORTEST_PULSE,519018,48.623399086947224,2.155701428704063,17.905530307405435,58,1,0,0,121,19,12,10,100,30,45,0.0,0.0
METROLOGY_CONDITIONED_EIG,519018,49.1030362126465,2.172000653969014,17.92133657854028,58,1,0,0,121,19,12,10,100,30,45,0.0,0.0
NO_PASSIVE,519019,539.092793912382,3.357663849916012,445.27907653515393,0,0,0,0,66,19,12,10,100,30,45,0.0,0.0
RANDOM,519019,42.09020634920291,2.298427104554102,28.85859807837937,41,0,0,0,66,19,12,10,100,30,45,0.0,0.0
HIGHEST_SNR,519019,85.470803646845,3.325964134413969,40.07406895396488,41,0,0,0,66,19,12,10,100,30,45,0.0,0.0
SHORTEST_PULSE,519019,29.237124502403088,1.8973816028134916,24.772902310661543,41,0,0,0,66,19,12,10,100,30,45,0.0,0.0
METROLOGY_CONDITIONED_EIG,519019,29.79367183681055,2.066135821091489,24.871789639629856,41,0,0,0,66,19,12,10,100,30,45,0.0,0.0
NO_PASSIVE,519020,740.4353376608088,5.745176378564521,445.27907653515393,0,0,0,0,174,19,12,10,100,30,45,0.0,0.0
RANDOM,519020,11.839009909508807,0.8217904047163158,16.256078618895735,56,1,0,0,174,19,12,10,100,30,45,0.0,0.0
HIGHEST_SNR,519020,21.493090532495266,1.2835697039214973,17.81939567484918,57,0,0,0,174,19,12,10,100,30,45,0.0,0.0
SHORTEST_PULSE,519020,16.820370341671392,1.0525175243175315,18.431907118005807,57,0,0,0,174,19,12,10,100,30,45,0.0,0.0
METROLOGY_CONDITIONED_EIG,519020,20.679875680084624,1.0740490095629134,14.439199731236926,57,0,0,0,174,19,12,10,100,30,45,0.0,0.0
NO_PASSIVE,519021,106.93481868664583,4.328754521694127,445.27907653515393,0,0,0,0,36,19,12,10,100,30,45,0.0,0.0
RANDOM,519021,39.19395609938577,2.588175744396868,41.779147460386156,29,2,0,0,36,19,12,10,100,30,45,0.0,0.0
HIGHEST_SNR,519021,36.56334161855186,2.5360693031832287,40.040086395145245,30,1,0,0,36,19,12,10,100,30,45,0.0,0.0
SHORTEST_PULSE,519021,36.83678212467873,2.5365917116841055,33.04108949102656,30,1,0,0,36,19,12,10,100,30,45,0.0,0.0
METROLOGY_CONDITIONED_EIG,519021,29.63334406055354,2.1956347848625946,29.796845758939455,30,1,0,0,36,19,12,10,100,30,45,0.0,0.0
NO_PASSIVE,519022,647.657682716305,6.440724804973246,445.27907653515393,0,0,0,0,89,19,12,10,100,30,45,0.0,0.0
RANDOM,519022,41.39444637837606,3.103976159514866,21.678567766897388,57,1,0,0,89,19,12,10,100,30,45,0.0,0.0
HIGHEST_SNR,519022,86.73689606765082,4.212298273633073,31.373302384966067,55,3,0,0,89,19,12,10,100,30,45,0.0,0.0
SHORTEST_PULSE,519022,44.48598277366734,2.8188247825038153,21.31052319651486,58,0,0,0,89,19,12,10,100,30,45,0.0,0.0
METROLOGY_CONDITIONED_EIG,519022,40.45018175940148,2.624815183233706,20.836895380328205,58,0,0,0,89,19,12,10,100,30,45,0.0,0.0
NO_PASSIVE,519023,968.780993211075,4.086242737942763,445.27907653515393,0,0,0,0,153,19,12,10,100,30,45,0.0,0.0
RANDOM,519023,23.22651966535084,1.167540327978771,25.48482914592802,52,8,0,0,153,19,12,10,100,30,45,0.0,0.0
HIGHEST_SNR,519023,999.4660237910219,2.506597526051821,315.3291265595893,10,50,0,0,153,19,12,10,100,30,45,0.0,0.0
SHORTEST_PULSE,519023,25.86807269928656,1.33066592651773,24.515897796226817,56,4,0,0,153,19,12,10,100,30,45,0.0,0.0
METROLOGY_CONDITIONED_EIG,519023,27.287599512653838,1.442740689239036,21.685856547371866,56,4,0,0,153,19,12,10,100,30,45,0.0,0.0
NO_PASSIVE,519024,249.11385990042402,2.7887987993367735,445.27907653515393,0,0,0,0,66,19,12,10,100,30,45,0.0,0.0
RANDOM,519024,33.61274727687507,1.9857549551308542,32.203910344537356,50,1,0,0,66,19,12,10,100,30,45,0.0,0.0
HIGHEST_SNR,519024,37.43678467058888,1.8311794794606033,36.0700139566157,50,1,0,0,66,19,12,10,100,30,45,0.0,0.0
SHORTEST_PULSE,519024,34.41604923827577,1.916022498851409,32.38830276585848,50,1,0,0,66,19,12,10,100,30,45,0.0,0.0
METROLOGY_CONDITIONED_EIG,519024,23.169136309477473,2.010353390796671,29.853586943951836,50,1,0,0,66,19,12,10,100,30,45,0.0,0.0
NO_PASSIVE,519025,349.19653190931365,3.99119225289053,445.27907653515393,0,0,0,0,107,19,12,10,100,30,45,0.0,0.0
RANDOM,519025,82.3853715846612,3.7270323573672224,20.61947772455524,44,3,0,0,107,19,12,10,100,30,45,0.0,0.0
HIGHEST_SNR,519025,71.25613749047953,3.785127348070606,23.438254505131773,45,2,0,0,107,19,12,10,100,30,45,0.0,0.0
SHORTEST_PULSE,519025,76.54429547874888,3.4547724777906303,21.610275724272793,42,5,0,0,107,19,12,10,100,30,45,0.0,0.0
METROLOGY_CONDITIONED_EIG,519025,79.76180245366143,3.8124471864213136,21.82364305948395,42,5,0,0,107,19,12,10,100,30,45,0.0,0.0
NO_PASSIVE,519026,146.96596094360564,4.678102561065655,445.27907653515393,0,0,0,0,24,19,12,10,100,30,45,0.0,0.0
RANDOM,519026,82.49709348759139,3.599359126801864,55.86087429461365,24,0,0,0,24,19,12,10,100,30,45,0.0,0.0
HIGHEST_SNR,519026,82.49709348759139,3.599359126801864,55.86087429461365,24,0,0,0,24,19,12,10,100,30,45,0.0,0.0
SHORTEST_PULSE,519026,82.49709348759139,3.599359126801864,55.86087429461365,24,0,0,0,24,19,12,10,100,30,45,0.0,0.0
METROLOGY_CONDITIONED_EIG,519026,82.49709348759139,3.599359126801864,55.86087429461365,24,0,0,0,24,19,12,10,100,30,45,0.0,0.0
NO_PASSIVE,519027,311.4712026605874,2.4629608444834066,445.27907653515393,0,0,0,0,55,19,12,10,100,30,45,0.0,0.0
RANDOM,519027,7.331217969806356,1.1882661393213239,47.78412576421122,29,0,0,0,55,19,12,10,100,30,45,0.0,0.0
HIGHEST_SNR,519027,14.886566846634494,1.5820805801350288,54.708417423424955,28,1,0,0,55,19,12,10,100,30,45,0.0,0.0
SHORTEST_PULSE,519027,9.48490979531286,1.6814207138680808,51.66089444084987,28,1,0,0,55,19,12,10,100,30,45,0.0,0.0
METROLOGY_CONDITIONED_EIG,519027,12.998198478863074,1.9544821894446225,45.253688395390824,29,0,0,0,55,19,12,10,100,30,45,0.0,0.0
NO_PASSIVE,519028,663.0071937598228,2.2770401360930275,445.27907653515393,0,0,0,0,38,19,12,10,100,30,45,0.0,0.0
RANDOM,519028,23.51011253315841,1.1460221444113343,50.41807677203068,29,0,0,0,38,19,12,10,100,30,45,0.0,0.0
HIGHEST_SNR,519028,27.34298493229436,0.9459267169166559,61.33667672493009,29,0,0,0,38,19,12,10,100,30,45,0.0,0.0
SHORTEST_PULSE,519028,16.481950545367056,1.0701234424646617,34.04636103258945,29,0,0,0,38,19,12,10,100,30,45,0.0,0.0
METROLOGY_CONDITIONED_EIG,519028,12.48758675118093,0.9046430863729366,34.05986006611194,29,0,0,0,38,19,12,10,100,30,45,0.0,0.0
NO_PASSIVE,519029,180.69832733269678,2.0215026587973144,445.27907653515393,0,0,0,0,61,19,12,10,100,30,45,0.0,0.0
RANDOM,519029,38.143048742693665,2.1396393028214526,46.380230163236135,43,0,0,0,61,19,12,10,100,30,45,0.0,0.0
HIGHEST_SNR,519029,46.85982797311414,2.574978062745064,52.449467885,43,0,0,0,61,19,12,10,100,30,45,0.0,0.0
SHORTEST_PULSE,519029,36.002728309360414,2.1239590422982797,44.92631644765495,43,0,0,0,61,19,12,10,100,30,45,0.0,0.0
METROLOGY_CONDITIONED_EIG,519029,33.720072898736795,2.1834443607872607,41.238400819483786,43,0,0,0,61,19,12,10,100,30,45,0.0,0.0
NO_PASSIVE,520000,209.55337306610937,3.1573121241039237,445.27907653515393,0,0,0,0,32,20,12,10,100,30,45,0.0,0.05
RANDOM,520000,50.79484138877325,2.158852983661487,44.937246941176504,28,1,0,0,32,20,12,10,100,30,45,0.0,0.05
HIGHEST_SNR,520000,54.240358825773974,2.204205277426738,44.82783791269715,28,1,0,0,32,20,12,10,100,30,45,0.0,0.05
SHORTEST_PULSE,520000,22.73262518155516,1.692073177957099,30.897733792047664,28,1,0,0,32,20,12,10,100,30,45,0.0,0.05
METROLOGY_CONDITIONED_EIG,520000,24.312612272178455,1.6798475461703744,30.914243784724867,28,1,0,0,32,20,12,10,100,30,45,0.0,0.05
NO_PASSIVE,520001,428.8594436656932,6.837895019411454,445.27907653515393,0,0,0,0,100,20,12,10,100,30,45,0.0,0.05
RANDOM,520001,31.734904401951162,2.890344979236178,22.088036307605343,56,3,0,0,100,20,12,10,100,30,45,0.0,0.05
HIGHEST_SNR,520001,73.58237862754027,4.088811794783631,43.79468593432097,57,2,0,0,100,20,12,10,100,30,45,0.0,0.05
SHORTEST_PULSE,520001,58.87191512186819,3.738823462699146,24.79329892518909,57,2,0,0,100,20,12,10,100,30,45,0.0,0.05
METROLOGY_CONDITIONED_EIG,520001,40.44059701724265,2.630111771570696,18.832496420994264,56,3,0,0,100,20,12,10,100,30,45,0.0,0.05
NO_PASSIVE,520002,689.0702026869699,5.999555269569546,445.27907653515393,0,0,0,0,18,20,12,10,100,30,45,0.0,0.05
RANDOM,520002,52.583148898790135,2.807125242070185,29.66817101621091,17,0,0,0,18,20,12,10,100,30,45,0.0,0.05
HIGHEST_SNR,520002,46.811694750611544,2.239784328205277,29.62738802095453,17,0,0,0,18,20,12,10,100,30,45,0.0,0.05
SHORTEST_PULSE,520002,46.811694750611544,2.239784328205277,29.62738802095453,17,0,0,0,18,20,12,10,100,30,45,0.0,0.05
METROLOGY_CONDITIONED_EIG,520002,46.811694750611544,2.239784328205277,29.62738802095453,17,0,0,0,18,20,12,10,100,30,45,0.0,0.05
NO_PASSIVE,520003,189.2886403952642,5.285442914258054,445.27907653515393,0,0,0,0,148,20,12,10,100,30,45,0.0,0.05
RANDOM,520003,57.54741857562674,3.046881639856426,22.17912748630696,55,5,0,0,148,20,12,10,100,30,45,0.0,0.05
HIGHEST_SNR,520003,37.43354338934652,2.420096675732465,25.87099832285157,58,2,0,0,148,20,12,10,100,30,45,0.0,0.05
SHORTEST_PULSE,520003,116.76243411626716,3.9510058578199625,23.139039606632842,49,11,0,0,148,20,12,10,100,30,45,0.0,0.05
METROLOGY_CONDITIONED_EIG,520003,121.92993255488817,4.131035540588525,23.150547818832177,49,11,0,0,148,20,12,10,100,30,45,0.0,0.05
NO_PASSIVE,520004,426.7486811190383,2.8941416046480715,445.27907653515393,0,0,0,0,73,20,12,10,100,30,45,0.0,0.05
RANDOM,520004,46.65586357619148,1.8826819668524808,20.09974990471193,37,2,0,0,73,20,12,10,100,30,45,0.0,0.05
HIGHEST_SNR,520004,34.75819266412265,1.9601198839766913,24.359813995930995,36,3,0,0,73,20,12,10,100,30,45,0.0,0.05
SHORTEST_PULSE,520004,55.69075104653763,2.300786372163125,19.80062873923304,36,3,0,0,73,20,12,10,100,30,45,0.0,0.05
METROLOGY_CONDITIONED_EIG,520004,56.86990303126172,2.3173033133203798,19.763465867031258,36,3,0,0,73,20,12,10,100,30,45,0.0,0.05
NO_PASSIVE,520005,644.223972671409,2.186854497222478,445.27907653515393,0,0,0,0,76,20,12,10,100,30,45,0.0,0.05
RANDOM,520005,43.21087641412388,1.7107077425845267,26.62429851553215,40,1,0,0,76,20,12,10,100,30,45,0.0,0.05
HIGHEST_SNR,520005,0.8587595753043505,0.9240621476966743,35.871831671658285,40,1,0,0,76,20,12,10,100,30,45,0.0,0.05
SHORTEST_PULSE,520005,38.20082308985523,1.5320941977832343,27.59998091409352,41,0,0,0,76,20,12,10,100,30,45,0.0,0.05
METROLOGY_CONDITIONED_EIG,520005,13.485120177064,0.974608039338064,23.87830830976767,41,0,0,0,76,20,12,10,100,30,45,0.0,0.05
NO_PASSIVE,520006,517.3738785119932,4.3019614196307145,445.27907653515393,0,0,0,0,52,20,12,10,100,30,45,0.0,0.05
RANDOM,520006,39.26220956806518,2.5427652711977227,29.702865193899193,37,3,0,0,52,20,12,10,100,30,45,0.0,0.05
HIGHEST_SNR,520006,35.829922506293975,2.1267419430233634,30.52759657937808,37,3,0,0,52,20,12,10,100,30,45,0.0,0.05
SHORTEST_PULSE,520006,48.47894599645244,2.644323089646178,28.61645650906013,37,3,0,0,52,20,12,10,100,30,45,0.0,0.05
METROLOGY_CONDITIONED_EIG,520006,56.36089576629996,2.648954561085261,28.71769160029887,37,3,0,0,52,20,12,10,100,30,45,0.0,0.05
NO_PASSIVE,520007,451.8566653079408,5.603823327350944,445.27907653515393,0,0,0,0,52,20,12,10,100,30,45,0.0,0.05
RANDOM,520007,85.95037617945351,2.9716821401531557,48.601502267689696,41,2,0,0,52,20,12,10,100,30,45,0.0,0.05
HIGHEST_SNR,520007,83.4628181457816,2.9862339072648876,45.31545784236965,41,2,0,0,52,20,12,10,100,30,45,0.0,0.05
SHORTEST_PULSE,520007,84.3454478784454,2.376977669478394,48.58735142739733,40,3,0,0,52,20,12,10,100,30,45,0.0,0.05
METROLOGY_CONDITIONED_EIG,520007,91.0815694466471,2.5064504118823066,45.174534442063106,41,2,0,0,52,20,12,10,100,30,45,0.0,0.05
NO_PASSIVE,520008,316.30014084413085,4.749331717740223,445.27907653515393,0,0,0,0,89,20,12,10,100,30,45,0.0,0.05
RANDOM,520008,57.86650897987319,2.7258401553954106,27.357663998195722,53,3,0,0,89,20,12,10,100,30,45,0.0,0.05
HIGHEST_SNR,520008,12.379068927108932,0.9644408594712804,28.311659115895036,56,0,0,1,89,20,12,10,100,30,45,0.0,0.05
SHORTEST_PULSE,520008,35.16435921165152,2.1440244383001135,26.491251273352958,54,2,0,0,89,20,12,10,100,30,45,0.0,0.05
METROLOGY_CONDITIONED_EIG,520008,52.60473165922343,2.344494788288424,24.985852617622808,52,4,0,0,89,20,12,10,100,30,45,0.0,0.05
NO_PASSIVE,520009,400.3799334495955,6.554995231340903,445.27907653515393,0,0,0,0,138,20,12,10,100,30,45,0.0,0.05
RANDOM,520009,30.794973755308924,2.6102471533170353,24.240317787386196,55,3,0,1,138,20,12,10,100,30,45,0.0,0.05
HIGHEST_SNR,520009,5.965705187896574,3.943832243346588,41.02460160887871,53,5,0,1,138,20,12,10,100,30,45,0.0,0.05
SHORTEST_PULSE,520009,17.6894859597617,1.3773291178309672,18.180548069402636,55,3,0,0,138,20,12,10,100,30,45,0.0,0.05
METROLOGY_CONDITIONED_EIG,520009,15.275708541693419,1.4977446367404812,17.84196040028027,58,0,0,0,138,20,12,10,100,30,45,0.0,0.05
NO_PASSIVE,520010,347.42503730092955,4.514958547930435,445.27907653515393,0,0,0,0,121,20,12,10,100,30,45,0.0,0.05
RANDOM,520010,26.3184816838626,2.1739501000313575,27.400204137506403,57,3,0,0,121,20,12,10,100,30,45,0.0,0.05
HIGHEST_SNR,520010,103.25171440123097,4.1011942694981185,37.633847855392375,57,3,0,1,121,20,12,10,100,30,45,0.0,0.05
SHORTEST_PULSE,520010,35.906700466229644,2.032134142689491,22.345942642961507,58,2,0,0,121,20,12,10,100,30,45,0.0,0.05
METROLOGY_CONDITIONED_EIG,520010,36.29612635716932,2.1358010585977247,21.295098439220624,59,1,0,0,121,20,12,10,100,30,45,0.0,0.05
NO_PASSIVE,520011,281.03213545932516,5.010475134760336,445.27907653515393,0,0,0,0,22,20,12,10,100,30,45,0.0,0.05
RANDOM,520011,37.56550047127055,2.021839658089735,44.551720621539346,21,0,0,0,22,20,12,10,100,30,45,0.0,0.05
HIGHEST_SNR,520011,37.56550047127055,2.021839658089735,44.551720621539346,21,0,0,0,22,20,12,10,100,30,45,0.0,0.05
SHORTEST_PULSE,520011,44.47577668028472,2.2716731333189495,39.92301682994489,21,0,0,0,22,20,12,10,100,30,45,0.0,0.05
METROLOGY_CONDITIONED_EIG,520011,44.47577668028472,2.2716731333189495,39.92301682994489,21,0,0,0,22,20,12,10,100,30,45,0.0,0.05
NO_PASSIVE,520012,145.4954317772434,2.4768791049975336,445.27907653515393,0,0,0,0,55,20,12,10,100,30,45,0.0,0.05
RANDOM,520012,62.615877341110135,2.6315412192498173,49.341723164961486,41,1,0,0,55,20,12,10,100,30,45,0.0,0.05
HIGHEST_SNR,520012,59.190459960540565,2.504046286712464,45.58618902471902,41,1,0,0,55,20,12,10,100,30,45,0.0,0.05
SHORTEST_PULSE,520012,65.0902394227516,2.490545180895092,54.13247716112278,41,1,0,0,55,20,12,10,100,30,45,0.0,0.05
METROLOGY_CONDITIONED_EIG,520012,58.773682900401454,2.4433418649146597,47.37394631777829,41,1,0,0,55,20,12,10,100,30,45,0.0,0.05
NO_PASSIVE,520013,441.5933977405601,2.8481781416055356,445.27907653515393,0,0,0,0,26,20,12,10,100,30,45,0.0,0.05
RANDOM,520013,33.33861533256981,1.8695892146031667,96.17788599934094,22,0,0,1,26,20,12,10,100,30,45,0.0,0.05
HIGHEST_SNR,520013,59.07869583901333,1.6325628723853858,100.82957805967875,22,0,0,1,26,20,12,10,100,30,45,0.0,0.05
SHORTEST_PULSE,520013,46.901406299048475,1.6561137254204523,97.10342641179656,22,0,0,1,26,20,12,10,100,30,45,0.0,0.05
METROLOGY_CONDITIONED_EIG,520013,38.36073048795072,1.6612603715633107,93.8720722479868,22,0,0,1,26,20,12,10,100,30,45,0.0,0.05
NO_PASSIVE,520014,238.09810507069346,2.7987560531688813,445.27907653515393,0,0,0,0,106,20,12,10,100,30,45,0.0,0.05
RANDOM,520014,31.44951937138606,1.5749408390960424,33.6458819002222,48,1,0,0,106,20,12,10,100,30,45,0.0,0.05
HIGHEST_SNR,520014,46.16672269672038,1.7570595106366864,57.88881209328567,48,1,0,1,106,20,12,10,100,30,45,0.0,0.05
SHORTEST_PULSE,520014,27.368352821811655,1.323300740968534,26.85366822612298,48,1,0,0,106,20,12,10,100,30,45,0.0,0.05
METROLOGY_CONDITIONED_EIG,520014,16.04784526847168,1.0669177071069897,24.094335824083927,48,1,0,0,106,20,12,10,100,30,45,0.0,0.05
NO_PASSIVE,520015,541.1487314293144,6.997941067771251,445.27907653515393,0,0,0,0,80,20,12,10,100,30,45,0.0,0.05
RANDOM,520015,123.4201451135418,4.938271289100935,29.798501833430077,52,4,0,0,80,20,12,10,100,30,45,0.0,0.05
HIGHEST_SNR,520015,98.88630239350792,4.534909783350614,29.153243405038882,54,2,0,0,80,20,12,10,100,30,45,0.0,0.05
SHORTEST_PULSE,520015,68.46537381993554,3.8077298071293133,23.860318744669087,53,3,0,0,80,20,12,10,100,30,45,0.0,0.05
METROLOGY_CONDITIONED_EIG,520015,71.43041857953676,3.89031955762438,23.702162407210853,54,2,0,0,80,20,12,10,100,30,45,0.0,0.05
NO_PASSIVE,520016,174.6452263999575,6.6636624511260845,445.27907653515393,0,0,0,0,37,20,12,10,100,30,45,0.0,0.05
RANDOM,520016,199.31953441838544,5.07619180722869,60.52978434578269,25,3,0,0,37,20,12,10,100,30,45,0.0,0.05
HIGHEST_SNR,520016,200.94854600789782,5.194045715624639,58.26427438978093,26,2,0,0,37,20,12,10,100,30,45,0.0,0.05
SHORTEST_PULSE,520016,102.63616359998747,3.657645475293571,33.56897400698446,25,3,0,0,37,20,12,10,100,30,45,0.0,0.05
METROLOGY_CONDITIONED_EIG,520016,98.88351321232263,3.599353282068936,33.45817688417361,25,3,0,0,37,20,12,10,100,30,45,0.0,0.05
NO_PASSIVE,520017,254.3452793331297,4.072316543126031,445.27907653515393,0,0,0,0,50,20,12,10,100,30,45,0.0,0.05
RANDOM,520017,85.7701244963977,4.020101438205817,42.564171881207386,31,5,0,0,50,20,12,10,100,30,45,0.0,0.05
HIGHEST_SNR,520017,84.00480291813761,3.7069462515288856,57.221928361301764,31,5,0,0,50,20,12,10,100,30,45,0.0,0.05
SHORTEST_PULSE,520017,82.76438358372015,3.8065525707185732,42.100879227635296,30,6,0,0,50,20,12,10,100,30,45,0.0,0.05
METROLOGY_CONDITIONED_EIG,520017,86.94233636709875,4.0889629316517375,41.9129982543174,30,6,0,0,50,20,12,10,100,30,45,0.0,0.05
NO_PASSIVE,520018,486.7704812875483,3.925225797699327,445.27907653515393,0,0,0,0,147,20,12,10,100,30,45,0.0,0.05
RANDOM,520018,22.96448982223942,1.666485374015135,21.505247584645517,59,1,0,0,147,20,12,10,100,30,45,0.0,0.05
HIGHEST_SNR,520018,20.978262192067074,1.4439093219661348,22.69636498052832,58,2,0,0,147,20,12,10,100,30,45,0.0,0.05
SHORTEST_PULSE,520018,37.265136676229346,1.7567349839454969,17.238449403805966,55,5,0,0,147,20,12,10,100,30,45,0.0,0.05
METROLOGY_CONDITIONED_EIG,520018,17.251724130927432,1.4497700258172816,14.793355167096816,57,3,0,0,147,20,12,10,100,30,45,0.0,0.05
NO_PASSIVE,520019,745.8635620757051,1.4409284091506023,445.27907653515393,0,0,0,0,16,20,12,10,100,30,45,0.0,0.05
RANDOM,520019,5.8824719067051205,1.2662513686071235,61.02950745769678,13,0,0,0,16,20,12,10,100,30,45,0.0,0.05
HIGHEST_SNR,520019,5.8824719067051205,1.2662513686071235,61.02950745769678,13,0,0,0,16,20,12,10,100,30,45,0.0,0.05
SHORTEST_PULSE,520019,11.922649610471082,2.101939303052573,61.020956763895825,13,0,0,0,16,20,12,10,100,30,45,0.0,0.05
METROLOGY_CONDITIONED_EIG,520019,11.922649610471082,2.101939303052573,61.020956763895825,13,0,0,0,16,20,12,10,100,30,45,0.0,0.05
NO_PASSIVE,520020,404.381261201171,8.278153329272932,445.27907653515393,0,0,0,0,75,20,12,10,100,30,45,0.0,0.05
RANDOM,520020,159.50614016826015,4.96338627501711,61.33291560591688,54,2,0,0,75,20,12,10,100,30,45,0.0,0.05
HIGHEST_SNR,520020,201.37974769284364,5.831007832464304,77.20173289607098,54,2,0,0,75,20,12,10,100,30,45,0.0,0.05
SHORTEST_PULSE,520020,196.44600386082612,6.045994163429868,56.84311324994083,54,2,0,0,75,20,12,10,100,30,45,0.0,0.05
METROLOGY_CONDITIONED_EIG,520020,167.5540254776614,5.246242017717076,57.84928458376295,54,2,0,0,75,20,12,10,100,30,45,0.0,0.05
NO_PASSIVE,520021,54.02613781913314,3.4784871026379394,445.27907653515393,0,0,0,0,54,20,12,10,100,30,45,0.0,0.05
RANDOM,520021,47.617974210067494,3.1387870850668858,46.375483612537536,33,1,0,0,54,20,12,10,100,30,45,0.0,0.05
HIGHEST_SNR,520021,52.38697543550552,3.6539022675228576,57.187014754981064,33,1,0,0,54,20,12,10,100,30,45,0.0,0.05
SHORTEST_PULSE,520021,83.02320854244113,4.248586706523333,57.072982237668164,33,1,0,0,54,20,12,10,100,30,45,0.0,0.05
METROLOGY_CONDITIONED_EIG,520021,40.33511865803913,2.6574251530897026,42.363574096159994,33,1,0,1,54,20,12,10,100,30,45,0.0,0.05
NO_PASSIVE,520022,754.4280736679299,7.792394953282828,445.27907653515393,0,0,0,0,57,20,12,10,100,30,45,0.0,0.05
RANDOM,520022,88.06528001436986,4.149126731999576,34.046812994473015,41,3,0,0,57,20,12,10,100,30,45,0.0,0.05
HIGHEST_SNR,520022,104.82956742407171,4.157566916026361,34.305480946911636,42,2,0,0,57,20,12,10,100,30,45,0.0,0.05
SHORTEST_PULSE,520022,85.03437086356091,4.576253408406605,31.122385380854684,42,2,0,0,57,20,12,10,100,30,45,0.0,0.05
METROLOGY_CONDITIONED_EIG,520022,80.28082039880617,3.3341501900038044,30.991264676879144,42,2,0,0,57,20,12,10,100,30,45,0.0,0.05
NO_PASSIVE,520023,298.6226406440791,1.9402040699214853,445.27907653515393,0,0,0,0,27,20,12,10,100,30,45,0.0,0.05
RANDOM,520023,23.076942844724396,1.2772595384486194,51.2650200578571,19,4,0,0,27,20,12,10,100,30,45,0.0,0.05
HIGHEST_SNR,520023,2.9340765904259665,1.684325887232331,66.58041544297399,20,3,0,0,27,20,12,10,100,30,45,0.0,0.05
SHORTEST_PULSE,520023,23.076942844724396,1.2772595384486194,51.2650200578571,19,4,0,0,27,20,12,10,100,30,45,0.0,0.05
METROLOGY_CONDITIONED_EIG,520023,22.692130125231266,1.3209494631612548,51.09807784531871,20,3,0,0,27,20,12,10,100,30,45,0.0,0.05
NO_PASSIVE,520024,509.43522148618956,5.389106417283671,445.27907653515393,0,0,0,0,152,20,12,10,100,30,45,0.0,0.05
RANDOM,520024,10.76208200164749,1.5243375712509954,14.534524412903968,52,3,0,0,152,20,12,10,100,30,45,0.0,0.05
HIGHEST_SNR,520024,59.70140448371922,2.7134314500890158,33.613608619187936,50,5,0,0,152,20,12,10,100,30,45,0.0,0.05
SHORTEST_PULSE,520024,26.674652377714597,1.513291932255581,12.972261609598604,52,3,0,0,152,20,12,10,100,30,45,0.0,0.05
METROLOGY_CONDITIONED_EIG,520024,17.73558404840371,1.3905439148031438,12.880268851646889,54,1,0,0,152,20,12,10,100,30,45,0.0,0.05
NO_PASSIVE,520025,252.6035878442087,7.892361860588314,445.27907653515393,0,0,0,0,122,20,12,10,100,30,45,0.0,0.05
RANDOM,520025,114.85050319056714,5.3322593833077025,31.596796658132078,35,5,0,1,122,20,12,10,100,30,45,0.0,0.05
HIGHEST_SNR,520025,106.17087834152845,5.254187442454239,43.22660325265493,36,4,0,2,122,20,12,10,100,30,45,0.0,0.05
SHORTEST_PULSE,520025,118.08879866559349,4.750087102336559,26.45992915284327,33,7,0,1,122,20,12,10,100,30,45,0.0,0.05
METROLOGY_CONDITIONED_EIG,520025,109.54138110647759,4.538114869588052,27.599895757236546,32,8,0,1,122,20,12,10,100,30,45,0.0,0.05
NO_PASSIVE,520026,217.47114361324327,5.733806349961817,445.27907653515393,0,0,0,0,89,20,12,10,100,30,45,0.0,0.05
RANDOM,520026,61.1741771522841,2.5999198930149814,24.82070315911474,36,3,0,1,89,20,12,10,100,30,45,0.0,0.05
HIGHEST_SNR,520026,417.24260810906907,4.78243195647771,148.11545935241872,33,6,0,1,89,20,12,10,100,30,45,0.0,0.05
SHORTEST_PULSE,520026,62.430414892112374,1.7682048505984582,21.497222692266647,34,5,0,0,89,20,12,10,100,30,45,0.0,0.05
METROLOGY_CONDITIONED_EIG,520026,62.80647103734064,1.8512340142465933,21.470743260259685,34,5,0,0,89,20,12,10,100,30,45,0.0,0.05
NO_PASSIVE,520027,397.4063210105719,2.2679577885550066,445.27907653515393,0,0,0,0,169,20,12,10,100,30,45,0.0,0.05
RANDOM,520027,37.38438514430354,1.1895872207640492,22.101977745109746,48,2,0,0,169,20,12,10,100,30,45,0.0,0.05
HIGHEST_SNR,520027,53.9041182495812,1.7180047390518522,23.35588853008261,49,1,0,0,169,20,12,10,100,30,45,0.0,0.05
SHORTEST_PULSE,520027,42.540940078524514,1.395438591985402,20.57550709716298,47,3,0,0,169,20,12,10,100,30,45,0.0,0.05
METROLOGY_CONDITIONED_EIG,520027,44.686358323198135,1.8636339294018105,19.46677403286099,48,2,0,0,169,20,12,10,100,30,45,0.0,0.05
NO_PASSIVE,520028,222.52104583524,3.7062677631147407,445.27907653515393,0,0,0,0,164,20,12,10,100,30,45,0.0,0.05
RANDOM,520028,53.24403600221282,2.4007262819483595,21.308486688989106,44,4,0,1,164,20,12,10,100,30,45,0.0,0.05
HIGHEST_SNR,520028,46.70570743750686,1.8749526979525042,23.452472526824767,46,2,0,0,164,20,12,10,100,30,45,0.0,0.05
SHORTEST_PULSE,520028,23.85646989303148,1.2559529466890258,20.418733066172415,47,1,0,0,164,20,12,10,100,30,45,0.0,0.05
METROLOGY_CONDITIONED_EIG,520028,23.172309165029258,1.1275514427428355,17.292373784303866,44,4,0,0,164,20,12,10,100,30,45,0.0,0.05
NO_PASSIVE,520029,203.07852372609187,2.854886336052865,445.27907653515393,0,0,0,0,146,20,12,10,100,30,45,0.0,0.05
RANDOM,520029,83.59611942053971,1.828372857150144,32.83204562567622,57,3,0,1,146,20,12,10,100,30,45,0.0,0.05
HIGHEST_SNR,520029,43.34088198862861,2.429358574577483,36.04306973921532,58,2,0,1,146,20,12,10,100,30,45,0.0,0.05
SHORTEST_PULSE,520029,51.57980505249118,1.983706998911303,59.7758793240549,59,1,0,1,146,20,12,10,100,30,45,0.0,0.05
METROLOGY_CONDITIONED_EIG,520029,61.41331790612404,1.6261340110934301,28.967663633512625,58,2,0,1,146,20,12,10,100,30,45,0.0,0.05
NO_PASSIVE,521000,1070.6813467374473,4.166225609067467,445.27907653515393,0,0,0,0,135,21,12,10,100,30,45,0.0,0.15
RANDOM,521000,286.88693677016045,2.7002236273893816,50.87509672140173,26,32,0,2,135,21,12,10,100,30,45,0.0,0.15
HIGHEST_SNR,521000,284.1910717370458,3.061440917357255,57.7579566355948,29,29,0,2,135,21,12,10,100,30,45,0.0,0.15
SHORTEST_PULSE,521000,32.87670703392432,2.021291364588474,48.74174048807715,49,9,0,0,135,21,12,10,100,30,45,0.0,0.15
METROLOGY_CONDITIONED_EIG,521000,40.55365016020934,1.625501608350124,22.31834584590587,49,9,0,0,135,21,12,10,100,30,45,0.0,0.15
NO_PASSIVE,521001,641.6533703047405,5.370532640470498,445.27907653515393,0,0,0,0,105,21,12,10,100,30,45,0.0,0.15
RANDOM,521001,68.49741755356814,2.6816754316808384,26.129599680347813,48,7,0,0,105,21,12,10,100,30,45,0.0,0.15
HIGHEST_SNR,521001,61.70610537821338,2.5266768291656905,27.695474078395595,48,7,0,0,105,21,12,10,100,30,45,0.0,0.15
SHORTEST_PULSE,521001,53.03661555309065,2.4040846104744555,21.415875707789223,48,7,0,0,105,21,12,10,100,30,45,0.0,0.15
METROLOGY_CONDITIONED_EIG,521001,50.398100987171965,2.3937884811323737,21.047042512721656,49,6,0,0,105,21,12,10,100,30,45,0.0,0.15
NO_PASSIVE,521002,246.59982945817862,5.7839036887239565,445.27907653515393,0,0,0,0,143,21,12,10,100,30,45,0.0,0.15
RANDOM,521002,51.986776186275705,3.139556862944542,23.941060155918915,49,9,0,1,143,21,12,10,100,30,45,0.0,0.15
HIGHEST_SNR,521002,71.83357718719618,3.151611938929725,24.212687586846826,50,8,0,1,143,21,12,10,100,30,45,0.0,0.15
SHORTEST_PULSE,521002,51.41223227015391,2.9186076405634593,24.9042208478076,31,27,0,2,143,21,12,10,100,30,45,0.0,0.15
METROLOGY_CONDITIONED_EIG,521002,47.48379987544836,3.0028562774941006,24.864061051928424,29,29,0,3,143,21,12,10,100,30,45,0.0,0.15
NO_PASSIVE,521003,233.95636169122693,4.5650259990465205,445.27907653515393,0,0,0,0,129,21,12,10,100,30,45,0.0,0.15
RANDOM,521003,373.47157287503734,3.322687628440194,50.83307019834391,21,27,0,4,129,21,12,10,100,30,45,0.0,0.15
HIGHEST_SNR,521003,342.1396571657274,2.9350102612321973,55.632861750934,23,25,0,3,129,21,12,10,100,30,45,0.0,0.15
SHORTEST_PULSE,521003,385.19341126556367,3.3343600701602054,128.41012983560358,13,35,0,3,129,21,12,10,100,30,45,0.0,0.15
METROLOGY_CONDITIONED_EIG,521003,444.08279897494475,5.12260512869395,39.10101787040657,12,36,0,4,129,21,12,10,100,30,45,0.0,0.15
NO_PASSIVE,521004,358.1125687054741,3.4332525473083657,445.27907653515393,0,0,0,0,86,21,12,10,100,30,45,0.0,0.15
RANDOM,521004,683.576608201198,0.5008794502920012,116.7260499181372,15,34,0,1,86,21,12,10,100,30,45,0.0,0.15
HIGHEST_SNR,521004,717.0026402377719,1.0082161363195692,123.71403327612506,9,40,0,1,86,21,12,10,100,30,45,0.0,0.15
SHORTEST_PULSE,521004,698.0196266794167,0.9314108508208309,114.57185540698343,26,23,0,1,86,21,12,10,100,30,45,0.0,0.15
METROLOGY_CONDITIONED_EIG,521004,719.5364511168038,0.747167101089119,127.50131270877861,7,42,0,1,86,21,12,10,100,30,45,0.0,0.15
NO_PASSIVE,521005,217.83843828988896,7.268949069355251,445.27907653515393,0,0,0,0,79,21,12,10,100,30,45,0.0,0.15
RANDOM,521005,62.77355204182989,3.012393382813262,21.794439838240375,38,7,0,0,79,21,12,10,100,30,45,0.0,0.15
HIGHEST_SNR,521005,139.26946216527023,6.869128257739702,65.64091506744215,24,21,0,2,79,21,12,10,100,30,45,0.0,0.15
SHORTEST_PULSE,521005,41.777203594970345,2.434478237510041,19.497800193565606,37,8,0,0,79,21,12,10,100,30,45,0.0,0.15
METROLOGY_CONDITIONED_EIG,521005,66.68552764946627,2.9985401772206477,18.995097038765866,39,6,0,0,79,21,12,10,100,30,45,0.0,0.15
NO_PASSIVE,521006,638.7881921306322,1.838951733437149,445.27907653515393,0,0,0,0,88,21,12,10,100,30,45,0.0,0.15
RANDOM,521006,56.7468886614299,3.526516444353335,29.468464010680805,20,35,0,3,88,21,12,10,100,30,45,0.0,0.15
HIGHEST_SNR,521006,675.9975321473187,1.2399552643232263,105.65009626171994,10,45,0,3,88,21,12,10,100,30,45,0.0,0.15
SHORTEST_PULSE,521006,268.35974946810705,0.3105762330948677,64.18818152635589,9,46,0,2,88,21,12,10,100,30,45,0.0,0.15
METROLOGY_CONDITIONED_EIG,521006,283.7670276958671,0.10896998774479813,62.13945300543557,9,46,0,3,88,21,12,10,100,30,45,0.0,0.15
NO_PASSIVE,521007,212.7288895254792,5.1425391677686925,445.27907653515393,0,0,0,0,123,21,12,10,100,30,45,0.0,0.15
RANDOM,521007,90.9606928159517,3.746691315413626,25.206465598412166,50,10,0,0,123,21,12,10,100,30,45,0.0,0.15
HIGHEST_SNR,521007,51.4227545735395,2.8433312972454727,19.571687936210857,49,11,0,1,123,21,12,10,100,30,45,0.0,0.15
SHORTEST_PULSE,521007,126.59382256369074,4.272703329616113,34.7633610308296,49,11,0,0,123,21,12,10,100,30,45,0.0,0.15
METROLOGY_CONDITIONED_EIG,521007,43.457796654654004,2.4914128638557527,19.613405222198736,51,9,0,1,123,21,12,10,100,30,45,0.0,0.15
NO_PASSIVE,521008,543.2618995089204,5.513382839316316,445.27907653515393,0,0,0,0,21,21,12,10,100,30,45,0.0,0.15
RANDOM,521008,403.5717693611027,5.6698492123569455,132.95843979394658,3,18,0,2,21,21,12,10,100,30,45,0.0,0.15
HIGHEST_SNR,521008,403.5717693611027,5.6698492123569455,132.95843979394658,3,18,0,2,21,21,12,10,100,30,45,0.0,0.15
SHORTEST_PULSE,521008,403.5717693611027,5.6698492123569455,132.95843979394658,3,18,0,2,21,21,12,10,100,30,45,0.0,0.15
METROLOGY_CONDITIONED_EIG,521008,403.5717693611027,5.6698492123569455,132.95843979394658,3,18,0,2,21,21,12,10,100,30,45,0.0,0.15
NO_PASSIVE,521009,475.8371502928477,3.4767494726565547,445.27907653515393,0,0,0,0,120,21,12,10,100,30,45,0.0,0.15
RANDOM,521009,63.6519672720599,2.756236204873502,28.234744447414087,45,10,0,3,120,21,12,10,100,30,45,0.0,0.15
HIGHEST_SNR,521009,101.94080497509405,3.6409154797302388,38.809853579571346,49,6,0,2,120,21,12,10,100,30,45,0.0,0.15
SHORTEST_PULSE,521009,63.97207151765664,2.917129873715436,23.10480084454713,41,14,0,0,120,21,12,10,100,30,45,0.0,0.15
METROLOGY_CONDITIONED_EIG,521009,65.30435863240582,2.875155111514362,22.408733159045415,42,13,0,1,120,21,12,10,100,30,45,0.0,0.15
NO_PASSIVE,521010,583.9730380217857,3.8289084024881612,445.27907653515393,0,0,0,0,44,21,12,10,100,30,45,0.0,0.15
RANDOM,521010,65.79702631101931,0.8072446909814599,39.31001384161498,36,5,0,2,44,21,12,10,100,30,45,0.0,0.15
HIGHEST_SNR,521010,35.363142907978315,0.6963119932130002,38.727230036842954,36,5,0,1,44,21,12,10,100,30,45,0.0,0.15
SHORTEST_PULSE,521010,35.363142907978315,0.6963119932130002,38.727230036842954,36,5,0,1,44,21,12,10,100,30,45,0.0,0.15
METROLOGY_CONDITIONED_EIG,521010,35.363142907978315,0.6963119932130002,38.727230036842954,36,5,0,1,44,21,12,10,100,30,45,0.0,0.15
NO_PASSIVE,521011,683.1929780859613,4.647685221146095,445.27907653515393,0,0,0,0,22,21,12,10,100,30,45,0.0,0.15
RANDOM,521011,607.5216826881266,4.597723536031632,131.97934707424616,7,15,0,1,22,21,12,10,100,30,45,0.0,0.15
HIGHEST_SNR,521011,607.5216826881266,4.597723536031632,131.97934707424616,7,15,0,1,22,21,12,10,100,30,45,0.0,0.15
SHORTEST_PULSE,521011,607.5216826881266,4.597723536031632,131.97934707424616,7,15,0,1,22,21,12,10,100,30,45,0.0,0.15
METROLOGY_CONDITIONED_EIG,521011,607.5216826881266,4.597723536031632,131.97934707424616,7,15,0,1,22,21,12,10,100,30,45,0.0,0.15
NO_PASSIVE,521012,130.30428063803336,4.179590102678149,445.27907653515393,0,0,0,0,58,21,12,10,100,30,45,0.0,0.15
RANDOM,521012,73.6852390586951,3.429176427464437,59.260804216258705,33,4,0,2,58,21,12,10,100,30,45,0.0,0.15
HIGHEST_SNR,521012,109.27385007838289,4.835685266172933,81.02133927426216,33,4,0,1,58,21,12,10,100,30,45,0.0,0.15
SHORTEST_PULSE,521012,73.3949957256978,2.8062514276499666,44.78130889032485,34,3,0,1,58,21,12,10,100,30,45,0.0,0.15
METROLOGY_CONDITIONED_EIG,521012,25.95790769597359,1.665472576699583,40.25111087832081,34,3,0,1,58,21,12,10,100,30,45,0.0,0.15
NO_PASSIVE,521013,663.2149872655094,5.8730754950426585,445.27907653515393,0,0,0,0,52,21,12,10,100,30,45,0.0,0.15
RANDOM,521013,90.47111066508134,3.8633856529579265,36.444999169532984,25,10,0,1,52,21,12,10,100,30,45,0.0,0.15
HIGHEST_SNR,521013,21.91157931183604,1.997989424403132,29.411740239156906,31,4,0,0,52,21,12,10,100,30,45,0.0,0.15
SHORTEST_PULSE,521013,19.04863697877012,2.0621872004698734,29.312364979215793,31,4,0,0,52,21,12,10,100,30,45,0.0,0.15
METROLOGY_CONDITIONED_EIG,521013,22.31079193236353,2.194353570298838,29.436005574706204,31,4,0,0,52,21,12,10,100,30,45,0.0,0.15
NO_PASSIVE,521014,645.8520087424095,5.40686958104096,445.27907653515393,0,0,0,0,41,21,12,10,100,30,45,0.0,0.15
RANDOM,521014,86.97135514722972,3.2361514026564215,52.44025291878181,24,9,0,0,41,21,12,10,100,30,45,0.0,0.15
HIGHEST_SNR,521014,69.95347647139496,2.872986257971413,60.532029566708275,25,8,0,0,41,21,12,10,100,30,45,0.0,0.15
SHORTEST_PULSE,521014,69.95347647139496,2.872986257971413,60.532029566708275,25,8,0,0,41,21,12,10,100,30,45,0.0,0.15
METROLOGY_CONDITIONED_EIG,521014,47.02998304655236,2.6087427433434582,50.061620010993515,27,6,0,0,41,21,12,10,100,30,45,0.0,0.15
NO_PASSIVE,521015,214.685045100225,3.9818429408326925,445.27907653515393,0,0,0,0,91,21,12,10,100,30,45,0.0,0.15
RANDOM,521015,57.350962310239176,2.668236236013829,35.71131115474933,41,5,0,1,91,21,12,10,100,30,45,0.0,0.15
HIGHEST_SNR,521015,71.838605475873,3.232527873728098,30.01936518424823,43,3,0,0,91,21,12,10,100,30,45,0.0,0.15
SHORTEST_PULSE,521015,70.29028544493484,3.3011033334707034,25.00370927867,42,4,0,0,91,21,12,10,100,30,45,0.0,0.15
METROLOGY_CONDITIONED_EIG,521015,82.52223812786359,3.5908340301397383,26.648319683980855,39,7,0,0,91,21,12,10,100,30,45,0.0,0.15
NO_PASSIVE,521016,161.6618079645832,6.298916533196963,445.27907653515393,0,0,0,0,67,21,12,10,100,30,45,0.0,0.15
RANDOM,521016,51.444243601216996,8.151490675389029,39.400205049110035,37,10,0,2,67,21,12,10,100,30,45,0.0,0.15
HIGHEST_SNR,521016,54.86150473894518,7.9713353026307106,39.67075673864133,37,10,0,2,67,21,12,10,100,30,45,0.0,0.15
SHORTEST_PULSE,521016,54.86150473894518,7.9713353026307106,39.67075673864133,37,10,0,2,67,21,12,10,100,30,45,0.0,0.15
METROLOGY_CONDITIONED_EIG,521016,46.94172561886884,7.935110752611001,38.604931345258244,37,10,0,3,67,21,12,10,100,30,45,0.0,0.15
NO_PASSIVE,521017,316.40264429118395,6.628272090783762,445.27907653515393,0,0,0,0,68,21,12,10,100,30,45,0.0,0.15
RANDOM,521017,129.48417906105217,4.7869527474028075,51.45679826224104,30,5,0,1,68,21,12,10,100,30,45,0.0,0.15
HIGHEST_SNR,521017,207.7812129602389,4.170483322965565,66.56184795610984,34,1,0,1,68,21,12,10,100,30,45,0.0,0.15
SHORTEST_PULSE,521017,129.96237968464635,4.975825249626833,42.770928552892904,31,4,0,0,68,21,12,10,100,30,45,0.0,0.15
METROLOGY_CONDITIONED_EIG,521017,95.78072416265765,4.149308317480646,36.68222951740864,32,3,0,1,68,21,12,10,100,30,45,0.0,0.15
NO_PASSIVE,521018,335.95554099524054,4.275199281775266,445.27907653515393,0,0,0,0,38,21,12,10,100,30,45,0.0,0.15
RANDOM,521018,80.9030485026229,1.8183621396305234,42.48192934927996,23,2,0,1,38,21,12,10,100,30,45,0.0,0.15
HIGHEST_SNR,521018,38.189763561538825,1.5631377509594175,35.36999758342191,25,0,0,1,38,21,12,10,100,30,45,0.0,0.15
SHORTEST_PULSE,521018,101.53914753428025,2.283166625089908,42.49583470045816,23,2,0,1,38,21,12,10,100,30,45,0.0,0.15
METROLOGY_CONDITIONED_EIG,521018,89.07465036246418,2.1861485696330707,36.72741804463157,23,2,0,1,38,21,12,10,100,30,45,0.0,0.15
NO_PASSIVE,521019,233.84551695273154,3.1791686487811814,445.27907653515393,0,0,0,0,34,21,12,10,100,30,45,0.0,0.15
RANDOM,521019,3.772064620157623,2.0277046907648626,59.47658359094895,30,4,0,0,34,21,12,10,100,30,45,0.0,0.15
HIGHEST_SNR,521019,3.772064620157623,2.0277046907648626,59.47658359094895,30,4,0,0,34,21,12,10,100,30,45,0.0,0.15
SHORTEST_PULSE,521019,3.772064620157623,2.0277046907648626,59.47658359094895,30,4,0,0,34,21,12,10,100,30,45,0.0,0.15
METROLOGY_CONDITIONED_EIG,521019,3.772064620157623,2.0277046907648626,59.47658359094895,30,4,0,0,34,21,12,10,100,30,45,0.0,0.15
NO_PASSIVE,521020,744.5426021655207,3.0254629543623155,445.27907653515393,0,0,0,0,30,21,12,10,100,30,45,0.0,0.15
RANDOM,521020,161.94808076515028,4.837241425041258,55.54953239861113,26,3,0,2,30,21,12,10,100,30,45,0.0,0.15
HIGHEST_SNR,521020,160.4375715906595,4.810286061592342,55.716967861591,26,3,0,2,30,21,12,10,100,30,45,0.0,0.15
SHORTEST_PULSE,521020,161.94808076515028,4.837241425041258,55.54953239861113,26,3,0,2,30,21,12,10,100,30,45,0.0,0.15
METROLOGY_CONDITIONED_EIG,521020,161.94808076515028,4.837241425041258,55.54953239861113,26,3,0,2,30,21,12,10,100,30,45,0.0,0.15
NO_PASSIVE,521021,609.0609201042934,6.807302532494516,445.27907653515393,0,0,0,0,53,21,12,10,100,30,45,0.0,0.15
RANDOM,521021,67.67575718612517,3.55326429218716,38.69095365034288,29,2,0,1,53,21,12,10,100,30,45,0.0,0.15
HIGHEST_SNR,521021,59.615818680816794,3.8968663457916923,45.97280823599584,28,3,0,1,53,21,12,10,100,30,45,0.0,0.15
SHORTEST_PULSE,521021,59.615818680816794,3.8968663457916923,45.97280823599584,28,3,0,1,53,21,12,10,100,30,45,0.0,0.15
METROLOGY_CONDITIONED_EIG,521021,64.67070250163994,3.9688443254786225,36.54784649460606,27,4,0,1,53,21,12,10,100,30,45,0.0,0.15
NO_PASSIVE,521022,347.1631114570891,3.1548189977860273,445.27907653515393,0,0,0,0,66,21,12,10,100,30,45,0.0,0.15
RANDOM,521022,77.4870132569671,2.785454494651935,29.36695053100858,35,7,0,0,66,21,12,10,100,30,45,0.0,0.15
HIGHEST_SNR,521022,51.997685306929185,2.281566413381456,35.133478011892365,34,8,0,0,66,21,12,10,100,30,45,0.0,0.15
SHORTEST_PULSE,521022,58.208408717108135,2.383419322031294,31.53572078799741,36,6,0,0,66,21,12,10,100,30,45,0.0,0.15
METROLOGY_CONDITIONED_EIG,521022,55.20552193467455,2.2335031037370334,25.505441683606712,36,6,0,0,66,21,12,10,100,30,45,0.0,0.15
NO_PASSIVE,521023,832.1416161255596,3.2187767823524127,445.27907653515393,0,0,0,0,18,21,12,10,100,30,45,0.0,0.15
RANDOM,521023,939.5311968934398,3.219774074912701,331.2383085375948,1,17,0,1,18,21,12,10,100,30,45,0.0,0.15
HIGHEST_SNR,521023,939.5311968934398,3.219774074912701,331.2383085375948,1,17,0,1,18,21,12,10,100,30,45,0.0,0.15
SHORTEST_PULSE,521023,939.5311968934398,3.219774074912701,331.2383085375948,1,17,0,1,18,21,12,10,100,30,45,0.0,0.15
METROLOGY_CONDITIONED_EIG,521023,939.5311968934398,3.219774074912701,331.2383085375948,1,17,0,1,18,21,12,10,100,30,45,0.0,0.15
NO_PASSIVE,521024,405.55579818976173,6.05579516913464,445.27907653515393,0,0,0,0,189,21,12,10,100,30,45,0.0,0.15
RANDOM,521024,39.586075343287575,1.6398266426555232,16.848468121316724,53,7,0,0,189,21,12,10,100,30,45,0.0,0.15
HIGHEST_SNR,521024,28.78101455079141,1.6029652983185165,20.384002575626777,52,8,0,0,189,21,12,10,100,30,45,0.0,0.15
SHORTEST_PULSE,521024,114.82854949747141,7.061424536262692,21.390517999648875,35,25,0,1,189,21,12,10,100,30,45,0.0,0.15
METROLOGY_CONDITIONED_EIG,521024,164.2800907129843,6.815204366632015,27.599292567996134,19,41,0,1,189,21,12,10,100,30,45,0.0,0.15
NO_PASSIVE,521025,387.12809936432774,6.795900890578431,445.27907653515393,0,0,0,0,151,21,12,10,100,30,45,0.0,0.15
RANDOM,521025,55.29311719938433,2.8437322591868748,24.431890803767097,36,12,0,0,151,21,12,10,100,30,45,0.0,0.15
HIGHEST_SNR,521025,13.932744347290509,1.8795884658159052,38.00638051838618,39,9,0,1,151,21,12,10,100,30,45,0.0,0.15
SHORTEST_PULSE,521025,55.570720726714946,2.7835134386576454,15.681481036220541,37,11,0,0,151,21,12,10,100,30,45,0.0,0.15
METROLOGY_CONDITIONED_EIG,521025,55.52213827310697,2.8682895549326797,15.710893602665545,36,12,0,0,151,21,12,10,100,30,45,0.0,0.15
NO_PASSIVE,521026,178.52798791942223,3.9925757528556156,445.27907653515393,0,0,0,0,71,21,12,10,100,30,45,0.0,0.15
RANDOM,521026,33.89750502096291,1.8915977849296701,25.805998005828396,29,7,0,0,71,21,12,10,100,30,45,0.0,0.15
HIGHEST_SNR,521026,49.49274185935357,2.1190107015507036,25.569742534563556,34,2,0,0,71,21,12,10,100,30,45,0.0,0.15
SHORTEST_PULSE,521026,26.537762355507947,1.294414604704528,20.827289561082907,31,5,0,0,71,21,12,10,100,30,45,0.0,0.15
METROLOGY_CONDITIONED_EIG,521026,34.01031779303794,1.476297519117247,20.3213348657091,33,3,0,0,71,21,12,10,100,30,45,0.0,0.15
NO_PASSIVE,521027,201.85131562097163,1.7392962264804346,445.27907653515393,0,0,0,0,90,21,12,10,100,30,45,0.0,0.15
RANDOM,521027,76.96284238993944,5.0178549499803715,38.890486062579576,35,17,0,1,90,21,12,10,100,30,45,0.0,0.15
HIGHEST_SNR,521027,40.082908939127805,5.105134695610148,46.81289809824809,36,16,0,2,90,21,12,10,100,30,45,0.0,0.15
SHORTEST_PULSE,521027,53.97275762310853,1.511539726561184,29.385963342993993,47,5,0,0,90,21,12,10,100,30,45,0.0,0.15
METROLOGY_CONDITIONED_EIG,521027,67.82032711226896,2.0032545691393397,28.95084972510455,49,3,0,0,90,21,12,10,100,30,45,0.0,0.15
NO_PASSIVE,521028,919.2836305811284,5.941878704775903,445.27907653515393,0,0,0,0,190,21,12,10,100,30,45,0.0,0.15
RANDOM,521028,17.156176533907185,7.120104461223916,22.707874622241548,23,37,0,3,190,21,12,10,100,30,45,0.0,0.15
HIGHEST_SNR,521028,96.99292451389802,4.203406543567296,29.002354334531756,50,10,0,4,190,21,12,10,100,30,45,0.0,0.15
SHORTEST_PULSE,521028,729.008655804621,7.3054391127544385,62.770452301683825,17,43,0,2,190,21,12,10,100,30,45,0.0,0.15
METROLOGY_CONDITIONED_EIG,521028,352.70961755926754,4.824050938831439,82.33370462515079,5,55,0,2,190,21,12,10,100,30,45,0.0,0.15
NO_PASSIVE,521029,486.24096650581686,1.6693553383364683,445.27907653515393,0,0,0,0,38,21,12,10,100,30,45,0.0,0.15
RANDOM,521029,72.10008716295877,3.54828683963546,49.23038789487688,24,8,0,2,38,21,12,10,100,30,45,0.0,0.15
HIGHEST_SNR,521029,37.06336958152777,2.3862430151176426,71.46323706250872,24,8,0,2,38,21,12,10,100,30,45,0.0,0.15
SHORTEST_PULSE,521029,89.11170195502329,4.33174080194617,46.360179219896054,25,7,0,2,38,21,12,10,100,30,45,0.0,0.15
METROLOGY_CONDITIONED_EIG,521029,88.66974357798173,4.341333770581599,46.39043291217472,25,7,0,2,38,21,12,10,100,30,45,0.0,0.15
NO_PASSIVE,522000,668.8501652399074,2.1922527802913536,445.27907653515393,0,0,0,0,63,22,12,10,100,30,45,0.05,0.0
RANDOM,522000,16.433068399562885,1.3983238421680981,37.380222007728335,39,2,0,0,63,22,12,10,100,30,45,0.05,0.0
HIGHEST_SNR,522000,5.082946375872598,1.1847042582792644,38.0593649694222,39,2,0,0,63,22,12,10,100,30,45,0.05,0.0
SHORTEST_PULSE,522000,19.320661156223775,1.3103691021885513,38.082713477508086,38,3,0,0,63,22,12,10,100,30,45,0.05,0.0
METROLOGY_CONDITIONED_EIG,522000,15.179359039537834,0.9811500683791756,34.12709241697979,38,3,0,0,63,22,12,10,100,30,45,0.05,0.0
NO_PASSIVE,522001,537.5900429317602,5.054929889203769,445.27907653515393,0,0,0,0,126,22,12,10,100,30,45,0.05,0.0
RANDOM,522001,59.121992337397494,2.945202774827291,22.783843355986676,52,4,0,0,126,22,12,10,100,30,45,0.05,0.0
HIGHEST_SNR,522001,39.696234693001465,2.6290933654061823,22.258819855633185,50,6,0,0,126,22,12,10,100,30,45,0.05,0.0
SHORTEST_PULSE,522001,58.17490027056155,2.7459931482019933,23.25711930763138,49,7,0,0,126,22,12,10,100,30,45,0.05,0.0
METROLOGY_CONDITIONED_EIG,522001,57.688725117060734,2.8008982617823763,19.180198518412094,49,7,0,0,126,22,12,10,100,30,45,0.05,0.0
NO_PASSIVE,522002,328.41048335853117,3.7843251203031354,445.27907653515393,0,0,0,0,105,22,12,10,100,30,45,0.05,0.0
RANDOM,522002,40.27865884549326,2.228608594355531,25.162391267752547,50,4,0,0,105,22,12,10,100,30,45,0.05,0.0
HIGHEST_SNR,522002,39.025114225419934,2.7072876764224034,41.57814230666477,52,2,0,0,105,22,12,10,100,30,45,0.05,0.0
SHORTEST_PULSE,522002,42.25861347735692,1.985350622460866,17.38901294139198,49,5,0,0,105,22,12,10,100,30,45,0.05,0.0
METROLOGY_CONDITIONED_EIG,522002,41.9886494268095,1.9907445174528782,17.38884338117736,49,5,0,0,105,22,12,10,100,30,45,0.05,0.0
NO_PASSIVE,522003,81.22547243606871,5.922287642079197,445.27907653515393,0,0,0,0,42,22,12,10,100,30,45,0.05,0.0
RANDOM,522003,21.06561780040233,1.7470482363286497,22.054324199462066,28,2,0,0,42,22,12,10,100,30,45,0.05,0.0
HIGHEST_SNR,522003,32.47178717589594,1.9224751693760922,22.318106422595374,27,3,0,0,42,22,12,10,100,30,45,0.05,0.0
SHORTEST_PULSE,522003,22.82653227880217,1.7695717568684404,21.892349974956748,28,2,0,0,42,22,12,10,100,30,45,0.05,0.0
METROLOGY_CONDITIONED_EIG,522003,21.52607087662274,1.6855946086591502,22.03972033371268,27,3,0,0,42,22,12,10,100,30,45,0.05,0.0
NO_PASSIVE,522004,282.1513718207565,4.971775018975859,445.27907653515393,0,0,0,0,58,22,12,10,100,30,45,0.05,0.0
RANDOM,522004,66.24222619171951,3.0172572701662874,27.758181678760618,32,2,0,0,58,22,12,10,100,30,45,0.05,0.0
HIGHEST_SNR,522004,76.31754369435538,4.335840407822471,38.968295572184786,31,3,0,0,58,22,12,10,100,30,45,0.05,0.0
SHORTEST_PULSE,522004,69.2164435656272,3.2815987516710083,38.31182820538107,32,2,0,0,58,22,12,10,100,30,45,0.05,0.0
METROLOGY_CONDITIONED_EIG,522004,49.378135949083635,2.6247479909939955,25.931174244462945,32,2,0,0,58,22,12,10,100,30,45,0.05,0.0
NO_PASSIVE,522005,320.45934429282295,3.6489157665378107,445.27907653515393,0,0,0,0,42,22,12,10,100,30,45,0.05,0.0
RANDOM,522005,31.17186136174226,2.538912307981674,53.79551662514519,33,4,0,0,42,22,12,10,100,30,45,0.05,0.0
HIGHEST_SNR,522005,38.19978353597413,2.6900391993717805,54.28597211890441,34,3,0,0,42,22,12,10,100,30,45,0.05,0.0
SHORTEST_PULSE,522005,36.7977787019734,2.6639371038564437,54.74596978309828,33,4,0,0,42,22,12,10,100,30,45,0.05,0.0
METROLOGY_CONDITIONED_EIG,522005,29.103327896143632,2.1984313070259005,51.22108162291818,33,4,0,0,42,22,12,10,100,30,45,0.05,0.0
NO_PASSIVE,522006,523.5694311275082,4.167096167631669,445.27907653515393,0,0,0,0,121,22,12,10,100,30,45,0.05,0.0
RANDOM,522006,83.95381791541391,2.9159105708847606,30.947682360225063,51,6,0,0,121,22,12,10,100,30,45,0.05,0.0
HIGHEST_SNR,522006,39.03199025606797,1.7942987716581011,52.947361887118525,52,5,0,0,121,22,12,10,100,30,45,0.05,0.0
SHORTEST_PULSE,522006,132.60096315727296,3.795801736602676,32.50340158479644,49,8,0,0,121,22,12,10,100,30,45,0.05,0.0
METROLOGY_CONDITIONED_EIG,522006,86.535955447135,2.956461166747698,27.150742771512157,48,9,0,0,121,22,12,10,100,30,45,0.05,0.0
NO_PASSIVE,522007,373.83989735504167,2.4117627088608216,445.27907653515393,0,0,0,0,120,22,12,10,100,30,45,0.05,0.0
RANDOM,522007,53.98664523999616,1.9818193711771064,35.48484296921957,53,4,0,0,120,22,12,10,100,30,45,0.05,0.0
HIGHEST_SNR,522007,40.93889498501251,2.3169969216738453,36.17982766350961,52,5,0,0,120,22,12,10,100,30,45,0.05,0.0
SHORTEST_PULSE,522007,71.58802674656714,3.480052742096021,36.14393676974833,52,5,0,0,120,22,12,10,100,30,45,0.05,0.0
METROLOGY_CONDITIONED_EIG,522007,22.715739636190815,0.4054288947071639,30.237210720344155,54,3,0,0,120,22,12,10,100,30,45,0.05,0.0
NO_PASSIVE,522008,523.0075533014931,4.529244848647959,445.27907653515393,0,0,0,0,16,22,12,10,100,30,45,0.05,0.0
RANDOM,522008,116.70611340487838,4.9055262594842475,87.10773836602792,16,0,0,0,16,22,12,10,100,30,45,0.05,0.0
HIGHEST_SNR,522008,116.70611340487838,4.9055262594842475,87.10773836602792,16,0,0,0,16,22,12,10,100,30,45,0.05,0.0
SHORTEST_PULSE,522008,116.70611340487838,4.9055262594842475,87.10773836602792,16,0,0,0,16,22,12,10,100,30,45,0.05,0.0
METROLOGY_CONDITIONED_EIG,522008,116.70611340487838,4.9055262594842475,87.10773836602792,16,0,0,0,16,22,12,10,100,30,45,0.05,0.0
NO_PASSIVE,522009,679.8175747528372,3.279604322478195,445.27907653515393,0,0,0,0,51,22,12,10,100,30,45,0.05,0.0
RANDOM,522009,43.38930032867222,3.647338653607693,27.399967330276,29,4,0,0,51,22,12,10,100,30,45,0.05,0.0
HIGHEST_SNR,522009,20.060782552526916,3.022838649462217,31.782540308022632,28,5,0,0,51,22,12,10,100,30,45,0.05,0.0
SHORTEST_PULSE,522009,29.29877744742724,3.4886270793293153,25.95965263392095,30,3,0,0,51,22,12,10,100,30,45,0.05,0.0
METROLOGY_CONDITIONED_EIG,522009,30.681882291865897,3.262819897356336,26.47072347670956,30,3,0,0,51,22,12,10,100,30,45,0.05,0.0
NO_PASSIVE,522010,417.6195171764413,3.3468304428333884,445.27907653515393,0,0,0,0,64,22,12,10,100,30,45,0.05,0.0
RANDOM,522010,61.59000835454556,2.956528286093181,55.29972727348231,33,4,0,0,64,22,12,10,100,30,45,0.05,0.0
HIGHEST_SNR,522010,72.38261789129162,2.3756601922336325,68.24749487421789,33,4,0,0,64,22,12,10,100,30,45,0.05,0.0
SHORTEST_PULSE,522010,72.38261789129162,2.3756601922336325,68.24749487421789,33,4,0,0,64,22,12,10,100,30,45,0.05,0.0
METROLOGY_CONDITIONED_EIG,522010,45.8102309250694,2.469925843559559,46.71361155508045,33,4,0,0,64,22,12,10,100,30,45,0.05,0.0
NO_PASSIVE,522011,387.2815579593706,3.404145370270345,445.27907653515393,0,0,0,0,90,22,12,10,100,30,45,0.05,0.0
RANDOM,522011,51.34722857089084,2.2318484634943285,24.345903128237868,44,3,0,0,90,22,12,10,100,30,45,0.05,0.0
HIGHEST_SNR,522011,65.5465094398294,2.6086736550781926,33.22227521878573,45,2,0,0,90,22,12,10,100,30,45,0.05,0.0
SHORTEST_PULSE,522011,41.10874136019562,2.068082529239471,23.232777490973252,41,6,0,0,90,22,12,10,100,30,45,0.05,0.0
METROLOGY_CONDITIONED_EIG,522011,39.08436101082687,2.0513982270127644,22.967242471637114,43,4,0,0,90,22,12,10,100,30,45,0.05,0.0
NO_PASSIVE,522012,60.238047988306455,3.7085033222497423,445.27907653515393,0,0,0,0,36,22,12,10,100,30,45,0.05,0.0
RANDOM,522012,42.03003892724287,2.283065594090961,48.21972357647467,30,3,0,0,36,22,12,10,100,30,45,0.05,0.0
HIGHEST_SNR,522012,43.20334151469199,2.4369321474759715,48.4621410869083,30,3,0,0,36,22,12,10,100,30,45,0.05,0.0
SHORTEST_PULSE,522012,65.49011659099489,2.936076839612389,39.98190776007022,30,3,0,0,36,22,12,10,100,30,45,0.05,0.0
METROLOGY_CONDITIONED_EIG,522012,63.98294125056352,2.77665399312159,39.866834370035384,30,3,0,0,36,22,12,10,100,30,45,0.05,0.0
NO_PASSIVE,522013,375.85225073054755,2.614807940273566,445.27907653515393,0,0,0,0,72,22,12,10,100,30,45,0.05,0.0
RANDOM,522013,18.950539801071084,1.3776992712977172,25.034171182745446,47,3,0,0,72,22,12,10,100,30,45,0.05,0.0
HIGHEST_SNR,522013,26.245914855859347,1.3875843793215155,22.99376507726328,46,4,0,0,72,22,12,10,100,30,45,0.05,0.0
SHORTEST_PULSE,522013,19.56909630288895,1.318489137797767,23.613230069875662,46,4,0,0,72,22,12,10,100,30,45,0.05,0.0
METROLOGY_CONDITIONED_EIG,522013,17.33276279944114,1.3306273453745348,22.68981166543958,46,4,0,0,72,22,12,10,100,30,45,0.05,0.0
NO_PASSIVE,522014,289.5866185366612,6.8130707886932695,445.27907653515393,0,0,0,0,69,22,12,10,100,30,45,0.05,0.0
RANDOM,522014,95.87297065110464,4.690062962217783,34.197568525528084,42,5,0,0,69,22,12,10,100,30,45,0.05,0.0
HIGHEST_SNR,522014,107.29502522959535,5.3962517156245156,49.26412731082943,43,4,0,0,69,22,12,10,100,30,45,0.05,0.0
SHORTEST_PULSE,522014,107.24685928988882,5.004291417576563,31.691321848058024,42,5,0,0,69,22,12,10,100,30,45,0.05,0.0
METROLOGY_CONDITIONED_EIG,522014,91.03184034525503,3.762353992803633,30.600303650883763,41,6,0,0,69,22,12,10,100,30,45,0.05,0.0
NO_PASSIVE,522015,52.79798640119894,7.558932095240202,445.27907653515393,0,0,0,0,22,22,12,10,100,30,45,0.05,0.0
RANDOM,522015,104.96659094722334,5.228617447448848,43.463277005328216,16,1,0,0,22,22,12,10,100,30,45,0.05,0.0
HIGHEST_SNR,522015,99.15844382756633,4.874146538338345,42.7172526387493,17,0,0,0,22,22,12,10,100,30,45,0.05,0.0
SHORTEST_PULSE,522015,99.98070640271509,5.0477256066965435,42.696849054183666,17,0,0,0,22,22,12,10,100,30,45,0.05,0.0
METROLOGY_CONDITIONED_EIG,522015,54.50630382642769,3.835974788200018,36.360056131782024,17,0,0,0,22,22,12,10,100,30,45,0.05,0.0
NO_PASSIVE,522016,299.44483902908974,3.5803882870769708,445.27907653515393,0,0,0,0,107,22,12,10,100,30,45,0.05,0.0
RANDOM,522016,46.2665006908153,1.9538896965940484,21.239497115224246,56,0,1,0,107,22,12,10,100,30,45,0.05,0.0
HIGHEST_SNR,522016,38.241183826055064,1.9185722616308218,23.91177750606156,55,1,2,0,107,22,12,10,100,30,45,0.05,0.0
SHORTEST_PULSE,522016,69.67290155457067,2.8218569893402305,18.018605873812742,53,3,2,0,107,22,12,10,100,30,45,0.05,0.0
METROLOGY_CONDITIONED_EIG,522016,51.358067312384584,2.264143313054195,16.939195633566676,53,3,1,0,107,22,12,10,100,30,45,0.05,0.0
NO_PASSIVE,522017,477.7541377864702,5.17331120559623,445.27907653515393,0,0,0,0,109,22,12,10,100,30,45,0.05,0.0
RANDOM,522017,21.709744829277145,0.8498673293222253,17.73785508905862,52,2,0,0,109,22,12,10,100,30,45,0.05,0.0
HIGHEST_SNR,522017,34.12790297717087,1.7069047085975022,19.254988636412886,53,1,0,0,109,22,12,10,100,30,45,0.05,0.0
SHORTEST_PULSE,522017,23.97408221020513,1.0220197054478954,17.103751124940374,52,2,0,0,109,22,12,10,100,30,45,0.05,0.0
METROLOGY_CONDITIONED_EIG,522017,28.449220250144432,1.0972448564025499,16.947460808333414,52,2,0,0,109,22,12,10,100,30,45,0.05,0.0
NO_PASSIVE,522018,378.5683087036267,4.794454931838231,445.27907653515393,0,0,0,0,27,22,12,10,100,30,45,0.05,0.0
RANDOM,522018,52.6504334471851,2.225516366088502,52.772494248572805,21,1,0,0,27,22,12,10,100,30,45,0.05,0.0
HIGHEST_SNR,522018,49.08871333260656,2.3783942813779926,59.427319192702505,21,1,0,0,27,22,12,10,100,30,45,0.05,0.0
SHORTEST_PULSE,522018,46.12863499841747,2.2924328874359086,45.914365286860935,21,1,0,0,27,22,12,10,100,30,45,0.05,0.0
METROLOGY_CONDITIONED_EIG,522018,50.519441088253636,2.8521049245160217,46.01188222281816,21,1,0,0,27,22,12,10,100,30,45,0.05,0.0
NO_PASSIVE,522019,441.73485714506563,5.037494257503961,445.27907653515393,0,0,0,0,46,22,12,10,100,30,45,0.05,0.0
RANDOM,522019,40.71262922680425,2.4169577287546296,32.07427740595903,30,3,0,0,46,22,12,10,100,30,45,0.05,0.0
HIGHEST_SNR,522019,116.19924915541117,3.5638061416149194,60.23487567786367,31,2,0,0,46,22,12,10,100,30,45,0.05,0.0
SHORTEST_PULSE,522019,46.00012722181013,2.461869245186156,31.31690323089495,31,2,0,0,46,22,12,10,100,30,45,0.05,0.0
METROLOGY_CONDITIONED_EIG,522019,43.1358994712736,2.436416121244975,32.08875228284611,31,2,0,0,46,22,12,10,100,30,45,0.05,0.0
NO_PASSIVE,522020,384.0521169493658,7.153302698908626,445.27907653515393,0,0,0,0,99,22,12,10,100,30,45,0.05,0.0
RANDOM,522020,68.53751270216215,3.213737560234956,19.557584136906968,51,1,0,0,99,22,12,10,100,30,45,0.05,0.0
HIGHEST_SNR,522020,69.19496367914061,3.4382773436047502,21.02114666059938,50,2,0,0,99,22,12,10,100,30,45,0.05,0.0
SHORTEST_PULSE,522020,74.66239119140127,3.3653387703791755,20.072453495757365,49,3,0,0,99,22,12,10,100,30,45,0.05,0.0
METROLOGY_CONDITIONED_EIG,522020,68.97873134551718,3.2193193987100135,19.284025999074235,50,2,0,0,99,22,12,10,100,30,45,0.05,0.0
NO_PASSIVE,522021,699.6277998118885,6.28878674415394,445.27907653515393,0,0,0,0,68,22,12,10,100,30,45,0.05,0.0
RANDOM,522021,164.38810679298288,5.2080672963213575,52.14020662802402,33,2,0,0,68,22,12,10,100,30,45,0.05,0.0
HIGHEST_SNR,522021,245.27357754324856,5.087374828479217,69.82505720729766,34,1,0,0,68,22,12,10,100,30,45,0.05,0.0
SHORTEST_PULSE,522021,104.30302551907077,3.5412521181147003,44.24155063289454,31,4,0,0,68,22,12,10,100,30,45,0.05,0.0
METROLOGY_CONDITIONED_EIG,522021,89.73350607150937,3.3304852656535697,33.215356843277995,32,3,0,0,68,22,12,10,100,30,45,0.05,0.0
NO_PASSIVE,522022,66.91073577884819,4.354213333153899,445.27907653515393,0,0,0,0,147,22,12,10,100,30,45,0.05,0.0
RANDOM,522022,87.51527292883766,3.5719749355072974,27.440456065554592,47,13,0,0,147,22,12,10,100,30,45,0.05,0.0
HIGHEST_SNR,522022,120.89327892378562,4.169157261679676,35.355750976858225,46,14,0,0,147,22,12,10,100,30,45,0.05,0.0
SHORTEST_PULSE,522022,153.74870747298232,5.188516959997908,26.65355638770113,51,9,0,0,147,22,12,10,100,30,45,0.05,0.0
METROLOGY_CONDITIONED_EIG,522022,54.01441550752853,2.454269177211657,16.16443308164198,56,4,0,0,147,22,12,10,100,30,45,0.05,0.0
NO_PASSIVE,522023,536.9032706716652,6.059484910518827,445.27907653515393,0,0,0,0,100,22,12,10,100,30,45,0.05,0.0
RANDOM,522023,30.68762384097124,1.8515699063602349,30.779277825374148,49,2,0,0,100,22,12,10,100,30,45,0.05,0.0
HIGHEST_SNR,522023,18.347834434883147,2.1454750456179386,46.65194336675447,50,1,0,0,100,22,12,10,100,30,45,0.05,0.0
SHORTEST_PULSE,522023,32.99130813210449,1.8294429807398471,32.24474219312111,50,1,0,0,100,22,12,10,100,30,45,0.05,0.0
METROLOGY_CONDITIONED_EIG,522023,14.524745012835721,1.7553337314743804,29.0148946823587,47,4,0,0,100,22,12,10,100,30,45,0.05,0.0
NO_PASSIVE,522024,114.98310968961759,5.291064597722802,445.27907653515393,0,0,0,0,36,22,12,10,100,30,45,0.05,0.0
RANDOM,522024,152.1648627686995,4.57505558504723,80.53822895439178,34,1,0,0,36,22,12,10,100,30,45,0.05,0.0
HIGHEST_SNR,522024,102.48267772994981,5.264189332974682,89.38817873274206,34,1,0,0,36,22,12,10,100,30,45,0.05,0.0
SHORTEST_PULSE,522024,152.1648627686995,4.57505558504723,80.53822895439178,34,1,0,0,36,22,12,10,100,30,45,0.05,0.0
METROLOGY_CONDITIONED_EIG,522024,152.1648627686995,4.57505558504723,80.53822895439178,34,1,0,0,36,22,12,10,100,30,45,0.05,0.0
NO_PASSIVE,522025,341.907007183312,5.722282112199676,445.27907653515393,0,0,0,0,90,22,12,10,100,30,45,0.05,0.0
RANDOM,522025,77.33057705545662,4.928247402779156,38.803862433221056,52,3,0,0,90,22,12,10,100,30,45,0.05,0.0
HIGHEST_SNR,522025,72.62265572074124,4.596155228133331,37.98761260482307,51,4,0,0,90,22,12,10,100,30,45,0.05,0.0
SHORTEST_PULSE,522025,21.885199272066757,3.618261896341676,24.203072840151957,50,5,0,0,90,22,12,10,100,30,45,0.05,0.0
METROLOGY_CONDITIONED_EIG,522025,32.67448623430792,3.7162901115434446,23.780175425754354,50,5,0,0,90,22,12,10,100,30,45,0.05,0.0
NO_PASSIVE,522026,241.5641818325564,4.796867125091144,445.27907653515393,0,0,0,0,135,22,12,10,100,30,45,0.05,0.0
RANDOM,522026,33.42027127457288,1.8103613431272523,27.861959272570587,56,4,0,0,135,22,12,10,100,30,45,0.05,0.0
HIGHEST_SNR,522026,55.86795469070091,2.6152580015620672,37.32773703519121,54,6,0,0,135,22,12,10,100,30,45,0.05,0.0
SHORTEST_PULSE,522026,36.28384887853494,1.9201891574993442,27.378704524261487,54,6,0,0,135,22,12,10,100,30,45,0.05,0.0
METROLOGY_CONDITIONED_EIG,522026,43.860921303107304,1.79642326702067,26.047224669200265,52,8,0,0,135,22,12,10,100,30,45,0.05,0.0
NO_PASSIVE,522027,877.9866829062399,2.698375379588939,445.27907653515393,0,0,0,0,69,22,12,10,100,30,45,0.05,0.0
RANDOM,522027,86.55587977670129,3.3813487362872174,28.960936927771808,37,7,0,0,69,22,12,10,100,30,45,0.05,0.0
HIGHEST_SNR,522027,48.69481817167544,2.4247588560348627,34.324453876367734,36,8,0,0,69,22,12,10,100,30,45,0.05,0.0
SHORTEST_PULSE,522027,96.59400118657001,3.2128132217185157,27.930601900972277,37,7,0,0,69,22,12,10,100,30,45,0.05,0.0
METROLOGY_CONDITIONED_EIG,522027,65.59593465080536,2.3720704400303765,27.35511097241127,37,7,0,0,69,22,12,10,100,30,45,0.05,0.0
NO_PASSIVE,522028,365.64206212033656,5.62092437950449,445.27907653515393,0,0,0,0,71,22,12,10,100,30,45,0.05,0.0
RANDOM,522028,43.25994431986008,2.9908459335096627,21.238865414487066,47,3,0,0,71,22,12,10,100,30,45,0.05,0.0
HIGHEST_SNR,522028,48.69320538025059,2.9359619268746378,23.509262291164504,47,3,0,0,71,22,12,10,100,30,45,0.05,0.0
SHORTEST_PULSE,522028,33.964225949439765,2.721420353471758,16.631310965363742,47,3,0,0,71,22,12,10,100,30,45,0.05,0.0
METROLOGY_CONDITIONED_EIG,522028,34.47663840454541,2.762212127589261,16.624211773514524,47,3,0,0,71,22,12,10,100,30,45,0.05,0.0
NO_PASSIVE,522029,587.1839854652769,5.4190298601281635,445.27907653515393,0,0,0,0,23,22,12,10,100,30,45,0.05,0.0
RANDOM,522029,648.8313523938461,5.144603533967633,309.12275346251033,21,2,0,0,23,22,12,10,100,30,45,0.05,0.0
HIGHEST_SNR,522029,648.8313523938461,5.144603533967633,309.12275346251033,21,2,0,0,23,22,12,10,100,30,45,0.05,0.0
SHORTEST_PULSE,522029,648.8313523938461,5.144603533967633,309.12275346251033,21,2,0,0,23,22,12,10,100,30,45,0.05,0.0
METROLOGY_CONDITIONED_EIG,522029,648.8313523938461,5.144603533967633,309.12275346251033,21,2,0,0,23,22,12,10,100,30,45,0.05,0.0
NO_PASSIVE,523000,350.49215339551927,5.791936600210652,445.27907653515393,0,0,0,0,56,23,12,10,100,30,45,0.05,0.05
RANDOM,523000,92.61153407143001,3.587669572983869,28.309148445571,31,8,0,0,56,23,12,10,100,30,45,0.05,0.05
HIGHEST_SNR,523000,45.24982675885597,2.3040896767407704,22.949160010184674,33,6,0,0,56,23,12,10,100,30,45,0.05,0.05
SHORTEST_PULSE,523000,29.19831946471593,1.980937541371014,18.349072665383357,33,6,0,0,56,23,12,10,100,30,45,0.05,0.05
METROLOGY_CONDITIONED_EIG,523000,59.45648269633675,2.968141768568192,21.52868831970171,32,7,0,0,56,23,12,10,100,30,45,0.05,0.05
NO_PASSIVE,523001,670.4530166866645,5.059851500506283,445.27907653515393,0,0,0,0,54,23,12,10,100,30,45,0.05,0.05
RANDOM,523001,56.615886942925194,3.2645979848596003,39.214888093141774,40,8,1,0,54,23,12,10,100,30,45,0.05,0.05
HIGHEST_SNR,523001,55.10757117256012,3.38690620096549,39.21379178657186,39,9,1,0,54,23,12,10,100,30,45,0.05,0.05
SHORTEST_PULSE,523001,70.80314386895768,3.5745656157624173,40.91209754865371,40,8,1,0,54,23,12,10,100,30,45,0.05,0.05
METROLOGY_CONDITIONED_EIG,523001,53.949090410585434,3.4398280317287475,39.19636273992625,39,9,1,0,54,23,12,10,100,30,45,0.05,0.05
NO_PASSIVE,523002,820.402357786856,5.626776507010792,445.27907653515393,0,0,0,0,37,23,12,10,100,30,45,0.05,0.05
RANDOM,523002,116.43918049355459,4.427314140917322,52.98949530717434,32,2,0,0,37,23,12,10,100,30,45,0.05,0.05
HIGHEST_SNR,523002,111.32180846032549,4.345397848615586,53.09507650026426,32,2,0,0,37,23,12,10,100,30,45,0.05,0.05
SHORTEST_PULSE,523002,113.02861861676597,4.3857819849824216,52.94915242720904,32,2,0,0,37,23,12,10,100,30,45,0.05,0.05
METROLOGY_CONDITIONED_EIG,523002,116.43918049355459,4.427314140917322,52.98949530717434,32,2,0,0,37,23,12,10,100,30,45,0.05,0.05
NO_PASSIVE,523003,611.9982022853999,8.362423882099067,445.27907653515393,0,0,0,0,72,23,12,10,100,30,45,0.05,0.05
RANDOM,523003,106.73588731045075,4.889206610071059,36.57683960639623,47,3,0,1,72,23,12,10,100,30,45,0.05,0.05
HIGHEST_SNR,523003,94.81985245141142,4.440223124747817,37.89248201225058,45,5,0,1,72,23,12,10,100,30,45,0.05,0.05
SHORTEST_PULSE,523003,115.69705969268524,5.453536642670769,36.636857388578996,46,4,0,1,72,23,12,10,100,30,45,0.05,0.05
METROLOGY_CONDITIONED_EIG,523003,158.60723858389505,6.071947049971021,35.78638919463411,47,3,0,2,72,23,12,10,100,30,45,0.05,0.05
NO_PASSIVE,523004,434.1468290935423,1.8150591399896983,445.27907653515393,0,0,0,0,55,23,12,10,100,30,45,0.05,0.05
RANDOM,523004,55.3587833044414,2.4590775472856383,44.25373508434755,33,2,0,0,55,23,12,10,100,30,45,0.05,0.05
HIGHEST_SNR,523004,37.53861046516381,2.460248310692787,44.77907525201177,30,5,0,0,55,23,12,10,100,30,45,0.05,0.05
SHORTEST_PULSE,523004,37.15032923715982,2.6504965833441707,40.626354429678415,30,5,0,0,55,23,12,10,100,30,45,0.05,0.05
METROLOGY_CONDITIONED_EIG,523004,41.82567299960207,2.182271223212711,35.77960973841615,31,4,0,0,55,23,12,10,100,30,45,0.05,0.05
NO_PASSIVE,523005,429.5236733278802,5.380255779413129,445.27907653515393,0,0,0,0,135,23,12,10,100,30,45,0.05,0.05
RANDOM,523005,17.682651657386923,1.1123730867356834,19.436936704042132,52,8,0,0,135,23,12,10,100,30,45,0.05,0.05
HIGHEST_SNR,523005,27.57247352172926,1.702939356861669,21.67412006455326,54,6,0,0,135,23,12,10,100,30,45,0.05,0.05
SHORTEST_PULSE,523005,28.70324649487771,1.2633476841727995,17.418075076409515,53,7,0,0,135,23,12,10,100,30,45,0.05,0.05
METROLOGY_CONDITIONED_EIG,523005,18.662470513727264,0.9145204501085975,16.825535667527138,52,8,0,0,135,23,12,10,100,30,45,0.05,0.05
NO_PASSIVE,523006,545.0592844461019,6.270760721033922,445.27907653515393,0,0,0,0,118,23,12,10,100,30,45,0.05,0.05
RANDOM,523006,37.78147063188919,2.1781026043789264,24.82923596324248,49,5,0,0,118,23,12,10,100,30,45,0.05,0.05
HIGHEST_SNR,523006,55.98277558129412,3.5338104459543658,38.34967037926021,47,7,0,0,118,23,12,10,100,30,45,0.05,0.05
SHORTEST_PULSE,523006,38.15380244157369,2.400616453828684,25.248291217708488,49,5,0,0,118,23,12,10,100,30,45,0.05,0.05
METROLOGY_CONDITIONED_EIG,523006,38.602261497590206,2.452982124528498,24.655772667823175,47,7,0,0,118,23,12,10,100,30,45,0.05,0.05
NO_PASSIVE,523007,548.8622928775203,2.101770586950031,445.27907653515393,0,0,0,0,100,23,12,10,100,30,45,0.05,0.05
RANDOM,523007,8.016748812834381,1.079660895834365,47.81521601506289,43,8,0,0,100,23,12,10,100,30,45,0.05,0.05
HIGHEST_SNR,523007,52.16673372464796,0.5683659399418735,46.359304681193706,46,5,0,0,100,23,12,10,100,30,45,0.05,0.05
SHORTEST_PULSE,523007,28.428212319425224,2.4896444214068345,38.40163713297372,48,3,0,0,100,23,12,10,100,30,45,0.05,0.05
METROLOGY_CONDITIONED_EIG,523007,19.125114426115204,1.9437219927701883,37.78746692864528,45,6,0,0,100,23,12,10,100,30,45,0.05,0.05
NO_PASSIVE,523008,593.510782971119,5.986047008685036,445.27907653515393,0,0,0,0,78,23,12,10,100,30,45,0.05,0.05
RANDOM,523008,264.2874755865879,10.587915232930627,40.66564054227157,23,20,0,1,78,23,12,10,100,30,45,0.05,0.05
HIGHEST_SNR,523008,141.3956725155683,5.268386668242862,38.90520991614373,35,8,0,0,78,23,12,10,100,30,45,0.05,0.05
SHORTEST_PULSE,523008,131.27726777461416,5.209986050050124,29.332373025319775,36,7,0,0,78,23,12,10,100,30,45,0.05,0.05
METROLOGY_CONDITIONED_EIG,523008,67.9580915519133,3.3750948957043145,24.08892774894858,39,4,0,0,78,23,12,10,100,30,45,0.05,0.05
NO_PASSIVE,523009,353.9275104969486,2.350991733050162,445.27907653515393,0,0,0,0,11,23,12,10,100,30,45,0.05,0.05
RANDOM,523009,45.87916570738168,1.6717638111106252,31.62459682583263,10,0,0,0,11,23,12,10,100,30,45,0.05,0.05
HIGHEST_SNR,523009,54.795104722423204,1.0972156881798711,33.64402820930509,10,0,0,0,11,23,12,10,100,30,45,0.05,0.05
SHORTEST_PULSE,523009,45.87916570738168,1.6717638111106252,31.62459682583263,10,0,0,0,11,23,12,10,100,30,45,0.05,0.05
METROLOGY_CONDITIONED_EIG,523009,45.87916570738168,1.6717638111106252,31.62459682583263,10,0,0,0,11,23,12,10,100,30,45,0.05,0.05
NO_PASSIVE,523010,693.2577606275175,4.893853500730147,445.27907653515393,0,0,0,0,49,23,12,10,100,30,45,0.05,0.05
RANDOM,523010,43.05115198035004,1.3235254755388577,42.181462886723644,36,3,0,1,49,23,12,10,100,30,45,0.05,0.05
HIGHEST_SNR,523010,102.34010089939878,2.019930055777514,52.365980538770806,35,4,0,1,49,23,12,10,100,30,45,0.05,0.05
SHORTEST_PULSE,523010,49.17348379610893,1.208394530466486,38.64901577607873,36,3,0,1,49,23,12,10,100,30,45,0.05,0.05
METROLOGY_CONDITIONED_EIG,523010,49.17348379610893,1.208394530466486,38.64901577607873,36,3,0,1,49,23,12,10,100,30,45,0.05,0.05
NO_PASSIVE,523011,413.60619050865864,3.4443525210639905,445.27907653515393,0,0,0,0,101,23,12,10,100,30,45,0.05,0.05
RANDOM,523011,39.11695896353588,1.4564526974361187,25.368592022594637,33,3,0,0,101,23,12,10,100,30,45,0.05,0.05
HIGHEST_SNR,523011,53.08767978214861,1.6958281240664153,48.93736411274666,33,3,0,0,101,23,12,10,100,30,45,0.05,0.05
SHORTEST_PULSE,523011,32.200519776375515,1.1355861823378626,27.372475256051555,33,3,0,0,101,23,12,10,100,30,45,0.05,0.05
METROLOGY_CONDITIONED_EIG,523011,36.51095740119611,1.4476481397276773,23.25602129993654,34,2,0,0,101,23,12,10,100,30,45,0.05,0.05
NO_PASSIVE,523012,775.3422103622634,5.8125065828167335,445.27907653515393,0,0,0,0,134,23,12,10,100,30,45,0.05,0.05
RANDOM,523012,45.439522590690856,2.649709332211885,34.31557760464898,46,7,0,0,134,23,12,10,100,30,45,0.05,0.05
HIGHEST_SNR,523012,118.30133484696645,3.5037245503165737,49.9940235085157,47,6,0,0,134,23,12,10,100,30,45,0.05,0.05
SHORTEST_PULSE,523012,32.60564287240934,1.5019492072863272,32.94340923774102,46,7,0,0,134,23,12,10,100,30,45,0.05,0.05
METROLOGY_CONDITIONED_EIG,523012,26.58327026135853,1.584730046807626,25.998686856639978,44,9,0,0,134,23,12,10,100,30,45,0.05,0.05
NO_PASSIVE,523013,537.765262815277,3.8871139396101184,445.27907653515393,0,0,0,0,143,23,12,10,100,30,45,0.05,0.05
RANDOM,523013,41.072683027167734,2.4866464515343765,26.49961053779197,53,7,0,0,143,23,12,10,100,30,45,0.05,0.05
HIGHEST_SNR,523013,31.99894379453384,2.0380159127451565,25.85256217318493,55,5,0,0,143,23,12,10,100,30,45,0.05,0.05
SHORTEST_PULSE,523013,28.916496238023576,1.7500316656591965,33.521598709695844,52,8,0,0,143,23,12,10,100,30,45,0.05,0.05
METROLOGY_CONDITIONED_EIG,523013,32.44016152432035,2.042553743699716,22.330611785815012,56,4,0,0,143,23,12,10,100,30,45,0.05,0.05
NO_PASSIVE,523014,403.0751112758885,1.0056717197417453,445.27907653515393,0,0,0,0,42,23,12,10,100,30,45,0.05,0.05
RANDOM,523014,22.188152628612627,1.1678975750958318,37.73722062182736,28,1,0,0,42,23,12,10,100,30,45,0.05,0.05
HIGHEST_SNR,523014,14.881919030766266,1.1810771534168594,37.57420465909157,29,0,0,0,42,23,12,10,100,30,45,0.05,0.05
SHORTEST_PULSE,523014,17.949257943748403,1.0167701119422599,33.922264287296905,28,1,0,0,42,23,12,10,100,30,45,0.05,0.05
METROLOGY_CONDITIONED_EIG,523014,17.75175485272051,1.0115366130261303,31.629233671749844,27,2,0,0,42,23,12,10,100,30,45,0.05,0.05
NO_PASSIVE,523015,368.0270592330181,6.666648744292651,445.27907653515393,0,0,0,0,16,23,12,10,100,30,45,0.05,0.05
RANDOM,523015,155.67923632508342,4.7956380873415005,61.874684370547,15,1,0,0,16,23,12,10,100,30,45,0.05,0.05
HIGHEST_SNR,523015,155.67923632508342,4.7956380873415005,61.874684370547,15,1,0,0,16,23,12,10,100,30,45,0.05,0.05
SHORTEST_PULSE,523015,155.67923632508342,4.7956380873415005,61.874684370547,15,1,0,0,16,23,12,10,100,30,45,0.05,0.05
METROLOGY_CONDITIONED_EIG,523015,155.67923632508342,4.7956380873415005,61.874684370547,15,1,0,0,16,23,12,10,100,30,45,0.05,0.05
NO_PASSIVE,523016,661.4565835116447,5.54159444418846,445.27907653515393,0,0,0,0,24,23,12,10,100,30,45,0.05,0.05
RANDOM,523016,16.418459357289223,3.0992699910022883,35.72299512499138,19,4,0,0,24,23,12,10,100,30,45,0.05,0.05
HIGHEST_SNR,523016,16.418459357289223,3.0992699910022883,35.72299512499138,19,4,0,0,24,23,12,10,100,30,45,0.05,0.05
SHORTEST_PULSE,523016,37.87807438586555,3.344506317755716,35.37353892785559,19,4,0,0,24,23,12,10,100,30,45,0.05,0.05
METROLOGY_CONDITIONED_EIG,523016,37.87807438586555,3.344506317755716,35.37353892785559,19,4,0,0,24,23,12,10,100,30,45,0.05,0.05
NO_PASSIVE,523017,407.7578147569212,2.978823738205872,445.27907653515393,0,0,0,0,70,23,12,10,100,30,45,0.05,0.05
RANDOM,523017,30.86950591889644,0.9540018366766675,36.340192599534184,43,5,0,0,70,23,12,10,100,30,45,0.05,0.05
HIGHEST_SNR,523017,28.941789987571294,0.5351052883535939,37.17856143096101,42,6,0,1,70,23,12,10,100,30,45,0.05,0.05
SHORTEST_PULSE,523017,34.15309425892557,1.0806669900408117,35.474168561827675,42,6,0,0,70,23,12,10,100,30,45,0.05,0.05
METROLOGY_CONDITIONED_EIG,523017,36.41560090161976,0.44761733674259213,35.47803868148481,41,7,0,1,70,23,12,10,100,30,45,0.05,0.05
NO_PASSIVE,523018,471.52300271903425,3.2845247783003733,445.27907653515393,0,0,0,0,115,23,12,10,100,30,45,0.05,0.05
RANDOM,523018,40.5149455206757,1.9236104016858002,27.261425323115507,55,4,0,0,115,23,12,10,100,30,45,0.05,0.05
HIGHEST_SNR,523018,11.887084714653392,1.563287213762042,26.489240859196826,55,4,0,1,115,23,12,10,100,30,45,0.05,0.05
SHORTEST_PULSE,523018,15.3745210904342,1.2117944991771425,25.090250890628884,57,2,0,0,115,23,12,10,100,30,45,0.05,0.05
METROLOGY_CONDITIONED_EIG,523018,36.56642824706688,2.079888270676814,21.75809363247283,57,2,0,0,115,23,12,10,100,30,45,0.05,0.05
NO_PASSIVE,523019,476.824844718161,6.90491496623332,445.27907653515393,0,0,0,0,102,23,12,10,100,30,45,0.05,0.05
RANDOM,523019,172.03844813546857,5.562019615314108,44.809015171434055,40,9,0,1,102,23,12,10,100,30,45,0.05,0.05
HIGHEST_SNR,523019,150.5000558201819,5.116845565474483,71.09730628169258,42,7,0,1,102,23,12,10,100,30,45,0.05,0.05
SHORTEST_PULSE,523019,71.52823107407065,3.276374497165569,27.767531900068747,40,9,0,0,102,23,12,10,100,30,45,0.05,0.05
METROLOGY_CONDITIONED_EIG,523019,70.6755671161812,3.4791159968270615,29.941967382329114,40,9,0,1,102,23,12,10,100,30,45,0.05,0.05
NO_PASSIVE,523020,371.16966771656615,3.7208464838811746,445.27907653515393,0,0,0,0,51,23,12,10,100,30,45,0.05,0.05
RANDOM,523020,11.606694070229207,0.7911081096186061,28.426649792644294,34,4,0,0,51,23,12,10,100,30,45,0.05,0.05
HIGHEST_SNR,523020,21.89731529280609,0.8143698568061353,22.20839780126186,34,4,0,0,51,23,12,10,100,30,45,0.05,0.05
SHORTEST_PULSE,523020,12.962317694500772,1.0596238880416817,20.994721850343197,34,4,0,0,51,23,12,10,100,30,45,0.05,0.05
METROLOGY_CONDITIONED_EIG,523020,12.962317694500772,1.0596238880416817,20.994721850343197,34,4,0,0,51,23,12,10,100,30,45,0.05,0.05
NO_PASSIVE,523021,379.6652013512208,2.2228924143560556,445.27907653515393,0,0,0,0,60,23,12,10,100,30,45,0.05,0.05
RANDOM,523021,38.1872524594576,2.998013687082251,70.34803971028593,37,9,0,0,60,23,12,10,100,30,45,0.05,0.05
HIGHEST_SNR,523021,57.65217444244531,2.6377244683483583,72.85345898434021,39,7,0,1,60,23,12,10,100,30,45,0.05,0.05
SHORTEST_PULSE,523021,26.63229787069096,2.5643970910414815,70.01109353950005,38,8,0,0,60,23,12,10,100,30,45,0.05,0.05
METROLOGY_CONDITIONED_EIG,523021,35.235509930482124,2.5020574998567744,70.46070149973177,37,9,0,0,60,23,12,10,100,30,45,0.05,0.05
NO_PASSIVE,523022,491.08647464809917,6.8121298652155895,445.27907653515393,0,0,0,0,188,23,12,10,100,30,45,0.05,0.05
RANDOM,523022,60.05165743378674,4.188059184671923,21.646752938874485,56,4,0,0,188,23,12,10,100,30,45,0.05,0.05
HIGHEST_SNR,523022,70.2812032701157,3.949133179229887,41.95378437150414,56,4,0,1,188,23,12,10,100,30,45,0.05,0.05
SHORTEST_PULSE,523022,137.84588862100117,5.055058198215472,28.232500783284276,52,8,0,0,188,23,12,10,100,30,45,0.05,0.05
METROLOGY_CONDITIONED_EIG,523022,144.50778913592052,5.17632107124421,28.040986502991803,49,11,0,0,188,23,12,10,100,30,45,0.05,0.05
NO_PASSIVE,523023,505.7217064141401,5.245479495697525,445.27907653515393,0,0,0,0,135,23,12,10,100,30,45,0.05,0.05
RANDOM,523023,47.51063645405736,2.297432807902192,26.800955416969888,38,4,0,0,135,23,12,10,100,30,45,0.05,0.05
HIGHEST_SNR,523023,74.40411656145685,3.0098543291641606,37.451335006319205,39,3,0,0,135,23,12,10,100,30,45,0.05,0.05
SHORTEST_PULSE,523023,41.42802463428045,2.280469845328041,23.270814998435494,39,3,0,1,135,23,12,10,100,30,45,0.05,0.05
METROLOGY_CONDITIONED_EIG,523023,21.79636400321998,1.7523233242516727,24.50876794476254,38,4,0,1,135,23,12,10,100,30,45,0.05,0.05
NO_PASSIVE,523024,177.11671171371464,4.213055845457873,445.27907653515393,0,0,0,0,12,23,12,10,100,30,45,0.05,0.05
RANDOM,523024,126.95229883687364,4.134168499350924,86.8447522349106,10,0,0,0,12,23,12,10,100,30,45,0.05,0.05
HIGHEST_SNR,523024,119.22453106192707,4.20089350252243,90.94986578906291,9,1,0,0,12,23,12,10,100,30,45,0.05,0.05
SHORTEST_PULSE,523024,108.28501001211956,4.0098406791848635,86.10411768776541,10,0,0,0,12,23,12,10,100,30,45,0.05,0.05
METROLOGY_CONDITIONED_EIG,523024,108.28501001211956,4.0098406791848635,86.10411768776541,10,0,0,0,12,23,12,10,100,30,45,0.05,0.05
NO_PASSIVE,523025,587.1118850064847,8.002277653112102,445.27907653515393,0,0,0,0,38,23,12,10,100,30,45,0.05,0.05
RANDOM,523025,28.94486147251164,3.277086384845195,34.19155694023863,27,8,0,0,38,23,12,10,100,30,45,0.05,0.05
HIGHEST_SNR,523025,47.58317440825152,3.467834076469925,50.016629550389375,27,8,0,0,38,23,12,10,100,30,45,0.05,0.05
SHORTEST_PULSE,523025,27.768610592343578,2.0715570666337437,34.46008144701312,26,9,0,0,38,23,12,10,100,30,45,0.05,0.05
METROLOGY_CONDITIONED_EIG,523025,27.768610592343578,2.0715570666337437,34.46008144701312,26,9,0,0,38,23,12,10,100,30,45,0.05,0.05
NO_PASSIVE,523026,37.032664429261104,6.144369525752219,445.27907653515393,0,0,0,0,60,23,12,10,100,30,45,0.05,0.05
RANDOM,523026,128.30448786341674,5.540045126059644,37.45135458185687,37,3,0,0,60,23,12,10,100,30,45,0.05,0.05
HIGHEST_SNR,523026,110.41651884354991,5.275659469535979,35.613538890828565,39,1,0,0,60,23,12,10,100,30,45,0.05,0.05
SHORTEST_PULSE,523026,50.61318180291765,2.923967183747091,28.913494434097853,39,1,0,0,60,23,12,10,100,30,45,0.05,0.05
METROLOGY_CONDITIONED_EIG,523026,111.55617181411627,4.5383074951228615,33.11415459178192,36,4,0,0,60,23,12,10,100,30,45,0.05,0.05
NO_PASSIVE,523027,235.5394703533324,2.901200713741298,445.27907653515393,0,0,0,0,61,23,12,10,100,30,45,0.05,0.05
RANDOM,523027,62.01639032744512,3.8617026590932446,44.76960637093616,47,4,0,1,61,23,12,10,100,30,45,0.05,0.05
HIGHEST_SNR,523027,61.375758476658035,3.891103644458036,50.063978462060554,46,5,0,1,61,23,12,10,100,30,45,0.05,0.05
SHORTEST_PULSE,523027,73.45188284032923,3.945418539362153,46.714777914796116,46,5,0,1,61,23,12,10,100,30,45,0.05,0.05
METROLOGY_CONDITIONED_EIG,523027,70.9541623557538,3.8924350626896134,43.98216098718328,47,4,0,1,61,23,12,10,100,30,45,0.05,0.05
NO_PASSIVE,523028,561.8165066979192,2.260385007021746,445.27907653515393,0,0,0,0,18,23,12,10,100,30,45,0.05,0.05
RANDOM,523028,43.167046667348984,2.079323669636724,57.05102549311789,15,1,0,0,18,23,12,10,100,30,45,0.05,0.05
HIGHEST_SNR,523028,42.450812450911606,2.1077040563173237,50.00715258609226,15,1,0,0,18,23,12,10,100,30,45,0.05,0.05
SHORTEST_PULSE,523028,42.450812450911606,2.1077040563173237,50.00715258609226,15,1,0,0,18,23,12,10,100,30,45,0.05,0.05
METROLOGY_CONDITIONED_EIG,523028,42.450812450911606,2.1077040563173237,50.00715258609226,15,1,0,0,18,23,12,10,100,30,45,0.05,0.05
NO_PASSIVE,523029,193.69499613060623,4.198890925723321,445.27907653515393,0,0,0,0,107,23,12,10,100,30,45,0.05,0.05
RANDOM,523029,27.850993539857242,1.9231730572510777,29.416963468681047,43,9,0,0,107,23,12,10,100,30,45,0.05,0.05
HIGHEST_SNR,523029,38.78466785711611,2.081949769652773,29.09126324429354,44,8,0,0,107,23,12,10,100,30,45,0.05,0.05
SHORTEST_PULSE,523029,3.9644574955876597,0.7921474968104869,26.06106209952581,44,8,0,0,107,23,12,10,100,30,45,0.05,0.05
METROLOGY_CONDITIONED_EIG,523029,31.600126849148342,1.58872491325949,26.122489290449764,46,6,0,0,107,23,12,10,100,30,45,0.05,0.05
NO_PASSIVE,524000,344.9550282252272,1.7042527688657778,445.27907653515393,0,0,0,0,74,24,12,10,100,30,45,0.05,0.15
RANDOM,524000,423.86329406706557,2.0176022603165773,43.62671373114448,10,33,0,3,74,24,12,10,100,30,45,0.05,0.15
HIGHEST_SNR,524000,349.909470843167,2.0662867863306467,38.341058864384316,13,30,0,4,74,24,12,10,100,30,45,0.05,0.15
SHORTEST_PULSE,524000,414.6169069300316,2.026515648857914,78.3231420125033,22,21,0,2,74,24,12,10,100,30,45,0.05,0.15
METROLOGY_CONDITIONED_EIG,524000,372.20307691574374,2.1365555123209736,40.381200535034516,9,34,0,3,74,24,12,10,100,30,45,0.05,0.15
NO_PASSIVE,524001,293.69206759051184,5.69941974476573,445.27907653515393,0,0,0,0,54,24,12,10,100,30,45,0.05,0.15
RANDOM,524001,50.577508590449334,2.6408424842304985,63.40972341005337,31,11,0,0,54,24,12,10,100,30,45,0.05,0.15
HIGHEST_SNR,524001,66.51396864614742,3.0319950737537313,68.69341896197892,31,11,0,0,54,24,12,10,100,30,45,0.05,0.15
SHORTEST_PULSE,524001,46.24753623380527,2.503029976014837,64.3225424513067,32,10,0,0,54,24,12,10,100,30,45,0.05,0.15
METROLOGY_CONDITIONED_EIG,524001,62.153161351604616,2.7862377570629366,63.15787491242727,30,12,0,0,54,24,12,10,100,30,45,0.05,0.15
NO_PASSIVE,524002,415.2078478102719,3.7604774196519393,445.27907653515393,0,0,0,0,86,24,12,10,100,30,45,0.05,0.15
RANDOM,524002,39.53475111342182,1.6680751746041902,28.032116503713375,40,17,0,1,86,24,12,10,100,30,45,0.05,0.15
HIGHEST_SNR,524002,741.8839771689394,2.3143671282549056,103.79916233400841,8,49,0,2,86,24,12,10,100,30,45,0.05,0.15
SHORTEST_PULSE,524002,25.285634273059166,1.270758286518702,23.450273957347548,45,12,0,1,86,24,12,10,100,30,45,0.05,0.15
METROLOGY_CONDITIONED_EIG,524002,26.923830882312004,1.420158404592097,24.40324780919504,42,15,0,1,86,24,12,10,100,30,45,0.05,0.15
NO_PASSIVE,524003,661.5824562356062,4.557710231195595,445.27907653515393,0,0,0,0,171,24,12,10,100,30,45,0.05,0.15
RANDOM,524003,86.66828042547236,3.698930766562427,22.6419493707214,39,15,1,0,171,24,12,10,100,30,45,0.05,0.15
HIGHEST_SNR,524003,472.72225971693246,3.4325035789177183,53.64317013563768,14,40,1,2,171,24,12,10,100,30,45,0.05,0.15
SHORTEST_PULSE,524003,265.7231955062367,7.181214891115806,69.19670299615291,20,34,0,5,171,24,12,10,100,30,45,0.05,0.15
METROLOGY_CONDITIONED_EIG,524003,26.668273445226376,1.827130149891369,15.454165949790339,38,16,1,0,171,24,12,10,100,30,45,0.05,0.15
NO_PASSIVE,524004,286.08960718448014,2.619213105304794,445.27907653515393,0,0,0,0,45,24,12,10,100,30,45,0.05,0.15
RANDOM,524004,95.3035342624957,2.9303371505441063,34.43837327413808,28,6,0,1,45,24,12,10,100,30,45,0.05,0.15
HIGHEST_SNR,524004,100.90037668524904,3.26609120752583,34.59201384777221,30,4,0,1,45,24,12,10,100,30,45,0.05,0.15
SHORTEST_PULSE,524004,86.31884858683978,3.0382400759327806,31.430502986535178,28,6,0,1,45,24,12,10,100,30,45,0.05,0.15
METROLOGY_CONDITIONED_EIG,524004,70.54160606626782,2.55288290401981,32.21737675543105,28,6,0,1,45,24,12,10,100,30,45,0.05,0.15
NO_PASSIVE,524005,223.17698355794053,6.076799893998527,445.27907653515393,0,0,0,0,57,24,12,10,100,30,45,0.05,0.15
RANDOM,524005,48.43386723912628,2.367824551617612,48.0992151885322,33,8,0,1,57,24,12,10,100,30,45,0.05,0.15
HIGHEST_SNR,524005,52.064858314799075,2.580426676323974,52.321028770752314,29,12,0,1,57,24,12,10,100,30,45,0.05,0.15
SHORTEST_PULSE,524005,48.32911675918756,2.6575815377922165,48.49557871419527,32,9,0,1,57,24,12,10,100,30,45,0.05,0.15
METROLOGY_CONDITIONED_EIG,524005,61.36686366375128,3.02294966135148,49.849408920858984,30,11,0,1,57,24,12,10,100,30,45,0.05,0.15
NO_PASSIVE,524006,769.8385711724551,4.0326158964455585,445.27907653515393,0,0,0,0,39,24,12,10,100,30,45,0.05,0.15
RANDOM,524006,42.50610379093974,1.5464899091220754,35.00253063413515,31,2,0,0,39,24,12,10,100,30,45,0.05,0.15
HIGHEST_SNR,524006,71.43523789672992,2.235604841850584,36.187444375236026,30,3,0,0,39,24,12,10,100,30,45,0.05,0.15
SHORTEST_PULSE,524006,70.0057706089802,2.11178643067642,36.033764035393766,31,2,0,0,39,24,12,10,100,30,45,0.05,0.15
METROLOGY_CONDITIONED_EIG,524006,39.99810398114558,1.4823615050958723,30.323218334984368,31,2,0,0,39,24,12,10,100,30,45,0.05,0.15
NO_PASSIVE,524007,334.86292606233144,3.661574870604779,445.27907653515393,0,0,0,0,131,24,12,10,100,30,45,0.05,0.15
RANDOM,524007,50.9647330571166,2.7103759272090824,24.611674377689067,49,11,0,1,131,24,12,10,100,30,45,0.05,0.15
HIGHEST_SNR,524007,40.30768139713302,2.589751570516471,25.626539294920793,51,9,0,0,131,24,12,10,100,30,45,0.05,0.15
SHORTEST_PULSE,524007,54.55525607282551,2.5972551537106656,18.308988938800173,49,11,0,0,131,24,12,10,100,30,45,0.05,0.15
METROLOGY_CONDITIONED_EIG,524007,50.73344813179546,2.556346016695163,17.34792724291608,48,12,0,1,131,24,12,10,100,30,45,0.05,0.15
NO_PASSIVE,524008,385.4329248089292,6.027606834270538,445.27907653515393,0,0,0,0,87,24,12,10,100,30,45,0.05,0.15
RANDOM,524008,38.25432802765239,2.1942512379562373,43.559856879075284,32,13,0,4,87,24,12,10,100,30,45,0.05,0.15
HIGHEST_SNR,524008,60.729516687203095,3.3398203252079757,51.91283735714257,36,9,0,2,87,24,12,10,100,30,45,0.05,0.15
SHORTEST_PULSE,524008,102.86182901146586,3.3758599706578822,47.026881328964194,33,12,0,3,87,24,12,10,100,30,45,0.05,0.15
METROLOGY_CONDITIONED_EIG,524008,129.9105447281625,4.025577393634961,42.798769126893966,23,22,0,3,87,24,12,10,100,30,45,0.05,0.15
NO_PASSIVE,524009,680.9362164609023,2.557239882280433,445.27907653515393,0,0,0,0,94,24,12,10,100,30,45,0.05,0.15
RANDOM,524009,24.31937475907014,1.663666772924535,30.00291850190585,44,10,0,0,94,24,12,10,100,30,45,0.05,0.15
HIGHEST_SNR,524009,45.65074914611024,1.1515205772885557,49.02141675098204,45,9,0,0,94,24,12,10,100,30,45,0.05,0.15
SHORTEST_PULSE,524009,33.21050584366608,2.082223851528464,29.846758378123468,43,11,0,0,94,24,12,10,100,30,45,0.05,0.15
METROLOGY_CONDITIONED_EIG,524009,11.330023557527651,1.3587200800792267,26.8967462936539,44,10,0,0,94,24,12,10,100,30,45,0.05,0.15
NO_PASSIVE,524010,151.30459629184924,1.7015789090439093,445.27907653515393,0,0,0,0,134,24,12,10,100,30,45,0.05,0.15
RANDOM,524010,27.50059725872205,0.5255389104890066,33.13528062211657,39,9,0,1,134,24,12,10,100,30,45,0.05,0.15
HIGHEST_SNR,524010,70.10041762714962,0.899073988794925,31.249612106600253,39,9,0,1,134,24,12,10,100,30,45,0.05,0.15
SHORTEST_PULSE,524010,57.961020606317305,0.6413069370887018,31.68030623322521,41,7,0,1,134,24,12,10,100,30,45,0.05,0.15
METROLOGY_CONDITIONED_EIG,524010,11.676138463820996,0.9814533373283293,29.387278622434152,40,8,0,2,134,24,12,10,100,30,45,0.05,0.15
NO_PASSIVE,524011,454.05028167564024,3.4259025444285585,445.27907653515393,0,0,0,0,93,24,12,10,100,30,45,0.05,0.15
RANDOM,524011,51.669449043458016,2.1018715599687674,25.457600253958248,34,8,0,1,93,24,12,10,100,30,45,0.05,0.15
HIGHEST_SNR,524011,31.124850098131958,1.5003960382376957,29.849538652536097,32,10,0,1,93,24,12,10,100,30,45,0.05,0.15
SHORTEST_PULSE,524011,74.84696279982838,3.0150687588505005,23.323131632178455,27,15,0,2,93,24,12,10,100,30,45,0.05,0.15
METROLOGY_CONDITIONED_EIG,524011,90.99168504668137,3.3455238575054302,22.598205829248993,27,15,0,3,93,24,12,10,100,30,45,0.05,0.15
NO_PASSIVE,524012,332.7271474719274,7.638712059988147,445.27907653515393,0,0,0,0,46,24,12,10,100,30,45,0.05,0.15
RANDOM,524012,89.53081335252088,3.4495046410994377,39.15775997022751,25,3,0,1,46,24,12,10,100,30,45,0.05,0.15
HIGHEST_SNR,524012,58.70735161127681,3.0695587585644484,69.96313170688077,25,3,0,0,46,24,12,10,100,30,45,0.05,0.15
SHORTEST_PULSE,524012,57.54348484242409,2.760638041328267,39.08365548210173,26,2,0,0,46,24,12,10,100,30,45,0.05,0.15
METROLOGY_CONDITIONED_EIG,524012,57.57242933184356,2.76373558814791,39.06844964524418,26,2,0,0,46,24,12,10,100,30,45,0.05,0.15
NO_PASSIVE,524013,315.13564750262435,1.293287096421584,445.27907653515393,0,0,0,0,76,24,12,10,100,30,45,0.05,0.15
RANDOM,524013,33.80104267063461,1.6205786982621238,44.06484109391386,46,6,0,1,76,24,12,10,100,30,45,0.05,0.15
HIGHEST_SNR,524013,35.40708108354691,1.6911926397268526,41.7439161308393,47,5,0,1,76,24,12,10,100,30,45,0.05,0.15
SHORTEST_PULSE,524013,38.166198453380474,1.5172722540352381,40.04447171000945,47,5,0,2,76,24,12,10,100,30,45,0.05,0.15
METROLOGY_CONDITIONED_EIG,524013,38.23251435095335,1.532613303246534,37.089386407567844,49,3,0,1,76,24,12,10,100,30,45,0.05,0.15
NO_PASSIVE,524014,430.4487906521235,4.137218024770384,445.27907653515393,0,0,0,0,202,24,12,10,100,30,45,0.05,0.15
RANDOM,524014,85.85076469501013,3.5261820358902916,22.74520178765858,40,14,0,2,202,24,12,10,100,30,45,0.05,0.15
HIGHEST_SNR,524014,64.5855165448817,3.3104852402949887,21.41607457495945,44,10,0,0,202,24,12,10,100,30,45,0.05,0.15
SHORTEST_PULSE,524014,102.2280654744936,3.853109759185308,22.62990018324311,33,21,0,1,202,24,12,10,100,30,45,0.05,0.15
METROLOGY_CONDITIONED_EIG,524014,64.67000749893667,3.282945385508751,18.365325556005775,36,18,0,0,202,24,12,10,100,30,45,0.05,0.15
NO_PASSIVE,524015,508.3528389564132,7.391014762336804,445.27907653515393,0,0,0,0,67,24,12,10,100,30,45,0.05,0.15
RANDOM,524015,73.62252467695338,3.5447242312552705,29.39385401739192,33,7,0,0,67,24,12,10,100,30,45,0.05,0.15
HIGHEST_SNR,524015,110.19209292205856,5.7723526985023,38.24148880831296,26,14,0,2,67,24,12,10,100,30,45,0.05,0.15
SHORTEST_PULSE,524015,102.30288721999987,4.179654015943324,32.97408320894157,31,9,0,0,67,24,12,10,100,30,45,0.05,0.15
METROLOGY_CONDITIONED_EIG,524015,65.38647256230408,3.3189363873622546,29.192618253716507,34,6,0,0,67,24,12,10,100,30,45,0.05,0.15
NO_PASSIVE,524016,110.20816236402813,4.728022536936102,445.27907653515393,0,0,0,0,117,24,12,10,100,30,45,0.05,0.15
RANDOM,524016,73.34087119585155,3.2566375230151308,22.66998843804369,44,16,0,0,117,24,12,10,100,30,45,0.05,0.15
HIGHEST_SNR,524016,56.40133204058795,2.7991755619818206,23.348682803312755,44,16,0,0,117,24,12,10,100,30,45,0.05,0.15
SHORTEST_PULSE,524016,84.07560437568722,3.474722139638523,23.458963627039548,42,18,0,0,117,24,12,10,100,30,45,0.05,0.15
METROLOGY_CONDITIONED_EIG,524016,79.02904704651687,2.8841368880799463,21.83100345832356,42,18,0,0,117,24,12,10,100,30,45,0.05,0.15
NO_PASSIVE,524017,773.2331609327475,6.935490212240239,445.27907653515393,0,0,0,0,121,24,12,10,100,30,45,0.05,0.15
RANDOM,524017,548.9928686494039,5.6963953948891195,74.85718909040611,14,43,0,4,121,24,12,10,100,30,45,0.05,0.15
HIGHEST_SNR,524017,533.9928698690011,3.8114186056232056,75.24726565880573,13,44,0,4,121,24,12,10,100,30,45,0.05,0.15
SHORTEST_PULSE,524017,144.83651590554484,5.347324171546767,30.1853852993807,42,15,0,0,121,24,12,10,100,30,45,0.05,0.15
METROLOGY_CONDITIONED_EIG,524017,260.2786109594639,7.794201965888715,39.58253234566766,36,21,0,2,121,24,12,10,100,30,45,0.05,0.15
NO_PASSIVE,524018,174.00318168552153,4.18257237619252,445.27907653515393,0,0,0,0,184,24,12,10,100,30,45,0.05,0.15
RANDOM,524018,60.228039756990064,1.6838256488601668,37.31134194251521,38,10,0,0,184,24,12,10,100,30,45,0.05,0.15
HIGHEST_SNR,524018,250.03691704976396,6.235084132965467,109.84287208732654,30,18,0,5,184,24,12,10,100,30,45,0.05,0.15
SHORTEST_PULSE,524018,123.5473021628698,3.272432641589777,29.453213156970694,40,8,0,0,184,24,12,10,100,30,45,0.05,0.15
METROLOGY_CONDITIONED_EIG,524018,124.97414300004773,7.119497726025297,29.8771128976762,16,32,0,1,184,24,12,10,100,30,45,0.05,0.15
NO_PASSIVE,524019,1015.0900364648792,5.646364697798785,445.27907653515393,0,0,0,0,68,24,12,10,100,30,45,0.05,0.15
RANDOM,524019,639.8557836105473,5.342574140134602,72.27906046174377,13,34,0,4,68,24,12,10,100,30,45,0.05,0.15
HIGHEST_SNR,524019,577.1086793654446,4.931967213687769,71.40607057870645,16,31,0,4,68,24,12,10,100,30,45,0.05,0.15
SHORTEST_PULSE,524019,428.33211047842445,3.8017584059326546,85.47468024510236,15,32,0,3,68,24,12,10,100,30,45,0.05,0.15
METROLOGY_CONDITIONED_EIG,524019,579.1100593604173,4.8361377455307135,95.14700751586555,8,39,0,3,68,24,12,10,100,30,45,0.05,0.15
NO_PASSIVE,524020,336.55560396432327,2.1088342451755873,445.27907653515393,0,0,0,0,82,24,12,10,100,30,45,0.05,0.15
RANDOM,524020,34.02956404679834,1.9166903980961953,26.95378905130556,35,9,0,0,82,24,12,10,100,30,45,0.05,0.15
HIGHEST_SNR,524020,20.795472786420603,1.2905356252590237,25.867000243203915,39,5,0,1,82,24,12,10,100,30,45,0.05,0.15
SHORTEST_PULSE,524020,27.57419586808695,1.6698809774062646,23.795024671809987,37,7,0,0,82,24,12,10,100,30,45,0.05,0.15
METROLOGY_CONDITIONED_EIG,524020,15.649667505072237,1.347900722377632,23.941294054271946,35,9,0,0,82,24,12,10,100,30,45,0.05,0.15
NO_PASSIVE,524021,805.8374993730145,5.682385261814206,445.27907653515393,0,0,0,0,97,24,12,10,100,30,45,0.05,0.15
RANDOM,524021,117.55025331457792,4.222547079498661,49.113492619269984,47,12,0,2,97,24,12,10,100,30,45,0.05,0.15
HIGHEST_SNR,524021,93.43452114228756,4.1773298983879315,52.71233997528443,50,9,0,3,97,24,12,10,100,30,45,0.05,0.15
SHORTEST_PULSE,524021,124.66864014747283,4.041902466197903,33.347709466919945,48,11,0,3,97,24,12,10,100,30,45,0.05,0.15
METROLOGY_CONDITIONED_EIG,524021,127.58627503585262,3.939541541951421,33.36323171208767,46,13,0,3,97,24,12,10,100,30,45,0.05,0.15
NO_PASSIVE,524022,624.8297637911332,5.4603385239131494,445.27907653515393,0,0,0,0,99,24,12,10,100,30,45,0.05,0.15
RANDOM,524022,81.33911352201676,3.0856708619373068,27.683172445343885,41,9,0,0,99,24,12,10,100,30,45,0.05,0.15
HIGHEST_SNR,524022,59.618565105182554,2.5115410125968047,24.315406249024832,41,9,0,0,99,24,12,10,100,30,45,0.05,0.15
SHORTEST_PULSE,524022,66.73733911301717,2.4891193729006256,26.02444888607014,41,9,0,0,99,24,12,10,100,30,45,0.05,0.15
METROLOGY_CONDITIONED_EIG,524022,70.09678193991039,2.8534605791754695,21.086244692222635,45,5,0,0,99,24,12,10,100,30,45,0.05,0.15
NO_PASSIVE,524023,711.9643379114028,0.8939393794471234,445.27907653515393,0,0,0,0,55,24,12,10,100,30,45,0.05,0.15
RANDOM,524023,18.396156521718446,0.9124487861227982,28.68879205516563,38,5,0,1,55,24,12,10,100,30,45,0.05,0.15
HIGHEST_SNR,524023,15.523525268772845,1.4779688928123074,35.48441467505295,37,6,0,1,55,24,12,10,100,30,45,0.05,0.15
SHORTEST_PULSE,524023,9.195463077902838,1.5141760833629203,28.190339613276144,37,6,0,1,55,24,12,10,100,30,45,0.05,0.15
METROLOGY_CONDITIONED_EIG,524023,9.195463077902838,1.5141760833629203,28.190339613276144,37,6,0,1,55,24,12,10,100,30,45,0.05,0.15
NO_PASSIVE,524024,257.3669700091043,3.631714364208672,445.27907653515393,0,0,0,0,107,24,12,10,100,30,45,0.05,0.15
RANDOM,524024,77.49181910152645,2.956199829664191,26.271752466669867,37,13,0,0,107,24,12,10,100,30,45,0.05,0.15
HIGHEST_SNR,524024,53.36653480567424,2.130600340602284,29.0052943750305,38,12,0,0,107,24,12,10,100,30,45,0.05,0.15
SHORTEST_PULSE,524024,65.32668324200492,2.58548327202594,29.02969292003299,34,16,0,0,107,24,12,10,100,30,45,0.05,0.15
METROLOGY_CONDITIONED_EIG,524024,63.25285206636924,2.628519038792436,26.35027011751363,35,15,0,0,107,24,12,10,100,30,45,0.05,0.15
NO_PASSIVE,524025,312.8846426564791,3.856474406812859,445.27907653515393,0,0,0,0,32,24,12,10,100,30,45,0.05,0.15
RANDOM,524025,57.64850575315955,2.535127355226728,30.17930545837774,26,0,0,0,32,24,12,10,100,30,45,0.05,0.15
HIGHEST_SNR,524025,58.43156579739705,2.630200743348476,30.23624159299127,25,1,0,0,32,24,12,10,100,30,45,0.05,0.15
SHORTEST_PULSE,524025,49.464613582235515,2.509506837863193,30.559047588165495,25,1,0,0,32,24,12,10,100,30,45,0.05,0.15
METROLOGY_CONDITIONED_EIG,524025,75.3475748121651,3.1192498970795,32.10098006003927,24,2,0,0,32,24,12,10,100,30,45,0.05,0.15
NO_PASSIVE,524026,293.6733789296661,3.673001355799259,445.27907653515393,0,0,0,0,109,24,12,10,100,30,45,0.05,0.15
RANDOM,524026,59.325505881427716,1.7771274179034282,28.577103689285586,46,11,0,0,109,24,12,10,100,30,45,0.05,0.15
HIGHEST_SNR,524026,43.45957604864174,1.7346335895451623,35.214968617560245,49,8,0,0,109,24,12,10,100,30,45,0.05,0.15
SHORTEST_PULSE,524026,62.688088078221654,2.3684474789016394,25.322292304886524,42,15,0,0,109,24,12,10,100,30,45,0.05,0.15
METROLOGY_CONDITIONED_EIG,524026,63.695327660597535,2.50132309267264,24.53131101074338,43,14,0,0,109,24,12,10,100,30,45,0.05,0.15
NO_PASSIVE,524027,529.4431986712004,2.1422613075947794,445.27907653515393,0,0,0,0,51,24,12,10,100,30,45,0.05,0.15
RANDOM,524027,89.86289795796544,3.4397318907895653,35.240775300220804,32,8,0,2,51,24,12,10,100,30,45,0.05,0.15
HIGHEST_SNR,524027,33.80842685315179,1.9673496530048702,45.27264163580804,30,10,0,0,51,24,12,10,100,30,45,0.05,0.15
SHORTEST_PULSE,524027,89.59625130652152,3.365091779908139,34.972622708556955,27,13,0,2,51,24,12,10,100,30,45,0.05,0.15
METROLOGY_CONDITIONED_EIG,524027,85.40826254412464,4.196467748881386,35.226521692246145,26,14,0,2,51,24,12,10,100,30,45,0.05,0.15
NO_PASSIVE,524028,479.5381523911612,5.189265957229557,445.27907653515393,0,0,0,0,60,24,12,10,100,30,45,0.05,0.15
RANDOM,524028,95.85804956604926,3.8992294664696354,27.89245364983331,39,7,0,3,60,24,12,10,100,30,45,0.05,0.15
HIGHEST_SNR,524028,109.88546776231058,4.405667760892452,29.319786735916715,38,8,0,3,60,24,12,10,100,30,45,0.05,0.15
SHORTEST_PULSE,524028,111.72841210756123,4.287300127617091,29.641535859318534,37,9,0,3,60,24,12,10,100,30,45,0.05,0.15
METROLOGY_CONDITIONED_EIG,524028,110.80089889396159,4.252138791287275,28.55043826614719,36,10,0,3,60,24,12,10,100,30,45,0.05,0.15
NO_PASSIVE,524029,686.8902417711273,2.039181621131893,445.27907653515393,0,0,0,0,92,24,12,10,100,30,45,0.05,0.15
RANDOM,524029,32.66549189583347,1.6614867795534436,24.63689190285802,42,8,0,3,92,24,12,10,100,30,45,0.05,0.15
HIGHEST_SNR,524029,47.617245194608216,2.2681588512589856,21.93423941933964,41,9,0,0,92,24,12,10,100,30,45,0.05,0.15
SHORTEST_PULSE,524029,52.70149777812849,2.2393084292860648,24.072495290276574,41,9,0,0,92,24,12,10,100,30,45,0.05,0.15
METROLOGY_CONDITIONED_EIG,524029,46.515064536077794,2.1690702608587458,23.015390031251087,40,10,0,0,92,24,12,10,100,30,45,0.05,0.15
NO_PASSIVE,525000,324.3433217100233,5.851528209980747,445.27907653515393,0,0,0,0,44,25,12,10,100,30,45,0.15,0.0
RANDOM,525000,72.87960529703734,4.398328354687055,59.459681373190186,26,5,0,0,44,25,12,10,100,30,45,0.15,0.0
HIGHEST_SNR,525000,164.6080557408896,6.315973503651365,67.92161251702714,25,6,0,0,44,25,12,10,100,30,45,0.15,0.0
SHORTEST_PULSE,525000,178.4736696790657,5.411776139991293,66.31058565155611,26,5,0,0,44,25,12,10,100,30,45,0.15,0.0
METROLOGY_CONDITIONED_EIG,525000,116.55300896701792,4.483262593777298,57.75000050184372,24,7,0,0,44,25,12,10,100,30,45,0.15,0.0
NO_PASSIVE,525001,734.8209918390797,3.584028513210653,445.27907653515393,0,0,0,0,24,25,12,10,100,30,45,0.15,0.0
RANDOM,525001,1409.799624558383,4.016207553580743,145.35113799634505,4,17,1,0,24,25,12,10,100,30,45,0.15,0.0
HIGHEST_SNR,525001,1409.799624558383,4.016207553580743,145.35113799634505,4,17,1,0,24,25,12,10,100,30,45,0.15,0.0
SHORTEST_PULSE,525001,1409.799624558383,4.016207553580743,145.35113799634505,4,17,1,0,24,25,12,10,100,30,45,0.15,0.0
METROLOGY_CONDITIONED_EIG,525001,871.5954366291375,3.835836315739485,113.98792362709302,7,14,1,0,24,25,12,10,100,30,45,0.15,0.0
NO_PASSIVE,525002,551.7832825552232,4.314407841202826,445.27907653515393,0,0,0,0,48,25,12,10,100,30,45,0.15,0.0
RANDOM,525002,64.3341579401289,2.9459975993972947,31.41261730861977,31,7,0,0,48,25,12,10,100,30,45,0.15,0.0
HIGHEST_SNR,525002,73.86311859723631,3.1493283015432483,29.65436388031086,31,7,0,0,48,25,12,10,100,30,45,0.15,0.0
SHORTEST_PULSE,525002,73.86311859723631,3.1493283015432483,29.65436388031086,31,7,0,0,48,25,12,10,100,30,45,0.15,0.0
METROLOGY_CONDITIONED_EIG,525002,75.83400927972198,3.1604696702201105,29.50120354291803,31,7,0,0,48,25,12,10,100,30,45,0.15,0.0
NO_PASSIVE,525003,417.2948725478806,5.289065858654567,445.27907653515393,0,0,0,0,82,25,12,10,100,30,45,0.15,0.0
RANDOM,525003,29.151347552740283,1.8660802534511929,32.81104995452566,34,7,0,0,82,25,12,10,100,30,45,0.15,0.0
HIGHEST_SNR,525003,27.037158041370542,1.9754084219711388,34.46644554971039,38,3,0,0,82,25,12,10,100,30,45,0.15,0.0
SHORTEST_PULSE,525003,49.61162300527717,2.1801426922686384,27.574332225779283,36,5,0,0,82,25,12,10,100,30,45,0.15,0.0
METROLOGY_CONDITIONED_EIG,525003,46.97041402201582,1.8837321553495383,26.620294873350755,35,6,0,0,82,25,12,10,100,30,45,0.15,0.0
NO_PASSIVE,525004,187.48533811530575,3.549217552403505,445.27907653515393,0,0,0,0,89,25,12,10,100,30,45,0.15,0.0
RANDOM,525004,11.5342536664649,0.6038920413339415,21.239910725176934,44,8,0,0,89,25,12,10,100,30,45,0.15,0.0
HIGHEST_SNR,525004,42.06841364610477,1.5130002106752123,20.94661284476344,42,10,0,0,89,25,12,10,100,30,45,0.15,0.0
SHORTEST_PULSE,525004,54.89467562322348,1.9893023164070722,20.26742607195946,41,11,0,0,89,25,12,10,100,30,45,0.15,0.0
METROLOGY_CONDITIONED_EIG,525004,58.913649896258896,2.195211581101375,20.43769212088964,41,11,0,0,89,25,12,10,100,30,45,0.15,0.0
NO_PASSIVE,525005,233.2136000994699,3.0537702366184925,445.27907653515393,0,0,0,0,88,25,12,10,100,30,45,0.15,0.0
RANDOM,525005,43.51186135655574,2.086005594137885,25.44152458153742,45,12,1,0,88,25,12,10,100,30,45,0.15,0.0
HIGHEST_SNR,525005,25.486072362665634,1.5900241028266668,23.9122278088429,47,10,0,0,88,25,12,10,100,30,45,0.15,0.0
SHORTEST_PULSE,525005,33.76523705345483,1.7063316164778068,21.889501015019718,46,11,0,0,88,25,12,10,100,30,45,0.15,0.0
METROLOGY_CONDITIONED_EIG,525005,33.00651363560663,1.727712729195017,21.641441143278158,47,10,0,0,88,25,12,10,100,30,45,0.15,0.0
NO_PASSIVE,525006,155.26445487854562,2.970748452120615,445.27907653515393,0,0,0,0,9,25,12,10,100,30,45,0.15,0.0
RANDOM,525006,113.82652057070929,3.758511499379461,69.3410556718574,6,3,0,0,9,25,12,10,100,30,45,0.15,0.0
HIGHEST_SNR,525006,113.82652057070929,3.758511499379461,69.3410556718574,6,3,0,0,9,25,12,10,100,30,45,0.15,0.0
SHORTEST_PULSE,525006,113.82652057070929,3.758511499379461,69.3410556718574,6,3,0,0,9,25,12,10,100,30,45,0.15,0.0
METROLOGY_CONDITIONED_EIG,525006,113.82652057070929,3.758511499379461,69.3410556718574,6,3,0,0,9,25,12,10,100,30,45,0.15,0.0
NO_PASSIVE,525007,388.55722901542043,4.315519601779836,445.27907653515393,0,0,0,0,61,25,12,10,100,30,45,0.15,0.0
RANDOM,525007,72.50738677062014,3.285967614006948,55.74606393200525,38,4,0,0,61,25,12,10,100,30,45,0.15,0.0
HIGHEST_SNR,525007,149.24777381201986,1.6862536206874845,72.54101733559062,38,4,0,0,61,25,12,10,100,30,45,0.15,0.0
SHORTEST_PULSE,525007,37.299117224348926,2.3134625955507184,45.7675987128346,39,3,0,0,61,25,12,10,100,30,45,0.15,0.0
METROLOGY_CONDITIONED_EIG,525007,30.88397975039991,2.230224456876801,45.854393828609155,39,3,0,0,61,25,12,10,100,30,45,0.15,0.0
NO_PASSIVE,525008,66.84953529729304,1.8801842274966356,445.27907653515393,0,0,0,0,26,25,12,10,100,30,45,0.15,0.0
RANDOM,525008,90.64016065920033,2.4098143923380784,186.4715012501163,23,3,0,0,26,25,12,10,100,30,45,0.15,0.0
HIGHEST_SNR,525008,90.64016065920033,2.4098143923380784,186.4715012501163,23,3,0,0,26,25,12,10,100,30,45,0.15,0.0
SHORTEST_PULSE,525008,90.64016065920033,2.4098143923380784,186.4715012501163,23,3,0,0,26,25,12,10,100,30,45,0.15,0.0
METROLOGY_CONDITIONED_EIG,525008,90.64016065920033,2.4098143923380784,186.4715012501163,23,3,0,0,26,25,12,10,100,30,45,0.15,0.0
NO_PASSIVE,525009,90.4482811936527,4.013941533268283,445.27907653515393,0,0,0,0,72,25,12,10,100,30,45,0.15,0.0
RANDOM,525009,75.50685158519765,3.6815352975268905,48.41469700589453,36,10,0,0,72,25,12,10,100,30,45,0.15,0.0
HIGHEST_SNR,525009,193.4482063981084,3.7356982028688805,92.72097896274678,36,10,0,0,72,25,12,10,100,30,45,0.15,0.0
SHORTEST_PULSE,525009,32.825780481090106,2.696762192728674,56.19828936953737,37,9,0,0,72,25,12,10,100,30,45,0.15,0.0
METROLOGY_CONDITIONED_EIG,525009,49.628036102079214,3.177684937837527,44.68308112502824,36,10,0,0,72,25,12,10,100,30,45,0.15,0.0
NO_PASSIVE,525010,263.7932758731532,6.015530065743473,445.27907653515393,0,0,0,0,81,25,12,10,100,30,45,0.15,0.0
RANDOM,525010,59.70015330687789,2.544118605485507,26.26618883239107,50,7,0,0,81,25,12,10,100,30,45,0.15,0.0
HIGHEST_SNR,525010,52.0507078113257,2.5573451186512535,31.531414758956608,54,3,0,0,81,25,12,10,100,30,45,0.15,0.0
SHORTEST_PULSE,525010,107.67514310272243,3.609976092029574,34.81972955142584,44,13,0,0,81,25,12,10,100,30,45,0.15,0.0
METROLOGY_CONDITIONED_EIG,525010,50.82066599940669,2.3066915958904914,26.219986835238863,51,6,0,0,81,25,12,10,100,30,45,0.15,0.0
NO_PASSIVE,525011,167.4833729737815,4.554537893335845,445.27907653515393,0,0,0,0,33,25,12,10,100,30,45,0.15,0.0
RANDOM,525011,180.05156774108679,4.526056557152132,44.490702196113084,24,4,0,0,33,25,12,10,100,30,45,0.15,0.0
HIGHEST_SNR,525011,175.62642528763084,4.478813729433483,43.47012965534638,25,3,0,0,33,25,12,10,100,30,45,0.15,0.0
SHORTEST_PULSE,525011,126.61247826938255,3.5370851519307633,37.5301861319117,25,3,0,0,33,25,12,10,100,30,45,0.15,0.0
METROLOGY_CONDITIONED_EIG,525011,126.61247826938255,3.5370851519307633,37.5301861319117,25,3,0,0,33,25,12,10,100,30,45,0.15,0.0
NO_PASSIVE,525012,166.2818642033967,1.8759627255995421,445.27907653515393,0,0,0,0,168,25,12,10,100,30,45,0.15,0.0
RANDOM,525012,17.46182497046709,0.6159299768388828,22.604612633332746,43,17,1,0,168,25,12,10,100,30,45,0.15,0.0
HIGHEST_SNR,525012,27.657178721588828,1.5239187287871645,28.687191309324376,50,10,1,0,168,25,12,10,100,30,45,0.15,0.0
SHORTEST_PULSE,525012,523.5291865989707,1.485732279388195,110.85449949054029,19,41,1,0,168,25,12,10,100,30,45,0.15,0.0
METROLOGY_CONDITIONED_EIG,525012,38.68833135130993,2.1814765215336593,18.570126773890074,51,9,0,0,168,25,12,10,100,30,45,0.15,0.0
NO_PASSIVE,525013,18.851718923379412,3.598253652601536,445.27907653515393,0,0,0,0,53,25,12,10,100,30,45,0.15,0.0
RANDOM,525013,27.031478022279774,2.566046763734943,39.08228373043165,29,3,0,0,53,25,12,10,100,30,45,0.15,0.0
HIGHEST_SNR,525013,33.84627447434624,2.2805762358716217,41.288574360814515,29,3,0,0,53,25,12,10,100,30,45,0.15,0.0
SHORTEST_PULSE,525013,9.793240729374888,1.9308980302027077,43.87885254665563,30,2,0,0,53,25,12,10,100,30,45,0.15,0.0
METROLOGY_CONDITIONED_EIG,525013,40.466564002996854,2.291365689175482,37.79693701099133,30,2,0,0,53,25,12,10,100,30,45,0.15,0.0
NO_PASSIVE,525014,689.774763479447,6.327607414901176,445.27907653515393,0,0,0,0,97,25,12,10,100,30,45,0.15,0.0
RANDOM,525014,46.03409543824301,1.8011070133408118,22.612240941624293,44,11,0,0,97,25,12,10,100,30,45,0.15,0.0
HIGHEST_SNR,525014,61.576180777800595,2.5500186380779244,18.863775269308665,43,12,1,0,97,25,12,10,100,30,45,0.15,0.0
SHORTEST_PULSE,525014,49.10412684556447,2.1306403480166014,21.00652564670027,43,12,1,0,97,25,12,10,100,30,45,0.15,0.0
METROLOGY_CONDITIONED_EIG,525014,60.91662032904604,2.5267250010290354,19.216982498075552,40,15,1,0,97,25,12,10,100,30,45,0.15,0.0
NO_PASSIVE,525015,682.6358058656049,5.008604964724774,445.27907653515393,0,0,0,0,104,25,12,10,100,30,45,0.15,0.0
RANDOM,525015,36.50170456734347,1.448921249846897,22.049048462758954,37,1,0,0,104,25,12,10,100,30,45,0.15,0.0
HIGHEST_SNR,525015,50.671701893371505,2.5466134152413913,25.490451931015638,35,3,0,0,104,25,12,10,100,30,45,0.15,0.0
SHORTEST_PULSE,525015,28.569058696359573,1.5594757376842168,19.318352399214795,34,4,0,0,104,25,12,10,100,30,45,0.15,0.0
METROLOGY_CONDITIONED_EIG,525015,37.69128049780099,1.5930865168764932,19.379567183374554,36,2,0,0,104,25,12,10,100,30,45,0.15,0.0
NO_PASSIVE,525016,367.1352136027265,4.331244262006417,445.27907653515393,0,0,0,0,26,25,12,10,100,30,45,0.15,0.0
RANDOM,525016,108.43618805244276,3.229774354667166,36.48352956504547,20,3,0,0,26,25,12,10,100,30,45,0.15,0.0
HIGHEST_SNR,525016,108.73579954877329,3.4025749129521077,46.69829866691912,20,3,0,0,26,25,12,10,100,30,45,0.15,0.0
SHORTEST_PULSE,525016,108.43618805244276,3.229774354667166,36.48352956504547,20,3,0,0,26,25,12,10,100,30,45,0.15,0.0
METROLOGY_CONDITIONED_EIG,525016,110.75737797802145,3.4360040494625723,36.457807063306035,20,3,0,0,26,25,12,10,100,30,45,0.15,0.0
NO_PASSIVE,525017,177.5224827276502,5.743016028375261,445.27907653515393,0,0,0,0,108,25,12,10,100,30,45,0.15,0.0
RANDOM,525017,67.15976344368862,3.511142020456658,36.10251319231753,52,8,0,0,108,25,12,10,100,30,45,0.15,0.0
HIGHEST_SNR,525017,68.00992069822355,3.6340997877548755,36.117223503347404,53,7,0,0,108,25,12,10,100,30,45,0.15,0.0
SHORTEST_PULSE,525017,92.3582908579324,4.041288974667661,33.855808990454314,56,4,0,0,108,25,12,10,100,30,45,0.15,0.0
METROLOGY_CONDITIONED_EIG,525017,75.3055318728483,3.300603655050757,30.812298584055508,50,10,0,0,108,25,12,10,100,30,45,0.15,0.0
NO_PASSIVE,525018,1028.9828354365548,6.826299032104797,445.27907653515393,0,0,0,0,151,25,12,10,100,30,45,0.15,0.0
RANDOM,525018,7.083829483406774,0.14624230019351728,25.15683167956337,42,15,1,0,151,25,12,10,100,30,45,0.15,0.0
HIGHEST_SNR,525018,6.615128202239499,2.749308592749287,45.82746479925235,45,12,1,0,151,25,12,10,100,30,45,0.15,0.0
SHORTEST_PULSE,525018,92.40361595557832,2.1861746664882227,41.413221557279364,49,8,0,0,151,25,12,10,100,30,45,0.15,0.0
METROLOGY_CONDITIONED_EIG,525018,57.56535178208747,2.6615245037310484,20.419638843659452,48,9,0,0,151,25,12,10,100,30,45,0.15,0.0
NO_PASSIVE,525019,719.1572684673579,6.254652698066798,445.27907653515393,0,0,0,0,35,25,12,10,100,30,45,0.15,0.0
RANDOM,525019,43.84657809857693,3.365200262966797,49.29680759611058,25,4,0,0,35,25,12,10,100,30,45,0.15,0.0
HIGHEST_SNR,525019,61.12203171708146,3.167221685000767,56.69354453356532,25,4,0,0,35,25,12,10,100,30,45,0.15,0.0
SHORTEST_PULSE,525019,50.10235020223785,3.459558728597932,48.48587442509735,25,4,0,0,35,25,12,10,100,30,45,0.15,0.0
METROLOGY_CONDITIONED_EIG,525019,62.169655143062755,3.531378320369351,49.048358236464665,25,4,0,0,35,25,12,10,100,30,45,0.15,0.0
NO_PASSIVE,525020,615.1647606510668,1.4323484382003244,445.27907653515393,0,0,0,0,43,25,12,10,100,30,45,0.15,0.0
RANDOM,525020,85.46336537688438,2.7257155302157794,46.55774716633876,26,9,0,0,43,25,12,10,100,30,45,0.15,0.0
HIGHEST_SNR,525020,35.01641482320909,1.4258441870988436,51.538244914194806,27,8,0,0,43,25,12,10,100,30,45,0.15,0.0
SHORTEST_PULSE,525020,59.92306999425124,1.8608822035374126,41.8744649339038,25,10,0,0,43,25,12,10,100,30,45,0.15,0.0
METROLOGY_CONDITIONED_EIG,525020,59.92306999425124,1.8608822035374126,41.8744649339038,25,10,0,0,43,25,12,10,100,30,45,0.15,0.0
NO_PASSIVE,525021,648.5890543098856,3.6288367535233395,445.27907653515393,0,0,0,0,58,25,12,10,100,30,45,0.15,0.0
RANDOM,525021,32.91866912243181,2.070108273351804,32.245595371399425,34,6,0,0,58,25,12,10,100,30,45,0.15,0.0
HIGHEST_SNR,525021,66.67634839144834,2.2620403033322174,36.16350657589486,32,8,0,0,58,25,12,10,100,30,45,0.15,0.0
SHORTEST_PULSE,525021,88.35819739897212,2.340193289787934,33.37098561896338,31,9,0,0,58,25,12,10,100,30,45,0.15,0.0
METROLOGY_CONDITIONED_EIG,525021,68.41765280415332,1.9830866525944488,33.55444444420637,32,8,0,0,58,25,12,10,100,30,45,0.15,0.0
NO_PASSIVE,525022,577.4384957269712,6.4298990034042935,445.27907653515393,0,0,0,0,137,25,12,10,100,30,45,0.15,0.0
RANDOM,525022,41.499486446296594,2.3091205806742074,24.169831593844652,40,8,0,0,137,25,12,10,100,30,45,0.15,0.0
HIGHEST_SNR,525022,148.9620881166503,4.742057078326485,54.496526378808554,43,5,0,0,137,25,12,10,100,30,45,0.15,0.0
SHORTEST_PULSE,525022,21.027722413544623,1.6676073904629098,18.24398410042608,40,8,0,0,137,25,12,10,100,30,45,0.15,0.0
METROLOGY_CONDITIONED_EIG,525022,21.752159025925785,1.6211784553531376,18.367466074472137,40,8,0,0,137,25,12,10,100,30,45,0.15,0.0
NO_PASSIVE,525023,59.02078115472116,2.679181942254362,445.27907653515393,0,0,0,0,150,25,12,10,100,30,45,0.15,0.0
RANDOM,525023,36.937412511647985,2.2487909672509105,25.966883278896827,52,8,0,0,150,25,12,10,100,30,45,0.15,0.0
HIGHEST_SNR,525023,43.19155869442127,2.89168610584255,47.694550278187265,49,11,0,0,150,25,12,10,100,30,45,0.15,0.0
SHORTEST_PULSE,525023,16.275756287882793,1.5166777179140178,25.926522109007074,51,9,0,0,150,25,12,10,100,30,45,0.15,0.0
METROLOGY_CONDITIONED_EIG,525023,27.211760520446447,1.5334764119800215,24.709247625114912,48,12,0,0,150,25,12,10,100,30,45,0.15,0.0
NO_PASSIVE,525024,361.94364356072737,6.51400155340805,445.27907653515393,0,0,0,0,46,25,12,10,100,30,45,0.15,0.0
RANDOM,525024,40.6982765514641,2.6584152824699343,32.5469260399539,31,6,0,0,46,25,12,10,100,30,45,0.15,0.0
HIGHEST_SNR,525024,61.23750654592303,3.084169945410881,37.7071346468425,31,6,0,0,46,25,12,10,100,30,45,0.15,0.0
SHORTEST_PULSE,525024,55.40945521828585,3.354203965533734,31.793649466878144,30,7,0,0,46,25,12,10,100,30,45,0.15,0.0
METROLOGY_CONDITIONED_EIG,525024,54.811192751394124,3.266550670003549,31.82271041510974,30,7,0,0,46,25,12,10,100,30,45,0.15,0.0
NO_PASSIVE,525025,222.54519840083822,3.685072839831475,445.27907653515393,0,0,0,0,24,25,12,10,100,30,45,0.15,0.0
RANDOM,525025,29.914233309552507,2.448318436763252,57.803624093464634,18,1,0,0,24,25,12,10,100,30,45,0.15,0.0
HIGHEST_SNR,525025,26.02664571138441,2.933101214965126,63.52858948408788,19,0,0,0,24,25,12,10,100,30,45,0.15,0.0
SHORTEST_PULSE,525025,41.79842796354741,1.8666589057468057,57.545385948181114,18,1,0,0,24,25,12,10,100,30,45,0.15,0.0
METROLOGY_CONDITIONED_EIG,525025,29.914233309552507,2.448318436763252,57.803624093464634,18,1,0,0,24,25,12,10,100,30,45,0.15,0.0
NO_PASSIVE,525026,820.7606165234104,5.128972995418006,445.27907653515393,0,0,0,0,83,25,12,10,100,30,45,0.15,0.0
RANDOM,525026,52.83381217195138,3.4064361198623496,34.70315817705969,37,4,0,0,83,25,12,10,100,30,45,0.15,0.0
HIGHEST_SNR,525026,86.55737000967699,4.050096178915643,42.89741553794606,35,6,0,0,83,25,12,10,100,30,45,0.15,0.0
SHORTEST_PULSE,525026,148.9657788979598,5.810492290186931,50.23565614167513,31,10,1,0,83,25,12,10,100,30,45,0.15,0.0
METROLOGY_CONDITIONED_EIG,525026,49.96810790453844,3.6306567426190663,32.575072704515506,31,10,1,0,83,25,12,10,100,30,45,0.15,0.0
NO_PASSIVE,525027,137.23219077981423,1.1404796248477995,445.27907653515393,0,0,0,0,106,25,12,10,100,30,45,0.15,0.0
RANDOM,525027,24.22974532291487,0.5987515880657349,24.046263866335437,45,10,0,0,106,25,12,10,100,30,45,0.15,0.0
HIGHEST_SNR,525027,31.47952349780533,1.4044192944973473,45.21927716916613,45,10,0,0,106,25,12,10,100,30,45,0.15,0.0
SHORTEST_PULSE,525027,13.811000298011251,0.5674779731929817,18.66320006306568,45,10,0,0,106,25,12,10,100,30,45,0.15,0.0
METROLOGY_CONDITIONED_EIG,525027,23.40382811166712,0.9380507612680098,18.99018689311811,44,11,0,0,106,25,12,10,100,30,45,0.15,0.0
NO_PASSIVE,525028,70.86606459659835,3.9350608405049954,445.27907653515393,0,0,0,0,58,25,12,10,100,30,45,0.15,0.0
RANDOM,525028,22.557373783155732,2.339743491515524,32.96825714074591,36,5,0,0,58,25,12,10,100,30,45,0.15,0.0
HIGHEST_SNR,525028,15.284042737181021,2.0494370682397776,34.34002499647564,36,5,0,0,58,25,12,10,100,30,45,0.15,0.0
SHORTEST_PULSE,525028,92.58852973684205,3.8969666554200555,31.01685260205504,35,6,0,0,58,25,12,10,100,30,45,0.15,0.0
METROLOGY_CONDITIONED_EIG,525028,56.746307308264626,2.9048143671231523,29.44166917567786,35,6,0,0,58,25,12,10,100,30,45,0.15,0.0
NO_PASSIVE,525029,214.89409155372493,6.325481257816024,445.27907653515393,0,0,0,0,86,25,12,10,100,30,45,0.15,0.0
RANDOM,525029,40.970201213580594,3.113258825123706,36.182178903611494,46,12,0,0,86,25,12,10,100,30,45,0.15,0.0
HIGHEST_SNR,525029,44.77479704218177,2.9059823428847626,36.20670638764122,49,9,0,0,86,25,12,10,100,30,45,0.15,0.0
SHORTEST_PULSE,525029,81.53200407862117,3.870295847704239,36.51469119108175,42,16,0,0,86,25,12,10,100,30,45,0.15,0.0
METROLOGY_CONDITIONED_EIG,525029,57.33235824946824,3.1449304864342844,35.95708880689608,43,15,0,0,86,25,12,10,100,30,45,0.15,0.0
NO_PASSIVE,526000,506.1727127837426,2.6082638395047795,445.27907653515393,0,0,0,0,44,26,12,10,100,30,45,0.15,0.05
RANDOM,526000,41.52640771085808,2.094022156354141,31.61460076483271,30,7,0,0,44,26,12,10,100,30,45,0.15,0.05
HIGHEST_SNR,526000,59.98753444590006,2.423861927337114,58.60040149765593,32,5,0,0,44,26,12,10,100,30,45,0.15,0.05
SHORTEST_PULSE,526000,52.86919580866222,2.8434842066717607,30.97351787041775,31,6,0,0,44,26,12,10,100,30,45,0.15,0.05
METROLOGY_CONDITIONED_EIG,526000,53.796403142661504,2.397229576144507,31.31125259686924,32,5,0,0,44,26,12,10,100,30,45,0.15,0.05
NO_PASSIVE,526001,189.8988959120801,5.758646973457694,445.27907653515393,0,0,0,0,140,26,12,10,100,30,45,0.15,0.05
RANDOM,526001,33.73079071266875,2.269747887942443,20.1813783174823,37,11,0,0,140,26,12,10,100,30,45,0.15,0.05
HIGHEST_SNR,526001,110.09251772384472,3.9802969099289927,25.001066916962536,32,16,0,0,140,26,12,10,100,30,45,0.15,0.05
SHORTEST_PULSE,526001,76.20540761348815,3.449608394047996,21.925346665898694,34,14,0,0,140,26,12,10,100,30,45,0.15,0.05
METROLOGY_CONDITIONED_EIG,526001,66.24829400733691,2.876578053547038,19.142374257460077,36,12,0,0,140,26,12,10,100,30,45,0.15,0.05
NO_PASSIVE,526002,566.8386428684851,3.1458977467613543,445.27907653515393,0,0,0,0,81,26,12,10,100,30,45,0.15,0.05
RANDOM,526002,64.3844362740404,1.873736667286779,43.67992271183987,33,9,0,1,81,26,12,10,100,30,45,0.15,0.05
HIGHEST_SNR,526002,14.223047461550975,0.7395941073687703,31.093280640771585,36,6,0,1,81,26,12,10,100,30,45,0.15,0.05
SHORTEST_PULSE,526002,8.541946657759617,0.6722187112907059,34.86776847975489,34,8,0,1,81,26,12,10,100,30,45,0.15,0.05
METROLOGY_CONDITIONED_EIG,526002,12.6704158482684,0.6622582152482098,34.65569528818748,33,9,0,2,81,26,12,10,100,30,45,0.15,0.05
NO_PASSIVE,526003,542.5975108337758,8.086762396890181,445.27907653515393,0,0,0,0,63,26,12,10,100,30,45,0.15,0.05
RANDOM,526003,241.24869608626537,7.519484770587366,55.837865092028316,35,11,0,0,63,26,12,10,100,30,45,0.15,0.05
HIGHEST_SNR,526003,276.13454428342317,8.483092083404411,64.4724743025036,36,10,0,0,63,26,12,10,100,30,45,0.15,0.05
SHORTEST_PULSE,526003,210.02559470968473,6.58131034585514,55.59974094285399,34,12,0,0,63,26,12,10,100,30,45,0.15,0.05
METROLOGY_CONDITIONED_EIG,526003,216.97156631956506,6.789159733568666,55.5687886549616,34,12,0,0,63,26,12,10,100,30,45,0.15,0.05
NO_PASSIVE,526004,409.2790403344906,4.057491040671826,445.27907653515393,0,0,0,0,45,26,12,10,100,30,45,0.15,0.05
RANDOM,526004,19.726936039186423,1.499911637758883,30.601739384503173,24,6,0,0,45,26,12,10,100,30,45,0.15,0.05
HIGHEST_SNR,526004,15.269303782764862,1.5976743110697589,34.563379709020516,24,6,1,0,45,26,12,10,100,30,45,0.15,0.05
SHORTEST_PULSE,526004,23.365627119765737,1.370009516254944,29.316742453140996,21,9,0,0,45,26,12,10,100,30,45,0.15,0.05
METROLOGY_CONDITIONED_EIG,526004,25.851500587833712,1.5895149960539785,27.48349637965391,23,7,0,0,45,26,12,10,100,30,45,0.15,0.05
NO_PASSIVE,526005,444.1402384425038,8.449782890643297,445.27907653515393,0,0,0,0,42,26,12,10,100,30,45,0.15,0.05
RANDOM,526005,66.43969743303201,3.109074852240087,46.96516693210496,27,9,0,0,42,26,12,10,100,30,45,0.15,0.05
HIGHEST_SNR,526005,66.67775853975483,3.30792505555961,53.81668772049474,25,11,0,0,42,26,12,10,100,30,45,0.15,0.05
SHORTEST_PULSE,526005,82.6565239930357,2.8926655438371216,34.9465069016521,27,9,0,0,42,26,12,10,100,30,45,0.15,0.05
METROLOGY_CONDITIONED_EIG,526005,84.83186678386689,3.2026148849322404,35.13405807573465,26,10,0,0,42,26,12,10,100,30,45,0.15,0.05
NO_PASSIVE,526006,424.5020919449492,2.949209306186017,445.27907653515393,0,0,0,0,70,26,12,10,100,30,45,0.15,0.05
RANDOM,526006,39.15828707134565,2.8017472690242116,30.693649049556566,30,6,0,0,70,26,12,10,100,30,45,0.15,0.05
HIGHEST_SNR,526006,63.73921251432892,3.120565356680332,37.61639430518259,28,8,0,0,70,26,12,10,100,30,45,0.15,0.05
SHORTEST_PULSE,526006,43.398862630674564,2.7734823654916867,28.034161429568705,31,5,0,0,70,26,12,10,100,30,45,0.15,0.05
METROLOGY_CONDITIONED_EIG,526006,31.615262783308566,2.303503691284474,28.00626554388813,31,5,0,0,70,26,12,10,100,30,45,0.15,0.05
NO_PASSIVE,526007,818.1914441093419,6.022564706113905,445.27907653515393,0,0,0,0,161,26,12,10,100,30,45,0.15,0.05
RANDOM,526007,67.6904446196227,2.706094853118867,32.68848370953379,50,9,0,0,161,26,12,10,100,30,45,0.15,0.05
HIGHEST_SNR,526007,186.04720949834564,4.292775259169117,52.6814166067721,49,10,0,0,161,26,12,10,100,30,45,0.15,0.05
SHORTEST_PULSE,526007,41.204903577768334,2.002507564344009,16.46391581397811,49,10,0,0,161,26,12,10,100,30,45,0.15,0.05
METROLOGY_CONDITIONED_EIG,526007,41.837517331901736,1.9891170857557183,16.48907625266322,47,12,0,0,161,26,12,10,100,30,45,0.15,0.05
NO_PASSIVE,526008,670.3226024419811,7.28935087077337,445.27907653515393,0,0,0,0,15,26,12,10,100,30,45,0.15,0.05
RANDOM,526008,192.8437521591108,6.920140346442954,57.83771036650601,10,3,0,0,15,26,12,10,100,30,45,0.15,0.05
HIGHEST_SNR,526008,194.57943708927914,6.574495246591694,57.54450989899668,10,3,0,0,15,26,12,10,100,30,45,0.15,0.05
SHORTEST_PULSE,526008,192.8437521591108,6.920140346442954,57.83771036650601,10,3,0,0,15,26,12,10,100,30,45,0.15,0.05
METROLOGY_CONDITIONED_EIG,526008,194.94957383436108,6.567746103531448,57.27437746068995,11,2,0,0,15,26,12,10,100,30,45,0.15,0.05
NO_PASSIVE,526009,174.48921431999372,5.95304356695304,445.27907653515393,0,0,0,0,65,26,12,10,100,30,45,0.15,0.05
RANDOM,526009,81.6767158651831,4.053762171471833,40.03870695834151,33,9,0,1,65,26,12,10,100,30,45,0.15,0.05
HIGHEST_SNR,526009,86.98902541071404,4.10863250866925,50.901158621654595,33,9,0,1,65,26,12,10,100,30,45,0.15,0.05
SHORTEST_PULSE,526009,77.61555547279872,4.1217246202556925,36.900656146129826,33,9,0,1,65,26,12,10,100,30,45,0.15,0.05
METROLOGY_CONDITIONED_EIG,526009,80.69845658885001,4.192591342678797,36.232863024519915,33,9,0,1,65,26,12,10,100,30,45,0.15,0.05
NO_PASSIVE,526010,254.93235097585284,3.145124962047897,445.27907653515393,0,0,0,0,96,26,12,10,100,30,45,0.15,0.05
RANDOM,526010,112.97413016586897,6.912871632208887,40.74554285234713,23,17,1,2,96,26,12,10,100,30,45,0.15,0.05
HIGHEST_SNR,526010,213.66786937089185,5.86101641471525,48.47946702061554,17,23,0,2,96,26,12,10,100,30,45,0.15,0.05
SHORTEST_PULSE,526010,23.19550754826868,1.054622016473086,20.932290817934597,36,4,0,0,96,26,12,10,100,30,45,0.15,0.05
METROLOGY_CONDITIONED_EIG,526010,16.2293435401689,1.0994258913313097,21.102461806294713,33,7,0,0,96,26,12,10,100,30,45,0.15,0.05
NO_PASSIVE,526011,542.0091515308418,3.333195581651818,445.27907653515393,0,0,0,0,98,26,12,10,100,30,45,0.15,0.05
RANDOM,526011,45.27209153294763,2.5269574425421633,19.848602355803706,38,10,0,0,98,26,12,10,100,30,45,0.15,0.05
HIGHEST_SNR,526011,38.20413686669081,1.9059523947770074,24.218305126382756,38,10,0,0,98,26,12,10,100,30,45,0.15,0.05
SHORTEST_PULSE,526011,63.7644832225003,2.575224376930036,18.033613109780582,39,9,0,0,98,26,12,10,100,30,45,0.15,0.05
METROLOGY_CONDITIONED_EIG,526011,64.82524118368359,2.628590992761234,18.116228254038415,39,9,0,0,98,26,12,10,100,30,45,0.15,0.05
NO_PASSIVE,526012,684.2755440601807,3.487708216120916,445.27907653515393,0,0,0,0,138,26,12,10,100,30,45,0.15,0.05
RANDOM,526012,42.04396304713488,2.260553947461043,24.81875087516168,49,10,0,0,138,26,12,10,100,30,45,0.15,0.05
HIGHEST_SNR,526012,54.17411319840289,2.6417887087394214,31.989826220131174,52,7,0,0,138,26,12,10,100,30,45,0.15,0.05
SHORTEST_PULSE,526012,39.229162149936016,1.8501206452911834,20.202773863059335,47,12,0,0,138,26,12,10,100,30,45,0.15,0.05
METROLOGY_CONDITIONED_EIG,526012,474.3038493564758,2.150720066364363,97.83391266418384,11,48,0,1,138,26,12,10,100,30,45,0.15,0.05
NO_PASSIVE,526013,785.7688902370619,7.1880592346953,445.27907653515393,0,0,0,0,13,26,12,10,100,30,45,0.15,0.05
RANDOM,526013,133.91864483448205,5.441517883754031,57.51420650119416,12,1,0,0,13,26,12,10,100,30,45,0.15,0.05
HIGHEST_SNR,526013,133.91864483448205,5.441517883754031,57.51420650119416,12,1,0,0,13,26,12,10,100,30,45,0.15,0.05
SHORTEST_PULSE,526013,133.91864483448205,5.441517883754031,57.51420650119416,12,1,0,0,13,26,12,10,100,30,45,0.15,0.05
METROLOGY_CONDITIONED_EIG,526013,133.91864483448205,5.441517883754031,57.51420650119416,12,1,0,0,13,26,12,10,100,30,45,0.15,0.05
NO_PASSIVE,526014,117.69270007443386,2.4512447548406073,445.27907653515393,0,0,0,0,38,26,12,10,100,30,45,0.15,0.05
RANDOM,526014,35.30287448572353,2.4825418286662044,28.072843417674438,25,6,0,0,38,26,12,10,100,30,45,0.15,0.05
HIGHEST_SNR,526014,31.46777853864109,2.269904666303498,27.170350592941404,25,6,0,0,38,26,12,10,100,30,45,0.15,0.05
SHORTEST_PULSE,526014,40.85534191819618,2.39729581170661,28.086183742546684,25,6,0,0,38,26,12,10,100,30,45,0.15,0.05
METROLOGY_CONDITIONED_EIG,526014,33.891462793259535,2.3323811011700237,27.71116908875666,24,7,0,0,38,26,12,10,100,30,45,0.15,0.05
NO_PASSIVE,526015,220.19342722777557,7.340351169556322,445.27907653515393,0,0,0,0,98,26,12,10,100,30,45,0.15,0.05
RANDOM,526015,76.64831120074095,3.9415950222394134,29.50425828451058,37,15,1,0,98,26,12,10,100,30,45,0.15,0.05
HIGHEST_SNR,526015,117.18936288929618,4.886579450356073,31.414232497021175,44,8,1,0,98,26,12,10,100,30,45,0.15,0.05
SHORTEST_PULSE,526015,144.97045701703388,5.50738902525841,33.833499100661975,33,19,2,0,98,26,12,10,100,30,45,0.15,0.05
METROLOGY_CONDITIONED_EIG,526015,144.5520171776372,5.374986870133988,31.993858479299103,37,15,2,0,98,26,12,10,100,30,45,0.15,0.05
NO_PASSIVE,526016,468.58250986536535,4.859725533031441,445.27907653515393,0,0,0,0,12,26,12,10,100,30,45,0.15,0.05
RANDOM,526016,129.58976151835532,5.499704288584156,67.63433647408867,10,0,0,0,12,26,12,10,100,30,45,0.15,0.05
HIGHEST_SNR,526016,129.58976151835532,5.499704288584156,67.63433647408867,10,0,0,0,12,26,12,10,100,30,45,0.15,0.05
SHORTEST_PULSE,526016,129.58976151835532,5.499704288584156,67.63433647408867,10,0,0,0,12,26,12,10,100,30,45,0.15,0.05
METROLOGY_CONDITIONED_EIG,526016,23.33382662132398,3.273199044104038,51.58922895480706,10,0,0,0,12,26,12,10,100,30,45,0.15,0.05
NO_PASSIVE,526017,616.2505830983752,6.951733631956397,445.27907653515393,0,0,0,0,91,26,12,10,100,30,45,0.15,0.05
RANDOM,526017,35.49940967321101,2.112228259595441,22.208377392415862,43,4,2,0,91,26,12,10,100,30,45,0.15,0.05
HIGHEST_SNR,526017,33.546697128311635,2.3752198437421206,24.80917207085842,43,4,2,0,91,26,12,10,100,30,45,0.15,0.05
SHORTEST_PULSE,526017,21.106758416306153,1.4059119687718007,21.320689434959675,43,4,2,0,91,26,12,10,100,30,45,0.15,0.05
METROLOGY_CONDITIONED_EIG,526017,28.929727295958745,1.5209511147580208,19.846907548536112,43,4,2,0,91,26,12,10,100,30,45,0.15,0.05
NO_PASSIVE,526018,286.38029189410935,3.61430222682483,445.27907653515393,0,0,0,0,48,26,12,10,100,30,45,0.15,0.05
RANDOM,526018,44.97226046185777,2.8395060808846484,80.92579889196256,27,11,0,0,48,26,12,10,100,30,45,0.15,0.05
HIGHEST_SNR,526018,44.03734901908324,2.827966373994596,81.16139238878162,29,9,0,0,48,26,12,10,100,30,45,0.15,0.05
SHORTEST_PULSE,526018,64.34658751640453,3.045629176730238,79.9707280740993,29,9,0,0,48,26,12,10,100,30,45,0.15,0.05
METROLOGY_CONDITIONED_EIG,526018,60.59589330728004,2.6598405287620492,79.430042115044,29,9,0,0,48,26,12,10,100,30,45,0.15,0.05
NO_PASSIVE,526019,463.4285284923816,1.9243835694807734,445.27907653515393,0,0,0,0,84,26,12,10,100,30,45,0.15,0.05
RANDOM,526019,38.877035238651075,1.7725851715668466,31.071328045983986,43,5,0,0,84,26,12,10,100,30,45,0.15,0.05
HIGHEST_SNR,526019,43.319569233676546,1.8098191201291753,36.02067748021903,41,7,0,0,84,26,12,10,100,30,45,0.15,0.05
SHORTEST_PULSE,526019,32.82121293845531,1.6929850768393053,30.146563028597917,43,5,0,0,84,26,12,10,100,30,45,0.15,0.05
METROLOGY_CONDITIONED_EIG,526019,24.340713544378378,1.6526465509974861,29.018852026359397,43,5,0,0,84,26,12,10,100,30,45,0.15,0.05
NO_PASSIVE,526020,315.8751999384994,6.33725086766677,445.27907653515393,0,0,0,0,79,26,12,10,100,30,45,0.15,0.05
RANDOM,526020,42.297308705076844,2.6616564304497254,20.59171353161705,41,10,0,1,79,26,12,10,100,30,45,0.15,0.05
HIGHEST_SNR,526020,45.21877268273722,2.5940776385802398,18.83253233502512,43,8,0,0,79,26,12,10,100,30,45,0.15,0.05
SHORTEST_PULSE,526020,48.085276068666886,2.460805093568256,18.994705078612267,40,11,0,0,79,26,12,10,100,30,45,0.15,0.05
METROLOGY_CONDITIONED_EIG,526020,48.6034212848202,2.4172315914357934,20.199359641130123,37,14,0,0,79,26,12,10,100,30,45,0.15,0.05
NO_PASSIVE,526021,326.3877418661721,3.344265054194672,445.27907653515393,0,0,0,0,41,26,12,10,100,30,45,0.15,0.05
RANDOM,526021,50.344996467054656,1.5159469768113787,42.354331923826805,26,7,0,1,41,26,12,10,100,30,45,0.15,0.05
HIGHEST_SNR,526021,45.82137496906392,1.4216235722057653,40.23307197482513,27,6,0,1,41,26,12,10,100,30,45,0.15,0.05
SHORTEST_PULSE,526021,45.538334012797186,1.5604454685838567,40.253769882037574,25,8,0,1,41,26,12,10,100,30,45,0.15,0.05
METROLOGY_CONDITIONED_EIG,526021,45.68295606985171,1.442409024952708,40.24841556200284,26,7,0,1,41,26,12,10,100,30,45,0.15,0.05
NO_PASSIVE,526022,698.5684430939665,4.976820394002019,445.27907653515393,0,0,0,0,62,26,12,10,100,30,45,0.15,0.05
RANDOM,526022,73.93654698945706,3.0863175023665157,37.463604061290475,34,8,0,0,62,26,12,10,100,30,45,0.15,0.05
HIGHEST_SNR,526022,81.2474040473024,3.8159355499608547,37.47136773252518,36,6,0,0,62,26,12,10,100,30,45,0.15,0.05
SHORTEST_PULSE,526022,75.57329181103424,3.1244409931288084,35.20797283795929,31,11,0,0,62,26,12,10,100,30,45,0.15,0.05
METROLOGY_CONDITIONED_EIG,526022,72.00217260633406,2.954737197489682,35.144810710737545,32,10,0,0,62,26,12,10,100,30,45,0.15,0.05
NO_PASSIVE,526023,526.9956984612388,4.30043765487837,445.27907653515393,0,0,0,0,117,26,12,10,100,30,45,0.15,0.05
RANDOM,526023,4.9313216912787485,1.5454082707296393,21.05509427518152,44,8,0,1,117,26,12,10,100,30,45,0.15,0.05
HIGHEST_SNR,526023,21.111988721580204,1.5349463161741628,21.1338116748223,42,10,0,0,117,26,12,10,100,30,45,0.15,0.05
SHORTEST_PULSE,526023,34.076239042425904,1.8750588416703482,20.700299671273214,44,8,0,0,117,26,12,10,100,30,45,0.15,0.05
METROLOGY_CONDITIONED_EIG,526023,16.616974358746504,1.4305238443100474,18.541050667211653,44,8,0,0,117,26,12,10,100,30,45,0.15,0.05
NO_PASSIVE,526024,131.17342441587513,3.4585011899544287,445.27907653515393,0,0,0,0,97,26,12,10,100,30,45,0.15,0.05
RANDOM,526024,35.99438697939613,2.0161059366307184,30.333733734845868,44,13,0,0,97,26,12,10,100,30,45,0.15,0.05
HIGHEST_SNR,526024,23.22020725690113,1.2330594434601934,32.80713450133837,46,11,0,0,97,26,12,10,100,30,45,0.15,0.05
SHORTEST_PULSE,526024,49.21694597527746,1.5165533721324513,37.29245434708149,45,12,0,0,97,26,12,10,100,30,45,0.15,0.05
METROLOGY_CONDITIONED_EIG,526024,50.5088970439306,2.4125197062714,28.388802980021122,43,14,0,0,97,26,12,10,100,30,45,0.15,0.05
NO_PASSIVE,526025,286.4144726988866,6.46116829922631,445.27907653515393,0,0,0,0,126,26,12,10,100,30,45,0.15,0.05
RANDOM,526025,48.60318326625958,2.442073877626682,20.616759024776215,49,10,0,0,126,26,12,10,100,30,45,0.15,0.05
HIGHEST_SNR,526025,125.08523299435332,4.73064082270576,31.483801759430815,51,8,0,0,126,26,12,10,100,30,45,0.15,0.05
SHORTEST_PULSE,526025,112.93740728233225,4.201035818207512,26.410336311962542,40,19,0,0,126,26,12,10,100,30,45,0.15,0.05
METROLOGY_CONDITIONED_EIG,526025,120.01433377761481,4.2255345436487906,26.250833544875867,41,18,0,0,126,26,12,10,100,30,45,0.15,0.05
NO_PASSIVE,526026,223.35451476372208,3.5496606471866015,445.27907653515393,0,0,0,0,95,26,12,10,100,30,45,0.15,0.05
RANDOM,526026,44.47530335176193,2.777232697499928,23.48256903383852,41,12,0,0,95,26,12,10,100,30,45,0.15,0.05
HIGHEST_SNR,526026,38.488595484531835,2.4235295526908187,25.400372293562164,40,13,0,0,95,26,12,10,100,30,45,0.15,0.05
SHORTEST_PULSE,526026,38.64591333134231,2.6257525616692026,21.85487293601453,42,11,0,0,95,26,12,10,100,30,45,0.15,0.05
METROLOGY_CONDITIONED_EIG,526026,43.02065936119013,2.5289565325581185,21.992648110120033,42,11,0,0,95,26,12,10,100,30,45,0.15,0.05
NO_PASSIVE,526027,969.9637147544839,8.06184790701461,445.27907653515393,0,0,0,0,94,26,12,10,100,30,45,0.15,0.05
RANDOM,526027,90.3826263123066,3.2264976301551047,28.610993392350544,37,8,0,0,94,26,12,10,100,30,45,0.15,0.05
HIGHEST_SNR,526027,151.41597888533482,4.517183347258062,28.677343201620204,34,11,0,1,94,26,12,10,100,30,45,0.15,0.05
SHORTEST_PULSE,526027,141.49177622890076,4.361755879297622,25.300836208567144,33,12,0,1,94,26,12,10,100,30,45,0.15,0.05
METROLOGY_CONDITIONED_EIG,526027,143.67691182832064,4.327839419917312,24.664101695771617,37,8,0,1,94,26,12,10,100,30,45,0.15,0.05
NO_PASSIVE,526028,349.9555585245574,1.995527271170948,445.27907653515393,0,0,0,0,30,26,12,10,100,30,45,0.15,0.05
RANDOM,526028,34.37017368204782,2.2439118137475114,65.00832326319882,22,3,0,0,30,26,12,10,100,30,45,0.15,0.05
HIGHEST_SNR,526028,47.55334861416328,2.618595043671375,70.08977405077118,22,3,0,1,30,26,12,10,100,30,45,0.15,0.05
SHORTEST_PULSE,526028,32.755643027771804,2.2531544256220384,64.30221949817557,22,3,0,0,30,26,12,10,100,30,45,0.15,0.05
METROLOGY_CONDITIONED_EIG,526028,32.755643027771804,2.2531544256220384,64.30221949817557,22,3,0,0,30,26,12,10,100,30,45,0.15,0.05
NO_PASSIVE,526029,790.8302035113217,4.228775933437341,445.27907653515393,0,0,0,0,140,26,12,10,100,30,45,0.15,0.05
RANDOM,526029,42.3106938787854,2.688073793394933,27.504712602477163,40,16,0,1,140,26,12,10,100,30,45,0.15,0.05
HIGHEST_SNR,526029,89.11568667094855,3.5626002906508942,41.37729406267528,41,15,1,2,140,26,12,10,100,30,45,0.15,0.05
SHORTEST_PULSE,526029,137.7589874203558,4.80548089145313,33.53159661880804,38,18,0,0,140,26,12,10,100,30,45,0.15,0.05
METROLOGY_CONDITIONED_EIG,526029,62.6440804317343,3.4922468443006274,23.499880133858927,22,34,0,1,140,26,12,10,100,30,45,0.15,0.05
NO_PASSIVE,527000,267.1231751186729,1.3599516118669683,445.27907653515393,0,0,0,0,151,27,12,10,100,30,45,0.15,0.15
RANDOM,527000,61.05247413502499,2.2661041189732454,31.506411646794636,32,10,0,0,151,27,12,10,100,30,45,0.15,0.15
HIGHEST_SNR,527000,85.00273580627645,4.291826142189822,34.28896595304667,27,15,0,1,151,27,12,10,100,30,45,0.15,0.15
SHORTEST_PULSE,527000,61.793750267126796,2.5738917639394656,33.61361116594332,29,13,0,0,151,27,12,10,100,30,45,0.15,0.15
METROLOGY_CONDITIONED_EIG,527000,60.123029863719005,2.586032735873903,30.428865884643738,28,14,0,1,151,27,12,10,100,30,45,0.15,0.15
NO_PASSIVE,527001,121.46336299052655,4.433861375630455,445.27907653515393,0,0,0,0,95,27,12,10,100,30,45,0.15,0.15
RANDOM,527001,32.37964802526062,1.9900786990853936,30.675640118991428,38,22,0,0,95,27,12,10,100,30,45,0.15,0.15
HIGHEST_SNR,527001,59.30655703979976,2.407124441352509,41.97300704004536,42,18,0,1,95,27,12,10,100,30,45,0.15,0.15
SHORTEST_PULSE,527001,145.44708669510726,6.070996059376507,33.878974512951096,34,26,1,0,95,27,12,10,100,30,45,0.15,0.15
METROLOGY_CONDITIONED_EIG,527001,135.8973363948476,5.762644846978469,30.42602741745507,36,24,1,0,95,27,12,10,100,30,45,0.15,0.15
NO_PASSIVE,527002,184.75418766699272,4.13053237274267,445.27907653515393,0,0,0,0,129,27,12,10,100,30,45,0.15,0.15
RANDOM,527002,35.90003176061754,2.168746695336338,25.961558041267416,46,8,0,0,129,27,12,10,100,30,45,0.15,0.15
HIGHEST_SNR,527002,40.36250283974634,2.3175493963024847,25.205485265755744,47,7,0,0,129,27,12,10,100,30,45,0.15,0.15
SHORTEST_PULSE,527002,39.62258217746309,2.2391105117873096,33.77565383187597,41,13,0,0,129,27,12,10,100,30,45,0.15,0.15
METROLOGY_CONDITIONED_EIG,527002,41.41561453558907,2.326974660911621,23.141047004707858,42,12,0,0,129,27,12,10,100,30,45,0.15,0.15
NO_PASSIVE,527003,192.10154527195533,5.1271813781340185,445.27907653515393,0,0,0,0,61,27,12,10,100,30,45,0.15,0.15
RANDOM,527003,51.62366465374458,2.3656422618741804,51.03920947506696,28,15,0,0,61,27,12,10,100,30,45,0.15,0.15
HIGHEST_SNR,527003,88.91001548313218,3.517442470905584,58.396011641999394,33,10,0,0,61,27,12,10,100,30,45,0.15,0.15
SHORTEST_PULSE,527003,29.574844825053557,1.9796773640967837,30.257048721154547,33,10,0,0,61,27,12,10,100,30,45,0.15,0.15
METROLOGY_CONDITIONED_EIG,527003,36.577285754269255,2.386329048682102,29.722133594128344,31,12,1,0,61,27,12,10,100,30,45,0.15,0.15
NO_PASSIVE,527004,541.5900017462468,4.236566143587879,445.27907653515393,0,0,0,0,132,27,12,10,100,30,45,0.15,0.15
RANDOM,527004,41.13104354088239,2.069016316343604,30.113012178892433,42,16,0,1,132,27,12,10,100,30,45,0.15,0.15
HIGHEST_SNR,527004,60.35355665649702,2.556860252704068,27.87803431548495,46,12,0,2,132,27,12,10,100,30,45,0.15,0.15
SHORTEST_PULSE,527004,50.23690207999148,2.3359248760093947,27.68025384525907,48,10,0,0,132,27,12,10,100,30,45,0.15,0.15
METROLOGY_CONDITIONED_EIG,527004,70.172831056577,3.3769527090711033,29.450777749315122,42,16,0,1,132,27,12,10,100,30,45,0.15,0.15
NO_PASSIVE,527005,326.0732550886894,6.609701444295419,445.27907653515393,0,0,0,0,27,27,12,10,100,30,45,0.15,0.15
RANDOM,527005,53.82923907607908,5.9640352577066515,34.44133449675545,13,10,0,0,27,27,12,10,100,30,45,0.15,0.15
HIGHEST_SNR,527005,54.64074790277189,6.071483210947098,34.293123859794406,14,9,0,0,27,27,12,10,100,30,45,0.15,0.15
SHORTEST_PULSE,527005,58.5641731972271,5.385925262919586,34.50552688748592,14,9,0,0,27,27,12,10,100,30,45,0.15,0.15
METROLOGY_CONDITIONED_EIG,527005,60.85737720994182,5.314127057981291,34.754405064380684,14,9,0,0,27,27,12,10,100,30,45,0.15,0.15
NO_PASSIVE,527006,275.06395503782517,5.549179873418607,445.27907653515393,0,0,0,0,70,27,12,10,100,30,45,0.15,0.15
RANDOM,527006,48.1084090750615,2.710031650633175,27.026711800956388,33,12,0,1,70,27,12,10,100,30,45,0.15,0.15
HIGHEST_SNR,527006,69.81930136092792,3.2577259649279204,27.910368128051882,34,11,0,1,70,27,12,10,100,30,45,0.15,0.15
SHORTEST_PULSE,527006,64.23201744050228,3.1606047388101963,28.437672170399743,31,14,0,1,70,27,12,10,100,30,45,0.15,0.15
METROLOGY_CONDITIONED_EIG,527006,70.6862230569903,3.3248307406525575,28.074317753650256,31,14,0,1,70,27,12,10,100,30,45,0.15,0.15
NO_PASSIVE,527007,191.07854445349338,4.490392723723003,445.27907653515393,0,0,0,0,134,27,12,10,100,30,45,0.15,0.15
RANDOM,527007,88.24733216902432,3.6089970893813215,28.605438235815175,36,15,0,0,134,27,12,10,100,30,45,0.15,0.15
HIGHEST_SNR,527007,106.16541985144609,4.032916811043423,27.280990003435207,34,17,0,0,134,27,12,10,100,30,45,0.15,0.15
SHORTEST_PULSE,527007,264.77732154816033,3.3415591646844542,74.31035904219053,26,25,0,2,134,27,12,10,100,30,45,0.15,0.15
METROLOGY_CONDITIONED_EIG,527007,63.35454961008691,2.700453124989325,24.111259560911627,35,16,0,0,134,27,12,10,100,30,45,0.15,0.15
NO_PASSIVE,527008,285.9590350824038,2.107478849557909,445.27907653515393,0,0,0,0,72,27,12,10,100,30,45,0.15,0.15
RANDOM,527008,503.3822784389146,2.7087551912287435,55.35519068786537,24,14,0,2,72,27,12,10,100,30,45,0.15,0.15
HIGHEST_SNR,527008,497.347322414321,2.3580022897354205,55.764984388955654,24,14,0,2,72,27,12,10,100,30,45,0.15,0.15
SHORTEST_PULSE,527008,482.19958934050635,2.6789063957044257,49.263872683648444,23,15,0,2,72,27,12,10,100,30,45,0.15,0.15
METROLOGY_CONDITIONED_EIG,527008,75.3429115864424,3.14855341959629,53.98101278302676,22,16,0,0,72,27,12,10,100,30,45,0.15,0.15
NO_PASSIVE,527009,355.00009422471265,5.213956334886575,445.27907653515393,0,0,0,0,67,27,12,10,100,30,45,0.15,0.15
RANDOM,527009,119.09897061582663,3.2048080601688462,52.51283926537491,34,16,0,0,67,27,12,10,100,30,45,0.15,0.15
HIGHEST_SNR,527009,198.8209006952127,4.7752205337668565,71.04101062985683,33,17,0,0,67,27,12,10,100,30,45,0.15,0.15
SHORTEST_PULSE,527009,52.70320309382337,1.8146210568943364,32.228691784381944,39,11,0,0,67,27,12,10,100,30,45,0.15,0.15
METROLOGY_CONDITIONED_EIG,527009,78.6295482046616,2.5087972660493794,35.48719008295277,36,14,0,0,67,27,12,10,100,30,45,0.15,0.15
NO_PASSIVE,527010,365.20620658739153,4.655314304223399,445.27907653515393,0,0,0,0,50,27,12,10,100,30,45,0.15,0.15
RANDOM,527010,335.1960517016033,5.074307607284928,118.38650175580841,21,17,0,1,50,27,12,10,100,30,45,0.15,0.15
HIGHEST_SNR,527010,385.5568969151104,4.885417592585562,125.25052873837578,24,14,0,1,50,27,12,10,100,30,45,0.15,0.15
SHORTEST_PULSE,527010,400.65722529860136,4.854826150133481,125.53671802905329,21,17,0,1,50,27,12,10,100,30,45,0.15,0.15
METROLOGY_CONDITIONED_EIG,527010,339.6254825217358,4.983384514310008,118.72880568011401,17,21,0,1,50,27,12,10,100,30,45,0.15,0.15
NO_PASSIVE,527011,749.9661995504854,5.605917519364903,445.27907653515393,0,0,0,0,166,27,12,10,100,30,45,0.15,0.15
RANDOM,527011,69.04841912434036,2.7930699544750017,29.82329634220024,41,19,0,2,166,27,12,10,100,30,45,0.15,0.15
HIGHEST_SNR,527011,57.485588187011494,2.641190439773259,29.920381032029294,44,16,0,1,166,27,12,10,100,30,45,0.15,0.15
SHORTEST_PULSE,527011,45.473948573098404,2.3523950533112816,23.997758925430986,41,19,0,1,166,27,12,10,100,30,45,0.15,0.15
METROLOGY_CONDITIONED_EIG,527011,34.77194933817854,2.247689014459069,24.5539272709728,41,19,0,1,166,27,12,10,100,30,45,0.15,0.15
NO_PASSIVE,527012,244.69833392464378,1.4121283532843736,445.27907653515393,0,0,0,0,162,27,12,10,100,30,45,0.15,0.15
RANDOM,527012,44.55331320542431,1.90797880441854,24.358460191191504,38,15,0,2,162,27,12,10,100,30,45,0.15,0.15
HIGHEST_SNR,527012,56.68021096746244,2.5002543351599784,27.96295691019669,42,11,0,4,162,27,12,10,100,30,45,0.15,0.15
SHORTEST_PULSE,527012,39.15274109118,1.501404127754351,23.066007729935137,38,15,0,0,162,27,12,10,100,30,45,0.15,0.15
METROLOGY_CONDITIONED_EIG,527012,61.646429915682454,2.7706976507397165,22.280237813048306,33,20,0,2,162,27,12,10,100,30,45,0.15,0.15
NO_PASSIVE,527013,255.63713090606905,2.4022894613988712,445.27907653515393,0,0,0,0,74,27,12,10,100,30,45,0.15,0.15
RANDOM,527013,28.838270873261113,1.5027160509706214,57.59854760629156,28,12,0,2,74,27,12,10,100,30,45,0.15,0.15
HIGHEST_SNR,527013,51.97179078080173,1.8564989525426852,41.91270495081466,29,11,0,2,74,27,12,10,100,30,45,0.15,0.15
SHORTEST_PULSE,527013,39.81441779863391,1.874280533251448,37.64925109143828,30,10,0,1,74,27,12,10,100,30,45,0.15,0.15
METROLOGY_CONDITIONED_EIG,527013,77.32209915385758,2.454577229551971,33.925964855209074,29,11,0,2,74,27,12,10,100,30,45,0.15,0.15
NO_PASSIVE,527014,462.50799118408423,8.41866926359701,445.27907653515393,0,0,0,0,71,27,12,10,100,30,45,0.15,0.15
RANDOM,527014,676.4590195770481,7.089477826677631,67.7713531899822,15,36,0,5,71,27,12,10,100,30,45,0.15,0.15
HIGHEST_SNR,527014,85.82420453927985,3.476456770711758,35.335571337911915,31,20,0,4,71,27,12,10,100,30,45,0.15,0.15
SHORTEST_PULSE,527014,196.25114187005116,4.814593885545072,37.138545474194835,26,25,0,4,71,27,12,10,100,30,45,0.15,0.15
METROLOGY_CONDITIONED_EIG,527014,196.22144858426537,4.8133446236307895,37.14482910841697,26,25,0,4,71,27,12,10,100,30,45,0.15,0.15
NO_PASSIVE,527015,236.7451191695036,1.8942230426909885,445.27907653515393,0,0,0,0,88,27,12,10,100,30,45,0.15,0.15
RANDOM,527015,38.43255740677031,2.3975893309743017,43.67915467858792,43,13,0,0,88,27,12,10,100,30,45,0.15,0.15
HIGHEST_SNR,527015,29.792016760073725,1.9703093756005539,43.56002100875824,42,14,0,0,88,27,12,10,100,30,45,0.15,0.15
SHORTEST_PULSE,527015,43.500391532109354,1.935585310065904,28.41948699383997,40,16,0,0,88,27,12,10,100,30,45,0.15,0.15
METROLOGY_CONDITIONED_EIG,527015,48.11182865284416,2.37372198044369,26.396668037885377,44,12,0,0,88,27,12,10,100,30,45,0.15,0.15
NO_PASSIVE,527016,424.69041092970247,5.981412521941111,445.27907653515393,0,0,0,0,12,27,12,10,100,30,45,0.15,0.15
RANDOM,527016,303.7149649288915,5.803646894144679,80.30532778289596,5,7,0,0,12,27,12,10,100,30,45,0.15,0.15
HIGHEST_SNR,527016,303.7149649288915,5.803646894144679,80.30532778289596,5,7,0,0,12,27,12,10,100,30,45,0.15,0.15
SHORTEST_PULSE,527016,303.7149649288915,5.803646894144679,80.30532778289596,5,7,0,0,12,27,12,10,100,30,45,0.15,0.15
METROLOGY_CONDITIONED_EIG,527016,303.7149649288915,5.803646894144679,80.30532778289596,5,7,0,0,12,27,12,10,100,30,45,0.15,0.15
NO_PASSIVE,527017,387.36115074520706,5.983226819904466,445.27907653515393,0,0,0,0,37,27,12,10,100,30,45,0.15,0.15
RANDOM,527017,121.41625736119768,4.032321319841324,42.41017780014453,14,14,0,0,37,27,12,10,100,30,45,0.15,0.15
HIGHEST_SNR,527017,144.75098026472887,5.205396248116274,48.7751628607049,16,12,0,0,37,27,12,10,100,30,45,0.15,0.15
SHORTEST_PULSE,527017,106.24889589523002,3.9147392777074024,40.109763553833886,14,14,0,0,37,27,12,10,100,30,45,0.15,0.15
METROLOGY_CONDITIONED_EIG,527017,107.132576166245,3.907120254446443,40.096367305584195,15,13,0,0,37,27,12,10,100,30,45,0.15,0.15
NO_PASSIVE,527018,143.932807189864,3.3872990645413443,445.27907653515393,0,0,0,0,85,27,12,10,100,30,45,0.15,0.15
RANDOM,527018,105.38409218903202,4.729085505335643,43.74448041046154,35,18,0,2,85,27,12,10,100,30,45,0.15,0.15
HIGHEST_SNR,527018,89.41021814019446,4.535441226810295,45.79158269858538,33,20,0,1,85,27,12,10,100,30,45,0.15,0.15
SHORTEST_PULSE,527018,30.72599300735205,3.37670867624578,28.953548427973,37,16,0,1,85,27,12,10,100,30,45,0.15,0.15
METROLOGY_CONDITIONED_EIG,527018,33.22756867879715,3.2001807540386045,31.31590094629858,36,17,0,1,85,27,12,10,100,30,45,0.15,0.15
NO_PASSIVE,527019,323.4678269253563,8.19658288340197,445.27907653515393,0,0,0,0,67,27,12,10,100,30,45,0.15,0.15
RANDOM,527019,108.94486377375242,4.6603494412045885,21.59232482297369,34,6,1,0,67,27,12,10,100,30,45,0.15,0.15
HIGHEST_SNR,527019,104.69897194504723,4.2127191700372855,23.783621305420407,35,5,0,0,67,27,12,10,100,30,45,0.15,0.15
SHORTEST_PULSE,527019,97.72746190155796,4.198073170156551,21.554327451059855,32,8,1,0,67,27,12,10,100,30,45,0.15,0.15
METROLOGY_CONDITIONED_EIG,527019,100.51778284978316,4.470246280440594,21.753518876820362,31,9,1,0,67,27,12,10,100,30,45,0.15,0.15
NO_PASSIVE,527020,406.23098340793103,6.255099502317134,445.27907653515393,0,0,0,0,79,27,12,10,100,30,45,0.15,0.15
RANDOM,527020,42.27057690862376,2.7504373119992134,29.1285821124898,34,9,0,0,79,27,12,10,100,30,45,0.15,0.15
HIGHEST_SNR,527020,47.520065462274765,3.051042360267131,31.44942854820661,35,8,0,0,79,27,12,10,100,30,45,0.15,0.15
SHORTEST_PULSE,527020,38.07220682687585,2.5046242106432275,30.379518260519877,34,9,0,0,79,27,12,10,100,30,45,0.15,0.15
METROLOGY_CONDITIONED_EIG,527020,50.843851646122346,2.7977143442089627,27.54713409020367,34,9,0,0,79,27,12,10,100,30,45,0.15,0.15
NO_PASSIVE,527021,406.8210896860963,4.380677143523406,445.27907653515393,0,0,0,0,113,27,12,10,100,30,45,0.15,0.15
RANDOM,527021,41.23580841837983,1.908663834607935,21.56548550167744,41,12,0,0,113,27,12,10,100,30,45,0.15,0.15
HIGHEST_SNR,527021,25.9478534929312,1.2191436975353431,27.042963091850964,44,9,0,0,113,27,12,10,100,30,45,0.15,0.15
SHORTEST_PULSE,527021,34.94810231179231,1.6135791102706247,18.603251184366826,46,7,0,0,113,27,12,10,100,30,45,0.15,0.15
METROLOGY_CONDITIONED_EIG,527021,23.475730963327518,1.3454719777751896,19.261430636275065,43,10,0,0,113,27,12,10,100,30,45,0.15,0.15
NO_PASSIVE,527022,170.2537288465998,5.847784342399373,445.27907653515393,0,0,0,0,69,27,12,10,100,30,45,0.15,0.15
RANDOM,527022,142.6689446907378,8.692971164961564,58.16002507511256,27,14,0,1,69,27,12,10,100,30,45,0.15,0.15
HIGHEST_SNR,527022,60.98933594189573,5.694503640227765,64.22849206160518,21,20,0,0,69,27,12,10,100,30,45,0.15,0.15
SHORTEST_PULSE,527022,162.43233753130065,8.931182001637985,59.204395818166006,21,20,0,1,69,27,12,10,100,30,45,0.15,0.15
METROLOGY_CONDITIONED_EIG,527022,125.19053573358691,9.489268697414197,55.390954292861494,20,21,0,1,69,27,12,10,100,30,45,0.15,0.15
NO_PASSIVE,527023,266.6896961356753,6.872021492690979,445.27907653515393,0,0,0,0,41,27,12,10,100,30,45,0.15,0.15
RANDOM,527023,183.03832062301677,7.350332169045466,75.3968239741292,16,17,0,2,41,27,12,10,100,30,45,0.15,0.15
HIGHEST_SNR,527023,86.71751264287343,6.742091102084445,87.16491383885528,23,10,0,2,41,27,12,10,100,30,45,0.15,0.15
SHORTEST_PULSE,527023,67.24466684584833,6.875253379128641,85.60984881342164,24,9,0,2,41,27,12,10,100,30,45,0.15,0.15
METROLOGY_CONDITIONED_EIG,527023,131.4319702073767,6.504879164175031,71.30017627578428,17,16,0,2,41,27,12,10,100,30,45,0.15,0.15
NO_PASSIVE,527024,155.67626251474996,3.8592512205490013,445.27907653515393,0,0,0,0,69,27,12,10,100,30,45,0.15,0.15
RANDOM,527024,81.77310027337631,2.49594570608651,63.79280461669853,28,16,0,2,69,27,12,10,100,30,45,0.15,0.15
HIGHEST_SNR,527024,225.03257717486872,2.719368832588274,75.44808321279336,29,15,0,2,69,27,12,10,100,30,45,0.15,0.15
SHORTEST_PULSE,527024,25.181260630254865,1.4782242433740398,40.944404551963686,29,15,0,1,69,27,12,10,100,30,45,0.15,0.15
METROLOGY_CONDITIONED_EIG,527024,25.54858720915221,1.7022168863694678,40.92353397683,30,14,0,1,69,27,12,10,100,30,45,0.15,0.15
NO_PASSIVE,527025,1035.6892984898452,3.6742484524795627,445.27907653515393,0,0,0,0,18,27,12,10,100,30,45,0.15,0.15
RANDOM,527025,6.885156257717278,4.026599947755134,43.885588399071445,11,6,0,0,18,27,12,10,100,30,45,0.15,0.15
HIGHEST_SNR,527025,22.007500720171876,3.7696432144023815,42.92785537918007,11,6,0,0,18,27,12,10,100,30,45,0.15,0.15
SHORTEST_PULSE,527025,22.007500720171876,3.7696432144023815,42.92785537918007,11,6,0,0,18,27,12,10,100,30,45,0.15,0.15
METROLOGY_CONDITIONED_EIG,527025,22.007500720171876,3.7696432144023815,42.92785537918007,11,6,0,0,18,27,12,10,100,30,45,0.15,0.15
NO_PASSIVE,527026,183.01122527143545,6.250405593385244,445.27907653515393,0,0,0,0,35,27,12,10,100,30,45,0.15,0.15
RANDOM,527026,201.74646763309553,5.167481701952901,82.7212981448497,25,6,0,0,35,27,12,10,100,30,45,0.15,0.15
HIGHEST_SNR,527026,205.90481522920857,5.304687354843303,84.80743539367765,25,6,0,0,35,27,12,10,100,30,45,0.15,0.15
SHORTEST_PULSE,527026,191.21288573969116,5.200957956693238,83.7263117926472,24,7,0,0,35,27,12,10,100,30,45,0.15,0.15
METROLOGY_CONDITIONED_EIG,527026,191.21288573969116,5.200957956693238,83.7263117926472,24,7,0,0,35,27,12,10,100,30,45,0.15,0.15
NO_PASSIVE,527027,539.4735129867594,4.681313558024324,445.27907653515393,0,0,0,0,131,27,12,10,100,30,45,0.15,0.15
RANDOM,527027,54.774448763293194,3.0925150366172294,29.078987460765717,38,21,1,1,131,27,12,10,100,30,45,0.15,0.15
HIGHEST_SNR,527027,77.84324453209685,3.809933578100248,39.346362583970375,39,20,1,1,131,27,12,10,100,30,45,0.15,0.15
SHORTEST_PULSE,527027,25.000266584463475,2.53314842988495,25.394294236777753,38,21,0,1,131,27,12,10,100,30,45,0.15,0.15
METROLOGY_CONDITIONED_EIG,527027,48.71182795027224,2.512520965737726,22.628052572629922,41,18,0,1,131,27,12,10,100,30,45,0.15,0.15
NO_PASSIVE,527028,312.74321243726894,5.050100291536759,445.27907653515393,0,0,0,0,126,27,12,10,100,30,45,0.15,0.15
RANDOM,527028,671.6144997912508,4.231329228562195,123.88841684548098,5,50,1,0,126,27,12,10,100,30,45,0.15,0.15
HIGHEST_SNR,527028,114.89862233623269,3.64173289942234,38.28634951182369,36,19,0,0,126,27,12,10,100,30,45,0.15,0.15
SHORTEST_PULSE,527028,101.33574755107402,4.028293708668849,36.153489693094286,37,18,0,0,126,27,12,10,100,30,45,0.15,0.15
METROLOGY_CONDITIONED_EIG,527028,58.53339959834882,3.4885727544422283,29.411959013705886,38,17,0,0,126,27,12,10,100,30,45,0.15,0.15
NO_PASSIVE,527029,292.0090240813654,1.3742505220964216,445.27907653515393,0,0,0,0,79,27,12,10,100,30,45,0.15,0.15
RANDOM,527029,41.80090654605025,1.5259912119101129,33.60914216239744,27,13,0,0,79,27,12,10,100,30,45,0.15,0.15
HIGHEST_SNR,527029,49.62962580928583,2.336683592413639,46.881265280501,30,10,0,0,79,27,12,10,100,30,45,0.15,0.15
SHORTEST_PULSE,527029,18.78741250914039,1.083957440713009,43.263450086035064,26,14,0,0,79,27,12,10,100,30,45,0.15,0.15
METROLOGY_CONDITIONED_EIG,527029,46.54622729378086,2.326923519624746,39.7065756847855,26,14,0,0,79,27,12,10,100,30,45,0.15,0.15
