policy,seed,position_error_final_m,velocity_error_final_mps,position_sigma_final_m,used_measurements,rejected_measurements,assoc_bad_accepted,outlier_accepted,eligible_measurements
NO_PASSIVE,260901,348.0688789779367,2.2237089183824192,445.27907653515393,0,0,0,0,194
RANDOM,260901,4.235183755250229,0.2503165233811707,18.158017317721683,60,0,0,0,194
HIGHEST_SNR,260901,2.995475863688132,0.152166254811274,19.495391025425867,60,0,0,0,194
SHORTEST_PULSE,260901,13.174307899713622,0.2709816189992486,16.434313723858317,60,0,0,0,194
METROLOGY_CONDITIONED_EIG,260901,18.283662237075742,0.5220755185515195,15.572181968975496,60,0,0,0,194
NO_PASSIVE,260902,634.9943419865351,3.5306109475828498,445.27907653515393,0,0,0,0,99
RANDOM,260902,61.57979053075402,1.4393871530338354,23.61928477963819,48,0,0,0,99
HIGHEST_SNR,260902,62.47676269922449,1.4928452624826845,21.173278552685638,48,0,0,0,99
SHORTEST_PULSE,260902,42.586735803747466,1.0952972662902327,25.660534757909563,48,0,0,0,99
METROLOGY_CONDITIONED_EIG,260902,54.853145200477755,1.357623180322461,20.06377481488311,48,0,0,0,99
NO_PASSIVE,260903,409.72668913747185,1.751384484750614,445.27907653515393,0,0,0,0,127
RANDOM,260903,61.876569318327455,1.5532939059392983,28.96390561078187,46,1,0,0,127
HIGHEST_SNR,260903,81.15880906233424,2.9059695764005236,37.00411410989034,45,2,0,0,127
SHORTEST_PULSE,260903,39.8096790458529,0.7466099151188607,24.915342846524336,46,1,0,0,127
METROLOGY_CONDITIONED_EIG,260903,12.338049227455892,0.3484684155595902,23.620629234779297,47,0,0,0,127
NO_PASSIVE,260904,533.5742757218977,0.4985697642065539,445.27907653515393,0,0,0,0,25
RANDOM,260904,13.547143170980243,0.4343925112504436,31.558187620482045,20,0,0,0,25
HIGHEST_SNR,260904,12.327376517004222,0.2862550738359527,31.699592141473328,20,0,0,0,25
SHORTEST_PULSE,260904,12.327376517004222,0.2862550738359527,31.699592141473328,20,0,0,0,25
METROLOGY_CONDITIONED_EIG,260904,13.650492705165693,0.38909427849709505,31.552191614980444,20,0,0,0,25
NO_PASSIVE,260905,263.88006287231326,4.284359225533901,445.27907653515393,0,0,0,0,124
RANDOM,260905,2.5651373868597767,0.6009665971911707,29.112903705229503,59,0,0,0,124
HIGHEST_SNR,260905,1.3719367724305158,0.47672567449452075,33.79686744490692,59,0,0,0,124
SHORTEST_PULSE,260905,15.365513642893351,1.0298947786332215,23.778891494338136,59,0,0,0,124
METROLOGY_CONDITIONED_EIG,260905,14.445656845912296,0.8730012155731598,23.467384658420006,59,0,0,0,124
NO_PASSIVE,260906,517.0699484462659,0.5538009617862696,445.27907653515393,0,0,0,0,101
RANDOM,260906,7.447159143810439,0.4017876232026369,14.257692781465286,57,0,0,0,101
HIGHEST_SNR,260906,9.418316764851033,0.47620702900319395,17.445487288493702,57,0,0,0,101
SHORTEST_PULSE,260906,5.604821092722735,0.47151831849275044,15.567072266540455,57,0,0,0,101
METROLOGY_CONDITIONED_EIG,260906,8.010124366421548,0.47259597162513217,14.305505125272195,57,0,0,0,101
NO_PASSIVE,260907,559.28488838571,2.947421881338931,445.27907653515393,0,0,0,0,152
RANDOM,260907,28.41531708962314,0.8669166933361363,22.24442413392707,59,0,0,0,152
HIGHEST_SNR,260907,5.639811947072979,0.5735986833886239,33.5030026705169,57,2,0,0,152
SHORTEST_PULSE,260907,27.18096740170178,1.0804552430649175,18.28801031553873,57,2,0,0,152
METROLOGY_CONDITIONED_EIG,260907,24.023339949968538,0.9770294345618584,16.960514427387263,58,1,0,0,152
NO_PASSIVE,260908,275.1783517195876,1.9863839058796506,445.27907653515393,0,0,0,0,44
RANDOM,260908,44.58024812409331,0.2600646227116789,70.98408157506522,38,1,0,0,44
HIGHEST_SNR,260908,57.8523672009352,1.0541567276702544,73.5915504528069,38,1,0,0,44
SHORTEST_PULSE,260908,66.7431580194903,1.578740948561543,72.40643328621337,38,1,0,0,44
METROLOGY_CONDITIONED_EIG,260908,53.37905140238751,1.2101498342465313,68.60054287011914,38,1,0,0,44
NO_PASSIVE,260909,160.79446768865057,2.5263408445088724,445.27907653515393,0,0,0,0,98
RANDOM,260909,18.10006924737652,0.6041887448577841,32.82299781883547,55,0,0,0,98
HIGHEST_SNR,260909,16.038750782144295,0.481846104811783,58.12328147562419,55,0,0,0,98
SHORTEST_PULSE,260909,15.157411145935274,0.15723968990427997,31.90020012601281,55,0,0,0,98
METROLOGY_CONDITIONED_EIG,260909,14.094762391915648,0.3793870209403522,31.02467468667309,55,0,0,0,98
NO_PASSIVE,260910,284.9924391484348,0.7173999506267923,445.27907653515393,0,0,0,0,144
RANDOM,260910,16.32688000753734,0.3309101686810613,17.811410931714303,58,2,0,0,144
HIGHEST_SNR,260910,4.038464685508228,0.07378542001565694,21.886579606131267,58,2,0,0,144
SHORTEST_PULSE,260910,6.253171753180097,0.31723566687688565,19.78977801779136,58,2,0,0,144
METROLOGY_CONDITIONED_EIG,260910,5.790752529090484,0.39680467139585684,17.201575661151463,58,2,0,0,144
NO_PASSIVE,260911,251.74863463121608,2.2463667458103727,445.27907653515393,0,0,0,0,153
RANDOM,260911,27.769046194088126,0.37812138250706956,30.024955608013467,60,0,0,0,153
HIGHEST_SNR,260911,18.326008842399037,0.1898240892914704,28.51593291878971,60,0,0,0,153
SHORTEST_PULSE,260911,22.383330835183767,0.6935448654399755,30.426758299541813,60,0,0,0,153
METROLOGY_CONDITIONED_EIG,260911,3.0050576594381058,0.2173167100781269,24.150544618249924,60,0,0,0,153
NO_PASSIVE,260912,462.95848636095883,2.9283086078339715,445.27907653515393,0,0,0,0,83
RANDOM,260912,30.18030145321395,0.2000015890303527,22.771121266446162,49,1,0,0,83
HIGHEST_SNR,260912,11.393574276759896,0.1954013921255705,23.73655667939198,50,0,0,0,83
SHORTEST_PULSE,260912,24.75205408448553,0.27008376647496685,22.376341771908287,48,2,0,0,83
METROLOGY_CONDITIONED_EIG,260912,22.379729375984184,0.34923360213746507,21.987615696639697,48,2,0,0,83
NO_PASSIVE,260913,443.5410271289951,3.4140228947525313,445.27907653515393,0,0,0,0,168
RANDOM,260913,30.035827471811157,0.7767144019640908,25.645024532282534,58,2,0,0,168
HIGHEST_SNR,260913,5.430297630691259,0.44699330170059753,24.254121473892287,60,0,0,0,168
SHORTEST_PULSE,260913,19.45849686956206,0.44971186170018745,23.768312358078155,60,0,0,0,168
METROLOGY_CONDITIONED_EIG,260913,11.56953129260095,0.2896296731290861,20.500846297435423,58,2,0,0,168
NO_PASSIVE,260914,576.258940178612,0.9289293778380955,445.27907653515393,0,0,0,0,121
RANDOM,260914,2.2064727524404355,0.2298431942729448,19.657168319156927,54,0,0,0,121
HIGHEST_SNR,260914,56.85076420608271,1.4637490306478347,45.00445976393242,54,0,0,0,121
SHORTEST_PULSE,260914,12.233416901057776,0.5982837661904309,13.76694807212815,54,0,0,0,121
METROLOGY_CONDITIONED_EIG,260914,5.04808665102179,0.26571990681056507,14.038587338828673,54,0,0,0,121
NO_PASSIVE,260915,750.9723895751547,2.420901967505956,445.27907653515393,0,0,0,0,177
RANDOM,260915,11.868080181558488,0.4835842293,16.36803412607832,56,3,0,0,177
HIGHEST_SNR,260915,22.09004925558058,0.5570969378929163,19.352338542323224,57,2,0,0,177
SHORTEST_PULSE,260915,3.568800898204037,0.24644403437803047,14.36618110856293,57,2,0,0,177
METROLOGY_CONDITIONED_EIG,260915,6.139060477333817,0.31457556579192053,14.259423833755893,57,2,0,0,177
NO_PASSIVE,260916,110.39331797701229,2.065258916436782,445.27907653515393,0,0,0,0,88
RANDOM,260916,11.665231833933415,0.6469146993700757,34.63812504693741,45,0,0,0,88
HIGHEST_SNR,260916,21.37367470157925,0.867026312037014,53.37026834962009,45,0,0,0,88
SHORTEST_PULSE,260916,3.035182708773267,0.8309027037678847,33.910707775047165,45,0,0,0,88
METROLOGY_CONDITIONED_EIG,260916,20.401139941851106,0.46102878472479447,31.795452384081877,45,0,0,0,88
NO_PASSIVE,260917,177.0477524378156,0.8519040102196316,445.27907653515393,0,0,0,0,48
RANDOM,260917,11.871147996147517,0.5653810824034271,20.48461718399186,32,2,0,0,48
HIGHEST_SNR,260917,16.29395084615318,0.8387072972618798,20.742024813751204,32,2,0,0,48
SHORTEST_PULSE,260917,5.853898606520251,0.8445119091077287,20.507823304294423,33,1,0,0,48
METROLOGY_CONDITIONED_EIG,260917,13.969096256981425,0.6510595459615772,20.559760431582838,32,2,0,0,48
NO_PASSIVE,260918,478.151966314011,2.2251913552874893,445.27907653515393,0,0,0,0,133
RANDOM,260918,23.174256128446263,1.17979672497248,29.91659554290391,60,0,0,0,133
HIGHEST_SNR,260918,13.760760572116189,0.5325329918533696,26.55649543463349,59,1,0,0,133
SHORTEST_PULSE,260918,11.225361519708754,0.21684693491875545,31.411138028594518,60,0,0,0,133
METROLOGY_CONDITIONED_EIG,260918,12.90205611680886,0.7604118154343555,21.901444725332723,59,1,0,0,133
NO_PASSIVE,260919,418.2944806312009,4.631098000133369,445.27907653515393,0,0,0,0,42
RANDOM,260919,22.539111527105216,0.7697150249683569,36.56086165182153,31,1,0,0,42
HIGHEST_SNR,260919,29.515178433406124,0.4751331115953782,43.624112185411995,31,1,0,0,42
SHORTEST_PULSE,260919,10.645151904069362,0.8306843301579405,34.73501218047876,31,1,0,0,42
METROLOGY_CONDITIONED_EIG,260919,6.046438333951069,0.638297121664951,32.74839358510161,31,1,0,0,42
NO_PASSIVE,260920,480.985585262843,1.4992276937112046,445.27907653515393,0,0,0,0,82
RANDOM,260920,21.016491799935682,0.7994197066891691,21.302478855775327,54,0,0,0,82
HIGHEST_SNR,260920,15.781224917296766,0.6744158309516692,20.32594707955856,54,0,0,0,82
SHORTEST_PULSE,260920,15.781224917296766,0.6744158309516692,20.32594707955856,54,0,0,0,82
METROLOGY_CONDITIONED_EIG,260920,14.64055946197309,0.5731771285031917,20.423702821501237,54,0,0,0,82
NO_PASSIVE,260921,591.8011077271063,4.867373051608675,445.27907653515393,0,0,0,0,109
RANDOM,260921,2.0751219900557243,0.5456816481354474,22.599458858937183,55,0,0,0,109
HIGHEST_SNR,260921,17.342531381237393,0.33919319519314267,24.52217181117498,55,0,0,0,109
SHORTEST_PULSE,260921,14.115105199882818,0.18325275011835143,19.943346984301883,55,0,0,0,109
METROLOGY_CONDITIONED_EIG,260921,12.119907217951312,0.18722385597083277,19.677594568839545,54,1,0,0,109
NO_PASSIVE,260922,442.3758234820532,1.101569966160927,445.27907653515393,0,0,0,0,169
RANDOM,260922,15.185225472047474,0.5798887072747834,18.181599387227926,58,0,0,0,169
HIGHEST_SNR,260922,19.638344040438916,0.8091672602756972,18.036412270681137,58,0,0,0,169
SHORTEST_PULSE,260922,7.886172416282036,0.20195799437234926,19.24913503507479,58,0,0,0,169
METROLOGY_CONDITIONED_EIG,260922,15.556711352267682,0.44744808469058883,15.605690182640604,58,0,0,0,169
NO_PASSIVE,260923,279.3159820526012,2.7990238746872507,445.27907653515393,0,0,0,0,42
RANDOM,260923,22.93851660101775,0.8207449765837967,36.02538005538608,24,0,0,0,42
HIGHEST_SNR,260923,48.87528543090367,2.6575068858567197,52.36033782002636,23,1,0,0,42
SHORTEST_PULSE,260923,19.603321177708736,0.43887225373276817,25.797275286954587,24,0,0,0,42
METROLOGY_CONDITIONED_EIG,260923,13.64911161567918,0.48302575536149395,25.782918483143984,24,0,0,0,42
NO_PASSIVE,260924,343.7207470796644,0.8885710770101349,445.27907653515393,0,0,0,0,65
RANDOM,260924,32.64222092618375,0.9556578076044864,30.904172282533686,43,3,0,0,65
HIGHEST_SNR,260924,41.015575408425875,0.7752044718367567,31.452260303788925,45,1,0,0,65
SHORTEST_PULSE,260924,45.895220749241446,0.5028567330773381,32.320615749308644,45,1,0,0,65
METROLOGY_CONDITIONED_EIG,260924,17.205505441510425,0.2978241764939096,27.067549551285886,46,0,0,0,65
NO_PASSIVE,260925,340.2284370288082,1.232356408405259,445.27907653515393,0,0,0,0,164
RANDOM,260925,16.85266085646305,0.23934339288738457,30.5919487788503,52,5,0,0,164
HIGHEST_SNR,260925,17.345554142269798,0.16142217334336667,33.91381110985785,57,0,0,0,164
SHORTEST_PULSE,260925,39.60499170591045,0.27555364306309316,31.32968323528589,56,1,0,0,164
METROLOGY_CONDITIONED_EIG,260925,29.20756437991269,0.9278727916663795,15.57187181229813,56,1,0,0,164
NO_PASSIVE,260926,41.03535380505504,0.3370080821191155,445.27907653515393,0,0,0,0,89
RANDOM,260926,79.99885492024951,1.5234598436580318,43.32661597695344,37,4,0,0,89
HIGHEST_SNR,260926,74.60870301174685,0.958043043715514,45.53876716967383,38,3,0,0,89
SHORTEST_PULSE,260926,33.263058204272525,1.2708480556303223,25.82545178865612,40,1,0,0,89
METROLOGY_CONDITIONED_EIG,260926,25.88489122371913,1.1940404884737863,29.545881234937028,40,1,0,0,89
NO_PASSIVE,260927,276.73364168300037,2.5622879652513046,445.27907653515393,0,0,0,0,73
RANDOM,260927,23.093829779301,0.6417181417303033,26.26636313972753,50,0,0,0,73
HIGHEST_SNR,260927,43.94320640362171,1.2222888507538139,39.367254360493106,50,0,0,0,73
SHORTEST_PULSE,260927,15.936968274298142,0.647765327894702,27.224423932040036,50,0,0,0,73
METROLOGY_CONDITIONED_EIG,260927,13.81018244835422,0.5451637614988322,24.696176527600052,50,0,0,0,73
NO_PASSIVE,260928,559.1652364410942,0.4051040673029711,445.27907653515393,0,0,0,0,82
RANDOM,260928,26.837682909590292,1.0948133081894418,28.529069582812827,54,1,0,0,82
HIGHEST_SNR,260928,32.251235849478114,1.2983486545109322,30.021352475049596,55,0,0,0,82
SHORTEST_PULSE,260928,13.736264994457025,0.6697286831402985,26.137690131143092,54,1,0,0,82
METROLOGY_CONDITIONED_EIG,260928,20.12789397140947,0.46146326585197095,25.8590975938917,54,1,0,0,82
NO_PASSIVE,260929,277.292481052909,1.6490553773686842,445.27907653515393,0,0,0,0,95
RANDOM,260929,6.8062967238778045,0.3950420580165184,25.211783047069716,49,1,0,0,95
HIGHEST_SNR,260929,17.48064343995416,0.5583335491268683,28.46006830044663,49,1,0,0,95
SHORTEST_PULSE,260929,11.249224261120007,0.37491194265152267,24.647664599054817,50,0,0,0,95
METROLOGY_CONDITIONED_EIG,260929,15.342278892419591,0.607834779515933,23.313217362997957,50,0,0,0,95
NO_PASSIVE,260930,551.1001152766407,2.3233460260683185,445.27907653515393,0,0,0,0,189
RANDOM,260930,13.609422255965972,0.3186582517110155,20.1085547557794,59,1,0,0,189
HIGHEST_SNR,260930,21.9160616135278,0.5904682724906102,40.21881904482829,60,0,0,0,189
SHORTEST_PULSE,260930,8.822234285833852,0.4267467658226338,16.29462233354762,59,1,0,0,189
METROLOGY_CONDITIONED_EIG,260930,13.60093075540383,0.545145367093555,16.242859178115957,59,1,0,0,189
NO_PASSIVE,260931,220.1002475415144,2.105975392633539,445.27907653515393,0,0,0,0,51
RANDOM,260931,89.4695713074515,2.7425994837288417,48.84824603141049,42,0,0,0,51
HIGHEST_SNR,260931,69.39019663133416,2.098524335661903,52.4458901613658,42,0,0,0,51
SHORTEST_PULSE,260931,86.87352626922086,2.6488488588157195,50.6550654383505,42,0,0,0,51
METROLOGY_CONDITIONED_EIG,260931,61.98898022487949,2.202554462278537,43.93024718295625,42,0,0,0,51
NO_PASSIVE,260932,467.47878605739425,1.7404152028735984,445.27907653515393,0,0,0,0,35
RANDOM,260932,36.521657243992905,0.9784518911357237,44.304322794056255,28,0,0,0,35
HIGHEST_SNR,260932,49.391611568221215,0.8291261306678005,48.49742739950426,28,0,0,0,35
SHORTEST_PULSE,260932,34.56319554452694,0.6239606833339576,42.19280274137064,28,0,0,0,35
METROLOGY_CONDITIONED_EIG,260932,32.36216601480326,0.7426564911778724,41.839994214091426,28,0,0,0,35
NO_PASSIVE,260933,438.44319564157666,1.6161257917025078,445.27907653515393,0,0,0,0,128
RANDOM,260933,29.147727531866735,0.8505710136587105,19.6189037558153,51,1,0,0,128
HIGHEST_SNR,260933,20.304729203572013,0.04348284105240808,22.809520552886806,50,2,0,0,128
SHORTEST_PULSE,260933,18.079096284191913,0.8469281243430619,16.19618640738088,52,0,0,0,128
METROLOGY_CONDITIONED_EIG,260933,10.130045357147193,0.47088531752852547,16.07392818799001,52,0,0,0,128
NO_PASSIVE,260934,127.91392643996055,3.2536476263883674,445.27907653515393,0,0,0,0,96
RANDOM,260934,35.46051090835542,1.2251201694470712,26.743404554836392,54,1,0,0,96
HIGHEST_SNR,260934,30.78178634361554,1.0083693973320187,29.51554822948268,53,2,0,0,96
SHORTEST_PULSE,260934,30.333172299522186,0.6784995829653804,24.13368773202899,53,2,0,0,96
METROLOGY_CONDITIONED_EIG,260934,33.21019327689155,1.0780330151801063,25.170219433902204,52,3,0,0,96
NO_PASSIVE,260935,234.80313154128265,1.96469757168655,445.27907653515393,0,0,0,0,30
RANDOM,260935,100.9555441497535,1.6137073813317373,134.80482674051322,25,0,0,0,30
HIGHEST_SNR,260935,100.9555441497535,1.6137073813317373,134.80482674051322,25,0,0,0,30
SHORTEST_PULSE,260935,25.324892316676173,1.1913322569746643,41.88318648142548,25,0,0,0,30
METROLOGY_CONDITIONED_EIG,260935,25.10119762707068,1.2235156725753165,41.891059436718585,25,0,0,0,30
NO_PASSIVE,260936,150.63853717570905,3.6598866944549906,445.27907653515393,0,0,0,0,15
RANDOM,260936,11.007836684684428,0.3375357593104664,24.514590070217523,14,0,0,0,15
HIGHEST_SNR,260936,11.007836684684428,0.3375357593104664,24.514590070217523,14,0,0,0,15
SHORTEST_PULSE,260936,11.007836684684428,0.3375357593104664,24.514590070217523,14,0,0,0,15
METROLOGY_CONDITIONED_EIG,260936,11.007836684684428,0.3375357593104664,24.514590070217523,14,0,0,0,15
NO_PASSIVE,260937,274.47874449156376,1.756378110642062,445.27907653515393,0,0,0,0,103
RANDOM,260937,15.965893127530352,0.6745117945840755,28.603204025909296,53,0,0,0,103
HIGHEST_SNR,260937,26.3610558094918,0.5367390370315627,32.81412753205946,53,0,0,0,103
SHORTEST_PULSE,260937,17.159674640214597,0.10827752755544531,27.44222542370763,53,0,0,0,103
METROLOGY_CONDITIONED_EIG,260937,16.20544512954253,0.2919942173687963,25.51046394075947,53,0,0,0,103
NO_PASSIVE,260938,498.4531177218929,2.31074950716231,445.27907653515393,0,0,0,0,51
RANDOM,260938,35.8954295619299,2.3737966282023057,35.57986981442454,36,1,0,0,51
HIGHEST_SNR,260938,31.83358759119842,2.0813362631320604,101.90406690300452,36,1,0,0,51
SHORTEST_PULSE,260938,57.52006939308105,2.668061535055128,28.176828538344733,36,1,0,0,51
METROLOGY_CONDITIONED_EIG,260938,49.5686377213093,2.493243025702759,28.097357296098362,36,1,0,0,51
NO_PASSIVE,260939,697.7232893123206,1.1639002146971373,445.27907653515393,0,0,0,0,62
RANDOM,260939,23.200746706675936,0.5813584121010317,30.264943150537487,45,1,0,0,62
HIGHEST_SNR,260939,20.422614928255896,0.6945565744695616,28.10589838190436,45,1,0,0,62
SHORTEST_PULSE,260939,13.667335393244807,0.5898242688282481,27.44320529640476,45,1,0,0,62
METROLOGY_CONDITIONED_EIG,260939,27.308839268587022,0.8292653195177809,28.433602417903924,45,1,0,0,62
NO_PASSIVE,260940,560.7545306353746,1.362362845927064,445.27907653515393,0,0,0,0,101
RANDOM,260940,24.540710123432213,1.200793135310617,38.16586405443643,48,0,0,0,101
HIGHEST_SNR,260940,52.01737906069777,1.3620893199130126,51.944948570953414,48,0,0,0,101
SHORTEST_PULSE,260940,26.984516264405492,0.577544521943129,25.38152168463166,48,0,0,0,101
METROLOGY_CONDITIONED_EIG,260940,12.722818809759865,0.20169042332722542,27.754434138471517,47,1,0,0,101
NO_PASSIVE,260941,476.06045862198084,1.8092921378291351,445.27907653515393,0,0,0,0,135
RANDOM,260941,12.308110166471948,0.21412232063408937,15.392166627377513,56,1,0,0,135
HIGHEST_SNR,260941,14.218978978445332,0.27880539573541896,15.97574921397262,57,0,0,0,135
SHORTEST_PULSE,260941,22.34662277234266,0.25017495115113886,14.691813390224485,57,0,0,0,135
METROLOGY_CONDITIONED_EIG,260941,14.920673810428719,0.19458802731889652,13.93755383094501,57,0,0,0,135
NO_PASSIVE,260942,254.44892703889622,1.7308277926382254,445.27907653515393,0,0,0,0,83
RANDOM,260942,69.67684273840686,1.0999962528458491,48.66514895975709,39,1,0,0,83
HIGHEST_SNR,260942,81.3113621245939,1.214355616310775,53.95769847976163,40,0,0,0,83
SHORTEST_PULSE,260942,7.3329999161593715,0.5560144084193545,38.86207535958673,39,1,0,0,83
METROLOGY_CONDITIONED_EIG,260942,24.186644566414937,0.44339624865183214,30.68888099936042,39,1,0,0,83
NO_PASSIVE,260943,508.241583981985,1.7650426277456919,445.27907653515393,0,0,0,0,151
RANDOM,260943,33.5007225581331,1.26620236848982,23.79821653808804,60,0,0,0,151
HIGHEST_SNR,260943,20.84768276613167,0.41449004596284106,30.701251816883403,59,1,0,0,151
SHORTEST_PULSE,260943,5.331692562471233,0.3587461986257145,20.436274781174923,59,1,0,0,151
METROLOGY_CONDITIONED_EIG,260943,8.20871149173085,0.4955348273186507,20.305494860640973,60,0,0,0,151
NO_PASSIVE,260944,360.3661434200827,0.9352742090643631,445.27907653515393,0,0,0,0,48
RANDOM,260944,14.032045318431123,0.46327324152707666,35.88763519293113,40,0,0,0,48
HIGHEST_SNR,260944,43.34044697657028,0.5202592718788144,34.74770365576536,40,0,0,0,48
SHORTEST_PULSE,260944,18.700591802990456,0.4799457681572218,36.07429314959572,40,0,0,0,48
METROLOGY_CONDITIONED_EIG,260944,42.92283615246239,1.1003767131549027,34.44001345259181,40,0,0,0,48
NO_PASSIVE,260945,279.58169605335394,2.740732527613092,445.27907653515393,0,0,0,0,92
RANDOM,260945,7.795896340397911,0.16953726313893216,18.882456485410533,55,0,0,0,92
HIGHEST_SNR,260945,6.936819445507768,0.004690498317341739,26.881619308002634,55,0,0,0,92
SHORTEST_PULSE,260945,12.256915901915825,0.18095093081308658,16.56665021524412,55,0,0,0,92
METROLOGY_CONDITIONED_EIG,260945,12.354700612873769,0.18497086342507374,16.57430195870192,55,0,0,0,92
NO_PASSIVE,260946,365.36951858284885,0.5653691868858798,445.27907653515393,0,0,0,0,12
RANDOM,260946,9.080873750650639,0.9659627872651053,72.93903165878072,12,0,0,0,12
HIGHEST_SNR,260946,9.080873750650639,0.9659627872651053,72.93903165878072,12,0,0,0,12
SHORTEST_PULSE,260946,9.080873750650639,0.9659627872651053,72.93903165878072,12,0,0,0,12
METROLOGY_CONDITIONED_EIG,260946,9.080873750650639,0.9659627872651053,72.93903165878072,12,0,0,0,12
NO_PASSIVE,260947,161.96876163505706,1.0709940473184103,445.27907653515393,0,0,0,0,61
RANDOM,260947,35.4577717155949,1.0816479869370021,30.232819733250423,40,0,0,0,61
HIGHEST_SNR,260947,29.748674549842093,2.0712968113839634,75.21394858982929,40,0,0,0,61
SHORTEST_PULSE,260947,15.22330142035624,0.7995801209971171,23.148579960956425,40,0,0,0,61
METROLOGY_CONDITIONED_EIG,260947,13.84351435048188,0.7201312151305304,23.240501570928135,40,0,0,0,61
NO_PASSIVE,260948,357.4854965243629,1.4182397725860945,445.27907653515393,0,0,0,0,78
RANDOM,260948,3.280228253263997,0.3362105501178667,19.13903887022507,53,0,0,0,78
HIGHEST_SNR,260948,15.200277212288993,0.661930130795895,18.56127277888163,52,1,0,0,78
SHORTEST_PULSE,260948,8.378008843774719,0.5955912446278483,18.89175098004713,52,1,0,0,78
METROLOGY_CONDITIONED_EIG,260948,13.401377965119169,0.6483336596549861,18.349773352021625,52,1,0,0,78
NO_PASSIVE,260949,559.2300557119178,2.143028686804079,445.27907653515393,0,0,0,0,109
RANDOM,260949,10.234753347658767,0.18423442833304038,23.78050200899875,56,0,0,0,109
HIGHEST_SNR,260949,6.775192179239892,0.18031744725031948,26.550599398194283,55,1,0,0,109
SHORTEST_PULSE,260949,8.695311799528628,0.8380524439073013,22.948611714794584,55,1,0,0,109
METROLOGY_CONDITIONED_EIG,260949,13.505040565744682,0.5777236839571105,23.06387093636192,55,1,0,0,109
NO_PASSIVE,260950,566.9818231837635,1.2885692363667884,445.27907653515393,0,0,0,0,27
RANDOM,260950,17.374754688867448,1.2225957314817844,41.549982275081824,21,0,0,0,27
HIGHEST_SNR,260950,18.453739631108633,1.4564022537025672,41.58813481600546,21,0,0,0,27
SHORTEST_PULSE,260950,18.453739631108633,1.4564022537025672,41.58813481600546,21,0,0,0,27
METROLOGY_CONDITIONED_EIG,260950,21.57685496401966,1.5966219995669846,41.774237026681384,21,0,0,0,27
NO_PASSIVE,260951,328.80113047778667,0.7395385796602696,445.27907653515393,0,0,0,0,29
RANDOM,260951,10.627375586575658,1.5545316461574246,36.210394965481186,26,1,0,0,29
HIGHEST_SNR,260951,14.656594365901313,1.6407176605485891,34.91035816967522,26,1,0,0,29
SHORTEST_PULSE,260951,11.749738061111026,0.26424977746612505,36.12787278987097,27,0,0,0,29
METROLOGY_CONDITIONED_EIG,260951,14.656594365901313,1.6407176605485891,34.91035816967522,26,1,0,0,29
NO_PASSIVE,260952,288.1366692228333,1.528225336955231,445.27907653515393,0,0,0,0,131
RANDOM,260952,16.46235779851327,0.6288253450471801,19.325215587696906,58,0,0,0,131
HIGHEST_SNR,260952,50.92708535329495,1.4142139278510129,33.86730632175726,58,0,0,0,131
SHORTEST_PULSE,260952,2.7596641307589453,0.19748661070878343,15.372662004934465,58,0,0,0,131
METROLOGY_CONDITIONED_EIG,260952,5.091485576997549,0.14373132938350974,15.470738305548455,58,0,0,0,131
NO_PASSIVE,260953,461.75030711307767,3.2726087831153845,445.27907653515393,0,0,0,0,25
RANDOM,260953,27.01183394584054,1.1933312513735983,38.4224495370855,24,0,0,0,25
HIGHEST_SNR,260953,33.23707198629279,0.7482765078044972,38.64730341181141,24,0,0,0,25
SHORTEST_PULSE,260953,27.01183394584054,1.1933312513735983,38.4224495370855,24,0,0,0,25
METROLOGY_CONDITIONED_EIG,260953,27.01183394584054,1.1933312513735983,38.4224495370855,24,0,0,0,25
NO_PASSIVE,260954,199.79448072689732,1.670446474354253,445.27907653515393,0,0,0,0,36
RANDOM,260954,20.61880702024947,0.630214900043446,35.30377645678033,23,1,0,0,36
HIGHEST_SNR,260954,9.611173006679154,1.015090239223599,32.259697614204526,24,0,0,0,36
SHORTEST_PULSE,260954,23.894229147995556,0.5533880409949958,22.78032455596014,24,0,0,0,36
METROLOGY_CONDITIONED_EIG,260954,24.324149717466728,0.37966801192545674,22.776928067921354,24,0,0,0,36
NO_PASSIVE,260955,326.33774300682916,3.0367681816392653,445.27907653515393,0,0,0,0,23
RANDOM,260955,43.234365350378354,1.1634667579001305,41.03644013517281,19,0,0,0,23
HIGHEST_SNR,260955,53.45953876317015,1.3019213726544958,44.6437963328239,19,0,0,0,23
SHORTEST_PULSE,260955,46.16152065997562,0.8259466432145662,41.033728755110424,19,0,0,0,23
METROLOGY_CONDITIONED_EIG,260955,43.234365350378354,1.1634667579001305,41.03644013517281,19,0,0,0,23
NO_PASSIVE,260956,264.94177366233976,2.2837503468237963,445.27907653515393,0,0,0,0,137
RANDOM,260956,34.603733724520545,1.1854767574031153,26.16653179727332,59,1,0,0,137
HIGHEST_SNR,260956,16.549327907455673,0.4144576729760303,27.58757212432345,60,0,0,0,137
SHORTEST_PULSE,260956,10.4758238117333,0.3032226022839177,24.25766554922282,56,4,0,0,137
METROLOGY_CONDITIONED_EIG,260956,10.250224201856849,0.4035783495352971,21.048633418192374,58,2,0,0,137
NO_PASSIVE,260957,535.9937003134243,3.2830028181601807,445.27907653515393,0,0,0,0,99
RANDOM,260957,7.940462286524501,0.1326140819641913,22.615014516414607,56,2,0,0,99
HIGHEST_SNR,260957,13.743130557067543,2.6819301096241106,32.71665908166852,57,1,0,0,99
SHORTEST_PULSE,260957,13.174025950076448,0.6796242204526731,19.512037544973968,57,1,0,0,99
METROLOGY_CONDITIONED_EIG,260957,2.6195595665208216,0.30407015741042515,19.260737279684616,58,0,0,0,99
NO_PASSIVE,260958,461.38192636184584,2.2025442877217167,445.27907653515393,0,0,0,0,38
RANDOM,260958,22.12245135771506,1.4253330002077909,38.38884978335209,32,0,0,0,38
HIGHEST_SNR,260958,17.21983416132871,1.7285444941750414,38.750888834369874,32,0,0,0,38
SHORTEST_PULSE,260958,17.21983416132871,1.7285444941750414,38.750888834369874,32,0,0,0,38
METROLOGY_CONDITIONED_EIG,260958,22.15332259060746,1.4336476479774507,38.20618036650774,32,0,0,0,38
NO_PASSIVE,260959,714.7740099676466,1.4569105076126498,445.27907653515393,0,0,0,0,45
RANDOM,260959,13.292737654553587,0.36097396363878237,27.945977637424022,28,0,0,0,45
HIGHEST_SNR,260959,915.620147048549,1.215340142551217,309.1754038307942,24,4,0,0,45
SHORTEST_PULSE,260959,8.6696602363086,0.3900380327287881,25.753197178905086,27,1,0,0,45
METROLOGY_CONDITIONED_EIG,260959,5.875484470085725,0.30904590749070676,24.96780193365772,27,1,0,0,45
NO_PASSIVE,260960,91.45937565518298,2.053785951875213,445.27907653515393,0,0,0,0,64
RANDOM,260960,26.236707988656796,0.7259587928819721,22.38098672147152,42,0,0,0,64
HIGHEST_SNR,260960,7.835293890244883,0.2395390499595337,24.524573302473677,42,0,0,0,64
SHORTEST_PULSE,260960,17.285348461036815,0.6200105241473899,19.974731299184217,42,0,0,0,64
METROLOGY_CONDITIONED_EIG,260960,17.810926802641667,0.6109120751897826,19.52163330033879,42,0,0,0,64
NO_PASSIVE,260961,156.47568249803172,3.6735336017309708,445.27907653515393,0,0,0,0,126
RANDOM,260961,28.9112236819433,1.3435106088221211,30.539551747457487,60,0,0,0,126
HIGHEST_SNR,260961,62.59558326883726,3.6606594323401076,66.16386437638997,60,0,0,0,126
SHORTEST_PULSE,260961,33.48754722687318,1.2318885765956495,23.883624242633847,60,0,0,0,126
METROLOGY_CONDITIONED_EIG,260961,44.56686179121373,1.4797067737182452,23.7377189396653,60,0,0,0,126
NO_PASSIVE,260962,173.38664993368732,1.7406906365821024,445.27907653515393,0,0,0,0,55
RANDOM,260962,55.681609797979675,1.3445551968291394,61.240548299865566,48,0,0,0,55
HIGHEST_SNR,260962,240.87031751621703,1.5987519574547924,179.2155178498535,48,0,0,0,55
SHORTEST_PULSE,260962,240.87031751621703,1.5987519574547924,179.2155178498535,48,0,0,0,55
METROLOGY_CONDITIONED_EIG,260962,53.166658717720104,1.2357132296309574,58.554092677509736,48,0,0,0,55
NO_PASSIVE,260963,357.00406542235527,1.191753510625842,445.27907653515393,0,0,0,0,50
RANDOM,260963,23.8313420470809,0.2645527090225609,20.323651512523487,45,1,0,0,50
HIGHEST_SNR,260963,9.272734303166219,0.6187671964552273,18.69776594519646,46,0,0,0,50
SHORTEST_PULSE,260963,9.77803672915454,0.6609179594801418,18.09348522476073,46,0,0,0,50
METROLOGY_CONDITIONED_EIG,260963,24.292578118449885,0.257847992496901,20.29449371375295,45,1,0,0,50
NO_PASSIVE,260964,689.7748820139137,1.1766589428234344,445.27907653515393,0,0,0,0,42
RANDOM,260964,19.62351301458938,0.5495258744018154,39.0028979887397,31,0,0,0,42
HIGHEST_SNR,260964,7.713136961700317,0.6488891026510721,41.0710798535098,31,0,0,0,42
SHORTEST_PULSE,260964,27.5105631035012,1.1701708242860622,32.99587471094169,31,0,0,0,42
METROLOGY_CONDITIONED_EIG,260964,26.9477800160118,1.1400357905381115,32.813132826868255,31,0,0,0,42
NO_PASSIVE,260965,674.5665894444575,1.4486524880075364,445.27907653515393,0,0,0,0,89
RANDOM,260965,22.2925548093771,0.8435599559974768,45.890843739567934,52,1,0,0,89
HIGHEST_SNR,260965,37.63432450265806,1.0042005671535046,67.14324934672649,51,2,0,0,89
SHORTEST_PULSE,260965,16.533455255337742,0.650445832308932,36.636474800468086,52,1,0,0,89
METROLOGY_CONDITIONED_EIG,260965,36.883299942355166,0.663403522862193,36.3159691740268,52,1,0,0,89
NO_PASSIVE,260966,247.24418923190828,0.2238895823898879,445.27907653515393,0,0,0,0,136
RANDOM,260966,2.023046575100606,0.08055638813582745,23.715194095005447,52,2,0,0,136
HIGHEST_SNR,260966,11.551063377474561,0.30200477550085414,31.940528712416782,53,1,0,0,136
SHORTEST_PULSE,260966,6.718648479580859,0.3628060268645041,22.539574345204624,52,2,0,0,136
METROLOGY_CONDITIONED_EIG,260966,5.139239929869765,0.039819357822444834,18.97385894172392,52,2,0,0,136
NO_PASSIVE,260967,367.21224055406,1.61521760232067,445.27907653515393,0,0,0,0,13
RANDOM,260967,345.31781803494295,2.309295435903077,254.2015991135688,12,1,0,0,13
HIGHEST_SNR,260967,345.31781803494295,2.309295435903077,254.2015991135688,12,1,0,0,13
SHORTEST_PULSE,260967,345.31781803494295,2.309295435903077,254.2015991135688,12,1,0,0,13
METROLOGY_CONDITIONED_EIG,260967,345.31781803494295,2.309295435903077,254.2015991135688,12,1,0,0,13
NO_PASSIVE,260968,159.15986695008547,1.0304467903621153,445.27907653515393,0,0,0,0,24
RANDOM,260968,53.573686453162026,1.308902799253253,31.851864658413035,20,3,0,0,24
HIGHEST_SNR,260968,57.21281819392885,1.3095906672484812,31.752328857460867,20,3,0,0,24
SHORTEST_PULSE,260968,53.573686453162026,1.308902799253253,31.851864658413035,20,3,0,0,24
METROLOGY_CONDITIONED_EIG,260968,57.21281819392885,1.3095906672484812,31.752328857460867,20,3,0,0,24
NO_PASSIVE,260969,252.89638560551305,2.9669918079511572,445.27907653515393,0,0,0,0,46
RANDOM,260969,21.800342237413137,0.5764682724614604,26.616705821139572,36,0,0,0,46
HIGHEST_SNR,260969,24.442397235431542,0.6396643510659878,27.931272407726553,36,0,0,0,46
SHORTEST_PULSE,260969,22.964047185427244,0.6475432470745952,23.689176807579166,36,0,0,0,46
METROLOGY_CONDITIONED_EIG,260969,23.030118155009937,0.607366737928379,23.692378333106035,36,0,0,0,46
NO_PASSIVE,260970,358.85133739226933,0.7315110366340591,445.27907653515393,0,0,0,0,150
RANDOM,260970,32.55802516853476,0.5718851059050304,23.977533804177984,54,0,0,0,150
HIGHEST_SNR,260970,26.850629197454115,0.12338857784585638,31.28809952825753,54,0,0,0,150
SHORTEST_PULSE,260970,56.37589217117606,1.0675860469125729,26.36466001304032,54,0,0,0,150
METROLOGY_CONDITIONED_EIG,260970,32.1416634385744,1.0158623449667732,19.273787681743123,54,0,0,0,150
NO_PASSIVE,260971,788.9358429985274,0.6390892335170701,445.27907653515393,0,0,0,0,44
RANDOM,260971,20.35529567413961,0.4990034284354616,23.58294193604733,37,0,0,0,44
HIGHEST_SNR,260971,22.376749243391064,0.6900863311237846,23.65834425661587,37,0,0,0,44
SHORTEST_PULSE,260971,23.98314094232327,0.6690992581835521,22.70121093877459,37,0,0,0,44
METROLOGY_CONDITIONED_EIG,260971,19.33461960274821,0.45724930412409553,22.502470577775405,37,0,0,0,44
NO_PASSIVE,260972,176.10843369693944,1.2019946598370868,445.27907653515393,0,0,0,0,42
RANDOM,260972,35.13011882482507,0.9856818581333313,36.15066128463684,36,0,0,0,42
HIGHEST_SNR,260972,40.52865509496283,1.0716191177286534,34.77245435706386,36,0,0,0,42
SHORTEST_PULSE,260972,33.76381288289912,0.8736164253691272,33.435262987505524,36,0,0,0,42
METROLOGY_CONDITIONED_EIG,260972,23.24666872661267,0.6849724123705173,32.97108548880578,36,0,0,0,42
NO_PASSIVE,260973,476.08400177382805,0.6904981044924443,445.27907653515393,0,0,0,0,101
RANDOM,260973,22.889066425533304,0.4834201655183486,20.559796008531503,39,1,0,0,101
HIGHEST_SNR,260973,26.615620327309365,0.5811747016167473,25.08293968912159,40,0,0,0,101
SHORTEST_PULSE,260973,20.101041057163265,0.4746416071040516,19.341252394183105,40,0,0,0,101
METROLOGY_CONDITIONED_EIG,260973,19.6933968109141,0.34928817636160514,19.405530963370673,40,0,0,0,101
NO_PASSIVE,260974,632.1073943536579,1.3998399780155228,445.27907653515393,0,0,0,0,71
RANDOM,260974,24.701155599436657,1.289303642863712,34.68959314488565,50,1,0,0,71
HIGHEST_SNR,260974,69.15702120128277,1.984816285236995,38.75023545988582,51,0,0,0,71
SHORTEST_PULSE,260974,23.453234592876075,0.9185811136308116,33.06127748590044,51,0,0,0,71
METROLOGY_CONDITIONED_EIG,260974,41.925745384343166,1.3349232990235145,32.51159561528229,51,0,0,0,71
NO_PASSIVE,260975,409.1503376778848,3.202862259037042,445.27907653515393,0,0,0,0,57
RANDOM,260975,86.09898656235923,1.992407672848406,49.034234605988885,43,0,0,0,57
HIGHEST_SNR,260975,104.79235531228761,2.503706806535825,60.263624390670515,43,0,0,0,57
SHORTEST_PULSE,260975,84.82047400923007,1.8885056793181152,48.64764067541044,43,0,0,0,57
METROLOGY_CONDITIONED_EIG,260975,84.52626474077086,1.9368960202310372,47.5636450190513,43,0,0,0,57
NO_PASSIVE,260976,226.79144273349536,0.8674494588433977,445.27907653515393,0,0,0,0,46
RANDOM,260976,9.007257394709965,0.15350181902597548,28.72946085504043,40,0,0,0,46
HIGHEST_SNR,260976,14.687315690423937,0.3591274015917192,28.339893900162632,40,0,0,0,46
SHORTEST_PULSE,260976,13.871784773725981,0.14583556034248368,27.798204432191188,40,0,0,0,46
METROLOGY_CONDITIONED_EIG,260976,1.7519615329100109,0.1979475961638668,28.456570304228126,40,0,0,0,46
NO_PASSIVE,260977,280.5208311897342,1.2906477699857937,445.27907653515393,0,0,0,0,191
RANDOM,260977,13.658307409943946,0.7405120534905906,20.62623543777851,57,0,0,0,191
HIGHEST_SNR,260977,28.089030053497222,0.6315543412592599,21.398716129480142,56,1,0,0,191
SHORTEST_PULSE,260977,11.726902100950674,0.5369910739029887,17.20532548138463,56,1,0,0,191
METROLOGY_CONDITIONED_EIG,260977,22.40955722334535,0.6852204507955681,17.328833000295486,56,1,0,0,191
NO_PASSIVE,260978,137.2941963819102,1.8064859606728254,445.27907653515393,0,0,0,0,78
RANDOM,260978,39.561678280297706,0.27541601717837094,23.4981095909851,51,0,0,0,78
HIGHEST_SNR,260978,36.624051498336584,0.5908078746558738,26.418525115096188,51,0,0,0,78
SHORTEST_PULSE,260978,16.30798556329333,0.407620005592982,22.224637105511455,51,0,0,0,78
METROLOGY_CONDITIONED_EIG,260978,26.409422466291442,0.4657141284059036,21.31561770916203,51,0,0,0,78
NO_PASSIVE,260979,67.93742238464232,0.8454748595426247,445.27907653515393,0,0,0,0,181
RANDOM,260979,25.131550356077813,1.2440256516395225,31.785142589860563,56,2,0,0,181
HIGHEST_SNR,260979,17.233138143639355,1.0039305009576331,34.259868801280675,57,1,0,0,181
SHORTEST_PULSE,260979,23.446863975465906,0.7787892453105965,24.581597658940343,57,1,0,0,181
METROLOGY_CONDITIONED_EIG,260979,24.798446764050162,0.7213049384340522,21.581719558439207,57,1,0,0,181
NO_PASSIVE,260980,112.49259338971422,0.5378913675396614,445.27907653515393,0,0,0,0,137
RANDOM,260980,32.75021771188621,0.3699349660111587,42.22598929467659,56,0,0,0,137
HIGHEST_SNR,260980,56.04906106078684,0.48197603121899474,50.5934230551392,56,0,0,0,137
SHORTEST_PULSE,260980,11.937981429131904,0.3549383804691867,21.584159746559408,56,0,0,0,137
METROLOGY_CONDITIONED_EIG,260980,14.437346983644268,0.33887970208343193,21.760606516628673,56,0,0,0,137
NO_PASSIVE,260981,220.29327481063606,2.6501178905292235,445.27907653515393,0,0,0,0,51
RANDOM,260981,41.6861588497555,0.3345206788916227,41.52262478418259,40,0,0,0,51
HIGHEST_SNR,260981,22.37574225521911,1.1598085561515157,44.843450252464685,40,0,0,0,51
SHORTEST_PULSE,260981,44.21914845594498,0.5271798310462185,38.96210399023496,40,0,0,0,51
METROLOGY_CONDITIONED_EIG,260981,11.097998947018079,0.17799540396989008,38.00107339277418,40,0,0,0,51
NO_PASSIVE,260982,563.0925963828618,3.3188754367953064,445.27907653515393,0,0,0,0,112
RANDOM,260982,6.309518483560423,0.3443372083595245,17.8545327363607,55,1,0,0,112
HIGHEST_SNR,260982,28.497010991181508,0.7707653593065111,27.276437382079358,50,6,0,0,112
SHORTEST_PULSE,260982,18.440710082859884,0.4253911321423896,15.987139073658215,55,1,0,0,112
METROLOGY_CONDITIONED_EIG,260982,22.644088728526995,0.732617931488176,15.467384795328982,53,3,0,0,112
NO_PASSIVE,260983,198.5297054928015,2.079077303681972,445.27907653515393,0,0,0,0,93
RANDOM,260983,26.748563517830416,0.6763013039891237,21.530190174946235,57,2,0,0,93
HIGHEST_SNR,260983,15.886092149254289,1.306544394174531,24.436880089587092,59,0,0,0,93
SHORTEST_PULSE,260983,13.002504425127169,0.5783070973901387,16.38518543278301,59,0,0,0,93
METROLOGY_CONDITIONED_EIG,260983,15.404035815120574,0.4524253520290925,16.57454602612809,58,1,0,0,93
NO_PASSIVE,260984,427.3619546808357,2.3205148892417284,445.27907653515393,0,0,0,0,70
RANDOM,260984,18.229649127108363,0.622863410774047,26.073325525528986,50,0,0,0,70
HIGHEST_SNR,260984,22.606109412165814,0.5824602858975116,27.28408132822191,50,0,0,0,70
SHORTEST_PULSE,260984,22.606109412165814,0.5824602858975116,27.28408132822191,50,0,0,0,70
METROLOGY_CONDITIONED_EIG,260984,6.190819641878424,0.12435151401875927,24.65982855279836,50,0,0,0,70
NO_PASSIVE,260985,39.3163985372369,2.694983991042621,445.27907653515393,0,0,0,0,99
RANDOM,260985,21.65751585871681,0.6967199998344469,29.205673017220676,43,0,0,0,99
HIGHEST_SNR,260985,11.458056116042716,0.06565190521719876,32.978425934525326,42,1,0,0,99
SHORTEST_PULSE,260985,22.807358194423543,0.46014798596204975,29.227889421398515,43,0,0,0,99
METROLOGY_CONDITIONED_EIG,260985,7.404624765253978,0.30093228876162914,28.657176541972962,43,0,0,0,99
NO_PASSIVE,260986,182.16237579243105,2.1038087920946547,445.27907653515393,0,0,0,0,89
RANDOM,260986,10.203090774723135,0.33573543392919153,25.087035383578012,42,0,0,0,89
HIGHEST_SNR,260986,7.764463845650414,0.2858237593237485,36.39008172004273,42,0,0,0,89
SHORTEST_PULSE,260986,27.208946163897934,0.8405240501172705,18.476534162798757,42,0,0,0,89
METROLOGY_CONDITIONED_EIG,260986,27.208946163897934,0.8405240501172705,18.476534162798757,42,0,0,0,89
NO_PASSIVE,260987,339.0370761362261,1.8531942150150127,445.27907653515393,0,0,0,0,150
RANDOM,260987,15.84175809226206,0.3631377598079165,29.153115159631763,59,0,0,0,150
HIGHEST_SNR,260987,4.463790217898639,0.5635709801390718,24.474882639145097,58,1,0,0,150
SHORTEST_PULSE,260987,18.209072674226725,0.5139256397085914,26.73129260825796,59,0,0,0,150
METROLOGY_CONDITIONED_EIG,260987,21.609735947535533,0.8754482170714887,24.117368856714055,59,0,0,0,150
NO_PASSIVE,260988,533.7274036446512,3.283293238380974,445.27907653515393,0,0,0,0,78
RANDOM,260988,17.385511143752424,0.5473135263805626,24.697530649680985,34,0,0,0,78
HIGHEST_SNR,260988,31.087791339236443,0.643472001562277,37.70654494474699,33,1,0,0,78
SHORTEST_PULSE,260988,31.087791339236443,0.643472001562277,37.70654494474699,33,1,0,0,78
METROLOGY_CONDITIONED_EIG,260988,19.067547230373393,0.9992846853939191,23.83183685615668,33,1,0,0,78
NO_PASSIVE,260989,280.4624085172606,1.3368606860431753,445.27907653515393,0,0,0,0,21
RANDOM,260989,12.293575200700133,0.11159665745654589,37.62577970019732,18,0,0,0,21
HIGHEST_SNR,260989,8.55766657195048,0.3247994314891206,40.53734720131931,18,0,0,0,21
SHORTEST_PULSE,260989,8.55766657195048,0.3247994314891206,40.53734720131931,18,0,0,0,21
METROLOGY_CONDITIONED_EIG,260989,10.29402141054448,0.3462217281878047,38.75325655782493,18,0,0,0,21
NO_PASSIVE,260990,747.5942028748341,0.9834113350733278,445.27907653515393,0,0,0,0,122
RANDOM,260990,49.945533722893956,1.8078495232023826,33.90179609500846,59,1,0,0,122
HIGHEST_SNR,260990,22.13352565930092,0.33421308489402085,63.07751624109869,59,1,0,0,122
SHORTEST_PULSE,260990,27.311166239642517,0.8520373988011531,39.22737317875908,59,1,0,0,122
METROLOGY_CONDITIONED_EIG,260990,41.57166831698845,0.945507906412767,30.052151181300243,58,2,0,0,122
NO_PASSIVE,260991,508.5355811325815,3.307978763907613,445.27907653515393,0,0,0,0,82
RANDOM,260991,35.49211139262455,0.9706005858853871,31.5830720638516,44,1,0,0,82
HIGHEST_SNR,260991,9.2690247731482,0.5666534721983566,31.287485713994933,44,1,0,0,82
SHORTEST_PULSE,260991,27.009690645100886,0.2126778731272889,32.17038491943616,45,0,0,0,82
METROLOGY_CONDITIONED_EIG,260991,8.408106322382233,0.1778712564882829,29.22750029307924,45,0,0,0,82
NO_PASSIVE,260992,426.4743844733647,0.8460808426405724,445.27907653515393,0,0,0,0,128
RANDOM,260992,10.015027884031904,0.24288740211378404,20.484550369023967,56,0,0,0,128
HIGHEST_SNR,260992,27.938873678213913,0.6917107373362719,23.884683974552544,56,0,0,0,128
SHORTEST_PULSE,260992,19.817239095659712,0.7277343795941683,12.919149528576382,56,0,0,0,128
METROLOGY_CONDITIONED_EIG,260992,17.41875302655673,0.7085715608450734,12.67466894125837,56,0,0,0,128
NO_PASSIVE,260993,601.4287216740564,0.8410065265164622,445.27907653515393,0,0,0,0,52
RANDOM,260993,13.322327056371241,0.47218698507673285,35.204645160628274,33,0,0,0,52
HIGHEST_SNR,260993,30.61041454607377,0.7553353431742852,32.32623593932368,33,0,0,0,52
SHORTEST_PULSE,260993,12.709673908884094,0.6065568368264931,34.787185914657755,33,0,0,0,52
METROLOGY_CONDITIONED_EIG,260993,9.285989528528768,0.518148846770813,34.38736162674686,33,0,0,0,52
NO_PASSIVE,260994,468.91621040092656,0.90213839443213,445.27907653515393,0,0,0,0,127
RANDOM,260994,19.28583308243562,0.4308574854407401,19.956355185761346,57,0,0,0,127
HIGHEST_SNR,260994,14.875020140175417,0.0904164331395053,19.53900329277978,57,0,0,0,127
SHORTEST_PULSE,260994,9.748656082365262,0.17177133992566676,16.47222022233511,56,1,0,0,127
METROLOGY_CONDITIONED_EIG,260994,6.524220261701119,0.10815061769347432,16.27476941420818,56,1,0,0,127
NO_PASSIVE,260995,235.9234110891182,2.6313954725022417,445.27907653515393,0,0,0,0,86
RANDOM,260995,60.345274446534155,1.7844474775833707,28.07604416658774,52,1,0,0,86
HIGHEST_SNR,260995,60.48303632996726,1.767268704841968,25.644634381417752,53,0,0,0,86
SHORTEST_PULSE,260995,53.177447607333114,1.6921668615177572,27.200662797006917,53,0,0,0,86
METROLOGY_CONDITIONED_EIG,260995,59.18047238257221,1.6588393454033916,25.65512938784022,53,0,0,0,86
NO_PASSIVE,260996,398.17752995655906,0.8162471418525349,445.27907653515393,0,0,0,0,39
RANDOM,260996,27.146103126912188,0.9476674955279355,23.752421849186785,31,0,0,0,39
HIGHEST_SNR,260996,17.403727730701885,0.35045180234736495,23.74028877313617,31,0,0,0,39
SHORTEST_PULSE,260996,17.403727730701885,0.35045180234736495,23.74028877313617,31,0,0,0,39
METROLOGY_CONDITIONED_EIG,260996,27.300628956478654,0.8485001623770011,23.77852980045531,31,0,0,0,39
NO_PASSIVE,260997,392.4923610837955,2.358893619061312,445.27907653515393,0,0,0,0,120
RANDOM,260997,9.64667305847577,0.1974856075327712,22.422525933905206,56,0,0,0,120
HIGHEST_SNR,260997,14.758731073287594,0.8083033560730977,34.138347054078665,55,1,0,0,120
SHORTEST_PULSE,260997,3.3088709524743374,0.3140742119332535,17.730400610881315,56,0,0,0,120
METROLOGY_CONDITIONED_EIG,260997,10.515854228252472,0.4471796974122571,17.837005362147973,56,0,0,0,120
NO_PASSIVE,260998,161.46806521888357,2.807083119266885,445.27907653515393,0,0,0,0,136
RANDOM,260998,13.811323710596373,0.3917047216300757,19.928377214206698,56,0,0,0,136
HIGHEST_SNR,260998,35.00840149105555,0.9158585543181329,29.709846441090733,55,1,0,0,136
SHORTEST_PULSE,260998,18.31984344946692,0.63605150306244,16.22925200706935,56,0,0,0,136
METROLOGY_CONDITIONED_EIG,260998,23.177071034064088,0.8670615502941342,16.434466061573758,56,0,0,0,136
NO_PASSIVE,260999,264.93770181014565,2.592311408142544,445.27907653515393,0,0,0,0,50
RANDOM,260999,86.82455722492422,1.910205327341268,52.5935739483237,25,1,0,0,50
HIGHEST_SNR,260999,77.98794171791906,2.5345129723741864,61.43894859202806,25,1,0,0,50
SHORTEST_PULSE,260999,74.57504307850691,1.879195556453288,51.15370684452355,25,1,0,0,50
METROLOGY_CONDITIONED_EIG,260999,82.88733223192003,1.767186647277012,44.208980207137905,24,2,0,0,50
NO_PASSIVE,261000,118.49223676687119,0.383007905077866,445.27907653515393,0,0,0,0,112
RANDOM,261000,14.784068841751736,0.5201167823070599,25.62645142320611,58,0,0,0,112
HIGHEST_SNR,261000,36.184282529314444,0.7966601161413137,26.539968518186168,58,0,0,0,112
SHORTEST_PULSE,261000,38.971228735522054,0.8427019361126463,18.60322217228363,58,0,0,0,112
METROLOGY_CONDITIONED_EIG,261000,39.34462082146591,0.7875424028634013,19.078710356490994,57,1,0,0,112
NO_PASSIVE,261001,622.5709026052076,1.1685183142498166,445.27907653515393,0,0,0,0,71
RANDOM,261001,13.54237338736641,0.26279629322395237,27.20058231072167,41,0,0,0,71
HIGHEST_SNR,261001,7.47311324099344,0.6241389022814476,38.575596640616,41,0,0,0,71
SHORTEST_PULSE,261001,8.840406100326447,0.16680570299145864,29.449686019251672,41,0,0,0,71
METROLOGY_CONDITIONED_EIG,261001,2.5780496668691106,0.1271579414572157,25.98199799065224,41,0,0,0,71
NO_PASSIVE,261002,78.92314208690854,1.8099858065602283,445.27907653515393,0,0,0,0,77
RANDOM,261002,17.845860412355577,0.45502357735202154,21.054083290433432,50,0,0,0,77
HIGHEST_SNR,261002,29.28763441591768,1.056123406478078,21.07669370052422,50,0,0,0,77
SHORTEST_PULSE,261002,30.603058691053896,0.9230896898332354,20.943532879137777,50,0,0,0,77
METROLOGY_CONDITIONED_EIG,261002,16.76822873463615,0.5975776906730338,18.370211750868048,50,0,0,0,77
NO_PASSIVE,261003,687.4643728432384,1.1436686550025486,445.27907653515393,0,0,0,0,36
RANDOM,261003,10.525229291844001,0.1473253252694498,30.07218982511074,28,1,0,0,36
HIGHEST_SNR,261003,14.038927220893735,0.570554981278721,29.896269773242537,28,1,0,0,36
SHORTEST_PULSE,261003,10.823424414087429,0.46864171213225575,30.50360623031173,28,1,0,0,36
METROLOGY_CONDITIONED_EIG,261003,15.935791363170972,0.3837487971962631,29.802117458805416,28,1,0,0,36
NO_PASSIVE,261004,153.019357081035,3.4271856395792613,445.27907653515393,0,0,0,0,115
RANDOM,261004,41.4638632762148,1.3590116821485074,26.400301055991818,55,0,0,0,115
HIGHEST_SNR,261004,44.58801943320851,1.5577532122610116,32.406128185770804,55,0,0,0,115
SHORTEST_PULSE,261004,40.70074223163592,0.9309374397045002,23.989701957870516,54,1,0,0,115
METROLOGY_CONDITIONED_EIG,261004,27.67624850636569,0.6003912108568287,22.23273992559178,54,1,0,0,115
NO_PASSIVE,261005,217.1561468778172,2.035774773830283,445.27907653515393,0,0,0,0,72
RANDOM,261005,16.590740772598604,0.5472267471461658,26.79515041933752,28,0,0,0,72
HIGHEST_SNR,261005,18.93489111255995,0.42096940262976545,38.86859651494387,26,2,0,0,72
SHORTEST_PULSE,261005,24.68577006875383,0.6302394255744085,26.31329381004053,28,0,0,0,72
METROLOGY_CONDITIONED_EIG,261005,21.806888955725675,0.8201837026509595,22.33621593025661,28,0,0,0,72
NO_PASSIVE,261006,576.8806405409496,0.1277307240093555,445.27907653515393,0,0,0,0,36
RANDOM,261006,48.40851560471065,1.4149395910468938,50.07818889147356,33,0,0,0,36
HIGHEST_SNR,261006,33.741646168229074,0.8558130268773015,50.121534467748866,33,0,0,0,36
SHORTEST_PULSE,261006,48.94093882503428,1.3008195008485783,50.07343745916523,33,0,0,0,36
METROLOGY_CONDITIONED_EIG,261006,48.40851560471065,1.4149395910468938,50.07818889147356,33,0,0,0,36
NO_PASSIVE,261007,757.2665181394856,1.5847402919164881,445.27907653515393,0,0,0,0,63
RANDOM,261007,30.001884056876396,0.013475053169676008,71.64501295941717,54,0,0,0,63
HIGHEST_SNR,261007,272.4789166707011,0.32899356662902773,127.27610973116467,54,0,0,0,63
SHORTEST_PULSE,261007,29.595033916687818,0.051828563201492546,71.60657729808847,54,0,0,0,63
METROLOGY_CONDITIONED_EIG,261007,37.24279622517658,0.3096119692173581,72.54888732681917,54,0,0,0,63
NO_PASSIVE,261008,614.4625288348324,0.9218124592150428,445.27907653515393,0,0,0,0,103
RANDOM,261008,11.711609443793808,0.46224597704260206,20.589078235740494,54,1,0,0,103
HIGHEST_SNR,261008,20.341226687083612,0.8068289507898271,20.790501760476612,55,0,0,0,103
SHORTEST_PULSE,261008,10.852041637423653,0.43873966037337997,21.19356064147082,55,0,0,0,103
METROLOGY_CONDITIONED_EIG,261008,12.319810016855536,0.44060276093254164,20.816435991748214,54,1,0,0,103
NO_PASSIVE,261009,648.5519734292421,0.7196147236894042,445.27907653515393,0,0,0,0,143
RANDOM,261009,10.628009390347058,0.481608736401275,23.805901882459843,58,0,0,0,143
HIGHEST_SNR,261009,28.92035043387842,1.0243396325214498,38.60954123720154,57,1,0,0,143
SHORTEST_PULSE,261009,9.316487650811663,0.26194072383929723,18.294199824338442,58,0,0,0,143
METROLOGY_CONDITIONED_EIG,261009,10.955400078003036,0.37142185943957823,18.580230283995938,58,0,0,0,143
NO_PASSIVE,261010,699.0113405474206,3.926196570440272,445.27907653515393,0,0,0,0,133
RANDOM,261010,11.832703134235302,0.278466687327747,20.705462304491096,60,0,0,0,133
HIGHEST_SNR,261010,19.01193091249231,0.7911811640540417,24.05245118417311,60,0,0,0,133
SHORTEST_PULSE,261010,15.161544329132845,0.05722281629265636,19.624870698744665,60,0,0,0,133
METROLOGY_CONDITIONED_EIG,261010,17.331320645877383,0.6169704488592368,18.570066384755886,60,0,0,0,133
NO_PASSIVE,261011,479.8261283121456,1.6607062943680193,445.27907653515393,0,0,0,0,78
RANDOM,261011,32.0085580219874,0.5942469163892831,25.229480594183144,51,2,0,0,78
HIGHEST_SNR,261011,37.09413548010918,0.7588996651923298,24.79498774223104,52,1,0,0,78
SHORTEST_PULSE,261011,36.938543498047764,0.7818133210426488,24.237704940612666,52,1,0,0,78
METROLOGY_CONDITIONED_EIG,261011,36.43996208256127,0.7788501455372414,23.300598111017646,52,1,0,0,78
NO_PASSIVE,261012,264.09069505357155,0.39581633288198764,445.27907653515393,0,0,0,0,40
RANDOM,261012,23.118046104823534,0.7932144418792462,40.88653887878568,28,1,0,0,40
HIGHEST_SNR,261012,7.42975894589112,0.3590404253065821,46.802661358493395,28,1,0,0,40
SHORTEST_PULSE,261012,28.374501731242695,0.9953777142829834,37.31085740846886,28,1,0,0,40
METROLOGY_CONDITIONED_EIG,261012,24.585295870772462,0.6931923801081422,37.988564483324325,28,1,0,0,40
NO_PASSIVE,261013,309.65599622215643,0.7404767248743158,445.27907653515393,0,0,0,0,98
RANDOM,261013,43.71398471321366,0.9668794286798523,25.75340394803429,45,0,0,0,98
HIGHEST_SNR,261013,50.93010910522898,0.27392414417093564,39.56773278982235,45,0,0,0,98
SHORTEST_PULSE,261013,27.481283331563798,0.42072760268930737,25.164242296513535,44,1,0,0,98
METROLOGY_CONDITIONED_EIG,261013,30.966288791065566,0.7068140431036006,23.835772104887887,45,0,0,0,98
NO_PASSIVE,261014,595.5362348882559,5.397843678556876,445.27907653515393,0,0,0,0,83
RANDOM,261014,50.76770101906131,0.30284748064568295,30.221182419676317,49,1,0,0,83
HIGHEST_SNR,261014,38.49438961491538,0.2945689881532042,27.079434886913738,47,3,0,0,83
SHORTEST_PULSE,261014,24.44389451675345,0.22015733897375614,31.757071587352197,48,2,0,0,83
METROLOGY_CONDITIONED_EIG,261014,35.892838047518126,0.36975290040965414,25.416206975623332,48,2,0,0,83
NO_PASSIVE,261015,835.0856376746607,0.4268184014649855,445.27907653515393,0,0,0,0,61
RANDOM,261015,29.907693065137632,1.1229324641241663,45.76527229373797,38,1,0,0,61
HIGHEST_SNR,261015,26.187668659294868,0.829020060276377,47.51814235192251,38,1,0,0,61
SHORTEST_PULSE,261015,10.242868362458077,0.5413424957774583,41.98628244828139,35,4,0,0,61
METROLOGY_CONDITIONED_EIG,261015,6.950348872883806,0.23738299026114434,40.021461073794676,35,4,0,0,61
NO_PASSIVE,261016,301.5044186150391,3.515310479887819,445.27907653515393,0,0,0,0,22
RANDOM,261016,45.174571790499606,1.9793126408958341,50.03768101238398,18,0,0,0,22
HIGHEST_SNR,261016,49.21964139440267,1.9283088044565193,45.6761113618492,18,0,0,0,22
SHORTEST_PULSE,261016,49.21964139440267,1.9283088044565193,45.6761113618492,18,0,0,0,22
METROLOGY_CONDITIONED_EIG,261016,51.54395842962406,2.0448404979827175,45.54267959660445,18,0,0,0,22
NO_PASSIVE,261017,615.1971538572484,3.3591141859980342,445.27907653515393,0,0,0,0,116
RANDOM,261017,5.326775397792892,0.5987826077414116,18.464253071537673,53,0,0,0,116
HIGHEST_SNR,261017,19.53251638290092,0.3561517043159864,17.322358073887383,53,0,0,0,116
SHORTEST_PULSE,261017,11.811122040249217,0.368745919319787,19.34722493486467,53,0,0,0,116
METROLOGY_CONDITIONED_EIG,261017,14.009735796135784,0.6545082251957457,16.56293817001196,53,0,0,0,116
NO_PASSIVE,261018,707.7350689497921,0.9183997013887846,445.27907653515393,0,0,0,0,251
RANDOM,261018,45.584358446877665,1.027704344179707,23.371270049382513,58,2,0,0,251
HIGHEST_SNR,261018,26.823301646792956,0.3689371913701074,62.12200658001154,60,0,0,0,251
SHORTEST_PULSE,261018,27.144580270024615,0.6354149212728255,15.995313649962107,59,1,0,0,251
METROLOGY_CONDITIONED_EIG,261018,26.47722974809961,0.6775891441430376,16.002311401427065,59,1,0,0,251
NO_PASSIVE,261019,490.131025246112,2.7648816042425395,445.27907653515393,0,0,0,0,133
RANDOM,261019,23.22138383614306,0.8051198606095927,29.39243811765355,56,2,0,0,133
HIGHEST_SNR,261019,89.67160833464301,1.8746865192690525,44.13640619183325,58,0,0,0,133
SHORTEST_PULSE,261019,30.26505052198987,0.46736771961912515,20.004308018384265,57,1,0,0,133
METROLOGY_CONDITIONED_EIG,261019,11.856826211227132,0.3351940699547289,18.70864500224399,58,0,0,0,133
NO_PASSIVE,261020,338.14572935408256,1.710875398905574,445.27907653515393,0,0,0,0,79
RANDOM,261020,11.522811894343056,0.48400666089131156,17.450177692735682,53,2,0,0,79
HIGHEST_SNR,261020,20.3777180654246,0.6658514027652708,19.04364220371175,53,2,0,0,79
SHORTEST_PULSE,261020,8.477834022396312,0.333085169380389,16.468564593909004,55,0,0,0,79
METROLOGY_CONDITIONED_EIG,261020,12.92988761186295,0.370129428140306,16.2687382636174,55,0,0,0,79
NO_PASSIVE,261021,568.3098072277847,0.9788784290147257,445.27907653515393,0,0,0,0,116
RANDOM,261021,25.606021193219068,0.9538239976798057,19.833770660779315,53,0,0,0,116
HIGHEST_SNR,261021,13.663458127955813,0.6394370395614056,20.14802867259393,53,0,0,0,116
SHORTEST_PULSE,261021,12.860443358441351,0.5618470563890513,19.122066361572077,53,0,0,0,116
METROLOGY_CONDITIONED_EIG,261021,7.675672144970704,0.39217787317880504,18.871183446035868,53,0,0,0,116
NO_PASSIVE,261022,632.8043210767356,0.41619828263005443,445.27907653515393,0,0,0,0,18
RANDOM,261022,35.99749809083556,0.44104054898831574,29.13430965451816,17,0,0,0,18
HIGHEST_SNR,261022,35.99749809083556,0.44104054898831574,29.13430965451816,17,0,0,0,18
SHORTEST_PULSE,261022,35.99749809083556,0.44104054898831574,29.13430965451816,17,0,0,0,18
METROLOGY_CONDITIONED_EIG,261022,37.66881883491798,0.563270334616647,28.744902414191227,17,0,0,0,18
NO_PASSIVE,261023,566.8578731463543,3.088393368198998,445.27907653515393,0,0,0,0,61
RANDOM,261023,12.779152310736182,0.42217106614967953,21.307044312374057,47,1,0,0,61
HIGHEST_SNR,261023,13.190335208745205,0.33157676184316764,31.06134185500821,47,1,0,0,61
SHORTEST_PULSE,261023,8.204561964399808,0.1957644540242296,18.685100675718136,46,2,0,0,61
METROLOGY_CONDITIONED_EIG,261023,9.392030168589542,0.20550918979910224,19.000504660857878,46,2,0,0,61
NO_PASSIVE,261024,155.43650406125815,0.9650978984860585,445.27907653515393,0,0,0,0,119
RANDOM,261024,27.795225305642,0.7126441172760326,42.346606645698444,36,2,0,0,119
HIGHEST_SNR,261024,36.26593158121194,0.6961571009650034,53.87311224204857,37,1,0,0,119
SHORTEST_PULSE,261024,30.151684208934547,1.2402941141097512,45.04236734774687,37,1,0,0,119
METROLOGY_CONDITIONED_EIG,261024,63.52620281748838,1.2829318010157282,35.57669188491156,37,1,0,0,119
NO_PASSIVE,261025,346.16093686997027,0.5138200423350604,445.27907653515393,0,0,0,0,86
RANDOM,261025,16.919890194870355,0.28925246772933305,20.90018106332271,44,0,0,0,86
HIGHEST_SNR,261025,20.33908287433937,0.8178349227860858,25.843856264358532,43,1,0,0,86
SHORTEST_PULSE,261025,21.517238135969052,0.223845866653675,18.217146806467387,44,0,0,0,86
METROLOGY_CONDITIONED_EIG,261025,22.182392561165813,0.23068912973545716,18.190382465650437,44,0,0,0,86
NO_PASSIVE,261026,328.0834851393137,1.6640651664901027,445.27907653515393,0,0,0,0,135
RANDOM,261026,8.685316606936265,0.4070478253269274,18.289642305217217,59,0,0,0,135
HIGHEST_SNR,261026,11.990423747649784,0.6272697826171517,21.41056340180094,58,1,0,0,135
SHORTEST_PULSE,261026,9.353968304976581,0.6746470919207206,16.677158751378297,59,0,0,0,135
METROLOGY_CONDITIONED_EIG,261026,10.898175059090285,0.5318179720853653,17.680518315835876,59,0,0,0,135
NO_PASSIVE,261027,269.8970274804898,1.3700392088133053,445.27907653515393,0,0,0,0,39
RANDOM,261027,18.133171946378422,0.5365518441359538,28.341795592975892,32,0,0,0,39
HIGHEST_SNR,261027,24.732014545684788,0.9268191394521991,28.54421040427724,32,0,0,0,39
SHORTEST_PULSE,261027,23.66328566104851,0.9233339992908682,28.434646717777493,32,0,0,0,39
METROLOGY_CONDITIONED_EIG,261027,20.901847822891188,0.44120077667871826,27.422209032537182,32,0,0,0,39
NO_PASSIVE,261028,299.66867835471874,2.028496422736692,445.27907653515393,0,0,0,0,126
RANDOM,261028,32.76646061585531,1.3462566156668476,21.773081215150686,54,0,0,0,126
HIGHEST_SNR,261028,30.496604378216507,0.6051898149175562,23.117022153879663,54,0,0,0,126
SHORTEST_PULSE,261028,44.01074690178948,1.2751599383444534,21.519400621608497,54,0,0,0,126
METROLOGY_CONDITIONED_EIG,261028,46.16772228033574,1.260164047835899,21.413804087782655,54,0,0,0,126
NO_PASSIVE,261029,714.3847946253613,1.495978942702535,445.27907653515393,0,0,0,0,57
RANDOM,261029,5.812960695880328,0.37275351318620803,35.43145367387637,37,0,0,0,57
HIGHEST_SNR,261029,11.428278257226946,0.7509938175906405,39.029355198752036,37,0,0,0,57
SHORTEST_PULSE,261029,5.652918947284761,0.3553498410930569,34.06329089656523,37,0,0,0,57
METROLOGY_CONDITIONED_EIG,261029,3.327954839480462,0.616422703589858,33.97504388405029,37,0,0,0,57
NO_PASSIVE,261030,705.8675917285956,1.8463793059857823,445.27907653515393,0,0,0,0,106
RANDOM,261030,24.39403236424477,0.5342367827959936,29.27488455876881,43,0,0,0,106
HIGHEST_SNR,261030,22.985765765927752,0.8319142816954554,34.51028750093781,43,0,0,0,106
SHORTEST_PULSE,261030,9.596699479624517,0.33756400336802517,15.924023256896835,43,0,0,0,106
METROLOGY_CONDITIONED_EIG,261030,10.694491598002227,0.3697169966343491,15.857141742165732,43,0,0,0,106
NO_PASSIVE,261031,294.8362779308853,4.213545140209255,445.27907653515393,0,0,0,0,138
RANDOM,261031,19.888546203281646,0.7287559031323358,21.813935647246037,58,1,0,0,138
HIGHEST_SNR,261031,22.680033840738087,0.8455489092261407,22.436920048480147,59,0,0,0,138
SHORTEST_PULSE,261031,21.55343736505874,0.6914410727245932,19.45211564104528,58,1,0,0,138
METROLOGY_CONDITIONED_EIG,261031,20.675463866657765,0.637038554311973,18.063040236690206,57,2,0,0,138
NO_PASSIVE,261032,527.7713694904879,3.7718476334731728,445.27907653515393,0,0,0,0,118
RANDOM,261032,9.531599336883358,0.3098169152679648,14.530452060182704,56,2,0,0,118
HIGHEST_SNR,261032,10.518682836667969,0.5337427465036934,14.23056990132292,58,0,0,0,118
SHORTEST_PULSE,261032,1.5244950365382877,0.1263276081943163,12.874422580924678,58,0,0,0,118
METROLOGY_CONDITIONED_EIG,261032,5.079318963307888,0.36101300219968874,12.657588313310555,58,0,0,0,118
NO_PASSIVE,261033,92.70755150123381,0.5138546147837555,445.27907653515393,0,0,0,0,48
RANDOM,261033,14.957383499102738,0.6252726162254865,32.93757997874651,35,0,0,0,48
HIGHEST_SNR,261033,23.523264478305766,0.5616087422808713,33.6278065538606,35,0,0,0,48
SHORTEST_PULSE,261033,21.212642675025794,0.5207088048105195,25.513123515759176,35,0,0,0,48
METROLOGY_CONDITIONED_EIG,261033,21.212642675025794,0.5207088048105195,25.513123515759176,35,0,0,0,48
NO_PASSIVE,261034,130.0047231291962,1.9963687230713874,445.27907653515393,0,0,0,0,64
RANDOM,261034,37.67325344807589,1.0351027565163704,46.563590061665685,46,0,0,0,64
HIGHEST_SNR,261034,86.56438575569383,1.4366419010955893,88.95209200345846,46,0,0,0,64
SHORTEST_PULSE,261034,42.46399220528086,0.9661719717413051,42.29223551774021,46,0,0,0,64
METROLOGY_CONDITIONED_EIG,261034,40.85517987060156,0.9778772740761792,42.29789371149097,46,0,0,0,64
NO_PASSIVE,261035,579.1941404418284,1.0023243268871114,445.27907653515393,0,0,0,0,42
RANDOM,261035,38.831229772536055,1.1114471101629833,45.17294579523462,31,0,0,0,42
HIGHEST_SNR,261035,27.334323258083526,0.8369569279855363,43.247040599024984,31,0,0,0,42
SHORTEST_PULSE,261035,30.328209132539712,0.38453755781869253,42.70904157571935,31,0,0,0,42
METROLOGY_CONDITIONED_EIG,261035,31.0130634497111,0.47482591988946654,42.717572146214934,31,0,0,0,42
NO_PASSIVE,261036,533.0660284006443,1.6439901337358938,445.27907653515393,0,0,0,0,98
RANDOM,261036,7.3970028438922855,0.3601076013557771,24.05949301639718,53,1,0,0,98
HIGHEST_SNR,261036,9.15280742291871,0.6132236660804951,32.916577273494646,53,1,0,0,98
SHORTEST_PULSE,261036,5.939293259247979,0.589423806682607,24.605517200813182,54,0,0,0,98
METROLOGY_CONDITIONED_EIG,261036,13.213670532366272,1.002562747754453,23.02613970577795,54,0,0,0,98
NO_PASSIVE,261037,201.71512928586858,0.8460052836989325,445.27907653515393,0,0,0,0,60
RANDOM,261037,21.80719329347281,0.40070883105546723,45.10158528522126,50,1,0,0,60
HIGHEST_SNR,261037,34.60012978790277,0.8028869421928947,51.79076364056945,51,0,0,0,60
SHORTEST_PULSE,261037,21.80719329347281,0.40070883105546723,45.10158528522126,50,1,0,0,60
METROLOGY_CONDITIONED_EIG,261037,21.80719329347281,0.40070883105546723,45.10158528522126,50,1,0,0,60
NO_PASSIVE,261038,195.6919571876626,2.449979359505806,445.27907653515393,0,0,0,0,89
RANDOM,261038,14.357292535764978,0.1528457824321411,26.91638550123,44,0,0,0,89
HIGHEST_SNR,261038,21.50589206201386,0.4088147947838882,25.542762609846605,44,0,0,0,89
SHORTEST_PULSE,261038,11.240263469954652,0.4084939555906585,24.543674299779553,44,0,0,0,89
METROLOGY_CONDITIONED_EIG,261038,16.982388755797746,0.5443485234928145,25.103930343184572,44,0,0,0,89
NO_PASSIVE,261039,747.822214756228,1.7006909172184728,445.27907653515393,0,0,0,0,59
RANDOM,261039,95.01661168385604,1.1646627766380455,58.332566604699544,49,0,0,0,59
HIGHEST_SNR,261039,83.23376474803014,1.0281465871048991,59.58317403752316,49,0,0,0,59
SHORTEST_PULSE,261039,52.00716064359966,0.4568025355452351,56.36677178273166,49,0,0,0,59
METROLOGY_CONDITIONED_EIG,261039,52.72031400730164,0.5295012818267986,53.252534422736204,49,0,0,0,59
NO_PASSIVE,261040,231.68166469011607,1.5971349626419113,445.27907653515393,0,0,0,0,59
RANDOM,261040,1.8575923220746975,0.5308551944837817,25.255530863133508,45,0,0,0,59
HIGHEST_SNR,261040,2.9086335953972484,0.16610296898547794,27.308541089963917,45,0,0,0,59
SHORTEST_PULSE,261040,2.5231106316527745,0.1718618111236928,23.42737503368995,45,0,0,0,59
METROLOGY_CONDITIONED_EIG,261040,20.42885639985818,0.47293729186626504,23.63226405453542,45,0,0,0,59
NO_PASSIVE,261041,447.1888259442027,1.449117147023143,445.27907653515393,0,0,0,0,39
RANDOM,261041,30.177214540946135,0.2507162973861086,45.11307361947844,34,0,0,0,39
HIGHEST_SNR,261041,45.75786690353308,0.21452623611885202,60.023245024313006,34,0,0,0,39
SHORTEST_PULSE,261041,31.125527060514685,0.040351012166676185,45.07374954510666,34,0,0,0,39
METROLOGY_CONDITIONED_EIG,261041,31.024847091676023,0.25164554931792027,44.8806608627609,34,0,0,0,39
NO_PASSIVE,261042,361.61472516769413,1.230921069284021,445.27907653515393,0,0,0,0,116
RANDOM,261042,11.495355189842842,0.22956703229302108,34.056234325468616,56,1,0,0,116
HIGHEST_SNR,261042,12.311167649478863,0.38962480314556286,32.600450243286076,57,0,0,0,116
SHORTEST_PULSE,261042,8.705497836263456,1.152854031949377,36.52028140720331,57,0,0,0,116
METROLOGY_CONDITIONED_EIG,261042,39.56983936612974,0.8502710398209669,29.68960126632053,57,0,0,0,116
NO_PASSIVE,261043,55.74021120754686,1.886979862685374,445.27907653515393,0,0,0,0,46
RANDOM,261043,33.281184609259114,0.767210552536425,21.269983975199324,32,0,0,0,46
HIGHEST_SNR,261043,29.06373561516787,0.7509613230714738,22.24014265637238,32,0,0,0,46
SHORTEST_PULSE,261043,25.236115834577205,0.6000058487457466,20.587964022996353,32,0,0,0,46
METROLOGY_CONDITIONED_EIG,261043,15.784076926673109,0.38783731939785615,20.63623263000836,32,0,0,0,46
NO_PASSIVE,261044,545.5590529198446,1.9021266306725686,445.27907653515393,0,0,0,0,73
RANDOM,261044,19.701583570437545,1.3445830331724862,34.241235735123375,37,0,0,0,73
HIGHEST_SNR,261044,40.22424782895985,1.1761879006077856,31.291111056509294,37,0,0,0,73
SHORTEST_PULSE,261044,16.234424098155177,1.1456894832605968,30.591578168573662,37,0,0,0,73
METROLOGY_CONDITIONED_EIG,261044,44.213974145974284,1.501740247131382,30.155703778357605,37,0,0,0,73
NO_PASSIVE,261045,319.2895235597317,2.130938518656269,445.27907653515393,0,0,0,0,138
RANDOM,261045,15.197780509464877,0.4106527263187502,16.643421064791116,58,0,0,0,138
HIGHEST_SNR,261045,24.925673868726825,0.6782156920493513,27.886658039030213,58,0,0,0,138
SHORTEST_PULSE,261045,23.64860538411116,1.0039483765380186,23.62361072260953,58,0,0,0,138
METROLOGY_CONDITIONED_EIG,261045,8.632036389221563,0.47399185151205603,15.21968380500672,58,0,0,0,138
NO_PASSIVE,261046,417.08787330067577,2.82923088374536,445.27907653515393,0,0,0,0,107
RANDOM,261046,20.350598047191077,0.1601072078283448,38.06703607028143,55,0,0,0,107
HIGHEST_SNR,261046,46.15740864838271,1.3465602693696095,46.710190653952075,55,0,0,0,107
SHORTEST_PULSE,261046,26.762402314611993,0.5035728996594909,32.10094341461676,55,0,0,0,107
METROLOGY_CONDITIONED_EIG,261046,25.745563947370822,0.792030407886357,31.923755765051496,55,0,0,0,107
NO_PASSIVE,261047,339.70201870901315,1.0571626131044132,445.27907653515393,0,0,0,0,151
RANDOM,261047,25.2501567086321,0.7309944541535286,21.23222449615651,59,1,0,0,151
HIGHEST_SNR,261047,18.937527186582084,0.1129658083633691,34.94630885687937,60,0,0,0,151
SHORTEST_PULSE,261047,8.515950962970953,0.27016582516260795,14.521192293067775,60,0,0,0,151
METROLOGY_CONDITIONED_EIG,261047,12.880772801130611,0.42814361120925654,14.813840990691816,60,0,0,0,151
NO_PASSIVE,261048,178.70356730030034,2.554132754335195,445.27907653515393,0,0,0,0,62
RANDOM,261048,14.240371945426412,0.4056008990086784,24.43184633706979,46,0,0,0,62
HIGHEST_SNR,261048,35.77681044509001,0.8155198691674751,28.434444196785982,46,0,0,0,62
SHORTEST_PULSE,261048,4.764234656250137,0.3747015931847009,23.18844259886139,46,0,0,0,62
METROLOGY_CONDITIONED_EIG,261048,4.707254415300148,0.31497014874326423,22.908589415462846,45,1,0,0,62
NO_PASSIVE,261049,108.48836818392682,0.4412516769403147,445.27907653515393,0,0,0,0,87
RANDOM,261049,29.026719895807307,1.0956131058822633,27.650747387173148,50,1,0,0,87
HIGHEST_SNR,261049,61.927053544729034,1.790716396322632,34.42235322220528,51,0,0,0,87
SHORTEST_PULSE,261049,31.405037846451396,0.8118487114048615,21.237192629114517,51,0,0,0,87
METROLOGY_CONDITIONED_EIG,261049,21.472550101115427,0.4417341981589665,21.332754591524818,51,0,0,0,87
NO_PASSIVE,261050,163.70976388276108,3.9582768107172166,445.27907653515393,0,0,0,0,76
RANDOM,261050,8.88469432402945,0.41193129160829184,29.835802435677206,57,0,0,0,76
HIGHEST_SNR,261050,14.011409414019962,0.27058522126262147,29.823969311097546,57,0,0,0,76
SHORTEST_PULSE,261050,19.385116372032886,0.5012275669315482,28.30373419245129,56,1,0,0,76
METROLOGY_CONDITIONED_EIG,261050,24.75951717668948,0.7071146907407055,28.45563482970405,56,1,0,0,76
NO_PASSIVE,261051,375.0809986067675,2.24454264735138,445.27907653515393,0,0,0,0,59
RANDOM,261051,78.34542202041533,1.3966190832453205,49.03823174462427,42,0,0,0,59
HIGHEST_SNR,261051,82.09134838573725,1.223250605656945,57.63819138248013,42,0,0,0,59
SHORTEST_PULSE,261051,33.5922658381655,0.5661996512430884,37.22923540350452,42,0,0,0,59
METROLOGY_CONDITIONED_EIG,261051,35.86350316465746,0.7662201918707565,35.46006120230476,42,0,0,0,59
NO_PASSIVE,261052,344.6365061494453,2.9654614050896404,445.27907653515393,0,0,0,0,73
RANDOM,261052,6.099555731142037,0.5884399059157975,23.153280255958514,50,1,0,0,73
HIGHEST_SNR,261052,9.484868183704238,0.8185364079026336,24.70178595851978,50,1,0,0,73
SHORTEST_PULSE,261052,24.673987206819188,1.0126963718328013,20.490618571659503,50,1,0,0,73
METROLOGY_CONDITIONED_EIG,261052,22.060180908493443,1.045944738764518,20.731211509922005,51,0,0,0,73
NO_PASSIVE,261053,42.63296072275664,0.17601279611311638,445.27907653515393,0,0,0,0,86
RANDOM,261053,9.809435970309842,0.5723203345051868,35.27591223359157,36,0,0,0,86
HIGHEST_SNR,261053,47.547942948642735,0.5454892301794585,46.793657257334424,36,0,0,0,86
SHORTEST_PULSE,261053,28.460810421896067,0.8306759011278471,21.364584941488516,36,0,0,0,86
METROLOGY_CONDITIONED_EIG,261053,23.22658991784347,0.6850603573851732,22.22366322247716,36,0,0,0,86
NO_PASSIVE,261054,590.1351430810541,0.36204743950216417,445.27907653515393,0,0,0,0,25
RANDOM,261054,51.87979278137904,0.6604283258551376,32.792307039172734,25,0,0,0,25
HIGHEST_SNR,261054,51.87979278137904,0.6604283258551376,32.792307039172734,25,0,0,0,25
SHORTEST_PULSE,261054,51.87979278137904,0.6604283258551376,32.792307039172734,25,0,0,0,25
METROLOGY_CONDITIONED_EIG,261054,51.87979278137904,0.6604283258551376,32.792307039172734,25,0,0,0,25
NO_PASSIVE,261055,117.38882685229058,0.7018668891528624,445.27907653515393,0,0,0,0,61
RANDOM,261055,27.3115949474931,0.4465724495469824,26.416209207369327,42,0,0,0,61
HIGHEST_SNR,261055,24.883208846934735,0.35344162474068946,26.366656161610717,42,0,0,0,61
SHORTEST_PULSE,261055,36.49936453627901,0.5276950712359683,25.36702644307589,42,0,0,0,61
METROLOGY_CONDITIONED_EIG,261055,35.9331078335555,0.49761170455931175,25.375892772557904,42,0,0,0,61
NO_PASSIVE,261056,314.29017712481993,1.6217874523527367,445.27907653515393,0,0,0,0,60
RANDOM,261056,25.26503826731847,0.781731567805035,41.7493723438576,39,1,0,0,60
HIGHEST_SNR,261056,42.467032571936116,1.367758524737916,55.052017663750746,39,1,0,0,60
SHORTEST_PULSE,261056,39.667314905677415,1.109363441880899,39.051681810961064,39,1,0,0,60
METROLOGY_CONDITIONED_EIG,261056,38.58637791677479,1.0453543630919764,39.0949009657446,39,1,0,0,60
NO_PASSIVE,261057,509.69976882173137,1.3624097337443344,445.27907653515393,0,0,0,0,39
RANDOM,261057,35.13557939079845,1.1239534831908113,20.144595533383406,27,2,0,0,39
HIGHEST_SNR,261057,26.97652905094014,1.1861491685529941,20.18797179554891,28,1,0,0,39
SHORTEST_PULSE,261057,35.59917664381821,1.4238482309372045,19.838336752354284,28,1,0,0,39
METROLOGY_CONDITIONED_EIG,261057,26.720851043768775,1.0652135802486808,20.24229995769226,28,1,0,0,39
NO_PASSIVE,261058,170.3394741953779,3.8105010748377164,445.27907653515393,0,0,0,0,63
RANDOM,261058,77.51618467460608,1.5588467165718844,58.69398238426639,41,1,0,0,63
HIGHEST_SNR,261058,97.93882818746984,1.9185426729691326,60.61322256470999,41,1,0,0,63
SHORTEST_PULSE,261058,79.88034451654387,2.2268381007859577,57.70621112875065,41,1,0,0,63
METROLOGY_CONDITIONED_EIG,261058,37.123930986843305,0.7134691338505684,53.49781404776796,41,1,0,0,63
NO_PASSIVE,261059,551.4567569350113,2.695520843178614,445.27907653515393,0,0,0,0,121
RANDOM,261059,17.012741687745514,0.722693032155908,16.96381498727414,59,1,0,0,121
HIGHEST_SNR,261059,58.473881078772344,1.3233817595436252,29.607349194137605,60,0,0,0,121
SHORTEST_PULSE,261059,16.92462337297181,0.8388167191732069,14.64738902919442,59,1,0,0,121
METROLOGY_CONDITIONED_EIG,261059,19.115437993610406,0.9008413758113951,15.010014260300574,59,1,0,0,121
NO_PASSIVE,261060,225.54821604893894,2.321631844378834,445.27907653515393,0,0,0,0,30
RANDOM,261060,55.65393030192471,1.0979037724198508,37.65652076331885,26,0,0,0,30
HIGHEST_SNR,261060,50.846177141361025,1.1786052794912356,38.243483069812385,26,0,0,0,30
SHORTEST_PULSE,261060,61.146664095036606,1.475675261901829,37.48599511136686,26,0,0,0,30
METROLOGY_CONDITIONED_EIG,261060,55.65393030192471,1.0979037724198508,37.65652076331885,26,0,0,0,30
NO_PASSIVE,261061,314.4274822854825,1.879765821519552,445.27907653515393,0,0,0,0,35
RANDOM,261061,59.596819389357705,1.2736113730762313,42.168501723309234,29,1,0,0,35
HIGHEST_SNR,261061,38.516562990612954,0.9057377609056092,44.335524164608,30,0,0,0,35
SHORTEST_PULSE,261061,49.10165835795642,1.0479561511979647,42.85249982090534,30,0,0,0,35
METROLOGY_CONDITIONED_EIG,261061,44.19981700877515,0.8621842432638541,36.89819999770814,30,0,0,0,35
NO_PASSIVE,261062,328.83152248967696,1.1523672044159234,445.27907653515393,0,0,0,0,156
RANDOM,261062,2.185264159260708,0.18271897244551658,20.802356345335582,59,1,0,0,156
HIGHEST_SNR,261062,22.67062952303032,0.6915105127122936,24.57191469680089,60,0,0,0,156
SHORTEST_PULSE,261062,34.736410718382956,1.2356044796390024,22.148342860077403,59,1,0,0,156
METROLOGY_CONDITIONED_EIG,261062,21.886723077923325,0.7610808917042723,18.47323344885005,59,1,0,0,156
NO_PASSIVE,261063,310.7792045933082,2.058245307774902,445.27907653515393,0,0,0,0,64
RANDOM,261063,24.820156075728068,0.8275886758575774,32.828228916392796,46,0,0,0,64
HIGHEST_SNR,261063,32.12410342511031,1.8713885224285838,68.17081164153844,45,1,0,0,64
SHORTEST_PULSE,261063,13.145838655050147,0.2450327521326794,25.54397782228762,46,0,0,0,64
METROLOGY_CONDITIONED_EIG,261063,11.437127604616823,0.28101273591543885,24.77012776212062,45,1,0,0,64
NO_PASSIVE,261064,405.2941207438231,1.6227535487220552,445.27907653515393,0,0,0,0,52
RANDOM,261064,13.483903271027025,1.468545484549075,38.30009177411424,48,0,0,0,52
HIGHEST_SNR,261064,10.699858680824049,1.1420944010210348,38.32513956843146,48,0,0,0,52
SHORTEST_PULSE,261064,10.982715044597548,1.3627495807147467,37.70746647989842,48,0,0,0,52
METROLOGY_CONDITIONED_EIG,261064,8.570244728720484,1.070210643905941,37.152733917925396,48,0,0,0,52
NO_PASSIVE,261065,344.6173793044035,1.9415838913536625,445.27907653515393,0,0,0,0,142
RANDOM,261065,6.530884104689501,0.4378657332059817,18.691291922831446,58,1,0,0,142
HIGHEST_SNR,261065,27.262757284189775,1.0254632220731648,23.70243189876629,59,0,0,0,142
SHORTEST_PULSE,261065,12.45606583195684,0.6217143406234605,18.943100438963526,59,0,0,0,142
METROLOGY_CONDITIONED_EIG,261065,20.02511872933441,0.5337041615286828,17.11268604114604,58,1,0,0,142
NO_PASSIVE,261066,87.58175461138761,0.4151827436081883,445.27907653515393,0,0,0,0,137
RANDOM,261066,8.597383154561795,0.04385635155151436,24.161649831546764,47,1,0,0,137
HIGHEST_SNR,261066,13.930950773765453,0.837577027657166,25.895117145276142,46,2,0,0,137
SHORTEST_PULSE,261066,11.586851443794163,0.631701091608921,29.62164108228582,47,1,0,0,137
METROLOGY_CONDITIONED_EIG,261066,12.738275509084708,0.44062299608918337,19.46301573776523,47,1,0,0,137
NO_PASSIVE,261067,679.9348525047177,2.6791791662341247,445.27907653515393,0,0,0,0,131
RANDOM,261067,13.762199099892761,0.547051974469683,27.373671025937735,59,1,0,0,131
HIGHEST_SNR,261067,25.596443321888255,1.008097937683355,29.351796579232442,58,2,0,0,131
SHORTEST_PULSE,261067,18.874585592194187,0.5271452995101912,23.296687784947668,60,0,0,0,131
METROLOGY_CONDITIONED_EIG,261067,14.149407989300922,0.26810519882594386,23.47297995108046,60,0,0,0,131
NO_PASSIVE,261068,531.4055207454563,0.7645291354656186,445.27907653515393,0,0,0,0,138
RANDOM,261068,19.777470696051804,0.3317377231478964,18.494237945335648,58,0,0,0,138
HIGHEST_SNR,261068,9.818589460862569,0.5860487132806663,21.73673988141527,56,2,0,0,138
SHORTEST_PULSE,261068,14.96172722365488,0.2095640873115123,15.748826520146581,58,0,0,0,138
METROLOGY_CONDITIONED_EIG,261068,16.799103096539046,0.20725012331675574,15.648707661329928,58,0,0,0,138
NO_PASSIVE,261069,523.5223707138186,3.918951302772689,445.27907653515393,0,0,0,0,30
RANDOM,261069,35.02316985620384,1.9728116946831624,40.759359714529126,30,0,0,0,30
HIGHEST_SNR,261069,35.02316985620384,1.9728116946831624,40.759359714529126,30,0,0,0,30
SHORTEST_PULSE,261069,35.02316985620384,1.9728116946831624,40.759359714529126,30,0,0,0,30
METROLOGY_CONDITIONED_EIG,261069,35.02316985620384,1.9728116946831624,40.759359714529126,30,0,0,0,30
NO_PASSIVE,261070,222.43097617665697,2.3113390940142753,445.27907653515393,0,0,0,0,61
RANDOM,261070,11.835946396136464,0.8567332648234457,36.838777227195905,50,0,0,0,61
HIGHEST_SNR,261070,12.89622703795759,1.2905972355313762,39.75121699146653,50,0,0,0,61
SHORTEST_PULSE,261070,3.828996237561277,0.5615141406727686,38.41053543579993,50,0,0,0,61
METROLOGY_CONDITIONED_EIG,261070,3.7064773493035736,0.6141236589354832,35.38544276880214,50,0,0,0,61
NO_PASSIVE,261071,299.29828304707763,0.630768720627022,445.27907653515393,0,0,0,0,63
RANDOM,261071,40.87102693267437,0.7191606434645927,40.927716996069584,50,1,0,0,63
HIGHEST_SNR,261071,65.1976453424098,0.8213438296948945,72.48728439386487,51,0,0,0,63
SHORTEST_PULSE,261071,41.23939757599719,0.6748434517696924,40.710792985246464,50,1,0,0,63
METROLOGY_CONDITIONED_EIG,261071,45.45835106912606,0.7044056048294873,40.73428203226852,50,1,0,0,63
NO_PASSIVE,261072,191.81146181389673,2.0003420180980322,445.27907653515393,0,0,0,0,67
RANDOM,261072,28.369644100219404,0.5027597945444143,35.823355661786344,46,0,0,0,67
HIGHEST_SNR,261072,27.708211125846066,0.3451307875994015,39.02859125746144,46,0,0,0,67
SHORTEST_PULSE,261072,15.50710932227172,0.23325091503797518,35.920874081793045,46,0,0,0,67
METROLOGY_CONDITIONED_EIG,261072,15.941197554438425,0.24438316027059565,35.57221149335903,46,0,0,0,67
NO_PASSIVE,261073,345.62435979433957,2.059076811266542,445.27907653515393,0,0,0,0,19
RANDOM,261073,39.53254763883109,1.521802659569209,89.551401415336,18,0,0,0,19
HIGHEST_SNR,261073,39.53254763883109,1.521802659569209,89.551401415336,18,0,0,0,19
SHORTEST_PULSE,261073,37.58488655417528,1.6679470803928558,68.09579488164697,18,0,0,0,19
METROLOGY_CONDITIONED_EIG,261073,37.58488655417528,1.6679470803928558,68.09579488164697,18,0,0,0,19
NO_PASSIVE,261074,185.36252295310246,1.4010718971226153,445.27907653515393,0,0,0,0,106
RANDOM,261074,15.396348146332663,0.3915706136398169,20.765069923952048,52,0,0,0,106
HIGHEST_SNR,261074,8.771577330574596,0.3759342492475742,24.000762185171467,52,0,0,0,106
SHORTEST_PULSE,261074,6.577532155899866,0.40458476097622453,17.71858749701205,51,1,0,0,106
METROLOGY_CONDITIONED_EIG,261074,7.231520664785001,0.3359088858667824,17.581663684476794,52,0,0,0,106
NO_PASSIVE,261075,594.2852025868067,2.3774181456076917,445.27907653515393,0,0,0,0,144
RANDOM,261075,11.75639178927075,0.3270907011352317,20.129055565030367,54,0,0,0,144
HIGHEST_SNR,261075,41.287557884434285,0.6624369194563953,27.695111446202908,53,1,0,0,144
SHORTEST_PULSE,261075,1.565090116981692,0.07715515118788922,14.800716138703729,54,0,0,0,144
METROLOGY_CONDITIONED_EIG,261075,9.235841039146049,0.14853878099202647,14.355628039436167,54,0,0,0,144
NO_PASSIVE,261076,480.18832170491555,1.0245241752159968,445.27907653515393,0,0,0,0,69
RANDOM,261076,28.880746205025535,0.3201160932435402,24.17190405074057,44,0,0,0,69
HIGHEST_SNR,261076,6.331222517911076,0.5822161070176535,23.669528405736504,44,0,0,0,69
SHORTEST_PULSE,261076,14.072628136200008,0.4564050813267877,27.115502562587444,43,1,0,0,69
METROLOGY_CONDITIONED_EIG,261076,14.082257839330845,0.19465528716583114,23.253926249330156,43,1,0,0,69
NO_PASSIVE,261077,616.2618189952764,1.1602001165251385,445.27907653515393,0,0,0,0,56
RANDOM,261077,20.96580494941603,0.23904648372192439,26.46278612931039,39,0,0,0,56
HIGHEST_SNR,261077,6.469937914955333,0.19349353615888068,31.483354247647185,39,0,0,0,56
SHORTEST_PULSE,261077,17.019640301906453,0.37704150257059116,25.8709590571375,39,0,0,0,56
METROLOGY_CONDITIONED_EIG,261077,10.334020722525597,0.30801865483911967,25.730578891691902,38,1,0,0,56
NO_PASSIVE,261078,188.24093386826507,2.197147849746775,445.27907653515393,0,0,0,0,27
RANDOM,261078,66.43294408077175,0.9276747777586124,51.10665284325153,24,0,0,0,27
HIGHEST_SNR,261078,87.5625272159329,1.0233523814799441,51.62796465287722,23,1,0,0,27
SHORTEST_PULSE,261078,79.84927750387847,1.1426716057586004,54.230937901446374,24,0,0,0,27
METROLOGY_CONDITIONED_EIG,261078,87.5625272159329,1.0233523814799441,51.62796465287722,23,1,0,0,27
NO_PASSIVE,261079,90.41435230256964,1.271909457827648,445.27907653515393,0,0,0,0,103
RANDOM,261079,26.567487664770812,0.34874199421148533,54.96795337231303,51,1,0,0,103
HIGHEST_SNR,261079,11.205529497219755,0.9852003493123052,71.61349639008162,52,0,0,0,103
SHORTEST_PULSE,261079,47.12494869158172,0.9689211129633198,44.21271679905582,52,0,0,0,103
METROLOGY_CONDITIONED_EIG,261079,49.31745304964276,0.8223575236451032,44.070752845451985,52,0,0,0,103
NO_PASSIVE,261080,492.45621896453065,1.9369166767666142,445.27907653515393,0,0,0,0,41
RANDOM,261080,11.651252128007291,0.5203469114804596,22.288530620832883,35,0,0,0,41
HIGHEST_SNR,261080,24.11279104124699,0.5944073435639615,22.40659840686927,35,0,0,0,41
SHORTEST_PULSE,261080,10.658856694490352,0.4977497148562959,22.28800811184009,35,0,0,0,41
METROLOGY_CONDITIONED_EIG,261080,18.188626444945207,0.5912590024322695,22.341999126510796,35,0,0,0,41
NO_PASSIVE,261081,216.61055744827615,0.7048491248332298,445.27907653515393,0,0,0,0,147
RANDOM,261081,24.132761501917628,0.6135045557962308,18.837614764982114,57,0,0,0,147
HIGHEST_SNR,261081,17.709118696240193,0.4404621061379268,47.7766831136217,56,1,0,0,147
SHORTEST_PULSE,261081,7.256963341089676,0.16348013864367986,15.287647788839408,57,0,0,0,147
METROLOGY_CONDITIONED_EIG,261081,4.845099694901421,0.19414880505720883,15.437507332846616,57,0,0,0,147
NO_PASSIVE,261082,328.3836589466928,2.6558285257758136,445.27907653515393,0,0,0,0,102
RANDOM,261082,15.12981042226881,0.9486823303551768,28.39055568631255,40,1,0,0,102
HIGHEST_SNR,261082,16.785568248306344,0.37869333816977946,32.44538309216317,40,1,0,0,102
SHORTEST_PULSE,261082,31.88015620312347,0.7115936618034007,36.6868087528359,40,1,0,0,102
METROLOGY_CONDITIONED_EIG,261082,11.0375924807108,0.30583844241603936,26.343624459515564,40,1,0,0,102
NO_PASSIVE,261083,433.6274052817986,2.119789262269433,445.27907653515393,0,0,0,0,91
RANDOM,261083,15.273299262548099,0.5794767107566205,18.81226564682482,57,1,0,0,91
HIGHEST_SNR,261083,12.135390377495956,0.37900186614897236,20.490613545349724,57,1,0,0,91
SHORTEST_PULSE,261083,12.960161711206144,0.42290074809437567,15.417681481040344,58,0,0,0,91
METROLOGY_CONDITIONED_EIG,261083,11.253954397520145,0.38252465499823,15.390396969449313,58,0,0,0,91
NO_PASSIVE,261084,469.5516863768345,1.7304086076949283,445.27907653515393,0,0,0,0,55
RANDOM,261084,65.72540128519805,2.276203641002175,27.94800066526645,35,0,0,0,55
HIGHEST_SNR,261084,75.30148848972811,2.4296182282185055,28.627279938697782,35,0,0,0,55
SHORTEST_PULSE,261084,71.19463975147654,2.2729265270250187,27.791686487775163,35,0,0,0,55
METROLOGY_CONDITIONED_EIG,261084,75.10079910357257,2.414134566772963,28.182429187906365,35,0,0,0,55
NO_PASSIVE,261085,285.1651615643731,2.280412681406555,445.27907653515393,0,0,0,0,33
RANDOM,261085,75.19998820329477,1.4649131812288114,39.88510879941437,29,0,0,0,33
HIGHEST_SNR,261085,45.60393812259631,1.9546407073701386,46.82731693025793,28,1,0,0,33
SHORTEST_PULSE,261085,45.60393812259631,1.9546407073701386,46.82731693025793,28,1,0,0,33
METROLOGY_CONDITIONED_EIG,261085,29.680791136764057,1.6047610953492053,35.15231019443491,29,0,0,0,33
NO_PASSIVE,261086,316.09801635145953,1.7249532152226317,445.27907653515393,0,0,0,0,76
RANDOM,261086,19.64927563033239,0.6969144595605616,25.04138850184249,33,0,0,0,76
HIGHEST_SNR,261086,16.68573941022329,0.39936494879204276,36.96520837885804,33,0,0,0,76
SHORTEST_PULSE,261086,22.771205542523294,0.648639201218088,23.114507004642217,33,0,0,0,76
METROLOGY_CONDITIONED_EIG,261086,23.375244252997128,0.6734359289365064,22.945042680456137,33,0,0,0,76
NO_PASSIVE,261087,375.3607936020209,2.125932793459452,445.27907653515393,0,0,0,0,127
RANDOM,261087,79.67064906462384,2.363771549144738,31.076533305603604,59,1,0,0,127
HIGHEST_SNR,261087,28.849671097812625,1.0916894324117485,29.985855034539508,60,0,0,0,127
SHORTEST_PULSE,261087,37.53423817754681,1.907069458093077,40.9398080409314,60,0,0,0,127
METROLOGY_CONDITIONED_EIG,261087,42.49843166036431,1.7163792691348398,27.732553553040447,60,0,0,0,127
NO_PASSIVE,261088,806.4786578777006,4.106016022475457,445.27907653515393,0,0,0,0,79
RANDOM,261088,28.75205947451594,0.30480735489960037,18.09987192392005,55,0,0,0,79
HIGHEST_SNR,261088,25.95026649459947,0.25154802464114834,19.505986890505532,55,0,0,0,79
SHORTEST_PULSE,261088,27.059044525635755,0.3158957695319259,17.375324108224127,55,0,0,0,79
METROLOGY_CONDITIONED_EIG,261088,24.373246530710176,0.2319542595332303,17.54132080860817,55,0,0,0,79
NO_PASSIVE,261089,657.26326162544,3.148744172053589,445.27907653515393,0,0,0,0,70
RANDOM,261089,38.46327983786329,2.004648356666761,36.24798592614265,39,0,0,0,70
HIGHEST_SNR,261089,7.3812823556131395,1.3169415315709585,39.03902605014277,39,0,0,0,70
SHORTEST_PULSE,261089,11.616510773111184,1.0338160157849725,32.953730889852075,39,0,0,0,70
METROLOGY_CONDITIONED_EIG,261089,20.02031381808825,1.4585805196069759,32.813152312428784,38,1,0,0,70
NO_PASSIVE,261090,191.38092215438695,2.2707174624193094,445.27907653515393,0,0,0,0,43
RANDOM,261090,64.98413936812463,2.325689079500311,211.1169870326053,32,1,0,0,43
HIGHEST_SNR,261090,60.934123051277986,2.2189660690566457,209.25413557161093,32,1,0,0,43
SHORTEST_PULSE,261090,76.38917928837499,2.3027440133867847,211.4014831854462,32,1,0,0,43
METROLOGY_CONDITIONED_EIG,261090,7.8247556947707775,2.3295715260568177,204.42542841723596,32,1,0,0,43
NO_PASSIVE,261091,531.190800716493,2.0426241583763,445.27907653515393,0,0,0,0,100
RANDOM,261091,5.368483271111636,0.4948353351225648,16.189996606776244,57,0,0,0,100
HIGHEST_SNR,261091,9.816856790957058,0.9945143661559293,21.284351860409632,57,0,0,0,100
SHORTEST_PULSE,261091,8.081947172032807,0.43410006916147614,15.08802289700345,57,0,0,0,100
METROLOGY_CONDITIONED_EIG,261091,2.648999561280352,0.24566537409458522,14.786434781636505,57,0,0,0,100
NO_PASSIVE,261092,84.93682255624421,2.472020813499156,445.27907653515393,0,0,0,0,94
RANDOM,261092,5.143611466217017,0.4154861502583227,17.664858153149606,52,1,0,0,94
HIGHEST_SNR,261092,7.248109133879949,0.616456670035977,18.847934224404252,52,1,0,0,94
SHORTEST_PULSE,261092,0.9127266674937144,0.2669928517296026,16.79243085462359,53,0,0,0,94
METROLOGY_CONDITIONED_EIG,261092,7.180406722358382,0.5214868668129398,15.759865320011704,53,0,0,0,94
NO_PASSIVE,261093,295.77838467959907,1.1762940427003779,445.27907653515393,0,0,0,0,88
RANDOM,261093,10.396975388871851,0.49844261708528464,23.243959654308178,38,0,0,0,88
HIGHEST_SNR,261093,22.916354373644836,0.610835001295982,27.488282062015664,38,0,0,0,88
SHORTEST_PULSE,261093,14.626803393394134,0.3119018610773855,19.170540546296408,38,0,0,0,88
METROLOGY_CONDITIONED_EIG,261093,13.902356600849455,0.32984747017492316,19.049483243979036,38,0,0,0,88
NO_PASSIVE,261094,397.91825284549066,1.769258852092515,445.27907653515393,0,0,0,0,99
RANDOM,261094,21.774212295714268,0.9027180484941653,32.883976193348225,53,1,0,0,99
HIGHEST_SNR,261094,29.108965640198658,1.2814709614433342,29.69790743375018,54,0,0,0,99
SHORTEST_PULSE,261094,8.8923934007958,0.5875886974551805,30.780680407346225,53,1,0,0,99
METROLOGY_CONDITIONED_EIG,261094,11.915892788255892,0.7448568774583878,30.630753682233735,53,1,0,0,99
NO_PASSIVE,261095,639.6257823709049,2.555141622356957,445.27907653515393,0,0,0,0,40
RANDOM,261095,28.11906584169868,0.8682927938944995,29.857674439642228,32,0,0,0,40
HIGHEST_SNR,261095,16.819262199139544,0.5688708917037893,30.63175212432837,32,0,0,0,40
SHORTEST_PULSE,261095,45.90402652736436,1.3630672432944,28.633780418026546,31,1,0,0,40
METROLOGY_CONDITIONED_EIG,261095,29.048972603728274,1.0642899339463396,28.49497757819957,32,0,0,0,40
NO_PASSIVE,261096,369.9039324442902,0.6998194772835362,445.27907653515393,0,0,0,0,93
RANDOM,261096,3.908635790738929,0.33799609721270696,30.141961437916166,49,2,0,0,93
HIGHEST_SNR,261096,40.542690270256315,0.5845655402319075,39.77651371830057,51,0,0,0,93
SHORTEST_PULSE,261096,24.075555891088687,0.4945841467129988,21.99486029486029,51,0,0,0,93
METROLOGY_CONDITIONED_EIG,261096,9.775512666988105,0.3297679608403754,21.638299326175993,51,0,0,0,93
NO_PASSIVE,261097,456.60779725987845,2.6595642585702914,445.27907653515393,0,0,0,0,47
RANDOM,261097,49.31673442483137,1.1083129867101273,39.37160194475914,27,0,0,0,47
HIGHEST_SNR,261097,114.99218564549467,1.7174242260547583,49.98098642075359,26,1,0,0,47
SHORTEST_PULSE,261097,11.185350058398022,0.14085576718222226,39.8891424566692,27,0,0,0,47
METROLOGY_CONDITIONED_EIG,261097,21.838754955124045,0.6048346430756436,30.43269524880743,27,0,0,0,47
NO_PASSIVE,261098,241.69696834832158,1.2827008800572157,445.27907653515393,0,0,0,0,154
RANDOM,261098,34.38593469730573,0.7594522914980182,21.68703949577898,55,0,0,0,154
HIGHEST_SNR,261098,18.171339028872726,0.2890306426324815,24.001138675412868,55,0,0,0,154
SHORTEST_PULSE,261098,16.82777919312599,0.5841157073767825,21.28415535022881,55,0,0,0,154
METROLOGY_CONDITIONED_EIG,261098,11.193402337935314,0.29560927446997937,18.42463746892768,55,0,0,0,154
NO_PASSIVE,261099,467.82075834790214,0.7653276049924509,445.27907653515393,0,0,0,0,104
RANDOM,261099,4.608372953023447,0.3467207492029697,21.394109532455587,43,1,0,0,104
HIGHEST_SNR,261099,15.635375293632187,0.6718967582286063,23.647069233294786,44,0,0,0,104
SHORTEST_PULSE,261099,11.16309562822785,0.1597096891661988,17.8169339216708,42,2,0,0,104
METROLOGY_CONDITIONED_EIG,261099,4.604750159818326,0.08584440485061062,18.37169512677094,43,1,0,0,104
NO_PASSIVE,261100,187.45372661626322,2.37353165771313,445.27907653515393,0,0,0,0,89
RANDOM,261100,88.60749829426223,1.5619365520516468,45.645830817130616,37,0,0,0,89
HIGHEST_SNR,261100,67.94469304609552,1.9415321734618627,60.39337842015859,37,0,0,0,89
SHORTEST_PULSE,261100,25.81230452478261,0.5409541425407393,29.6262939407627,35,2,0,0,89
METROLOGY_CONDITIONED_EIG,261100,35.67436242814139,1.1246900436317306,26.87442508160322,37,0,0,0,89
NO_PASSIVE,261101,398.7459215087675,1.5432721135409646,445.27907653515393,0,0,0,0,141
RANDOM,261101,7.020052430971744,0.2404353687018677,24.093960311421128,57,0,0,0,141
HIGHEST_SNR,261101,8.568627033293684,0.32877343295473455,19.009940048617445,53,4,0,0,141
SHORTEST_PULSE,261101,6.9901375160033785,0.3054544710685181,16.754478078758385,56,1,0,0,141
METROLOGY_CONDITIONED_EIG,261101,5.676911172094853,0.4375716009467908,15.731252783867161,56,1,0,0,141
NO_PASSIVE,261102,378.7013292999918,1.6642106917218982,445.27907653515393,0,0,0,0,92
RANDOM,261102,8.211216916494653,0.30966459043744243,29.110520745434563,44,0,0,0,92
HIGHEST_SNR,261102,37.06806655831763,0.7188909878019172,27.363056152959352,43,1,0,0,92
SHORTEST_PULSE,261102,12.773328385301484,0.563689166789408,35.5380865407301,44,0,0,0,92
METROLOGY_CONDITIONED_EIG,261102,22.08913978144428,0.12208365301794932,26.472192694161695,44,0,0,0,92
NO_PASSIVE,261103,109.48167936401052,1.4670905995016972,445.27907653515393,0,0,0,0,105
RANDOM,261103,8.237174902725604,1.3001970185673644,41.58219866937438,57,0,0,0,105
HIGHEST_SNR,261103,15.482640917798413,1.4090874524991326,48.6285358204215,57,0,0,0,105
SHORTEST_PULSE,261103,20.493130883232144,1.4070154339033787,39.472751559896835,57,0,0,0,105
METROLOGY_CONDITIONED_EIG,261103,17.065388782567208,1.2142877189820287,38.20098559060072,57,0,0,0,105
NO_PASSIVE,261104,318.5842748628496,2.3904019134104657,445.27907653515393,0,0,0,0,123
RANDOM,261104,33.102097029432514,0.7251784027477045,27.8068539408187,59,1,0,0,123
HIGHEST_SNR,261104,26.64580840087914,0.9983801249135499,34.025152522976086,60,0,0,0,123
SHORTEST_PULSE,261104,72.29388761197445,1.3133668455632106,46.985923894380974,60,0,0,0,123
METROLOGY_CONDITIONED_EIG,261104,14.427409235928293,0.09939661097062712,22.546754947873655,60,0,0,0,123
NO_PASSIVE,261105,394.6595852526438,0.675234585730482,445.27907653515393,0,0,0,0,83
RANDOM,261105,18.486789028727586,0.23891767836593225,29.86929095608027,53,1,0,0,83
HIGHEST_SNR,261105,29.12940150122488,0.2958322793551834,32.71434371260803,53,1,0,0,83
SHORTEST_PULSE,261105,30.22889718192417,0.903329576952607,27.96943654363894,53,1,0,0,83
METROLOGY_CONDITIONED_EIG,261105,23.981114834577163,0.46099177922589957,27.02621721478643,53,1,0,0,83
NO_PASSIVE,261106,718.4761604329459,1.140245171655882,445.27907653515393,0,0,0,0,79
RANDOM,261106,21.619787617639297,0.8094996233658994,24.26777394409253,47,0,0,0,79
HIGHEST_SNR,261106,20.141635981714092,0.6037075625709822,24.6273481011476,45,2,0,0,79
SHORTEST_PULSE,261106,10.742642517717236,0.28782937383997453,19.555820404081043,40,7,0,0,79
METROLOGY_CONDITIONED_EIG,261106,3.733084505203069,0.11447082237734317,19.308782949346952,44,3,0,0,79
NO_PASSIVE,261107,329.5656452213778,1.9049050517077992,445.27907653515393,0,0,0,0,82
RANDOM,261107,22.661307184532966,0.7605599727713738,37.72964651638954,53,0,0,0,82
HIGHEST_SNR,261107,36.945550977206494,1.0074217005904182,56.14186734231496,53,0,0,0,82
SHORTEST_PULSE,261107,31.08375181454157,1.026739550378888,32.32709559825295,53,0,0,0,82
METROLOGY_CONDITIONED_EIG,261107,34.31698848973183,1.0199878607686277,30.021141454047605,53,0,0,0,82
NO_PASSIVE,261108,791.2896743555947,1.6287843630830772,445.27907653515393,0,0,0,0,99
RANDOM,261108,26.413677912716746,0.0864972249121652,27.868191119409754,53,0,0,0,99
HIGHEST_SNR,261108,15.511875224207978,0.07707696055140177,34.72149604402782,53,0,0,0,99
SHORTEST_PULSE,261108,16.264235466603104,0.4752405272078459,47.82323360819451,46,7,0,0,99
METROLOGY_CONDITIONED_EIG,261108,14.939356386530097,0.24639808828377105,21.865502464048284,52,1,0,0,99
NO_PASSIVE,261109,476.46941969127477,2.791968566252193,445.27907653515393,0,0,0,0,47
RANDOM,261109,82.39384083572891,1.3541372422555928,39.35521199267436,29,1,0,0,47
HIGHEST_SNR,261109,61.74025501851764,1.3178372424122877,38.777940435972056,30,0,0,0,47
SHORTEST_PULSE,261109,63.93168201960173,1.184003831617503,38.2502471929983,30,0,0,0,47
METROLOGY_CONDITIONED_EIG,261109,72.65326258840804,1.188358754366865,36.59078796251817,30,0,0,0,47
NO_PASSIVE,261110,173.70635235756538,2.6814362503751092,445.27907653515393,0,0,0,0,54
RANDOM,261110,14.013884486425777,0.5181018289492588,34.94798798936711,33,1,0,0,54
HIGHEST_SNR,261110,18.639397150326246,0.8100521053366944,43.004673715486,33,1,0,0,54
SHORTEST_PULSE,261110,17.41062731031915,0.3770017847999373,26.952665134940453,33,1,0,0,54
METROLOGY_CONDITIONED_EIG,261110,32.18829668408373,0.12518828754765055,29.100467768894244,33,1,0,0,54
NO_PASSIVE,261111,271.466643560881,1.595136813963264,445.27907653515393,0,0,0,0,117
RANDOM,261111,10.187468736854955,0.33124767133928884,27.99624306138501,48,0,0,0,117
HIGHEST_SNR,261111,12.315397941513343,0.20193371425971599,25.17484826315722,48,0,0,0,117
SHORTEST_PULSE,261111,7.949804989029638,0.4496619746134493,17.793702436691234,48,0,0,0,117
METROLOGY_CONDITIONED_EIG,261111,12.27443314532816,0.36738678141727654,18.304783924719267,48,0,0,0,117
NO_PASSIVE,261112,312.4556032951007,3.0912189952154887,445.27907653515393,0,0,0,0,139
RANDOM,261112,5.145271979619403,0.42757876814120305,25.648776614309845,57,1,0,0,139
HIGHEST_SNR,261112,5.417827055436392,0.4595154656677512,19.51133568256351,57,1,0,0,139
SHORTEST_PULSE,261112,35.288049032433086,0.8725549336137934,26.5090046260839,56,2,0,0,139
METROLOGY_CONDITIONED_EIG,261112,5.198595425285772,0.47846333870037094,19.567502452106684,57,1,0,0,139
NO_PASSIVE,261113,117.73780403042281,1.8713532577766983,445.27907653515393,0,0,0,0,75
RANDOM,261113,24.779291888674475,0.6137612498226979,19.204429825818732,57,0,0,0,75
HIGHEST_SNR,261113,24.356644952738037,0.5132575094358546,20.000685706135982,57,0,0,0,75
SHORTEST_PULSE,261113,25.67149945092247,0.49782721788831125,18.849972910785592,57,0,0,0,75
METROLOGY_CONDITIONED_EIG,261113,25.67149945092247,0.49782721788831125,18.849972910785592,57,0,0,0,75
NO_PASSIVE,261114,354.92247464804086,1.7331941758691054,445.27907653515393,0,0,0,0,42
RANDOM,261114,11.242926617690669,0.49494078828974547,17.207841132547763,34,2,0,0,42
HIGHEST_SNR,261114,7.635290905795204,0.4712109796158571,17.537655794431142,34,2,0,0,42
SHORTEST_PULSE,261114,15.303012448343075,0.5283810954372933,16.984255894902127,35,1,0,0,42
METROLOGY_CONDITIONED_EIG,261114,13.879743386835205,0.4879050852327167,17.147096597068185,34,2,0,0,42
NO_PASSIVE,261115,60.35255742935914,0.18248884231840065,445.27907653515393,0,0,0,0,101
RANDOM,261115,13.047345085736072,0.5991237738654988,32.725687535685644,59,1,0,0,101
HIGHEST_SNR,261115,16.23321992552284,0.6375033761913237,37.426624594279474,59,1,0,0,101
SHORTEST_PULSE,261115,17.396502810777708,0.6098789679498987,34.15967347103227,59,1,0,0,101
METROLOGY_CONDITIONED_EIG,261115,22.83825256026438,0.4450793884679346,28.993816422308043,60,0,0,0,101
NO_PASSIVE,261116,142.84497628175433,0.9510155787205024,445.27907653515393,0,0,0,0,108
RANDOM,261116,20.913187300236277,0.6093648151486246,23.37385299066153,53,0,0,0,108
HIGHEST_SNR,261116,9.585147979029719,0.17098375549916975,30.390154782487997,53,0,0,0,108
SHORTEST_PULSE,261116,45.09650315813226,1.2625990038627837,21.782775801996717,53,0,0,0,108
METROLOGY_CONDITIONED_EIG,261116,34.385120367874386,1.0275896654735628,21.442664713275274,53,0,0,0,108
NO_PASSIVE,261117,320.9885346493507,0.45062705582783713,445.27907653515393,0,0,0,0,91
RANDOM,261117,17.99289732635734,0.2726384055837978,28.62238719380105,39,1,0,0,91
HIGHEST_SNR,261117,19.855784184357518,0.15944488702474638,29.686612802462896,39,1,0,0,91
SHORTEST_PULSE,261117,8.699851008472383,0.56463332411856,27.900610055595997,40,0,0,0,91
METROLOGY_CONDITIONED_EIG,261117,34.574884977960025,0.5670373473332782,23.42729916196708,40,0,0,0,91
NO_PASSIVE,261118,586.2013618383528,2.0583342816991306,445.27907653515393,0,0,0,0,86
RANDOM,261118,21.87006224244784,0.7262193270032304,18.554635217733594,45,1,0,0,86
HIGHEST_SNR,261118,42.41934790960204,0.8256921661170875,29.43900099376022,46,0,0,0,86
SHORTEST_PULSE,261118,33.45639341510592,1.0669829851518786,16.75780969482574,46,0,0,0,86
METROLOGY_CONDITIONED_EIG,261118,20.753668090044943,0.8300441748193982,16.76138931247413,46,0,0,0,86
NO_PASSIVE,261119,247.38265728294238,2.8661679929542516,445.27907653515393,0,0,0,0,84
RANDOM,261119,8.006493963453307,0.24056558598227948,16.547175285231713,44,1,0,0,84
HIGHEST_SNR,261119,29.540509637867032,0.7360311819117396,36.77397914965323,45,0,0,0,84
SHORTEST_PULSE,261119,17.740576107989646,0.40418874535711535,15.632154341684176,45,0,0,0,84
METROLOGY_CONDITIONED_EIG,261119,11.006456089015447,0.23249319641717786,14.824040856580364,43,2,0,0,84
NO_PASSIVE,261120,346.640048595854,2.2827248875681816,445.27907653515393,0,0,0,0,60
RANDOM,261120,27.976970546501406,0.7494243409018144,30.5622687343641,40,1,0,0,60
HIGHEST_SNR,261120,35.691948712774845,1.2627291908469762,39.24723549536734,41,0,0,0,60
SHORTEST_PULSE,261120,4.2147858555016535,0.21984460916030518,25.532659229782325,41,0,0,0,60
METROLOGY_CONDITIONED_EIG,261120,2.4071090120148533,0.2599886563622059,25.478325308052163,40,1,0,0,60
NO_PASSIVE,261121,105.55669934756772,1.6502637380987057,445.27907653515393,0,0,0,0,89
RANDOM,261121,90.90503590345689,2.3799049388321514,34.531483428535275,34,2,0,0,89
HIGHEST_SNR,261121,26.910047754345015,1.0787374219946022,43.648357290099966,36,0,0,0,89
SHORTEST_PULSE,261121,10.223941773882963,0.06901277875443179,26.53461000924199,36,0,0,0,89
METROLOGY_CONDITIONED_EIG,261121,24.10394668748137,0.6785921056966613,26.78630899158192,36,0,0,0,89
NO_PASSIVE,261122,515.9395818492119,2.1759601596301823,445.27907653515393,0,0,0,0,65
RANDOM,261122,24.825683363597687,0.6052231008393552,23.486117341899146,48,1,0,0,65
HIGHEST_SNR,261122,16.427961394281265,0.5029303751448115,22.05898857448853,49,0,0,0,65
SHORTEST_PULSE,261122,16.427961394281265,0.5029303751448115,22.05898857448853,49,0,0,0,65
METROLOGY_CONDITIONED_EIG,261122,16.427961394281265,0.5029303751448115,22.05898857448853,49,0,0,0,65
NO_PASSIVE,261123,496.51717355781966,2.570529215086813,445.27907653515393,0,0,0,0,68
RANDOM,261123,26.07006136001194,0.37537617375884824,26.024122048541475,34,0,0,0,68
HIGHEST_SNR,261123,10.497939997925457,0.5379103449295461,38.391809833942425,34,0,0,0,68
SHORTEST_PULSE,261123,26.91291408993508,0.9588677734231532,27.607683093955963,34,0,0,0,68
METROLOGY_CONDITIONED_EIG,261123,43.390703134310144,1.0494401829217468,26.464223755786428,34,0,0,0,68
NO_PASSIVE,261124,195.74554595027135,2.569203658214686,445.27907653515393,0,0,0,0,126
RANDOM,261124,11.344750375299006,0.7478171810027165,17.536563027802696,60,0,0,0,126
HIGHEST_SNR,261124,26.518026527416893,0.32511746208092573,30.69393111302228,60,0,0,0,126
SHORTEST_PULSE,261124,9.68883845419433,0.5133067358538084,16.199886924817775,60,0,0,0,126
METROLOGY_CONDITIONED_EIG,261124,9.330502093165796,0.470190618447189,15.157078542811712,60,0,0,0,126
NO_PASSIVE,261125,542.9995158921245,2.8071673274551525,445.27907653515393,0,0,0,0,140
RANDOM,261125,1.5877178117066197,0.16406704078921514,30.229311648573606,59,1,0,0,140
HIGHEST_SNR,261125,32.17244348551732,0.6413790192614521,28.378551382952057,58,2,0,0,140
SHORTEST_PULSE,261125,30.431597366217407,0.756530766444168,26.80159817678784,60,0,0,0,140
METROLOGY_CONDITIONED_EIG,261125,17.203574113621016,0.5229381026837822,24.030189034908933,60,0,0,0,140
NO_PASSIVE,261126,407.8295760285753,0.8243448552857064,445.27907653515393,0,0,0,0,47
RANDOM,261126,48.943750236492086,0.738545762373536,63.32995910398979,39,1,0,0,47
HIGHEST_SNR,261126,48.50474399289955,0.878892314665786,63.33077542866993,39,1,0,0,47
SHORTEST_PULSE,261126,27.693389978315945,1.0405797377238097,34.391371374822725,38,2,0,0,47
METROLOGY_CONDITIONED_EIG,261126,25.593965226171147,1.061249559831196,33.88270837760611,39,1,0,0,47
NO_PASSIVE,261127,189.88680683797074,1.0008583169368157,445.27907653515393,0,0,0,0,125
RANDOM,261127,21.959026069057945,0.5135157750694567,25.850255053228846,55,2,0,0,125
HIGHEST_SNR,261127,85.13639859344431,2.393382275591933,37.48806520674443,56,1,0,0,125
SHORTEST_PULSE,261127,10.94212138667422,0.40147704125801353,18.08383874192984,56,1,0,0,125
METROLOGY_CONDITIONED_EIG,261127,6.155485251974735,0.4680996469271953,17.96203586907768,56,1,0,0,125
NO_PASSIVE,261128,409.68227157998984,2.235215971400247,445.27907653515393,0,0,0,0,113
RANDOM,261128,17.466356899863115,0.8120548539441749,22.791301422194614,59,1,0,0,113
HIGHEST_SNR,261128,10.707833868229823,0.033124915867839146,26.068110386344646,60,0,0,0,113
SHORTEST_PULSE,261128,16.553691700439874,0.38054278234106287,20.8821754496537,59,1,0,0,113
METROLOGY_CONDITIONED_EIG,261128,14.401048840894662,0.20649607937502584,20.87846803350869,59,1,0,0,113
NO_PASSIVE,261129,451.0627329063875,0.8566277997264214,445.27907653515393,0,0,0,0,77
RANDOM,261129,24.234176000947233,0.13077364974085115,31.87359114953419,58,1,0,0,77
HIGHEST_SNR,261129,23.91076244094097,0.2343167407991209,31.004272570871887,59,0,0,0,77
SHORTEST_PULSE,261129,31.338707145024358,0.5656971432651118,31.754394759153584,58,1,0,0,77
METROLOGY_CONDITIONED_EIG,261129,28.026182813828914,0.2078542817901534,30.563138064565656,59,0,0,0,77
NO_PASSIVE,261130,361.9356983053776,1.4221045506587744,445.27907653515393,0,0,0,0,78
RANDOM,261130,4.873333319030602,0.24870497037765024,21.463624865931454,54,0,0,0,78
HIGHEST_SNR,261130,16.510834119090344,0.2554902538736397,20.799701662269932,54,0,0,0,78
SHORTEST_PULSE,261130,11.326048914819447,0.2585859869315153,22.322028097631588,53,1,0,0,78
METROLOGY_CONDITIONED_EIG,261130,16.211128642574586,0.2438606653675226,20.544645856434958,54,0,0,0,78
NO_PASSIVE,261131,213.7286282917815,0.3085283251091935,445.27907653515393,0,0,0,0,119
RANDOM,261131,21.172831136271302,0.1843403109330242,27.367538891262555,46,2,0,0,119
HIGHEST_SNR,261131,8.994885170133566,0.6388788750128246,30.38985521823325,45,3,0,0,119
SHORTEST_PULSE,261131,54.92662097701554,0.2283935094480314,44.13539252513681,44,4,0,0,119
METROLOGY_CONDITIONED_EIG,261131,2.624982696645203,0.15228452920245777,25.463263789891503,47,1,0,0,119
NO_PASSIVE,261132,150.6577581284812,3.043547040332964,445.27907653515393,0,0,0,0,150
RANDOM,261132,10.082423755599475,0.496106415928319,28.547746428016588,60,0,0,0,150
HIGHEST_SNR,261132,36.96712965454658,0.7752834791263395,38.38637137576542,60,0,0,0,150
SHORTEST_PULSE,261132,31.60335288692212,0.7546607771418258,20.48331069362184,60,0,0,0,150
METROLOGY_CONDITIONED_EIG,261132,39.76165467656138,0.8779250480656485,20.050377742776075,60,0,0,0,150
NO_PASSIVE,261133,161.2102542102883,1.337825010375681,445.27907653515393,0,0,0,0,154
RANDOM,261133,36.172679845859896,1.2206083549610838,22.216626038653448,60,0,0,0,154
HIGHEST_SNR,261133,11.277275797478302,1.1224093330653993,23.82989087280161,60,0,0,0,154
SHORTEST_PULSE,261133,22.54738601458735,0.9183372203985843,22.219246509506227,60,0,0,0,154
METROLOGY_CONDITIONED_EIG,261133,8.072757141777172,0.7418570532214057,20.847645782819516,60,0,0,0,154
NO_PASSIVE,261134,587.5709954996046,2.9750386175797314,445.27907653515393,0,0,0,0,66
RANDOM,261134,16.530773414613005,0.18155556767582928,23.66140435824256,45,2,0,0,66
HIGHEST_SNR,261134,19.548928133217206,0.3409586840247689,24.25586539736005,46,1,0,0,66
SHORTEST_PULSE,261134,8.363369646693288,0.1901307709472362,23.757138619586847,45,2,0,0,66
METROLOGY_CONDITIONED_EIG,261134,12.923096132062112,0.058657924956166375,23.38922464137592,45,2,0,0,66
NO_PASSIVE,261135,60.85917207881174,0.37530146657729835,445.27907653515393,0,0,0,0,52
RANDOM,261135,48.37375738740018,0.8301290885356268,33.23915361746472,41,0,0,0,52
HIGHEST_SNR,261135,33.98393196249055,0.3738147479592823,35.16040707508248,41,0,0,0,52
SHORTEST_PULSE,261135,32.92965446319061,0.5744853071175083,31.086512930529825,41,0,0,0,52
METROLOGY_CONDITIONED_EIG,261135,31.86498642584849,0.4536043332140728,31.2614836174526,41,0,0,0,52
NO_PASSIVE,261136,391.707837850387,0.9450084609236046,445.27907653515393,0,0,0,0,29
RANDOM,261136,40.96563689236794,0.14227253662155168,27.35148694021676,25,0,0,0,29
HIGHEST_SNR,261136,32.739849123712446,0.01887977187515468,27.14767508515912,25,0,0,0,29
SHORTEST_PULSE,261136,40.96563689236794,0.14227253662155168,27.35148694021676,25,0,0,0,29
METROLOGY_CONDITIONED_EIG,261136,40.77190102819517,0.11829261273234831,27.35268144749914,25,0,0,0,29
NO_PASSIVE,261137,539.4215101104242,1.7944875004275473,445.27907653515393,0,0,0,0,26
RANDOM,261137,96.51711431606569,2.7535716971925286,48.44124361720537,24,0,0,0,26
HIGHEST_SNR,261137,93.6179578599534,2.65332564367616,48.50370032317552,24,0,0,0,26
SHORTEST_PULSE,261137,96.51711431606569,2.7535716971925286,48.44124361720537,24,0,0,0,26
METROLOGY_CONDITIONED_EIG,261137,96.73673943460474,2.7517409776942463,48.48946594287797,24,0,0,0,26
NO_PASSIVE,261138,214.88478402813422,1.9156292445630667,445.27907653515393,0,0,0,0,58
RANDOM,261138,27.336022795701147,0.4721836041226676,14.013594682118546,46,2,0,0,58
HIGHEST_SNR,261138,33.41858735840836,0.6287934673993794,16.10233185283083,47,1,0,0,58
SHORTEST_PULSE,261138,32.9635525817679,0.678538266338499,14.142083565301865,46,2,0,0,58
METROLOGY_CONDITIONED_EIG,261138,31.856877791554993,0.6407741126884127,14.128602237206872,47,1,0,0,58
NO_PASSIVE,261139,515.8229158891481,0.8947579114987659,445.27907653515393,0,0,0,0,135
RANDOM,261139,8.556974478817107,0.02482405045075219,18.042930851583446,59,1,0,0,135
HIGHEST_SNR,261139,14.008095394462787,0.3731830031253829,19.59364439781069,58,2,0,0,135
SHORTEST_PULSE,261139,16.419031583636063,0.8464769655501416,17.850545142358396,59,1,0,0,135
METROLOGY_CONDITIONED_EIG,261139,19.22266892275387,0.7484224878561117,17.1194511082514,58,2,0,0,135
NO_PASSIVE,261140,490.7072754685703,0.7495034798931761,445.27907653515393,0,0,0,0,51
RANDOM,261140,86.09657370688691,0.1526475355674166,91.27580474908186,25,0,0,0,51
HIGHEST_SNR,261140,284.0594067630248,0.7576477260614606,230.01740791541306,25,0,0,0,51
SHORTEST_PULSE,261140,16.823016556698,1.3066570969848625,72.32027164138054,25,0,0,0,51
METROLOGY_CONDITIONED_EIG,261140,94.48698585139977,0.14069526946963937,77.69072752958564,24,1,0,0,51
NO_PASSIVE,261141,327.9734491326833,0.9699780909659284,445.27907653515393,0,0,0,0,27
RANDOM,261141,44.24828666143296,1.4408087873103,31.176442413673815,24,0,0,0,27
HIGHEST_SNR,261141,143.56183862261673,1.1738021211202976,311.6306899744092,24,0,0,0,27
SHORTEST_PULSE,261141,143.56183862261673,1.1738021211202976,311.6306899744092,24,0,0,0,27
METROLOGY_CONDITIONED_EIG,261141,44.24828666143296,1.4408087873103,31.176442413673815,24,0,0,0,27
NO_PASSIVE,261142,598.5868747360095,2.9892240799366894,445.27907653515393,0,0,0,0,34
RANDOM,261142,16.934202251691122,0.6225835059666768,45.357046236601015,34,0,0,0,34
HIGHEST_SNR,261142,16.934202251691122,0.6225835059666768,45.357046236601015,34,0,0,0,34
SHORTEST_PULSE,261142,16.934202251691122,0.6225835059666768,45.357046236601015,34,0,0,0,34
METROLOGY_CONDITIONED_EIG,261142,16.934202251691122,0.6225835059666768,45.357046236601015,34,0,0,0,34
NO_PASSIVE,261143,303.55992482981844,3.329458624846564,445.27907653515393,0,0,0,0,40
RANDOM,261143,30.619000316130233,1.1808945857418731,23.02605179440525,26,0,0,0,40
HIGHEST_SNR,261143,23.165146755117245,0.8195076197865504,35.254948840903296,26,0,0,0,40
SHORTEST_PULSE,261143,27.060079450299035,0.8741445342536993,25.606856330272503,26,0,0,0,40
METROLOGY_CONDITIONED_EIG,261143,14.087609865372153,0.5491189498808176,21.844177573191818,26,0,0,0,40
NO_PASSIVE,261144,220.15465206343634,1.9901116356082096,445.27907653515393,0,0,0,0,50
RANDOM,261144,23.4727859186246,1.0357600517354708,29.504106838455325,40,0,0,0,50
HIGHEST_SNR,261144,21.680107621774518,1.066550336061255,29.678266603749773,40,0,0,0,50
SHORTEST_PULSE,261144,26.033727242793002,0.9224782185015609,28.526365484580584,40,0,0,0,50
METROLOGY_CONDITIONED_EIG,261144,26.22363761816258,0.9496243709864878,28.321090551304977,40,0,0,0,50
NO_PASSIVE,261145,148.62211408125103,0.9450786713241853,445.27907653515393,0,0,0,0,117
RANDOM,261145,17.627577095812182,0.4456424440578966,24.619699848894193,59,1,0,0,117
HIGHEST_SNR,261145,61.1543428086556,1.4063197804482825,41.668637600698446,59,1,0,0,117
SHORTEST_PULSE,261145,12.200290624179965,0.44731377835447417,28.45369305048263,59,1,0,0,117
METROLOGY_CONDITIONED_EIG,261145,29.318191946123047,0.8618611308207924,22.65977327919842,59,1,0,0,117
NO_PASSIVE,261146,500.1541338671136,1.1040049116411261,445.27907653515393,0,0,0,0,87
RANDOM,261146,9.082097393930953,0.6406067567126065,18.630848945743395,57,0,0,0,87
HIGHEST_SNR,261146,10.99933173486895,0.33827750283610686,20.92129521561892,57,0,0,0,87
SHORTEST_PULSE,261146,12.097543431411008,0.5956627840657229,18.344085437866664,57,0,0,0,87
METROLOGY_CONDITIONED_EIG,261146,9.57229720832632,0.4889472885898908,17.513250668549063,57,0,0,0,87
NO_PASSIVE,261147,651.8998703848596,3.3700019929495797,445.27907653515393,0,0,0,0,5
RANDOM,261147,11.241218827566861,0.7428217850387527,53.07678620126028,5,0,0,0,5
HIGHEST_SNR,261147,11.241218827566861,0.7428217850387527,53.07678620126028,5,0,0,0,5
SHORTEST_PULSE,261147,11.241218827566861,0.7428217850387527,53.07678620126028,5,0,0,0,5
METROLOGY_CONDITIONED_EIG,261147,11.241218827566861,0.7428217850387527,53.07678620126028,5,0,0,0,5
NO_PASSIVE,261148,566.9185202346364,3.368709121809434,445.27907653515393,0,0,0,0,82
RANDOM,261148,56.46482163925473,0.730119658934095,38.25586608597735,49,0,0,0,82
HIGHEST_SNR,261148,64.81408274512034,0.6147568601728927,37.77414511670619,48,1,0,0,82
SHORTEST_PULSE,261148,2.615307699230356,0.3226494706259073,28.131454263113138,49,0,0,0,82
METROLOGY_CONDITIONED_EIG,261148,6.036266416887938,0.3487520808579449,28.337797325545342,49,0,0,0,82
NO_PASSIVE,261149,225.89669665833998,2.3009114692935846,445.27907653515393,0,0,0,0,66
RANDOM,261149,20.080816374680207,0.8142853914382125,23.277586940506044,45,0,0,0,66
HIGHEST_SNR,261149,24.826021129848808,0.770853408341147,25.858529565568826,45,0,0,0,66
SHORTEST_PULSE,261149,15.715615346876397,0.723563877654488,21.55404586922011,45,0,0,0,66
METROLOGY_CONDITIONED_EIG,261149,18.94459048526071,0.7419361350437506,21.29010157010739,45,0,0,0,66
NO_PASSIVE,261150,282.3744167322849,2.779417924355778,445.27907653515393,0,0,0,0,45
RANDOM,261150,26.47004741446726,0.33124393096526267,43.58401297736629,37,0,0,0,45
HIGHEST_SNR,261150,83.62663779376759,0.27726256211930506,74.4933903267125,37,0,0,0,45
SHORTEST_PULSE,261150,34.92642936286753,0.20324862017375495,42.90805361578232,37,0,0,0,45
METROLOGY_CONDITIONED_EIG,261150,28.782819624371893,0.2995078900791957,42.756737916762084,37,0,0,0,45
NO_PASSIVE,261151,113.75203549257009,1.5756779175261997,445.27907653515393,0,0,0,0,72
RANDOM,261151,36.10170996052743,1.0265360334753122,30.69508014218863,44,0,0,0,72
HIGHEST_SNR,261151,42.249090390656754,1.230256710257849,35.93359289417399,44,0,0,0,72
SHORTEST_PULSE,261151,27.326286714434705,0.589418407698654,24.932727501771407,44,0,0,0,72
METROLOGY_CONDITIONED_EIG,261151,25.00670585266294,0.6318086195535646,25.438774752173725,44,0,0,0,72
NO_PASSIVE,261152,194.74499483071972,1.04573175506827,445.27907653515393,0,0,0,0,47
RANDOM,261152,51.42204764724792,0.9291350065342912,37.03520827050157,36,0,0,0,47
HIGHEST_SNR,261152,75.2749318506778,1.2258681047347095,41.48791789829387,35,1,0,0,47
SHORTEST_PULSE,261152,55.94153025849515,1.0390279452327842,36.03112993484102,36,0,0,0,47
METROLOGY_CONDITIONED_EIG,261152,48.04170972110265,0.6199638830758045,36.12692634881847,35,1,0,0,47
NO_PASSIVE,261153,226.57408844666338,1.4251271550532136,445.27907653515393,0,0,0,0,66
RANDOM,261153,6.987186737091377,1.4533812205206043,38.9037620480851,48,0,0,0,66
HIGHEST_SNR,261153,17.188188149976664,1.270867659601769,67.60599090653719,48,0,0,0,66
SHORTEST_PULSE,261153,20.33811622312634,0.7672631369482283,35.58339313410391,47,1,0,0,66
METROLOGY_CONDITIONED_EIG,261153,16.999866882268147,0.634062908420151,34.23716683432255,47,1,0,0,66
NO_PASSIVE,261154,475.07607253637485,1.6782348761688666,445.27907653515393,0,0,0,0,33
RANDOM,261154,38.81802589042652,0.7320893438932309,27.392310685099844,26,0,0,0,33
HIGHEST_SNR,261154,39.822779612673415,1.989729922575969,28.588416552723057,26,0,0,0,33
SHORTEST_PULSE,261154,31.966384165209455,0.647979458429541,26.572465388293434,26,0,0,0,33
METROLOGY_CONDITIONED_EIG,261154,35.38536700746128,0.678697867978473,27.589110307225187,26,0,0,0,33
NO_PASSIVE,261155,205.63103606324708,1.8348895942301922,445.27907653515393,0,0,0,0,83
RANDOM,261155,9.841446674695586,0.4301235750934811,42.71444781253694,50,0,0,0,83
HIGHEST_SNR,261155,107.98705960380153,1.5776589300535713,263.0114661488694,49,1,0,0,83
SHORTEST_PULSE,261155,14.587829379737398,0.35862298527091213,41.939104664518204,49,1,0,0,83
METROLOGY_CONDITIONED_EIG,261155,20.094793649723517,0.8110487486587146,41.33424544655613,50,0,0,0,83
NO_PASSIVE,261156,295.91258997582435,0.7676523227344262,445.27907653515393,0,0,0,0,22
RANDOM,261156,72.42653282243613,1.3089667854746854,57.877514698335844,20,0,0,0,22
HIGHEST_SNR,261156,27.81637744131884,1.1086816825031285,109.56819461574443,20,0,0,0,22
SHORTEST_PULSE,261156,42.65506855227727,1.0978734901821343,105.02985121681752,20,0,0,0,22
METROLOGY_CONDITIONED_EIG,261156,72.42653282243613,1.3089667854746854,57.877514698335844,20,0,0,0,22
NO_PASSIVE,261157,233.4493874462566,2.111955788180013,445.27907653515393,0,0,0,0,82
RANDOM,261157,16.916101327656907,0.3824796297726551,21.99082662632334,47,0,0,0,82
HIGHEST_SNR,261157,59.588777398096056,1.6004799014351567,93.43065000070371,47,0,0,0,82
SHORTEST_PULSE,261157,21.02262547175218,0.5692184988485295,22.415671203835423,47,0,0,0,82
METROLOGY_CONDITIONED_EIG,261157,23.58940302330403,0.4374055727674016,20.480013728434663,47,0,0,0,82
NO_PASSIVE,261158,513.7151118100837,0.6828052395112553,445.27907653515393,0,0,0,0,57
RANDOM,261158,65.92549589311274,1.5672509007311732,31.07846936536151,45,1,0,0,57
HIGHEST_SNR,261158,49.83135895742619,1.2833903777223368,43.086061355562606,45,1,0,0,57
SHORTEST_PULSE,261158,41.17440478010904,0.9620908762415737,23.66565897880028,46,0,0,0,57
METROLOGY_CONDITIONED_EIG,261158,42.13382386781571,1.099540770307824,23.31367567552552,45,1,0,0,57
NO_PASSIVE,261159,650.6176218725644,1.5393311193793577,445.27907653515393,0,0,0,0,88
RANDOM,261159,8.143304693306264,0.23876949008991374,19.155800704792384,49,0,0,0,88
HIGHEST_SNR,261159,1.4992479067576947,0.06746758988401529,17.11972773704179,49,0,0,0,88
SHORTEST_PULSE,261159,2.0676749028542587,0.09703054357898432,16.442775163616744,49,0,0,0,88
METROLOGY_CONDITIONED_EIG,261159,5.343056563386993,0.35737868740478534,17.044390913216276,48,1,0,0,88
NO_PASSIVE,261160,77.48218542332754,0.5336834690331796,445.27907653515393,0,0,0,0,65
RANDOM,261160,13.847071653936109,0.7714521933956524,26.73156878694261,45,0,0,0,65
HIGHEST_SNR,261160,9.207231950703617,0.6778656086842616,26.918721556334415,45,0,0,0,65
SHORTEST_PULSE,261160,26.74117484729645,1.1361149224095397,25.619193064135107,45,0,0,0,65
METROLOGY_CONDITIONED_EIG,261160,16.847371589279014,1.2068972743745503,24.997115448363814,45,0,0,0,65
NO_PASSIVE,261161,446.4052243475067,2.030139933159411,445.27907653515393,0,0,0,0,75
RANDOM,261161,18.08990587673411,0.5967378320361436,17.85459631782639,48,0,0,0,75
HIGHEST_SNR,261161,16.07138798882751,0.5276764943787235,18.11652171954614,48,0,0,0,75
SHORTEST_PULSE,261161,28.832936606768104,0.8025201366371504,17.964167205795842,48,0,0,0,75
METROLOGY_CONDITIONED_EIG,261161,28.86538669126802,0.7457768306432916,17.94184790728727,48,0,0,0,75
NO_PASSIVE,261162,498.3492517810295,1.548213290283643,445.27907653515393,0,0,0,0,73
RANDOM,261162,7.383363556291948,0.34368323766377745,17.983970762404716,37,0,0,0,73
HIGHEST_SNR,261162,14.385122842546084,0.5794894649170765,18.80005346306398,37,0,0,0,73
SHORTEST_PULSE,261162,11.28520997789008,0.10839434020942457,17.287465428584024,37,0,0,0,73
METROLOGY_CONDITIONED_EIG,261162,14.464423265369916,0.22204546478567347,16.920765839801888,36,1,0,0,73
NO_PASSIVE,261163,673.023111934593,1.6341363913960716,445.27907653515393,0,0,0,0,47
RANDOM,261163,11.817758995462018,0.7192351227462279,29.812902957789063,30,0,0,0,47
HIGHEST_SNR,261163,12.045331968817324,0.5880946844722317,34.51982626935261,30,0,0,0,47
SHORTEST_PULSE,261163,33.08141994326693,0.6743819421199743,26.20664908336789,30,0,0,0,47
METROLOGY_CONDITIONED_EIG,261163,29.051976067056515,0.7323015329576036,25.945624248967274,30,0,0,0,47
NO_PASSIVE,261164,1036.8508755001176,3.2266052676426202,445.27907653515393,0,0,0,0,111
RANDOM,261164,7.850029853739982,0.41366653766130124,13.73057000844232,48,1,0,0,111
HIGHEST_SNR,261164,0.6535807665567949,0.2999581883759173,17.548937450773426,45,4,0,0,111
SHORTEST_PULSE,261164,5.566232777013456,0.4532610594242396,12.32474156754772,47,2,0,0,111
METROLOGY_CONDITIONED_EIG,261164,1.6407501433203304,0.10936208906552404,12.231333707134493,48,1,0,0,111
NO_PASSIVE,261165,279.05013602168856,0.6255608839013268,445.27907653515393,0,0,0,0,82
RANDOM,261165,14.760715265879515,0.25467962054098375,26.923769224464184,50,0,0,0,82
HIGHEST_SNR,261165,9.869949146368866,0.3710784535112057,27.943170322018833,50,0,0,0,82
SHORTEST_PULSE,261165,17.36161463618097,0.47501936806272815,25.04677914281651,50,0,0,0,82
METROLOGY_CONDITIONED_EIG,261165,17.358957054358694,0.6496326140696586,24.553162062112815,50,0,0,0,82
NO_PASSIVE,261166,531.5191085925129,0.3064544163668161,445.27907653515393,0,0,0,0,76
RANDOM,261166,35.45587730947329,1.1818800824065112,20.88279134641228,58,0,0,0,76
HIGHEST_SNR,261166,30.226205554262158,0.9914559270467513,21.79302070450458,58,0,0,0,76
SHORTEST_PULSE,261166,3.0460271182620824,0.36127375567667785,18.653294201464057,56,2,0,0,76
METROLOGY_CONDITIONED_EIG,261166,9.033289227138745,0.5660529510837122,19.005008164096537,57,1,0,0,76
NO_PASSIVE,261167,496.7444929400829,2.7943274407889636,445.27907653515393,0,0,0,0,51
RANDOM,261167,4.55168060526391,1.225223378558341,58.61542313609644,47,0,0,0,51
HIGHEST_SNR,261167,11.655165183584455,1.0618302044280985,60.32528143669499,47,0,0,0,51
SHORTEST_PULSE,261167,17.714276147558273,1.528558317406189,42.515679866009066,47,0,0,0,51
METROLOGY_CONDITIONED_EIG,261167,17.714276147558273,1.528558317406189,42.515679866009066,47,0,0,0,51
NO_PASSIVE,261168,166.98612199114436,2.207530691223473,445.27907653515393,0,0,0,0,13
RANDOM,261168,38.75947939439044,1.1826679175661832,74.03670115375981,13,0,0,0,13
HIGHEST_SNR,261168,38.75947939439044,1.1826679175661832,74.03670115375981,13,0,0,0,13
SHORTEST_PULSE,261168,38.75947939439044,1.1826679175661832,74.03670115375981,13,0,0,0,13
METROLOGY_CONDITIONED_EIG,261168,38.75947939439044,1.1826679175661832,74.03670115375981,13,0,0,0,13
NO_PASSIVE,261169,292.97933322258126,0.6550661863406342,445.27907653515393,0,0,0,0,117
RANDOM,261169,13.564402751640833,0.5019392220555208,17.61767886766957,53,1,0,0,117
HIGHEST_SNR,261169,12.700944373762697,0.3467220485921342,20.06471138545835,54,0,0,0,117
SHORTEST_PULSE,261169,9.228298614757739,0.059948716615171024,14.919099219420042,54,0,0,0,117
METROLOGY_CONDITIONED_EIG,261169,4.997430402478944,0.07188734742928807,14.517834223058111,54,0,0,0,117
NO_PASSIVE,261170,732.1814056098788,1.3358613581874053,445.27907653515393,0,0,0,0,20
RANDOM,261170,77.37942956524064,1.2558670089461912,70.7173754793521,15,0,0,0,20
HIGHEST_SNR,261170,66.98881533219641,0.867117448391573,74.65951311308059,15,0,0,0,20
SHORTEST_PULSE,261170,85.14509174921979,1.3645307966952909,63.765999359102864,15,0,0,0,20
METROLOGY_CONDITIONED_EIG,261170,85.14509174921979,1.3645307966952909,63.765999359102864,15,0,0,0,20
NO_PASSIVE,261171,791.976993172123,0.8058931876302123,445.27907653515393,0,0,0,0,121
RANDOM,261171,7.357537943383852,0.029660507463815378,17.067207522873687,49,0,0,0,121
HIGHEST_SNR,261171,8.915446970625037,0.34046757328435295,21.965938983925216,49,0,0,0,121
SHORTEST_PULSE,261171,19.969834529887184,0.5149532032546337,21.883683386975626,49,0,0,0,121
METROLOGY_CONDITIONED_EIG,261171,5.496893035819827,0.3423010989828229,16.42815382083461,49,0,0,0,121
NO_PASSIVE,261172,592.6642231941431,1.3475388913439936,445.27907653515393,0,0,0,0,57
RANDOM,261172,30.151579601326414,1.005416272853898,40.97235192328273,38,1,0,0,57
HIGHEST_SNR,261172,48.993457307886565,1.4924536524634322,43.93332806320282,38,1,0,0,57
SHORTEST_PULSE,261172,22.004723928947385,1.0662617439618225,41.53599230830962,38,1,0,0,57
METROLOGY_CONDITIONED_EIG,261172,11.892498862294884,0.16717482154156396,37.301934686301585,39,0,0,0,57
NO_PASSIVE,261173,149.51699198591695,2.1912953878938457,445.27907653515393,0,0,0,0,60
RANDOM,261173,8.842727313223415,1.3663376967588983,69.0459685737982,46,1,0,0,60
HIGHEST_SNR,261173,18.100832324109692,0.8194527397690413,69.49629504978259,46,1,0,0,60
SHORTEST_PULSE,261173,23.34781995057374,1.5879389830230366,38.71275855591451,46,1,0,0,60
METROLOGY_CONDITIONED_EIG,261173,23.34781995057374,1.5879389830230366,38.71275855591451,46,1,0,0,60
NO_PASSIVE,261174,179.38910433689438,2.6499776952893774,445.27907653515393,0,0,0,0,41
RANDOM,261174,7.9336200744143115,0.21460086211916757,38.84399848684312,33,0,0,0,41
HIGHEST_SNR,261174,11.060317280770555,0.5746651012713315,38.088160418618706,33,0,0,0,41
SHORTEST_PULSE,261174,7.419223459327661,0.10091321967435751,37.827428999003466,33,0,0,0,41
METROLOGY_CONDITIONED_EIG,261174,10.07068044538564,0.5052369223102215,37.89585271813112,33,0,0,0,41
NO_PASSIVE,261175,304.3325799710549,1.2779230569069622,445.27907653515393,0,0,0,0,123
RANDOM,261175,3.3364454696925887,0.2637592139011211,17.98007871331204,58,0,0,0,123
HIGHEST_SNR,261175,23.251584401591334,0.7617420828850087,18.827279633382282,58,0,0,0,123
SHORTEST_PULSE,261175,13.865715265731001,0.5732190943616201,15.995010800545565,58,0,0,0,123
METROLOGY_CONDITIONED_EIG,261175,22.26042209681645,0.4249329141721763,15.49942983095644,58,0,0,0,123
NO_PASSIVE,261176,722.0722852154463,1.6333749344788053,445.27907653515393,0,0,0,0,37
RANDOM,261176,7.750180252094392,0.2966744354777451,29.25636841855973,26,0,0,0,37
HIGHEST_SNR,261176,4.917160416404693,0.04947885575634402,33.432449776609886,26,0,0,0,37
SHORTEST_PULSE,261176,9.416840325618931,0.2204766939466603,25.374946565525452,26,0,0,0,37
METROLOGY_CONDITIONED_EIG,261176,7.619397855563663,0.2203357738042881,25.378436152895915,26,0,0,0,37
NO_PASSIVE,261177,415.6646157469174,2.0910270527602126,445.27907653515393,0,0,0,0,119
RANDOM,261177,15.824892778606547,0.3192960821562862,23.454654826183514,58,0,0,0,119
HIGHEST_SNR,261177,7.436845265674106,0.33395157758826544,26.559165255252097,58,0,0,0,119
SHORTEST_PULSE,261177,19.683760207611517,0.4013999280689683,18.718028259711225,58,0,0,0,119
METROLOGY_CONDITIONED_EIG,261177,12.103771790284062,0.26503520380704687,19.28414542988924,58,0,0,0,119
NO_PASSIVE,261178,531.7614728378641,2.116912319062065,445.27907653515393,0,0,0,0,114
RANDOM,261178,37.79220540122238,1.515817535086206,33.66644938398691,38,0,0,0,114
HIGHEST_SNR,261178,49.06461009923786,1.6955605182228464,64.48434574986697,38,0,0,0,114
SHORTEST_PULSE,261178,18.493633848342252,1.2176630577610845,46.90832705825679,37,1,0,0,114
METROLOGY_CONDITIONED_EIG,261178,12.14930781059538,0.6175369976975372,27.118860844687493,37,1,0,0,114
NO_PASSIVE,261179,211.8118548805018,1.9601716477894653,445.27907653515393,0,0,0,0,170
RANDOM,261179,2.1990753763003603,0.2594334234597927,30.057334694143638,48,0,0,0,170
HIGHEST_SNR,261179,47.33693730436236,1.4398418919392695,47.72964932378229,48,0,0,0,170
SHORTEST_PULSE,261179,0.9347372766936145,0.13754359249880085,18.569859603180678,48,0,0,0,170
METROLOGY_CONDITIONED_EIG,261179,0.8282289333425261,0.22520938656830608,18.029121255220467,48,0,0,0,170
NO_PASSIVE,261180,37.694348890743804,0.8105375071466723,445.27907653515393,0,0,0,0,97
RANDOM,261180,40.98958101445167,1.1367158874527326,24.920918471655696,41,1,0,0,97
HIGHEST_SNR,261180,35.825339711072836,0.6209767226583174,29.264591619054944,41,1,0,0,97
SHORTEST_PULSE,261180,32.76890131268696,0.9257272211364123,20.385009861640814,42,0,0,0,97
METROLOGY_CONDITIONED_EIG,261180,27.20947918493073,0.7226632541550686,20.393547759242445,41,1,0,0,97
NO_PASSIVE,261181,791.5908978278555,2.2636859016643873,445.27907653515393,0,0,0,0,81
RANDOM,261181,34.01164031047611,1.1660400019447448,38.00456671857068,41,1,0,0,81
HIGHEST_SNR,261181,32.31512040248568,0.9260258394489581,38.599331016974546,42,0,0,0,81
SHORTEST_PULSE,261181,14.228074649521629,0.16199106522309553,34.07758824776498,40,2,0,0,81
METROLOGY_CONDITIONED_EIG,261181,30.419548375520034,0.5701649183706985,30.763494696695666,41,1,0,0,81
NO_PASSIVE,261182,248.23281365679895,3.125836148321459,445.27907653515393,0,0,0,0,47
RANDOM,261182,34.84810597923563,0.3125042438143532,45.79205528636004,38,1,0,0,47
HIGHEST_SNR,261182,43.93628600146297,1.3185631351586824,69.11936606179698,39,0,0,0,47
SHORTEST_PULSE,261182,11.395012940382847,0.8837028459716415,39.99010971271904,38,1,0,0,47
METROLOGY_CONDITIONED_EIG,261182,11.395012940382847,0.8837028459716415,39.99010971271904,38,1,0,0,47
NO_PASSIVE,261183,287.7035796678159,2.1062183245827497,445.27907653515393,0,0,0,0,41
RANDOM,261183,15.577516765869698,0.2942566033358325,58.8079419403469,26,0,0,0,41
HIGHEST_SNR,261183,86.61595307905912,0.7989727128058168,107.23532360908177,26,0,0,0,41
SHORTEST_PULSE,261183,16.40603908416153,0.3277862883883367,49.99274280286042,26,0,0,0,41
METROLOGY_CONDITIONED_EIG,261183,12.483329212377896,0.28486856131531674,49.87418945461147,26,0,0,0,41
NO_PASSIVE,261184,201.75067730774813,3.160442115800838,445.27907653515393,0,0,0,0,69
RANDOM,261184,12.52945906080538,0.830912998496247,27.164667382596964,43,0,0,0,69
HIGHEST_SNR,261184,26.896529550126548,0.1785357526148116,33.274092893856235,42,1,0,0,69
SHORTEST_PULSE,261184,21.724828349019102,0.8850349825089159,24.542118145992475,43,0,0,0,69
METROLOGY_CONDITIONED_EIG,261184,22.984281614395403,0.7846431783714359,25.485424682656788,43,0,0,0,69
NO_PASSIVE,261185,493.2928470521431,4.290775698690661,445.27907653515393,0,0,0,0,66
RANDOM,261185,30.83199720281141,1.2332332643346855,37.31464792069748,48,2,0,0,66
HIGHEST_SNR,261185,27.321265039667374,1.628440888758411,38.16305281642064,48,2,0,0,66
SHORTEST_PULSE,261185,14.861888009985229,1.6426503253717797,22.018166061079103,48,2,0,0,66
METROLOGY_CONDITIONED_EIG,261185,9.207571934442898,0.7248507983413253,18.64810112900949,49,1,0,0,66
NO_PASSIVE,261186,319.5723203818289,0.907495171815468,445.27907653515393,0,0,0,0,65
RANDOM,261186,16.387497418614306,0.12927962422686423,30.4381912884296,44,0,0,0,65
HIGHEST_SNR,261186,4.5914150635435975,0.41008231882460716,30.332799499552966,44,0,0,0,65
SHORTEST_PULSE,261186,17.844723213501474,0.044870157566025665,28.93403188141319,44,0,0,0,65
METROLOGY_CONDITIONED_EIG,261186,15.171031915011609,0.1380492368014549,28.976339278659417,44,0,0,0,65
NO_PASSIVE,261187,254.71466786576806,1.6397984144290234,445.27907653515393,0,0,0,0,35
RANDOM,261187,46.75556191782585,1.5740561421991686,41.01031140538112,29,0,0,0,35
HIGHEST_SNR,261187,44.50237890350465,1.6932135928275247,41.002913840003174,29,0,0,0,35
SHORTEST_PULSE,261187,22.31506636497672,1.6331478675627293,39.542954588645685,29,0,0,0,35
METROLOGY_CONDITIONED_EIG,261187,31.12245481215555,1.5255014279203118,38.66147152965785,29,0,0,0,35
NO_PASSIVE,261188,169.10926985095972,0.46520101370576766,445.27907653515393,0,0,0,0,89
RANDOM,261188,10.036088176074674,0.2574137243340114,22.534476002429034,48,2,0,0,89
HIGHEST_SNR,261188,38.216954979136474,1.0033174720058249,24.455455404889552,50,0,0,0,89
SHORTEST_PULSE,261188,15.928132123496068,0.1406003771897209,23.798197190152493,49,1,0,0,89
METROLOGY_CONDITIONED_EIG,261188,8.824671955340262,0.5958768780606527,21.557422274405983,49,1,0,0,89
NO_PASSIVE,261189,900.154490628705,0.4181824653185302,445.27907653515393,0,0,0,0,50
RANDOM,261189,17.49442894696343,0.9495953320810328,37.51865757305719,35,0,0,0,50
HIGHEST_SNR,261189,6.603987190825955,0.6404535933852894,49.06917274800026,35,0,0,0,50
SHORTEST_PULSE,261189,17.754934237092826,1.0212381909915988,37.35671395481476,35,0,0,0,50
METROLOGY_CONDITIONED_EIG,261189,17.71195838486696,1.004454993771637,37.56004294173885,35,0,0,0,50
NO_PASSIVE,261190,589.355875005786,1.1771148801722382,445.27907653515393,0,0,0,0,117
RANDOM,261190,14.993046034138354,0.3702319365623529,18.67243062887839,49,1,0,0,117
HIGHEST_SNR,261190,33.90181321185018,1.0013065572841762,43.72502713150576,50,0,0,0,117
SHORTEST_PULSE,261190,21.48583668019241,0.38698285663458964,17.841856071298775,50,0,0,0,117
METROLOGY_CONDITIONED_EIG,261190,7.203902325406907,0.3085270925505798,17.787026777462998,50,0,0,0,117
NO_PASSIVE,261191,531.1376025414728,1.789048317071037,445.27907653515393,0,0,0,0,65
RANDOM,261191,75.61549172968425,2.386235799605477,49.680756203253566,38,1,0,0,65
HIGHEST_SNR,261191,55.26235360871126,1.3379931099665785,51.89139905443098,38,1,0,0,65
SHORTEST_PULSE,261191,64.3837443531797,1.5859644483079476,52.03043288222489,39,0,0,0,65
METROLOGY_CONDITIONED_EIG,261191,77.3029564170111,2.4558891263461287,46.8246939569764,38,1,0,0,65
NO_PASSIVE,261192,603.6107558131117,2.3075802648619286,445.27907653515393,0,0,0,0,133
RANDOM,261192,52.46992221497229,1.207651343576572,22.168365573029973,49,0,0,0,133
HIGHEST_SNR,261192,53.78482261731735,0.886399639159424,27.580062174848713,48,1,0,0,133
SHORTEST_PULSE,261192,17.741612741632576,0.46147594524911995,14.197402386814975,49,0,0,0,133
METROLOGY_CONDITIONED_EIG,261192,6.915584937422901,0.18743421208946554,14.891166896179017,49,0,0,0,133
NO_PASSIVE,261193,439.0786286723881,2.593894115903996,445.27907653515393,0,0,0,0,41
RANDOM,261193,62.88961743535873,1.1160812720563134,52.32624102784786,34,0,0,0,41
HIGHEST_SNR,261193,34.77377052960432,0.7868633497334209,55.25011577404994,34,0,0,0,41
SHORTEST_PULSE,261193,61.68467265255559,1.0464647478772255,52.25756757510194,34,0,0,0,41
METROLOGY_CONDITIONED_EIG,261193,40.09290984840467,0.7686311151954452,47.319735077319464,34,0,0,0,41
NO_PASSIVE,261194,120.48819279034308,3.0718340221796483,445.27907653515393,0,0,0,0,31
RANDOM,261194,38.928644175591614,1.4410862560853437,38.898093532533494,26,0,0,0,31
HIGHEST_SNR,261194,38.26813837170248,1.3825072640556342,40.48774020341056,26,0,0,0,31
SHORTEST_PULSE,261194,38.26813837170248,1.3825072640556342,40.48774020341056,26,0,0,0,31
METROLOGY_CONDITIONED_EIG,261194,47.33463946501688,1.5686970777502007,37.93320172291795,26,0,0,0,31
NO_PASSIVE,261195,419.33886481743406,2.7005166263146996,445.27907653515393,0,0,0,0,40
RANDOM,261195,48.28355236054328,1.3343970555390563,51.81558287435132,26,1,0,0,40
HIGHEST_SNR,261195,28.49668571483553,1.7086423307717178,70.97024391928726,26,1,0,0,40
SHORTEST_PULSE,261195,11.00813472136955,1.7093688822634137,62.859656796775404,25,2,0,0,40
METROLOGY_CONDITIONED_EIG,261195,9.659907194299766,1.4878815720059997,48.84970527123506,25,2,0,0,40
NO_PASSIVE,261196,429.7582151605228,2.1442640403069015,445.27907653515393,0,0,0,0,72
RANDOM,261196,6.1336584301907076,0.40659466764450397,50.77929550524141,45,2,0,0,72
HIGHEST_SNR,261196,98.74328404142523,1.1554465105748304,59.13486433638698,47,0,0,0,72
SHORTEST_PULSE,261196,19.949210108340047,0.5998464033605878,41.00651208156924,46,1,0,0,72
METROLOGY_CONDITIONED_EIG,261196,5.778485438125757,0.531180173691262,37.07147989625394,46,1,0,0,72
NO_PASSIVE,261197,467.3245696264499,2.9603866023001117,445.27907653515393,0,0,0,0,102
RANDOM,261197,30.21017766280753,0.2109418909713787,25.165856520863684,54,0,0,0,102
HIGHEST_SNR,261197,30.12785397345206,0.40338321287042,27.699311747771894,54,0,0,0,102
SHORTEST_PULSE,261197,22.79631944397547,0.35339149563594324,17.68904923151117,54,0,0,0,102
METROLOGY_CONDITIONED_EIG,261197,22.583345817682204,0.4703525438680381,17.721792182470214,54,0,0,0,102
NO_PASSIVE,261198,142.7868733858327,2.061679332265864,445.27907653515393,0,0,0,0,35
RANDOM,261198,57.13153338876776,2.0867240066102104,47.149139046082816,32,1,0,0,35
HIGHEST_SNR,261198,39.08092780804133,1.8463516228380765,59.55027822514555,32,1,0,0,35
SHORTEST_PULSE,261198,39.08092780804133,1.8463516228380765,59.55027822514555,32,1,0,0,35
METROLOGY_CONDITIONED_EIG,261198,57.13153338876776,2.0867240066102104,47.149139046082816,32,1,0,0,35
NO_PASSIVE,261199,41.34947002626017,1.2231855779549385,445.27907653515393,0,0,0,0,60
RANDOM,261199,80.49325966318303,1.8136402563931113,38.796127375714136,31,0,0,0,60
HIGHEST_SNR,261199,65.95894609620773,0.698076264273304,39.151862624702,31,0,0,0,60
SHORTEST_PULSE,261199,42.21550369202269,0.7524787537844765,39.67510434704346,31,0,0,0,60
METROLOGY_CONDITIONED_EIG,261199,71.01870709333481,1.6426614305034124,33.75461768881865,31,0,0,0,60
NO_PASSIVE,261200,392.8663799403074,1.540684396178683,445.27907653515393,0,0,0,0,111
RANDOM,261200,16.497116257226516,0.40882675595958334,26.420771317931873,56,0,0,0,111
HIGHEST_SNR,261200,15.92777284922783,0.4415657143333395,28.085279396334684,55,1,0,0,111
SHORTEST_PULSE,261200,29.161196348676466,0.5529843409186839,20.84009663236954,55,1,0,0,111
METROLOGY_CONDITIONED_EIG,261200,24.681793692188492,0.32891001871727144,20.456568402065923,55,1,0,0,111
