policy,seed,position_error_final_m,velocity_error_final_mps,position_sigma_final_m,used_measurements,rejected_measurements,assoc_bad_accepted,outlier_accepted,eligible_measurements,scenario_id,n_donors,clutter_db,rcs,donor_sigma
NO_PASSIVE,301000,248.0070055500257,6.250315460305274,445.27907653515393,0,0,0,0,0,1,4,5,10,30
RANDOM,301000,248.0070055500257,6.250315460305274,445.27907653515393,0,0,0,0,0,1,4,5,10,30
HIGHEST_SNR,301000,248.0070055500257,6.250315460305274,445.27907653515393,0,0,0,0,0,1,4,5,10,30
SHORTEST_PULSE,301000,248.0070055500257,6.250315460305274,445.27907653515393,0,0,0,0,0,1,4,5,10,30
METROLOGY_CONDITIONED_EIG,301000,248.0070055500257,6.250315460305274,445.27907653515393,0,0,0,0,0,1,4,5,10,30
NO_PASSIVE,301001,438.916957411431,1.051461385048121,445.27907653515393,0,0,0,0,1,1,4,5,10,30
RANDOM,301001,330.45800994770525,0.9104872391096115,320.90573780459613,1,0,0,0,1,1,4,5,10,30
HIGHEST_SNR,301001,330.45800994770525,0.9104872391096115,320.90573780459613,1,0,0,0,1,1,4,5,10,30
SHORTEST_PULSE,301001,330.45800994770525,0.9104872391096115,320.90573780459613,1,0,0,0,1,1,4,5,10,30
METROLOGY_CONDITIONED_EIG,301001,330.45800994770525,0.9104872391096115,320.90573780459613,1,0,0,0,1,1,4,5,10,30
NO_PASSIVE,301002,411.79783709568795,1.8216252312479013,445.27907653515393,0,0,0,0,26,1,4,5,10,30
RANDOM,301002,11.521984796510353,1.2578585589821751,64.13485205211614,26,0,0,0,26,1,4,5,10,30
HIGHEST_SNR,301002,11.521984796510353,1.2578585589821751,64.13485205211614,26,0,0,0,26,1,4,5,10,30
SHORTEST_PULSE,301002,11.521984796510353,1.2578585589821751,64.13485205211614,26,0,0,0,26,1,4,5,10,30
METROLOGY_CONDITIONED_EIG,301002,11.521984796510353,1.2578585589821751,64.13485205211614,26,0,0,0,26,1,4,5,10,30
NO_PASSIVE,301003,310.44659662206385,1.5362718396238093,445.27907653515393,0,0,0,0,1,1,4,5,10,30
RANDOM,301003,356.6277793010456,1.641729954195455,331.8074186830445,1,0,0,0,1,1,4,5,10,30
HIGHEST_SNR,301003,356.6277793010456,1.641729954195455,331.8074186830445,1,0,0,0,1,1,4,5,10,30
SHORTEST_PULSE,301003,356.6277793010456,1.641729954195455,331.8074186830445,1,0,0,0,1,1,4,5,10,30
METROLOGY_CONDITIONED_EIG,301003,356.6277793010456,1.641729954195455,331.8074186830445,1,0,0,0,1,1,4,5,10,30
NO_PASSIVE,301004,505.1100764092419,3.1792161899756666,445.27907653515393,0,0,0,0,4,1,4,5,10,30
RANDOM,301004,110.75610813711737,2.5255726622271704,69.0890292152169,4,0,0,0,4,1,4,5,10,30
HIGHEST_SNR,301004,110.75610813711737,2.5255726622271704,69.0890292152169,4,0,0,0,4,1,4,5,10,30
SHORTEST_PULSE,301004,110.75610813711737,2.5255726622271704,69.0890292152169,4,0,0,0,4,1,4,5,10,30
METROLOGY_CONDITIONED_EIG,301004,110.75610813711737,2.5255726622271704,69.0890292152169,4,0,0,0,4,1,4,5,10,30
NO_PASSIVE,301005,143.91701415123995,1.241510837045339,445.27907653515393,0,0,0,0,0,1,4,5,10,30
RANDOM,301005,143.91701415123995,1.241510837045339,445.27907653515393,0,0,0,0,0,1,4,5,10,30
HIGHEST_SNR,301005,143.91701415123995,1.241510837045339,445.27907653515393,0,0,0,0,0,1,4,5,10,30
SHORTEST_PULSE,301005,143.91701415123995,1.241510837045339,445.27907653515393,0,0,0,0,0,1,4,5,10,30
METROLOGY_CONDITIONED_EIG,301005,143.91701415123995,1.241510837045339,445.27907653515393,0,0,0,0,0,1,4,5,10,30
NO_PASSIVE,301006,662.3114955480698,1.9590012273828952,445.27907653515393,0,0,0,0,8,1,4,5,10,30
RANDOM,301006,32.76456229463772,1.0738103358489197,104.31510508209053,8,0,0,0,8,1,4,5,10,30
HIGHEST_SNR,301006,32.76456229463772,1.0738103358489197,104.31510508209053,8,0,0,0,8,1,4,5,10,30
SHORTEST_PULSE,301006,32.76456229463772,1.0738103358489197,104.31510508209053,8,0,0,0,8,1,4,5,10,30
METROLOGY_CONDITIONED_EIG,301006,32.76456229463772,1.0738103358489197,104.31510508209053,8,0,0,0,8,1,4,5,10,30
NO_PASSIVE,301007,129.43485552189094,0.9835676505623158,445.27907653515393,0,0,0,0,14,1,4,5,10,30
RANDOM,301007,37.90453484158789,1.3223041849652113,74.2139400354243,14,0,0,0,14,1,4,5,10,30
HIGHEST_SNR,301007,37.90453484158789,1.3223041849652113,74.2139400354243,14,0,0,0,14,1,4,5,10,30
SHORTEST_PULSE,301007,37.90453484158789,1.3223041849652113,74.2139400354243,14,0,0,0,14,1,4,5,10,30
METROLOGY_CONDITIONED_EIG,301007,37.90453484158789,1.3223041849652113,74.2139400354243,14,0,0,0,14,1,4,5,10,30
NO_PASSIVE,301008,385.41425532921096,2.2030234844948913,445.27907653515393,0,0,0,0,18,1,4,5,10,30
RANDOM,301008,287.5667490409047,1.8537722085132322,314.80868314531347,18,0,0,0,18,1,4,5,10,30
HIGHEST_SNR,301008,287.5667490409047,1.8537722085132322,314.80868314531347,18,0,0,0,18,1,4,5,10,30
SHORTEST_PULSE,301008,287.5667490409047,1.8537722085132322,314.80868314531347,18,0,0,0,18,1,4,5,10,30
METROLOGY_CONDITIONED_EIG,301008,287.5667490409047,1.8537722085132322,314.80868314531347,18,0,0,0,18,1,4,5,10,30
NO_PASSIVE,301009,363.19094237394705,3.228613183547216,445.27907653515393,0,0,0,0,39,1,4,5,10,30
RANDOM,301009,12.868016524221733,1.157607348817553,38.20781060466795,25,0,0,0,39,1,4,5,10,30
HIGHEST_SNR,301009,15.141322088071187,0.15647173799984493,51.620254125270655,25,0,0,0,39,1,4,5,10,30
SHORTEST_PULSE,301009,15.141322088071187,0.15647173799984493,51.620254125270655,25,0,0,0,39,1,4,5,10,30
METROLOGY_CONDITIONED_EIG,301009,52.50155108666535,1.226751791304475,36.45279502601775,25,0,0,0,39,1,4,5,10,30
NO_PASSIVE,301010,852.3238055701586,3.836697231963563,445.27907653515393,0,0,0,0,26,1,4,5,10,30
RANDOM,301010,39.05038052593779,0.6998215613821551,51.03658248831976,24,1,0,0,26,1,4,5,10,30
HIGHEST_SNR,301010,245.07588181465906,3.7708957620579735,97.14664314763255,25,0,0,0,26,1,4,5,10,30
SHORTEST_PULSE,301010,39.05038052593779,0.6998215613821551,51.03658248831976,24,1,0,0,26,1,4,5,10,30
METROLOGY_CONDITIONED_EIG,301010,39.05038052593779,0.6998215613821551,51.03658248831976,24,1,0,0,26,1,4,5,10,30
NO_PASSIVE,301011,788.748588502513,0.7068767525325937,445.27907653515393,0,0,0,0,20,1,4,5,10,30
RANDOM,301011,19.36470166850114,0.8419655733094136,113.11129136803874,19,0,0,0,20,1,4,5,10,30
HIGHEST_SNR,301011,778.1268562031765,0.9100149033717504,320.02373004906764,19,0,0,0,20,1,4,5,10,30
SHORTEST_PULSE,301011,19.36470166850114,0.8419655733094136,113.11129136803874,19,0,0,0,20,1,4,5,10,30
METROLOGY_CONDITIONED_EIG,301011,19.36470166850114,0.8419655733094136,113.11129136803874,19,0,0,0,20,1,4,5,10,30
NO_PASSIVE,301012,857.9074844930308,3.5969393797435476,445.27907653515393,0,0,0,0,3,1,4,5,10,30
RANDOM,301012,5.970231486232643,2.5485595330661965,81.12236432011629,3,0,0,0,3,1,4,5,10,30
HIGHEST_SNR,301012,5.970231486232643,2.5485595330661965,81.12236432011629,3,0,0,0,3,1,4,5,10,30
SHORTEST_PULSE,301012,5.970231486232643,2.5485595330661965,81.12236432011629,3,0,0,0,3,1,4,5,10,30
METROLOGY_CONDITIONED_EIG,301012,5.970231486232643,2.5485595330661965,81.12236432011629,3,0,0,0,3,1,4,5,10,30
NO_PASSIVE,301013,394.4997874498849,1.379524931435153,445.27907653515393,0,0,0,0,39,1,4,5,10,30
RANDOM,301013,45.858940005415384,1.2166229897518057,66.85356045467755,35,1,0,0,39,1,4,5,10,30
HIGHEST_SNR,301013,61.76457606915742,0.8008498933037838,69.2921579644483,36,0,0,0,39,1,4,5,10,30
SHORTEST_PULSE,301013,45.858940005415384,1.2166229897518057,66.85356045467755,35,1,0,0,39,1,4,5,10,30
METROLOGY_CONDITIONED_EIG,301013,45.858940005415384,1.2166229897518057,66.85356045467755,35,1,0,0,39,1,4,5,10,30
NO_PASSIVE,301014,245.9248874690054,1.0686426808446376,445.27907653515393,0,0,0,0,0,1,4,5,10,30
RANDOM,301014,245.9248874690054,1.0686426808446376,445.27907653515393,0,0,0,0,0,1,4,5,10,30
HIGHEST_SNR,301014,245.9248874690054,1.0686426808446376,445.27907653515393,0,0,0,0,0,1,4,5,10,30
SHORTEST_PULSE,301014,245.9248874690054,1.0686426808446376,445.27907653515393,0,0,0,0,0,1,4,5,10,30
METROLOGY_CONDITIONED_EIG,301014,245.9248874690054,1.0686426808446376,445.27907653515393,0,0,0,0,0,1,4,5,10,30
NO_PASSIVE,301015,370.971497311858,1.2431453454497823,445.27907653515393,0,0,0,0,6,1,4,5,10,30
RANDOM,301015,122.00894920328462,1.7048364703978836,84.33585730343209,5,0,0,0,6,1,4,5,10,30
HIGHEST_SNR,301015,112.48915307947621,1.3877374433967347,86.91251942867827,5,0,0,0,6,1,4,5,10,30
SHORTEST_PULSE,301015,112.48915307947621,1.3877374433967347,86.91251942867827,5,0,0,0,6,1,4,5,10,30
METROLOGY_CONDITIONED_EIG,301015,122.00894920328462,1.7048364703978836,84.33585730343209,5,0,0,0,6,1,4,5,10,30
NO_PASSIVE,301016,698.8089320468249,1.105957676811083,445.27907653515393,0,0,0,0,22,1,4,5,10,30
RANDOM,301016,842.4109270267352,1.0660689348370982,311.0262121081523,22,0,0,0,22,1,4,5,10,30
HIGHEST_SNR,301016,842.4109270267352,1.0660689348370982,311.0262121081523,22,0,0,0,22,1,4,5,10,30
SHORTEST_PULSE,301016,842.4109270267352,1.0660689348370982,311.0262121081523,22,0,0,0,22,1,4,5,10,30
METROLOGY_CONDITIONED_EIG,301016,842.4109270267352,1.0660689348370982,311.0262121081523,22,0,0,0,22,1,4,5,10,30
NO_PASSIVE,301017,870.8521593171615,0.47056050542044836,445.27907653515393,0,0,0,0,16,1,4,5,10,30
RANDOM,301017,104.04705009135898,1.0881525983188014,143.25341058704583,14,0,0,0,16,1,4,5,10,30
HIGHEST_SNR,301017,125.36634847300967,1.138731319044453,149.12435477561243,14,0,0,0,16,1,4,5,10,30
SHORTEST_PULSE,301017,19.603897372110648,1.5144891935894145,39.74509637160291,14,0,0,0,16,1,4,5,10,30
METROLOGY_CONDITIONED_EIG,301017,17.3792628181225,1.5449578448723331,39.450640698968655,14,0,0,0,16,1,4,5,10,30
NO_PASSIVE,301018,481.74189871470213,3.220109648159953,445.27907653515393,0,0,0,0,6,1,4,5,10,30
RANDOM,301018,458.62282113152537,1.7865725803137171,315.217311658786,6,0,0,0,6,1,4,5,10,30
HIGHEST_SNR,301018,458.62282113152537,1.7865725803137171,315.217311658786,6,0,0,0,6,1,4,5,10,30
SHORTEST_PULSE,301018,458.62282113152537,1.7865725803137171,315.217311658786,6,0,0,0,6,1,4,5,10,30
METROLOGY_CONDITIONED_EIG,301018,458.62282113152537,1.7865725803137171,315.217311658786,6,0,0,0,6,1,4,5,10,30
NO_PASSIVE,301019,167.60306810250134,1.574248351549966,445.27907653515393,0,0,0,0,12,1,4,5,10,30
RANDOM,301019,36.098408907237946,1.8252242676961403,71.58875019345909,11,0,0,0,12,1,4,5,10,30
HIGHEST_SNR,301019,37.78376642628693,1.8942870147229007,71.11877793629512,11,0,0,0,12,1,4,5,10,30
SHORTEST_PULSE,301019,36.098408907237946,1.8252242676961403,71.58875019345909,11,0,0,0,12,1,4,5,10,30
METROLOGY_CONDITIONED_EIG,301019,36.098408907237946,1.8252242676961403,71.58875019345909,11,0,0,0,12,1,4,5,10,30
NO_PASSIVE,301020,238.81869662165673,2.5101187858910814,445.27907653515393,0,0,0,0,3,1,4,5,10,30
RANDOM,301020,85.23642278795997,1.6912618574602876,315.143678975873,3,0,0,0,3,1,4,5,10,30
HIGHEST_SNR,301020,85.23642278795997,1.6912618574602876,315.143678975873,3,0,0,0,3,1,4,5,10,30
SHORTEST_PULSE,301020,85.23642278795997,1.6912618574602876,315.143678975873,3,0,0,0,3,1,4,5,10,30
METROLOGY_CONDITIONED_EIG,301020,85.23642278795997,1.6912618574602876,315.143678975873,3,0,0,0,3,1,4,5,10,30
NO_PASSIVE,301021,295.8044556148472,2.1264540871295523,445.27907653515393,0,0,0,0,3,1,4,5,10,30
RANDOM,301021,287.5918143132663,2.131606298431854,320.383915641743,3,0,0,0,3,1,4,5,10,30
HIGHEST_SNR,301021,287.5918143132663,2.131606298431854,320.383915641743,3,0,0,0,3,1,4,5,10,30
SHORTEST_PULSE,301021,287.5918143132663,2.131606298431854,320.383915641743,3,0,0,0,3,1,4,5,10,30
METROLOGY_CONDITIONED_EIG,301021,287.5918143132663,2.131606298431854,320.383915641743,3,0,0,0,3,1,4,5,10,30
NO_PASSIVE,301022,700.9842794357727,0.9576650196715439,445.27907653515393,0,0,0,0,0,1,4,5,10,30
RANDOM,301022,700.9842794357727,0.9576650196715439,445.27907653515393,0,0,0,0,0,1,4,5,10,30
HIGHEST_SNR,301022,700.9842794357727,0.9576650196715439,445.27907653515393,0,0,0,0,0,1,4,5,10,30
SHORTEST_PULSE,301022,700.9842794357727,0.9576650196715439,445.27907653515393,0,0,0,0,0,1,4,5,10,30
METROLOGY_CONDITIONED_EIG,301022,700.9842794357727,0.9576650196715439,445.27907653515393,0,0,0,0,0,1,4,5,10,30
NO_PASSIVE,301023,197.32539452018807,0.9329948274603158,445.27907653515393,0,0,0,0,4,1,4,5,10,30
RANDOM,301023,35.08420786299144,0.9832284679418389,315.70914695025556,4,0,0,0,4,1,4,5,10,30
HIGHEST_SNR,301023,35.08420786299144,0.9832284679418389,315.70914695025556,4,0,0,0,4,1,4,5,10,30
SHORTEST_PULSE,301023,35.08420786299144,0.9832284679418389,315.70914695025556,4,0,0,0,4,1,4,5,10,30
METROLOGY_CONDITIONED_EIG,301023,35.08420786299144,0.9832284679418389,315.70914695025556,4,0,0,0,4,1,4,5,10,30
NO_PASSIVE,301024,710.4355699825603,3.0108863695630457,445.27907653515393,0,0,0,0,26,1,4,5,10,30
RANDOM,301024,209.95678125312816,2.3987216703226943,97.05239424413915,26,0,0,0,26,1,4,5,10,30
HIGHEST_SNR,301024,209.95678125312816,2.3987216703226943,97.05239424413915,26,0,0,0,26,1,4,5,10,30
SHORTEST_PULSE,301024,209.95678125312816,2.3987216703226943,97.05239424413915,26,0,0,0,26,1,4,5,10,30
METROLOGY_CONDITIONED_EIG,301024,209.95678125312816,2.3987216703226943,97.05239424413915,26,0,0,0,26,1,4,5,10,30
NO_PASSIVE,301025,311.2288044180308,0.24389807469523375,445.27907653515393,0,0,0,0,24,1,4,5,10,30
RANDOM,301025,316.3424360481782,0.7364311870883568,326.3565519655365,24,0,0,0,24,1,4,5,10,30
HIGHEST_SNR,301025,316.3424360481782,0.7364311870883568,326.3565519655365,24,0,0,0,24,1,4,5,10,30
SHORTEST_PULSE,301025,316.3424360481782,0.7364311870883568,326.3565519655365,24,0,0,0,24,1,4,5,10,30
METROLOGY_CONDITIONED_EIG,301025,316.3424360481782,0.7364311870883568,326.3565519655365,24,0,0,0,24,1,4,5,10,30
NO_PASSIVE,301026,220.88290277038442,2.058489088068073,445.27907653515393,0,0,0,0,3,1,4,5,10,30
RANDOM,301026,186.35426928542256,2.064024151716429,318.85392829837014,3,0,0,0,3,1,4,5,10,30
HIGHEST_SNR,301026,186.35426928542256,2.064024151716429,318.85392829837014,3,0,0,0,3,1,4,5,10,30
SHORTEST_PULSE,301026,186.35426928542256,2.064024151716429,318.85392829837014,3,0,0,0,3,1,4,5,10,30
METROLOGY_CONDITIONED_EIG,301026,186.35426928542256,2.064024151716429,318.85392829837014,3,0,0,0,3,1,4,5,10,30
NO_PASSIVE,301027,366.8168060869171,1.4240617040082588,445.27907653515393,0,0,0,0,39,1,4,5,10,30
RANDOM,301027,31.836259580148308,1.4219976924001214,38.96928934967342,31,0,0,0,39,1,4,5,10,30
HIGHEST_SNR,301027,161.0117521698565,1.6360186370541694,192.53934017035567,31,0,0,0,39,1,4,5,10,30
SHORTEST_PULSE,301027,5.594293998995932,0.5219989662313723,37.02672808724817,31,0,0,0,39,1,4,5,10,30
METROLOGY_CONDITIONED_EIG,301027,33.48057749654193,1.5412006423710258,38.72072983301,31,0,0,0,39,1,4,5,10,30
NO_PASSIVE,301028,354.05019998540206,2.4597528011343837,445.27907653515393,0,0,0,0,1,1,4,5,10,30
RANDOM,301028,325.32144869606657,2.4714563829777205,315.6332044244698,1,0,0,0,1,1,4,5,10,30
HIGHEST_SNR,301028,325.32144869606657,2.4714563829777205,315.6332044244698,1,0,0,0,1,1,4,5,10,30
SHORTEST_PULSE,301028,325.32144869606657,2.4714563829777205,315.6332044244698,1,0,0,0,1,1,4,5,10,30
METROLOGY_CONDITIONED_EIG,301028,325.32144869606657,2.4714563829777205,315.6332044244698,1,0,0,0,1,1,4,5,10,30
NO_PASSIVE,301029,472.7304678700772,1.2247840940431796,445.27907653515393,0,0,0,0,35,1,4,5,10,30
RANDOM,301029,382.56971549136733,1.0950946213763462,221.521659079942,27,0,0,0,35,1,4,5,10,30
HIGHEST_SNR,301029,544.7839290772241,0.9924857838729175,308.3236653212452,27,0,0,0,35,1,4,5,10,30
SHORTEST_PULSE,301029,363.8004922102737,1.0048632698519708,209.12923253079865,27,0,0,0,35,1,4,5,10,30
METROLOGY_CONDITIONED_EIG,301029,363.8004922102737,1.0048632698519708,209.12923253079865,27,0,0,0,35,1,4,5,10,30
NO_PASSIVE,302000,109.99855657158756,2.140847936844606,445.27907653515393,0,0,0,0,21,2,4,5,10,100
RANDOM,302000,130.38657837627764,2.5094409724017024,313.37500211707777,21,0,0,0,21,2,4,5,10,100
HIGHEST_SNR,302000,130.38657837627764,2.5094409724017024,313.37500211707777,21,0,0,0,21,2,4,5,10,100
SHORTEST_PULSE,302000,130.38657837627764,2.5094409724017024,313.37500211707777,21,0,0,0,21,2,4,5,10,100
METROLOGY_CONDITIONED_EIG,302000,130.38657837627764,2.5094409724017024,313.37500211707777,21,0,0,0,21,2,4,5,10,100
NO_PASSIVE,302001,170.4567328101468,1.5929719232008188,445.27907653515393,0,0,0,0,9,2,4,5,10,100
RANDOM,302001,170.61692446248756,1.388019586759998,100.97063970603735,9,0,0,0,9,2,4,5,10,100
HIGHEST_SNR,302001,170.61692446248756,1.388019586759998,100.97063970603735,9,0,0,0,9,2,4,5,10,100
SHORTEST_PULSE,302001,170.61692446248756,1.388019586759998,100.97063970603735,9,0,0,0,9,2,4,5,10,100
METROLOGY_CONDITIONED_EIG,302001,170.61692446248756,1.388019586759998,100.97063970603735,9,0,0,0,9,2,4,5,10,100
NO_PASSIVE,302002,486.0618335027516,0.8038334458106291,445.27907653515393,0,0,0,0,42,2,4,5,10,100
RANDOM,302002,10.057772139515285,0.7183734045805918,38.214553041165225,29,0,0,0,42,2,4,5,10,100
HIGHEST_SNR,302002,31.228375999253483,1.369783392106837,38.54334598684271,29,0,0,0,42,2,4,5,10,100
SHORTEST_PULSE,302002,27.88952766718913,0.9426069040014826,38.841811107638584,29,0,0,0,42,2,4,5,10,100
METROLOGY_CONDITIONED_EIG,302002,15.86414343655196,0.687548975931892,38.3898222935797,29,0,0,0,42,2,4,5,10,100
NO_PASSIVE,302003,222.2473171407806,2.477732637728608,445.27907653515393,0,0,0,0,1,2,4,5,10,100
RANDOM,302003,166.42593515542134,2.5839588119004504,322.0842418540127,1,0,0,0,1,2,4,5,10,100
HIGHEST_SNR,302003,166.42593515542134,2.5839588119004504,322.0842418540127,1,0,0,0,1,2,4,5,10,100
SHORTEST_PULSE,302003,166.42593515542134,2.5839588119004504,322.0842418540127,1,0,0,0,1,2,4,5,10,100
METROLOGY_CONDITIONED_EIG,302003,166.42593515542134,2.5839588119004504,322.0842418540127,1,0,0,0,1,2,4,5,10,100
NO_PASSIVE,302004,166.68352588424636,1.4454875399036522,445.27907653515393,0,0,0,0,26,2,4,5,10,100
RANDOM,302004,38.69386673372538,0.3282197956434734,47.302682509387026,23,0,0,0,26,2,4,5,10,100
HIGHEST_SNR,302004,41.25054364508644,0.35164083469842483,47.578506014429685,23,0,0,0,26,2,4,5,10,100
SHORTEST_PULSE,302004,41.25054364508644,0.35164083469842483,47.578506014429685,23,0,0,0,26,2,4,5,10,100
METROLOGY_CONDITIONED_EIG,302004,38.25765467158189,0.2877654743090132,47.24107783334429,23,0,0,0,26,2,4,5,10,100
NO_PASSIVE,302005,841.4655230845931,2.841215041871043,445.27907653515393,0,0,0,0,2,2,4,5,10,100
RANDOM,302005,487.38630188414805,2.7292551741144284,329.132509671515,2,0,0,0,2,2,4,5,10,100
HIGHEST_SNR,302005,487.38630188414805,2.7292551741144284,329.132509671515,2,0,0,0,2,2,4,5,10,100
SHORTEST_PULSE,302005,487.38630188414805,2.7292551741144284,329.132509671515,2,0,0,0,2,2,4,5,10,100
METROLOGY_CONDITIONED_EIG,302005,487.38630188414805,2.7292551741144284,329.132509671515,2,0,0,0,2,2,4,5,10,100
NO_PASSIVE,302006,502.65742406818424,1.1137595617596059,445.27907653515393,0,0,0,0,27,2,4,5,10,100
RANDOM,302006,43.21878494568564,1.07649837371147,187.29932253101188,27,0,0,0,27,2,4,5,10,100
HIGHEST_SNR,302006,43.21878494568564,1.07649837371147,187.29932253101188,27,0,0,0,27,2,4,5,10,100
SHORTEST_PULSE,302006,43.21878494568564,1.07649837371147,187.29932253101188,27,0,0,0,27,2,4,5,10,100
METROLOGY_CONDITIONED_EIG,302006,43.21878494568564,1.07649837371147,187.29932253101188,27,0,0,0,27,2,4,5,10,100
NO_PASSIVE,302007,177.57979851373486,3.0489235089023725,445.27907653515393,0,0,0,0,17,2,4,5,10,100
RANDOM,302007,28.87705173022341,1.947226542351501,55.29462440145699,17,0,0,0,17,2,4,5,10,100
HIGHEST_SNR,302007,28.87705173022341,1.947226542351501,55.29462440145699,17,0,0,0,17,2,4,5,10,100
SHORTEST_PULSE,302007,28.87705173022341,1.947226542351501,55.29462440145699,17,0,0,0,17,2,4,5,10,100
METROLOGY_CONDITIONED_EIG,302007,28.87705173022341,1.947226542351501,55.29462440145699,17,0,0,0,17,2,4,5,10,100
NO_PASSIVE,302008,616.3105737598846,4.335954314502046,445.27907653515393,0,0,0,0,12,2,4,5,10,100
RANDOM,302008,38.40863148926121,3.6184447590124966,135.1331456861904,12,0,0,0,12,2,4,5,10,100
HIGHEST_SNR,302008,38.40863148926121,3.6184447590124966,135.1331456861904,12,0,0,0,12,2,4,5,10,100
SHORTEST_PULSE,302008,38.40863148926121,3.6184447590124966,135.1331456861904,12,0,0,0,12,2,4,5,10,100
METROLOGY_CONDITIONED_EIG,302008,38.40863148926121,3.6184447590124966,135.1331456861904,12,0,0,0,12,2,4,5,10,100
NO_PASSIVE,302009,197.15829151078938,1.3576626952750064,445.27907653515393,0,0,0,0,0,2,4,5,10,100
RANDOM,302009,197.15829151078938,1.3576626952750064,445.27907653515393,0,0,0,0,0,2,4,5,10,100
HIGHEST_SNR,302009,197.15829151078938,1.3576626952750064,445.27907653515393,0,0,0,0,0,2,4,5,10,100
SHORTEST_PULSE,302009,197.15829151078938,1.3576626952750064,445.27907653515393,0,0,0,0,0,2,4,5,10,100
METROLOGY_CONDITIONED_EIG,302009,197.15829151078938,1.3576626952750064,445.27907653515393,0,0,0,0,0,2,4,5,10,100
NO_PASSIVE,302010,433.38102153357335,0.7789804714935015,445.27907653515393,0,0,0,0,2,2,4,5,10,100
RANDOM,302010,398.10762307488164,0.7248553117393114,326.4586856893796,2,0,0,0,2,2,4,5,10,100
HIGHEST_SNR,302010,398.10762307488164,0.7248553117393114,326.4586856893796,2,0,0,0,2,2,4,5,10,100
SHORTEST_PULSE,302010,398.10762307488164,0.7248553117393114,326.4586856893796,2,0,0,0,2,2,4,5,10,100
METROLOGY_CONDITIONED_EIG,302010,398.10762307488164,0.7248553117393114,326.4586856893796,2,0,0,0,2,2,4,5,10,100
NO_PASSIVE,302011,446.5901364728807,2.2550756736686677,445.27907653515393,0,0,0,0,3,2,4,5,10,100
RANDOM,302011,326.6495445533757,0.9179548501982331,318.060011310896,3,0,0,0,3,2,4,5,10,100
HIGHEST_SNR,302011,326.6495445533757,0.9179548501982331,318.060011310896,3,0,0,0,3,2,4,5,10,100
SHORTEST_PULSE,302011,326.6495445533757,0.9179548501982331,318.060011310896,3,0,0,0,3,2,4,5,10,100
METROLOGY_CONDITIONED_EIG,302011,326.6495445533757,0.9179548501982331,318.060011310896,3,0,0,0,3,2,4,5,10,100
NO_PASSIVE,302012,535.3731455878072,2.5364127615536884,445.27907653515393,0,0,0,0,1,2,4,5,10,100
RANDOM,302012,361.03787666274525,2.6881874927294787,319.0528744471009,1,0,0,0,1,2,4,5,10,100
HIGHEST_SNR,302012,361.03787666274525,2.6881874927294787,319.0528744471009,1,0,0,0,1,2,4,5,10,100
SHORTEST_PULSE,302012,361.03787666274525,2.6881874927294787,319.0528744471009,1,0,0,0,1,2,4,5,10,100
METROLOGY_CONDITIONED_EIG,302012,361.03787666274525,2.6881874927294787,319.0528744471009,1,0,0,0,1,2,4,5,10,100
NO_PASSIVE,302013,494.93199431139703,1.3050892536235594,445.27907653515393,0,0,0,0,16,2,4,5,10,100
RANDOM,302013,334.57424118765,1.686884530620964,313.3679788483335,16,0,0,0,16,2,4,5,10,100
HIGHEST_SNR,302013,334.57424118765,1.686884530620964,313.3679788483335,16,0,0,0,16,2,4,5,10,100
SHORTEST_PULSE,302013,334.57424118765,1.686884530620964,313.3679788483335,16,0,0,0,16,2,4,5,10,100
METROLOGY_CONDITIONED_EIG,302013,334.57424118765,1.686884530620964,313.3679788483335,16,0,0,0,16,2,4,5,10,100
NO_PASSIVE,302014,360.59114024411184,2.1374996068722596,445.27907653515393,0,0,0,0,2,2,4,5,10,100
RANDOM,302014,266.31186520084526,2.07225182924178,169.21752543976265,2,0,0,0,2,2,4,5,10,100
HIGHEST_SNR,302014,266.31186520084526,2.07225182924178,169.21752543976265,2,0,0,0,2,2,4,5,10,100
SHORTEST_PULSE,302014,266.31186520084526,2.07225182924178,169.21752543976265,2,0,0,0,2,2,4,5,10,100
METROLOGY_CONDITIONED_EIG,302014,266.31186520084526,2.07225182924178,169.21752543976265,2,0,0,0,2,2,4,5,10,100
NO_PASSIVE,302015,495.058565081103,1.9581958344931478,445.27907653515393,0,0,0,0,3,2,4,5,10,100
RANDOM,302015,210.20942735930615,1.6823048852034685,219.36042920348277,3,0,0,0,3,2,4,5,10,100
HIGHEST_SNR,302015,210.20942735930615,1.6823048852034685,219.36042920348277,3,0,0,0,3,2,4,5,10,100
SHORTEST_PULSE,302015,210.20942735930615,1.6823048852034685,219.36042920348277,3,0,0,0,3,2,4,5,10,100
METROLOGY_CONDITIONED_EIG,302015,210.20942735930615,1.6823048852034685,219.36042920348277,3,0,0,0,3,2,4,5,10,100
NO_PASSIVE,302016,414.58138491185974,0.34474493288297053,445.27907653515393,0,0,0,0,16,2,4,5,10,100
RANDOM,302016,60.50870968193485,0.6758792092104005,47.279338547081295,16,0,0,0,16,2,4,5,10,100
HIGHEST_SNR,302016,60.50870968193485,0.6758792092104005,47.279338547081295,16,0,0,0,16,2,4,5,10,100
SHORTEST_PULSE,302016,60.50870968193485,0.6758792092104005,47.279338547081295,16,0,0,0,16,2,4,5,10,100
METROLOGY_CONDITIONED_EIG,302016,60.50870968193485,0.6758792092104005,47.279338547081295,16,0,0,0,16,2,4,5,10,100
NO_PASSIVE,302017,204.22504426080772,2.7056033513948847,445.27907653515393,0,0,0,0,16,2,4,5,10,100
RANDOM,302017,144.3259761667373,2.337955299083075,313.7043802748524,16,0,0,0,16,2,4,5,10,100
HIGHEST_SNR,302017,144.3259761667373,2.337955299083075,313.7043802748524,16,0,0,0,16,2,4,5,10,100
SHORTEST_PULSE,302017,144.3259761667373,2.337955299083075,313.7043802748524,16,0,0,0,16,2,4,5,10,100
METROLOGY_CONDITIONED_EIG,302017,144.3259761667373,2.337955299083075,313.7043802748524,16,0,0,0,16,2,4,5,10,100
NO_PASSIVE,302018,414.69649626202823,0.5853087634999401,445.27907653515393,0,0,0,0,5,2,4,5,10,100
RANDOM,302018,291.0222648709857,0.49819948001039005,285.04135058088633,5,0,0,0,5,2,4,5,10,100
HIGHEST_SNR,302018,291.0222648709857,0.49819948001039005,285.04135058088633,5,0,0,0,5,2,4,5,10,100
SHORTEST_PULSE,302018,291.0222648709857,0.49819948001039005,285.04135058088633,5,0,0,0,5,2,4,5,10,100
METROLOGY_CONDITIONED_EIG,302018,291.0222648709857,0.49819948001039005,285.04135058088633,5,0,0,0,5,2,4,5,10,100
NO_PASSIVE,302019,345.1437179559787,0.5119828748177585,445.27907653515393,0,0,0,0,3,2,4,5,10,100
RANDOM,302019,209.60600404180545,0.3152659198453043,319.61481335752194,3,0,0,0,3,2,4,5,10,100
HIGHEST_SNR,302019,209.60600404180545,0.3152659198453043,319.61481335752194,3,0,0,0,3,2,4,5,10,100
SHORTEST_PULSE,302019,209.60600404180545,0.3152659198453043,319.61481335752194,3,0,0,0,3,2,4,5,10,100
METROLOGY_CONDITIONED_EIG,302019,209.60600404180545,0.3152659198453043,319.61481335752194,3,0,0,0,3,2,4,5,10,100
NO_PASSIVE,302020,728.2833619412777,1.9214882358930516,445.27907653515393,0,0,0,0,1,2,4,5,10,100
RANDOM,302020,727.7175698779787,1.9276828009549087,332.1474084549503,1,0,0,0,1,2,4,5,10,100
HIGHEST_SNR,302020,727.7175698779787,1.9276828009549087,332.1474084549503,1,0,0,0,1,2,4,5,10,100
SHORTEST_PULSE,302020,727.7175698779787,1.9276828009549087,332.1474084549503,1,0,0,0,1,2,4,5,10,100
METROLOGY_CONDITIONED_EIG,302020,727.7175698779787,1.9276828009549087,332.1474084549503,1,0,0,0,1,2,4,5,10,100
NO_PASSIVE,302021,380.6534930139189,2.65009229032993,445.27907653515393,0,0,0,0,18,2,4,5,10,100
RANDOM,302021,125.14390005491077,0.7849432266628587,82.06079702502258,18,0,0,0,18,2,4,5,10,100
HIGHEST_SNR,302021,125.14390005491077,0.7849432266628587,82.06079702502258,18,0,0,0,18,2,4,5,10,100
SHORTEST_PULSE,302021,125.14390005491077,0.7849432266628587,82.06079702502258,18,0,0,0,18,2,4,5,10,100
METROLOGY_CONDITIONED_EIG,302021,125.14390005491077,0.7849432266628587,82.06079702502258,18,0,0,0,18,2,4,5,10,100
NO_PASSIVE,302022,455.1636326132372,1.9669934501438329,445.27907653515393,0,0,0,0,14,2,4,5,10,100
RANDOM,302022,161.45351180352085,1.7189602132250092,185.00081037856773,14,0,0,0,14,2,4,5,10,100
HIGHEST_SNR,302022,161.45351180352085,1.7189602132250092,185.00081037856773,14,0,0,0,14,2,4,5,10,100
SHORTEST_PULSE,302022,161.45351180352085,1.7189602132250092,185.00081037856773,14,0,0,0,14,2,4,5,10,100
METROLOGY_CONDITIONED_EIG,302022,161.45351180352085,1.7189602132250092,185.00081037856773,14,0,0,0,14,2,4,5,10,100
NO_PASSIVE,302023,366.81735635934285,0.9345193478709536,445.27907653515393,0,0,0,0,0,2,4,5,10,100
RANDOM,302023,366.81735635934285,0.9345193478709536,445.27907653515393,0,0,0,0,0,2,4,5,10,100
HIGHEST_SNR,302023,366.81735635934285,0.9345193478709536,445.27907653515393,0,0,0,0,0,2,4,5,10,100
SHORTEST_PULSE,302023,366.81735635934285,0.9345193478709536,445.27907653515393,0,0,0,0,0,2,4,5,10,100
METROLOGY_CONDITIONED_EIG,302023,366.81735635934285,0.9345193478709536,445.27907653515393,0,0,0,0,0,2,4,5,10,100
NO_PASSIVE,302024,229.58451292617195,1.0596065027351318,445.27907653515393,0,0,0,0,23,2,4,5,10,100
RANDOM,302024,472.89239457728286,0.6638901549810187,299.71401695393445,22,1,0,0,23,2,4,5,10,100
HIGHEST_SNR,302024,472.89239457728286,0.6638901549810187,299.71401695393445,22,1,0,0,23,2,4,5,10,100
SHORTEST_PULSE,302024,472.89239457728286,0.6638901549810187,299.71401695393445,22,1,0,0,23,2,4,5,10,100
METROLOGY_CONDITIONED_EIG,302024,472.89239457728286,0.6638901549810187,299.71401695393445,22,1,0,0,23,2,4,5,10,100
NO_PASSIVE,302025,152.96878342091978,2.408034169437895,445.27907653515393,0,0,0,0,45,2,4,5,10,100
RANDOM,302025,122.96770598480758,0.7399852442046058,196.97342098973866,45,0,0,0,45,2,4,5,10,100
HIGHEST_SNR,302025,122.96770598480758,0.7399852442046058,196.97342098973866,45,0,0,0,45,2,4,5,10,100
SHORTEST_PULSE,302025,122.96770598480758,0.7399852442046058,196.97342098973866,45,0,0,0,45,2,4,5,10,100
METROLOGY_CONDITIONED_EIG,302025,122.96770598480758,0.7399852442046058,196.97342098973866,45,0,0,0,45,2,4,5,10,100
NO_PASSIVE,302026,550.4009882537987,2.0346032346645266,445.27907653515393,0,0,0,0,23,2,4,5,10,100
RANDOM,302026,119.88737900447587,1.8038022356494405,93.92891503949842,23,0,0,0,23,2,4,5,10,100
HIGHEST_SNR,302026,119.88737900447587,1.8038022356494405,93.92891503949842,23,0,0,0,23,2,4,5,10,100
SHORTEST_PULSE,302026,119.88737900447587,1.8038022356494405,93.92891503949842,23,0,0,0,23,2,4,5,10,100
METROLOGY_CONDITIONED_EIG,302026,119.88737900447587,1.8038022356494405,93.92891503949842,23,0,0,0,23,2,4,5,10,100
NO_PASSIVE,302027,724.727023030518,2.058512094057589,445.27907653515393,0,0,0,0,42,2,4,5,10,100
RANDOM,302027,34.98123715842047,0.516341741930963,64.88967993618,24,0,0,0,42,2,4,5,10,100
HIGHEST_SNR,302027,140.878421883421,0.37014704188795117,283.5064356306184,24,0,0,0,42,2,4,5,10,100
SHORTEST_PULSE,302027,140.878421883421,0.37014704188795117,283.5064356306184,24,0,0,0,42,2,4,5,10,100
METROLOGY_CONDITIONED_EIG,302027,6.84807879174456,0.8901844524363965,64.16998427185018,24,0,0,0,42,2,4,5,10,100
NO_PASSIVE,302028,807.0590375008353,1.121355938051962,445.27907653515393,0,0,0,0,19,2,4,5,10,100
RANDOM,302028,403.8151979839527,0.6761443619425423,226.34261030096505,19,0,0,0,19,2,4,5,10,100
HIGHEST_SNR,302028,403.8151979839527,0.6761443619425423,226.34261030096505,19,0,0,0,19,2,4,5,10,100
SHORTEST_PULSE,302028,403.8151979839527,0.6761443619425423,226.34261030096505,19,0,0,0,19,2,4,5,10,100
METROLOGY_CONDITIONED_EIG,302028,403.8151979839527,0.6761443619425423,226.34261030096505,19,0,0,0,19,2,4,5,10,100
NO_PASSIVE,302029,447.2722857289469,1.8368644196814288,445.27907653515393,0,0,0,0,19,2,4,5,10,100
RANDOM,302029,116.10854483736647,1.7575413478430906,259.4679146780014,18,0,0,0,19,2,4,5,10,100
HIGHEST_SNR,302029,458.5075745027428,1.714860332589806,314.3370710773215,18,0,0,0,19,2,4,5,10,100
SHORTEST_PULSE,302029,116.10854483736647,1.7575413478430906,259.4679146780014,18,0,0,0,19,2,4,5,10,100
METROLOGY_CONDITIONED_EIG,302029,116.10854483736647,1.7575413478430906,259.4679146780014,18,0,0,0,19,2,4,5,10,100
NO_PASSIVE,303000,439.5832506566814,1.4749914672623012,445.27907653515393,0,0,0,0,14,3,4,5,100,30
RANDOM,303000,463.3524396584056,0.7222586314278626,311.7196347366171,14,0,0,0,14,3,4,5,100,30
HIGHEST_SNR,303000,463.3524396584056,0.7222586314278626,311.7196347366171,14,0,0,0,14,3,4,5,100,30
SHORTEST_PULSE,303000,463.3524396584056,0.7222586314278626,311.7196347366171,14,0,0,0,14,3,4,5,100,30
METROLOGY_CONDITIONED_EIG,303000,463.3524396584056,0.7222586314278626,311.7196347366171,14,0,0,0,14,3,4,5,100,30
NO_PASSIVE,303001,272.7669924544527,1.507619064289951,445.27907653515393,0,0,0,0,69,3,4,5,100,30
RANDOM,303001,39.60104776474525,0.9744848663298826,29.546416500992482,51,0,0,0,69,3,4,5,100,30
HIGHEST_SNR,303001,38.87707005556899,1.582014888257169,32.60575218061011,51,0,0,0,69,3,4,5,100,30
SHORTEST_PULSE,303001,23.812093458732836,0.4883957460776852,35.92052513133994,50,1,0,0,69,3,4,5,100,30
METROLOGY_CONDITIONED_EIG,303001,25.158552504665376,0.6552159186095065,31.702794933750436,50,1,0,0,69,3,4,5,100,30
NO_PASSIVE,303002,208.98207224020004,0.29806760015660766,445.27907653515393,0,0,0,0,20,3,4,5,100,30
RANDOM,303002,196.30050892446297,0.5565432895897686,317.5076508686525,20,0,0,0,20,3,4,5,100,30
HIGHEST_SNR,303002,196.30050892446297,0.5565432895897686,317.5076508686525,20,0,0,0,20,3,4,5,100,30
SHORTEST_PULSE,303002,196.30050892446297,0.5565432895897686,317.5076508686525,20,0,0,0,20,3,4,5,100,30
METROLOGY_CONDITIONED_EIG,303002,196.30050892446297,0.5565432895897686,317.5076508686525,20,0,0,0,20,3,4,5,100,30
NO_PASSIVE,303003,316.0516174335926,2.5975240134030826,445.27907653515393,0,0,0,0,19,3,4,5,100,30
RANDOM,303003,212.93934647333256,1.5077297127982239,313.3221785240667,19,0,0,0,19,3,4,5,100,30
HIGHEST_SNR,303003,212.93934647333256,1.5077297127982239,313.3221785240667,19,0,0,0,19,3,4,5,100,30
SHORTEST_PULSE,303003,212.93934647333256,1.5077297127982239,313.3221785240667,19,0,0,0,19,3,4,5,100,30
METROLOGY_CONDITIONED_EIG,303003,212.93934647333256,1.5077297127982239,313.3221785240667,19,0,0,0,19,3,4,5,100,30
NO_PASSIVE,303004,118.83070390691732,1.5005823755736112,445.27907653515393,0,0,0,0,71,3,4,5,100,30
RANDOM,303004,7.841165184910009,0.1105806553300543,21.117678605244027,47,1,0,0,71,3,4,5,100,30
HIGHEST_SNR,303004,6.308989183623976,0.2217946335129014,18.397931906259142,48,0,0,0,71,3,4,5,100,30
SHORTEST_PULSE,303004,6.308989183623976,0.2217946335129014,18.397931906259142,48,0,0,0,71,3,4,5,100,30
METROLOGY_CONDITIONED_EIG,303004,6.308989183623976,0.2217946335129014,18.397931906259142,48,0,0,0,71,3,4,5,100,30
NO_PASSIVE,303005,566.8700005114459,2.6767035342418066,445.27907653515393,0,0,0,0,84,3,4,5,100,30
RANDOM,303005,28.976558210765404,0.4659141631979896,40.062682210646564,55,1,0,0,84,3,4,5,100,30
HIGHEST_SNR,303005,28.161010358073785,0.2802584871168759,38.307882048373486,56,0,0,0,84,3,4,5,100,30
SHORTEST_PULSE,303005,22.54036902658366,0.1575368860858951,33.44381638683554,55,1,0,0,84,3,4,5,100,30
METROLOGY_CONDITIONED_EIG,303005,9.849389721574298,0.3273734355527329,33.62929908194664,55,1,0,0,84,3,4,5,100,30
NO_PASSIVE,303006,357.5926370903083,2.725755850749399,445.27907653515393,0,0,0,0,42,3,4,5,100,30
RANDOM,303006,72.15729707986756,0.8069375551660763,43.70388433346339,32,1,0,0,42,3,4,5,100,30
HIGHEST_SNR,303006,57.023837282600404,0.6889733032676454,39.96692284553914,32,1,0,0,42,3,4,5,100,30
SHORTEST_PULSE,303006,92.30785158820181,1.1142391301581633,47.59718702801812,32,1,0,0,42,3,4,5,100,30
METROLOGY_CONDITIONED_EIG,303006,57.023837282600404,0.6889733032676454,39.96692284553914,32,1,0,0,42,3,4,5,100,30
NO_PASSIVE,303007,333.93643502930695,1.2635179738414744,445.27907653515393,0,0,0,0,70,3,4,5,100,30
RANDOM,303007,7.596070765533832,0.3631958183046167,42.318955270178925,45,1,0,0,70,3,4,5,100,30
HIGHEST_SNR,303007,5.296745616903808,0.34629836036438416,38.58056091649958,45,1,0,0,70,3,4,5,100,30
SHORTEST_PULSE,303007,5.296745616903808,0.34629836036438416,38.58056091649958,45,1,0,0,70,3,4,5,100,30
METROLOGY_CONDITIONED_EIG,303007,7.301957752380107,0.3631863498335596,38.66502800791361,45,1,0,0,70,3,4,5,100,30
NO_PASSIVE,303008,405.6830981628499,0.7394460540511202,445.27907653515393,0,0,0,0,8,3,4,5,100,30
RANDOM,303008,381.9723137232989,0.4054788093419846,314.4845491497724,8,0,0,0,8,3,4,5,100,30
HIGHEST_SNR,303008,381.9723137232989,0.4054788093419846,314.4845491497724,8,0,0,0,8,3,4,5,100,30
SHORTEST_PULSE,303008,381.9723137232989,0.4054788093419846,314.4845491497724,8,0,0,0,8,3,4,5,100,30
METROLOGY_CONDITIONED_EIG,303008,381.9723137232989,0.4054788093419846,314.4845491497724,8,0,0,0,8,3,4,5,100,30
NO_PASSIVE,303009,601.0542234334828,2.8837689425110207,445.27907653515393,0,0,0,0,48,3,4,5,100,30
RANDOM,303009,19.29742251605627,1.2326175514455004,47.07726958458548,48,0,0,0,48,3,4,5,100,30
HIGHEST_SNR,303009,19.29742251605627,1.2326175514455004,47.07726958458548,48,0,0,0,48,3,4,5,100,30
SHORTEST_PULSE,303009,19.29742251605627,1.2326175514455004,47.07726958458548,48,0,0,0,48,3,4,5,100,30
METROLOGY_CONDITIONED_EIG,303009,19.29742251605627,1.2326175514455004,47.07726958458548,48,0,0,0,48,3,4,5,100,30
NO_PASSIVE,303010,400.1129044333586,1.8585686791867964,445.27907653515393,0,0,0,0,46,3,4,5,100,30
RANDOM,303010,18.26657279738485,2.0002538303623023,92.0424224494714,46,0,0,0,46,3,4,5,100,30
HIGHEST_SNR,303010,18.26657279738485,2.0002538303623023,92.0424224494714,46,0,0,0,46,3,4,5,100,30
SHORTEST_PULSE,303010,18.26657279738485,2.0002538303623023,92.0424224494714,46,0,0,0,46,3,4,5,100,30
METROLOGY_CONDITIONED_EIG,303010,18.26657279738485,2.0002538303623023,92.0424224494714,46,0,0,0,46,3,4,5,100,30
NO_PASSIVE,303011,489.49767650303556,1.1109155794033276,445.27907653515393,0,0,0,0,69,3,4,5,100,30
RANDOM,303011,52.7879068029224,1.6353218678902037,29.7455488756309,55,2,0,0,69,3,4,5,100,30
HIGHEST_SNR,303011,42.49757313137443,1.3860489677647916,30.20569824331252,56,1,0,0,69,3,4,5,100,30
SHORTEST_PULSE,303011,48.690356968085915,1.5276686130999928,26.964389064082738,55,2,0,0,69,3,4,5,100,30
METROLOGY_CONDITIONED_EIG,303011,48.690356968085915,1.5276686130999928,26.964389064082738,55,2,0,0,69,3,4,5,100,30
NO_PASSIVE,303012,192.0021761412759,1.1548907647020499,445.27907653515393,0,0,0,0,42,3,4,5,100,30
RANDOM,303012,9.621091505830197,0.08296440799588324,22.832957282134686,29,0,0,0,42,3,4,5,100,30
HIGHEST_SNR,303012,8.065531729776781,0.19633181734222258,24.195709195825792,29,0,0,0,42,3,4,5,100,30
SHORTEST_PULSE,303012,13.040404772808692,0.04026482852131481,22.2884622141664,29,0,0,0,42,3,4,5,100,30
METROLOGY_CONDITIONED_EIG,303012,8.604803913525666,0.12530739939889823,22.38690578273401,29,0,0,0,42,3,4,5,100,30
NO_PASSIVE,303013,100.52718737808875,0.7041246835510474,445.27907653515393,0,0,0,0,17,3,4,5,100,30
RANDOM,303013,37.513776584145496,0.719091518222472,314.76445580251703,17,0,0,0,17,3,4,5,100,30
HIGHEST_SNR,303013,37.513776584145496,0.719091518222472,314.76445580251703,17,0,0,0,17,3,4,5,100,30
SHORTEST_PULSE,303013,37.513776584145496,0.719091518222472,314.76445580251703,17,0,0,0,17,3,4,5,100,30
METROLOGY_CONDITIONED_EIG,303013,37.513776584145496,0.719091518222472,314.76445580251703,17,0,0,0,17,3,4,5,100,30
NO_PASSIVE,303014,298.1347202046967,4.80696780783503,445.27907653515393,0,0,0,0,41,3,4,5,100,30
RANDOM,303014,59.1349471478491,0.8728318030508597,30.26153971106253,38,1,0,0,41,3,4,5,100,30
HIGHEST_SNR,303014,59.1349471478491,0.8728318030508597,30.26153971106253,38,1,0,0,41,3,4,5,100,30
SHORTEST_PULSE,303014,68.14328224771329,1.0961757779811656,28.76061763632885,38,1,0,0,41,3,4,5,100,30
METROLOGY_CONDITIONED_EIG,303014,68.14328224771329,1.0961757779811656,28.76061763632885,38,1,0,0,41,3,4,5,100,30
NO_PASSIVE,303015,505.357821666562,1.515144853821249,445.27907653515393,0,0,0,0,65,3,4,5,100,30
RANDOM,303015,38.01368463287625,0.932444563378815,27.169827639430004,46,0,0,0,65,3,4,5,100,30
HIGHEST_SNR,303015,34.93295521742124,1.0876802824018064,26.350503980142825,46,0,0,0,65,3,4,5,100,30
SHORTEST_PULSE,303015,34.93295521742124,1.0876802824018064,26.350503980142825,46,0,0,0,65,3,4,5,100,30
METROLOGY_CONDITIONED_EIG,303015,34.93295521742124,1.0876802824018064,26.350503980142825,46,0,0,0,65,3,4,5,100,30
NO_PASSIVE,303016,244.87314713167143,1.3335479562678707,445.27907653515393,0,0,0,0,24,3,4,5,100,30
RANDOM,303016,289.144531699648,1.3302154698938362,310.3878388746652,24,0,0,0,24,3,4,5,100,30
HIGHEST_SNR,303016,289.144531699648,1.3302154698938362,310.3878388746652,24,0,0,0,24,3,4,5,100,30
SHORTEST_PULSE,303016,289.144531699648,1.3302154698938362,310.3878388746652,24,0,0,0,24,3,4,5,100,30
METROLOGY_CONDITIONED_EIG,303016,289.144531699648,1.3302154698938362,310.3878388746652,24,0,0,0,24,3,4,5,100,30
NO_PASSIVE,303017,612.712467809793,2.0254666950157896,445.27907653515393,0,0,0,0,25,3,4,5,100,30
RANDOM,303017,17.797880171107458,0.12312103365007933,28.602139988147545,25,0,0,0,25,3,4,5,100,30
HIGHEST_SNR,303017,17.797880171107458,0.12312103365007933,28.602139988147545,25,0,0,0,25,3,4,5,100,30
SHORTEST_PULSE,303017,17.797880171107458,0.12312103365007933,28.602139988147545,25,0,0,0,25,3,4,5,100,30
METROLOGY_CONDITIONED_EIG,303017,17.797880171107458,0.12312103365007933,28.602139988147545,25,0,0,0,25,3,4,5,100,30
NO_PASSIVE,303018,438.40435517297374,2.1936819237246303,445.27907653515393,0,0,0,0,72,3,4,5,100,30
RANDOM,303018,5.453164334787428,0.37893492772549153,16.661162039398018,48,0,0,0,72,3,4,5,100,30
HIGHEST_SNR,303018,5.572343293190493,0.4827932510408639,17.36491069679853,48,0,0,0,72,3,4,5,100,30
SHORTEST_PULSE,303018,5.855235410589923,0.4151765899087679,16.38454547993743,48,0,0,0,72,3,4,5,100,30
METROLOGY_CONDITIONED_EIG,303018,5.855235410589923,0.4151765899087679,16.38454547993743,48,0,0,0,72,3,4,5,100,30
NO_PASSIVE,303019,152.76333490630054,1.1264435010817582,445.27907653515393,0,0,0,0,59,3,4,5,100,30
RANDOM,303019,18.123631692108642,0.27372857026864883,16.292338552365106,53,0,0,0,59,3,4,5,100,30
HIGHEST_SNR,303019,12.606160162906175,0.2530363962669463,17.03695893776179,53,0,0,0,59,3,4,5,100,30
SHORTEST_PULSE,303019,18.17760302807627,0.2904117556310661,15.753240795605478,53,0,0,0,59,3,4,5,100,30
METROLOGY_CONDITIONED_EIG,303019,18.17760302807627,0.2904117556310661,15.753240795605478,53,0,0,0,59,3,4,5,100,30
NO_PASSIVE,303020,550.0450319256713,1.7115522782184966,445.27907653515393,0,0,0,0,71,3,4,5,100,30
RANDOM,303020,6.199281864181339,0.11963959949548422,21.397148676042395,48,0,0,0,71,3,4,5,100,30
HIGHEST_SNR,303020,11.026196732162763,0.6333436182457436,19.17876081340281,48,0,0,0,71,3,4,5,100,30
SHORTEST_PULSE,303020,5.836951701239835,0.3022916317841688,17.748571235205766,48,0,0,0,71,3,4,5,100,30
METROLOGY_CONDITIONED_EIG,303020,6.459591729761217,0.25502730169011883,17.848064192723825,48,0,0,0,71,3,4,5,100,30
NO_PASSIVE,303021,455.7527021851812,1.3647128498018741,445.27907653515393,0,0,0,0,86,3,4,5,100,30
RANDOM,303021,52.91574527747362,1.163509864432056,37.183263754340025,36,0,0,0,86,3,4,5,100,30
HIGHEST_SNR,303021,75.8390964867068,1.5834831757915162,223.1934579868817,36,0,0,0,86,3,4,5,100,30
SHORTEST_PULSE,303021,113.19831813080086,0.5270417149679006,118.98980720729583,36,0,0,0,86,3,4,5,100,30
METROLOGY_CONDITIONED_EIG,303021,12.71616538455225,0.1222194079665621,29.55114899776224,36,0,0,0,86,3,4,5,100,30
NO_PASSIVE,303022,353.59053738210446,1.2484609617639109,445.27907653515393,0,0,0,0,63,3,4,5,100,30
RANDOM,303022,51.578089767024665,0.979452883576399,213.00328270643814,24,0,0,0,63,3,4,5,100,30
HIGHEST_SNR,303022,230.038193876854,1.4274195719562366,326.8225253905924,24,0,0,0,63,3,4,5,100,30
SHORTEST_PULSE,303022,213.08562599924403,1.8137419758582884,324.22314047516244,24,0,0,0,63,3,4,5,100,30
METROLOGY_CONDITIONED_EIG,303022,101.74556543574732,2.7799753983013997,210.65945779025932,24,0,0,0,63,3,4,5,100,30
NO_PASSIVE,303023,382.46556314895207,2.129340130599218,445.27907653515393,0,0,0,0,47,3,4,5,100,30
RANDOM,303023,43.955312857916056,0.974406569690382,41.73020994810214,47,0,0,0,47,3,4,5,100,30
HIGHEST_SNR,303023,43.955312857916056,0.974406569690382,41.73020994810214,47,0,0,0,47,3,4,5,100,30
SHORTEST_PULSE,303023,43.955312857916056,0.974406569690382,41.73020994810214,47,0,0,0,47,3,4,5,100,30
METROLOGY_CONDITIONED_EIG,303023,43.955312857916056,0.974406569690382,41.73020994810214,47,0,0,0,47,3,4,5,100,30
NO_PASSIVE,303024,322.49524902903374,0.9503675771405398,445.27907653515393,0,0,0,0,8,3,4,5,100,30
RANDOM,303024,315.03097023756305,0.17467543248659367,315.26196446554036,8,0,0,0,8,3,4,5,100,30
HIGHEST_SNR,303024,315.03097023756305,0.17467543248659367,315.26196446554036,8,0,0,0,8,3,4,5,100,30
SHORTEST_PULSE,303024,315.03097023756305,0.17467543248659367,315.26196446554036,8,0,0,0,8,3,4,5,100,30
METROLOGY_CONDITIONED_EIG,303024,315.03097023756305,0.17467543248659367,315.26196446554036,8,0,0,0,8,3,4,5,100,30
NO_PASSIVE,303025,484.66045471258457,3.2703761602337096,445.27907653515393,0,0,0,0,47,3,4,5,100,30
RANDOM,303025,465.0201430120894,3.172313827154709,284.12586084326705,39,0,0,0,47,3,4,5,100,30
HIGHEST_SNR,303025,341.00131240356484,3.13884029000824,297.6991167629529,39,0,0,0,47,3,4,5,100,30
SHORTEST_PULSE,303025,481.1611144833389,3.2191349956944166,272.9449739572802,39,0,0,0,47,3,4,5,100,30
METROLOGY_CONDITIONED_EIG,303025,470.12979769094846,3.2231522463633073,274.09079459257515,39,0,0,0,47,3,4,5,100,30
NO_PASSIVE,303026,505.26808194673043,0.8729253539579128,445.27907653515393,0,0,0,0,57,3,4,5,100,30
RANDOM,303026,15.340857822084887,1.5880141694846146,42.4828682666192,54,0,0,0,57,3,4,5,100,30
HIGHEST_SNR,303026,15.645886052810493,1.5080557663239007,42.47920649935199,54,0,0,0,57,3,4,5,100,30
SHORTEST_PULSE,303026,20.073384333906844,1.5700169181150125,42.94952002959879,54,0,0,0,57,3,4,5,100,30
METROLOGY_CONDITIONED_EIG,303026,15.645886052810493,1.5080557663239007,42.47920649935199,54,0,0,0,57,3,4,5,100,30
NO_PASSIVE,303027,402.23120970069874,1.6047600589630606,445.27907653515393,0,0,0,0,63,3,4,5,100,30
RANDOM,303027,24.220079889882353,0.4260238629685557,29.673485968042296,48,0,0,0,63,3,4,5,100,30
HIGHEST_SNR,303027,30.5670128651257,0.3298301534637377,55.03027048141185,48,0,0,0,63,3,4,5,100,30
SHORTEST_PULSE,303027,18.103878723978934,0.22656031475644522,31.726578808476425,48,0,0,0,63,3,4,5,100,30
METROLOGY_CONDITIONED_EIG,303027,13.172777840075653,0.7054889594774388,27.055001351218465,48,0,0,0,63,3,4,5,100,30
NO_PASSIVE,303028,426.7362822649611,1.0986480512477312,445.27907653515393,0,0,0,0,24,3,4,5,100,30
RANDOM,303028,132.8804163194219,1.4734773481322918,80.75908490807782,21,1,0,0,24,3,4,5,100,30
HIGHEST_SNR,303028,107.38929106863417,1.1904222511873694,79.12981185303474,21,1,0,0,24,3,4,5,100,30
SHORTEST_PULSE,303028,114.5520212847729,1.2227017846207475,84.5014530344676,21,1,0,0,24,3,4,5,100,30
METROLOGY_CONDITIONED_EIG,303028,107.38929106863417,1.1904222511873694,79.12981185303474,21,1,0,0,24,3,4,5,100,30
NO_PASSIVE,303029,523.6067712273382,1.89407539220298,445.27907653515393,0,0,0,0,47,3,4,5,100,30
RANDOM,303029,19.882004415870462,1.4010129884676066,64.87896166640002,46,1,0,0,47,3,4,5,100,30
HIGHEST_SNR,303029,19.882004415870462,1.4010129884676066,64.87896166640002,46,1,0,0,47,3,4,5,100,30
SHORTEST_PULSE,303029,19.882004415870462,1.4010129884676066,64.87896166640002,46,1,0,0,47,3,4,5,100,30
METROLOGY_CONDITIONED_EIG,303029,19.882004415870462,1.4010129884676066,64.87896166640002,46,1,0,0,47,3,4,5,100,30
NO_PASSIVE,304000,585.2748632284456,4.383603722341448,445.27907653515393,0,0,0,0,24,4,4,5,100,100
RANDOM,304000,246.20033395748553,1.533084445148901,286.9527744326877,24,0,0,0,24,4,4,5,100,100
HIGHEST_SNR,304000,246.20033395748553,1.533084445148901,286.9527744326877,24,0,0,0,24,4,4,5,100,100
SHORTEST_PULSE,304000,246.20033395748553,1.533084445148901,286.9527744326877,24,0,0,0,24,4,4,5,100,100
METROLOGY_CONDITIONED_EIG,304000,246.20033395748553,1.533084445148901,286.9527744326877,24,0,0,0,24,4,4,5,100,100
NO_PASSIVE,304001,267.18080500955244,2.7208607183033062,445.27907653515393,0,0,0,0,76,4,4,5,100,100
RANDOM,304001,62.37887722453892,2.9133143276221314,38.27263537788928,36,0,0,0,76,4,4,5,100,100
HIGHEST_SNR,304001,76.26448572007331,2.133631301039736,56.144979935958176,36,0,0,0,76,4,4,5,100,100
SHORTEST_PULSE,304001,61.33948866783873,2.374318840693842,34.95484643909029,36,0,0,0,76,4,4,5,100,100
METROLOGY_CONDITIONED_EIG,304001,37.78344960890283,1.8095152422001646,35.94295984652255,36,0,0,0,76,4,4,5,100,100
NO_PASSIVE,304002,159.9056204138154,0.6092374686206957,445.27907653515393,0,0,0,0,81,4,4,5,100,100
RANDOM,304002,59.27052581201457,0.6879695985387153,36.65186002629877,45,2,0,0,81,4,4,5,100,100
HIGHEST_SNR,304002,16.775721077548255,0.7175837893505893,43.991133903067286,46,1,0,0,81,4,4,5,100,100
SHORTEST_PULSE,304002,17.77066562432233,0.8221922896101754,32.02612313565513,45,2,0,0,81,4,4,5,100,100
METROLOGY_CONDITIONED_EIG,304002,14.88469801567727,0.9206089124105482,32.03718250908816,45,2,0,0,81,4,4,5,100,100
NO_PASSIVE,304003,842.6476600467286,1.2808543872315685,445.27907653515393,0,0,0,0,72,4,4,5,100,100
RANDOM,304003,4.326893441345876,0.23825072534764075,96.64289482182873,36,0,0,0,72,4,4,5,100,100
HIGHEST_SNR,304003,148.04538242563504,0.834210842612607,169.82710559167253,36,0,0,0,72,4,4,5,100,100
SHORTEST_PULSE,304003,125.35272474707385,0.8415172814110746,105.47601820509689,35,1,0,0,72,4,4,5,100,100
METROLOGY_CONDITIONED_EIG,304003,22.565675109130588,0.6752956936886494,87.87244354066381,35,1,0,0,72,4,4,5,100,100
NO_PASSIVE,304004,230.6936625073862,0.89882771380421,445.27907653515393,0,0,0,0,7,4,4,5,100,100
RANDOM,304004,239.9710917234923,0.8195816571333892,314.59309952223595,7,0,0,0,7,4,4,5,100,100
HIGHEST_SNR,304004,239.9710917234923,0.8195816571333892,314.59309952223595,7,0,0,0,7,4,4,5,100,100
SHORTEST_PULSE,304004,239.9710917234923,0.8195816571333892,314.59309952223595,7,0,0,0,7,4,4,5,100,100
METROLOGY_CONDITIONED_EIG,304004,239.9710917234923,0.8195816571333892,314.59309952223595,7,0,0,0,7,4,4,5,100,100
NO_PASSIVE,304005,469.78162724661183,1.7734745106856133,445.27907653515393,0,0,0,0,40,4,4,5,100,100
RANDOM,304005,51.74034967459448,1.4823879864024538,91.12610509028075,22,1,0,0,40,4,4,5,100,100
HIGHEST_SNR,304005,107.70099245444361,1.5788646436544653,134.09813254802276,23,0,0,0,40,4,4,5,100,100
SHORTEST_PULSE,304005,107.70099245444361,1.5788646436544653,134.09813254802276,23,0,0,0,40,4,4,5,100,100
METROLOGY_CONDITIONED_EIG,304005,38.6956351181729,0.8944645408484015,90.06190660661248,22,1,0,0,40,4,4,5,100,100
NO_PASSIVE,304006,166.13902007386292,0.7350676385252298,445.27907653515393,0,0,0,0,43,4,4,5,100,100
RANDOM,304006,71.35284822241599,1.3425734205004722,28.975174552562937,36,0,0,0,43,4,4,5,100,100
HIGHEST_SNR,304006,88.27107961868953,1.6557752520978086,34.29523868198076,36,0,0,0,43,4,4,5,100,100
SHORTEST_PULSE,304006,53.85753062807259,1.2532971477484078,27.97940947059823,36,0,0,0,43,4,4,5,100,100
METROLOGY_CONDITIONED_EIG,304006,53.85753062807259,1.2532971477484078,27.97940947059823,36,0,0,0,43,4,4,5,100,100
NO_PASSIVE,304007,651.9604493694579,0.2501266160304077,445.27907653515393,0,0,0,0,70,4,4,5,100,100
RANDOM,304007,61.77222666411302,0.7095492509506927,45.385491783169485,36,0,0,0,70,4,4,5,100,100
HIGHEST_SNR,304007,41.93340183448877,0.4386856325863469,40.17296034322536,36,0,0,0,70,4,4,5,100,100
SHORTEST_PULSE,304007,74.81934008743126,0.1994387656231631,53.0651912849479,36,0,0,0,70,4,4,5,100,100
METROLOGY_CONDITIONED_EIG,304007,30.60393447720964,0.38100155433647154,40.11674932657139,36,0,0,0,70,4,4,5,100,100
NO_PASSIVE,304008,61.87504867767261,0.8286958003213851,445.27907653515393,0,0,0,0,53,4,4,5,100,100
RANDOM,304008,45.016647880597915,1.09273224671858,58.2369724290816,48,1,0,0,53,4,4,5,100,100
HIGHEST_SNR,304008,48.67793499530973,1.1941590949090846,63.92267405397197,48,1,0,0,53,4,4,5,100,100
SHORTEST_PULSE,304008,30.469035082673535,1.2056758911608056,53.760301726537904,48,1,0,0,53,4,4,5,100,100
METROLOGY_CONDITIONED_EIG,304008,30.469035082673535,1.2056758911608056,53.760301726537904,48,1,0,0,53,4,4,5,100,100
NO_PASSIVE,304009,440.17721668738074,2.612814672330845,445.27907653515393,0,0,0,0,26,4,4,5,100,100
RANDOM,304009,134.51904157036785,2.3522155905456326,78.31260078090378,26,0,0,0,26,4,4,5,100,100
HIGHEST_SNR,304009,134.51904157036785,2.3522155905456326,78.31260078090378,26,0,0,0,26,4,4,5,100,100
SHORTEST_PULSE,304009,134.51904157036785,2.3522155905456326,78.31260078090378,26,0,0,0,26,4,4,5,100,100
METROLOGY_CONDITIONED_EIG,304009,134.51904157036785,2.3522155905456326,78.31260078090378,26,0,0,0,26,4,4,5,100,100
NO_PASSIVE,304010,44.34026282613319,1.0008401702531122,445.27907653515393,0,0,0,0,30,4,4,5,100,100
RANDOM,304010,49.62786653175197,0.8002687440859615,61.74370928557434,27,0,0,0,30,4,4,5,100,100
HIGHEST_SNR,304010,60.23851414347686,0.9502513315529091,67.02073828880951,27,0,0,0,30,4,4,5,100,100
SHORTEST_PULSE,304010,56.157730804190116,0.978219708197658,61.10329348154423,27,0,0,0,30,4,4,5,100,100
METROLOGY_CONDITIONED_EIG,304010,56.157730804190116,0.978219708197658,61.10329348154423,27,0,0,0,30,4,4,5,100,100
NO_PASSIVE,304011,518.8935728057064,1.4085632233388008,445.27907653515393,0,0,0,0,66,4,4,5,100,100
RANDOM,304011,17.549554718228176,1.4646243865220334,31.862969214138058,49,0,0,0,66,4,4,5,100,100
HIGHEST_SNR,304011,17.44893295027615,1.746591143757845,32.89565818247138,49,0,0,0,66,4,4,5,100,100
SHORTEST_PULSE,304011,16.60741905689611,1.38004731618632,31.657526944672277,49,0,0,0,66,4,4,5,100,100
METROLOGY_CONDITIONED_EIG,304011,14.786426278651284,1.498634192283724,32.22753850738613,49,0,0,0,66,4,4,5,100,100
NO_PASSIVE,304012,312.2131344874844,3.48766088904032,445.27907653515393,0,0,0,0,9,4,4,5,100,100
RANDOM,304012,148.98626660015668,0.9439560297743731,316.53367165476095,9,0,0,0,9,4,4,5,100,100
HIGHEST_SNR,304012,148.98626660015668,0.9439560297743731,316.53367165476095,9,0,0,0,9,4,4,5,100,100
SHORTEST_PULSE,304012,148.98626660015668,0.9439560297743731,316.53367165476095,9,0,0,0,9,4,4,5,100,100
METROLOGY_CONDITIONED_EIG,304012,148.98626660015668,0.9439560297743731,316.53367165476095,9,0,0,0,9,4,4,5,100,100
NO_PASSIVE,304013,417.1392891476654,1.508374059208464,445.27907653515393,0,0,0,0,90,4,4,5,100,100
RANDOM,304013,23.25764349810328,0.44782209338460316,38.89799718522386,59,1,0,0,90,4,4,5,100,100
HIGHEST_SNR,304013,5.980064653303111,0.35542272157330346,38.3939186734396,60,0,0,0,90,4,4,5,100,100
SHORTEST_PULSE,304013,3.679834826961223,0.25494301398146996,45.10158636027018,60,0,0,0,90,4,4,5,100,100
METROLOGY_CONDITIONED_EIG,304013,29.174046654798317,0.967566624554005,36.23739837001881,60,0,0,0,90,4,4,5,100,100
NO_PASSIVE,304014,715.5769872290797,0.30669692957818884,445.27907653515393,0,0,0,0,43,4,4,5,100,100
RANDOM,304014,34.67816613659579,1.1021257507035593,34.411352804387384,35,0,0,0,43,4,4,5,100,100
HIGHEST_SNR,304014,32.138581343165804,0.8737163633306617,35.951302342082734,35,0,0,0,43,4,4,5,100,100
SHORTEST_PULSE,304014,47.416184329975245,1.4726577625013264,33.67339877627765,35,0,0,0,43,4,4,5,100,100
METROLOGY_CONDITIONED_EIG,304014,46.67603301216789,1.1883048888869778,34.515453276777876,35,0,0,0,43,4,4,5,100,100
NO_PASSIVE,304015,282.0409630001821,3.44362757202874,445.27907653515393,0,0,0,0,48,4,4,5,100,100
RANDOM,304015,68.64520102058998,3.11364036599448,109.90692934018296,24,0,0,0,48,4,4,5,100,100
HIGHEST_SNR,304015,117.34507190665336,3.3702065263858283,313.64666535505665,24,0,0,0,48,4,4,5,100,100
SHORTEST_PULSE,304015,128.627749950534,3.018040658148261,314.42865108481436,24,0,0,0,48,4,4,5,100,100
METROLOGY_CONDITIONED_EIG,304015,184.2734473202714,3.4886592884736456,109.26760516392679,24,0,0,0,48,4,4,5,100,100
NO_PASSIVE,304016,686.6811400375,1.469896313270871,445.27907653515393,0,0,0,0,80,4,4,5,100,100
RANDOM,304016,7.849651633545908,0.5316175799305867,44.99017042119894,54,0,0,0,80,4,4,5,100,100
HIGHEST_SNR,304016,46.105763865025054,0.3637627839294149,49.10331170640431,54,0,0,0,80,4,4,5,100,100
SHORTEST_PULSE,304016,28.264177826644826,0.7092724638925302,47.01231171421756,54,0,0,0,80,4,4,5,100,100
METROLOGY_CONDITIONED_EIG,304016,7.864367792143247,0.7107720356302812,43.61960052725813,54,0,0,0,80,4,4,5,100,100
NO_PASSIVE,304017,611.2858870909627,2.218181154122409,445.27907653515393,0,0,0,0,24,4,4,5,100,100
RANDOM,304017,688.8886766661165,2.086928023039632,314.65131904836204,24,0,0,0,24,4,4,5,100,100
HIGHEST_SNR,304017,688.8886766661165,2.086928023039632,314.65131904836204,24,0,0,0,24,4,4,5,100,100
SHORTEST_PULSE,304017,688.8886766661165,2.086928023039632,314.65131904836204,24,0,0,0,24,4,4,5,100,100
METROLOGY_CONDITIONED_EIG,304017,688.8886766661165,2.086928023039632,314.65131904836204,24,0,0,0,24,4,4,5,100,100
NO_PASSIVE,304018,696.3136868721335,0.06492875362823645,445.27907653515393,0,0,0,0,23,4,4,5,100,100
RANDOM,304018,698.0743981668278,1.0648539459436348,314.55868912155097,23,0,0,0,23,4,4,5,100,100
HIGHEST_SNR,304018,698.0743981668278,1.0648539459436348,314.55868912155097,23,0,0,0,23,4,4,5,100,100
SHORTEST_PULSE,304018,698.0743981668278,1.0648539459436348,314.55868912155097,23,0,0,0,23,4,4,5,100,100
METROLOGY_CONDITIONED_EIG,304018,698.0743981668278,1.0648539459436348,314.55868912155097,23,0,0,0,23,4,4,5,100,100
NO_PASSIVE,304019,494.2827975400644,1.326496966607551,445.27907653515393,0,0,0,0,25,4,4,5,100,100
RANDOM,304019,22.504827881402427,0.9392317229413961,81.84906094526718,22,0,0,0,25,4,4,5,100,100
HIGHEST_SNR,304019,18.62458905193686,1.5937041091302322,316.1498375887625,22,0,0,0,25,4,4,5,100,100
SHORTEST_PULSE,304019,48.36350937422651,1.1909605476683995,55.12101532161013,22,0,0,0,25,4,4,5,100,100
METROLOGY_CONDITIONED_EIG,304019,48.36350937422651,1.1909605476683995,55.12101532161013,22,0,0,0,25,4,4,5,100,100
NO_PASSIVE,304020,442.43403389488157,0.9643672334937722,445.27907653515393,0,0,0,0,75,4,4,5,100,100
RANDOM,304020,69.73104950448248,0.9349300621586186,50.28695347111742,24,0,0,0,75,4,4,5,100,100
HIGHEST_SNR,304020,419.96052249392375,1.6242373510112873,312.15364878691173,22,2,0,0,75,4,4,5,100,100
SHORTEST_PULSE,304020,89.91637769667425,0.5571896492858276,57.18968595103274,24,0,0,0,75,4,4,5,100,100
METROLOGY_CONDITIONED_EIG,304020,28.337418392598583,0.6385488041136617,46.79008082993391,24,0,0,0,75,4,4,5,100,100
NO_PASSIVE,304021,302.1970102460638,2.45525664526607,445.27907653515393,0,0,0,0,32,4,4,5,100,100
RANDOM,304021,46.67237678662181,1.9020300941326347,137.46259665967074,27,0,0,0,32,4,4,5,100,100
HIGHEST_SNR,304021,93.26936862075827,2.95090732011417,157.9362463457776,26,1,0,0,32,4,4,5,100,100
SHORTEST_PULSE,304021,116.43349320366667,2.322066294695095,136.38657432886484,26,1,0,0,32,4,4,5,100,100
METROLOGY_CONDITIONED_EIG,304021,99.38254182383086,2.5810776754285163,136.72396884033088,26,1,0,0,32,4,4,5,100,100
NO_PASSIVE,304022,272.3356619606182,0.80750575746943,445.27907653515393,0,0,0,0,63,4,4,5,100,100
RANDOM,304022,21.483436460123205,0.5164514933848322,44.75030438064653,36,0,0,0,63,4,4,5,100,100
HIGHEST_SNR,304022,28.23090028072342,0.46594192668658774,72.56461816201555,35,1,0,0,63,4,4,5,100,100
SHORTEST_PULSE,304022,33.449399057561145,1.3291432232019005,49.65919647550521,36,0,0,0,63,4,4,5,100,100
METROLOGY_CONDITIONED_EIG,304022,31.408829614699364,0.41215827366483804,44.048603110312506,36,0,0,0,63,4,4,5,100,100
NO_PASSIVE,304023,117.61003783592027,0.09143850235126671,445.27907653515393,0,0,0,0,70,4,4,5,100,100
RANDOM,304023,12.711704690431958,0.43839053563376307,37.031157858513396,46,0,0,0,70,4,4,5,100,100
HIGHEST_SNR,304023,21.34823840569331,0.8400865775141719,60.36709630728082,46,0,0,0,70,4,4,5,100,100
SHORTEST_PULSE,304023,14.49966287126111,1.062004000188987,34.452449576311565,46,0,0,0,70,4,4,5,100,100
METROLOGY_CONDITIONED_EIG,304023,15.247391531797767,1.13761758848552,34.50143800296919,46,0,0,0,70,4,4,5,100,100
NO_PASSIVE,304024,477.29479450659545,1.319531199911172,445.27907653515393,0,0,0,0,58,4,4,5,100,100
RANDOM,304024,53.9522406812923,1.1172456468755003,44.96790888966902,55,0,0,0,58,4,4,5,100,100
HIGHEST_SNR,304024,8.840148789192897,0.2612124145442798,48.37813721674046,54,1,0,0,58,4,4,5,100,100
SHORTEST_PULSE,304024,12.82664613568818,0.19075528934577654,46.73841282611693,54,1,0,0,58,4,4,5,100,100
METROLOGY_CONDITIONED_EIG,304024,4.274585466138213,0.212942259965703,46.676983541523654,54,1,0,0,58,4,4,5,100,100
NO_PASSIVE,304025,267.141258110475,1.8020425179958999,445.27907653515393,0,0,0,0,75,4,4,5,100,100
RANDOM,304025,32.53947677587624,0.11818525034954781,42.33351705564332,48,0,0,0,75,4,4,5,100,100
HIGHEST_SNR,304025,8.993474507933001,0.5806041659520322,48.63355927475441,48,0,0,0,75,4,4,5,100,100
SHORTEST_PULSE,304025,11.938212539505106,0.7478812002030432,43.678441828266344,46,2,0,0,75,4,4,5,100,100
METROLOGY_CONDITIONED_EIG,304025,24.917996103277474,0.8475611108726913,42.68351345720458,48,0,0,0,75,4,4,5,100,100
NO_PASSIVE,304026,183.2235840645697,2.6681629455641187,445.27907653515393,0,0,0,0,86,4,4,5,100,100
RANDOM,304026,22.621908101917366,1.2480576604164864,43.49020646189679,41,0,0,0,86,4,4,5,100,100
HIGHEST_SNR,304026,16.24295705082386,1.747653259063471,52.007402324796175,41,0,0,0,86,4,4,5,100,100
SHORTEST_PULSE,304026,10.335381001076442,0.922230584239746,37.12347893946536,41,0,0,0,86,4,4,5,100,100
METROLOGY_CONDITIONED_EIG,304026,20.254185023263982,0.4968191299500491,37.30333027757177,41,0,0,0,86,4,4,5,100,100
NO_PASSIVE,304027,127.30269800412374,0.14530496412015834,445.27907653515393,0,0,0,0,62,4,4,5,100,100
RANDOM,304027,55.52514341138429,1.9394691431936941,59.213959080935574,55,1,0,0,62,4,4,5,100,100
HIGHEST_SNR,304027,55.52514341138429,1.9394691431936941,59.213959080935574,55,1,0,0,62,4,4,5,100,100
SHORTEST_PULSE,304027,88.32318465324242,1.7497867627478985,56.54207312472815,54,2,0,0,62,4,4,5,100,100
METROLOGY_CONDITIONED_EIG,304027,69.00302269201683,1.4268340297391089,56.104256479247674,54,2,0,0,62,4,4,5,100,100
NO_PASSIVE,304028,756.2849484694914,1.2735313241199593,445.27907653515393,0,0,0,0,34,4,4,5,100,100
RANDOM,304028,25.438983527184735,0.24966402036761218,35.39439292384708,33,1,0,0,34,4,4,5,100,100
HIGHEST_SNR,304028,25.438983527184735,0.24966402036761218,35.39439292384708,33,1,0,0,34,4,4,5,100,100
SHORTEST_PULSE,304028,25.438983527184735,0.24966402036761218,35.39439292384708,33,1,0,0,34,4,4,5,100,100
METROLOGY_CONDITIONED_EIG,304028,25.438983527184735,0.24966402036761218,35.39439292384708,33,1,0,0,34,4,4,5,100,100
NO_PASSIVE,304029,517.9626025303758,0.719386629049178,445.27907653515393,0,0,0,0,60,4,4,5,100,100
RANDOM,304029,85.42803204059501,1.7465017570472756,46.312223467200916,39,0,0,0,60,4,4,5,100,100
HIGHEST_SNR,304029,81.15257189699751,1.9971313503731236,43.8806433811971,39,0,0,0,60,4,4,5,100,100
SHORTEST_PULSE,304029,81.15257189699751,1.9971313503731236,43.8806433811971,39,0,0,0,60,4,4,5,100,100
METROLOGY_CONDITIONED_EIG,304029,80.81540736575717,1.9759903078792085,43.877273488173216,39,0,0,0,60,4,4,5,100,100
NO_PASSIVE,305000,246.21789266394293,2.3658119185513216,445.27907653515393,0,0,0,0,72,5,4,5,1000,30
RANDOM,305000,8.978419136406378,1.6616791668611293,52.189607010314525,47,1,0,0,72,5,4,5,1000,30
HIGHEST_SNR,305000,24.42765709450847,2.078673570418606,43.17957707756337,47,1,0,0,72,5,4,5,1000,30
SHORTEST_PULSE,305000,239.52840469220993,2.537486551994159,108.45247494753002,47,1,0,0,72,5,4,5,1000,30
METROLOGY_CONDITIONED_EIG,305000,24.42765709450847,2.078673570418606,43.17957707756337,47,1,0,0,72,5,4,5,1000,30
NO_PASSIVE,305001,586.5702985490052,1.2751429612795486,445.27907653515393,0,0,0,0,72,5,4,5,1000,30
RANDOM,305001,32.28545593905454,0.43708198681865745,36.00040855196913,35,1,0,0,72,5,4,5,1000,30
HIGHEST_SNR,305001,24.293182437958556,0.4756186894943695,38.39079417893561,36,0,0,0,72,5,4,5,1000,30
SHORTEST_PULSE,305001,15.951616687710997,0.19321576209882527,39.503483773980186,36,0,0,0,72,5,4,5,1000,30
METROLOGY_CONDITIONED_EIG,305001,22.817569849667475,0.3851953763134997,34.78700695917044,35,1,0,0,72,5,4,5,1000,30
NO_PASSIVE,305002,143.2451895382998,5.189361108757873,445.27907653515393,0,0,0,0,24,5,4,5,1000,30
RANDOM,305002,25.568451789875798,5.119118023347211,315.32204250478424,24,0,0,0,24,5,4,5,1000,30
HIGHEST_SNR,305002,25.568451789875798,5.119118023347211,315.32204250478424,24,0,0,0,24,5,4,5,1000,30
SHORTEST_PULSE,305002,25.568451789875798,5.119118023347211,315.32204250478424,24,0,0,0,24,5,4,5,1000,30
METROLOGY_CONDITIONED_EIG,305002,25.568451789875798,5.119118023347211,315.32204250478424,24,0,0,0,24,5,4,5,1000,30
NO_PASSIVE,305003,481.9390113066698,2.5238111602964044,445.27907653515393,0,0,0,0,72,5,4,5,1000,30
RANDOM,305003,7.259811816756893,0.6255850045631859,35.18984066129408,48,0,0,0,72,5,4,5,1000,30
HIGHEST_SNR,305003,22.05178509670251,0.516836398594593,32.12229726995838,48,0,0,0,72,5,4,5,1000,30
SHORTEST_PULSE,305003,25.214715428103187,0.8695588715116288,35.67234733731195,48,0,0,0,72,5,4,5,1000,30
METROLOGY_CONDITIONED_EIG,305003,49.254569077459,0.436870101002444,33.880038560333084,48,0,0,0,72,5,4,5,1000,30
NO_PASSIVE,305004,549.633628091315,1.0722151806735418,445.27907653515393,0,0,0,0,48,5,4,5,1000,30
RANDOM,305004,26.548783740978553,0.4249566370111228,31.34996020145193,36,0,0,0,48,5,4,5,1000,30
HIGHEST_SNR,305004,14.343251882376828,0.15191038065623877,29.487605953646604,36,0,0,0,48,5,4,5,1000,30
SHORTEST_PULSE,305004,11.999348735169043,0.210833554195452,33.60136814432676,36,0,0,0,48,5,4,5,1000,30
METROLOGY_CONDITIONED_EIG,305004,14.343251882376828,0.15191038065623877,29.487605953646604,36,0,0,0,48,5,4,5,1000,30
NO_PASSIVE,305005,263.4850812147734,1.6688260964158452,445.27907653515393,0,0,0,0,48,5,4,5,1000,30
RANDOM,305005,75.85519689416178,1.8195621612745445,52.897154539934114,47,1,0,0,48,5,4,5,1000,30
HIGHEST_SNR,305005,75.85519689416178,1.8195621612745445,52.897154539934114,47,1,0,0,48,5,4,5,1000,30
SHORTEST_PULSE,305005,75.85519689416178,1.8195621612745445,52.897154539934114,47,1,0,0,48,5,4,5,1000,30
METROLOGY_CONDITIONED_EIG,305005,75.85519689416178,1.8195621612745445,52.897154539934114,47,1,0,0,48,5,4,5,1000,30
NO_PASSIVE,305006,108.4717984869225,3.2293667099772647,445.27907653515393,0,0,0,0,48,5,4,5,1000,30
RANDOM,305006,100.68611349759314,1.0183185123436704,65.71843775558096,24,0,0,0,48,5,4,5,1000,30
HIGHEST_SNR,305006,82.37614906715254,3.174811521021371,314.74807611727624,24,0,0,0,48,5,4,5,1000,30
SHORTEST_PULSE,305006,82.37614906715254,3.174811521021371,314.74807611727624,24,0,0,0,48,5,4,5,1000,30
METROLOGY_CONDITIONED_EIG,305006,73.2413656080569,1.02119833298033,57.96402566534869,24,0,0,0,48,5,4,5,1000,30
NO_PASSIVE,305007,308.6716757711656,2.238408766563946,445.27907653515393,0,0,0,0,72,5,4,5,1000,30
RANDOM,305007,76.84262355748233,1.0167965935569807,33.1253017377307,48,0,0,0,72,5,4,5,1000,30
HIGHEST_SNR,305007,81.80879180489039,1.122171040920496,30.39881150300183,48,0,0,0,72,5,4,5,1000,30
SHORTEST_PULSE,305007,81.80879180489039,1.122171040920496,30.39881150300183,48,0,0,0,72,5,4,5,1000,30
METROLOGY_CONDITIONED_EIG,305007,81.80879180489039,1.122171040920496,30.39881150300183,48,0,0,0,72,5,4,5,1000,30
NO_PASSIVE,305008,632.3769425270732,1.737008478809373,445.27907653515393,0,0,0,0,48,5,4,5,1000,30
RANDOM,305008,91.85993872586201,0.8347668281787384,168.19969472803288,23,1,0,0,48,5,4,5,1000,30
HIGHEST_SNR,305008,790.2489340932469,1.661057523210498,273.3772404009019,24,0,0,0,48,5,4,5,1000,30
SHORTEST_PULSE,305008,790.2489340932469,1.661057523210498,273.3772404009019,24,0,0,0,48,5,4,5,1000,30
METROLOGY_CONDITIONED_EIG,305008,134.09236154126904,0.9388315040781923,161.4251470539158,24,0,0,0,48,5,4,5,1000,30
NO_PASSIVE,305009,452.1302109800612,0.4802680481598549,445.27907653515393,0,0,0,0,58,5,4,5,1000,30
RANDOM,305009,26.668184591004543,0.16834208048692556,24.101986928433796,36,0,0,0,58,5,4,5,1000,30
HIGHEST_SNR,305009,20.521542750026917,0.486502698734162,22.98316333053457,35,1,0,0,58,5,4,5,1000,30
SHORTEST_PULSE,305009,22.266875754403838,0.705260324978718,26.922014901221655,36,0,0,0,58,5,4,5,1000,30
METROLOGY_CONDITIONED_EIG,305009,18.77065096514157,0.25469273435321477,23.074498211020657,35,1,0,0,58,5,4,5,1000,30
NO_PASSIVE,305010,181.480677707271,1.8682324120373737,445.27907653515393,0,0,0,0,72,5,4,5,1000,30
RANDOM,305010,38.42679613495251,0.6170801419652469,56.49855027262675,35,1,0,0,72,5,4,5,1000,30
HIGHEST_SNR,305010,170.0776735165066,0.19906154247451843,94.85871257990985,35,1,0,0,72,5,4,5,1000,30
SHORTEST_PULSE,305010,172.28444534212593,1.4446014281721273,96.74238029961244,34,2,0,0,72,5,4,5,1000,30
METROLOGY_CONDITIONED_EIG,305010,28.387564738590733,0.34519100830439925,55.985137110535966,34,2,0,0,72,5,4,5,1000,30
NO_PASSIVE,305011,412.4279385939754,1.3724407138471286,445.27907653515393,0,0,0,0,72,5,4,5,1000,30
RANDOM,305011,55.61284475455552,1.7008117420848685,47.23829137071412,35,1,0,0,72,5,4,5,1000,30
HIGHEST_SNR,305011,108.50164045218767,2.1797126222883176,54.88034483657086,36,0,0,0,72,5,4,5,1000,30
SHORTEST_PULSE,305011,108.50164045218767,2.1797126222883176,54.88034483657086,36,0,0,0,72,5,4,5,1000,30
METROLOGY_CONDITIONED_EIG,305011,43.822765781405444,2.1003118175442546,45.66221225285423,36,0,0,0,72,5,4,5,1000,30
NO_PASSIVE,305012,489.01818506512416,1.8162066004815993,445.27907653515393,0,0,0,0,23,5,4,5,1000,30
RANDOM,305012,194.58636024128955,1.4593860513380623,313.34028202030095,23,0,0,0,23,5,4,5,1000,30
HIGHEST_SNR,305012,194.58636024128955,1.4593860513380623,313.34028202030095,23,0,0,0,23,5,4,5,1000,30
SHORTEST_PULSE,305012,194.58636024128955,1.4593860513380623,313.34028202030095,23,0,0,0,23,5,4,5,1000,30
METROLOGY_CONDITIONED_EIG,305012,194.58636024128955,1.4593860513380623,313.34028202030095,23,0,0,0,23,5,4,5,1000,30
NO_PASSIVE,305013,250.6752795729191,0.3366301177287315,445.27907653515393,0,0,0,0,96,5,4,5,1000,30
RANDOM,305013,26.095581642655365,0.4502175878584351,24.714723541577982,60,0,0,0,96,5,4,5,1000,30
HIGHEST_SNR,305013,10.149597279906757,0.43326098771079063,25.99662246192119,60,0,0,0,96,5,4,5,1000,30
SHORTEST_PULSE,305013,5.652108779595147,0.2740959575090646,23.222113422129304,60,0,0,0,96,5,4,5,1000,30
METROLOGY_CONDITIONED_EIG,305013,2.168603354528952,0.2270763718530266,23.83593323736745,60,0,0,0,96,5,4,5,1000,30
NO_PASSIVE,305014,144.29705488323737,2.0043022382101747,445.27907653515393,0,0,0,0,48,5,4,5,1000,30
RANDOM,305014,15.900349576480501,1.2140505735518923,243.63685543374638,36,0,0,0,48,5,4,5,1000,30
HIGHEST_SNR,305014,72.62838270163728,1.2352920912616405,258.1954150010545,36,0,0,0,48,5,4,5,1000,30
SHORTEST_PULSE,305014,72.62838270163728,1.2352920912616405,258.1954150010545,36,0,0,0,48,5,4,5,1000,30
METROLOGY_CONDITIONED_EIG,305014,113.97311172602484,1.0419024353006845,251.24414604363676,36,0,0,0,48,5,4,5,1000,30
NO_PASSIVE,305015,858.3567506134384,3.18310321638513,445.27907653515393,0,0,0,0,96,5,4,5,1000,30
RANDOM,305015,7.756373889166796,0.3611581601772643,14.60639013788089,56,4,0,0,96,5,4,5,1000,30
HIGHEST_SNR,305015,19.788806786559714,0.33872663194314234,18.385355220462905,58,2,0,0,96,5,4,5,1000,30
SHORTEST_PULSE,305015,6.197725941946008,0.13086338725231483,13.260016267120042,58,2,0,0,96,5,4,5,1000,30
METROLOGY_CONDITIONED_EIG,305015,7.364631123805508,0.13775438109907104,11.953178596102196,58,2,0,0,96,5,4,5,1000,30
NO_PASSIVE,305016,181.46257548916674,2.5100012511004577,445.27907653515393,0,0,0,0,72,5,4,5,1000,30
RANDOM,305016,8.030661266429801,0.5501895512453737,24.2006323612202,36,0,0,0,72,5,4,5,1000,30
HIGHEST_SNR,305016,11.99488808140722,1.2432781195154172,36.98107257417259,36,0,0,0,72,5,4,5,1000,30
SHORTEST_PULSE,305016,11.99488808140722,1.2432781195154172,36.98107257417259,36,0,0,0,72,5,4,5,1000,30
METROLOGY_CONDITIONED_EIG,305016,12.501335176137603,0.4316726592942628,24.41720355005209,36,0,0,0,72,5,4,5,1000,30
NO_PASSIVE,305017,522.3225811370734,0.8234786385691719,445.27907653515393,0,0,0,0,48,5,4,5,1000,30
RANDOM,305017,148.6389400979773,0.4030290701177377,153.75194563819304,36,0,0,0,48,5,4,5,1000,30
HIGHEST_SNR,305017,154.4396788381509,0.6404383621726847,148.0221372116437,36,0,0,0,48,5,4,5,1000,30
SHORTEST_PULSE,305017,56.76801519452586,0.5078334181959653,163.90937633674739,36,0,0,0,48,5,4,5,1000,30
METROLOGY_CONDITIONED_EIG,305017,203.1169440972031,0.8595515999191256,142.9172814030195,35,1,0,0,48,5,4,5,1000,30
NO_PASSIVE,305018,127.24853198347499,2.709916775820291,445.27907653515393,0,0,0,0,72,5,4,5,1000,30
RANDOM,305018,8.590131420480025,0.3680684198039262,25.680956608855258,48,0,0,0,72,5,4,5,1000,30
HIGHEST_SNR,305018,7.73566042289014,0.2211758145845392,24.504048229168415,48,0,0,0,72,5,4,5,1000,30
SHORTEST_PULSE,305018,29.57556851561665,1.2609177672808676,30.340256200255762,48,0,0,0,72,5,4,5,1000,30
METROLOGY_CONDITIONED_EIG,305018,1.1244558064885466,0.272486131243656,23.91255758081157,48,0,0,0,72,5,4,5,1000,30
NO_PASSIVE,305019,584.1104170262672,0.7843816416424247,445.27907653515393,0,0,0,0,72,5,4,5,1000,30
RANDOM,305019,4.2040346655076855,0.6786445895869484,21.079788432643877,48,0,0,0,72,5,4,5,1000,30
HIGHEST_SNR,305019,8.651854293989395,0.2525553603973297,24.602255791766027,47,1,0,0,72,5,4,5,1000,30
SHORTEST_PULSE,305019,28.533037381045826,0.5621954605882347,18.66539525915615,47,1,0,0,72,5,4,5,1000,30
METROLOGY_CONDITIONED_EIG,305019,30.184440346239814,0.574794907907266,18.695380733402015,47,1,0,0,72,5,4,5,1000,30
NO_PASSIVE,305020,79.84269493823898,1.9882197814882616,445.27907653515393,0,0,0,0,48,5,4,5,1000,30
RANDOM,305020,18.42434346088124,1.250676948867574,51.21152908891076,24,0,0,0,48,5,4,5,1000,30
HIGHEST_SNR,305020,31.49411846453237,1.5320951457947047,314.3190288129509,24,0,0,0,48,5,4,5,1000,30
SHORTEST_PULSE,305020,31.49411846453237,1.5320951457947047,314.3190288129509,24,0,0,0,48,5,4,5,1000,30
METROLOGY_CONDITIONED_EIG,305020,50.51954909683157,1.3710819648747046,47.57304631153788,24,0,0,0,48,5,4,5,1000,30
NO_PASSIVE,305021,345.97925615146335,1.0329154734103312,445.27907653515393,0,0,0,0,72,5,4,5,1000,30
RANDOM,305021,30.514676310615606,0.7204886016015403,38.60668600337686,36,0,0,0,72,5,4,5,1000,30
HIGHEST_SNR,305021,37.51512507000179,0.8722178544772883,36.4727484142459,36,0,0,0,72,5,4,5,1000,30
SHORTEST_PULSE,305021,4.184414177957101,0.14237589195967004,39.91787370598588,36,0,0,0,72,5,4,5,1000,30
METROLOGY_CONDITIONED_EIG,305021,34.25346381954897,0.6476921991846748,36.477409454399954,36,0,0,0,72,5,4,5,1000,30
NO_PASSIVE,305022,658.4549948136166,2.0474155564830716,445.27907653515393,0,0,0,0,72,5,4,5,1000,30
RANDOM,305022,18.556416714236722,0.22726883839791306,42.27277160989805,48,0,0,0,72,5,4,5,1000,30
HIGHEST_SNR,305022,90.07925685363944,2.1692076346723965,96.3254122398077,48,0,0,0,72,5,4,5,1000,30
SHORTEST_PULSE,305022,90.07925685363944,2.1692076346723965,96.3254122398077,48,0,0,0,72,5,4,5,1000,30
METROLOGY_CONDITIONED_EIG,305022,6.107518649067317,0.45743784369731016,42.28718545255896,48,0,0,0,72,5,4,5,1000,30
NO_PASSIVE,305023,472.8324699551057,1.3554479577283667,445.27907653515393,0,0,0,0,72,5,4,5,1000,30
RANDOM,305023,67.03904963004781,1.8037737520030612,41.2239894534705,58,2,0,0,72,5,4,5,1000,30
HIGHEST_SNR,305023,67.76934911447775,1.9065230436973788,42.48889809418768,59,1,0,0,72,5,4,5,1000,30
SHORTEST_PULSE,305023,57.58929814462729,1.6870128461019045,38.421878714349496,59,1,0,0,72,5,4,5,1000,30
METROLOGY_CONDITIONED_EIG,305023,51.698766789161304,1.555351350179414,40.136267755049005,59,1,0,0,72,5,4,5,1000,30
NO_PASSIVE,305024,392.5247636898925,1.9272362137107135,445.27907653515393,0,0,0,0,72,5,4,5,1000,30
RANDOM,305024,102.12351012521215,1.991275402513578,41.753666204069525,59,1,0,0,72,5,4,5,1000,30
HIGHEST_SNR,305024,100.99208041044471,1.8573589915035056,42.23127565654823,59,1,0,0,72,5,4,5,1000,30
SHORTEST_PULSE,305024,103.3112792325889,1.9244336730420086,41.631942340836126,59,1,0,0,72,5,4,5,1000,30
METROLOGY_CONDITIONED_EIG,305024,103.3112792325889,1.9244336730420086,41.631942340836126,59,1,0,0,72,5,4,5,1000,30
NO_PASSIVE,305025,423.79438335397975,3.536212528239869,445.27907653515393,0,0,0,0,48,5,4,5,1000,30
RANDOM,305025,118.80704852373641,2.4806889378222277,93.64749385823802,48,0,0,0,48,5,4,5,1000,30
HIGHEST_SNR,305025,118.80704852373641,2.4806889378222277,93.64749385823802,48,0,0,0,48,5,4,5,1000,30
SHORTEST_PULSE,305025,118.80704852373641,2.4806889378222277,93.64749385823802,48,0,0,0,48,5,4,5,1000,30
METROLOGY_CONDITIONED_EIG,305025,118.80704852373641,2.4806889378222277,93.64749385823802,48,0,0,0,48,5,4,5,1000,30
NO_PASSIVE,305026,386.3192902202796,2.6159614409467356,445.27907653515393,0,0,0,0,24,5,4,5,1000,30
RANDOM,305026,180.71565430788723,1.2181501094136544,315.10803043954314,24,0,0,0,24,5,4,5,1000,30
HIGHEST_SNR,305026,180.71565430788723,1.2181501094136544,315.10803043954314,24,0,0,0,24,5,4,5,1000,30
SHORTEST_PULSE,305026,180.71565430788723,1.2181501094136544,315.10803043954314,24,0,0,0,24,5,4,5,1000,30
METROLOGY_CONDITIONED_EIG,305026,180.71565430788723,1.2181501094136544,315.10803043954314,24,0,0,0,24,5,4,5,1000,30
NO_PASSIVE,305027,695.4866274881392,0.6694454308015678,445.27907653515393,0,0,0,0,72,5,4,5,1000,30
RANDOM,305027,27.382386012922918,0.49665735557588986,40.76694645719682,24,0,0,0,72,5,4,5,1000,30
HIGHEST_SNR,305027,384.79427165676975,0.7412059847074955,316.52721435177045,23,1,0,0,72,5,4,5,1000,30
SHORTEST_PULSE,305027,644.8066422496382,0.30591070342154225,313.2415152421199,24,0,0,0,72,5,4,5,1000,30
METROLOGY_CONDITIONED_EIG,305027,13.415233142497733,0.3591011586983955,37.33318082870938,24,0,0,0,72,5,4,5,1000,30
NO_PASSIVE,305028,631.7876524538832,1.784817896212106,445.27907653515393,0,0,0,0,71,5,4,5,1000,30
RANDOM,305028,28.303898763851198,0.9472929187086088,41.40904772307711,36,0,0,0,71,5,4,5,1000,30
HIGHEST_SNR,305028,95.88671666688526,1.9008409071587136,107.37683805932542,36,0,0,0,71,5,4,5,1000,30
SHORTEST_PULSE,305028,27.560425361958064,0.6727152106676442,35.47151159095409,36,0,0,0,71,5,4,5,1000,30
METROLOGY_CONDITIONED_EIG,305028,18.874668593931656,0.7144406430823488,35.43212502023499,36,0,0,0,71,5,4,5,1000,30
NO_PASSIVE,305029,465.156226788247,2.097922085009751,445.27907653515393,0,0,0,0,95,5,4,5,1000,30
RANDOM,305029,33.24848939194038,1.1207388894029688,29.049426364264768,48,0,0,0,95,5,4,5,1000,30
HIGHEST_SNR,305029,44.66163325409946,1.220188152968262,28.915430808693397,47,1,0,0,95,5,4,5,1000,30
SHORTEST_PULSE,305029,59.810805404443016,1.4052165395065335,39.44866304486812,47,1,0,0,95,5,4,5,1000,30
METROLOGY_CONDITIONED_EIG,305029,12.629737950495011,0.5846398124750387,23.40093660066857,48,0,0,0,95,5,4,5,1000,30
NO_PASSIVE,306000,436.3645844558151,1.2778280757659783,445.27907653515393,0,0,0,0,24,6,4,5,1000,100
RANDOM,306000,107.72615456635042,0.8216629958141841,313.59979938796585,24,0,0,0,24,6,4,5,1000,100
HIGHEST_SNR,306000,107.72615456635042,0.8216629958141841,313.59979938796585,24,0,0,0,24,6,4,5,1000,100
SHORTEST_PULSE,306000,107.72615456635042,0.8216629958141841,313.59979938796585,24,0,0,0,24,6,4,5,1000,100
METROLOGY_CONDITIONED_EIG,306000,107.72615456635042,0.8216629958141841,313.59979938796585,24,0,0,0,24,6,4,5,1000,100
NO_PASSIVE,306001,430.7904946730753,0.9399627063350879,445.27907653515393,0,0,0,0,47,6,4,5,1000,100
RANDOM,306001,5.201197921119866,0.8990818058836666,51.47355228307242,24,0,0,0,47,6,4,5,1000,100
HIGHEST_SNR,306001,453.6457871114801,0.08368072202491457,313.20546563500176,24,0,0,0,47,6,4,5,1000,100
SHORTEST_PULSE,306001,40.8375079322704,1.1414199170202546,119.53595950599528,23,1,0,0,47,6,4,5,1000,100
METROLOGY_CONDITIONED_EIG,306001,43.42497763213347,1.381394941186742,47.638853828093,23,1,0,0,47,6,4,5,1000,100
NO_PASSIVE,306002,573.0396930071512,0.7982995168944644,445.27907653515393,0,0,0,0,72,6,4,5,1000,100
RANDOM,306002,12.335074787805658,0.851243412508826,60.64354706191588,48,0,0,0,72,6,4,5,1000,100
HIGHEST_SNR,306002,14.096732029984075,0.5561622264602641,66.42558704653287,47,1,0,0,72,6,4,5,1000,100
SHORTEST_PULSE,306002,59.93658501536593,0.44403746499215535,62.568065266091665,48,0,0,0,72,6,4,5,1000,100
METROLOGY_CONDITIONED_EIG,306002,32.29327625559617,0.5679930455530651,60.00027864145882,48,0,0,0,72,6,4,5,1000,100
NO_PASSIVE,306003,227.00909885755476,1.787498608842055,445.27907653515393,0,0,0,0,72,6,4,5,1000,100
RANDOM,306003,216.39626779629998,0.5437624037434556,103.64506869421098,36,0,0,0,72,6,4,5,1000,100
HIGHEST_SNR,306003,131.69579993667764,0.8361957642164456,83.42635204016787,35,1,0,0,72,6,4,5,1000,100
SHORTEST_PULSE,306003,246.0787417729227,0.2686648967038161,243.11048142357973,36,0,0,0,72,6,4,5,1000,100
METROLOGY_CONDITIONED_EIG,306003,90.16909117112004,1.002013928588131,81.93918899992599,36,0,0,0,72,6,4,5,1000,100
NO_PASSIVE,306004,190.10331513738362,1.7754315313316609,445.27907653515393,0,0,0,0,96,6,4,5,1000,100
RANDOM,306004,8.196289619356577,0.42092379956244486,29.83629084957203,60,0,0,0,96,6,4,5,1000,100
HIGHEST_SNR,306004,9.113372282806978,0.3593718996579152,33.59370657955451,59,1,0,0,96,6,4,5,1000,100
SHORTEST_PULSE,306004,9.130299533951316,0.8190795493865513,28.596523106453763,60,0,0,0,96,6,4,5,1000,100
METROLOGY_CONDITIONED_EIG,306004,4.9066382686441115,0.3812669503399098,27.465320867027582,60,0,0,0,96,6,4,5,1000,100
NO_PASSIVE,306005,564.2505123382304,3.4989544639598447,445.27907653515393,0,0,0,0,47,6,4,5,1000,100
RANDOM,306005,15.051763731994527,0.9433357323981968,42.490958659132026,35,0,0,0,47,6,4,5,1000,100
HIGHEST_SNR,306005,7.4481645056633665,0.41412133727169537,45.5055371835415,35,0,0,0,47,6,4,5,1000,100
SHORTEST_PULSE,306005,22.089815642985087,1.0300802035271344,42.436632619059864,35,0,0,0,47,6,4,5,1000,100
METROLOGY_CONDITIONED_EIG,306005,12.162505741759341,0.576434301662629,42.753778748317885,34,1,0,0,47,6,4,5,1000,100
NO_PASSIVE,306006,450.568722346586,1.6564633485838784,445.27907653515393,0,0,0,0,47,6,4,5,1000,100
RANDOM,306006,27.6551382746158,0.48323435806475123,46.35421524707325,34,1,0,0,47,6,4,5,1000,100
HIGHEST_SNR,306006,33.81914762030076,0.7519545104673983,44.48218272129073,34,1,0,0,47,6,4,5,1000,100
SHORTEST_PULSE,306006,45.62925144464088,0.539507300794892,50.931468485256936,34,1,0,0,47,6,4,5,1000,100
METROLOGY_CONDITIONED_EIG,306006,35.353154186782476,0.44856344151614114,44.59484707922319,34,1,0,0,47,6,4,5,1000,100
NO_PASSIVE,306007,257.97588745329864,1.8219399478242864,445.27907653515393,0,0,0,0,48,6,4,5,1000,100
RANDOM,306007,14.453640672047207,0.5483936588043614,103.08743058995357,22,2,0,0,48,6,4,5,1000,100
HIGHEST_SNR,306007,124.8926523610013,1.40523233990152,314.566553262004,23,1,0,0,48,6,4,5,1000,100
SHORTEST_PULSE,306007,107.33198872162153,0.6114313467347878,314.0978214771249,24,0,0,0,48,6,4,5,1000,100
METROLOGY_CONDITIONED_EIG,306007,88.82618670573223,1.0070354181552925,97.63697382279229,24,0,0,0,48,6,4,5,1000,100
NO_PASSIVE,306008,679.8480397693386,2.8814706722201313,445.27907653515393,0,0,0,0,96,6,4,5,1000,100
RANDOM,306008,6.417645193061844,1.0002545795771145,48.230065454330585,35,1,0,0,96,6,4,5,1000,100
HIGHEST_SNR,306008,26.506691486167934,1.035977181138524,61.010581302829834,36,0,0,0,96,6,4,5,1000,100
SHORTEST_PULSE,306008,59.559055571540355,1.4135367467086215,60.295686731366565,35,1,0,0,96,6,4,5,1000,100
METROLOGY_CONDITIONED_EIG,306008,25.790368820191315,0.8502746349000597,42.822838090499474,36,0,0,0,96,6,4,5,1000,100
NO_PASSIVE,306009,416.0687238492394,1.166275400054873,445.27907653515393,0,0,0,0,72,6,4,5,1000,100
RANDOM,306009,58.91268656399672,1.9385308958191814,67.59816428067437,35,1,0,0,72,6,4,5,1000,100
HIGHEST_SNR,306009,60.10821998385327,2.304053949242764,65.44931360659615,36,0,0,0,72,6,4,5,1000,100
SHORTEST_PULSE,306009,129.74477189910291,1.2279068955235668,73.20283876658074,36,0,0,0,72,6,4,5,1000,100
METROLOGY_CONDITIONED_EIG,306009,73.84573588844239,1.9660939206063488,64.79549730089528,36,0,0,0,72,6,4,5,1000,100
NO_PASSIVE,306010,385.86302372762685,0.8777503808836081,445.27907653515393,0,0,0,0,70,6,4,5,1000,100
RANDOM,306010,11.332798576281848,0.4489379880073731,39.23250190954621,47,0,0,0,70,6,4,5,1000,100
HIGHEST_SNR,306010,25.33036752401659,0.5626157810180821,37.2387022191265,47,0,0,0,70,6,4,5,1000,100
SHORTEST_PULSE,306010,84.77028280319227,0.648386007425091,83.21179914065497,47,0,0,0,70,6,4,5,1000,100
METROLOGY_CONDITIONED_EIG,306010,24.500009435174324,0.5203452428906885,37.34351526157729,47,0,0,0,70,6,4,5,1000,100
NO_PASSIVE,306011,836.0775555152941,1.0237815963141492,445.27907653515393,0,0,0,0,71,6,4,5,1000,100
RANDOM,306011,55.730475591470615,0.7343521810555216,47.72476571318151,48,0,0,0,71,6,4,5,1000,100
HIGHEST_SNR,306011,214.57489578107254,1.4690316560316106,105.97611996328948,48,0,0,0,71,6,4,5,1000,100
SHORTEST_PULSE,306011,51.80963660116029,0.7747487326761862,40.51056107509504,48,0,0,0,71,6,4,5,1000,100
METROLOGY_CONDITIONED_EIG,306011,51.80963660116029,0.7747487326761862,40.51056107509504,48,0,0,0,71,6,4,5,1000,100
NO_PASSIVE,306012,500.36752197587344,3.086475893680329,445.27907653515393,0,0,0,0,71,6,4,5,1000,100
RANDOM,306012,17.6039705359632,0.7837157461402299,35.48132809345156,36,0,0,0,71,6,4,5,1000,100
HIGHEST_SNR,306012,47.670926186678294,1.955432324896205,61.03304930726533,36,0,0,0,71,6,4,5,1000,100
SHORTEST_PULSE,306012,47.670926186678294,1.955432324896205,61.03304930726533,36,0,0,0,71,6,4,5,1000,100
METROLOGY_CONDITIONED_EIG,306012,7.585912367903478,0.21921903516660146,32.0715389666704,36,0,0,0,71,6,4,5,1000,100
NO_PASSIVE,306013,199.83839948373287,2.658317999695539,445.27907653515393,0,0,0,0,96,6,4,5,1000,100
RANDOM,306013,37.81199615501308,1.7351311885799316,42.96858069013011,48,0,0,0,96,6,4,5,1000,100
HIGHEST_SNR,306013,12.338923603623503,1.6294257469845828,50.20724399321249,48,0,0,0,96,6,4,5,1000,100
SHORTEST_PULSE,306013,7.393129135140689,1.4855798419350947,75.34502747986336,48,0,0,0,96,6,4,5,1000,100
METROLOGY_CONDITIONED_EIG,306013,42.020564113293595,1.9502534036063477,37.47114421426364,48,0,0,0,96,6,4,5,1000,100
NO_PASSIVE,306014,885.8806299017123,1.6792356533866981,445.27907653515393,0,0,0,0,48,6,4,5,1000,100
RANDOM,306014,16.37258462433683,0.39833262223167276,35.61492920998045,35,1,0,0,48,6,4,5,1000,100
HIGHEST_SNR,306014,15.787890369871889,0.7238097492993782,34.2944446596651,36,0,0,0,48,6,4,5,1000,100
SHORTEST_PULSE,306014,8.891668320056395,0.458410890218101,38.51869639230749,35,1,0,0,48,6,4,5,1000,100
METROLOGY_CONDITIONED_EIG,306014,17.365775161830772,0.8485831441083805,34.665628914420566,34,2,0,0,48,6,4,5,1000,100
NO_PASSIVE,306015,316.8128253022289,2.2630624734402143,445.27907653515393,0,0,0,0,48,6,4,5,1000,100
RANDOM,306015,8.573874203577137,0.41036725875224844,29.514752566102153,48,0,0,0,48,6,4,5,1000,100
HIGHEST_SNR,306015,8.573874203577137,0.41036725875224844,29.514752566102153,48,0,0,0,48,6,4,5,1000,100
SHORTEST_PULSE,306015,8.573874203577137,0.41036725875224844,29.514752566102153,48,0,0,0,48,6,4,5,1000,100
METROLOGY_CONDITIONED_EIG,306015,8.573874203577137,0.41036725875224844,29.514752566102153,48,0,0,0,48,6,4,5,1000,100
NO_PASSIVE,306016,496.38650311762945,1.0403348895867792,445.27907653515393,0,0,0,0,48,6,4,5,1000,100
RANDOM,306016,60.159388727791004,1.8110216269629937,42.079635049720714,24,0,0,0,48,6,4,5,1000,100
HIGHEST_SNR,306016,535.6307509760074,1.1932598743365106,309.1219826978196,24,0,0,0,48,6,4,5,1000,100
SHORTEST_PULSE,306016,430.6772256233578,0.886776750337855,311.5540154180945,24,0,0,0,48,6,4,5,1000,100
METROLOGY_CONDITIONED_EIG,306016,51.18957571432398,1.2897426282032132,40.42091942751029,24,0,0,0,48,6,4,5,1000,100
NO_PASSIVE,306017,359.94679825314313,1.6844207824521646,445.27907653515393,0,0,0,0,71,6,4,5,1000,100
RANDOM,306017,124.07780946888546,0.7001370875659143,65.68900224191123,34,1,0,0,71,6,4,5,1000,100
HIGHEST_SNR,306017,273.6911264348524,1.7835216729339214,199.55106632803427,35,0,0,0,71,6,4,5,1000,100
SHORTEST_PULSE,306017,172.43505283558534,1.425307995090659,224.08610497229986,35,0,0,0,71,6,4,5,1000,100
METROLOGY_CONDITIONED_EIG,306017,25.965359722666864,0.1785121283316367,56.03154470757229,34,1,0,0,71,6,4,5,1000,100
NO_PASSIVE,306018,615.2397117897251,0.805681574805096,445.27907653515393,0,0,0,0,47,6,4,5,1000,100
RANDOM,306018,14.13005287314677,0.8389563540704065,37.32903190072273,24,0,0,0,47,6,4,5,1000,100
HIGHEST_SNR,306018,628.3866503264086,0.7467426992174029,314.5417810888813,24,0,0,0,47,6,4,5,1000,100
SHORTEST_PULSE,306018,50.03516985470362,1.2820842586134977,82.25568182831054,24,0,0,0,47,6,4,5,1000,100
METROLOGY_CONDITIONED_EIG,306018,50.58076111732772,1.7594510582768286,35.75900270080175,24,0,0,0,47,6,4,5,1000,100
NO_PASSIVE,306019,266.0876287477844,1.2131720655532046,445.27907653515393,0,0,0,0,48,6,4,5,1000,100
RANDOM,306019,36.54615073199085,0.9198748364748215,125.17877125201998,48,0,0,0,48,6,4,5,1000,100
HIGHEST_SNR,306019,36.54615073199085,0.9198748364748215,125.17877125201998,48,0,0,0,48,6,4,5,1000,100
SHORTEST_PULSE,306019,36.54615073199085,0.9198748364748215,125.17877125201998,48,0,0,0,48,6,4,5,1000,100
METROLOGY_CONDITIONED_EIG,306019,36.54615073199085,0.9198748364748215,125.17877125201998,48,0,0,0,48,6,4,5,1000,100
NO_PASSIVE,306020,372.2084568419837,1.9158551298559174,445.27907653515393,0,0,0,0,48,6,4,5,1000,100
RANDOM,306020,67.33544737445423,0.7267786297497645,55.581359890868214,36,0,0,0,48,6,4,5,1000,100
HIGHEST_SNR,306020,35.904996306448915,0.37159597744537753,61.07257989068711,35,1,0,0,48,6,4,5,1000,100
SHORTEST_PULSE,306020,25.43651867274021,0.606430597172444,57.9429193962207,36,0,0,0,48,6,4,5,1000,100
METROLOGY_CONDITIONED_EIG,306020,58.877310227866644,1.1290688979177441,52.37750934015529,36,0,0,0,48,6,4,5,1000,100
NO_PASSIVE,306021,98.59256180659692,1.6655568019320488,445.27907653515393,0,0,0,0,72,6,4,5,1000,100
RANDOM,306021,21.24393906127345,1.1408628658924849,24.999616173384855,59,1,0,0,72,6,4,5,1000,100
HIGHEST_SNR,306021,25.22919141781035,1.411747712891193,27.313351029801517,59,1,0,0,72,6,4,5,1000,100
SHORTEST_PULSE,306021,18.127385195799764,1.1250117424983566,24.828195711203875,59,1,0,0,72,6,4,5,1000,100
METROLOGY_CONDITIONED_EIG,306021,18.127385195799764,1.1250117424983566,24.828195711203875,59,1,0,0,72,6,4,5,1000,100
NO_PASSIVE,306022,442.26488388232724,2.730259173933223,445.27907653515393,0,0,0,0,24,6,4,5,1000,100
RANDOM,306022,11.36142725512365,2.573220142901693,311.31222975179696,24,0,0,0,24,6,4,5,1000,100
HIGHEST_SNR,306022,11.36142725512365,2.573220142901693,311.31222975179696,24,0,0,0,24,6,4,5,1000,100
SHORTEST_PULSE,306022,11.36142725512365,2.573220142901693,311.31222975179696,24,0,0,0,24,6,4,5,1000,100
METROLOGY_CONDITIONED_EIG,306022,11.36142725512365,2.573220142901693,311.31222975179696,24,0,0,0,24,6,4,5,1000,100
NO_PASSIVE,306023,606.4698092053,2.743836777466527,445.27907653515393,0,0,0,0,96,6,4,5,1000,100
RANDOM,306023,32.49245091040886,1.1435309370748308,32.948729056113514,46,2,0,0,96,6,4,5,1000,100
HIGHEST_SNR,306023,26.49160747122811,1.127086786549217,34.36686707626241,46,2,0,0,96,6,4,5,1000,100
SHORTEST_PULSE,306023,27.20847053656237,0.8427051181547521,34.562315939670114,48,0,0,0,96,6,4,5,1000,100
METROLOGY_CONDITIONED_EIG,306023,24.474662976437017,0.9063270970065099,31.97873142418174,47,1,0,0,96,6,4,5,1000,100
NO_PASSIVE,306024,249.5461270543347,1.7899095994821999,445.27907653515393,0,0,0,0,72,6,4,5,1000,100
RANDOM,306024,71.74683506938929,1.472426920695127,51.202062933145875,47,1,0,0,72,6,4,5,1000,100
HIGHEST_SNR,306024,75.23303560021982,1.2000691102967294,49.73801110795913,47,1,0,0,72,6,4,5,1000,100
SHORTEST_PULSE,306024,32.86519292660284,1.1313919449198064,49.728826181719285,47,1,0,0,72,6,4,5,1000,100
METROLOGY_CONDITIONED_EIG,306024,74.82429843228236,1.6017805410758952,49.639300466471276,47,1,0,0,72,6,4,5,1000,100
NO_PASSIVE,306025,379.3131357727802,2.490238909540952,445.27907653515393,0,0,0,0,48,6,4,5,1000,100
RANDOM,306025,10.34018206918918,0.3907320317023214,55.089111302026105,36,0,0,0,48,6,4,5,1000,100
HIGHEST_SNR,306025,33.00696383912097,0.6257808883501487,53.32005357140171,36,0,0,0,48,6,4,5,1000,100
SHORTEST_PULSE,306025,46.58167896082412,0.06851520121666056,63.19606945250039,36,0,0,0,48,6,4,5,1000,100
METROLOGY_CONDITIONED_EIG,306025,31.490550930204222,0.41965908695210014,53.29258710162637,36,0,0,0,48,6,4,5,1000,100
NO_PASSIVE,306026,324.9845193771387,0.998682074533517,445.27907653515393,0,0,0,0,72,6,4,5,1000,100
RANDOM,306026,74.27198985712495,0.6108352059533418,45.88772706198819,60,0,0,0,72,6,4,5,1000,100
HIGHEST_SNR,306026,53.12810761108534,0.4962305375202011,46.18946468242011,60,0,0,0,72,6,4,5,1000,100
SHORTEST_PULSE,306026,86.0552955163791,0.812201200146023,45.79739267343008,60,0,0,0,72,6,4,5,1000,100
METROLOGY_CONDITIONED_EIG,306026,85.64334639634502,0.7801712374553611,45.805757088390514,60,0,0,0,72,6,4,5,1000,100
NO_PASSIVE,306027,421.346329471298,0.20441002272073333,445.27907653515393,0,0,0,0,72,6,4,5,1000,100
RANDOM,306027,30.289983126032645,0.91830016709399,44.3408542568919,47,1,0,0,72,6,4,5,1000,100
HIGHEST_SNR,306027,32.86216777509569,1.343066542381919,55.51076163656961,47,1,0,0,72,6,4,5,1000,100
SHORTEST_PULSE,306027,9.366293038524946,0.2264370609528794,39.452528036779626,48,0,0,0,72,6,4,5,1000,100
METROLOGY_CONDITIONED_EIG,306027,9.366293038524946,0.2264370609528794,39.452528036779626,48,0,0,0,72,6,4,5,1000,100
NO_PASSIVE,306028,311.66697260719593,1.9345499769008367,445.27907653515393,0,0,0,0,71,6,4,5,1000,100
RANDOM,306028,18.431506178855155,0.6442587855513652,42.67459706775246,58,1,0,0,71,6,4,5,1000,100
HIGHEST_SNR,306028,48.20864462560173,0.389619541794737,45.57906866151878,58,1,0,0,71,6,4,5,1000,100
SHORTEST_PULSE,306028,48.20864462560173,0.389619541794737,45.57906866151878,58,1,0,0,71,6,4,5,1000,100
METROLOGY_CONDITIONED_EIG,306028,27.20864342529291,0.5273385028507492,41.54607022406121,57,2,0,0,71,6,4,5,1000,100
NO_PASSIVE,306029,122.10827660747123,0.9508611395451161,445.27907653515393,0,0,0,0,96,6,4,5,1000,100
RANDOM,306029,62.26621201553588,1.722539439429607,55.3956415469449,48,0,0,0,96,6,4,5,1000,100
HIGHEST_SNR,306029,41.72779217849281,1.3968951020010032,55.05478269272135,48,0,0,0,96,6,4,5,1000,100
SHORTEST_PULSE,306029,66.07457104256538,1.83308724166323,54.16600316062262,47,1,0,0,96,6,4,5,1000,100
METROLOGY_CONDITIONED_EIG,306029,72.57174160229381,1.8462330883671687,52.0261301172784,46,2,0,0,96,6,4,5,1000,100
NO_PASSIVE,307000,261.0158309582422,3.6973853624394883,445.27907653515393,0,0,0,0,0,7,4,15,10,30
RANDOM,307000,261.0158309582422,3.6973853624394883,445.27907653515393,0,0,0,0,0,7,4,15,10,30
HIGHEST_SNR,307000,261.0158309582422,3.6973853624394883,445.27907653515393,0,0,0,0,0,7,4,15,10,30
SHORTEST_PULSE,307000,261.0158309582422,3.6973853624394883,445.27907653515393,0,0,0,0,0,7,4,15,10,30
METROLOGY_CONDITIONED_EIG,307000,261.0158309582422,3.6973853624394883,445.27907653515393,0,0,0,0,0,7,4,15,10,30
NO_PASSIVE,307001,214.66544271980297,1.9485192351787333,445.27907653515393,0,0,0,0,0,7,4,15,10,30
RANDOM,307001,214.66544271980297,1.9485192351787333,445.27907653515393,0,0,0,0,0,7,4,15,10,30
HIGHEST_SNR,307001,214.66544271980297,1.9485192351787333,445.27907653515393,0,0,0,0,0,7,4,15,10,30
SHORTEST_PULSE,307001,214.66544271980297,1.9485192351787333,445.27907653515393,0,0,0,0,0,7,4,15,10,30
METROLOGY_CONDITIONED_EIG,307001,214.66544271980297,1.9485192351787333,445.27907653515393,0,0,0,0,0,7,4,15,10,30
NO_PASSIVE,307002,1034.4119082403693,1.3413115020599145,445.27907653515393,0,0,0,0,18,7,4,15,10,30
RANDOM,307002,1034.4119082403847,1.3413115020599145,445.1341659920128,0,18,0,0,18,7,4,15,10,30
HIGHEST_SNR,307002,1034.4119082403847,1.3413115020599145,445.1341659920128,0,18,0,0,18,7,4,15,10,30
SHORTEST_PULSE,307002,1034.4119082403847,1.3413115020599145,445.1341659920128,0,18,0,0,18,7,4,15,10,30
METROLOGY_CONDITIONED_EIG,307002,1034.4119082403847,1.3413115020599145,445.1341659920128,0,18,0,0,18,7,4,15,10,30
NO_PASSIVE,307003,171.63090183909787,2.2931952746664805,445.27907653515393,0,0,0,0,0,7,4,15,10,30
RANDOM,307003,171.63090183909787,2.2931952746664805,445.27907653515393,0,0,0,0,0,7,4,15,10,30
HIGHEST_SNR,307003,171.63090183909787,2.2931952746664805,445.27907653515393,0,0,0,0,0,7,4,15,10,30
SHORTEST_PULSE,307003,171.63090183909787,2.2931952746664805,445.27907653515393,0,0,0,0,0,7,4,15,10,30
METROLOGY_CONDITIONED_EIG,307003,171.63090183909787,2.2931952746664805,445.27907653515393,0,0,0,0,0,7,4,15,10,30
NO_PASSIVE,307004,242.15801086854682,1.9556148512331009,445.27907653515393,0,0,0,0,0,7,4,15,10,30
RANDOM,307004,242.15801086854682,1.9556148512331009,445.27907653515393,0,0,0,0,0,7,4,15,10,30
HIGHEST_SNR,307004,242.15801086854682,1.9556148512331009,445.27907653515393,0,0,0,0,0,7,4,15,10,30
SHORTEST_PULSE,307004,242.15801086854682,1.9556148512331009,445.27907653515393,0,0,0,0,0,7,4,15,10,30
METROLOGY_CONDITIONED_EIG,307004,242.15801086854682,1.9556148512331009,445.27907653515393,0,0,0,0,0,7,4,15,10,30
NO_PASSIVE,307005,182.2161601456239,1.809532796101302,445.27907653515393,0,0,0,0,21,7,4,15,10,30
RANDOM,307005,172.7336951189406,1.1563145763312983,311.62823150172346,20,1,0,0,21,7,4,15,10,30
HIGHEST_SNR,307005,172.7336951189406,1.1563145763312983,311.62823150172346,20,1,0,0,21,7,4,15,10,30
SHORTEST_PULSE,307005,172.7336951189406,1.1563145763312983,311.62823150172346,20,1,0,0,21,7,4,15,10,30
METROLOGY_CONDITIONED_EIG,307005,172.7336951189406,1.1563145763312983,311.62823150172346,20,1,0,0,21,7,4,15,10,30
NO_PASSIVE,307006,662.07492668704,1.4756961438160265,445.27907653515393,0,0,0,0,0,7,4,15,10,30
RANDOM,307006,662.07492668704,1.4756961438160265,445.27907653515393,0,0,0,0,0,7,4,15,10,30
HIGHEST_SNR,307006,662.07492668704,1.4756961438160265,445.27907653515393,0,0,0,0,0,7,4,15,10,30
SHORTEST_PULSE,307006,662.07492668704,1.4756961438160265,445.27907653515393,0,0,0,0,0,7,4,15,10,30
METROLOGY_CONDITIONED_EIG,307006,662.07492668704,1.4756961438160265,445.27907653515393,0,0,0,0,0,7,4,15,10,30
NO_PASSIVE,307007,369.23340715871535,1.0960831072682375,445.27907653515393,0,0,0,0,0,7,4,15,10,30
RANDOM,307007,369.23340715871535,1.0960831072682375,445.27907653515393,0,0,0,0,0,7,4,15,10,30
HIGHEST_SNR,307007,369.23340715871535,1.0960831072682375,445.27907653515393,0,0,0,0,0,7,4,15,10,30
SHORTEST_PULSE,307007,369.23340715871535,1.0960831072682375,445.27907653515393,0,0,0,0,0,7,4,15,10,30
METROLOGY_CONDITIONED_EIG,307007,369.23340715871535,1.0960831072682375,445.27907653515393,0,0,0,0,0,7,4,15,10,30
NO_PASSIVE,307008,601.5495644271139,0.2795808937378221,445.27907653515393,0,0,0,0,0,7,4,15,10,30
RANDOM,307008,601.5495644271139,0.2795808937378221,445.27907653515393,0,0,0,0,0,7,4,15,10,30
HIGHEST_SNR,307008,601.5495644271139,0.2795808937378221,445.27907653515393,0,0,0,0,0,7,4,15,10,30
SHORTEST_PULSE,307008,601.5495644271139,0.2795808937378221,445.27907653515393,0,0,0,0,0,7,4,15,10,30
METROLOGY_CONDITIONED_EIG,307008,601.5495644271139,0.2795808937378221,445.27907653515393,0,0,0,0,0,7,4,15,10,30
NO_PASSIVE,307009,256.3939152519384,1.6930755915776066,445.27907653515393,0,0,0,0,0,7,4,15,10,30
RANDOM,307009,256.3939152519384,1.6930755915776066,445.27907653515393,0,0,0,0,0,7,4,15,10,30
HIGHEST_SNR,307009,256.3939152519384,1.6930755915776066,445.27907653515393,0,0,0,0,0,7,4,15,10,30
SHORTEST_PULSE,307009,256.3939152519384,1.6930755915776066,445.27907653515393,0,0,0,0,0,7,4,15,10,30
METROLOGY_CONDITIONED_EIG,307009,256.3939152519384,1.6930755915776066,445.27907653515393,0,0,0,0,0,7,4,15,10,30
NO_PASSIVE,307010,415.6284048261577,1.199287873168816,445.27907653515393,0,0,0,0,0,7,4,15,10,30
RANDOM,307010,415.6284048261577,1.199287873168816,445.27907653515393,0,0,0,0,0,7,4,15,10,30
HIGHEST_SNR,307010,415.6284048261577,1.199287873168816,445.27907653515393,0,0,0,0,0,7,4,15,10,30
SHORTEST_PULSE,307010,415.6284048261577,1.199287873168816,445.27907653515393,0,0,0,0,0,7,4,15,10,30
METROLOGY_CONDITIONED_EIG,307010,415.6284048261577,1.199287873168816,445.27907653515393,0,0,0,0,0,7,4,15,10,30
NO_PASSIVE,307011,321.62542895033414,1.5266104431785266,445.27907653515393,0,0,0,0,0,7,4,15,10,30
RANDOM,307011,321.62542895033414,1.5266104431785266,445.27907653515393,0,0,0,0,0,7,4,15,10,30
HIGHEST_SNR,307011,321.62542895033414,1.5266104431785266,445.27907653515393,0,0,0,0,0,7,4,15,10,30
SHORTEST_PULSE,307011,321.62542895033414,1.5266104431785266,445.27907653515393,0,0,0,0,0,7,4,15,10,30
METROLOGY_CONDITIONED_EIG,307011,321.62542895033414,1.5266104431785266,445.27907653515393,0,0,0,0,0,7,4,15,10,30
NO_PASSIVE,307012,489.9246753607385,2.2455146983719843,445.27907653515393,0,0,0,0,0,7,4,15,10,30
RANDOM,307012,489.9246753607385,2.2455146983719843,445.27907653515393,0,0,0,0,0,7,4,15,10,30
HIGHEST_SNR,307012,489.9246753607385,2.2455146983719843,445.27907653515393,0,0,0,0,0,7,4,15,10,30
SHORTEST_PULSE,307012,489.9246753607385,2.2455146983719843,445.27907653515393,0,0,0,0,0,7,4,15,10,30
METROLOGY_CONDITIONED_EIG,307012,489.9246753607385,2.2455146983719843,445.27907653515393,0,0,0,0,0,7,4,15,10,30
NO_PASSIVE,307013,420.15835894195453,0.8391596840645643,445.27907653515393,0,0,0,0,0,7,4,15,10,30
RANDOM,307013,420.15835894195453,0.8391596840645643,445.27907653515393,0,0,0,0,0,7,4,15,10,30
HIGHEST_SNR,307013,420.15835894195453,0.8391596840645643,445.27907653515393,0,0,0,0,0,7,4,15,10,30
SHORTEST_PULSE,307013,420.15835894195453,0.8391596840645643,445.27907653515393,0,0,0,0,0,7,4,15,10,30
METROLOGY_CONDITIONED_EIG,307013,420.15835894195453,0.8391596840645643,445.27907653515393,0,0,0,0,0,7,4,15,10,30
NO_PASSIVE,307014,725.0257662748298,3.592934353720893,445.27907653515393,0,0,0,0,0,7,4,15,10,30
RANDOM,307014,725.0257662748298,3.592934353720893,445.27907653515393,0,0,0,0,0,7,4,15,10,30
HIGHEST_SNR,307014,725.0257662748298,3.592934353720893,445.27907653515393,0,0,0,0,0,7,4,15,10,30
SHORTEST_PULSE,307014,725.0257662748298,3.592934353720893,445.27907653515393,0,0,0,0,0,7,4,15,10,30
METROLOGY_CONDITIONED_EIG,307014,725.0257662748298,3.592934353720893,445.27907653515393,0,0,0,0,0,7,4,15,10,30
NO_PASSIVE,307015,931.015621998254,2.5776908882471012,445.27907653515393,0,0,0,0,0,7,4,15,10,30
RANDOM,307015,931.015621998254,2.5776908882471012,445.27907653515393,0,0,0,0,0,7,4,15,10,30
HIGHEST_SNR,307015,931.015621998254,2.5776908882471012,445.27907653515393,0,0,0,0,0,7,4,15,10,30
SHORTEST_PULSE,307015,931.015621998254,2.5776908882471012,445.27907653515393,0,0,0,0,0,7,4,15,10,30
METROLOGY_CONDITIONED_EIG,307015,931.015621998254,2.5776908882471012,445.27907653515393,0,0,0,0,0,7,4,15,10,30
NO_PASSIVE,307016,731.3987935663147,1.3490854241631915,445.27907653515393,0,0,0,0,0,7,4,15,10,30
RANDOM,307016,731.3987935663147,1.3490854241631915,445.27907653515393,0,0,0,0,0,7,4,15,10,30
HIGHEST_SNR,307016,731.3987935663147,1.3490854241631915,445.27907653515393,0,0,0,0,0,7,4,15,10,30
SHORTEST_PULSE,307016,731.3987935663147,1.3490854241631915,445.27907653515393,0,0,0,0,0,7,4,15,10,30
METROLOGY_CONDITIONED_EIG,307016,731.3987935663147,1.3490854241631915,445.27907653515393,0,0,0,0,0,7,4,15,10,30
NO_PASSIVE,307017,466.3592224525158,2.7389454576733514,445.27907653515393,0,0,0,0,0,7,4,15,10,30
RANDOM,307017,466.3592224525158,2.7389454576733514,445.27907653515393,0,0,0,0,0,7,4,15,10,30
HIGHEST_SNR,307017,466.3592224525158,2.7389454576733514,445.27907653515393,0,0,0,0,0,7,4,15,10,30
SHORTEST_PULSE,307017,466.3592224525158,2.7389454576733514,445.27907653515393,0,0,0,0,0,7,4,15,10,30
METROLOGY_CONDITIONED_EIG,307017,466.3592224525158,2.7389454576733514,445.27907653515393,0,0,0,0,0,7,4,15,10,30
NO_PASSIVE,307018,143.13036846045668,1.6395292032365225,445.27907653515393,0,0,0,0,0,7,4,15,10,30
RANDOM,307018,143.13036846045668,1.6395292032365225,445.27907653515393,0,0,0,0,0,7,4,15,10,30
HIGHEST_SNR,307018,143.13036846045668,1.6395292032365225,445.27907653515393,0,0,0,0,0,7,4,15,10,30
SHORTEST_PULSE,307018,143.13036846045668,1.6395292032365225,445.27907653515393,0,0,0,0,0,7,4,15,10,30
METROLOGY_CONDITIONED_EIG,307018,143.13036846045668,1.6395292032365225,445.27907653515393,0,0,0,0,0,7,4,15,10,30
NO_PASSIVE,307019,148.5332764102812,2.988254153203839,445.27907653515393,0,0,0,0,0,7,4,15,10,30
RANDOM,307019,148.5332764102812,2.988254153203839,445.27907653515393,0,0,0,0,0,7,4,15,10,30
HIGHEST_SNR,307019,148.5332764102812,2.988254153203839,445.27907653515393,0,0,0,0,0,7,4,15,10,30
SHORTEST_PULSE,307019,148.5332764102812,2.988254153203839,445.27907653515393,0,0,0,0,0,7,4,15,10,30
METROLOGY_CONDITIONED_EIG,307019,148.5332764102812,2.988254153203839,445.27907653515393,0,0,0,0,0,7,4,15,10,30
NO_PASSIVE,307020,530.056097289846,2.131494681689383,445.27907653515393,0,0,0,0,0,7,4,15,10,30
RANDOM,307020,530.056097289846,2.131494681689383,445.27907653515393,0,0,0,0,0,7,4,15,10,30
HIGHEST_SNR,307020,530.056097289846,2.131494681689383,445.27907653515393,0,0,0,0,0,7,4,15,10,30
SHORTEST_PULSE,307020,530.056097289846,2.131494681689383,445.27907653515393,0,0,0,0,0,7,4,15,10,30
METROLOGY_CONDITIONED_EIG,307020,530.056097289846,2.131494681689383,445.27907653515393,0,0,0,0,0,7,4,15,10,30
NO_PASSIVE,307021,87.74114445790902,1.0233052306577644,445.27907653515393,0,0,0,0,0,7,4,15,10,30
RANDOM,307021,87.74114445790902,1.0233052306577644,445.27907653515393,0,0,0,0,0,7,4,15,10,30
HIGHEST_SNR,307021,87.74114445790902,1.0233052306577644,445.27907653515393,0,0,0,0,0,7,4,15,10,30
SHORTEST_PULSE,307021,87.74114445790902,1.0233052306577644,445.27907653515393,0,0,0,0,0,7,4,15,10,30
METROLOGY_CONDITIONED_EIG,307021,87.74114445790902,1.0233052306577644,445.27907653515393,0,0,0,0,0,7,4,15,10,30
NO_PASSIVE,307022,211.71931199888544,1.0582390669005908,445.27907653515393,0,0,0,0,0,7,4,15,10,30
RANDOM,307022,211.71931199888544,1.0582390669005908,445.27907653515393,0,0,0,0,0,7,4,15,10,30
HIGHEST_SNR,307022,211.71931199888544,1.0582390669005908,445.27907653515393,0,0,0,0,0,7,4,15,10,30
SHORTEST_PULSE,307022,211.71931199888544,1.0582390669005908,445.27907653515393,0,0,0,0,0,7,4,15,10,30
METROLOGY_CONDITIONED_EIG,307022,211.71931199888544,1.0582390669005908,445.27907653515393,0,0,0,0,0,7,4,15,10,30
NO_PASSIVE,307023,284.81507327837176,2.0528318576889477,445.27907653515393,0,0,0,0,0,7,4,15,10,30
RANDOM,307023,284.81507327837176,2.0528318576889477,445.27907653515393,0,0,0,0,0,7,4,15,10,30
HIGHEST_SNR,307023,284.81507327837176,2.0528318576889477,445.27907653515393,0,0,0,0,0,7,4,15,10,30
SHORTEST_PULSE,307023,284.81507327837176,2.0528318576889477,445.27907653515393,0,0,0,0,0,7,4,15,10,30
METROLOGY_CONDITIONED_EIG,307023,284.81507327837176,2.0528318576889477,445.27907653515393,0,0,0,0,0,7,4,15,10,30
NO_PASSIVE,307024,585.7465266801112,1.953793859562578,445.27907653515393,0,0,0,0,0,7,4,15,10,30
RANDOM,307024,585.7465266801112,1.953793859562578,445.27907653515393,0,0,0,0,0,7,4,15,10,30
HIGHEST_SNR,307024,585.7465266801112,1.953793859562578,445.27907653515393,0,0,0,0,0,7,4,15,10,30
SHORTEST_PULSE,307024,585.7465266801112,1.953793859562578,445.27907653515393,0,0,0,0,0,7,4,15,10,30
METROLOGY_CONDITIONED_EIG,307024,585.7465266801112,1.953793859562578,445.27907653515393,0,0,0,0,0,7,4,15,10,30
NO_PASSIVE,307025,300.54917188838,2.195167537000147,445.27907653515393,0,0,0,0,0,7,4,15,10,30
RANDOM,307025,300.54917188838,2.195167537000147,445.27907653515393,0,0,0,0,0,7,4,15,10,30
HIGHEST_SNR,307025,300.54917188838,2.195167537000147,445.27907653515393,0,0,0,0,0,7,4,15,10,30
SHORTEST_PULSE,307025,300.54917188838,2.195167537000147,445.27907653515393,0,0,0,0,0,7,4,15,10,30
METROLOGY_CONDITIONED_EIG,307025,300.54917188838,2.195167537000147,445.27907653515393,0,0,0,0,0,7,4,15,10,30
NO_PASSIVE,307026,372.4265569218165,1.7900098860247442,445.27907653515393,0,0,0,0,0,7,4,15,10,30
RANDOM,307026,372.4265569218165,1.7900098860247442,445.27907653515393,0,0,0,0,0,7,4,15,10,30
HIGHEST_SNR,307026,372.4265569218165,1.7900098860247442,445.27907653515393,0,0,0,0,0,7,4,15,10,30
SHORTEST_PULSE,307026,372.4265569218165,1.7900098860247442,445.27907653515393,0,0,0,0,0,7,4,15,10,30
METROLOGY_CONDITIONED_EIG,307026,372.4265569218165,1.7900098860247442,445.27907653515393,0,0,0,0,0,7,4,15,10,30
NO_PASSIVE,307027,415.1404836477657,1.7177594483038403,445.27907653515393,0,0,0,0,0,7,4,15,10,30
RANDOM,307027,415.1404836477657,1.7177594483038403,445.27907653515393,0,0,0,0,0,7,4,15,10,30
HIGHEST_SNR,307027,415.1404836477657,1.7177594483038403,445.27907653515393,0,0,0,0,0,7,4,15,10,30
SHORTEST_PULSE,307027,415.1404836477657,1.7177594483038403,445.27907653515393,0,0,0,0,0,7,4,15,10,30
METROLOGY_CONDITIONED_EIG,307027,415.1404836477657,1.7177594483038403,445.27907653515393,0,0,0,0,0,7,4,15,10,30
NO_PASSIVE,307028,201.26627919296212,1.5685110262984459,445.27907653515393,0,0,0,0,0,7,4,15,10,30
RANDOM,307028,201.26627919296212,1.5685110262984459,445.27907653515393,0,0,0,0,0,7,4,15,10,30
HIGHEST_SNR,307028,201.26627919296212,1.5685110262984459,445.27907653515393,0,0,0,0,0,7,4,15,10,30
SHORTEST_PULSE,307028,201.26627919296212,1.5685110262984459,445.27907653515393,0,0,0,0,0,7,4,15,10,30
METROLOGY_CONDITIONED_EIG,307028,201.26627919296212,1.5685110262984459,445.27907653515393,0,0,0,0,0,7,4,15,10,30
NO_PASSIVE,307029,830.5047227924141,1.5990323610188253,445.27907653515393,0,0,0,0,0,7,4,15,10,30
RANDOM,307029,830.5047227924141,1.5990323610188253,445.27907653515393,0,0,0,0,0,7,4,15,10,30
HIGHEST_SNR,307029,830.5047227924141,1.5990323610188253,445.27907653515393,0,0,0,0,0,7,4,15,10,30
SHORTEST_PULSE,307029,830.5047227924141,1.5990323610188253,445.27907653515393,0,0,0,0,0,7,4,15,10,30
METROLOGY_CONDITIONED_EIG,307029,830.5047227924141,1.5990323610188253,445.27907653515393,0,0,0,0,0,7,4,15,10,30
NO_PASSIVE,308000,293.249699564924,3.17105840109351,445.27907653515393,0,0,0,0,0,8,4,15,10,100
RANDOM,308000,293.249699564924,3.17105840109351,445.27907653515393,0,0,0,0,0,8,4,15,10,100
HIGHEST_SNR,308000,293.249699564924,3.17105840109351,445.27907653515393,0,0,0,0,0,8,4,15,10,100
SHORTEST_PULSE,308000,293.249699564924,3.17105840109351,445.27907653515393,0,0,0,0,0,8,4,15,10,100
METROLOGY_CONDITIONED_EIG,308000,293.249699564924,3.17105840109351,445.27907653515393,0,0,0,0,0,8,4,15,10,100
NO_PASSIVE,308001,750.6637073390301,1.9295489756417175,445.27907653515393,0,0,0,0,0,8,4,15,10,100
RANDOM,308001,750.6637073390301,1.9295489756417175,445.27907653515393,0,0,0,0,0,8,4,15,10,100
HIGHEST_SNR,308001,750.6637073390301,1.9295489756417175,445.27907653515393,0,0,0,0,0,8,4,15,10,100
SHORTEST_PULSE,308001,750.6637073390301,1.9295489756417175,445.27907653515393,0,0,0,0,0,8,4,15,10,100
METROLOGY_CONDITIONED_EIG,308001,750.6637073390301,1.9295489756417175,445.27907653515393,0,0,0,0,0,8,4,15,10,100
NO_PASSIVE,308002,704.5740174128838,1.62564756680577,445.27907653515393,0,0,0,0,0,8,4,15,10,100
RANDOM,308002,704.5740174128838,1.62564756680577,445.27907653515393,0,0,0,0,0,8,4,15,10,100
HIGHEST_SNR,308002,704.5740174128838,1.62564756680577,445.27907653515393,0,0,0,0,0,8,4,15,10,100
SHORTEST_PULSE,308002,704.5740174128838,1.62564756680577,445.27907653515393,0,0,0,0,0,8,4,15,10,100
METROLOGY_CONDITIONED_EIG,308002,704.5740174128838,1.62564756680577,445.27907653515393,0,0,0,0,0,8,4,15,10,100
NO_PASSIVE,308003,616.8645147549364,1.559051267555143,445.27907653515393,0,0,0,0,2,8,4,15,10,100
RANDOM,308003,503.19823316024275,1.5265947913910987,327.3989741847269,2,0,0,0,2,8,4,15,10,100
HIGHEST_SNR,308003,503.19823316024275,1.5265947913910987,327.3989741847269,2,0,0,0,2,8,4,15,10,100
SHORTEST_PULSE,308003,503.19823316024275,1.5265947913910987,327.3989741847269,2,0,0,0,2,8,4,15,10,100
METROLOGY_CONDITIONED_EIG,308003,503.19823316024275,1.5265947913910987,327.3989741847269,2,0,0,0,2,8,4,15,10,100
NO_PASSIVE,308004,82.32162609347631,2.362543258917841,445.27907653515393,0,0,0,0,0,8,4,15,10,100
RANDOM,308004,82.32162609347631,2.362543258917841,445.27907653515393,0,0,0,0,0,8,4,15,10,100
HIGHEST_SNR,308004,82.32162609347631,2.362543258917841,445.27907653515393,0,0,0,0,0,8,4,15,10,100
SHORTEST_PULSE,308004,82.32162609347631,2.362543258917841,445.27907653515393,0,0,0,0,0,8,4,15,10,100
METROLOGY_CONDITIONED_EIG,308004,82.32162609347631,2.362543258917841,445.27907653515393,0,0,0,0,0,8,4,15,10,100
NO_PASSIVE,308005,473.2435005344044,1.935450752373512,445.27907653515393,0,0,0,0,0,8,4,15,10,100
RANDOM,308005,473.2435005344044,1.935450752373512,445.27907653515393,0,0,0,0,0,8,4,15,10,100
HIGHEST_SNR,308005,473.2435005344044,1.935450752373512,445.27907653515393,0,0,0,0,0,8,4,15,10,100
SHORTEST_PULSE,308005,473.2435005344044,1.935450752373512,445.27907653515393,0,0,0,0,0,8,4,15,10,100
METROLOGY_CONDITIONED_EIG,308005,473.2435005344044,1.935450752373512,445.27907653515393,0,0,0,0,0,8,4,15,10,100
NO_PASSIVE,308006,123.30682754918539,0.8144839284603932,445.27907653515393,0,0,0,0,1,8,4,15,10,100
RANDOM,308006,176.5171285000421,0.8215286683647197,332.6264573677605,1,0,0,0,1,8,4,15,10,100
HIGHEST_SNR,308006,176.5171285000421,0.8215286683647197,332.6264573677605,1,0,0,0,1,8,4,15,10,100
SHORTEST_PULSE,308006,176.5171285000421,0.8215286683647197,332.6264573677605,1,0,0,0,1,8,4,15,10,100
METROLOGY_CONDITIONED_EIG,308006,176.5171285000421,0.8215286683647197,332.6264573677605,1,0,0,0,1,8,4,15,10,100
NO_PASSIVE,308007,441.93427777120235,2.5493373637666275,445.27907653515393,0,0,0,0,0,8,4,15,10,100
RANDOM,308007,441.93427777120235,2.5493373637666275,445.27907653515393,0,0,0,0,0,8,4,15,10,100
HIGHEST_SNR,308007,441.93427777120235,2.5493373637666275,445.27907653515393,0,0,0,0,0,8,4,15,10,100
SHORTEST_PULSE,308007,441.93427777120235,2.5493373637666275,445.27907653515393,0,0,0,0,0,8,4,15,10,100
METROLOGY_CONDITIONED_EIG,308007,441.93427777120235,2.5493373637666275,445.27907653515393,0,0,0,0,0,8,4,15,10,100
NO_PASSIVE,308008,129.3814031246252,1.8784815889904052,445.27907653515393,0,0,0,0,0,8,4,15,10,100
RANDOM,308008,129.3814031246252,1.8784815889904052,445.27907653515393,0,0,0,0,0,8,4,15,10,100
HIGHEST_SNR,308008,129.3814031246252,1.8784815889904052,445.27907653515393,0,0,0,0,0,8,4,15,10,100
SHORTEST_PULSE,308008,129.3814031246252,1.8784815889904052,445.27907653515393,0,0,0,0,0,8,4,15,10,100
METROLOGY_CONDITIONED_EIG,308008,129.3814031246252,1.8784815889904052,445.27907653515393,0,0,0,0,0,8,4,15,10,100
NO_PASSIVE,308009,510.6194881522275,2.032659783927097,445.27907653515393,0,0,0,0,0,8,4,15,10,100
RANDOM,308009,510.6194881522275,2.032659783927097,445.27907653515393,0,0,0,0,0,8,4,15,10,100
HIGHEST_SNR,308009,510.6194881522275,2.032659783927097,445.27907653515393,0,0,0,0,0,8,4,15,10,100
SHORTEST_PULSE,308009,510.6194881522275,2.032659783927097,445.27907653515393,0,0,0,0,0,8,4,15,10,100
METROLOGY_CONDITIONED_EIG,308009,510.6194881522275,2.032659783927097,445.27907653515393,0,0,0,0,0,8,4,15,10,100
NO_PASSIVE,308010,598.319361741396,2.1581813304403257,445.27907653515393,0,0,0,0,0,8,4,15,10,100
RANDOM,308010,598.319361741396,2.1581813304403257,445.27907653515393,0,0,0,0,0,8,4,15,10,100
HIGHEST_SNR,308010,598.319361741396,2.1581813304403257,445.27907653515393,0,0,0,0,0,8,4,15,10,100
SHORTEST_PULSE,308010,598.319361741396,2.1581813304403257,445.27907653515393,0,0,0,0,0,8,4,15,10,100
METROLOGY_CONDITIONED_EIG,308010,598.319361741396,2.1581813304403257,445.27907653515393,0,0,0,0,0,8,4,15,10,100
NO_PASSIVE,308011,430.7400438918041,3.1738031361106005,445.27907653515393,0,0,0,0,1,8,4,15,10,100
RANDOM,308011,470.5569979179154,3.208076289815977,333.04262521880145,1,0,0,0,1,8,4,15,10,100
HIGHEST_SNR,308011,470.5569979179154,3.208076289815977,333.04262521880145,1,0,0,0,1,8,4,15,10,100
SHORTEST_PULSE,308011,470.5569979179154,3.208076289815977,333.04262521880145,1,0,0,0,1,8,4,15,10,100
METROLOGY_CONDITIONED_EIG,308011,470.5569979179154,3.208076289815977,333.04262521880145,1,0,0,0,1,8,4,15,10,100
NO_PASSIVE,308012,348.51802862330703,0.8452568062229008,445.27907653515393,0,0,0,0,1,8,4,15,10,100
RANDOM,308012,338.33513385825967,0.8588055125010743,328.7721651735088,1,0,0,0,1,8,4,15,10,100
HIGHEST_SNR,308012,338.33513385825967,0.8588055125010743,328.7721651735088,1,0,0,0,1,8,4,15,10,100
SHORTEST_PULSE,308012,338.33513385825967,0.8588055125010743,328.7721651735088,1,0,0,0,1,8,4,15,10,100
METROLOGY_CONDITIONED_EIG,308012,338.33513385825967,0.8588055125010743,328.7721651735088,1,0,0,0,1,8,4,15,10,100
NO_PASSIVE,308013,139.8166041864427,2.4385839050664346,445.27907653515393,0,0,0,0,0,8,4,15,10,100
RANDOM,308013,139.8166041864427,2.4385839050664346,445.27907653515393,0,0,0,0,0,8,4,15,10,100
HIGHEST_SNR,308013,139.8166041864427,2.4385839050664346,445.27907653515393,0,0,0,0,0,8,4,15,10,100
SHORTEST_PULSE,308013,139.8166041864427,2.4385839050664346,445.27907653515393,0,0,0,0,0,8,4,15,10,100
METROLOGY_CONDITIONED_EIG,308013,139.8166041864427,2.4385839050664346,445.27907653515393,0,0,0,0,0,8,4,15,10,100
NO_PASSIVE,308014,303.98135934967956,1.4580103937817661,445.27907653515393,0,0,0,0,0,8,4,15,10,100
RANDOM,308014,303.98135934967956,1.4580103937817661,445.27907653515393,0,0,0,0,0,8,4,15,10,100
HIGHEST_SNR,308014,303.98135934967956,1.4580103937817661,445.27907653515393,0,0,0,0,0,8,4,15,10,100
SHORTEST_PULSE,308014,303.98135934967956,1.4580103937817661,445.27907653515393,0,0,0,0,0,8,4,15,10,100
METROLOGY_CONDITIONED_EIG,308014,303.98135934967956,1.4580103937817661,445.27907653515393,0,0,0,0,0,8,4,15,10,100
NO_PASSIVE,308015,218.03090799948043,1.2702003017202805,445.27907653515393,0,0,0,0,8,8,4,15,10,100
RANDOM,308015,107.3126707031885,1.2106775677810202,319.0928249748772,8,0,0,0,8,8,4,15,10,100
HIGHEST_SNR,308015,107.3126707031885,1.2106775677810202,319.0928249748772,8,0,0,0,8,8,4,15,10,100
SHORTEST_PULSE,308015,107.3126707031885,1.2106775677810202,319.0928249748772,8,0,0,0,8,8,4,15,10,100
METROLOGY_CONDITIONED_EIG,308015,107.3126707031885,1.2106775677810202,319.0928249748772,8,0,0,0,8,8,4,15,10,100
NO_PASSIVE,308016,134.7524430660293,2.3902430961314454,445.27907653515393,0,0,0,0,0,8,4,15,10,100
RANDOM,308016,134.7524430660293,2.3902430961314454,445.27907653515393,0,0,0,0,0,8,4,15,10,100
HIGHEST_SNR,308016,134.7524430660293,2.3902430961314454,445.27907653515393,0,0,0,0,0,8,4,15,10,100
SHORTEST_PULSE,308016,134.7524430660293,2.3902430961314454,445.27907653515393,0,0,0,0,0,8,4,15,10,100
METROLOGY_CONDITIONED_EIG,308016,134.7524430660293,2.3902430961314454,445.27907653515393,0,0,0,0,0,8,4,15,10,100
NO_PASSIVE,308017,646.9381428208709,3.0439944322177728,445.27907653515393,0,0,0,0,0,8,4,15,10,100
RANDOM,308017,646.9381428208709,3.0439944322177728,445.27907653515393,0,0,0,0,0,8,4,15,10,100
HIGHEST_SNR,308017,646.9381428208709,3.0439944322177728,445.27907653515393,0,0,0,0,0,8,4,15,10,100
SHORTEST_PULSE,308017,646.9381428208709,3.0439944322177728,445.27907653515393,0,0,0,0,0,8,4,15,10,100
METROLOGY_CONDITIONED_EIG,308017,646.9381428208709,3.0439944322177728,445.27907653515393,0,0,0,0,0,8,4,15,10,100
NO_PASSIVE,308018,353.5552050624759,1.519418020285357,445.27907653515393,0,0,0,0,0,8,4,15,10,100
RANDOM,308018,353.5552050624759,1.519418020285357,445.27907653515393,0,0,0,0,0,8,4,15,10,100
HIGHEST_SNR,308018,353.5552050624759,1.519418020285357,445.27907653515393,0,0,0,0,0,8,4,15,10,100
SHORTEST_PULSE,308018,353.5552050624759,1.519418020285357,445.27907653515393,0,0,0,0,0,8,4,15,10,100
METROLOGY_CONDITIONED_EIG,308018,353.5552050624759,1.519418020285357,445.27907653515393,0,0,0,0,0,8,4,15,10,100
NO_PASSIVE,308019,337.5121487959997,2.0087009414225907,445.27907653515393,0,0,0,0,1,8,4,15,10,100
RANDOM,308019,298.334210734383,2.225819635040034,316.2214952968403,1,0,0,0,1,8,4,15,10,100
HIGHEST_SNR,308019,298.334210734383,2.225819635040034,316.2214952968403,1,0,0,0,1,8,4,15,10,100
SHORTEST_PULSE,308019,298.334210734383,2.225819635040034,316.2214952968403,1,0,0,0,1,8,4,15,10,100
METROLOGY_CONDITIONED_EIG,308019,298.334210734383,2.225819635040034,316.2214952968403,1,0,0,0,1,8,4,15,10,100
NO_PASSIVE,308020,284.83764512573214,0.7285283262520744,445.27907653515393,0,0,0,0,22,8,4,15,10,100
RANDOM,308020,258.2723650536479,1.7081350978720322,274.0415070633786,21,1,0,0,22,8,4,15,10,100
HIGHEST_SNR,308020,258.2723650536479,1.7081350978720322,274.0415070633786,21,1,0,0,22,8,4,15,10,100
SHORTEST_PULSE,308020,258.2723650536479,1.7081350978720322,274.0415070633786,21,1,0,0,22,8,4,15,10,100
METROLOGY_CONDITIONED_EIG,308020,258.2723650536479,1.7081350978720322,274.0415070633786,21,1,0,0,22,8,4,15,10,100
NO_PASSIVE,308021,841.9062467971474,3.257886991235016,445.27907653515393,0,0,0,0,0,8,4,15,10,100
RANDOM,308021,841.9062467971474,3.257886991235016,445.27907653515393,0,0,0,0,0,8,4,15,10,100
HIGHEST_SNR,308021,841.9062467971474,3.257886991235016,445.27907653515393,0,0,0,0,0,8,4,15,10,100
SHORTEST_PULSE,308021,841.9062467971474,3.257886991235016,445.27907653515393,0,0,0,0,0,8,4,15,10,100
METROLOGY_CONDITIONED_EIG,308021,841.9062467971474,3.257886991235016,445.27907653515393,0,0,0,0,0,8,4,15,10,100
NO_PASSIVE,308022,105.70298264632652,3.024320497204013,445.27907653515393,0,0,0,0,0,8,4,15,10,100
RANDOM,308022,105.70298264632652,3.024320497204013,445.27907653515393,0,0,0,0,0,8,4,15,10,100
HIGHEST_SNR,308022,105.70298264632652,3.024320497204013,445.27907653515393,0,0,0,0,0,8,4,15,10,100
SHORTEST_PULSE,308022,105.70298264632652,3.024320497204013,445.27907653515393,0,0,0,0,0,8,4,15,10,100
METROLOGY_CONDITIONED_EIG,308022,105.70298264632652,3.024320497204013,445.27907653515393,0,0,0,0,0,8,4,15,10,100
NO_PASSIVE,308023,144.92736947149635,2.6803322565855163,445.27907653515393,0,0,0,0,0,8,4,15,10,100
RANDOM,308023,144.92736947149635,2.6803322565855163,445.27907653515393,0,0,0,0,0,8,4,15,10,100
HIGHEST_SNR,308023,144.92736947149635,2.6803322565855163,445.27907653515393,0,0,0,0,0,8,4,15,10,100
SHORTEST_PULSE,308023,144.92736947149635,2.6803322565855163,445.27907653515393,0,0,0,0,0,8,4,15,10,100
METROLOGY_CONDITIONED_EIG,308023,144.92736947149635,2.6803322565855163,445.27907653515393,0,0,0,0,0,8,4,15,10,100
NO_PASSIVE,308024,878.3103370289485,4.038960886484859,445.27907653515393,0,0,0,0,0,8,4,15,10,100
RANDOM,308024,878.3103370289485,4.038960886484859,445.27907653515393,0,0,0,0,0,8,4,15,10,100
HIGHEST_SNR,308024,878.3103370289485,4.038960886484859,445.27907653515393,0,0,0,0,0,8,4,15,10,100
SHORTEST_PULSE,308024,878.3103370289485,4.038960886484859,445.27907653515393,0,0,0,0,0,8,4,15,10,100
METROLOGY_CONDITIONED_EIG,308024,878.3103370289485,4.038960886484859,445.27907653515393,0,0,0,0,0,8,4,15,10,100
NO_PASSIVE,308025,110.11338992364612,2.262766092694203,445.27907653515393,0,0,0,0,0,8,4,15,10,100
RANDOM,308025,110.11338992364612,2.262766092694203,445.27907653515393,0,0,0,0,0,8,4,15,10,100
HIGHEST_SNR,308025,110.11338992364612,2.262766092694203,445.27907653515393,0,0,0,0,0,8,4,15,10,100
SHORTEST_PULSE,308025,110.11338992364612,2.262766092694203,445.27907653515393,0,0,0,0,0,8,4,15,10,100
METROLOGY_CONDITIONED_EIG,308025,110.11338992364612,2.262766092694203,445.27907653515393,0,0,0,0,0,8,4,15,10,100
NO_PASSIVE,308026,214.1054174490993,2.2892669119518887,445.27907653515393,0,0,0,0,0,8,4,15,10,100
RANDOM,308026,214.1054174490993,2.2892669119518887,445.27907653515393,0,0,0,0,0,8,4,15,10,100
HIGHEST_SNR,308026,214.1054174490993,2.2892669119518887,445.27907653515393,0,0,0,0,0,8,4,15,10,100
SHORTEST_PULSE,308026,214.1054174490993,2.2892669119518887,445.27907653515393,0,0,0,0,0,8,4,15,10,100
METROLOGY_CONDITIONED_EIG,308026,214.1054174490993,2.2892669119518887,445.27907653515393,0,0,0,0,0,8,4,15,10,100
NO_PASSIVE,308027,404.97048683343024,0.746609564284012,445.27907653515393,0,0,0,0,0,8,4,15,10,100
RANDOM,308027,404.97048683343024,0.746609564284012,445.27907653515393,0,0,0,0,0,8,4,15,10,100
HIGHEST_SNR,308027,404.97048683343024,0.746609564284012,445.27907653515393,0,0,0,0,0,8,4,15,10,100
SHORTEST_PULSE,308027,404.97048683343024,0.746609564284012,445.27907653515393,0,0,0,0,0,8,4,15,10,100
METROLOGY_CONDITIONED_EIG,308027,404.97048683343024,0.746609564284012,445.27907653515393,0,0,0,0,0,8,4,15,10,100
NO_PASSIVE,308028,289.21487403310607,0.31399782240590374,445.27907653515393,0,0,0,0,5,8,4,15,10,100
RANDOM,308028,52.223507600431816,0.26472640583765367,132.77936498745302,5,0,0,0,5,8,4,15,10,100
HIGHEST_SNR,308028,52.223507600431816,0.26472640583765367,132.77936498745302,5,0,0,0,5,8,4,15,10,100
SHORTEST_PULSE,308028,52.223507600431816,0.26472640583765367,132.77936498745302,5,0,0,0,5,8,4,15,10,100
METROLOGY_CONDITIONED_EIG,308028,52.223507600431816,0.26472640583765367,132.77936498745302,5,0,0,0,5,8,4,15,10,100
NO_PASSIVE,308029,588.5410740983428,2.2832356080877303,445.27907653515393,0,0,0,0,0,8,4,15,10,100
RANDOM,308029,588.5410740983428,2.2832356080877303,445.27907653515393,0,0,0,0,0,8,4,15,10,100
HIGHEST_SNR,308029,588.5410740983428,2.2832356080877303,445.27907653515393,0,0,0,0,0,8,4,15,10,100
SHORTEST_PULSE,308029,588.5410740983428,2.2832356080877303,445.27907653515393,0,0,0,0,0,8,4,15,10,100
METROLOGY_CONDITIONED_EIG,308029,588.5410740983428,2.2832356080877303,445.27907653515393,0,0,0,0,0,8,4,15,10,100
NO_PASSIVE,309000,134.3248365021921,2.640442940729793,445.27907653515393,0,0,0,0,10,9,4,15,100,30
RANDOM,309000,68.71600494974605,1.508596421351489,82.31213082181365,10,0,0,0,10,9,4,15,100,30
HIGHEST_SNR,309000,68.71600494974605,1.508596421351489,82.31213082181365,10,0,0,0,10,9,4,15,100,30
SHORTEST_PULSE,309000,68.71600494974605,1.508596421351489,82.31213082181365,10,0,0,0,10,9,4,15,100,30
METROLOGY_CONDITIONED_EIG,309000,68.71600494974605,1.508596421351489,82.31213082181365,10,0,0,0,10,9,4,15,100,30
NO_PASSIVE,309001,250.7704393696912,2.4414443611118806,445.27907653515393,0,0,0,0,33,9,4,15,100,30
RANDOM,309001,14.85573104973025,2.2617216180933433,50.859658454964595,30,2,0,0,33,9,4,15,100,30
HIGHEST_SNR,309001,61.30656572876349,2.34521537106947,179.5470892384005,30,2,0,0,33,9,4,15,100,30
SHORTEST_PULSE,309001,61.30656572876349,2.34521537106947,179.5470892384005,30,2,0,0,33,9,4,15,100,30
METROLOGY_CONDITIONED_EIG,309001,14.85573104973025,2.2617216180933433,50.859658454964595,30,2,0,0,33,9,4,15,100,30
NO_PASSIVE,309002,395.24700467653156,1.8503365030203967,445.27907653515393,0,0,0,0,20,9,4,15,100,30
RANDOM,309002,331.17426676076025,2.1109724892898485,315.806332915826,20,0,0,0,20,9,4,15,100,30
HIGHEST_SNR,309002,331.17426676076025,2.1109724892898485,315.806332915826,20,0,0,0,20,9,4,15,100,30
SHORTEST_PULSE,309002,331.17426676076025,2.1109724892898485,315.806332915826,20,0,0,0,20,9,4,15,100,30
METROLOGY_CONDITIONED_EIG,309002,331.17426676076025,2.1109724892898485,315.806332915826,20,0,0,0,20,9,4,15,100,30
NO_PASSIVE,309003,639.136524899209,1.655628157094985,445.27907653515393,0,0,0,0,24,9,4,15,100,30
RANDOM,309003,22.173814305839706,0.408848193273224,75.58319151958473,24,0,0,0,24,9,4,15,100,30
HIGHEST_SNR,309003,22.173814305839706,0.408848193273224,75.58319151958473,24,0,0,0,24,9,4,15,100,30
SHORTEST_PULSE,309003,22.173814305839706,0.408848193273224,75.58319151958473,24,0,0,0,24,9,4,15,100,30
METROLOGY_CONDITIONED_EIG,309003,22.173814305839706,0.408848193273224,75.58319151958473,24,0,0,0,24,9,4,15,100,30
NO_PASSIVE,309004,596.9032233332211,2.3122330392768533,445.27907653515393,0,0,0,0,5,9,4,15,100,30
RANDOM,309004,88.32867574776337,2.1790002507826887,112.71260724565978,4,0,0,0,5,9,4,15,100,30
HIGHEST_SNR,309004,30.815174404748834,1.1512262795559336,106.67534232367515,4,0,0,0,5,9,4,15,100,30
SHORTEST_PULSE,309004,88.32867574776337,2.1790002507826887,112.71260724565978,4,0,0,0,5,9,4,15,100,30
METROLOGY_CONDITIONED_EIG,309004,30.815174404748834,1.1512262795559336,106.67534232367515,4,0,0,0,5,9,4,15,100,30
NO_PASSIVE,309005,345.75209338493926,0.4796336832045305,445.27907653515393,0,0,0,0,23,9,4,15,100,30
RANDOM,309005,242.91553594157958,0.3265993368331669,313.94256538238693,23,0,0,0,23,9,4,15,100,30
HIGHEST_SNR,309005,242.91553594157958,0.3265993368331669,313.94256538238693,23,0,0,0,23,9,4,15,100,30
SHORTEST_PULSE,309005,242.91553594157958,0.3265993368331669,313.94256538238693,23,0,0,0,23,9,4,15,100,30
METROLOGY_CONDITIONED_EIG,309005,242.91553594157958,0.3265993368331669,313.94256538238693,23,0,0,0,23,9,4,15,100,30
NO_PASSIVE,309006,114.69802755362291,0.8431014664662133,445.27907653515393,0,0,0,0,24,9,4,15,100,30
RANDOM,309006,43.27289792205477,1.6288466356022413,144.81903558022515,24,0,0,0,24,9,4,15,100,30
HIGHEST_SNR,309006,43.27289792205477,1.6288466356022413,144.81903558022515,24,0,0,0,24,9,4,15,100,30
SHORTEST_PULSE,309006,43.27289792205477,1.6288466356022413,144.81903558022515,24,0,0,0,24,9,4,15,100,30
METROLOGY_CONDITIONED_EIG,309006,43.27289792205477,1.6288466356022413,144.81903558022515,24,0,0,0,24,9,4,15,100,30
NO_PASSIVE,309007,290.7320898296434,3.0853677140789277,445.27907653515393,0,0,0,0,24,9,4,15,100,30
RANDOM,309007,159.02938443309316,2.83355872348859,300.28355554805177,24,0,0,0,24,9,4,15,100,30
HIGHEST_SNR,309007,159.02938443309316,2.83355872348859,300.28355554805177,24,0,0,0,24,9,4,15,100,30
SHORTEST_PULSE,309007,159.02938443309316,2.83355872348859,300.28355554805177,24,0,0,0,24,9,4,15,100,30
METROLOGY_CONDITIONED_EIG,309007,159.02938443309316,2.83355872348859,300.28355554805177,24,0,0,0,24,9,4,15,100,30
NO_PASSIVE,309008,653.9533004307201,3.164039902061718,445.27907653515393,0,0,0,0,21,9,4,15,100,30
RANDOM,309008,39.491372319871076,3.715603478163862,179.2754962443799,21,0,0,0,21,9,4,15,100,30
HIGHEST_SNR,309008,39.491372319871076,3.715603478163862,179.2754962443799,21,0,0,0,21,9,4,15,100,30
SHORTEST_PULSE,309008,39.491372319871076,3.715603478163862,179.2754962443799,21,0,0,0,21,9,4,15,100,30
METROLOGY_CONDITIONED_EIG,309008,39.491372319871076,3.715603478163862,179.2754962443799,21,0,0,0,21,9,4,15,100,30
NO_PASSIVE,309009,645.4560366543373,1.624595372139014,445.27907653515393,0,0,0,0,1,9,4,15,100,30
RANDOM,309009,636.2506475043378,1.4831195549372078,336.85551153730313,1,0,0,0,1,9,4,15,100,30
HIGHEST_SNR,309009,636.2506475043378,1.4831195549372078,336.85551153730313,1,0,0,0,1,9,4,15,100,30
SHORTEST_PULSE,309009,636.2506475043378,1.4831195549372078,336.85551153730313,1,0,0,0,1,9,4,15,100,30
METROLOGY_CONDITIONED_EIG,309009,636.2506475043378,1.4831195549372078,336.85551153730313,1,0,0,0,1,9,4,15,100,30
NO_PASSIVE,309010,166.3763815301873,2.7408788973011586,445.27907653515393,0,0,0,0,1,9,4,15,100,30
RANDOM,309010,168.27345661437707,2.764239444166743,318.6478033628155,1,0,0,0,1,9,4,15,100,30
HIGHEST_SNR,309010,168.27345661437707,2.764239444166743,318.6478033628155,1,0,0,0,1,9,4,15,100,30
SHORTEST_PULSE,309010,168.27345661437707,2.764239444166743,318.6478033628155,1,0,0,0,1,9,4,15,100,30
METROLOGY_CONDITIONED_EIG,309010,168.27345661437707,2.764239444166743,318.6478033628155,1,0,0,0,1,9,4,15,100,30
NO_PASSIVE,309011,219.53934241398863,0.10228495217139542,445.27907653515393,0,0,0,0,18,9,4,15,100,30
RANDOM,309011,40.41010127849554,0.7449114380806832,42.94013439309776,18,0,0,0,18,9,4,15,100,30
HIGHEST_SNR,309011,40.41010127849554,0.7449114380806832,42.94013439309776,18,0,0,0,18,9,4,15,100,30
SHORTEST_PULSE,309011,40.41010127849554,0.7449114380806832,42.94013439309776,18,0,0,0,18,9,4,15,100,30
METROLOGY_CONDITIONED_EIG,309011,40.41010127849554,0.7449114380806832,42.94013439309776,18,0,0,0,18,9,4,15,100,30
NO_PASSIVE,309012,473.5320419559433,1.9974115435714794,445.27907653515393,0,0,0,0,10,9,4,15,100,30
RANDOM,309012,376.0792345111325,1.8515981416919396,249.63719662255167,10,0,0,0,10,9,4,15,100,30
HIGHEST_SNR,309012,376.0792345111325,1.8515981416919396,249.63719662255167,10,0,0,0,10,9,4,15,100,30
SHORTEST_PULSE,309012,376.0792345111325,1.8515981416919396,249.63719662255167,10,0,0,0,10,9,4,15,100,30
METROLOGY_CONDITIONED_EIG,309012,376.0792345111325,1.8515981416919396,249.63719662255167,10,0,0,0,10,9,4,15,100,30
NO_PASSIVE,309013,205.3501789524417,3.1043286114698434,445.27907653515393,0,0,0,0,10,9,4,15,100,30
RANDOM,309013,189.349878396849,0.6485297130223375,140.64521905907876,10,0,0,0,10,9,4,15,100,30
HIGHEST_SNR,309013,189.349878396849,0.6485297130223375,140.64521905907876,10,0,0,0,10,9,4,15,100,30
SHORTEST_PULSE,309013,189.349878396849,0.6485297130223375,140.64521905907876,10,0,0,0,10,9,4,15,100,30
METROLOGY_CONDITIONED_EIG,309013,189.349878396849,0.6485297130223375,140.64521905907876,10,0,0,0,10,9,4,15,100,30
NO_PASSIVE,309014,41.38308859938777,3.3417590399371053,445.27907653515393,0,0,0,0,3,9,4,15,100,30
RANDOM,309014,32.40585705560559,3.348498189437503,322.01783453001343,3,0,0,0,3,9,4,15,100,30
HIGHEST_SNR,309014,32.40585705560559,3.348498189437503,322.01783453001343,3,0,0,0,3,9,4,15,100,30
SHORTEST_PULSE,309014,32.40585705560559,3.348498189437503,322.01783453001343,3,0,0,0,3,9,4,15,100,30
METROLOGY_CONDITIONED_EIG,309014,32.40585705560559,3.348498189437503,322.01783453001343,3,0,0,0,3,9,4,15,100,30
NO_PASSIVE,309015,128.4399068884787,1.2770356748586469,445.27907653515393,0,0,0,0,20,9,4,15,100,30
RANDOM,309015,80.21811865529725,1.1425240933676495,314.4223653856237,20,0,0,0,20,9,4,15,100,30
HIGHEST_SNR,309015,80.21811865529725,1.1425240933676495,314.4223653856237,20,0,0,0,20,9,4,15,100,30
SHORTEST_PULSE,309015,80.21811865529725,1.1425240933676495,314.4223653856237,20,0,0,0,20,9,4,15,100,30
METROLOGY_CONDITIONED_EIG,309015,80.21811865529725,1.1425240933676495,314.4223653856237,20,0,0,0,20,9,4,15,100,30
NO_PASSIVE,309016,278.45826101076995,1.1691019191724226,445.27907653515393,0,0,0,0,8,9,4,15,100,30
RANDOM,309016,224.9591731454331,1.0419348694377033,314.6994410165003,8,0,0,0,8,9,4,15,100,30
HIGHEST_SNR,309016,224.9591731454331,1.0419348694377033,314.6994410165003,8,0,0,0,8,9,4,15,100,30
SHORTEST_PULSE,309016,224.9591731454331,1.0419348694377033,314.6994410165003,8,0,0,0,8,9,4,15,100,30
METROLOGY_CONDITIONED_EIG,309016,224.9591731454331,1.0419348694377033,314.6994410165003,8,0,0,0,8,9,4,15,100,30
NO_PASSIVE,309017,504.2185251761812,0.499815539223855,445.27907653515393,0,0,0,0,13,9,4,15,100,30
RANDOM,309017,324.97561342119025,0.15939913577192005,315.04433380251356,13,0,0,0,13,9,4,15,100,30
HIGHEST_SNR,309017,324.97561342119025,0.15939913577192005,315.04433380251356,13,0,0,0,13,9,4,15,100,30
SHORTEST_PULSE,309017,324.97561342119025,0.15939913577192005,315.04433380251356,13,0,0,0,13,9,4,15,100,30
METROLOGY_CONDITIONED_EIG,309017,324.97561342119025,0.15939913577192005,315.04433380251356,13,0,0,0,13,9,4,15,100,30
NO_PASSIVE,309018,24.91773681231748,1.8793354898483223,445.27907653515393,0,0,0,0,23,9,4,15,100,30
RANDOM,309018,103.36784112976267,0.6123845220288522,314.18228695679403,23,0,0,0,23,9,4,15,100,30
HIGHEST_SNR,309018,103.36784112976267,0.6123845220288522,314.18228695679403,23,0,0,0,23,9,4,15,100,30
SHORTEST_PULSE,309018,103.36784112976267,0.6123845220288522,314.18228695679403,23,0,0,0,23,9,4,15,100,30
METROLOGY_CONDITIONED_EIG,309018,103.36784112976267,0.6123845220288522,314.18228695679403,23,0,0,0,23,9,4,15,100,30
NO_PASSIVE,309019,269.0878848330206,2.7686557626977937,445.27907653515393,0,0,0,0,3,9,4,15,100,30
RANDOM,309019,74.21275374072454,2.5394397365759347,317.2346914239044,3,0,0,0,3,9,4,15,100,30
HIGHEST_SNR,309019,74.21275374072454,2.5394397365759347,317.2346914239044,3,0,0,0,3,9,4,15,100,30
SHORTEST_PULSE,309019,74.21275374072454,2.5394397365759347,317.2346914239044,3,0,0,0,3,9,4,15,100,30
METROLOGY_CONDITIONED_EIG,309019,74.21275374072454,2.5394397365759347,317.2346914239044,3,0,0,0,3,9,4,15,100,30
NO_PASSIVE,309020,554.8901576190232,1.6502646614887853,445.27907653515393,0,0,0,0,0,9,4,15,100,30
RANDOM,309020,554.8901576190232,1.6502646614887853,445.27907653515393,0,0,0,0,0,9,4,15,100,30
HIGHEST_SNR,309020,554.8901576190232,1.6502646614887853,445.27907653515393,0,0,0,0,0,9,4,15,100,30
SHORTEST_PULSE,309020,554.8901576190232,1.6502646614887853,445.27907653515393,0,0,0,0,0,9,4,15,100,30
METROLOGY_CONDITIONED_EIG,309020,554.8901576190232,1.6502646614887853,445.27907653515393,0,0,0,0,0,9,4,15,100,30
NO_PASSIVE,309021,493.5986530042621,0.2750460635806067,445.27907653515393,0,0,0,0,19,9,4,15,100,30
RANDOM,309021,35.66944103324833,1.6377205460578936,68.73015850077668,17,0,0,0,19,9,4,15,100,30
HIGHEST_SNR,309021,46.76511795513205,1.8287462608214804,69.08463822444152,17,0,0,0,19,9,4,15,100,30
SHORTEST_PULSE,309021,35.66944103324833,1.6377205460578936,68.73015850077668,17,0,0,0,19,9,4,15,100,30
METROLOGY_CONDITIONED_EIG,309021,46.76511795513205,1.8287462608214804,69.08463822444152,17,0,0,0,19,9,4,15,100,30
NO_PASSIVE,309022,281.74687298657784,1.8211001292974056,445.27907653515393,0,0,0,0,21,9,4,15,100,30
RANDOM,309022,269.0604088430582,1.7439068361160457,302.3152969846709,21,0,0,0,21,9,4,15,100,30
HIGHEST_SNR,309022,269.0604088430582,1.7439068361160457,302.3152969846709,21,0,0,0,21,9,4,15,100,30
SHORTEST_PULSE,309022,269.0604088430582,1.7439068361160457,302.3152969846709,21,0,0,0,21,9,4,15,100,30
METROLOGY_CONDITIONED_EIG,309022,269.0604088430582,1.7439068361160457,302.3152969846709,21,0,0,0,21,9,4,15,100,30
NO_PASSIVE,309023,278.23343950239376,0.2991489873160887,445.27907653515393,0,0,0,0,14,9,4,15,100,30
RANDOM,309023,53.28678664085076,1.0093124525181625,70.56894785928175,14,0,0,0,14,9,4,15,100,30
HIGHEST_SNR,309023,53.28678664085076,1.0093124525181625,70.56894785928175,14,0,0,0,14,9,4,15,100,30
SHORTEST_PULSE,309023,53.28678664085076,1.0093124525181625,70.56894785928175,14,0,0,0,14,9,4,15,100,30
METROLOGY_CONDITIONED_EIG,309023,53.28678664085076,1.0093124525181625,70.56894785928175,14,0,0,0,14,9,4,15,100,30
NO_PASSIVE,309024,701.0915749085915,1.1383257114492122,445.27907653515393,0,0,0,0,2,9,4,15,100,30
RANDOM,309024,263.9841014328104,0.8523404659417855,324.32053193925714,2,0,0,0,2,9,4,15,100,30
HIGHEST_SNR,309024,263.9841014328104,0.8523404659417855,324.32053193925714,2,0,0,0,2,9,4,15,100,30
SHORTEST_PULSE,309024,263.9841014328104,0.8523404659417855,324.32053193925714,2,0,0,0,2,9,4,15,100,30
METROLOGY_CONDITIONED_EIG,309024,263.9841014328104,0.8523404659417855,324.32053193925714,2,0,0,0,2,9,4,15,100,30
NO_PASSIVE,309025,397.29308832601936,3.1532593338056714,445.27907653515393,0,0,0,0,26,9,4,15,100,30
RANDOM,309025,26.509229216142245,0.1482303483732394,45.037381634689496,25,0,0,0,26,9,4,15,100,30
HIGHEST_SNR,309025,26.509229216142245,0.1482303483732394,45.037381634689496,25,0,0,0,26,9,4,15,100,30
SHORTEST_PULSE,309025,26.509229216142245,0.1482303483732394,45.037381634689496,25,0,0,0,26,9,4,15,100,30
METROLOGY_CONDITIONED_EIG,309025,22.3956225297468,0.1484263539492051,44.746879224009746,25,0,0,0,26,9,4,15,100,30
NO_PASSIVE,309026,109.76741616465533,2.9510865669888444,445.27907653515393,0,0,0,0,2,9,4,15,100,30
RANDOM,309026,115.55293706706983,2.076968789389298,321.6029587653088,2,0,0,0,2,9,4,15,100,30
HIGHEST_SNR,309026,115.55293706706983,2.076968789389298,321.6029587653088,2,0,0,0,2,9,4,15,100,30
SHORTEST_PULSE,309026,115.55293706706983,2.076968789389298,321.6029587653088,2,0,0,0,2,9,4,15,100,30
METROLOGY_CONDITIONED_EIG,309026,115.55293706706983,2.076968789389298,321.6029587653088,2,0,0,0,2,9,4,15,100,30
NO_PASSIVE,309027,578.7754820910528,1.3129699513631314,445.27907653515393,0,0,0,0,6,9,4,15,100,30
RANDOM,309027,18.068495008644305,1.4324532569819908,81.77984476354304,6,0,0,0,6,9,4,15,100,30
HIGHEST_SNR,309027,18.068495008644305,1.4324532569819908,81.77984476354304,6,0,0,0,6,9,4,15,100,30
SHORTEST_PULSE,309027,18.068495008644305,1.4324532569819908,81.77984476354304,6,0,0,0,6,9,4,15,100,30
METROLOGY_CONDITIONED_EIG,309027,18.068495008644305,1.4324532569819908,81.77984476354304,6,0,0,0,6,9,4,15,100,30
NO_PASSIVE,309028,266.4128005420797,2.116678089813859,445.27907653515393,0,0,0,0,3,9,4,15,100,30
RANDOM,309028,36.60111577882088,2.049795467130501,230.61793260132688,3,0,0,0,3,9,4,15,100,30
HIGHEST_SNR,309028,36.60111577882088,2.049795467130501,230.61793260132688,3,0,0,0,3,9,4,15,100,30
SHORTEST_PULSE,309028,36.60111577882088,2.049795467130501,230.61793260132688,3,0,0,0,3,9,4,15,100,30
METROLOGY_CONDITIONED_EIG,309028,36.60111577882088,2.049795467130501,230.61793260132688,3,0,0,0,3,9,4,15,100,30
NO_PASSIVE,309029,517.0103350267549,0.858036731472245,445.27907653515393,0,0,0,0,1,9,4,15,100,30
RANDOM,309029,438.1650000684471,0.7986255173833381,323.78211008767323,1,0,0,0,1,9,4,15,100,30
HIGHEST_SNR,309029,438.1650000684471,0.7986255173833381,323.78211008767323,1,0,0,0,1,9,4,15,100,30
SHORTEST_PULSE,309029,438.1650000684471,0.7986255173833381,323.78211008767323,1,0,0,0,1,9,4,15,100,30
METROLOGY_CONDITIONED_EIG,309029,438.1650000684471,0.7986255173833381,323.78211008767323,1,0,0,0,1,9,4,15,100,30
NO_PASSIVE,310000,503.56679908557123,0.9276459838585511,445.27907653515393,0,0,0,0,50,10,4,15,100,100
RANDOM,310000,52.73207924565356,0.9591993634647591,86.47515929266527,36,0,0,0,50,10,4,15,100,100
HIGHEST_SNR,310000,74.88967639991613,0.7385148660530296,114.08383782924584,35,1,0,0,50,10,4,15,100,100
SHORTEST_PULSE,310000,22.47080093750692,0.9302902011776982,70.71680899394498,35,1,0,0,50,10,4,15,100,100
METROLOGY_CONDITIONED_EIG,310000,46.641338452098495,0.7071110641384948,70.7051231184807,36,0,0,0,50,10,4,15,100,100
NO_PASSIVE,310001,464.2119844455614,2.798076090081695,445.27907653515393,0,0,0,0,1,10,4,15,100,100
RANDOM,310001,117.6136972153461,2.5187237587266544,323.5856221808732,1,0,0,0,1,10,4,15,100,100
HIGHEST_SNR,310001,117.6136972153461,2.5187237587266544,323.5856221808732,1,0,0,0,1,10,4,15,100,100
SHORTEST_PULSE,310001,117.6136972153461,2.5187237587266544,323.5856221808732,1,0,0,0,1,10,4,15,100,100
METROLOGY_CONDITIONED_EIG,310001,117.6136972153461,2.5187237587266544,323.5856221808732,1,0,0,0,1,10,4,15,100,100
NO_PASSIVE,310002,324.3032360693065,3.2926424711515554,445.27907653515393,0,0,0,0,24,10,4,15,100,100
RANDOM,310002,39.54871085569122,1.3661034576038893,79.52375930193287,23,0,0,0,24,10,4,15,100,100
HIGHEST_SNR,310002,39.54871085569122,1.3661034576038893,79.52375930193287,23,0,0,0,24,10,4,15,100,100
SHORTEST_PULSE,310002,39.0351431020392,1.3324524653908552,79.44165673339707,23,0,0,0,24,10,4,15,100,100
METROLOGY_CONDITIONED_EIG,310002,39.54871085569122,1.3661034576038893,79.52375930193287,23,0,0,0,24,10,4,15,100,100
NO_PASSIVE,310003,572.18731191432,1.515025971926851,445.27907653515393,0,0,0,0,0,10,4,15,100,100
RANDOM,310003,572.18731191432,1.515025971926851,445.27907653515393,0,0,0,0,0,10,4,15,100,100
HIGHEST_SNR,310003,572.18731191432,1.515025971926851,445.27907653515393,0,0,0,0,0,10,4,15,100,100
SHORTEST_PULSE,310003,572.18731191432,1.515025971926851,445.27907653515393,0,0,0,0,0,10,4,15,100,100
METROLOGY_CONDITIONED_EIG,310003,572.18731191432,1.515025971926851,445.27907653515393,0,0,0,0,0,10,4,15,100,100
NO_PASSIVE,310004,651.7082332257413,2.4088029014245658,445.27907653515393,0,0,0,0,6,10,4,15,100,100
RANDOM,310004,130.39695795406288,2.272310366804322,189.5427031253391,6,0,0,0,6,10,4,15,100,100
HIGHEST_SNR,310004,130.39695795406288,2.272310366804322,189.5427031253391,6,0,0,0,6,10,4,15,100,100
SHORTEST_PULSE,310004,130.39695795406288,2.272310366804322,189.5427031253391,6,0,0,0,6,10,4,15,100,100
METROLOGY_CONDITIONED_EIG,310004,130.39695795406288,2.272310366804322,189.5427031253391,6,0,0,0,6,10,4,15,100,100
NO_PASSIVE,310005,656.4037721353319,2.2003441799058487,445.27907653515393,0,0,0,0,0,10,4,15,100,100
RANDOM,310005,656.4037721353319,2.2003441799058487,445.27907653515393,0,0,0,0,0,10,4,15,100,100
HIGHEST_SNR,310005,656.4037721353319,2.2003441799058487,445.27907653515393,0,0,0,0,0,10,4,15,100,100
SHORTEST_PULSE,310005,656.4037721353319,2.2003441799058487,445.27907653515393,0,0,0,0,0,10,4,15,100,100
METROLOGY_CONDITIONED_EIG,310005,656.4037721353319,2.2003441799058487,445.27907653515393,0,0,0,0,0,10,4,15,100,100
NO_PASSIVE,310006,172.74296895138,2.2322377953667325,445.27907653515393,0,0,0,0,0,10,4,15,100,100
RANDOM,310006,172.74296895138,2.2322377953667325,445.27907653515393,0,0,0,0,0,10,4,15,100,100
HIGHEST_SNR,310006,172.74296895138,2.2322377953667325,445.27907653515393,0,0,0,0,0,10,4,15,100,100
SHORTEST_PULSE,310006,172.74296895138,2.2322377953667325,445.27907653515393,0,0,0,0,0,10,4,15,100,100
METROLOGY_CONDITIONED_EIG,310006,172.74296895138,2.2322377953667325,445.27907653515393,0,0,0,0,0,10,4,15,100,100
NO_PASSIVE,310007,444.54343804125807,1.0712969279367375,445.27907653515393,0,0,0,0,2,10,4,15,100,100
RANDOM,310007,142.9006949049543,1.0767973831094642,320.50535415956324,2,0,0,0,2,10,4,15,100,100
HIGHEST_SNR,310007,142.9006949049543,1.0767973831094642,320.50535415956324,2,0,0,0,2,10,4,15,100,100
SHORTEST_PULSE,310007,142.9006949049543,1.0767973831094642,320.50535415956324,2,0,0,0,2,10,4,15,100,100
METROLOGY_CONDITIONED_EIG,310007,142.9006949049543,1.0767973831094642,320.50535415956324,2,0,0,0,2,10,4,15,100,100
NO_PASSIVE,310008,511.57361847990387,1.5897123346055433,445.27907653515393,0,0,0,0,57,10,4,15,100,100
RANDOM,310008,31.312015042803065,2.589977451364302,84.25791342729151,23,1,0,0,57,10,4,15,100,100
HIGHEST_SNR,310008,24.187563407974764,2.15526542616217,80.16300800512789,24,0,0,0,57,10,4,15,100,100
SHORTEST_PULSE,310008,73.1272174560861,2.1707886941875403,139.73729704169853,24,0,0,0,57,10,4,15,100,100
METROLOGY_CONDITIONED_EIG,310008,59.41589916609463,2.542157947496833,80.80034848886955,24,0,0,0,57,10,4,15,100,100
NO_PASSIVE,310009,63.77240312330883,3.1392215370238348,445.27907653515393,0,0,0,0,19,10,4,15,100,100
RANDOM,310009,61.24280683383622,2.8331077008397054,88.29678681052276,14,0,0,0,19,10,4,15,100,100
HIGHEST_SNR,310009,34.32771749375195,2.9909367396454973,98.12342967841973,14,0,0,0,19,10,4,15,100,100
SHORTEST_PULSE,310009,34.32771749375195,2.9909367396454973,98.12342967841973,14,0,0,0,19,10,4,15,100,100
METROLOGY_CONDITIONED_EIG,310009,95.2401160623089,3.0517013196208107,86.29103972017668,14,0,0,0,19,10,4,15,100,100
NO_PASSIVE,310010,361.680536967724,0.36681683706637136,445.27907653515393,0,0,0,0,4,10,4,15,100,100
RANDOM,310010,21.427077697234832,0.5679909319284323,107.22017362756085,4,0,0,0,4,10,4,15,100,100
HIGHEST_SNR,310010,21.427077697234832,0.5679909319284323,107.22017362756085,4,0,0,0,4,10,4,15,100,100
SHORTEST_PULSE,310010,21.427077697234832,0.5679909319284323,107.22017362756085,4,0,0,0,4,10,4,15,100,100
METROLOGY_CONDITIONED_EIG,310010,21.427077697234832,0.5679909319284323,107.22017362756085,4,0,0,0,4,10,4,15,100,100
NO_PASSIVE,310011,207.00320910341136,1.675542162121027,445.27907653515393,0,0,0,0,30,10,4,15,100,100
RANDOM,310011,85.49020580506658,0.9003001107561928,64.36027577484654,30,0,0,0,30,10,4,15,100,100
HIGHEST_SNR,310011,85.49020580506658,0.9003001107561928,64.36027577484654,30,0,0,0,30,10,4,15,100,100
SHORTEST_PULSE,310011,85.49020580506658,0.9003001107561928,64.36027577484654,30,0,0,0,30,10,4,15,100,100
METROLOGY_CONDITIONED_EIG,310011,85.49020580506658,0.9003001107561928,64.36027577484654,30,0,0,0,30,10,4,15,100,100
NO_PASSIVE,310012,589.7108216386604,3.057983193217218,445.27907653515393,0,0,0,0,2,10,4,15,100,100
RANDOM,310012,186.4982346036707,2.8907442219338066,130.15775921538923,2,0,0,0,2,10,4,15,100,100
HIGHEST_SNR,310012,186.4982346036707,2.8907442219338066,130.15775921538923,2,0,0,0,2,10,4,15,100,100
SHORTEST_PULSE,310012,186.4982346036707,2.8907442219338066,130.15775921538923,2,0,0,0,2,10,4,15,100,100
METROLOGY_CONDITIONED_EIG,310012,186.4982346036707,2.8907442219338066,130.15775921538923,2,0,0,0,2,10,4,15,100,100
NO_PASSIVE,310013,179.10619428132108,2.415615329853188,445.27907653515393,0,0,0,0,0,10,4,15,100,100
RANDOM,310013,179.10619428132108,2.415615329853188,445.27907653515393,0,0,0,0,0,10,4,15,100,100
HIGHEST_SNR,310013,179.10619428132108,2.415615329853188,445.27907653515393,0,0,0,0,0,10,4,15,100,100
SHORTEST_PULSE,310013,179.10619428132108,2.415615329853188,445.27907653515393,0,0,0,0,0,10,4,15,100,100
METROLOGY_CONDITIONED_EIG,310013,179.10619428132108,2.415615329853188,445.27907653515393,0,0,0,0,0,10,4,15,100,100
NO_PASSIVE,310014,82.51837116659696,2.875763630199996,445.27907653515393,0,0,0,0,2,10,4,15,100,100
RANDOM,310014,89.71788775374927,3.0159497373992457,207.92095059432884,2,0,0,0,2,10,4,15,100,100
HIGHEST_SNR,310014,89.71788775374927,3.0159497373992457,207.92095059432884,2,0,0,0,2,10,4,15,100,100
SHORTEST_PULSE,310014,89.71788775374927,3.0159497373992457,207.92095059432884,2,0,0,0,2,10,4,15,100,100
METROLOGY_CONDITIONED_EIG,310014,89.71788775374927,3.0159497373992457,207.92095059432884,2,0,0,0,2,10,4,15,100,100
NO_PASSIVE,310015,492.5440542848354,1.9828061597230617,445.27907653515393,0,0,0,0,57,10,4,15,100,100
RANDOM,310015,46.90834204715147,1.3921186647656951,52.525684408656964,32,1,0,0,57,10,4,15,100,100
HIGHEST_SNR,310015,49.30908816575314,2.1821228754696618,50.28582251381718,32,1,0,0,57,10,4,15,100,100
SHORTEST_PULSE,310015,52.873190388351865,1.5062750087744143,50.77300123108046,33,0,0,0,57,10,4,15,100,100
METROLOGY_CONDITIONED_EIG,310015,48.009046655326635,1.5322231133373017,49.534494971690876,33,0,0,0,57,10,4,15,100,100
NO_PASSIVE,310016,658.8773009620043,1.5961244232522138,445.27907653515393,0,0,0,0,0,10,4,15,100,100
RANDOM,310016,658.8773009620043,1.5961244232522138,445.27907653515393,0,0,0,0,0,10,4,15,100,100
HIGHEST_SNR,310016,658.8773009620043,1.5961244232522138,445.27907653515393,0,0,0,0,0,10,4,15,100,100
SHORTEST_PULSE,310016,658.8773009620043,1.5961244232522138,445.27907653515393,0,0,0,0,0,10,4,15,100,100
METROLOGY_CONDITIONED_EIG,310016,658.8773009620043,1.5961244232522138,445.27907653515393,0,0,0,0,0,10,4,15,100,100
NO_PASSIVE,310017,588.9747410819485,2.4932064236305322,445.27907653515393,0,0,0,0,11,10,4,15,100,100
RANDOM,310017,75.64083246459859,2.2433612443214233,135.2728486441885,11,0,0,0,11,10,4,15,100,100
HIGHEST_SNR,310017,75.64083246459859,2.2433612443214233,135.2728486441885,11,0,0,0,11,10,4,15,100,100
SHORTEST_PULSE,310017,75.64083246459859,2.2433612443214233,135.2728486441885,11,0,0,0,11,10,4,15,100,100
METROLOGY_CONDITIONED_EIG,310017,75.64083246459859,2.2433612443214233,135.2728486441885,11,0,0,0,11,10,4,15,100,100
NO_PASSIVE,310018,1300.807030534886,2.5701370700595376,445.27907653515393,0,0,0,0,0,10,4,15,100,100
RANDOM,310018,1300.807030534886,2.5701370700595376,445.27907653515393,0,0,0,0,0,10,4,15,100,100
HIGHEST_SNR,310018,1300.807030534886,2.5701370700595376,445.27907653515393,0,0,0,0,0,10,4,15,100,100
SHORTEST_PULSE,310018,1300.807030534886,2.5701370700595376,445.27907653515393,0,0,0,0,0,10,4,15,100,100
METROLOGY_CONDITIONED_EIG,310018,1300.807030534886,2.5701370700595376,445.27907653515393,0,0,0,0,0,10,4,15,100,100
NO_PASSIVE,310019,241.95881724087914,2.086662126733551,445.27907653515393,0,0,0,0,13,10,4,15,100,100
RANDOM,310019,75.52816398801279,0.6480197901727072,165.94011949021038,13,0,0,0,13,10,4,15,100,100
HIGHEST_SNR,310019,75.52816398801279,0.6480197901727072,165.94011949021038,13,0,0,0,13,10,4,15,100,100
SHORTEST_PULSE,310019,75.52816398801279,0.6480197901727072,165.94011949021038,13,0,0,0,13,10,4,15,100,100
METROLOGY_CONDITIONED_EIG,310019,75.52816398801279,0.6480197901727072,165.94011949021038,13,0,0,0,13,10,4,15,100,100
NO_PASSIVE,310020,656.7346532173771,0.6069296961117058,445.27907653515393,0,0,0,0,14,10,4,15,100,100
RANDOM,310020,601.9090046608774,0.8901461444882441,316.9396492445031,14,0,0,0,14,10,4,15,100,100
HIGHEST_SNR,310020,601.9090046608774,0.8901461444882441,316.9396492445031,14,0,0,0,14,10,4,15,100,100
SHORTEST_PULSE,310020,601.9090046608774,0.8901461444882441,316.9396492445031,14,0,0,0,14,10,4,15,100,100
METROLOGY_CONDITIONED_EIG,310020,601.9090046608774,0.8901461444882441,316.9396492445031,14,0,0,0,14,10,4,15,100,100
NO_PASSIVE,310021,474.14436634354666,2.1919758795219457,445.27907653515393,0,0,0,0,4,10,4,15,100,100
RANDOM,310021,94.36973455782869,1.9731966466118704,118.34192167060701,4,0,0,0,4,10,4,15,100,100
HIGHEST_SNR,310021,94.36973455782869,1.9731966466118704,118.34192167060701,4,0,0,0,4,10,4,15,100,100
SHORTEST_PULSE,310021,94.36973455782869,1.9731966466118704,118.34192167060701,4,0,0,0,4,10,4,15,100,100
METROLOGY_CONDITIONED_EIG,310021,94.36973455782869,1.9731966466118704,118.34192167060701,4,0,0,0,4,10,4,15,100,100
NO_PASSIVE,310022,566.0369341776219,1.6278638064720143,445.27907653515393,0,0,0,0,7,10,4,15,100,100
RANDOM,310022,402.07060739800085,1.6386364758025704,316.42030514840604,6,0,0,0,7,10,4,15,100,100
HIGHEST_SNR,310022,402.07060739800085,1.6386364758025704,316.42030514840604,6,0,0,0,7,10,4,15,100,100
SHORTEST_PULSE,310022,279.3311856752505,1.5032333702946068,228.70289268520588,6,0,0,0,7,10,4,15,100,100
METROLOGY_CONDITIONED_EIG,310022,279.3311856752505,1.5032333702946068,228.70289268520588,6,0,0,0,7,10,4,15,100,100
NO_PASSIVE,310023,357.41493630787016,3.9839464522599437,445.27907653515393,0,0,0,0,1,10,4,15,100,100
RANDOM,310023,354.8566455388195,4.0400863838098395,321.20100433826093,1,0,0,0,1,10,4,15,100,100
HIGHEST_SNR,310023,354.8566455388195,4.0400863838098395,321.20100433826093,1,0,0,0,1,10,4,15,100,100
SHORTEST_PULSE,310023,354.8566455388195,4.0400863838098395,321.20100433826093,1,0,0,0,1,10,4,15,100,100
METROLOGY_CONDITIONED_EIG,310023,354.8566455388195,4.0400863838098395,321.20100433826093,1,0,0,0,1,10,4,15,100,100
NO_PASSIVE,310024,307.30884188672957,3.31192045155673,445.27907653515393,0,0,0,0,10,10,4,15,100,100
RANDOM,310024,97.16684808918332,3.21132049763126,316.1758306193549,10,0,0,0,10,10,4,15,100,100
HIGHEST_SNR,310024,97.16684808918332,3.21132049763126,316.1758306193549,10,0,0,0,10,10,4,15,100,100
SHORTEST_PULSE,310024,97.16684808918332,3.21132049763126,316.1758306193549,10,0,0,0,10,10,4,15,100,100
METROLOGY_CONDITIONED_EIG,310024,97.16684808918332,3.21132049763126,316.1758306193549,10,0,0,0,10,10,4,15,100,100
NO_PASSIVE,310025,491.679504610018,1.2235831501283316,445.27907653515393,0,0,0,0,30,10,4,15,100,100
RANDOM,310025,59.71036624175422,1.424868376690056,60.895516865339495,23,1,0,0,30,10,4,15,100,100
HIGHEST_SNR,310025,728.9512284641334,1.71137559917023,310.1847373089557,23,1,0,0,30,10,4,15,100,100
SHORTEST_PULSE,310025,20.2230707511961,0.9904876185218023,54.84064139008795,23,1,0,0,30,10,4,15,100,100
METROLOGY_CONDITIONED_EIG,310025,18.110457026295578,0.9859878273731293,55.073187073581856,23,1,0,0,30,10,4,15,100,100
NO_PASSIVE,310026,899.7206509117794,1.5792790661252691,445.27907653515393,0,0,0,0,0,10,4,15,100,100
RANDOM,310026,899.7206509117794,1.5792790661252691,445.27907653515393,0,0,0,0,0,10,4,15,100,100
HIGHEST_SNR,310026,899.7206509117794,1.5792790661252691,445.27907653515393,0,0,0,0,0,10,4,15,100,100
SHORTEST_PULSE,310026,899.7206509117794,1.5792790661252691,445.27907653515393,0,0,0,0,0,10,4,15,100,100
METROLOGY_CONDITIONED_EIG,310026,899.7206509117794,1.5792790661252691,445.27907653515393,0,0,0,0,0,10,4,15,100,100
NO_PASSIVE,310027,128.46446359910482,2.4149096383305593,445.27907653515393,0,0,0,0,0,10,4,15,100,100
RANDOM,310027,128.46446359910482,2.4149096383305593,445.27907653515393,0,0,0,0,0,10,4,15,100,100
HIGHEST_SNR,310027,128.46446359910482,2.4149096383305593,445.27907653515393,0,0,0,0,0,10,4,15,100,100
SHORTEST_PULSE,310027,128.46446359910482,2.4149096383305593,445.27907653515393,0,0,0,0,0,10,4,15,100,100
METROLOGY_CONDITIONED_EIG,310027,128.46446359910482,2.4149096383305593,445.27907653515393,0,0,0,0,0,10,4,15,100,100
NO_PASSIVE,310028,40.778852418436486,3.5220077869268764,445.27907653515393,0,0,0,0,23,10,4,15,100,100
RANDOM,310028,36.80677781851354,3.6446224786751715,324.340415327586,23,0,0,0,23,10,4,15,100,100
HIGHEST_SNR,310028,36.80677781851354,3.6446224786751715,324.340415327586,23,0,0,0,23,10,4,15,100,100
SHORTEST_PULSE,310028,36.80677781851354,3.6446224786751715,324.340415327586,23,0,0,0,23,10,4,15,100,100
METROLOGY_CONDITIONED_EIG,310028,36.80677781851354,3.6446224786751715,324.340415327586,23,0,0,0,23,10,4,15,100,100
NO_PASSIVE,310029,547.1981848941824,1.234015028091905,445.27907653515393,0,0,0,0,7,10,4,15,100,100
RANDOM,310029,321.8382208721224,1.0953805234949319,317.883341344794,7,0,0,0,7,10,4,15,100,100
HIGHEST_SNR,310029,321.8382208721224,1.0953805234949319,317.883341344794,7,0,0,0,7,10,4,15,100,100
SHORTEST_PULSE,310029,321.8382208721224,1.0953805234949319,317.883341344794,7,0,0,0,7,10,4,15,100,100
METROLOGY_CONDITIONED_EIG,310029,321.8382208721224,1.0953805234949319,317.883341344794,7,0,0,0,7,10,4,15,100,100
NO_PASSIVE,311000,158.8696406281858,2.8987419603878073,445.27907653515393,0,0,0,0,72,11,4,15,1000,30
RANDOM,311000,12.543943649723511,0.4736102800084426,25.65218399890663,48,0,0,0,72,11,4,15,1000,30
HIGHEST_SNR,311000,9.326862674165303,0.23363135780726443,28.69510932186917,47,1,0,0,72,11,4,15,1000,30
SHORTEST_PULSE,311000,1.8466622026445567,0.03883911397475846,24.314402377192096,48,0,0,0,72,11,4,15,1000,30
METROLOGY_CONDITIONED_EIG,311000,1.9701253039145925,0.08465281673792405,24.426331594104266,48,0,0,0,72,11,4,15,1000,30
NO_PASSIVE,311001,206.5636627815437,1.083040776027603,445.27907653515393,0,0,0,0,13,11,4,15,1000,30
RANDOM,311001,170.37244482884626,0.9783272629831103,314.6638371751001,13,0,0,0,13,11,4,15,1000,30
HIGHEST_SNR,311001,170.37244482884626,0.9783272629831103,314.6638371751001,13,0,0,0,13,11,4,15,1000,30
SHORTEST_PULSE,311001,170.37244482884626,0.9783272629831103,314.6638371751001,13,0,0,0,13,11,4,15,1000,30
METROLOGY_CONDITIONED_EIG,311001,170.37244482884626,0.9783272629831103,314.6638371751001,13,0,0,0,13,11,4,15,1000,30
NO_PASSIVE,311002,439.49131415816186,4.159424505696517,445.27907653515393,0,0,0,0,44,11,4,15,1000,30
RANDOM,311002,50.103317160017156,1.4185133820802038,63.57907351043311,33,1,0,0,44,11,4,15,1000,30
HIGHEST_SNR,311002,58.6613163455408,1.8172472772972759,62.44224328189478,33,1,0,0,44,11,4,15,1000,30
SHORTEST_PULSE,311002,66.55718639070017,2.121360145663532,74.80183907761517,33,1,0,0,44,11,4,15,1000,30
METROLOGY_CONDITIONED_EIG,311002,60.24674398344419,1.6907164397299392,62.427813244980214,33,1,0,0,44,11,4,15,1000,30
NO_PASSIVE,311003,516.6693558087844,0.5263520403299085,445.27907653515393,0,0,0,0,48,11,4,15,1000,30
RANDOM,311003,11.170536377855504,0.30516856024493333,60.230254899474055,48,0,0,0,48,11,4,15,1000,30
HIGHEST_SNR,311003,11.170536377855504,0.30516856024493333,60.230254899474055,48,0,0,0,48,11,4,15,1000,30
SHORTEST_PULSE,311003,11.170536377855504,0.30516856024493333,60.230254899474055,48,0,0,0,48,11,4,15,1000,30
METROLOGY_CONDITIONED_EIG,311003,11.170536377855504,0.30516856024493333,60.230254899474055,48,0,0,0,48,11,4,15,1000,30
NO_PASSIVE,311004,437.85055923224917,1.5513759098367688,445.27907653515393,0,0,0,0,17,11,4,15,1000,30
RANDOM,311004,452.3203477736917,1.6009694773178451,313.7384830921074,17,0,0,0,17,11,4,15,1000,30
HIGHEST_SNR,311004,452.3203477736917,1.6009694773178451,313.7384830921074,17,0,0,0,17,11,4,15,1000,30
SHORTEST_PULSE,311004,452.3203477736917,1.6009694773178451,313.7384830921074,17,0,0,0,17,11,4,15,1000,30
METROLOGY_CONDITIONED_EIG,311004,452.3203477736917,1.6009694773178451,313.7384830921074,17,0,0,0,17,11,4,15,1000,30
NO_PASSIVE,311005,162.9987074697193,0.923752349287908,445.27907653515393,0,0,0,0,68,11,4,15,1000,30
RANDOM,311005,28.48192683654366,0.5864725104007504,34.9939498360339,43,0,0,0,68,11,4,15,1000,30
HIGHEST_SNR,311005,26.809815608419683,1.0504749093947514,75.81290519698334,43,0,0,0,68,11,4,15,1000,30
SHORTEST_PULSE,311005,28.200315537228114,0.9492099308652013,56.564520836589125,43,0,0,0,68,11,4,15,1000,30
METROLOGY_CONDITIONED_EIG,311005,20.30461273970398,0.4933161448689993,32.46821955557323,43,0,0,0,68,11,4,15,1000,30
NO_PASSIVE,311006,407.9516901177799,1.5869464822495478,445.27907653515393,0,0,0,0,46,11,4,15,1000,30
RANDOM,311006,21.351700533199917,0.5348915732446717,37.42091440114947,45,1,0,0,46,11,4,15,1000,30
HIGHEST_SNR,311006,21.351700533199917,0.5348915732446717,37.42091440114947,45,1,0,0,46,11,4,15,1000,30
SHORTEST_PULSE,311006,21.351700533199917,0.5348915732446717,37.42091440114947,45,1,0,0,46,11,4,15,1000,30
METROLOGY_CONDITIONED_EIG,311006,21.351700533199917,0.5348915732446717,37.42091440114947,45,1,0,0,46,11,4,15,1000,30
NO_PASSIVE,311007,471.2793214355018,2.9410330700590506,445.27907653515393,0,0,0,0,45,11,4,15,1000,30
RANDOM,311007,11.471067924128505,0.3550817167383706,23.06532830373501,37,0,0,0,45,11,4,15,1000,30
HIGHEST_SNR,311007,14.109161143540488,0.4035931737417566,23.777985104352634,37,0,0,0,45,11,4,15,1000,30
SHORTEST_PULSE,311007,11.866958337768093,0.43319146277647197,23.02781260470312,37,0,0,0,45,11,4,15,1000,30
METROLOGY_CONDITIONED_EIG,311007,12.25332348192227,0.3682462391065838,23.115662912915695,37,0,0,0,45,11,4,15,1000,30
NO_PASSIVE,311008,563.0440103761277,1.684256914385317,445.27907653515393,0,0,0,0,45,11,4,15,1000,30
RANDOM,311008,59.67479656457975,0.9029729970807246,64.28413119765744,38,2,0,0,45,11,4,15,1000,30
HIGHEST_SNR,311008,77.0581617831473,0.8009817421443366,64.67786748357533,39,1,0,0,45,11,4,15,1000,30
SHORTEST_PULSE,311008,77.0581617831473,0.8009817421443366,64.67786748357533,39,1,0,0,45,11,4,15,1000,30
METROLOGY_CONDITIONED_EIG,311008,35.9527037595567,0.8471708364152357,63.15082654430514,39,1,0,0,45,11,4,15,1000,30
NO_PASSIVE,311009,628.0338185822927,0.7594071961350494,445.27907653515393,0,0,0,0,91,11,4,15,1000,30
RANDOM,311009,37.42421905448563,0.4699834605487394,30.112117894348092,47,1,0,0,91,11,4,15,1000,30
HIGHEST_SNR,311009,31.764676986447384,0.538987781516848,25.524727999172935,48,0,0,0,91,11,4,15,1000,30
SHORTEST_PULSE,311009,23.218630447614633,0.413438368323648,26.228860946815352,48,0,0,0,91,11,4,15,1000,30
METROLOGY_CONDITIONED_EIG,311009,31.764676986447384,0.538987781516848,25.524727999172935,48,0,0,0,91,11,4,15,1000,30
NO_PASSIVE,311010,493.0257160803163,2.335179773634114,445.27907653515393,0,0,0,0,44,11,4,15,1000,30
RANDOM,311010,9.447221942305811,0.3191871496391052,24.70172057146679,43,1,0,0,44,11,4,15,1000,30
HIGHEST_SNR,311010,9.447221942305811,0.3191871496391052,24.70172057146679,43,1,0,0,44,11,4,15,1000,30
SHORTEST_PULSE,311010,9.447221942305811,0.3191871496391052,24.70172057146679,43,1,0,0,44,11,4,15,1000,30
METROLOGY_CONDITIONED_EIG,311010,9.447221942305811,0.3191871496391052,24.70172057146679,43,1,0,0,44,11,4,15,1000,30
NO_PASSIVE,311011,360.69618611675224,1.0248969486701462,445.27907653515393,0,0,0,0,69,11,4,15,1000,30
RANDOM,311011,9.060770178575856,0.6195143750346563,17.09390500332028,36,0,0,0,69,11,4,15,1000,30
HIGHEST_SNR,311011,20.86435154053052,0.34361690544550083,24.928333931729984,36,0,0,0,69,11,4,15,1000,30
SHORTEST_PULSE,311011,1.4058672402305474,0.13056583803268978,16.598244144417517,36,0,0,0,69,11,4,15,1000,30
METROLOGY_CONDITIONED_EIG,311011,5.482135510023817,0.08694386568145727,16.512021149949458,36,0,0,0,69,11,4,15,1000,30
NO_PASSIVE,311012,1096.9540472617582,3.466702876453271,445.27907653515393,0,0,0,0,42,11,4,15,1000,30
RANDOM,311012,1064.8586313062112,2.241643370815767,314.96469894599653,22,17,0,0,42,11,4,15,1000,30
HIGHEST_SNR,311012,1064.8593608840688,2.2416388221552324,314.96553535157153,22,17,0,0,42,11,4,15,1000,30
SHORTEST_PULSE,311012,1065.1625308348516,2.2446964381723777,315.0116173960556,20,19,0,0,42,11,4,15,1000,30
METROLOGY_CONDITIONED_EIG,311012,1065.1625308348516,2.2446964381723777,315.0116173960556,20,19,0,0,42,11,4,15,1000,30
NO_PASSIVE,311013,674.6613315345438,2.5553562839174675,445.27907653515393,0,0,0,0,71,11,4,15,1000,30
RANDOM,311013,48.76661136394514,0.6905783835493137,42.15389105542841,57,3,0,0,71,11,4,15,1000,30
HIGHEST_SNR,311013,56.96010813187052,0.8276410906982911,45.01857110382008,57,3,0,0,71,11,4,15,1000,30
SHORTEST_PULSE,311013,56.96010813187052,0.8276410906982911,45.01857110382008,57,3,0,0,71,11,4,15,1000,30
METROLOGY_CONDITIONED_EIG,311013,19.031531052067027,0.1186248745597619,41.02901327908818,58,2,0,0,71,11,4,15,1000,30
NO_PASSIVE,311014,350.28145611227364,1.302127373933092,445.27907653515393,0,0,0,0,61,11,4,15,1000,30
RANDOM,311014,9.610145365014729,0.14109888758346548,24.303446127231634,44,0,0,0,61,11,4,15,1000,30
HIGHEST_SNR,311014,7.262413500202909,0.12702682639357166,23.87943154450286,44,0,0,0,61,11,4,15,1000,30
SHORTEST_PULSE,311014,17.346543876191607,0.8217368068310131,27.775224818588143,44,0,0,0,61,11,4,15,1000,30
METROLOGY_CONDITIONED_EIG,311014,13.58038256848784,0.29275705007182523,22.960757352183588,44,0,0,0,61,11,4,15,1000,30
NO_PASSIVE,311015,189.7725631455561,0.6005929000353362,445.27907653515393,0,0,0,0,57,11,4,15,1000,30
RANDOM,311015,14.225467758286221,0.029257222880162144,41.73109112252893,48,0,0,0,57,11,4,15,1000,30
HIGHEST_SNR,311015,40.2149845353512,1.5381157187546624,49.33656564961789,48,0,0,0,57,11,4,15,1000,30
SHORTEST_PULSE,311015,20.91827021555865,0.47880969858918876,38.0144117630859,48,0,0,0,57,11,4,15,1000,30
METROLOGY_CONDITIONED_EIG,311015,21.75453564928499,0.5594603904524975,38.07628994125796,48,0,0,0,57,11,4,15,1000,30
NO_PASSIVE,311016,399.27054692389976,1.093870194875869,445.27907653515393,0,0,0,0,0,11,4,15,1000,30
RANDOM,311016,399.27054692389976,1.093870194875869,445.27907653515393,0,0,0,0,0,11,4,15,1000,30
HIGHEST_SNR,311016,399.27054692389976,1.093870194875869,445.27907653515393,0,0,0,0,0,11,4,15,1000,30
SHORTEST_PULSE,311016,399.27054692389976,1.093870194875869,445.27907653515393,0,0,0,0,0,11,4,15,1000,30
METROLOGY_CONDITIONED_EIG,311016,399.27054692389976,1.093870194875869,445.27907653515393,0,0,0,0,0,11,4,15,1000,30
NO_PASSIVE,311017,420.14816368003267,1.0813615169686912,445.27907653515393,0,0,0,0,72,11,4,15,1000,30
RANDOM,311017,71.71762714521114,0.49032258901308384,90.46687076129426,36,0,0,0,72,11,4,15,1000,30
HIGHEST_SNR,311017,26.83838969082059,1.0241304199122458,100.1871798188678,36,0,0,0,72,11,4,15,1000,30
SHORTEST_PULSE,311017,13.538597947136092,0.5019529508532231,97.4802055163326,36,0,0,0,72,11,4,15,1000,30
METROLOGY_CONDITIONED_EIG,311017,45.39517738202972,0.3145852224330668,78.24888667431226,36,0,0,0,72,11,4,15,1000,30
NO_PASSIVE,311018,420.2254735457904,0.8309551291292004,445.27907653515393,0,0,0,0,8,11,4,15,1000,30
RANDOM,311018,388.1282254604789,0.8308066412200169,314.26693067793104,8,0,0,0,8,11,4,15,1000,30
HIGHEST_SNR,311018,388.1282254604789,0.8308066412200169,314.26693067793104,8,0,0,0,8,11,4,15,1000,30
SHORTEST_PULSE,311018,388.1282254604789,0.8308066412200169,314.26693067793104,8,0,0,0,8,11,4,15,1000,30
METROLOGY_CONDITIONED_EIG,311018,388.1282254604789,0.8308066412200169,314.26693067793104,8,0,0,0,8,11,4,15,1000,30
NO_PASSIVE,311019,273.8539247706573,3.5669493396445753,445.27907653515393,0,0,0,0,76,11,4,15,1000,30
RANDOM,311019,4.802067808014661,0.4204273267588495,21.745394720819938,47,0,0,0,76,11,4,15,1000,30
HIGHEST_SNR,311019,90.48233909603216,1.9832199264874517,60.6985729796935,47,0,0,0,76,11,4,15,1000,30
SHORTEST_PULSE,311019,21.891629530790873,0.8396747130747252,21.984537609064596,47,0,0,0,76,11,4,15,1000,30
METROLOGY_CONDITIONED_EIG,311019,18.212456509872165,0.451472542834891,18.164059725614955,47,0,0,0,76,11,4,15,1000,30
NO_PASSIVE,311020,202.72457350098162,1.8863538550839865,445.27907653515393,0,0,0,0,21,11,4,15,1000,30
RANDOM,311020,214.5114073442109,1.8929596107490092,313.1320735377455,21,0,0,0,21,11,4,15,1000,30
HIGHEST_SNR,311020,214.5114073442109,1.8929596107490092,313.1320735377455,21,0,0,0,21,11,4,15,1000,30
SHORTEST_PULSE,311020,214.5114073442109,1.8929596107490092,313.1320735377455,21,0,0,0,21,11,4,15,1000,30
METROLOGY_CONDITIONED_EIG,311020,214.5114073442109,1.8929596107490092,313.1320735377455,21,0,0,0,21,11,4,15,1000,30
NO_PASSIVE,311021,355.35923204607485,1.5381738055084673,445.27907653515393,0,0,0,0,18,11,4,15,1000,30
RANDOM,311021,67.9501886641173,2.1395408782359593,316.6939261603931,18,0,0,0,18,11,4,15,1000,30
HIGHEST_SNR,311021,67.9501886641173,2.1395408782359593,316.6939261603931,18,0,0,0,18,11,4,15,1000,30
SHORTEST_PULSE,311021,67.9501886641173,2.1395408782359593,316.6939261603931,18,0,0,0,18,11,4,15,1000,30
METROLOGY_CONDITIONED_EIG,311021,67.9501886641173,2.1395408782359593,316.6939261603931,18,0,0,0,18,11,4,15,1000,30
NO_PASSIVE,311022,386.55714786696905,1.1019695206399338,445.27907653515393,0,0,0,0,36,11,4,15,1000,30
RANDOM,311022,35.57053055530168,0.8471806380761104,22.30176018941755,33,1,0,0,36,11,4,15,1000,30
HIGHEST_SNR,311022,38.69744050979613,0.8883533603285946,23.884495480322666,33,1,0,0,36,11,4,15,1000,30
SHORTEST_PULSE,311022,38.69744050979613,0.8883533603285946,23.884495480322666,33,1,0,0,36,11,4,15,1000,30
METROLOGY_CONDITIONED_EIG,311022,9.315086350400406,0.5950448635425681,21.66391653380445,34,0,0,0,36,11,4,15,1000,30
NO_PASSIVE,311023,167.76075929637955,0.963321104288003,445.27907653515393,0,0,0,0,48,11,4,15,1000,30
RANDOM,311023,159.65682889475278,1.0366010807423165,93.56542476808471,36,0,0,0,48,11,4,15,1000,30
HIGHEST_SNR,311023,194.56064640911455,1.4333538462030517,91.47619621103233,36,0,0,0,48,11,4,15,1000,30
SHORTEST_PULSE,311023,194.56064640911455,1.4333538462030517,91.47619621103233,36,0,0,0,48,11,4,15,1000,30
METROLOGY_CONDITIONED_EIG,311023,197.1537336639943,1.3507089960939773,92.46561584545792,36,0,0,0,48,11,4,15,1000,30
NO_PASSIVE,311024,537.9473501589774,1.7425178446781275,445.27907653515393,0,0,0,0,43,11,4,15,1000,30
RANDOM,311024,8.251757239747425,0.21484014361212447,31.215410205925263,43,0,0,0,43,11,4,15,1000,30
HIGHEST_SNR,311024,8.251757239747425,0.21484014361212447,31.215410205925263,43,0,0,0,43,11,4,15,1000,30
SHORTEST_PULSE,311024,8.251757239747425,0.21484014361212447,31.215410205925263,43,0,0,0,43,11,4,15,1000,30
METROLOGY_CONDITIONED_EIG,311024,8.251757239747425,0.21484014361212447,31.215410205925263,43,0,0,0,43,11,4,15,1000,30
NO_PASSIVE,311025,689.7234174717734,1.138887081554982,445.27907653515393,0,0,0,0,48,11,4,15,1000,30
RANDOM,311025,36.35940220197348,1.005309424007571,33.12596949250134,36,0,0,0,48,11,4,15,1000,30
HIGHEST_SNR,311025,10.48905879068915,0.3045446593125276,37.38183712117969,35,1,0,0,48,11,4,15,1000,30
SHORTEST_PULSE,311025,40.460876449020425,1.1242677914469574,34.0350396786824,36,0,0,0,48,11,4,15,1000,30
METROLOGY_CONDITIONED_EIG,311025,35.480209101868354,1.4961079076320338,33.19817292202733,36,0,0,0,48,11,4,15,1000,30
NO_PASSIVE,311026,218.61015509618682,1.1406364316371747,445.27907653515393,0,0,0,0,33,11,4,15,1000,30
RANDOM,311026,7.2049176732016935,0.8777793512467955,30.958501557076104,33,0,0,0,33,11,4,15,1000,30
HIGHEST_SNR,311026,7.2049176732016935,0.8777793512467955,30.958501557076104,33,0,0,0,33,11,4,15,1000,30
SHORTEST_PULSE,311026,7.2049176732016935,0.8777793512467955,30.958501557076104,33,0,0,0,33,11,4,15,1000,30
METROLOGY_CONDITIONED_EIG,311026,7.2049176732016935,0.8777793512467955,30.958501557076104,33,0,0,0,33,11,4,15,1000,30
NO_PASSIVE,311027,565.3177361303389,0.8769144799876044,445.27907653515393,0,0,0,0,22,11,4,15,1000,30
RANDOM,311027,24.86548955716555,1.3592400796973625,34.141808918083115,20,0,0,0,22,11,4,15,1000,30
HIGHEST_SNR,311027,29.597232882117297,1.3369114529466004,46.657857454317075,20,0,0,0,22,11,4,15,1000,30
SHORTEST_PULSE,311027,29.597232882117297,1.3369114529466004,46.657857454317075,20,0,0,0,22,11,4,15,1000,30
METROLOGY_CONDITIONED_EIG,311027,24.86548955716555,1.3592400796973625,34.141808918083115,20,0,0,0,22,11,4,15,1000,30
NO_PASSIVE,311028,424.2170057819194,1.6887705575269722,445.27907653515393,0,0,0,0,50,11,4,15,1000,30
RANDOM,311028,11.443518109717614,0.3106729924517437,60.56176955790239,34,0,0,0,50,11,4,15,1000,30
HIGHEST_SNR,311028,9.234282040006788,0.08669316433613068,78.30089974538714,34,0,0,0,50,11,4,15,1000,30
SHORTEST_PULSE,311028,22.40915320361347,0.38031932633382237,63.5122925567183,34,0,0,0,50,11,4,15,1000,30
METROLOGY_CONDITIONED_EIG,311028,18.607809704797354,0.410508184552327,49.458882613721926,34,0,0,0,50,11,4,15,1000,30
NO_PASSIVE,311029,322.7531088697614,0.6308891315974682,445.27907653515393,0,0,0,0,70,11,4,15,1000,30
RANDOM,311029,3.491910676832651,0.2820902009482014,24.897950562333826,46,1,0,0,70,11,4,15,1000,30
HIGHEST_SNR,311029,7.27391983118895,0.47635417808529645,24.471080376424627,46,1,0,0,70,11,4,15,1000,30
SHORTEST_PULSE,311029,7.27391983118895,0.47635417808529645,24.471080376424627,46,1,0,0,70,11,4,15,1000,30
METROLOGY_CONDITIONED_EIG,311029,4.196695052436555,0.1331107072298036,24.099019299475227,46,1,0,0,70,11,4,15,1000,30
NO_PASSIVE,312000,311.4463730950631,0.2995256161828079,445.27907653515393,0,0,0,0,47,12,4,15,1000,100
RANDOM,312000,49.00378754676488,0.6178374700691945,70.54149287242355,24,0,0,0,47,12,4,15,1000,100
HIGHEST_SNR,312000,194.73264617329033,0.35322819301171915,313.8260319753486,24,0,0,0,47,12,4,15,1000,100
SHORTEST_PULSE,312000,194.73264617329033,0.35322819301171915,313.8260319753486,24,0,0,0,47,12,4,15,1000,100
METROLOGY_CONDITIONED_EIG,312000,44.896313289518105,0.18455826264653022,68.3509793114861,24,0,0,0,47,12,4,15,1000,100
NO_PASSIVE,312001,510.66147950454416,3.0606383890053035,445.27907653515393,0,0,0,0,44,12,4,15,1000,100
RANDOM,312001,537.637473543727,1.5199017313348364,302.85613206718637,44,0,0,0,44,12,4,15,1000,100
HIGHEST_SNR,312001,537.637473543727,1.5199017313348364,302.85613206718637,44,0,0,0,44,12,4,15,1000,100
SHORTEST_PULSE,312001,537.637473543727,1.5199017313348364,302.85613206718637,44,0,0,0,44,12,4,15,1000,100
METROLOGY_CONDITIONED_EIG,312001,537.637473543727,1.5199017313348364,302.85613206718637,44,0,0,0,44,12,4,15,1000,100
NO_PASSIVE,312002,560.29121881593,1.7003853342243906,445.27907653515393,0,0,0,0,53,12,4,15,1000,100
RANDOM,312002,10.230616237328174,0.5588786964515703,36.54140887899379,50,0,0,0,53,12,4,15,1000,100
HIGHEST_SNR,312002,10.733858008115412,0.535348805236714,36.545985832045545,50,0,0,0,53,12,4,15,1000,100
SHORTEST_PULSE,312002,9.421277601546485,0.5425421423380545,36.23907181891211,50,0,0,0,53,12,4,15,1000,100
METROLOGY_CONDITIONED_EIG,312002,9.733285787168588,0.5246694594216421,36.243978418266856,50,0,0,0,53,12,4,15,1000,100
NO_PASSIVE,312003,183.46267386447295,0.3187309416204878,445.27907653515393,0,0,0,0,47,12,4,15,1000,100
RANDOM,312003,70.44882521657426,0.501956274987227,101.12350108721049,34,1,0,0,47,12,4,15,1000,100
HIGHEST_SNR,312003,109.95778293781176,0.5997051667692161,116.35208735165239,33,2,0,0,47,12,4,15,1000,100
SHORTEST_PULSE,312003,54.2926059318791,0.14939845591454282,95.48627810656357,34,1,0,0,47,12,4,15,1000,100
METROLOGY_CONDITIONED_EIG,312003,65.57618430451669,0.6196318385336083,97.51664519890419,34,1,0,0,47,12,4,15,1000,100
NO_PASSIVE,312004,729.2070512941466,3.51777806593327,445.27907653515393,0,0,0,0,42,12,4,15,1000,100
RANDOM,312004,91.05717171244011,1.5451059469419528,39.505348693198364,28,0,0,0,42,12,4,15,1000,100
HIGHEST_SNR,312004,90.61392836375259,1.5256628613520034,39.288779510341115,28,0,0,0,42,12,4,15,1000,100
SHORTEST_PULSE,312004,90.17235541044109,2.1244495376580006,43.92215489958731,28,0,0,0,42,12,4,15,1000,100
METROLOGY_CONDITIONED_EIG,312004,85.10066761217529,1.48548317408266,39.07593446203763,28,0,0,0,42,12,4,15,1000,100
NO_PASSIVE,312005,409.7421195561,3.173184218886253,445.27907653515393,0,0,0,0,58,12,4,15,1000,100
RANDOM,312005,70.92749219217359,1.64157098691665,67.89812160245059,24,0,0,0,58,12,4,15,1000,100
HIGHEST_SNR,312005,172.9112053855218,2.9348843175617274,190.6168037462085,24,0,0,0,58,12,4,15,1000,100
SHORTEST_PULSE,312005,40.420761540559965,3.3286025535039108,120.34523129435011,24,0,0,0,58,12,4,15,1000,100
METROLOGY_CONDITIONED_EIG,312005,30.423494530966817,1.4474117803146513,50.65054314316848,24,0,0,0,58,12,4,15,1000,100
NO_PASSIVE,312006,598.1094663759018,4.174166417600759,445.27907653515393,0,0,0,0,44,12,4,15,1000,100
RANDOM,312006,42.178908744210005,1.2415025324702247,38.86660263939761,40,0,0,0,44,12,4,15,1000,100
HIGHEST_SNR,312006,17.945383663618436,0.7178923209945577,36.85822101708298,40,0,0,0,44,12,4,15,1000,100
SHORTEST_PULSE,312006,41.67779609595921,1.294400367180076,38.984427268296024,40,0,0,0,44,12,4,15,1000,100
METROLOGY_CONDITIONED_EIG,312006,17.04689997248616,0.7395979053978802,36.62096848122833,40,0,0,0,44,12,4,15,1000,100
NO_PASSIVE,312007,290.8923994688242,3.756261432185545,445.27907653515393,0,0,0,0,70,12,4,15,1000,100
RANDOM,312007,164.61762815335263,3.590063841602149,192.08924056247346,46,1,0,0,70,12,4,15,1000,100
HIGHEST_SNR,312007,298.72460707829845,3.7203794408826707,219.0432362531154,45,2,0,0,70,12,4,15,1000,100
SHORTEST_PULSE,312007,114.32309730564423,3.735826755604757,213.56128182066365,46,1,0,0,70,12,4,15,1000,100
METROLOGY_CONDITIONED_EIG,312007,117.59737932583904,3.4953913563440673,189.8887587653967,46,1,0,0,70,12,4,15,1000,100
NO_PASSIVE,312008,186.8786874680137,2.3258138998014024,445.27907653515393,0,0,0,0,31,12,4,15,1000,100
RANDOM,312008,83.4297248547645,1.9915916132253366,57.90321179901417,23,0,0,0,31,12,4,15,1000,100
HIGHEST_SNR,312008,64.88289310844341,2.355193367825359,65.14031055034977,22,1,0,0,31,12,4,15,1000,100
SHORTEST_PULSE,312008,86.09794128628687,1.867473306876958,57.285292930777224,23,0,0,0,31,12,4,15,1000,100
METROLOGY_CONDITIONED_EIG,312008,96.71652996629962,2.2570437964376366,58.28604744704708,23,0,0,0,31,12,4,15,1000,100
NO_PASSIVE,312009,303.7833697459691,2.7418321241364563,445.27907653515393,0,0,0,0,30,12,4,15,1000,100
RANDOM,312009,38.39804058210131,1.335809532732002,44.83691298629967,30,0,0,0,30,12,4,15,1000,100
HIGHEST_SNR,312009,38.39804058210131,1.335809532732002,44.83691298629967,30,0,0,0,30,12,4,15,1000,100
SHORTEST_PULSE,312009,38.39804058210131,1.335809532732002,44.83691298629967,30,0,0,0,30,12,4,15,1000,100
METROLOGY_CONDITIONED_EIG,312009,38.39804058210131,1.335809532732002,44.83691298629967,30,0,0,0,30,12,4,15,1000,100
NO_PASSIVE,312010,503.64789156777346,0.9294642450268074,445.27907653515393,0,0,0,0,56,12,4,15,1000,100
RANDOM,312010,44.370923505678746,1.6361311722560279,28.74465304389094,40,0,0,0,56,12,4,15,1000,100
HIGHEST_SNR,312010,46.2662622526364,1.5265050751266889,28.82875425823819,40,0,0,0,56,12,4,15,1000,100
SHORTEST_PULSE,312010,7.49114869698778,0.7561591656240266,27.517650560198,40,0,0,0,56,12,4,15,1000,100
METROLOGY_CONDITIONED_EIG,312010,45.09146319731156,1.414642825862085,26.730667804398106,40,0,0,0,56,12,4,15,1000,100
NO_PASSIVE,312011,91.3877939765737,1.7479792014191327,445.27907653515393,0,0,0,0,34,12,4,15,1000,100
RANDOM,312011,66.33063773960087,0.6992031695252976,52.83612739823136,23,1,0,0,34,12,4,15,1000,100
HIGHEST_SNR,312011,193.30242801545126,0.7832609603036393,313.4870814626477,23,1,0,0,34,12,4,15,1000,100
SHORTEST_PULSE,312011,62.77764733974282,1.0038637792844356,52.13883079865426,23,1,0,0,34,12,4,15,1000,100
METROLOGY_CONDITIONED_EIG,312011,66.32062655612076,0.8016997854927316,52.863482032604566,23,1,0,0,34,12,4,15,1000,100
NO_PASSIVE,312012,451.4100652974926,3.360749493332902,445.27907653515393,0,0,0,0,45,12,4,15,1000,100
RANDOM,312012,57.89509790007039,1.3905466840065412,63.50275273946118,25,0,0,0,45,12,4,15,1000,100
HIGHEST_SNR,312012,110.40628788728804,2.802481497159593,219.42131937564963,25,0,0,0,45,12,4,15,1000,100
SHORTEST_PULSE,312012,43.400207593774404,0.910177459441601,53.399424189936624,25,0,0,0,45,12,4,15,1000,100
METROLOGY_CONDITIONED_EIG,312012,46.027337832356125,1.1743474192284846,54.25996529786148,25,0,0,0,45,12,4,15,1000,100
NO_PASSIVE,312013,736.2730286947119,1.3195769324526514,445.27907653515393,0,0,0,0,71,12,4,15,1000,100
RANDOM,312013,34.28769770757555,1.800260284258677,49.477576494364726,59,0,0,0,71,12,4,15,1000,100
HIGHEST_SNR,312013,22.68631059445811,1.132782179639812,51.69299807271207,59,0,0,0,71,12,4,15,1000,100
SHORTEST_PULSE,312013,27.114824628642683,1.5224111988117075,48.61271477316838,59,0,0,0,71,12,4,15,1000,100
METROLOGY_CONDITIONED_EIG,312013,27.114824628642683,1.5224111988117075,48.61271477316838,59,0,0,0,71,12,4,15,1000,100
NO_PASSIVE,312014,621.5757573561636,2.0855379230705875,445.27907653515393,0,0,0,0,10,12,4,15,1000,100
RANDOM,312014,550.8279275372698,2.0120133256087502,314.08969089759717,10,0,0,0,10,12,4,15,1000,100
HIGHEST_SNR,312014,550.8279275372698,2.0120133256087502,314.08969089759717,10,0,0,0,10,12,4,15,1000,100
SHORTEST_PULSE,312014,550.8279275372698,2.0120133256087502,314.08969089759717,10,0,0,0,10,12,4,15,1000,100
METROLOGY_CONDITIONED_EIG,312014,550.8279275372698,2.0120133256087502,314.08969089759717,10,0,0,0,10,12,4,15,1000,100
NO_PASSIVE,312015,421.94395741693853,2.510883019151405,445.27907653515393,0,0,0,0,79,12,4,15,1000,100
RANDOM,312015,48.095168104762635,1.4568738644066528,35.764549418701286,55,2,0,0,79,12,4,15,1000,100
HIGHEST_SNR,312015,52.117064984316464,1.4539532436767708,35.284231377837614,55,2,0,0,79,12,4,15,1000,100
SHORTEST_PULSE,312015,51.68481141658183,1.4028189729927805,34.62560667615831,55,2,0,0,79,12,4,15,1000,100
METROLOGY_CONDITIONED_EIG,312015,54.96230067936742,1.6242018998513914,35.26633301150392,55,2,0,0,79,12,4,15,1000,100
NO_PASSIVE,312016,350.578515664356,1.2682987566169592,445.27907653515393,0,0,0,0,86,12,4,15,1000,100
RANDOM,312016,17.511216870092376,0.9836320319708495,50.57540503799214,58,0,0,0,86,12,4,15,1000,100
HIGHEST_SNR,312016,10.90348996667383,0.4047462071113215,65.34091174568961,58,0,0,0,86,12,4,15,1000,100
SHORTEST_PULSE,312016,20.374267300722533,0.8185580668012031,46.55304414269762,58,0,0,0,86,12,4,15,1000,100
METROLOGY_CONDITIONED_EIG,312016,20.374267300722533,0.8185580668012031,46.55304414269762,58,0,0,0,86,12,4,15,1000,100
NO_PASSIVE,312017,67.31267253789704,1.1302203429001179,445.27907653515393,0,0,0,0,45,12,4,15,1000,100
RANDOM,312017,17.095348719587808,0.6404631508935498,23.700689776277013,34,0,0,0,45,12,4,15,1000,100
HIGHEST_SNR,312017,3.0593111103720987,0.19156449306463078,24.225748471471686,34,0,0,0,45,12,4,15,1000,100
SHORTEST_PULSE,312017,22.234290592046804,1.0035318535276943,23.84049993298873,34,0,0,0,45,12,4,15,1000,100
METROLOGY_CONDITIONED_EIG,312017,19.20636512240755,0.957731397932159,22.9032886633698,34,0,0,0,45,12,4,15,1000,100
NO_PASSIVE,312018,401.13260621927674,1.361361101966574,445.27907653515393,0,0,0,0,10,12,4,15,1000,100
RANDOM,312018,84.06402173591962,1.1889055628743463,307.25194242607927,9,0,0,0,10,12,4,15,1000,100
HIGHEST_SNR,312018,84.06402173591962,1.1889055628743463,307.25194242607927,9,0,0,0,10,12,4,15,1000,100
SHORTEST_PULSE,312018,13.083514110356543,1.3485542587068917,310.5969775094742,9,0,0,0,10,12,4,15,1000,100
METROLOGY_CONDITIONED_EIG,312018,84.06402173591962,1.1889055628743463,307.25194242607927,9,0,0,0,10,12,4,15,1000,100
NO_PASSIVE,312019,465.1839502403748,1.6909183716224312,445.27907653515393,0,0,0,0,47,12,4,15,1000,100
RANDOM,312019,43.46313273876022,1.8897168206350126,54.28136150397429,47,0,0,0,47,12,4,15,1000,100
HIGHEST_SNR,312019,43.46313273876022,1.8897168206350126,54.28136150397429,47,0,0,0,47,12,4,15,1000,100
SHORTEST_PULSE,312019,43.46313273876022,1.8897168206350126,54.28136150397429,47,0,0,0,47,12,4,15,1000,100
METROLOGY_CONDITIONED_EIG,312019,43.46313273876022,1.8897168206350126,54.28136150397429,47,0,0,0,47,12,4,15,1000,100
NO_PASSIVE,312020,272.821443374087,0.5701895937771247,445.27907653515393,0,0,0,0,6,12,4,15,1000,100
RANDOM,312020,186.08203665716877,0.6750148647125097,310.27054784747696,6,0,0,0,6,12,4,15,1000,100
HIGHEST_SNR,312020,186.08203665716877,0.6750148647125097,310.27054784747696,6,0,0,0,6,12,4,15,1000,100
SHORTEST_PULSE,312020,186.08203665716877,0.6750148647125097,310.27054784747696,6,0,0,0,6,12,4,15,1000,100
METROLOGY_CONDITIONED_EIG,312020,186.08203665716877,0.6750148647125097,310.27054784747696,6,0,0,0,6,12,4,15,1000,100
NO_PASSIVE,312021,116.67930257025442,2.0032877423336224,445.27907653515393,0,0,0,0,2,12,4,15,1000,100
RANDOM,312021,139.18538873535536,1.8225217981102082,314.4016076835156,2,0,0,0,2,12,4,15,1000,100
HIGHEST_SNR,312021,139.18538873535536,1.8225217981102082,314.4016076835156,2,0,0,0,2,12,4,15,1000,100
SHORTEST_PULSE,312021,139.18538873535536,1.8225217981102082,314.4016076835156,2,0,0,0,2,12,4,15,1000,100
METROLOGY_CONDITIONED_EIG,312021,139.18538873535536,1.8225217981102082,314.4016076835156,2,0,0,0,2,12,4,15,1000,100
NO_PASSIVE,312022,186.25423699475942,0.38355234527478704,445.27907653515393,0,0,0,0,0,12,4,15,1000,100
RANDOM,312022,186.25423699475942,0.38355234527478704,445.27907653515393,0,0,0,0,0,12,4,15,1000,100
HIGHEST_SNR,312022,186.25423699475942,0.38355234527478704,445.27907653515393,0,0,0,0,0,12,4,15,1000,100
SHORTEST_PULSE,312022,186.25423699475942,0.38355234527478704,445.27907653515393,0,0,0,0,0,12,4,15,1000,100
METROLOGY_CONDITIONED_EIG,312022,186.25423699475942,0.38355234527478704,445.27907653515393,0,0,0,0,0,12,4,15,1000,100
NO_PASSIVE,312023,254.88354229012955,1.7189914966924262,445.27907653515393,0,0,0,0,22,12,4,15,1000,100
RANDOM,312023,47.448563248312176,1.4504198892739104,40.80949011590379,21,0,0,0,22,12,4,15,1000,100
HIGHEST_SNR,312023,45.08371470643588,1.344114268958948,39.18797311720632,21,0,0,0,22,12,4,15,1000,100
SHORTEST_PULSE,312023,47.448563248312176,1.4504198892739104,40.80949011590379,21,0,0,0,22,12,4,15,1000,100
METROLOGY_CONDITIONED_EIG,312023,47.448563248312176,1.4504198892739104,40.80949011590379,21,0,0,0,22,12,4,15,1000,100
NO_PASSIVE,312024,233.05537585334991,1.976934641743519,445.27907653515393,0,0,0,0,46,12,4,15,1000,100
RANDOM,312024,108.85958673178742,1.652694864287921,56.04505246615379,36,0,0,0,46,12,4,15,1000,100
HIGHEST_SNR,312024,37.905980426579944,0.6512919977391133,49.25894981328762,35,1,0,0,46,12,4,15,1000,100
SHORTEST_PULSE,312024,150.62835199806142,1.4600468598790945,59.29090673600367,35,1,0,0,46,12,4,15,1000,100
METROLOGY_CONDITIONED_EIG,312024,25.461660696339393,0.7442832623632167,48.872525430644764,36,0,0,0,46,12,4,15,1000,100
NO_PASSIVE,312025,39.88017484193359,1.3065807663394575,445.27907653515393,0,0,0,0,46,12,4,15,1000,100
RANDOM,312025,49.62478205715017,0.5675861907365437,40.57364926537349,45,1,0,0,46,12,4,15,1000,100
HIGHEST_SNR,312025,49.62478205715017,0.5675861907365437,40.57364926537349,45,1,0,0,46,12,4,15,1000,100
SHORTEST_PULSE,312025,49.62478205715017,0.5675861907365437,40.57364926537349,45,1,0,0,46,12,4,15,1000,100
METROLOGY_CONDITIONED_EIG,312025,49.62478205715017,0.5675861907365437,40.57364926537349,45,1,0,0,46,12,4,15,1000,100
NO_PASSIVE,312026,1018.4416723525399,0.6765612975201755,445.27907653515393,0,0,0,0,40,12,4,15,1000,100
RANDOM,312026,1000.0109956391947,0.4402276795250567,313.1402942768502,19,13,0,0,40,12,4,15,1000,100
HIGHEST_SNR,312026,1005.3856425197444,0.4884402822683068,313.00016126280497,22,10,0,0,40,12,4,15,1000,100
SHORTEST_PULSE,312026,969.6868525255587,0.253633203303543,314.08537497138104,14,18,0,0,40,12,4,15,1000,100
METROLOGY_CONDITIONED_EIG,312026,969.6868525255587,0.253633203303543,314.08537497138104,14,18,0,0,40,12,4,15,1000,100
NO_PASSIVE,312027,534.842120725394,2.2983371847127634,445.27907653515393,0,0,0,0,23,12,4,15,1000,100
RANDOM,312027,567.6811239460511,2.420001449874258,313.7578929051007,23,0,0,0,23,12,4,15,1000,100
HIGHEST_SNR,312027,567.6811239460511,2.420001449874258,313.7578929051007,23,0,0,0,23,12,4,15,1000,100
SHORTEST_PULSE,312027,567.6811239460511,2.420001449874258,313.7578929051007,23,0,0,0,23,12,4,15,1000,100
METROLOGY_CONDITIONED_EIG,312027,567.6811239460511,2.420001449874258,313.7578929051007,23,0,0,0,23,12,4,15,1000,100
NO_PASSIVE,312028,97.97191658362989,0.34978082223341994,445.27907653515393,0,0,0,0,48,12,4,15,1000,100
RANDOM,312028,92.20877000849723,0.5417832092654388,63.33795851799457,46,1,0,0,48,12,4,15,1000,100
HIGHEST_SNR,312028,158.7736127559888,0.5038565893136053,68.61540431313158,46,1,0,0,48,12,4,15,1000,100
SHORTEST_PULSE,312028,92.20877000849723,0.5417832092654388,63.33795851799457,46,1,0,0,48,12,4,15,1000,100
METROLOGY_CONDITIONED_EIG,312028,92.20877000849723,0.5417832092654388,63.33795851799457,46,1,0,0,48,12,4,15,1000,100
NO_PASSIVE,312029,147.2257916041261,2.3358222034718445,445.27907653515393,0,0,0,0,68,12,4,15,1000,100
RANDOM,312029,98.86058154505812,1.8519689944381037,71.6041269103218,36,0,0,0,68,12,4,15,1000,100
HIGHEST_SNR,312029,57.68145797279699,2.3951872349949284,80.52741266935863,35,1,0,0,68,12,4,15,1000,100
SHORTEST_PULSE,312029,85.67151001531087,2.1105575875036644,109.91304692206893,34,2,0,0,68,12,4,15,1000,100
METROLOGY_CONDITIONED_EIG,312029,66.03407459036127,2.1377942895643334,67.66397299126331,35,1,0,0,68,12,4,15,1000,100
NO_PASSIVE,313000,237.8899582837631,1.21040264647137,445.27907653515393,0,0,0,0,0,13,4,25,10,30
RANDOM,313000,237.8899582837631,1.21040264647137,445.27907653515393,0,0,0,0,0,13,4,25,10,30
HIGHEST_SNR,313000,237.8899582837631,1.21040264647137,445.27907653515393,0,0,0,0,0,13,4,25,10,30
SHORTEST_PULSE,313000,237.8899582837631,1.21040264647137,445.27907653515393,0,0,0,0,0,13,4,25,10,30
METROLOGY_CONDITIONED_EIG,313000,237.8899582837631,1.21040264647137,445.27907653515393,0,0,0,0,0,13,4,25,10,30
NO_PASSIVE,313001,33.00621678125948,2.6610570406551033,445.27907653515393,0,0,0,0,0,13,4,25,10,30
RANDOM,313001,33.00621678125948,2.6610570406551033,445.27907653515393,0,0,0,0,0,13,4,25,10,30
HIGHEST_SNR,313001,33.00621678125948,2.6610570406551033,445.27907653515393,0,0,0,0,0,13,4,25,10,30
SHORTEST_PULSE,313001,33.00621678125948,2.6610570406551033,445.27907653515393,0,0,0,0,0,13,4,25,10,30
METROLOGY_CONDITIONED_EIG,313001,33.00621678125948,2.6610570406551033,445.27907653515393,0,0,0,0,0,13,4,25,10,30
NO_PASSIVE,313002,770.1037701632426,1.8840876312372121,445.27907653515393,0,0,0,0,0,13,4,25,10,30
RANDOM,313002,770.1037701632426,1.8840876312372121,445.27907653515393,0,0,0,0,0,13,4,25,10,30
HIGHEST_SNR,313002,770.1037701632426,1.8840876312372121,445.27907653515393,0,0,0,0,0,13,4,25,10,30
SHORTEST_PULSE,313002,770.1037701632426,1.8840876312372121,445.27907653515393,0,0,0,0,0,13,4,25,10,30
METROLOGY_CONDITIONED_EIG,313002,770.1037701632426,1.8840876312372121,445.27907653515393,0,0,0,0,0,13,4,25,10,30
NO_PASSIVE,313003,252.02952477330444,3.008474510051995,445.27907653515393,0,0,0,0,0,13,4,25,10,30
RANDOM,313003,252.02952477330444,3.008474510051995,445.27907653515393,0,0,0,0,0,13,4,25,10,30
HIGHEST_SNR,313003,252.02952477330444,3.008474510051995,445.27907653515393,0,0,0,0,0,13,4,25,10,30
SHORTEST_PULSE,313003,252.02952477330444,3.008474510051995,445.27907653515393,0,0,0,0,0,13,4,25,10,30
METROLOGY_CONDITIONED_EIG,313003,252.02952477330444,3.008474510051995,445.27907653515393,0,0,0,0,0,13,4,25,10,30
NO_PASSIVE,313004,367.0716247968673,1.1735696112300555,445.27907653515393,0,0,0,0,0,13,4,25,10,30
RANDOM,313004,367.0716247968673,1.1735696112300555,445.27907653515393,0,0,0,0,0,13,4,25,10,30
HIGHEST_SNR,313004,367.0716247968673,1.1735696112300555,445.27907653515393,0,0,0,0,0,13,4,25,10,30
SHORTEST_PULSE,313004,367.0716247968673,1.1735696112300555,445.27907653515393,0,0,0,0,0,13,4,25,10,30
METROLOGY_CONDITIONED_EIG,313004,367.0716247968673,1.1735696112300555,445.27907653515393,0,0,0,0,0,13,4,25,10,30
NO_PASSIVE,313005,609.341243150081,2.6921684818210725,445.27907653515393,0,0,0,0,0,13,4,25,10,30
RANDOM,313005,609.341243150081,2.6921684818210725,445.27907653515393,0,0,0,0,0,13,4,25,10,30
HIGHEST_SNR,313005,609.341243150081,2.6921684818210725,445.27907653515393,0,0,0,0,0,13,4,25,10,30
SHORTEST_PULSE,313005,609.341243150081,2.6921684818210725,445.27907653515393,0,0,0,0,0,13,4,25,10,30
METROLOGY_CONDITIONED_EIG,313005,609.341243150081,2.6921684818210725,445.27907653515393,0,0,0,0,0,13,4,25,10,30
NO_PASSIVE,313006,266.96480955806356,1.2531020736329928,445.27907653515393,0,0,0,0,0,13,4,25,10,30
RANDOM,313006,266.96480955806356,1.2531020736329928,445.27907653515393,0,0,0,0,0,13,4,25,10,30
HIGHEST_SNR,313006,266.96480955806356,1.2531020736329928,445.27907653515393,0,0,0,0,0,13,4,25,10,30
SHORTEST_PULSE,313006,266.96480955806356,1.2531020736329928,445.27907653515393,0,0,0,0,0,13,4,25,10,30
METROLOGY_CONDITIONED_EIG,313006,266.96480955806356,1.2531020736329928,445.27907653515393,0,0,0,0,0,13,4,25,10,30
NO_PASSIVE,313007,452.55287052850696,3.1938500517360504,445.27907653515393,0,0,0,0,0,13,4,25,10,30
RANDOM,313007,452.55287052850696,3.1938500517360504,445.27907653515393,0,0,0,0,0,13,4,25,10,30
HIGHEST_SNR,313007,452.55287052850696,3.1938500517360504,445.27907653515393,0,0,0,0,0,13,4,25,10,30
SHORTEST_PULSE,313007,452.55287052850696,3.1938500517360504,445.27907653515393,0,0,0,0,0,13,4,25,10,30
METROLOGY_CONDITIONED_EIG,313007,452.55287052850696,3.1938500517360504,445.27907653515393,0,0,0,0,0,13,4,25,10,30
NO_PASSIVE,313008,79.36299950474871,0.9345977812694379,445.27907653515393,0,0,0,0,0,13,4,25,10,30
RANDOM,313008,79.36299950474871,0.9345977812694379,445.27907653515393,0,0,0,0,0,13,4,25,10,30
HIGHEST_SNR,313008,79.36299950474871,0.9345977812694379,445.27907653515393,0,0,0,0,0,13,4,25,10,30
SHORTEST_PULSE,313008,79.36299950474871,0.9345977812694379,445.27907653515393,0,0,0,0,0,13,4,25,10,30
METROLOGY_CONDITIONED_EIG,313008,79.36299950474871,0.9345977812694379,445.27907653515393,0,0,0,0,0,13,4,25,10,30
NO_PASSIVE,313009,392.15824935809803,3.640024966635331,445.27907653515393,0,0,0,0,0,13,4,25,10,30
RANDOM,313009,392.15824935809803,3.640024966635331,445.27907653515393,0,0,0,0,0,13,4,25,10,30
HIGHEST_SNR,313009,392.15824935809803,3.640024966635331,445.27907653515393,0,0,0,0,0,13,4,25,10,30
SHORTEST_PULSE,313009,392.15824935809803,3.640024966635331,445.27907653515393,0,0,0,0,0,13,4,25,10,30
METROLOGY_CONDITIONED_EIG,313009,392.15824935809803,3.640024966635331,445.27907653515393,0,0,0,0,0,13,4,25,10,30
NO_PASSIVE,313010,107.20126649464724,1.6244539324510974,445.27907653515393,0,0,0,0,0,13,4,25,10,30
RANDOM,313010,107.20126649464724,1.6244539324510974,445.27907653515393,0,0,0,0,0,13,4,25,10,30
HIGHEST_SNR,313010,107.20126649464724,1.6244539324510974,445.27907653515393,0,0,0,0,0,13,4,25,10,30
SHORTEST_PULSE,313010,107.20126649464724,1.6244539324510974,445.27907653515393,0,0,0,0,0,13,4,25,10,30
METROLOGY_CONDITIONED_EIG,313010,107.20126649464724,1.6244539324510974,445.27907653515393,0,0,0,0,0,13,4,25,10,30
NO_PASSIVE,313011,462.13782472676775,0.6118668749872029,445.27907653515393,0,0,0,0,0,13,4,25,10,30
RANDOM,313011,462.13782472676775,0.6118668749872029,445.27907653515393,0,0,0,0,0,13,4,25,10,30
HIGHEST_SNR,313011,462.13782472676775,0.6118668749872029,445.27907653515393,0,0,0,0,0,13,4,25,10,30
SHORTEST_PULSE,313011,462.13782472676775,0.6118668749872029,445.27907653515393,0,0,0,0,0,13,4,25,10,30
METROLOGY_CONDITIONED_EIG,313011,462.13782472676775,0.6118668749872029,445.27907653515393,0,0,0,0,0,13,4,25,10,30
NO_PASSIVE,313012,66.36622243463171,1.3966693454982833,445.27907653515393,0,0,0,0,0,13,4,25,10,30
RANDOM,313012,66.36622243463171,1.3966693454982833,445.27907653515393,0,0,0,0,0,13,4,25,10,30
HIGHEST_SNR,313012,66.36622243463171,1.3966693454982833,445.27907653515393,0,0,0,0,0,13,4,25,10,30
SHORTEST_PULSE,313012,66.36622243463171,1.3966693454982833,445.27907653515393,0,0,0,0,0,13,4,25,10,30
METROLOGY_CONDITIONED_EIG,313012,66.36622243463171,1.3966693454982833,445.27907653515393,0,0,0,0,0,13,4,25,10,30
NO_PASSIVE,313013,730.6241942745795,3.1478310621587817,445.27907653515393,0,0,0,0,0,13,4,25,10,30
RANDOM,313013,730.6241942745795,3.1478310621587817,445.27907653515393,0,0,0,0,0,13,4,25,10,30
HIGHEST_SNR,313013,730.6241942745795,3.1478310621587817,445.27907653515393,0,0,0,0,0,13,4,25,10,30
SHORTEST_PULSE,313013,730.6241942745795,3.1478310621587817,445.27907653515393,0,0,0,0,0,13,4,25,10,30
METROLOGY_CONDITIONED_EIG,313013,730.6241942745795,3.1478310621587817,445.27907653515393,0,0,0,0,0,13,4,25,10,30
NO_PASSIVE,313014,227.1115383499292,3.6599803756603353,445.27907653515393,0,0,0,0,0,13,4,25,10,30
RANDOM,313014,227.1115383499292,3.6599803756603353,445.27907653515393,0,0,0,0,0,13,4,25,10,30
HIGHEST_SNR,313014,227.1115383499292,3.6599803756603353,445.27907653515393,0,0,0,0,0,13,4,25,10,30
SHORTEST_PULSE,313014,227.1115383499292,3.6599803756603353,445.27907653515393,0,0,0,0,0,13,4,25,10,30
METROLOGY_CONDITIONED_EIG,313014,227.1115383499292,3.6599803756603353,445.27907653515393,0,0,0,0,0,13,4,25,10,30
NO_PASSIVE,313015,385.72271909669433,1.482692660932243,445.27907653515393,0,0,0,0,0,13,4,25,10,30
RANDOM,313015,385.72271909669433,1.482692660932243,445.27907653515393,0,0,0,0,0,13,4,25,10,30
HIGHEST_SNR,313015,385.72271909669433,1.482692660932243,445.27907653515393,0,0,0,0,0,13,4,25,10,30
SHORTEST_PULSE,313015,385.72271909669433,1.482692660932243,445.27907653515393,0,0,0,0,0,13,4,25,10,30
METROLOGY_CONDITIONED_EIG,313015,385.72271909669433,1.482692660932243,445.27907653515393,0,0,0,0,0,13,4,25,10,30
NO_PASSIVE,313016,511.38157085577166,2.8586820110686513,445.27907653515393,0,0,0,0,0,13,4,25,10,30
RANDOM,313016,511.38157085577166,2.8586820110686513,445.27907653515393,0,0,0,0,0,13,4,25,10,30
HIGHEST_SNR,313016,511.38157085577166,2.8586820110686513,445.27907653515393,0,0,0,0,0,13,4,25,10,30
SHORTEST_PULSE,313016,511.38157085577166,2.8586820110686513,445.27907653515393,0,0,0,0,0,13,4,25,10,30
METROLOGY_CONDITIONED_EIG,313016,511.38157085577166,2.8586820110686513,445.27907653515393,0,0,0,0,0,13,4,25,10,30
NO_PASSIVE,313017,266.6260406386504,2.315349841740474,445.27907653515393,0,0,0,0,0,13,4,25,10,30
RANDOM,313017,266.6260406386504,2.315349841740474,445.27907653515393,0,0,0,0,0,13,4,25,10,30
HIGHEST_SNR,313017,266.6260406386504,2.315349841740474,445.27907653515393,0,0,0,0,0,13,4,25,10,30
SHORTEST_PULSE,313017,266.6260406386504,2.315349841740474,445.27907653515393,0,0,0,0,0,13,4,25,10,30
METROLOGY_CONDITIONED_EIG,313017,266.6260406386504,2.315349841740474,445.27907653515393,0,0,0,0,0,13,4,25,10,30
NO_PASSIVE,313018,284.21234892133975,2.2324978508441027,445.27907653515393,0,0,0,0,8,13,4,25,10,30
RANDOM,313018,298.6809633851834,2.447217241508188,274.00665295973636,8,0,0,0,8,13,4,25,10,30
HIGHEST_SNR,313018,298.6809633851834,2.447217241508188,274.00665295973636,8,0,0,0,8,13,4,25,10,30
SHORTEST_PULSE,313018,298.6809633851834,2.447217241508188,274.00665295973636,8,0,0,0,8,13,4,25,10,30
METROLOGY_CONDITIONED_EIG,313018,298.6809633851834,2.447217241508188,274.00665295973636,8,0,0,0,8,13,4,25,10,30
NO_PASSIVE,313019,174.93623127642263,3.714870134663863,445.27907653515393,0,0,0,0,0,13,4,25,10,30
RANDOM,313019,174.93623127642263,3.714870134663863,445.27907653515393,0,0,0,0,0,13,4,25,10,30
HIGHEST_SNR,313019,174.93623127642263,3.714870134663863,445.27907653515393,0,0,0,0,0,13,4,25,10,30
SHORTEST_PULSE,313019,174.93623127642263,3.714870134663863,445.27907653515393,0,0,0,0,0,13,4,25,10,30
METROLOGY_CONDITIONED_EIG,313019,174.93623127642263,3.714870134663863,445.27907653515393,0,0,0,0,0,13,4,25,10,30
NO_PASSIVE,313020,605.4557580924851,3.774373076782065,445.27907653515393,0,0,0,0,0,13,4,25,10,30
RANDOM,313020,605.4557580924851,3.774373076782065,445.27907653515393,0,0,0,0,0,13,4,25,10,30
HIGHEST_SNR,313020,605.4557580924851,3.774373076782065,445.27907653515393,0,0,0,0,0,13,4,25,10,30
SHORTEST_PULSE,313020,605.4557580924851,3.774373076782065,445.27907653515393,0,0,0,0,0,13,4,25,10,30
METROLOGY_CONDITIONED_EIG,313020,605.4557580924851,3.774373076782065,445.27907653515393,0,0,0,0,0,13,4,25,10,30
NO_PASSIVE,313021,257.79086415338253,0.5572019277560059,445.27907653515393,0,0,0,0,0,13,4,25,10,30
RANDOM,313021,257.79086415338253,0.5572019277560059,445.27907653515393,0,0,0,0,0,13,4,25,10,30
HIGHEST_SNR,313021,257.79086415338253,0.5572019277560059,445.27907653515393,0,0,0,0,0,13,4,25,10,30
SHORTEST_PULSE,313021,257.79086415338253,0.5572019277560059,445.27907653515393,0,0,0,0,0,13,4,25,10,30
METROLOGY_CONDITIONED_EIG,313021,257.79086415338253,0.5572019277560059,445.27907653515393,0,0,0,0,0,13,4,25,10,30
NO_PASSIVE,313022,547.7495649193118,1.8866765038337452,445.27907653515393,0,0,0,0,0,13,4,25,10,30
RANDOM,313022,547.7495649193118,1.8866765038337452,445.27907653515393,0,0,0,0,0,13,4,25,10,30
HIGHEST_SNR,313022,547.7495649193118,1.8866765038337452,445.27907653515393,0,0,0,0,0,13,4,25,10,30
SHORTEST_PULSE,313022,547.7495649193118,1.8866765038337452,445.27907653515393,0,0,0,0,0,13,4,25,10,30
METROLOGY_CONDITIONED_EIG,313022,547.7495649193118,1.8866765038337452,445.27907653515393,0,0,0,0,0,13,4,25,10,30
NO_PASSIVE,313023,373.0616841161284,2.484634598527413,445.27907653515393,0,0,0,0,0,13,4,25,10,30
RANDOM,313023,373.0616841161284,2.484634598527413,445.27907653515393,0,0,0,0,0,13,4,25,10,30
HIGHEST_SNR,313023,373.0616841161284,2.484634598527413,445.27907653515393,0,0,0,0,0,13,4,25,10,30
SHORTEST_PULSE,313023,373.0616841161284,2.484634598527413,445.27907653515393,0,0,0,0,0,13,4,25,10,30
METROLOGY_CONDITIONED_EIG,313023,373.0616841161284,2.484634598527413,445.27907653515393,0,0,0,0,0,13,4,25,10,30
NO_PASSIVE,313024,530.3552506820397,0.631293082842647,445.27907653515393,0,0,0,0,1,13,4,25,10,30
RANDOM,313024,468.3553652483615,0.9255598360388128,318.8007968560717,1,0,0,0,1,13,4,25,10,30
HIGHEST_SNR,313024,468.3553652483615,0.9255598360388128,318.8007968560717,1,0,0,0,1,13,4,25,10,30
SHORTEST_PULSE,313024,468.3553652483615,0.9255598360388128,318.8007968560717,1,0,0,0,1,13,4,25,10,30
METROLOGY_CONDITIONED_EIG,313024,468.3553652483615,0.9255598360388128,318.8007968560717,1,0,0,0,1,13,4,25,10,30
NO_PASSIVE,313025,613.8809208922103,2.00792594300671,445.27907653515393,0,0,0,0,0,13,4,25,10,30
RANDOM,313025,613.8809208922103,2.00792594300671,445.27907653515393,0,0,0,0,0,13,4,25,10,30
HIGHEST_SNR,313025,613.8809208922103,2.00792594300671,445.27907653515393,0,0,0,0,0,13,4,25,10,30
SHORTEST_PULSE,313025,613.8809208922103,2.00792594300671,445.27907653515393,0,0,0,0,0,13,4,25,10,30
METROLOGY_CONDITIONED_EIG,313025,613.8809208922103,2.00792594300671,445.27907653515393,0,0,0,0,0,13,4,25,10,30
NO_PASSIVE,313026,259.8948938626665,1.2475192285316326,445.27907653515393,0,0,0,0,1,13,4,25,10,30
RANDOM,313026,261.7442967680562,1.243618283062985,370.38427318272244,1,0,0,0,1,13,4,25,10,30
HIGHEST_SNR,313026,261.7442967680562,1.243618283062985,370.38427318272244,1,0,0,0,1,13,4,25,10,30
SHORTEST_PULSE,313026,261.7442967680562,1.243618283062985,370.38427318272244,1,0,0,0,1,13,4,25,10,30
METROLOGY_CONDITIONED_EIG,313026,261.7442967680562,1.243618283062985,370.38427318272244,1,0,0,0,1,13,4,25,10,30
NO_PASSIVE,313027,470.26742109208465,2.4755248425606906,445.27907653515393,0,0,0,0,0,13,4,25,10,30
RANDOM,313027,470.26742109208465,2.4755248425606906,445.27907653515393,0,0,0,0,0,13,4,25,10,30
HIGHEST_SNR,313027,470.26742109208465,2.4755248425606906,445.27907653515393,0,0,0,0,0,13,4,25,10,30
SHORTEST_PULSE,313027,470.26742109208465,2.4755248425606906,445.27907653515393,0,0,0,0,0,13,4,25,10,30
METROLOGY_CONDITIONED_EIG,313027,470.26742109208465,2.4755248425606906,445.27907653515393,0,0,0,0,0,13,4,25,10,30
NO_PASSIVE,313028,251.89058955655878,2.13074286914902,445.27907653515393,0,0,0,0,14,13,4,25,10,30
RANDOM,313028,417.7791145181644,2.249803171905433,289.3770100771526,14,0,0,0,14,13,4,25,10,30
HIGHEST_SNR,313028,417.7791145181644,2.249803171905433,289.3770100771526,14,0,0,0,14,13,4,25,10,30
SHORTEST_PULSE,313028,417.7791145181644,2.249803171905433,289.3770100771526,14,0,0,0,14,13,4,25,10,30
METROLOGY_CONDITIONED_EIG,313028,417.7791145181644,2.249803171905433,289.3770100771526,14,0,0,0,14,13,4,25,10,30
NO_PASSIVE,313029,592.273908558655,0.8259024748272973,445.27907653515393,0,0,0,0,0,13,4,25,10,30
RANDOM,313029,592.273908558655,0.8259024748272973,445.27907653515393,0,0,0,0,0,13,4,25,10,30
HIGHEST_SNR,313029,592.273908558655,0.8259024748272973,445.27907653515393,0,0,0,0,0,13,4,25,10,30
SHORTEST_PULSE,313029,592.273908558655,0.8259024748272973,445.27907653515393,0,0,0,0,0,13,4,25,10,30
METROLOGY_CONDITIONED_EIG,313029,592.273908558655,0.8259024748272973,445.27907653515393,0,0,0,0,0,13,4,25,10,30
NO_PASSIVE,314000,626.2162535435137,1.8187228895894696,445.27907653515393,0,0,0,0,0,14,4,25,10,100
RANDOM,314000,626.2162535435137,1.8187228895894696,445.27907653515393,0,0,0,0,0,14,4,25,10,100
HIGHEST_SNR,314000,626.2162535435137,1.8187228895894696,445.27907653515393,0,0,0,0,0,14,4,25,10,100
SHORTEST_PULSE,314000,626.2162535435137,1.8187228895894696,445.27907653515393,0,0,0,0,0,14,4,25,10,100
METROLOGY_CONDITIONED_EIG,314000,626.2162535435137,1.8187228895894696,445.27907653515393,0,0,0,0,0,14,4,25,10,100
NO_PASSIVE,314001,84.90664237883267,1.2744387169946492,445.27907653515393,0,0,0,0,0,14,4,25,10,100
RANDOM,314001,84.90664237883267,1.2744387169946492,445.27907653515393,0,0,0,0,0,14,4,25,10,100
HIGHEST_SNR,314001,84.90664237883267,1.2744387169946492,445.27907653515393,0,0,0,0,0,14,4,25,10,100
SHORTEST_PULSE,314001,84.90664237883267,1.2744387169946492,445.27907653515393,0,0,0,0,0,14,4,25,10,100
METROLOGY_CONDITIONED_EIG,314001,84.90664237883267,1.2744387169946492,445.27907653515393,0,0,0,0,0,14,4,25,10,100
NO_PASSIVE,314002,411.5296430128299,2.344995458874037,445.27907653515393,0,0,0,0,0,14,4,25,10,100
RANDOM,314002,411.5296430128299,2.344995458874037,445.27907653515393,0,0,0,0,0,14,4,25,10,100
HIGHEST_SNR,314002,411.5296430128299,2.344995458874037,445.27907653515393,0,0,0,0,0,14,4,25,10,100
SHORTEST_PULSE,314002,411.5296430128299,2.344995458874037,445.27907653515393,0,0,0,0,0,14,4,25,10,100
METROLOGY_CONDITIONED_EIG,314002,411.5296430128299,2.344995458874037,445.27907653515393,0,0,0,0,0,14,4,25,10,100
NO_PASSIVE,314003,243.0329535611583,3.108147678026715,445.27907653515393,0,0,0,0,0,14,4,25,10,100
RANDOM,314003,243.0329535611583,3.108147678026715,445.27907653515393,0,0,0,0,0,14,4,25,10,100
HIGHEST_SNR,314003,243.0329535611583,3.108147678026715,445.27907653515393,0,0,0,0,0,14,4,25,10,100
SHORTEST_PULSE,314003,243.0329535611583,3.108147678026715,445.27907653515393,0,0,0,0,0,14,4,25,10,100
METROLOGY_CONDITIONED_EIG,314003,243.0329535611583,3.108147678026715,445.27907653515393,0,0,0,0,0,14,4,25,10,100
NO_PASSIVE,314004,215.19503064142725,0.7941891710535631,445.27907653515393,0,0,0,0,0,14,4,25,10,100
RANDOM,314004,215.19503064142725,0.7941891710535631,445.27907653515393,0,0,0,0,0,14,4,25,10,100
HIGHEST_SNR,314004,215.19503064142725,0.7941891710535631,445.27907653515393,0,0,0,0,0,14,4,25,10,100
SHORTEST_PULSE,314004,215.19503064142725,0.7941891710535631,445.27907653515393,0,0,0,0,0,14,4,25,10,100
METROLOGY_CONDITIONED_EIG,314004,215.19503064142725,0.7941891710535631,445.27907653515393,0,0,0,0,0,14,4,25,10,100
NO_PASSIVE,314005,761.9748751660619,1.8718278282022245,445.27907653515393,0,0,0,0,0,14,4,25,10,100
RANDOM,314005,761.9748751660619,1.8718278282022245,445.27907653515393,0,0,0,0,0,14,4,25,10,100
HIGHEST_SNR,314005,761.9748751660619,1.8718278282022245,445.27907653515393,0,0,0,0,0,14,4,25,10,100
SHORTEST_PULSE,314005,761.9748751660619,1.8718278282022245,445.27907653515393,0,0,0,0,0,14,4,25,10,100
METROLOGY_CONDITIONED_EIG,314005,761.9748751660619,1.8718278282022245,445.27907653515393,0,0,0,0,0,14,4,25,10,100
NO_PASSIVE,314006,230.4385305767142,1.8518942868851187,445.27907653515393,0,0,0,0,0,14,4,25,10,100
RANDOM,314006,230.4385305767142,1.8518942868851187,445.27907653515393,0,0,0,0,0,14,4,25,10,100
HIGHEST_SNR,314006,230.4385305767142,1.8518942868851187,445.27907653515393,0,0,0,0,0,14,4,25,10,100
SHORTEST_PULSE,314006,230.4385305767142,1.8518942868851187,445.27907653515393,0,0,0,0,0,14,4,25,10,100
METROLOGY_CONDITIONED_EIG,314006,230.4385305767142,1.8518942868851187,445.27907653515393,0,0,0,0,0,14,4,25,10,100
NO_PASSIVE,314007,668.601420237285,1.720105883732082,445.27907653515393,0,0,0,0,0,14,4,25,10,100
RANDOM,314007,668.601420237285,1.720105883732082,445.27907653515393,0,0,0,0,0,14,4,25,10,100
HIGHEST_SNR,314007,668.601420237285,1.720105883732082,445.27907653515393,0,0,0,0,0,14,4,25,10,100
SHORTEST_PULSE,314007,668.601420237285,1.720105883732082,445.27907653515393,0,0,0,0,0,14,4,25,10,100
METROLOGY_CONDITIONED_EIG,314007,668.601420237285,1.720105883732082,445.27907653515393,0,0,0,0,0,14,4,25,10,100
NO_PASSIVE,314008,296.92877240247265,1.8613901412471072,445.27907653515393,0,0,0,0,0,14,4,25,10,100
RANDOM,314008,296.92877240247265,1.8613901412471072,445.27907653515393,0,0,0,0,0,14,4,25,10,100
HIGHEST_SNR,314008,296.92877240247265,1.8613901412471072,445.27907653515393,0,0,0,0,0,14,4,25,10,100
SHORTEST_PULSE,314008,296.92877240247265,1.8613901412471072,445.27907653515393,0,0,0,0,0,14,4,25,10,100
METROLOGY_CONDITIONED_EIG,314008,296.92877240247265,1.8613901412471072,445.27907653515393,0,0,0,0,0,14,4,25,10,100
NO_PASSIVE,314009,347.68760816825795,0.9414880409619008,445.27907653515393,0,0,0,0,0,14,4,25,10,100
RANDOM,314009,347.68760816825795,0.9414880409619008,445.27907653515393,0,0,0,0,0,14,4,25,10,100
HIGHEST_SNR,314009,347.68760816825795,0.9414880409619008,445.27907653515393,0,0,0,0,0,14,4,25,10,100
SHORTEST_PULSE,314009,347.68760816825795,0.9414880409619008,445.27907653515393,0,0,0,0,0,14,4,25,10,100
METROLOGY_CONDITIONED_EIG,314009,347.68760816825795,0.9414880409619008,445.27907653515393,0,0,0,0,0,14,4,25,10,100
NO_PASSIVE,314010,232.96389193729024,2.552670562428014,445.27907653515393,0,0,0,0,0,14,4,25,10,100
RANDOM,314010,232.96389193729024,2.552670562428014,445.27907653515393,0,0,0,0,0,14,4,25,10,100
HIGHEST_SNR,314010,232.96389193729024,2.552670562428014,445.27907653515393,0,0,0,0,0,14,4,25,10,100
SHORTEST_PULSE,314010,232.96389193729024,2.552670562428014,445.27907653515393,0,0,0,0,0,14,4,25,10,100
METROLOGY_CONDITIONED_EIG,314010,232.96389193729024,2.552670562428014,445.27907653515393,0,0,0,0,0,14,4,25,10,100
NO_PASSIVE,314011,457.8865779941444,3.5349318351430408,445.27907653515393,0,0,0,0,0,14,4,25,10,100
RANDOM,314011,457.8865779941444,3.5349318351430408,445.27907653515393,0,0,0,0,0,14,4,25,10,100
HIGHEST_SNR,314011,457.8865779941444,3.5349318351430408,445.27907653515393,0,0,0,0,0,14,4,25,10,100
SHORTEST_PULSE,314011,457.8865779941444,3.5349318351430408,445.27907653515393,0,0,0,0,0,14,4,25,10,100
METROLOGY_CONDITIONED_EIG,314011,457.8865779941444,3.5349318351430408,445.27907653515393,0,0,0,0,0,14,4,25,10,100
NO_PASSIVE,314012,529.3708384295004,2.046645093166388,445.27907653515393,0,0,0,0,0,14,4,25,10,100
RANDOM,314012,529.3708384295004,2.046645093166388,445.27907653515393,0,0,0,0,0,14,4,25,10,100
HIGHEST_SNR,314012,529.3708384295004,2.046645093166388,445.27907653515393,0,0,0,0,0,14,4,25,10,100
SHORTEST_PULSE,314012,529.3708384295004,2.046645093166388,445.27907653515393,0,0,0,0,0,14,4,25,10,100
METROLOGY_CONDITIONED_EIG,314012,529.3708384295004,2.046645093166388,445.27907653515393,0,0,0,0,0,14,4,25,10,100
NO_PASSIVE,314013,719.3730867728424,0.5034929558279515,445.27907653515393,0,0,0,0,0,14,4,25,10,100
RANDOM,314013,719.3730867728424,0.5034929558279515,445.27907653515393,0,0,0,0,0,14,4,25,10,100
HIGHEST_SNR,314013,719.3730867728424,0.5034929558279515,445.27907653515393,0,0,0,0,0,14,4,25,10,100
SHORTEST_PULSE,314013,719.3730867728424,0.5034929558279515,445.27907653515393,0,0,0,0,0,14,4,25,10,100
METROLOGY_CONDITIONED_EIG,314013,719.3730867728424,0.5034929558279515,445.27907653515393,0,0,0,0,0,14,4,25,10,100
NO_PASSIVE,314014,208.4253733966042,3.385337179688349,445.27907653515393,0,0,0,0,0,14,4,25,10,100
RANDOM,314014,208.4253733966042,3.385337179688349,445.27907653515393,0,0,0,0,0,14,4,25,10,100
HIGHEST_SNR,314014,208.4253733966042,3.385337179688349,445.27907653515393,0,0,0,0,0,14,4,25,10,100
SHORTEST_PULSE,314014,208.4253733966042,3.385337179688349,445.27907653515393,0,0,0,0,0,14,4,25,10,100
METROLOGY_CONDITIONED_EIG,314014,208.4253733966042,3.385337179688349,445.27907653515393,0,0,0,0,0,14,4,25,10,100
NO_PASSIVE,314015,242.67621393947738,1.5512182197247188,445.27907653515393,0,0,0,0,0,14,4,25,10,100
RANDOM,314015,242.67621393947738,1.5512182197247188,445.27907653515393,0,0,0,0,0,14,4,25,10,100
HIGHEST_SNR,314015,242.67621393947738,1.5512182197247188,445.27907653515393,0,0,0,0,0,14,4,25,10,100
SHORTEST_PULSE,314015,242.67621393947738,1.5512182197247188,445.27907653515393,0,0,0,0,0,14,4,25,10,100
METROLOGY_CONDITIONED_EIG,314015,242.67621393947738,1.5512182197247188,445.27907653515393,0,0,0,0,0,14,4,25,10,100
NO_PASSIVE,314016,218.74187450558858,2.534521870692363,445.27907653515393,0,0,0,0,0,14,4,25,10,100
RANDOM,314016,218.74187450558858,2.534521870692363,445.27907653515393,0,0,0,0,0,14,4,25,10,100
HIGHEST_SNR,314016,218.74187450558858,2.534521870692363,445.27907653515393,0,0,0,0,0,14,4,25,10,100
SHORTEST_PULSE,314016,218.74187450558858,2.534521870692363,445.27907653515393,0,0,0,0,0,14,4,25,10,100
METROLOGY_CONDITIONED_EIG,314016,218.74187450558858,2.534521870692363,445.27907653515393,0,0,0,0,0,14,4,25,10,100
NO_PASSIVE,314017,440.8363974852536,2.373645656290785,445.27907653515393,0,0,0,0,0,14,4,25,10,100
RANDOM,314017,440.8363974852536,2.373645656290785,445.27907653515393,0,0,0,0,0,14,4,25,10,100
HIGHEST_SNR,314017,440.8363974852536,2.373645656290785,445.27907653515393,0,0,0,0,0,14,4,25,10,100
SHORTEST_PULSE,314017,440.8363974852536,2.373645656290785,445.27907653515393,0,0,0,0,0,14,4,25,10,100
METROLOGY_CONDITIONED_EIG,314017,440.8363974852536,2.373645656290785,445.27907653515393,0,0,0,0,0,14,4,25,10,100
NO_PASSIVE,314018,471.58338448607634,0.43950337532373007,445.27907653515393,0,0,0,0,0,14,4,25,10,100
RANDOM,314018,471.58338448607634,0.43950337532373007,445.27907653515393,0,0,0,0,0,14,4,25,10,100
HIGHEST_SNR,314018,471.58338448607634,0.43950337532373007,445.27907653515393,0,0,0,0,0,14,4,25,10,100
SHORTEST_PULSE,314018,471.58338448607634,0.43950337532373007,445.27907653515393,0,0,0,0,0,14,4,25,10,100
METROLOGY_CONDITIONED_EIG,314018,471.58338448607634,0.43950337532373007,445.27907653515393,0,0,0,0,0,14,4,25,10,100
NO_PASSIVE,314019,216.14355485853702,1.464924696878526,445.27907653515393,0,0,0,0,0,14,4,25,10,100
RANDOM,314019,216.14355485853702,1.464924696878526,445.27907653515393,0,0,0,0,0,14,4,25,10,100
HIGHEST_SNR,314019,216.14355485853702,1.464924696878526,445.27907653515393,0,0,0,0,0,14,4,25,10,100
SHORTEST_PULSE,314019,216.14355485853702,1.464924696878526,445.27907653515393,0,0,0,0,0,14,4,25,10,100
METROLOGY_CONDITIONED_EIG,314019,216.14355485853702,1.464924696878526,445.27907653515393,0,0,0,0,0,14,4,25,10,100
NO_PASSIVE,314020,329.37327269718133,2.716489996808078,445.27907653515393,0,0,0,0,0,14,4,25,10,100
RANDOM,314020,329.37327269718133,2.716489996808078,445.27907653515393,0,0,0,0,0,14,4,25,10,100
HIGHEST_SNR,314020,329.37327269718133,2.716489996808078,445.27907653515393,0,0,0,0,0,14,4,25,10,100
SHORTEST_PULSE,314020,329.37327269718133,2.716489996808078,445.27907653515393,0,0,0,0,0,14,4,25,10,100
METROLOGY_CONDITIONED_EIG,314020,329.37327269718133,2.716489996808078,445.27907653515393,0,0,0,0,0,14,4,25,10,100
NO_PASSIVE,314021,9.76494430323824,4.270580647981761,445.27907653515393,0,0,0,0,0,14,4,25,10,100
RANDOM,314021,9.76494430323824,4.270580647981761,445.27907653515393,0,0,0,0,0,14,4,25,10,100
HIGHEST_SNR,314021,9.76494430323824,4.270580647981761,445.27907653515393,0,0,0,0,0,14,4,25,10,100
SHORTEST_PULSE,314021,9.76494430323824,4.270580647981761,445.27907653515393,0,0,0,0,0,14,4,25,10,100
METROLOGY_CONDITIONED_EIG,314021,9.76494430323824,4.270580647981761,445.27907653515393,0,0,0,0,0,14,4,25,10,100
NO_PASSIVE,314022,171.52270262012883,1.9153297400111622,445.27907653515393,0,0,0,0,0,14,4,25,10,100
RANDOM,314022,171.52270262012883,1.9153297400111622,445.27907653515393,0,0,0,0,0,14,4,25,10,100
HIGHEST_SNR,314022,171.52270262012883,1.9153297400111622,445.27907653515393,0,0,0,0,0,14,4,25,10,100
SHORTEST_PULSE,314022,171.52270262012883,1.9153297400111622,445.27907653515393,0,0,0,0,0,14,4,25,10,100
METROLOGY_CONDITIONED_EIG,314022,171.52270262012883,1.9153297400111622,445.27907653515393,0,0,0,0,0,14,4,25,10,100
NO_PASSIVE,314023,173.77318819223123,3.1926004544458775,445.27907653515393,0,0,0,0,0,14,4,25,10,100
RANDOM,314023,173.77318819223123,3.1926004544458775,445.27907653515393,0,0,0,0,0,14,4,25,10,100
HIGHEST_SNR,314023,173.77318819223123,3.1926004544458775,445.27907653515393,0,0,0,0,0,14,4,25,10,100
SHORTEST_PULSE,314023,173.77318819223123,3.1926004544458775,445.27907653515393,0,0,0,0,0,14,4,25,10,100
METROLOGY_CONDITIONED_EIG,314023,173.77318819223123,3.1926004544458775,445.27907653515393,0,0,0,0,0,14,4,25,10,100
NO_PASSIVE,314024,447.13290506009577,0.5710323741977046,445.27907653515393,0,0,0,0,0,14,4,25,10,100
RANDOM,314024,447.13290506009577,0.5710323741977046,445.27907653515393,0,0,0,0,0,14,4,25,10,100
HIGHEST_SNR,314024,447.13290506009577,0.5710323741977046,445.27907653515393,0,0,0,0,0,14,4,25,10,100
SHORTEST_PULSE,314024,447.13290506009577,0.5710323741977046,445.27907653515393,0,0,0,0,0,14,4,25,10,100
METROLOGY_CONDITIONED_EIG,314024,447.13290506009577,0.5710323741977046,445.27907653515393,0,0,0,0,0,14,4,25,10,100
NO_PASSIVE,314025,486.2719321065212,2.145562430234932,445.27907653515393,0,0,0,0,0,14,4,25,10,100
RANDOM,314025,486.2719321065212,2.145562430234932,445.27907653515393,0,0,0,0,0,14,4,25,10,100
HIGHEST_SNR,314025,486.2719321065212,2.145562430234932,445.27907653515393,0,0,0,0,0,14,4,25,10,100
SHORTEST_PULSE,314025,486.2719321065212,2.145562430234932,445.27907653515393,0,0,0,0,0,14,4,25,10,100
METROLOGY_CONDITIONED_EIG,314025,486.2719321065212,2.145562430234932,445.27907653515393,0,0,0,0,0,14,4,25,10,100
NO_PASSIVE,314026,94.88582729124077,2.446958565346153,445.27907653515393,0,0,0,0,0,14,4,25,10,100
RANDOM,314026,94.88582729124077,2.446958565346153,445.27907653515393,0,0,0,0,0,14,4,25,10,100
HIGHEST_SNR,314026,94.88582729124077,2.446958565346153,445.27907653515393,0,0,0,0,0,14,4,25,10,100
SHORTEST_PULSE,314026,94.88582729124077,2.446958565346153,445.27907653515393,0,0,0,0,0,14,4,25,10,100
METROLOGY_CONDITIONED_EIG,314026,94.88582729124077,2.446958565346153,445.27907653515393,0,0,0,0,0,14,4,25,10,100
NO_PASSIVE,314027,604.8734826394367,2.3036259352125095,445.27907653515393,0,0,0,0,0,14,4,25,10,100
RANDOM,314027,604.8734826394367,2.3036259352125095,445.27907653515393,0,0,0,0,0,14,4,25,10,100
HIGHEST_SNR,314027,604.8734826394367,2.3036259352125095,445.27907653515393,0,0,0,0,0,14,4,25,10,100
SHORTEST_PULSE,314027,604.8734826394367,2.3036259352125095,445.27907653515393,0,0,0,0,0,14,4,25,10,100
METROLOGY_CONDITIONED_EIG,314027,604.8734826394367,2.3036259352125095,445.27907653515393,0,0,0,0,0,14,4,25,10,100
NO_PASSIVE,314028,695.8669020646994,2.5057460964180303,445.27907653515393,0,0,0,0,0,14,4,25,10,100
RANDOM,314028,695.8669020646994,2.5057460964180303,445.27907653515393,0,0,0,0,0,14,4,25,10,100
HIGHEST_SNR,314028,695.8669020646994,2.5057460964180303,445.27907653515393,0,0,0,0,0,14,4,25,10,100
SHORTEST_PULSE,314028,695.8669020646994,2.5057460964180303,445.27907653515393,0,0,0,0,0,14,4,25,10,100
METROLOGY_CONDITIONED_EIG,314028,695.8669020646994,2.5057460964180303,445.27907653515393,0,0,0,0,0,14,4,25,10,100
NO_PASSIVE,314029,389.7575656531981,1.7839296505613809,445.27907653515393,0,0,0,0,0,14,4,25,10,100
RANDOM,314029,389.7575656531981,1.7839296505613809,445.27907653515393,0,0,0,0,0,14,4,25,10,100
HIGHEST_SNR,314029,389.7575656531981,1.7839296505613809,445.27907653515393,0,0,0,0,0,14,4,25,10,100
SHORTEST_PULSE,314029,389.7575656531981,1.7839296505613809,445.27907653515393,0,0,0,0,0,14,4,25,10,100
METROLOGY_CONDITIONED_EIG,314029,389.7575656531981,1.7839296505613809,445.27907653515393,0,0,0,0,0,14,4,25,10,100
NO_PASSIVE,315000,690.6918541949916,2.8956363434375154,445.27907653515393,0,0,0,0,0,15,4,25,100,30
RANDOM,315000,690.6918541949916,2.8956363434375154,445.27907653515393,0,0,0,0,0,15,4,25,100,30
HIGHEST_SNR,315000,690.6918541949916,2.8956363434375154,445.27907653515393,0,0,0,0,0,15,4,25,100,30
SHORTEST_PULSE,315000,690.6918541949916,2.8956363434375154,445.27907653515393,0,0,0,0,0,15,4,25,100,30
METROLOGY_CONDITIONED_EIG,315000,690.6918541949916,2.8956363434375154,445.27907653515393,0,0,0,0,0,15,4,25,100,30
NO_PASSIVE,315001,77.17105433981511,0.7882084764712081,445.27907653515393,0,0,0,0,0,15,4,25,100,30
RANDOM,315001,77.17105433981511,0.7882084764712081,445.27907653515393,0,0,0,0,0,15,4,25,100,30
HIGHEST_SNR,315001,77.17105433981511,0.7882084764712081,445.27907653515393,0,0,0,0,0,15,4,25,100,30
SHORTEST_PULSE,315001,77.17105433981511,0.7882084764712081,445.27907653515393,0,0,0,0,0,15,4,25,100,30
METROLOGY_CONDITIONED_EIG,315001,77.17105433981511,0.7882084764712081,445.27907653515393,0,0,0,0,0,15,4,25,100,30
NO_PASSIVE,315002,508.27162228188075,0.6573583481662075,445.27907653515393,0,0,0,0,0,15,4,25,100,30
RANDOM,315002,508.27162228188075,0.6573583481662075,445.27907653515393,0,0,0,0,0,15,4,25,100,30
HIGHEST_SNR,315002,508.27162228188075,0.6573583481662075,445.27907653515393,0,0,0,0,0,15,4,25,100,30
SHORTEST_PULSE,315002,508.27162228188075,0.6573583481662075,445.27907653515393,0,0,0,0,0,15,4,25,100,30
METROLOGY_CONDITIONED_EIG,315002,508.27162228188075,0.6573583481662075,445.27907653515393,0,0,0,0,0,15,4,25,100,30
NO_PASSIVE,315003,316.3660566541188,0.434279676420583,445.27907653515393,0,0,0,0,0,15,4,25,100,30
RANDOM,315003,316.3660566541188,0.434279676420583,445.27907653515393,0,0,0,0,0,15,4,25,100,30
HIGHEST_SNR,315003,316.3660566541188,0.434279676420583,445.27907653515393,0,0,0,0,0,15,4,25,100,30
SHORTEST_PULSE,315003,316.3660566541188,0.434279676420583,445.27907653515393,0,0,0,0,0,15,4,25,100,30
METROLOGY_CONDITIONED_EIG,315003,316.3660566541188,0.434279676420583,445.27907653515393,0,0,0,0,0,15,4,25,100,30
NO_PASSIVE,315004,125.27864477495976,1.0725861705772712,445.27907653515393,0,0,0,0,0,15,4,25,100,30
RANDOM,315004,125.27864477495976,1.0725861705772712,445.27907653515393,0,0,0,0,0,15,4,25,100,30
HIGHEST_SNR,315004,125.27864477495976,1.0725861705772712,445.27907653515393,0,0,0,0,0,15,4,25,100,30
SHORTEST_PULSE,315004,125.27864477495976,1.0725861705772712,445.27907653515393,0,0,0,0,0,15,4,25,100,30
METROLOGY_CONDITIONED_EIG,315004,125.27864477495976,1.0725861705772712,445.27907653515393,0,0,0,0,0,15,4,25,100,30
NO_PASSIVE,315005,160.84964302035212,1.761741660424229,445.27907653515393,0,0,0,0,1,15,4,25,100,30
RANDOM,315005,100.19104205034083,1.8690913724221914,320.7024935240258,1,0,0,0,1,15,4,25,100,30
HIGHEST_SNR,315005,100.19104205034083,1.8690913724221914,320.7024935240258,1,0,0,0,1,15,4,25,100,30
SHORTEST_PULSE,315005,100.19104205034083,1.8690913724221914,320.7024935240258,1,0,0,0,1,15,4,25,100,30
METROLOGY_CONDITIONED_EIG,315005,100.19104205034083,1.8690913724221914,320.7024935240258,1,0,0,0,1,15,4,25,100,30
NO_PASSIVE,315006,90.94721356456576,0.9273457317434869,445.27907653515393,0,0,0,0,1,15,4,25,100,30
RANDOM,315006,17.458359915464456,0.9597035908422951,317.6465513795464,1,0,0,0,1,15,4,25,100,30
HIGHEST_SNR,315006,17.458359915464456,0.9597035908422951,317.6465513795464,1,0,0,0,1,15,4,25,100,30
SHORTEST_PULSE,315006,17.458359915464456,0.9597035908422951,317.6465513795464,1,0,0,0,1,15,4,25,100,30
METROLOGY_CONDITIONED_EIG,315006,17.458359915464456,0.9597035908422951,317.6465513795464,1,0,0,0,1,15,4,25,100,30
NO_PASSIVE,315007,288.7341068464744,0.7557500928368478,445.27907653515393,0,0,0,0,0,15,4,25,100,30
RANDOM,315007,288.7341068464744,0.7557500928368478,445.27907653515393,0,0,0,0,0,15,4,25,100,30
HIGHEST_SNR,315007,288.7341068464744,0.7557500928368478,445.27907653515393,0,0,0,0,0,15,4,25,100,30
SHORTEST_PULSE,315007,288.7341068464744,0.7557500928368478,445.27907653515393,0,0,0,0,0,15,4,25,100,30
METROLOGY_CONDITIONED_EIG,315007,288.7341068464744,0.7557500928368478,445.27907653515393,0,0,0,0,0,15,4,25,100,30
NO_PASSIVE,315008,3.0495231192701038,1.8093481889152834,445.27907653515393,0,0,0,0,0,15,4,25,100,30
RANDOM,315008,3.0495231192701038,1.8093481889152834,445.27907653515393,0,0,0,0,0,15,4,25,100,30
HIGHEST_SNR,315008,3.0495231192701038,1.8093481889152834,445.27907653515393,0,0,0,0,0,15,4,25,100,30
SHORTEST_PULSE,315008,3.0495231192701038,1.8093481889152834,445.27907653515393,0,0,0,0,0,15,4,25,100,30
METROLOGY_CONDITIONED_EIG,315008,3.0495231192701038,1.8093481889152834,445.27907653515393,0,0,0,0,0,15,4,25,100,30
NO_PASSIVE,315009,238.19914555814242,1.8460665411725665,445.27907653515393,0,0,0,0,0,15,4,25,100,30
RANDOM,315009,238.19914555814242,1.8460665411725665,445.27907653515393,0,0,0,0,0,15,4,25,100,30
HIGHEST_SNR,315009,238.19914555814242,1.8460665411725665,445.27907653515393,0,0,0,0,0,15,4,25,100,30
SHORTEST_PULSE,315009,238.19914555814242,1.8460665411725665,445.27907653515393,0,0,0,0,0,15,4,25,100,30
METROLOGY_CONDITIONED_EIG,315009,238.19914555814242,1.8460665411725665,445.27907653515393,0,0,0,0,0,15,4,25,100,30
NO_PASSIVE,315010,723.5237775794004,5.7966917668494595,445.27907653515393,0,0,0,0,19,15,4,25,100,30
RANDOM,315010,886.5709846523131,5.960756783498022,285.2137213477358,19,0,0,0,19,15,4,25,100,30
HIGHEST_SNR,315010,886.5709846523131,5.960756783498022,285.2137213477358,19,0,0,0,19,15,4,25,100,30
SHORTEST_PULSE,315010,886.5709846523131,5.960756783498022,285.2137213477358,19,0,0,0,19,15,4,25,100,30
METROLOGY_CONDITIONED_EIG,315010,886.5709846523131,5.960756783498022,285.2137213477358,19,0,0,0,19,15,4,25,100,30
NO_PASSIVE,315011,660.5950152697603,2.3196323717268905,445.27907653515393,0,0,0,0,0,15,4,25,100,30
RANDOM,315011,660.5950152697603,2.3196323717268905,445.27907653515393,0,0,0,0,0,15,4,25,100,30
HIGHEST_SNR,315011,660.5950152697603,2.3196323717268905,445.27907653515393,0,0,0,0,0,15,4,25,100,30
SHORTEST_PULSE,315011,660.5950152697603,2.3196323717268905,445.27907653515393,0,0,0,0,0,15,4,25,100,30
METROLOGY_CONDITIONED_EIG,315011,660.5950152697603,2.3196323717268905,445.27907653515393,0,0,0,0,0,15,4,25,100,30
NO_PASSIVE,315012,323.7379590369638,2.32416788486825,445.27907653515393,0,0,0,0,0,15,4,25,100,30
RANDOM,315012,323.7379590369638,2.32416788486825,445.27907653515393,0,0,0,0,0,15,4,25,100,30
HIGHEST_SNR,315012,323.7379590369638,2.32416788486825,445.27907653515393,0,0,0,0,0,15,4,25,100,30
SHORTEST_PULSE,315012,323.7379590369638,2.32416788486825,445.27907653515393,0,0,0,0,0,15,4,25,100,30
METROLOGY_CONDITIONED_EIG,315012,323.7379590369638,2.32416788486825,445.27907653515393,0,0,0,0,0,15,4,25,100,30
NO_PASSIVE,315013,557.5952171008887,0.7631604640868719,445.27907653515393,0,0,0,0,1,15,4,25,100,30
RANDOM,315013,118.26161177113963,0.9153903603733412,340.4086037658035,1,0,0,0,1,15,4,25,100,30
HIGHEST_SNR,315013,118.26161177113963,0.9153903603733412,340.4086037658035,1,0,0,0,1,15,4,25,100,30
SHORTEST_PULSE,315013,118.26161177113963,0.9153903603733412,340.4086037658035,1,0,0,0,1,15,4,25,100,30
METROLOGY_CONDITIONED_EIG,315013,118.26161177113963,0.9153903603733412,340.4086037658035,1,0,0,0,1,15,4,25,100,30
NO_PASSIVE,315014,701.2969445974695,3.1435600316505607,445.27907653515393,0,0,0,0,0,15,4,25,100,30
RANDOM,315014,701.2969445974695,3.1435600316505607,445.27907653515393,0,0,0,0,0,15,4,25,100,30
HIGHEST_SNR,315014,701.2969445974695,3.1435600316505607,445.27907653515393,0,0,0,0,0,15,4,25,100,30
SHORTEST_PULSE,315014,701.2969445974695,3.1435600316505607,445.27907653515393,0,0,0,0,0,15,4,25,100,30
METROLOGY_CONDITIONED_EIG,315014,701.2969445974695,3.1435600316505607,445.27907653515393,0,0,0,0,0,15,4,25,100,30
NO_PASSIVE,315015,246.5164524829424,2.5978088217089748,445.27907653515393,0,0,0,0,0,15,4,25,100,30
RANDOM,315015,246.5164524829424,2.5978088217089748,445.27907653515393,0,0,0,0,0,15,4,25,100,30
HIGHEST_SNR,315015,246.5164524829424,2.5978088217089748,445.27907653515393,0,0,0,0,0,15,4,25,100,30
SHORTEST_PULSE,315015,246.5164524829424,2.5978088217089748,445.27907653515393,0,0,0,0,0,15,4,25,100,30
METROLOGY_CONDITIONED_EIG,315015,246.5164524829424,2.5978088217089748,445.27907653515393,0,0,0,0,0,15,4,25,100,30
NO_PASSIVE,315016,307.71715158705183,2.0546080928650436,445.27907653515393,0,0,0,0,0,15,4,25,100,30
RANDOM,315016,307.71715158705183,2.0546080928650436,445.27907653515393,0,0,0,0,0,15,4,25,100,30
HIGHEST_SNR,315016,307.71715158705183,2.0546080928650436,445.27907653515393,0,0,0,0,0,15,4,25,100,30
SHORTEST_PULSE,315016,307.71715158705183,2.0546080928650436,445.27907653515393,0,0,0,0,0,15,4,25,100,30
METROLOGY_CONDITIONED_EIG,315016,307.71715158705183,2.0546080928650436,445.27907653515393,0,0,0,0,0,15,4,25,100,30
NO_PASSIVE,315017,36.560916768393575,1.6784916780156574,445.27907653515393,0,0,0,0,0,15,4,25,100,30
RANDOM,315017,36.560916768393575,1.6784916780156574,445.27907653515393,0,0,0,0,0,15,4,25,100,30
HIGHEST_SNR,315017,36.560916768393575,1.6784916780156574,445.27907653515393,0,0,0,0,0,15,4,25,100,30
SHORTEST_PULSE,315017,36.560916768393575,1.6784916780156574,445.27907653515393,0,0,0,0,0,15,4,25,100,30
METROLOGY_CONDITIONED_EIG,315017,36.560916768393575,1.6784916780156574,445.27907653515393,0,0,0,0,0,15,4,25,100,30
NO_PASSIVE,315018,299.6651267691129,1.8809664162669695,445.27907653515393,0,0,0,0,0,15,4,25,100,30
RANDOM,315018,299.6651267691129,1.8809664162669695,445.27907653515393,0,0,0,0,0,15,4,25,100,30
HIGHEST_SNR,315018,299.6651267691129,1.8809664162669695,445.27907653515393,0,0,0,0,0,15,4,25,100,30
SHORTEST_PULSE,315018,299.6651267691129,1.8809664162669695,445.27907653515393,0,0,0,0,0,15,4,25,100,30
METROLOGY_CONDITIONED_EIG,315018,299.6651267691129,1.8809664162669695,445.27907653515393,0,0,0,0,0,15,4,25,100,30
NO_PASSIVE,315019,224.21717578470466,1.1839521701318099,445.27907653515393,0,0,0,0,23,15,4,25,100,30
RANDOM,315019,168.18953118655475,1.2681824084768654,293.3006088263228,23,0,0,0,23,15,4,25,100,30
HIGHEST_SNR,315019,168.18953118655475,1.2681824084768654,293.3006088263228,23,0,0,0,23,15,4,25,100,30
SHORTEST_PULSE,315019,168.18953118655475,1.2681824084768654,293.3006088263228,23,0,0,0,23,15,4,25,100,30
METROLOGY_CONDITIONED_EIG,315019,168.18953118655475,1.2681824084768654,293.3006088263228,23,0,0,0,23,15,4,25,100,30
NO_PASSIVE,315020,208.76361725492023,1.4267318819949095,445.27907653515393,0,0,0,0,0,15,4,25,100,30
RANDOM,315020,208.76361725492023,1.4267318819949095,445.27907653515393,0,0,0,0,0,15,4,25,100,30
HIGHEST_SNR,315020,208.76361725492023,1.4267318819949095,445.27907653515393,0,0,0,0,0,15,4,25,100,30
SHORTEST_PULSE,315020,208.76361725492023,1.4267318819949095,445.27907653515393,0,0,0,0,0,15,4,25,100,30
METROLOGY_CONDITIONED_EIG,315020,208.76361725492023,1.4267318819949095,445.27907653515393,0,0,0,0,0,15,4,25,100,30
NO_PASSIVE,315021,579.8023986507867,1.1346263231776978,445.27907653515393,0,0,0,0,0,15,4,25,100,30
RANDOM,315021,579.8023986507867,1.1346263231776978,445.27907653515393,0,0,0,0,0,15,4,25,100,30
HIGHEST_SNR,315021,579.8023986507867,1.1346263231776978,445.27907653515393,0,0,0,0,0,15,4,25,100,30
SHORTEST_PULSE,315021,579.8023986507867,1.1346263231776978,445.27907653515393,0,0,0,0,0,15,4,25,100,30
METROLOGY_CONDITIONED_EIG,315021,579.8023986507867,1.1346263231776978,445.27907653515393,0,0,0,0,0,15,4,25,100,30
NO_PASSIVE,315022,174.62963980919758,2.4362952226370247,445.27907653515393,0,0,0,0,0,15,4,25,100,30
RANDOM,315022,174.62963980919758,2.4362952226370247,445.27907653515393,0,0,0,0,0,15,4,25,100,30
HIGHEST_SNR,315022,174.62963980919758,2.4362952226370247,445.27907653515393,0,0,0,0,0,15,4,25,100,30
SHORTEST_PULSE,315022,174.62963980919758,2.4362952226370247,445.27907653515393,0,0,0,0,0,15,4,25,100,30
METROLOGY_CONDITIONED_EIG,315022,174.62963980919758,2.4362952226370247,445.27907653515393,0,0,0,0,0,15,4,25,100,30
NO_PASSIVE,315023,486.00936773741154,1.2799285082210126,445.27907653515393,0,0,0,0,0,15,4,25,100,30
RANDOM,315023,486.00936773741154,1.2799285082210126,445.27907653515393,0,0,0,0,0,15,4,25,100,30
HIGHEST_SNR,315023,486.00936773741154,1.2799285082210126,445.27907653515393,0,0,0,0,0,15,4,25,100,30
SHORTEST_PULSE,315023,486.00936773741154,1.2799285082210126,445.27907653515393,0,0,0,0,0,15,4,25,100,30
METROLOGY_CONDITIONED_EIG,315023,486.00936773741154,1.2799285082210126,445.27907653515393,0,0,0,0,0,15,4,25,100,30
NO_PASSIVE,315024,247.14685436201324,1.44640644332382,445.27907653515393,0,0,0,0,0,15,4,25,100,30
RANDOM,315024,247.14685436201324,1.44640644332382,445.27907653515393,0,0,0,0,0,15,4,25,100,30
HIGHEST_SNR,315024,247.14685436201324,1.44640644332382,445.27907653515393,0,0,0,0,0,15,4,25,100,30
SHORTEST_PULSE,315024,247.14685436201324,1.44640644332382,445.27907653515393,0,0,0,0,0,15,4,25,100,30
METROLOGY_CONDITIONED_EIG,315024,247.14685436201324,1.44640644332382,445.27907653515393,0,0,0,0,0,15,4,25,100,30
NO_PASSIVE,315025,292.05429423436107,2.398851048854974,445.27907653515393,0,0,0,0,22,15,4,25,100,30
RANDOM,315025,166.08514174201414,2.249325500125168,142.25524197855339,18,2,0,0,22,15,4,25,100,30
HIGHEST_SNR,315025,322.61280662648966,2.1663973853699767,336.1861247151116,18,2,0,0,22,15,4,25,100,30
SHORTEST_PULSE,315025,322.61280662648966,2.1663973853699767,336.1861247151116,18,2,0,0,22,15,4,25,100,30
METROLOGY_CONDITIONED_EIG,315025,152.69807745563898,2.215484531791254,139.587246662025,18,2,0,0,22,15,4,25,100,30
NO_PASSIVE,315026,749.3190334606618,2.470194500087118,445.27907653515393,0,0,0,0,0,15,4,25,100,30
RANDOM,315026,749.3190334606618,2.470194500087118,445.27907653515393,0,0,0,0,0,15,4,25,100,30
HIGHEST_SNR,315026,749.3190334606618,2.470194500087118,445.27907653515393,0,0,0,0,0,15,4,25,100,30
SHORTEST_PULSE,315026,749.3190334606618,2.470194500087118,445.27907653515393,0,0,0,0,0,15,4,25,100,30
METROLOGY_CONDITIONED_EIG,315026,749.3190334606618,2.470194500087118,445.27907653515393,0,0,0,0,0,15,4,25,100,30
NO_PASSIVE,315027,78.98006026289536,0.9907191141325162,445.27907653515393,0,0,0,0,0,15,4,25,100,30
RANDOM,315027,78.98006026289536,0.9907191141325162,445.27907653515393,0,0,0,0,0,15,4,25,100,30
HIGHEST_SNR,315027,78.98006026289536,0.9907191141325162,445.27907653515393,0,0,0,0,0,15,4,25,100,30
SHORTEST_PULSE,315027,78.98006026289536,0.9907191141325162,445.27907653515393,0,0,0,0,0,15,4,25,100,30
METROLOGY_CONDITIONED_EIG,315027,78.98006026289536,0.9907191141325162,445.27907653515393,0,0,0,0,0,15,4,25,100,30
NO_PASSIVE,315028,636.2887466169516,0.6124906697870411,445.27907653515393,0,0,0,0,0,15,4,25,100,30
RANDOM,315028,636.2887466169516,0.6124906697870411,445.27907653515393,0,0,0,0,0,15,4,25,100,30
HIGHEST_SNR,315028,636.2887466169516,0.6124906697870411,445.27907653515393,0,0,0,0,0,15,4,25,100,30
SHORTEST_PULSE,315028,636.2887466169516,0.6124906697870411,445.27907653515393,0,0,0,0,0,15,4,25,100,30
METROLOGY_CONDITIONED_EIG,315028,636.2887466169516,0.6124906697870411,445.27907653515393,0,0,0,0,0,15,4,25,100,30
NO_PASSIVE,315029,695.680462022481,2.55948253698982,445.27907653515393,0,0,0,0,5,15,4,25,100,30
RANDOM,315029,652.6982325163324,0.4620302487951353,312.8796406012607,5,0,0,0,5,15,4,25,100,30
HIGHEST_SNR,315029,652.6982325163324,0.4620302487951353,312.8796406012607,5,0,0,0,5,15,4,25,100,30
SHORTEST_PULSE,315029,652.6982325163324,0.4620302487951353,312.8796406012607,5,0,0,0,5,15,4,25,100,30
METROLOGY_CONDITIONED_EIG,315029,652.6982325163324,0.4620302487951353,312.8796406012607,5,0,0,0,5,15,4,25,100,30
NO_PASSIVE,316000,484.0723010460213,0.9119589153161614,445.27907653515393,0,0,0,0,0,16,4,25,100,100
RANDOM,316000,484.0723010460213,0.9119589153161614,445.27907653515393,0,0,0,0,0,16,4,25,100,100
HIGHEST_SNR,316000,484.0723010460213,0.9119589153161614,445.27907653515393,0,0,0,0,0,16,4,25,100,100
SHORTEST_PULSE,316000,484.0723010460213,0.9119589153161614,445.27907653515393,0,0,0,0,0,16,4,25,100,100
METROLOGY_CONDITIONED_EIG,316000,484.0723010460213,0.9119589153161614,445.27907653515393,0,0,0,0,0,16,4,25,100,100
NO_PASSIVE,316001,456.5363613023719,2.3285033798481214,445.27907653515393,0,0,0,0,4,16,4,25,100,100
RANDOM,316001,75.32793529854514,2.0631636681112,106.7812186061154,4,0,0,0,4,16,4,25,100,100
HIGHEST_SNR,316001,75.32793529854514,2.0631636681112,106.7812186061154,4,0,0,0,4,16,4,25,100,100
SHORTEST_PULSE,316001,75.32793529854514,2.0631636681112,106.7812186061154,4,0,0,0,4,16,4,25,100,100
METROLOGY_CONDITIONED_EIG,316001,75.32793529854514,2.0631636681112,106.7812186061154,4,0,0,0,4,16,4,25,100,100
NO_PASSIVE,316002,360.17066606480745,3.111952530087679,445.27907653515393,0,0,0,0,0,16,4,25,100,100
RANDOM,316002,360.17066606480745,3.111952530087679,445.27907653515393,0,0,0,0,0,16,4,25,100,100
HIGHEST_SNR,316002,360.17066606480745,3.111952530087679,445.27907653515393,0,0,0,0,0,16,4,25,100,100
SHORTEST_PULSE,316002,360.17066606480745,3.111952530087679,445.27907653515393,0,0,0,0,0,16,4,25,100,100
METROLOGY_CONDITIONED_EIG,316002,360.17066606480745,3.111952530087679,445.27907653515393,0,0,0,0,0,16,4,25,100,100
NO_PASSIVE,316003,265.02520617347386,1.834644330676462,445.27907653515393,0,0,0,0,2,16,4,25,100,100
RANDOM,316003,251.53913847234162,1.3841357333383697,323.95199552101184,2,0,0,0,2,16,4,25,100,100
HIGHEST_SNR,316003,251.53913847234162,1.3841357333383697,323.95199552101184,2,0,0,0,2,16,4,25,100,100
SHORTEST_PULSE,316003,251.53913847234162,1.3841357333383697,323.95199552101184,2,0,0,0,2,16,4,25,100,100
METROLOGY_CONDITIONED_EIG,316003,251.53913847234162,1.3841357333383697,323.95199552101184,2,0,0,0,2,16,4,25,100,100
NO_PASSIVE,316004,329.6214264435853,0.8516191832229074,445.27907653515393,0,0,0,0,0,16,4,25,100,100
RANDOM,316004,329.6214264435853,0.8516191832229074,445.27907653515393,0,0,0,0,0,16,4,25,100,100
HIGHEST_SNR,316004,329.6214264435853,0.8516191832229074,445.27907653515393,0,0,0,0,0,16,4,25,100,100
SHORTEST_PULSE,316004,329.6214264435853,0.8516191832229074,445.27907653515393,0,0,0,0,0,16,4,25,100,100
METROLOGY_CONDITIONED_EIG,316004,329.6214264435853,0.8516191832229074,445.27907653515393,0,0,0,0,0,16,4,25,100,100
NO_PASSIVE,316005,273.380656146465,1.2627809749855972,445.27907653515393,0,0,0,0,0,16,4,25,100,100
RANDOM,316005,273.380656146465,1.2627809749855972,445.27907653515393,0,0,0,0,0,16,4,25,100,100
HIGHEST_SNR,316005,273.380656146465,1.2627809749855972,445.27907653515393,0,0,0,0,0,16,4,25,100,100
SHORTEST_PULSE,316005,273.380656146465,1.2627809749855972,445.27907653515393,0,0,0,0,0,16,4,25,100,100
METROLOGY_CONDITIONED_EIG,316005,273.380656146465,1.2627809749855972,445.27907653515393,0,0,0,0,0,16,4,25,100,100
NO_PASSIVE,316006,85.94569444348227,1.6984695136651486,445.27907653515393,0,0,0,0,0,16,4,25,100,100
RANDOM,316006,85.94569444348227,1.6984695136651486,445.27907653515393,0,0,0,0,0,16,4,25,100,100
HIGHEST_SNR,316006,85.94569444348227,1.6984695136651486,445.27907653515393,0,0,0,0,0,16,4,25,100,100
SHORTEST_PULSE,316006,85.94569444348227,1.6984695136651486,445.27907653515393,0,0,0,0,0,16,4,25,100,100
METROLOGY_CONDITIONED_EIG,316006,85.94569444348227,1.6984695136651486,445.27907653515393,0,0,0,0,0,16,4,25,100,100
NO_PASSIVE,316007,330.6661348513313,2.646508902882963,445.27907653515393,0,0,0,0,0,16,4,25,100,100
RANDOM,316007,330.6661348513313,2.646508902882963,445.27907653515393,0,0,0,0,0,16,4,25,100,100
HIGHEST_SNR,316007,330.6661348513313,2.646508902882963,445.27907653515393,0,0,0,0,0,16,4,25,100,100
SHORTEST_PULSE,316007,330.6661348513313,2.646508902882963,445.27907653515393,0,0,0,0,0,16,4,25,100,100
METROLOGY_CONDITIONED_EIG,316007,330.6661348513313,2.646508902882963,445.27907653515393,0,0,0,0,0,16,4,25,100,100
NO_PASSIVE,316008,496.5304316958935,0.5679929899258075,445.27907653515393,0,0,0,0,0,16,4,25,100,100
RANDOM,316008,496.5304316958935,0.5679929899258075,445.27907653515393,0,0,0,0,0,16,4,25,100,100
HIGHEST_SNR,316008,496.5304316958935,0.5679929899258075,445.27907653515393,0,0,0,0,0,16,4,25,100,100
SHORTEST_PULSE,316008,496.5304316958935,0.5679929899258075,445.27907653515393,0,0,0,0,0,16,4,25,100,100
METROLOGY_CONDITIONED_EIG,316008,496.5304316958935,0.5679929899258075,445.27907653515393,0,0,0,0,0,16,4,25,100,100
NO_PASSIVE,316009,120.13632439030793,0.28584106555801486,445.27907653515393,0,0,0,0,0,16,4,25,100,100
RANDOM,316009,120.13632439030793,0.28584106555801486,445.27907653515393,0,0,0,0,0,16,4,25,100,100
HIGHEST_SNR,316009,120.13632439030793,0.28584106555801486,445.27907653515393,0,0,0,0,0,16,4,25,100,100
SHORTEST_PULSE,316009,120.13632439030793,0.28584106555801486,445.27907653515393,0,0,0,0,0,16,4,25,100,100
METROLOGY_CONDITIONED_EIG,316009,120.13632439030793,0.28584106555801486,445.27907653515393,0,0,0,0,0,16,4,25,100,100
NO_PASSIVE,316010,458.1984751618384,2.9300087909649926,445.27907653515393,0,0,0,0,0,16,4,25,100,100
RANDOM,316010,458.1984751618384,2.9300087909649926,445.27907653515393,0,0,0,0,0,16,4,25,100,100
HIGHEST_SNR,316010,458.1984751618384,2.9300087909649926,445.27907653515393,0,0,0,0,0,16,4,25,100,100
SHORTEST_PULSE,316010,458.1984751618384,2.9300087909649926,445.27907653515393,0,0,0,0,0,16,4,25,100,100
METROLOGY_CONDITIONED_EIG,316010,458.1984751618384,2.9300087909649926,445.27907653515393,0,0,0,0,0,16,4,25,100,100
NO_PASSIVE,316011,763.5191125684782,2.559570154378018,445.27907653515393,0,0,0,0,1,16,4,25,100,100
RANDOM,316011,187.26531956497044,2.2079416394306404,324.51579891093894,1,0,0,0,1,16,4,25,100,100
HIGHEST_SNR,316011,187.26531956497044,2.2079416394306404,324.51579891093894,1,0,0,0,1,16,4,25,100,100
SHORTEST_PULSE,316011,187.26531956497044,2.2079416394306404,324.51579891093894,1,0,0,0,1,16,4,25,100,100
METROLOGY_CONDITIONED_EIG,316011,187.26531956497044,2.2079416394306404,324.51579891093894,1,0,0,0,1,16,4,25,100,100
NO_PASSIVE,316012,530.443350484464,1.429825564877108,445.27907653515393,0,0,0,0,0,16,4,25,100,100
RANDOM,316012,530.443350484464,1.429825564877108,445.27907653515393,0,0,0,0,0,16,4,25,100,100
HIGHEST_SNR,316012,530.443350484464,1.429825564877108,445.27907653515393,0,0,0,0,0,16,4,25,100,100
SHORTEST_PULSE,316012,530.443350484464,1.429825564877108,445.27907653515393,0,0,0,0,0,16,4,25,100,100
METROLOGY_CONDITIONED_EIG,316012,530.443350484464,1.429825564877108,445.27907653515393,0,0,0,0,0,16,4,25,100,100
NO_PASSIVE,316013,172.41255259198175,1.3101754133318986,445.27907653515393,0,0,0,0,0,16,4,25,100,100
RANDOM,316013,172.41255259198175,1.3101754133318986,445.27907653515393,0,0,0,0,0,16,4,25,100,100
HIGHEST_SNR,316013,172.41255259198175,1.3101754133318986,445.27907653515393,0,0,0,0,0,16,4,25,100,100
SHORTEST_PULSE,316013,172.41255259198175,1.3101754133318986,445.27907653515393,0,0,0,0,0,16,4,25,100,100
METROLOGY_CONDITIONED_EIG,316013,172.41255259198175,1.3101754133318986,445.27907653515393,0,0,0,0,0,16,4,25,100,100
NO_PASSIVE,316014,289.4849800875227,1.366731984493332,445.27907653515393,0,0,0,0,0,16,4,25,100,100
RANDOM,316014,289.4849800875227,1.366731984493332,445.27907653515393,0,0,0,0,0,16,4,25,100,100
HIGHEST_SNR,316014,289.4849800875227,1.366731984493332,445.27907653515393,0,0,0,0,0,16,4,25,100,100
SHORTEST_PULSE,316014,289.4849800875227,1.366731984493332,445.27907653515393,0,0,0,0,0,16,4,25,100,100
METROLOGY_CONDITIONED_EIG,316014,289.4849800875227,1.366731984493332,445.27907653515393,0,0,0,0,0,16,4,25,100,100
NO_PASSIVE,316015,340.1129739963708,0.2811365829272826,445.27907653515393,0,0,0,0,0,16,4,25,100,100
RANDOM,316015,340.1129739963708,0.2811365829272826,445.27907653515393,0,0,0,0,0,16,4,25,100,100
HIGHEST_SNR,316015,340.1129739963708,0.2811365829272826,445.27907653515393,0,0,0,0,0,16,4,25,100,100
SHORTEST_PULSE,316015,340.1129739963708,0.2811365829272826,445.27907653515393,0,0,0,0,0,16,4,25,100,100
METROLOGY_CONDITIONED_EIG,316015,340.1129739963708,0.2811365829272826,445.27907653515393,0,0,0,0,0,16,4,25,100,100
NO_PASSIVE,316016,185.00618703313677,2.923876108409067,445.27907653515393,0,0,0,0,0,16,4,25,100,100
RANDOM,316016,185.00618703313677,2.923876108409067,445.27907653515393,0,0,0,0,0,16,4,25,100,100
HIGHEST_SNR,316016,185.00618703313677,2.923876108409067,445.27907653515393,0,0,0,0,0,16,4,25,100,100
SHORTEST_PULSE,316016,185.00618703313677,2.923876108409067,445.27907653515393,0,0,0,0,0,16,4,25,100,100
METROLOGY_CONDITIONED_EIG,316016,185.00618703313677,2.923876108409067,445.27907653515393,0,0,0,0,0,16,4,25,100,100
NO_PASSIVE,316017,485.37555667330145,1.51670451295519,445.27907653515393,0,0,0,0,0,16,4,25,100,100
RANDOM,316017,485.37555667330145,1.51670451295519,445.27907653515393,0,0,0,0,0,16,4,25,100,100
HIGHEST_SNR,316017,485.37555667330145,1.51670451295519,445.27907653515393,0,0,0,0,0,16,4,25,100,100
SHORTEST_PULSE,316017,485.37555667330145,1.51670451295519,445.27907653515393,0,0,0,0,0,16,4,25,100,100
METROLOGY_CONDITIONED_EIG,316017,485.37555667330145,1.51670451295519,445.27907653515393,0,0,0,0,0,16,4,25,100,100
NO_PASSIVE,316018,190.3171857481117,1.2618447995496955,445.27907653515393,0,0,0,0,0,16,4,25,100,100
RANDOM,316018,190.3171857481117,1.2618447995496955,445.27907653515393,0,0,0,0,0,16,4,25,100,100
HIGHEST_SNR,316018,190.3171857481117,1.2618447995496955,445.27907653515393,0,0,0,0,0,16,4,25,100,100
SHORTEST_PULSE,316018,190.3171857481117,1.2618447995496955,445.27907653515393,0,0,0,0,0,16,4,25,100,100
METROLOGY_CONDITIONED_EIG,316018,190.3171857481117,1.2618447995496955,445.27907653515393,0,0,0,0,0,16,4,25,100,100
NO_PASSIVE,316019,213.97641011887316,1.4866771039582782,445.27907653515393,0,0,0,0,24,16,4,25,100,100
RANDOM,316019,354.71300673845735,1.503666959218069,286.1130056523391,24,0,0,0,24,16,4,25,100,100
HIGHEST_SNR,316019,354.71300673845735,1.503666959218069,286.1130056523391,24,0,0,0,24,16,4,25,100,100
SHORTEST_PULSE,316019,354.71300673845735,1.503666959218069,286.1130056523391,24,0,0,0,24,16,4,25,100,100
METROLOGY_CONDITIONED_EIG,316019,354.71300673845735,1.503666959218069,286.1130056523391,24,0,0,0,24,16,4,25,100,100
NO_PASSIVE,316020,252.94471708073027,0.9482635875681502,445.27907653515393,0,0,0,0,0,16,4,25,100,100
RANDOM,316020,252.94471708073027,0.9482635875681502,445.27907653515393,0,0,0,0,0,16,4,25,100,100
HIGHEST_SNR,316020,252.94471708073027,0.9482635875681502,445.27907653515393,0,0,0,0,0,16,4,25,100,100
SHORTEST_PULSE,316020,252.94471708073027,0.9482635875681502,445.27907653515393,0,0,0,0,0,16,4,25,100,100
METROLOGY_CONDITIONED_EIG,316020,252.94471708073027,0.9482635875681502,445.27907653515393,0,0,0,0,0,16,4,25,100,100
NO_PASSIVE,316021,307.28807872988875,1.2727398066535802,445.27907653515393,0,0,0,0,0,16,4,25,100,100
RANDOM,316021,307.28807872988875,1.2727398066535802,445.27907653515393,0,0,0,0,0,16,4,25,100,100
HIGHEST_SNR,316021,307.28807872988875,1.2727398066535802,445.27907653515393,0,0,0,0,0,16,4,25,100,100
SHORTEST_PULSE,316021,307.28807872988875,1.2727398066535802,445.27907653515393,0,0,0,0,0,16,4,25,100,100
METROLOGY_CONDITIONED_EIG,316021,307.28807872988875,1.2727398066535802,445.27907653515393,0,0,0,0,0,16,4,25,100,100
NO_PASSIVE,316022,204.27093025082303,2.5894925146917807,445.27907653515393,0,0,0,0,0,16,4,25,100,100
RANDOM,316022,204.27093025082303,2.5894925146917807,445.27907653515393,0,0,0,0,0,16,4,25,100,100
HIGHEST_SNR,316022,204.27093025082303,2.5894925146917807,445.27907653515393,0,0,0,0,0,16,4,25,100,100
SHORTEST_PULSE,316022,204.27093025082303,2.5894925146917807,445.27907653515393,0,0,0,0,0,16,4,25,100,100
METROLOGY_CONDITIONED_EIG,316022,204.27093025082303,2.5894925146917807,445.27907653515393,0,0,0,0,0,16,4,25,100,100
NO_PASSIVE,316023,200.34697180841323,1.459705146201976,445.27907653515393,0,0,0,0,0,16,4,25,100,100
RANDOM,316023,200.34697180841323,1.459705146201976,445.27907653515393,0,0,0,0,0,16,4,25,100,100
HIGHEST_SNR,316023,200.34697180841323,1.459705146201976,445.27907653515393,0,0,0,0,0,16,4,25,100,100
SHORTEST_PULSE,316023,200.34697180841323,1.459705146201976,445.27907653515393,0,0,0,0,0,16,4,25,100,100
METROLOGY_CONDITIONED_EIG,316023,200.34697180841323,1.459705146201976,445.27907653515393,0,0,0,0,0,16,4,25,100,100
NO_PASSIVE,316024,901.0713643122158,3.3054783434163775,445.27907653515393,0,0,0,0,0,16,4,25,100,100
RANDOM,316024,901.0713643122158,3.3054783434163775,445.27907653515393,0,0,0,0,0,16,4,25,100,100
HIGHEST_SNR,316024,901.0713643122158,3.3054783434163775,445.27907653515393,0,0,0,0,0,16,4,25,100,100
SHORTEST_PULSE,316024,901.0713643122158,3.3054783434163775,445.27907653515393,0,0,0,0,0,16,4,25,100,100
METROLOGY_CONDITIONED_EIG,316024,901.0713643122158,3.3054783434163775,445.27907653515393,0,0,0,0,0,16,4,25,100,100
NO_PASSIVE,316025,160.92759837399558,1.92735231634884,445.27907653515393,0,0,0,0,0,16,4,25,100,100
RANDOM,316025,160.92759837399558,1.92735231634884,445.27907653515393,0,0,0,0,0,16,4,25,100,100
HIGHEST_SNR,316025,160.92759837399558,1.92735231634884,445.27907653515393,0,0,0,0,0,16,4,25,100,100
SHORTEST_PULSE,316025,160.92759837399558,1.92735231634884,445.27907653515393,0,0,0,0,0,16,4,25,100,100
METROLOGY_CONDITIONED_EIG,316025,160.92759837399558,1.92735231634884,445.27907653515393,0,0,0,0,0,16,4,25,100,100
NO_PASSIVE,316026,100.9226890480937,1.6402486774236267,445.27907653515393,0,0,0,0,0,16,4,25,100,100
RANDOM,316026,100.9226890480937,1.6402486774236267,445.27907653515393,0,0,0,0,0,16,4,25,100,100
HIGHEST_SNR,316026,100.9226890480937,1.6402486774236267,445.27907653515393,0,0,0,0,0,16,4,25,100,100
SHORTEST_PULSE,316026,100.9226890480937,1.6402486774236267,445.27907653515393,0,0,0,0,0,16,4,25,100,100
METROLOGY_CONDITIONED_EIG,316026,100.9226890480937,1.6402486774236267,445.27907653515393,0,0,0,0,0,16,4,25,100,100
NO_PASSIVE,316027,549.8576422900511,0.6490191921166387,445.27907653515393,0,0,0,0,0,16,4,25,100,100
RANDOM,316027,549.8576422900511,0.6490191921166387,445.27907653515393,0,0,0,0,0,16,4,25,100,100
HIGHEST_SNR,316027,549.8576422900511,0.6490191921166387,445.27907653515393,0,0,0,0,0,16,4,25,100,100
SHORTEST_PULSE,316027,549.8576422900511,0.6490191921166387,445.27907653515393,0,0,0,0,0,16,4,25,100,100
METROLOGY_CONDITIONED_EIG,316027,549.8576422900511,0.6490191921166387,445.27907653515393,0,0,0,0,0,16,4,25,100,100
NO_PASSIVE,316028,771.111414282068,1.489796680005254,445.27907653515393,0,0,0,0,0,16,4,25,100,100
RANDOM,316028,771.111414282068,1.489796680005254,445.27907653515393,0,0,0,0,0,16,4,25,100,100
HIGHEST_SNR,316028,771.111414282068,1.489796680005254,445.27907653515393,0,0,0,0,0,16,4,25,100,100
SHORTEST_PULSE,316028,771.111414282068,1.489796680005254,445.27907653515393,0,0,0,0,0,16,4,25,100,100
METROLOGY_CONDITIONED_EIG,316028,771.111414282068,1.489796680005254,445.27907653515393,0,0,0,0,0,16,4,25,100,100
NO_PASSIVE,316029,658.2227415498166,1.0623783133360336,445.27907653515393,0,0,0,0,1,16,4,25,100,100
RANDOM,316029,603.0130845538554,0.9156772001027726,328.834404268922,1,0,0,0,1,16,4,25,100,100
HIGHEST_SNR,316029,603.0130845538554,0.9156772001027726,328.834404268922,1,0,0,0,1,16,4,25,100,100
SHORTEST_PULSE,316029,603.0130845538554,0.9156772001027726,328.834404268922,1,0,0,0,1,16,4,25,100,100
METROLOGY_CONDITIONED_EIG,316029,603.0130845538554,0.9156772001027726,328.834404268922,1,0,0,0,1,16,4,25,100,100
NO_PASSIVE,317000,210.633027944441,0.421185817507849,445.27907653515393,0,0,0,0,26,17,4,25,1000,30
RANDOM,317000,35.68752144147839,0.6809573694872851,78.56089374615381,26,0,0,0,26,17,4,25,1000,30
HIGHEST_SNR,317000,35.68752144147839,0.6809573694872851,78.56089374615381,26,0,0,0,26,17,4,25,1000,30
SHORTEST_PULSE,317000,35.68752144147839,0.6809573694872851,78.56089374615381,26,0,0,0,26,17,4,25,1000,30
METROLOGY_CONDITIONED_EIG,317000,35.68752144147839,0.6809573694872851,78.56089374615381,26,0,0,0,26,17,4,25,1000,30
NO_PASSIVE,317001,324.99583327168347,1.7781667860011041,445.27907653515393,0,0,0,0,9,17,4,25,1000,30
RANDOM,317001,45.82834128935248,0.06295093192307027,81.28073851599277,9,0,0,0,9,17,4,25,1000,30
HIGHEST_SNR,317001,45.82834128935248,0.06295093192307027,81.28073851599277,9,0,0,0,9,17,4,25,1000,30
SHORTEST_PULSE,317001,45.82834128935248,0.06295093192307027,81.28073851599277,9,0,0,0,9,17,4,25,1000,30
METROLOGY_CONDITIONED_EIG,317001,45.82834128935248,0.06295093192307027,81.28073851599277,9,0,0,0,9,17,4,25,1000,30
NO_PASSIVE,317002,1170.562420168787,3.258457993757988,445.27907653515393,0,0,0,0,0,17,4,25,1000,30
RANDOM,317002,1170.562420168787,3.258457993757988,445.27907653515393,0,0,0,0,0,17,4,25,1000,30
HIGHEST_SNR,317002,1170.562420168787,3.258457993757988,445.27907653515393,0,0,0,0,0,17,4,25,1000,30
SHORTEST_PULSE,317002,1170.562420168787,3.258457993757988,445.27907653515393,0,0,0,0,0,17,4,25,1000,30
METROLOGY_CONDITIONED_EIG,317002,1170.562420168787,3.258457993757988,445.27907653515393,0,0,0,0,0,17,4,25,1000,30
NO_PASSIVE,317003,415.6783982159298,2.2271762093932668,445.27907653515393,0,0,0,0,0,17,4,25,1000,30
RANDOM,317003,415.6783982159298,2.2271762093932668,445.27907653515393,0,0,0,0,0,17,4,25,1000,30
HIGHEST_SNR,317003,415.6783982159298,2.2271762093932668,445.27907653515393,0,0,0,0,0,17,4,25,1000,30
SHORTEST_PULSE,317003,415.6783982159298,2.2271762093932668,445.27907653515393,0,0,0,0,0,17,4,25,1000,30
METROLOGY_CONDITIONED_EIG,317003,415.6783982159298,2.2271762093932668,445.27907653515393,0,0,0,0,0,17,4,25,1000,30
NO_PASSIVE,317004,461.41673324262536,1.1684015908620704,445.27907653515393,0,0,0,0,6,17,4,25,1000,30
RANDOM,317004,462.70115529113565,1.2676195404985402,315.30844807963706,6,0,0,0,6,17,4,25,1000,30
HIGHEST_SNR,317004,462.70115529113565,1.2676195404985402,315.30844807963706,6,0,0,0,6,17,4,25,1000,30
SHORTEST_PULSE,317004,462.70115529113565,1.2676195404985402,315.30844807963706,6,0,0,0,6,17,4,25,1000,30
METROLOGY_CONDITIONED_EIG,317004,462.70115529113565,1.2676195404985402,315.30844807963706,6,0,0,0,6,17,4,25,1000,30
NO_PASSIVE,317005,976.3296153770495,0.939756756757099,445.27907653515393,0,0,0,0,24,17,4,25,1000,30
RANDOM,317005,976.3296153770657,0.939756756757099,444.9150316775722,0,24,0,0,24,17,4,25,1000,30
HIGHEST_SNR,317005,976.3296153770657,0.939756756757099,444.9150316775722,0,24,0,0,24,17,4,25,1000,30
SHORTEST_PULSE,317005,976.3296153770657,0.939756756757099,444.9150316775722,0,24,0,0,24,17,4,25,1000,30
METROLOGY_CONDITIONED_EIG,317005,976.3296153770657,0.939756756757099,444.9150316775722,0,24,0,0,24,17,4,25,1000,30
NO_PASSIVE,317006,353.7298105365446,0.2097505771144881,445.27907653515393,0,0,0,0,27,17,4,25,1000,30
RANDOM,317006,18.4948017787714,1.0151524692848173,23.540175504629406,22,0,0,0,27,17,4,25,1000,30
HIGHEST_SNR,317006,25.89747820608012,1.0171825314956289,23.31337730758282,22,0,0,0,27,17,4,25,1000,30
SHORTEST_PULSE,317006,12.55140430459351,0.8044255154294273,23.679180028459882,22,0,0,0,27,17,4,25,1000,30
METROLOGY_CONDITIONED_EIG,317006,25.31016097808937,1.1333668098044443,22.76164438241623,22,0,0,0,27,17,4,25,1000,30
NO_PASSIVE,317007,811.4569714430062,2.5791983448256026,445.27907653515393,0,0,0,0,29,17,4,25,1000,30
RANDOM,317007,52.51202280739294,2.271197241055606,45.742239185066644,24,1,0,0,29,17,4,25,1000,30
HIGHEST_SNR,317007,49.26740331520324,2.3584224793621265,45.74573069263388,24,1,0,0,29,17,4,25,1000,30
SHORTEST_PULSE,317007,49.26740331520324,2.3584224793621265,45.74573069263388,24,1,0,0,29,17,4,25,1000,30
METROLOGY_CONDITIONED_EIG,317007,52.149908465945906,2.2177158687477876,45.74398004853405,24,1,0,0,29,17,4,25,1000,30
NO_PASSIVE,317008,169.69392411579747,0.6131992865506964,445.27907653515393,0,0,0,0,6,17,4,25,1000,30
RANDOM,317008,50.30044070613384,0.3748235808394238,318.4674355462527,6,0,0,0,6,17,4,25,1000,30
HIGHEST_SNR,317008,50.30044070613384,0.3748235808394238,318.4674355462527,6,0,0,0,6,17,4,25,1000,30
SHORTEST_PULSE,317008,50.30044070613384,0.3748235808394238,318.4674355462527,6,0,0,0,6,17,4,25,1000,30
METROLOGY_CONDITIONED_EIG,317008,50.30044070613384,0.3748235808394238,318.4674355462527,6,0,0,0,6,17,4,25,1000,30
NO_PASSIVE,317009,241.68924651882247,2.1335415435981218,445.27907653515393,0,0,0,0,2,17,4,25,1000,30
RANDOM,317009,48.310622273286214,2.021372052682372,326.2523731523611,2,0,0,0,2,17,4,25,1000,30
HIGHEST_SNR,317009,48.310622273286214,2.021372052682372,326.2523731523611,2,0,0,0,2,17,4,25,1000,30
SHORTEST_PULSE,317009,48.310622273286214,2.021372052682372,326.2523731523611,2,0,0,0,2,17,4,25,1000,30
METROLOGY_CONDITIONED_EIG,317009,48.310622273286214,2.021372052682372,326.2523731523611,2,0,0,0,2,17,4,25,1000,30
NO_PASSIVE,317010,317.3631737206984,0.9539410553153053,445.27907653515393,0,0,0,0,15,17,4,25,1000,30
RANDOM,317010,45.0406862969568,0.9387102456440759,97.99574520357993,15,0,0,0,15,17,4,25,1000,30
HIGHEST_SNR,317010,45.0406862969568,0.9387102456440759,97.99574520357993,15,0,0,0,15,17,4,25,1000,30
SHORTEST_PULSE,317010,45.0406862969568,0.9387102456440759,97.99574520357993,15,0,0,0,15,17,4,25,1000,30
METROLOGY_CONDITIONED_EIG,317010,45.0406862969568,0.9387102456440759,97.99574520357993,15,0,0,0,15,17,4,25,1000,30
NO_PASSIVE,317011,240.07280656906136,3.1053947385395637,445.27907653515393,0,0,0,0,24,17,4,25,1000,30
RANDOM,317011,136.15896934724378,2.4592987563293938,313.27331970458584,24,0,0,0,24,17,4,25,1000,30
HIGHEST_SNR,317011,136.15896934724378,2.4592987563293938,313.27331970458584,24,0,0,0,24,17,4,25,1000,30
SHORTEST_PULSE,317011,136.15896934724378,2.4592987563293938,313.27331970458584,24,0,0,0,24,17,4,25,1000,30
METROLOGY_CONDITIONED_EIG,317011,136.15896934724378,2.4592987563293938,313.27331970458584,24,0,0,0,24,17,4,25,1000,30
NO_PASSIVE,317012,840.7468728984304,1.8289522618847671,445.27907653515393,0,0,0,0,6,17,4,25,1000,30
RANDOM,317012,722.5067588432257,0.8010058522443022,315.0113582194167,5,0,0,0,6,17,4,25,1000,30
HIGHEST_SNR,317012,722.5067588432257,0.8010058522443022,315.0113582194167,5,0,0,0,6,17,4,25,1000,30
SHORTEST_PULSE,317012,30.724299343991348,1.6778344666654081,52.92205200444,5,0,0,0,6,17,4,25,1000,30
METROLOGY_CONDITIONED_EIG,317012,30.724299343991348,1.6778344666654081,52.92205200444,5,0,0,0,6,17,4,25,1000,30
NO_PASSIVE,317013,378.1773528922586,3.075620653426652,445.27907653515393,0,0,0,0,16,17,4,25,1000,30
RANDOM,317013,26.441928728934393,2.5949738013674137,309.0644333856053,16,0,0,0,16,17,4,25,1000,30
HIGHEST_SNR,317013,26.441928728934393,2.5949738013674137,309.0644333856053,16,0,0,0,16,17,4,25,1000,30
SHORTEST_PULSE,317013,26.441928728934393,2.5949738013674137,309.0644333856053,16,0,0,0,16,17,4,25,1000,30
METROLOGY_CONDITIONED_EIG,317013,26.441928728934393,2.5949738013674137,309.0644333856053,16,0,0,0,16,17,4,25,1000,30
NO_PASSIVE,317014,405.4600490898567,1.8496085083736165,445.27907653515393,0,0,0,0,27,17,4,25,1000,30
RANDOM,317014,473.1669520407607,2.6313301319776645,216.170421615312,27,0,0,0,27,17,4,25,1000,30
HIGHEST_SNR,317014,473.1669520407607,2.6313301319776645,216.170421615312,27,0,0,0,27,17,4,25,1000,30
SHORTEST_PULSE,317014,473.1669520407607,2.6313301319776645,216.170421615312,27,0,0,0,27,17,4,25,1000,30
METROLOGY_CONDITIONED_EIG,317014,473.1669520407607,2.6313301319776645,216.170421615312,27,0,0,0,27,17,4,25,1000,30
NO_PASSIVE,317015,566.0048279972308,1.6081830707367584,445.27907653515393,0,0,0,0,9,17,4,25,1000,30
RANDOM,317015,15.291955864985498,0.7854321645650276,46.89385468657598,7,0,0,0,9,17,4,25,1000,30
HIGHEST_SNR,317015,205.70793832796727,0.9970659709700569,313.8743703172873,7,0,0,0,9,17,4,25,1000,30
SHORTEST_PULSE,317015,15.205745996041069,0.6926493003089852,46.08772043505023,7,0,0,0,9,17,4,25,1000,30
METROLOGY_CONDITIONED_EIG,317015,15.205745996041069,0.6926493003089852,46.08772043505023,7,0,0,0,9,17,4,25,1000,30
NO_PASSIVE,317016,601.5261314287476,3.2802408455813814,445.27907653515393,0,0,0,0,0,17,4,25,1000,30
RANDOM,317016,601.5261314287476,3.2802408455813814,445.27907653515393,0,0,0,0,0,17,4,25,1000,30
HIGHEST_SNR,317016,601.5261314287476,3.2802408455813814,445.27907653515393,0,0,0,0,0,17,4,25,1000,30
SHORTEST_PULSE,317016,601.5261314287476,3.2802408455813814,445.27907653515393,0,0,0,0,0,17,4,25,1000,30
METROLOGY_CONDITIONED_EIG,317016,601.5261314287476,3.2802408455813814,445.27907653515393,0,0,0,0,0,17,4,25,1000,30
NO_PASSIVE,317017,511.836056589731,2.516767819126548,445.27907653515393,0,0,0,0,2,17,4,25,1000,30
RANDOM,317017,45.39577545224212,1.7339547497130459,50.737694368072404,2,0,0,0,2,17,4,25,1000,30
HIGHEST_SNR,317017,45.39577545224212,1.7339547497130459,50.737694368072404,2,0,0,0,2,17,4,25,1000,30
SHORTEST_PULSE,317017,45.39577545224212,1.7339547497130459,50.737694368072404,2,0,0,0,2,17,4,25,1000,30
METROLOGY_CONDITIONED_EIG,317017,45.39577545224212,1.7339547497130459,50.737694368072404,2,0,0,0,2,17,4,25,1000,30
NO_PASSIVE,317018,309.16556401095056,1.928654878680154,445.27907653515393,0,0,0,0,2,17,4,25,1000,30
RANDOM,317018,72.56296142512551,2.3259306318673674,324.20339127312917,2,0,0,0,2,17,4,25,1000,30
HIGHEST_SNR,317018,72.56296142512551,2.3259306318673674,324.20339127312917,2,0,0,0,2,17,4,25,1000,30
SHORTEST_PULSE,317018,72.56296142512551,2.3259306318673674,324.20339127312917,2,0,0,0,2,17,4,25,1000,30
METROLOGY_CONDITIONED_EIG,317018,72.56296142512551,2.3259306318673674,324.20339127312917,2,0,0,0,2,17,4,25,1000,30
NO_PASSIVE,317019,63.64944333612737,3.5821740827036512,445.27907653515393,0,0,0,0,0,17,4,25,1000,30
RANDOM,317019,63.64944333612737,3.5821740827036512,445.27907653515393,0,0,0,0,0,17,4,25,1000,30
HIGHEST_SNR,317019,63.64944333612737,3.5821740827036512,445.27907653515393,0,0,0,0,0,17,4,25,1000,30
SHORTEST_PULSE,317019,63.64944333612737,3.5821740827036512,445.27907653515393,0,0,0,0,0,17,4,25,1000,30
METROLOGY_CONDITIONED_EIG,317019,63.64944333612737,3.5821740827036512,445.27907653515393,0,0,0,0,0,17,4,25,1000,30
NO_PASSIVE,317020,945.8339652976827,3.011207960975309,445.27907653515393,0,0,0,0,1,17,4,25,1000,30
RANDOM,317020,945.8339652976844,3.011207960975309,445.27897943660577,0,1,0,0,1,17,4,25,1000,30
HIGHEST_SNR,317020,945.8339652976844,3.011207960975309,445.27897943660577,0,1,0,0,1,17,4,25,1000,30
SHORTEST_PULSE,317020,945.8339652976844,3.011207960975309,445.27897943660577,0,1,0,0,1,17,4,25,1000,30
METROLOGY_CONDITIONED_EIG,317020,945.8339652976844,3.011207960975309,445.27897943660577,0,1,0,0,1,17,4,25,1000,30
NO_PASSIVE,317021,406.47721116119743,2.4563103953617444,445.27907653515393,0,0,0,0,3,17,4,25,1000,30
RANDOM,317021,154.2031812790111,2.391103553733695,320.8207600580893,3,0,0,0,3,17,4,25,1000,30
HIGHEST_SNR,317021,154.2031812790111,2.391103553733695,320.8207600580893,3,0,0,0,3,17,4,25,1000,30
SHORTEST_PULSE,317021,154.2031812790111,2.391103553733695,320.8207600580893,3,0,0,0,3,17,4,25,1000,30
METROLOGY_CONDITIONED_EIG,317021,154.2031812790111,2.391103553733695,320.8207600580893,3,0,0,0,3,17,4,25,1000,30
NO_PASSIVE,317022,746.6366180916312,2.268057237216774,445.27907653515393,0,0,0,0,29,17,4,25,1000,30
RANDOM,317022,36.354848700371896,1.1485125729863315,36.97274057603454,18,3,0,0,29,17,4,25,1000,30
HIGHEST_SNR,317022,16.59389283826489,1.3194398912062337,39.07469493030493,18,3,0,0,29,17,4,25,1000,30
SHORTEST_PULSE,317022,16.59389283826489,1.3194398912062337,39.07469493030493,18,3,0,0,29,17,4,25,1000,30
METROLOGY_CONDITIONED_EIG,317022,34.63046262170999,1.3480183245985726,36.835685717655764,18,3,0,0,29,17,4,25,1000,30
NO_PASSIVE,317023,228.36831723102114,0.5985845979079967,445.27907653515393,0,0,0,0,12,17,4,25,1000,30
RANDOM,317023,66.02327055506773,0.8707529064057905,234.7270329423964,11,0,0,0,12,17,4,25,1000,30
HIGHEST_SNR,317023,140.02620240867873,0.7656073002861906,379.7479226039007,11,0,0,0,12,17,4,25,1000,30
SHORTEST_PULSE,317023,140.02620240867873,0.7656073002861906,379.7479226039007,11,0,0,0,12,17,4,25,1000,30
METROLOGY_CONDITIONED_EIG,317023,66.02327055506773,0.8707529064057905,234.7270329423964,11,0,0,0,12,17,4,25,1000,30
NO_PASSIVE,317024,173.52554505831597,1.6574156807163323,445.27907653515393,0,0,0,0,0,17,4,25,1000,30
RANDOM,317024,173.52554505831597,1.6574156807163323,445.27907653515393,0,0,0,0,0,17,4,25,1000,30
HIGHEST_SNR,317024,173.52554505831597,1.6574156807163323,445.27907653515393,0,0,0,0,0,17,4,25,1000,30
SHORTEST_PULSE,317024,173.52554505831597,1.6574156807163323,445.27907653515393,0,0,0,0,0,17,4,25,1000,30
METROLOGY_CONDITIONED_EIG,317024,173.52554505831597,1.6574156807163323,445.27907653515393,0,0,0,0,0,17,4,25,1000,30
NO_PASSIVE,317025,594.4560834782206,2.1833469449446508,445.27907653515393,0,0,0,0,9,17,4,25,1000,30
RANDOM,317025,33.816930568796266,1.8434423990103463,81.68350506594305,9,0,0,0,9,17,4,25,1000,30
HIGHEST_SNR,317025,33.816930568796266,1.8434423990103463,81.68350506594305,9,0,0,0,9,17,4,25,1000,30
SHORTEST_PULSE,317025,33.816930568796266,1.8434423990103463,81.68350506594305,9,0,0,0,9,17,4,25,1000,30
METROLOGY_CONDITIONED_EIG,317025,33.816930568796266,1.8434423990103463,81.68350506594305,9,0,0,0,9,17,4,25,1000,30
NO_PASSIVE,317026,667.8490075426722,1.2045984019466953,445.27907653515393,0,0,0,0,2,17,4,25,1000,30
RANDOM,317026,654.0226877936348,0.7607895150387693,316.28932289702874,2,0,0,0,2,17,4,25,1000,30
HIGHEST_SNR,317026,654.0226877936348,0.7607895150387693,316.28932289702874,2,0,0,0,2,17,4,25,1000,30
SHORTEST_PULSE,317026,654.0226877936348,0.7607895150387693,316.28932289702874,2,0,0,0,2,17,4,25,1000,30
METROLOGY_CONDITIONED_EIG,317026,654.0226877936348,0.7607895150387693,316.28932289702874,2,0,0,0,2,17,4,25,1000,30
NO_PASSIVE,317027,244.00572246808426,1.6917610136078243,445.27907653515393,0,0,0,0,1,17,4,25,1000,30
RANDOM,317027,103.56878605257955,1.676038081874745,334.5314695773438,1,0,0,0,1,17,4,25,1000,30
HIGHEST_SNR,317027,103.56878605257955,1.676038081874745,334.5314695773438,1,0,0,0,1,17,4,25,1000,30
SHORTEST_PULSE,317027,103.56878605257955,1.676038081874745,334.5314695773438,1,0,0,0,1,17,4,25,1000,30
METROLOGY_CONDITIONED_EIG,317027,103.56878605257955,1.676038081874745,334.5314695773438,1,0,0,0,1,17,4,25,1000,30
NO_PASSIVE,317028,683.5712408520317,1.5399625514675266,445.27907653515393,0,0,0,0,6,17,4,25,1000,30
RANDOM,317028,13.205669539814785,1.8269929256974176,162.3959725282108,6,0,0,0,6,17,4,25,1000,30
HIGHEST_SNR,317028,13.205669539814785,1.8269929256974176,162.3959725282108,6,0,0,0,6,17,4,25,1000,30
SHORTEST_PULSE,317028,13.205669539814785,1.8269929256974176,162.3959725282108,6,0,0,0,6,17,4,25,1000,30
METROLOGY_CONDITIONED_EIG,317028,13.205669539814785,1.8269929256974176,162.3959725282108,6,0,0,0,6,17,4,25,1000,30
NO_PASSIVE,317029,343.35373797051585,2.4898523864884234,445.27907653515393,0,0,0,0,11,17,4,25,1000,30
RANDOM,317029,56.93362096471696,0.6377227367761601,93.79666321813673,11,0,0,0,11,17,4,25,1000,30
HIGHEST_SNR,317029,56.93362096471696,0.6377227367761601,93.79666321813673,11,0,0,0,11,17,4,25,1000,30
SHORTEST_PULSE,317029,56.93362096471696,0.6377227367761601,93.79666321813673,11,0,0,0,11,17,4,25,1000,30
METROLOGY_CONDITIONED_EIG,317029,56.93362096471696,0.6377227367761601,93.79666321813673,11,0,0,0,11,17,4,25,1000,30
NO_PASSIVE,318000,270.91286533197035,1.5259111500020608,445.27907653515393,0,0,0,0,9,18,4,25,1000,100
RANDOM,318000,114.60265165838516,1.5400977055606035,152.0298777987779,8,0,0,0,9,18,4,25,1000,100
HIGHEST_SNR,318000,60.75016077811927,1.5739546490254128,326.58781981678584,8,0,0,0,9,18,4,25,1000,100
SHORTEST_PULSE,318000,60.75016077811927,1.5739546490254128,326.58781981678584,8,0,0,0,9,18,4,25,1000,100
METROLOGY_CONDITIONED_EIG,318000,114.60265165838516,1.5400977055606035,152.0298777987779,8,0,0,0,9,18,4,25,1000,100
NO_PASSIVE,318001,117.71651755504755,0.3944817050188647,445.27907653515393,0,0,0,0,1,18,4,25,1000,100
RANDOM,318001,58.97369481120429,0.33057391087313553,323.49833976024917,1,0,0,0,1,18,4,25,1000,100
HIGHEST_SNR,318001,58.97369481120429,0.33057391087313553,323.49833976024917,1,0,0,0,1,18,4,25,1000,100
SHORTEST_PULSE,318001,58.97369481120429,0.33057391087313553,323.49833976024917,1,0,0,0,1,18,4,25,1000,100
METROLOGY_CONDITIONED_EIG,318001,58.97369481120429,0.33057391087313553,323.49833976024917,1,0,0,0,1,18,4,25,1000,100
NO_PASSIVE,318002,276.9927204861246,1.9190345637567516,445.27907653515393,0,0,0,0,3,18,4,25,1000,100
RANDOM,318002,81.68014397777183,2.025152578266442,322.0720251684978,3,0,0,0,3,18,4,25,1000,100
HIGHEST_SNR,318002,81.68014397777183,2.025152578266442,322.0720251684978,3,0,0,0,3,18,4,25,1000,100
SHORTEST_PULSE,318002,81.68014397777183,2.025152578266442,322.0720251684978,3,0,0,0,3,18,4,25,1000,100
METROLOGY_CONDITIONED_EIG,318002,81.68014397777183,2.025152578266442,322.0720251684978,3,0,0,0,3,18,4,25,1000,100
NO_PASSIVE,318003,287.1177614259066,1.3449652718324348,445.27907653515393,0,0,0,0,9,18,4,25,1000,100
RANDOM,318003,265.19579803426257,0.6827291950197781,316.4639639240455,9,0,0,0,9,18,4,25,1000,100
HIGHEST_SNR,318003,265.19579803426257,0.6827291950197781,316.4639639240455,9,0,0,0,9,18,4,25,1000,100
SHORTEST_PULSE,318003,265.19579803426257,0.6827291950197781,316.4639639240455,9,0,0,0,9,18,4,25,1000,100
METROLOGY_CONDITIONED_EIG,318003,265.19579803426257,0.6827291950197781,316.4639639240455,9,0,0,0,9,18,4,25,1000,100
NO_PASSIVE,318004,621.5528916300341,0.6945718780916567,445.27907653515393,0,0,0,0,4,18,4,25,1000,100
RANDOM,318004,438.88779351467787,0.16381031014727646,321.049867565909,4,0,0,0,4,18,4,25,1000,100
HIGHEST_SNR,318004,438.88779351467787,0.16381031014727646,321.049867565909,4,0,0,0,4,18,4,25,1000,100
SHORTEST_PULSE,318004,438.88779351467787,0.16381031014727646,321.049867565909,4,0,0,0,4,18,4,25,1000,100
METROLOGY_CONDITIONED_EIG,318004,438.88779351467787,0.16381031014727646,321.049867565909,4,0,0,0,4,18,4,25,1000,100
NO_PASSIVE,318005,285.1639941684525,2.031299800255108,445.27907653515393,0,0,0,0,2,18,4,25,1000,100
RANDOM,318005,109.50825251179869,1.7466131498835855,292.8399242592772,2,0,0,0,2,18,4,25,1000,100
HIGHEST_SNR,318005,109.50825251179869,1.7466131498835855,292.8399242592772,2,0,0,0,2,18,4,25,1000,100
SHORTEST_PULSE,318005,109.50825251179869,1.7466131498835855,292.8399242592772,2,0,0,0,2,18,4,25,1000,100
METROLOGY_CONDITIONED_EIG,318005,109.50825251179869,1.7466131498835855,292.8399242592772,2,0,0,0,2,18,4,25,1000,100
NO_PASSIVE,318006,149.49659450148013,3.009448401163023,445.27907653515393,0,0,0,0,6,18,4,25,1000,100
RANDOM,318006,38.720556608761314,2.5101152977803998,79.63831118330461,5,0,0,0,6,18,4,25,1000,100
HIGHEST_SNR,318006,38.720556608761314,2.5101152977803998,79.63831118330461,5,0,0,0,6,18,4,25,1000,100
SHORTEST_PULSE,318006,38.720556608761314,2.5101152977803998,79.63831118330461,5,0,0,0,6,18,4,25,1000,100
METROLOGY_CONDITIONED_EIG,318006,40.864024606621165,2.4625210112474574,82.92777257315991,5,0,0,0,6,18,4,25,1000,100
NO_PASSIVE,318007,840.178706433803,0.455246189726102,445.27907653515393,0,0,0,0,31,18,4,25,1000,100
RANDOM,318007,1548.3395493576497,0.5411539458819332,114.9663968176012,12,19,0,0,31,18,4,25,1000,100
HIGHEST_SNR,318007,1548.3395493576497,0.5411539458819332,114.9663968176012,12,19,0,0,31,18,4,25,1000,100
SHORTEST_PULSE,318007,1548.3395493576497,0.5411539458819332,114.9663968176012,12,19,0,0,31,18,4,25,1000,100
METROLOGY_CONDITIONED_EIG,318007,1548.3395493576497,0.5411539458819332,114.9663968176012,12,19,0,0,31,18,4,25,1000,100
NO_PASSIVE,318008,600.2087782807939,0.8055515255539882,445.27907653515393,0,0,0,0,24,18,4,25,1000,100
RANDOM,318008,354.12576622630536,0.6025717277960465,312.6297199489805,24,0,0,0,24,18,4,25,1000,100
HIGHEST_SNR,318008,354.12576622630536,0.6025717277960465,312.6297199489805,24,0,0,0,24,18,4,25,1000,100
SHORTEST_PULSE,318008,354.12576622630536,0.6025717277960465,312.6297199489805,24,0,0,0,24,18,4,25,1000,100
METROLOGY_CONDITIONED_EIG,318008,354.12576622630536,0.6025717277960465,312.6297199489805,24,0,0,0,24,18,4,25,1000,100
NO_PASSIVE,318009,250.96820010251136,1.535236897242476,445.27907653515393,0,0,0,0,6,18,4,25,1000,100
RANDOM,318009,31.980050535420915,1.1723415122881597,95.6830791203668,6,0,0,0,6,18,4,25,1000,100
HIGHEST_SNR,318009,31.980050535420915,1.1723415122881597,95.6830791203668,6,0,0,0,6,18,4,25,1000,100
SHORTEST_PULSE,318009,31.980050535420915,1.1723415122881597,95.6830791203668,6,0,0,0,6,18,4,25,1000,100
METROLOGY_CONDITIONED_EIG,318009,31.980050535420915,1.1723415122881597,95.6830791203668,6,0,0,0,6,18,4,25,1000,100
NO_PASSIVE,318010,253.41668410221064,2.7709711462708886,445.27907653515393,0,0,0,0,19,18,4,25,1000,100
RANDOM,318010,40.28046679338082,1.6360325469660701,125.84064986174404,18,0,0,0,19,18,4,25,1000,100
HIGHEST_SNR,318010,164.4076008100495,1.5296190234596299,315.21475803583337,18,0,0,0,19,18,4,25,1000,100
SHORTEST_PULSE,318010,40.28046679338082,1.6360325469660701,125.84064986174404,18,0,0,0,19,18,4,25,1000,100
METROLOGY_CONDITIONED_EIG,318010,40.28046679338082,1.6360325469660701,125.84064986174404,18,0,0,0,19,18,4,25,1000,100
NO_PASSIVE,318011,37.708953621793015,1.766251206494316,445.27907653515393,0,0,0,0,12,18,4,25,1000,100
RANDOM,318011,26.92855127546057,0.21311277967400125,44.83812562666235,9,0,0,0,12,18,4,25,1000,100
HIGHEST_SNR,318011,11.9212452517069,1.3320886702134878,42.233560460988734,9,0,0,0,12,18,4,25,1000,100
SHORTEST_PULSE,318011,26.92855127546057,0.21311277967400125,44.83812562666235,9,0,0,0,12,18,4,25,1000,100
METROLOGY_CONDITIONED_EIG,318011,26.92855127546057,0.21311277967400125,44.83812562666235,9,0,0,0,12,18,4,25,1000,100
NO_PASSIVE,318012,624.5703511395311,0.36957231891636283,445.27907653515393,0,0,0,0,4,18,4,25,1000,100
RANDOM,318012,67.08055390754762,2.2941251020928686,100.81941633399018,4,0,0,0,4,18,4,25,1000,100
HIGHEST_SNR,318012,67.08055390754762,2.2941251020928686,100.81941633399018,4,0,0,0,4,18,4,25,1000,100
SHORTEST_PULSE,318012,67.08055390754762,2.2941251020928686,100.81941633399018,4,0,0,0,4,18,4,25,1000,100
METROLOGY_CONDITIONED_EIG,318012,67.08055390754762,2.2941251020928686,100.81941633399018,4,0,0,0,4,18,4,25,1000,100
NO_PASSIVE,318013,472.68139126946835,2.3455731220879903,445.27907653515393,0,0,0,0,5,18,4,25,1000,100
RANDOM,318013,60.61396372963418,2.631363332546968,68.20314810762945,5,0,0,0,5,18,4,25,1000,100
HIGHEST_SNR,318013,60.61396372963418,2.631363332546968,68.20314810762945,5,0,0,0,5,18,4,25,1000,100
SHORTEST_PULSE,318013,60.61396372963418,2.631363332546968,68.20314810762945,5,0,0,0,5,18,4,25,1000,100
METROLOGY_CONDITIONED_EIG,318013,60.61396372963418,2.631363332546968,68.20314810762945,5,0,0,0,5,18,4,25,1000,100
NO_PASSIVE,318014,408.02522029593865,1.5896714778508614,445.27907653515393,0,0,0,0,0,18,4,25,1000,100
RANDOM,318014,408.02522029593865,1.5896714778508614,445.27907653515393,0,0,0,0,0,18,4,25,1000,100
HIGHEST_SNR,318014,408.02522029593865,1.5896714778508614,445.27907653515393,0,0,0,0,0,18,4,25,1000,100
SHORTEST_PULSE,318014,408.02522029593865,1.5896714778508614,445.27907653515393,0,0,0,0,0,18,4,25,1000,100
METROLOGY_CONDITIONED_EIG,318014,408.02522029593865,1.5896714778508614,445.27907653515393,0,0,0,0,0,18,4,25,1000,100
NO_PASSIVE,318015,147.7182631331387,0.9441069453676931,445.27907653515393,0,0,0,0,1,18,4,25,1000,100
RANDOM,318015,63.54669600894603,0.8023206330608031,320.82113575679915,1,0,0,0,1,18,4,25,1000,100
HIGHEST_SNR,318015,63.54669600894603,0.8023206330608031,320.82113575679915,1,0,0,0,1,18,4,25,1000,100
SHORTEST_PULSE,318015,63.54669600894603,0.8023206330608031,320.82113575679915,1,0,0,0,1,18,4,25,1000,100
METROLOGY_CONDITIONED_EIG,318015,63.54669600894603,0.8023206330608031,320.82113575679915,1,0,0,0,1,18,4,25,1000,100
NO_PASSIVE,318016,124.91695660915676,2.7321343678441865,445.27907653515393,0,0,0,0,10,18,4,25,1000,100
RANDOM,318016,120.19062783614919,1.7429431546986767,79.224967250359,9,1,0,0,10,18,4,25,1000,100
HIGHEST_SNR,318016,120.19062783614919,1.7429431546986767,79.224967250359,9,1,0,0,10,18,4,25,1000,100
SHORTEST_PULSE,318016,120.19062783614919,1.7429431546986767,79.224967250359,9,1,0,0,10,18,4,25,1000,100
METROLOGY_CONDITIONED_EIG,318016,120.19062783614919,1.7429431546986767,79.224967250359,9,1,0,0,10,18,4,25,1000,100
NO_PASSIVE,318017,414.4710746372087,2.025942549059372,445.27907653515393,0,0,0,0,41,18,4,25,1000,100
RANDOM,318017,8.42988400489794,0.6343893195335778,43.96645985911407,32,0,0,0,41,18,4,25,1000,100
HIGHEST_SNR,318017,3.3493389227030166,0.27763869328400476,41.31192950242117,32,0,0,0,41,18,4,25,1000,100
SHORTEST_PULSE,318017,16.515430764871724,0.38712171351051994,36.769688090929314,32,0,0,0,41,18,4,25,1000,100
METROLOGY_CONDITIONED_EIG,318017,18.603194083516613,0.4776947391000816,36.878766389648504,32,0,0,0,41,18,4,25,1000,100
NO_PASSIVE,318018,381.1663883019321,1.0679200946165817,445.27907653515393,0,0,0,0,1,18,4,25,1000,100
RANDOM,318018,388.4620600701847,1.1137544904086252,324.964369560261,1,0,0,0,1,18,4,25,1000,100
HIGHEST_SNR,318018,388.4620600701847,1.1137544904086252,324.964369560261,1,0,0,0,1,18,4,25,1000,100
SHORTEST_PULSE,318018,388.4620600701847,1.1137544904086252,324.964369560261,1,0,0,0,1,18,4,25,1000,100
METROLOGY_CONDITIONED_EIG,318018,388.4620600701847,1.1137544904086252,324.964369560261,1,0,0,0,1,18,4,25,1000,100
NO_PASSIVE,318019,624.9678841428444,0.6038263004954431,445.27907653515393,0,0,0,0,6,18,4,25,1000,100
RANDOM,318019,112.848156292336,1.190166854178011,316.82726871175123,6,0,0,0,6,18,4,25,1000,100
HIGHEST_SNR,318019,112.848156292336,1.190166854178011,316.82726871175123,6,0,0,0,6,18,4,25,1000,100
SHORTEST_PULSE,318019,112.848156292336,1.190166854178011,316.82726871175123,6,0,0,0,6,18,4,25,1000,100
METROLOGY_CONDITIONED_EIG,318019,112.848156292336,1.190166854178011,316.82726871175123,6,0,0,0,6,18,4,25,1000,100
NO_PASSIVE,318020,293.7951096448585,2.0130500285812083,445.27907653515393,0,0,0,0,19,18,4,25,1000,100
RANDOM,318020,8.426281966314683,0.23534161962993294,54.38973402207427,18,0,0,0,19,18,4,25,1000,100
HIGHEST_SNR,318020,8.426281966314683,0.23534161962993294,54.38973402207427,18,0,0,0,19,18,4,25,1000,100
SHORTEST_PULSE,318020,8.352851081550908,0.05548929212544164,54.13244065462316,18,0,0,0,19,18,4,25,1000,100
METROLOGY_CONDITIONED_EIG,318020,8.352851081550908,0.05548929212544164,54.13244065462316,18,0,0,0,19,18,4,25,1000,100
NO_PASSIVE,318021,647.8912878397309,2.5533402840423536,445.27907653515393,0,0,0,0,2,18,4,25,1000,100
RANDOM,318021,453.6658164228755,2.531705591005202,326.13894444826707,2,0,0,0,2,18,4,25,1000,100
HIGHEST_SNR,318021,453.6658164228755,2.531705591005202,326.13894444826707,2,0,0,0,2,18,4,25,1000,100
SHORTEST_PULSE,318021,453.6658164228755,2.531705591005202,326.13894444826707,2,0,0,0,2,18,4,25,1000,100
METROLOGY_CONDITIONED_EIG,318021,453.6658164228755,2.531705591005202,326.13894444826707,2,0,0,0,2,18,4,25,1000,100
NO_PASSIVE,318022,281.84669634369686,0.55964514487618,445.27907653515393,0,0,0,0,2,18,4,25,1000,100
RANDOM,318022,158.50275338765923,0.2934015498617739,324.1498925827608,2,0,0,0,2,18,4,25,1000,100
HIGHEST_SNR,318022,158.50275338765923,0.2934015498617739,324.1498925827608,2,0,0,0,2,18,4,25,1000,100
SHORTEST_PULSE,318022,158.50275338765923,0.2934015498617739,324.1498925827608,2,0,0,0,2,18,4,25,1000,100
METROLOGY_CONDITIONED_EIG,318022,158.50275338765923,0.2934015498617739,324.1498925827608,2,0,0,0,2,18,4,25,1000,100
NO_PASSIVE,318023,429.4031013656796,2.549586619020843,445.27907653515393,0,0,0,0,1,18,4,25,1000,100
RANDOM,318023,192.67056744371814,2.637298945135439,326.16782825906836,1,0,0,0,1,18,4,25,1000,100
HIGHEST_SNR,318023,192.67056744371814,2.637298945135439,326.16782825906836,1,0,0,0,1,18,4,25,1000,100
SHORTEST_PULSE,318023,192.67056744371814,2.637298945135439,326.16782825906836,1,0,0,0,1,18,4,25,1000,100
METROLOGY_CONDITIONED_EIG,318023,192.67056744371814,2.637298945135439,326.16782825906836,1,0,0,0,1,18,4,25,1000,100
NO_PASSIVE,318024,537.7590037634344,1.6409599335894425,445.27907653515393,0,0,0,0,15,18,4,25,1000,100
RANDOM,318024,404.7124033376962,2.016395595687645,319.5372856563693,15,0,0,0,15,18,4,25,1000,100
HIGHEST_SNR,318024,404.7124033376962,2.016395595687645,319.5372856563693,15,0,0,0,15,18,4,25,1000,100
SHORTEST_PULSE,318024,404.7124033376962,2.016395595687645,319.5372856563693,15,0,0,0,15,18,4,25,1000,100
METROLOGY_CONDITIONED_EIG,318024,404.7124033376962,2.016395595687645,319.5372856563693,15,0,0,0,15,18,4,25,1000,100
NO_PASSIVE,318025,522.1507055956702,4.529246752633988,445.27907653515393,0,0,0,0,1,18,4,25,1000,100
RANDOM,318025,49.649395423225535,4.0091832738122815,316.77568820221774,1,0,0,0,1,18,4,25,1000,100
HIGHEST_SNR,318025,49.649395423225535,4.0091832738122815,316.77568820221774,1,0,0,0,1,18,4,25,1000,100
SHORTEST_PULSE,318025,49.649395423225535,4.0091832738122815,316.77568820221774,1,0,0,0,1,18,4,25,1000,100
METROLOGY_CONDITIONED_EIG,318025,49.649395423225535,4.0091832738122815,316.77568820221774,1,0,0,0,1,18,4,25,1000,100
NO_PASSIVE,318026,150.5065029199602,1.5378719443446862,445.27907653515393,0,0,0,0,6,18,4,25,1000,100
RANDOM,318026,130.54748057570472,1.4117904529472074,319.2877855275502,6,0,0,0,6,18,4,25,1000,100
HIGHEST_SNR,318026,130.54748057570472,1.4117904529472074,319.2877855275502,6,0,0,0,6,18,4,25,1000,100
SHORTEST_PULSE,318026,130.54748057570472,1.4117904529472074,319.2877855275502,6,0,0,0,6,18,4,25,1000,100
METROLOGY_CONDITIONED_EIG,318026,130.54748057570472,1.4117904529472074,319.2877855275502,6,0,0,0,6,18,4,25,1000,100
NO_PASSIVE,318027,535.4814947126372,2.135909504792921,445.27907653515393,0,0,0,0,21,18,4,25,1000,100
RANDOM,318027,13.35173325518588,0.26345034201115963,64.34399114912816,20,0,0,0,21,18,4,25,1000,100
HIGHEST_SNR,318027,11.711072211296141,0.4638484303528089,80.09174534248739,20,0,0,0,21,18,4,25,1000,100
SHORTEST_PULSE,318027,13.35173325518588,0.26345034201115963,64.34399114912816,20,0,0,0,21,18,4,25,1000,100
METROLOGY_CONDITIONED_EIG,318027,13.35173325518588,0.26345034201115963,64.34399114912816,20,0,0,0,21,18,4,25,1000,100
NO_PASSIVE,318028,731.0254991291245,1.4792968959760304,445.27907653515393,0,0,0,0,1,18,4,25,1000,100
RANDOM,318028,457.4664326998378,1.6230729385058593,332.34221550395546,1,0,0,0,1,18,4,25,1000,100
HIGHEST_SNR,318028,457.4664326998378,1.6230729385058593,332.34221550395546,1,0,0,0,1,18,4,25,1000,100
SHORTEST_PULSE,318028,457.4664326998378,1.6230729385058593,332.34221550395546,1,0,0,0,1,18,4,25,1000,100
METROLOGY_CONDITIONED_EIG,318028,457.4664326998378,1.6230729385058593,332.34221550395546,1,0,0,0,1,18,4,25,1000,100
NO_PASSIVE,318029,505.3272961482369,0.9995185300905449,445.27907653515393,0,0,0,0,2,18,4,25,1000,100
RANDOM,318029,188.88761982189862,0.4928678255470727,250.7463948183871,2,0,0,0,2,18,4,25,1000,100
HIGHEST_SNR,318029,188.88761982189862,0.4928678255470727,250.7463948183871,2,0,0,0,2,18,4,25,1000,100
SHORTEST_PULSE,318029,188.88761982189862,0.4928678255470727,250.7463948183871,2,0,0,0,2,18,4,25,1000,100
METROLOGY_CONDITIONED_EIG,318029,188.88761982189862,0.4928678255470727,250.7463948183871,2,0,0,0,2,18,4,25,1000,100
NO_PASSIVE,319000,231.7739156172573,1.5178815388900513,445.27907653515393,0,0,0,0,50,19,12,5,10,30
RANDOM,319000,118.81631098019821,1.3032585855643346,53.038773034784086,33,1,0,0,50,19,12,5,10,30
HIGHEST_SNR,319000,102.49292993828576,1.2944043748058753,58.19217594061404,33,1,0,0,50,19,12,5,10,30
SHORTEST_PULSE,319000,115.94725579291116,1.2881014935013873,58.051452177781535,33,1,0,0,50,19,12,5,10,30
METROLOGY_CONDITIONED_EIG,319000,113.81367314794603,1.2926152938786581,52.65192492818225,33,1,0,0,50,19,12,5,10,30
NO_PASSIVE,319001,1027.4221504582006,1.4875877763272762,445.27907653515393,0,0,0,0,77,19,12,5,10,30
RANDOM,319001,30.314395739463723,0.8008186798969028,31.45764979274566,39,4,0,0,77,19,12,5,10,30
HIGHEST_SNR,319001,395.77361916326487,0.8461399863548134,143.62729988088367,33,10,0,0,77,19,12,5,10,30
SHORTEST_PULSE,319001,35.20592310888272,1.0126722207906862,31.825878733629544,34,9,0,0,77,19,12,5,10,30
METROLOGY_CONDITIONED_EIG,319001,34.73643997351265,0.7912803655633167,30.50215142142004,40,3,0,0,77,19,12,5,10,30
NO_PASSIVE,319002,512.6909853385127,2.336864621038886,445.27907653515393,0,0,0,0,27,19,12,5,10,30
RANDOM,319002,26.316235663508024,0.8585092794388217,46.6869726014538,25,1,0,0,27,19,12,5,10,30
HIGHEST_SNR,319002,25.319562990604602,0.8667023054200718,46.71481320259408,25,1,0,0,27,19,12,5,10,30
SHORTEST_PULSE,319002,26.316235663508024,0.8585092794388217,46.6869726014538,25,1,0,0,27,19,12,5,10,30
METROLOGY_CONDITIONED_EIG,319002,26.316235663508024,0.8585092794388217,46.6869726014538,25,1,0,0,27,19,12,5,10,30
NO_PASSIVE,319003,138.54989455430803,1.2255660698856738,445.27907653515393,0,0,0,0,23,19,12,5,10,30
RANDOM,319003,25.12682224836159,0.6898659594654837,41.043327452225405,19,2,0,0,23,19,12,5,10,30
HIGHEST_SNR,319003,34.61359465090355,2.0517350017969536,40.91565903202335,18,3,0,0,23,19,12,5,10,30
SHORTEST_PULSE,319003,34.61359465090355,2.0517350017969536,40.91565903202335,18,3,0,0,23,19,12,5,10,30
METROLOGY_CONDITIONED_EIG,319003,25.853745024388836,0.6693818784702279,40.957466469766935,19,2,0,0,23,19,12,5,10,30
NO_PASSIVE,319004,212.6270769742422,2.2468422975229116,445.27907653515393,0,0,0,0,45,19,12,5,10,30
RANDOM,319004,78.99813677320884,1.9991908542860446,48.54454595281405,35,0,0,0,45,19,12,5,10,30
HIGHEST_SNR,319004,58.36413337408638,1.8818612100169778,48.450062825842906,35,0,0,0,45,19,12,5,10,30
SHORTEST_PULSE,319004,77.65521200250855,1.5533374052318203,48.6663934173334,35,0,0,0,45,19,12,5,10,30
METROLOGY_CONDITIONED_EIG,319004,65.19799004968567,1.4974937097505208,41.84867762882403,35,0,0,0,45,19,12,5,10,30
NO_PASSIVE,319005,211.34307021706044,1.0624246025014403,445.27907653515393,0,0,0,0,26,19,12,5,10,30
RANDOM,319005,10.763512692214112,0.31876666201784865,56.12776174385079,25,0,0,0,26,19,12,5,10,30
HIGHEST_SNR,319005,10.763512692214112,0.31876666201784865,56.12776174385079,25,0,0,0,26,19,12,5,10,30
SHORTEST_PULSE,319005,16.696684639025115,0.37432159214666577,55.7589534733498,25,0,0,0,26,19,12,5,10,30
METROLOGY_CONDITIONED_EIG,319005,10.763512692214112,0.31876666201784865,56.12776174385079,25,0,0,0,26,19,12,5,10,30
NO_PASSIVE,319006,129.46130455708843,2.1763282614877704,445.27907653515393,0,0,0,0,59,19,12,5,10,30
RANDOM,319006,31.354401295822154,0.5653498470674203,36.791049781365274,43,0,0,0,59,19,12,5,10,30
HIGHEST_SNR,319006,19.031609833768922,0.4861010174192818,35.36568189716263,43,0,0,0,59,19,12,5,10,30
SHORTEST_PULSE,319006,27.07374462289362,0.43642528610277964,35.16971967204035,43,0,0,0,59,19,12,5,10,30
METROLOGY_CONDITIONED_EIG,319006,26.164936652166705,0.2417652504978341,32.73686061045032,43,0,0,0,59,19,12,5,10,30
NO_PASSIVE,319007,138.52772026658866,0.3296575444119715,445.27907653515393,0,0,0,0,1,19,12,5,10,30
RANDOM,319007,128.63005335316242,0.35409586960082134,316.7156182304524,1,0,0,0,1,19,12,5,10,30
HIGHEST_SNR,319007,128.63005335316242,0.35409586960082134,316.7156182304524,1,0,0,0,1,19,12,5,10,30
SHORTEST_PULSE,319007,128.63005335316242,0.35409586960082134,316.7156182304524,1,0,0,0,1,19,12,5,10,30
METROLOGY_CONDITIONED_EIG,319007,128.63005335316242,0.35409586960082134,316.7156182304524,1,0,0,0,1,19,12,5,10,30
NO_PASSIVE,319008,720.1573566353143,0.7952106536635435,445.27907653515393,0,0,0,0,21,19,12,5,10,30
RANDOM,319008,10.823849684310836,0.4406673871536882,39.11065380006168,20,0,0,0,21,19,12,5,10,30
HIGHEST_SNR,319008,35.54042546534747,0.5715232763241569,41.33549102611339,20,0,0,0,21,19,12,5,10,30
SHORTEST_PULSE,319008,10.823849684310836,0.4406673871536882,39.11065380006168,20,0,0,0,21,19,12,5,10,30
METROLOGY_CONDITIONED_EIG,319008,10.823849684310836,0.4406673871536882,39.11065380006168,20,0,0,0,21,19,12,5,10,30
NO_PASSIVE,319009,68.92294687253434,0.7240491198097846,445.27907653515393,0,0,0,0,28,19,12,5,10,30
RANDOM,319009,59.619825515820686,1.2015692680743524,39.89749933470371,26,0,0,0,28,19,12,5,10,30
HIGHEST_SNR,319009,59.619825515820686,1.2015692680743524,39.89749933470371,26,0,0,0,28,19,12,5,10,30
SHORTEST_PULSE,319009,59.619825515820686,1.2015692680743524,39.89749933470371,26,0,0,0,28,19,12,5,10,30
METROLOGY_CONDITIONED_EIG,319009,59.619825515820686,1.2015692680743524,39.89749933470371,26,0,0,0,28,19,12,5,10,30
NO_PASSIVE,319010,512.3992015664638,1.857006914404771,445.27907653515393,0,0,0,0,30,19,12,5,10,30
RANDOM,319010,19.316720466993193,0.6962389715510097,58.430785748232196,29,0,0,0,30,19,12,5,10,30
HIGHEST_SNR,319010,19.316720466993193,0.6962389715510097,58.430785748232196,29,0,0,0,30,19,12,5,10,30
SHORTEST_PULSE,319010,56.40167218193557,0.29784224379163005,36.65028255531884,29,0,0,0,30,19,12,5,10,30
METROLOGY_CONDITIONED_EIG,319010,56.40167218193557,0.29784224379163005,36.65028255531884,29,0,0,0,30,19,12,5,10,30
NO_PASSIVE,319011,605.5154332827822,1.793100412809975,445.27907653515393,0,0,0,0,9,19,12,5,10,30
RANDOM,319011,26.9505272520737,0.7509851241981415,40.28826024720439,8,0,0,0,9,19,12,5,10,30
HIGHEST_SNR,319011,27.6190023165047,0.8075273706090011,35.015637179987415,8,0,0,0,9,19,12,5,10,30
SHORTEST_PULSE,319011,27.6190023165047,0.8075273706090011,35.015637179987415,8,0,0,0,9,19,12,5,10,30
METROLOGY_CONDITIONED_EIG,319011,27.6190023165047,0.8075273706090011,35.015637179987415,8,0,0,0,9,19,12,5,10,30
NO_PASSIVE,319012,663.6796816756408,2.141250404063824,445.27907653515393,0,0,0,0,4,19,12,5,10,30
RANDOM,319012,170.68380778232907,1.6883091906509131,188.67300776707853,4,0,0,0,4,19,12,5,10,30
HIGHEST_SNR,319012,170.68380778232907,1.6883091906509131,188.67300776707853,4,0,0,0,4,19,12,5,10,30
SHORTEST_PULSE,319012,170.68380778232907,1.6883091906509131,188.67300776707853,4,0,0,0,4,19,12,5,10,30
METROLOGY_CONDITIONED_EIG,319012,170.68380778232907,1.6883091906509131,188.67300776707853,4,0,0,0,4,19,12,5,10,30
NO_PASSIVE,319013,659.0267896165159,1.5316590168400523,445.27907653515393,0,0,0,0,43,19,12,5,10,30
RANDOM,319013,25.44938084272685,0.32768284768741784,60.30160609611624,34,0,0,0,43,19,12,5,10,30
HIGHEST_SNR,319013,52.364491385019754,0.763374539024193,67.81545272758262,34,0,0,0,43,19,12,5,10,30
SHORTEST_PULSE,319013,36.444202483756875,0.4210193545029217,51.356110832929396,33,1,0,0,43,19,12,5,10,30
METROLOGY_CONDITIONED_EIG,319013,90.5115543995965,0.35690834278233563,46.83796235938954,34,0,0,0,43,19,12,5,10,30
NO_PASSIVE,319014,97.23334816817655,0.9175295075405837,445.27907653515393,0,0,0,0,35,19,12,5,10,30
RANDOM,319014,37.38421904542306,0.9684287715570596,30.8917333522585,30,0,0,0,35,19,12,5,10,30
HIGHEST_SNR,319014,20.433420640361977,0.4632957816069861,37.853480480534635,30,0,0,0,35,19,12,5,10,30
SHORTEST_PULSE,319014,37.95468705306828,1.0044821479774857,30.6550505402753,30,0,0,0,35,19,12,5,10,30
METROLOGY_CONDITIONED_EIG,319014,38.39313702430562,1.0213565801855164,30.828848732549492,30,0,0,0,35,19,12,5,10,30
NO_PASSIVE,319015,278.93217270852585,0.8470453517387008,445.27907653515393,0,0,0,0,58,19,12,5,10,30
RANDOM,319015,20.274667396205604,0.4423926092353904,39.3632180109903,40,1,0,0,58,19,12,5,10,30
HIGHEST_SNR,319015,33.462075884021374,0.908321045930637,39.00442200381224,40,1,0,0,58,19,12,5,10,30
SHORTEST_PULSE,319015,69.57277965939845,1.289700597250761,55.65911345318904,40,1,0,0,58,19,12,5,10,30
METROLOGY_CONDITIONED_EIG,319015,21.14364259990009,0.7023414329785209,30.32826485130226,40,1,0,0,58,19,12,5,10,30
NO_PASSIVE,319016,388.9578513446419,1.3037687395362276,445.27907653515393,0,0,0,0,62,19,12,5,10,30
RANDOM,319016,4.624138080702714,0.22458379703854245,28.949723814052003,32,0,0,0,62,19,12,5,10,30
HIGHEST_SNR,319016,2.4325676297485948,0.49217798603705676,49.46046320332784,32,0,0,0,62,19,12,5,10,30
SHORTEST_PULSE,319016,23.3170893984346,0.2943568896299138,49.54072839642742,31,1,0,0,62,19,12,5,10,30
METROLOGY_CONDITIONED_EIG,319016,23.826162162556507,1.3564662362063122,27.37621616828062,31,1,0,0,62,19,12,5,10,30
NO_PASSIVE,319017,341.2843980466139,1.01020923983163,445.27907653515393,0,0,0,0,61,19,12,5,10,30
RANDOM,319017,1.4688530377181432,0.4755481515371818,21.805631039712296,41,2,0,0,61,19,12,5,10,30
HIGHEST_SNR,319017,8.149479214945579,0.2822287435994605,22.290314300941084,42,1,0,0,61,19,12,5,10,30
SHORTEST_PULSE,319017,48.42161548239742,0.8379274150116006,23.680037940381933,41,2,0,0,61,19,12,5,10,30
METROLOGY_CONDITIONED_EIG,319017,11.285188432161537,0.3651336868232709,21.377266784270866,42,1,0,0,61,19,12,5,10,30
NO_PASSIVE,319018,121.13925926637387,1.4101588013818827,445.27907653515393,0,0,0,0,89,19,12,5,10,30
RANDOM,319018,10.114854967561257,0.9244812090138523,27.607519648722732,43,0,0,0,89,19,12,5,10,30
HIGHEST_SNR,319018,27.417967249845034,0.20045608917619093,28.59240161072429,43,0,0,0,89,19,12,5,10,30
SHORTEST_PULSE,319018,17.64097240646869,0.43221867602009884,25.458284017091202,43,0,0,0,89,19,12,5,10,30
METROLOGY_CONDITIONED_EIG,319018,16.799760368268522,0.4370370319004754,24.69788593254736,43,0,0,0,89,19,12,5,10,30
NO_PASSIVE,319019,172.72848409196936,0.7396936048246504,445.27907653515393,0,0,0,0,39,19,12,5,10,30
RANDOM,319019,55.29510938178526,0.8319573053428828,58.83204544090288,34,0,0,0,39,19,12,5,10,30
HIGHEST_SNR,319019,52.44158424423061,0.5254430304011817,61.045230711744,34,0,0,0,39,19,12,5,10,30
SHORTEST_PULSE,319019,52.22237603586901,0.765084953467045,58.02428520108001,34,0,0,0,39,19,12,5,10,30
METROLOGY_CONDITIONED_EIG,319019,56.45559649136743,0.7435098437046077,57.65950150938417,34,0,0,0,39,19,12,5,10,30
NO_PASSIVE,319020,278.855710510972,1.3135482983776787,445.27907653515393,0,0,0,0,18,19,12,5,10,30
RANDOM,319020,33.902847627139224,1.5010700800417125,68.36954227326706,17,0,0,0,18,19,12,5,10,30
HIGHEST_SNR,319020,30.39701114419588,1.407869415438831,114.59458383634878,17,0,0,0,18,19,12,5,10,30
SHORTEST_PULSE,319020,33.902847627139224,1.5010700800417125,68.36954227326706,17,0,0,0,18,19,12,5,10,30
METROLOGY_CONDITIONED_EIG,319020,33.902847627139224,1.5010700800417125,68.36954227326706,17,0,0,0,18,19,12,5,10,30
NO_PASSIVE,319021,395.83589495444636,1.5356804567402735,445.27907653515393,0,0,0,0,15,19,12,5,10,30
RANDOM,319021,11.5093918894192,1.2609782238924032,78.31393175445123,14,0,0,0,15,19,12,5,10,30
HIGHEST_SNR,319021,11.5093918894192,1.2609782238924032,78.31393175445123,14,0,0,0,15,19,12,5,10,30
SHORTEST_PULSE,319021,1.6748532932085156,1.2008302007869984,79.29932151353607,14,0,0,0,15,19,12,5,10,30
METROLOGY_CONDITIONED_EIG,319021,1.6748532932085156,1.2008302007869984,79.29932151353607,14,0,0,0,15,19,12,5,10,30
NO_PASSIVE,319022,442.9433213515433,3.4780600589052577,445.27907653515393,0,0,0,0,46,19,12,5,10,30
RANDOM,319022,27.56302385428994,0.16854645462174614,40.134667558061196,38,0,0,0,46,19,12,5,10,30
HIGHEST_SNR,319022,10.211558593585819,0.10304642720268578,49.732876862634065,38,0,0,0,46,19,12,5,10,30
SHORTEST_PULSE,319022,25.25340686076945,0.3951899798702795,41.27287786008255,38,0,0,0,46,19,12,5,10,30
METROLOGY_CONDITIONED_EIG,319022,32.63199581687109,0.32981072398269096,40.069444709905696,38,0,0,0,46,19,12,5,10,30
NO_PASSIVE,319023,430.57719772839545,2.7117856311032718,445.27907653515393,0,0,0,0,45,19,12,5,10,30
RANDOM,319023,32.39178418207378,0.8419719066370749,35.31096492067298,38,0,0,0,45,19,12,5,10,30
HIGHEST_SNR,319023,32.831993743917614,0.8735365616381764,34.681359386369536,38,0,0,0,45,19,12,5,10,30
SHORTEST_PULSE,319023,32.831993743917614,0.8735365616381764,34.681359386369536,38,0,0,0,45,19,12,5,10,30
METROLOGY_CONDITIONED_EIG,319023,32.831993743917614,0.8735365616381764,34.681359386369536,38,0,0,0,45,19,12,5,10,30
NO_PASSIVE,319024,45.39007077095053,2.0363680428351048,445.27907653515393,0,0,0,0,1,19,12,5,10,30
RANDOM,319024,80.13472893057184,2.039627360426086,329.16823867747325,1,0,0,0,1,19,12,5,10,30
HIGHEST_SNR,319024,80.13472893057184,2.039627360426086,329.16823867747325,1,0,0,0,1,19,12,5,10,30
SHORTEST_PULSE,319024,80.13472893057184,2.039627360426086,329.16823867747325,1,0,0,0,1,19,12,5,10,30
METROLOGY_CONDITIONED_EIG,319024,80.13472893057184,2.039627360426086,329.16823867747325,1,0,0,0,1,19,12,5,10,30
NO_PASSIVE,319025,328.91447833261407,2.6364947376325616,445.27907653515393,0,0,0,0,43,19,12,5,10,30
RANDOM,319025,9.051519468387424,0.202537042801273,29.49727019712585,35,1,0,0,43,19,12,5,10,30
HIGHEST_SNR,319025,9.215142380178742,0.2433313060572617,31.773006080461233,34,2,0,0,43,19,12,5,10,30
SHORTEST_PULSE,319025,9.215142380178742,0.2433313060572617,31.773006080461233,34,2,0,0,43,19,12,5,10,30
METROLOGY_CONDITIONED_EIG,319025,11.570660513831635,0.13116342789589852,26.606650913520074,36,0,0,0,43,19,12,5,10,30
NO_PASSIVE,319026,556.3503469071073,2.48258684630705,445.27907653515393,0,0,0,0,25,19,12,5,10,30
RANDOM,319026,353.45178578009114,1.4196887153843973,307.997434642431,25,0,0,0,25,19,12,5,10,30
HIGHEST_SNR,319026,353.45178578009114,1.4196887153843973,307.997434642431,25,0,0,0,25,19,12,5,10,30
SHORTEST_PULSE,319026,353.45178578009114,1.4196887153843973,307.997434642431,25,0,0,0,25,19,12,5,10,30
METROLOGY_CONDITIONED_EIG,319026,353.45178578009114,1.4196887153843973,307.997434642431,25,0,0,0,25,19,12,5,10,30
NO_PASSIVE,319027,270.6991859167025,1.1411264379625659,445.27907653515393,0,0,0,0,53,19,12,5,10,30
RANDOM,319027,22.35626492242407,0.32588120577451246,30.495336689838147,39,0,0,0,53,19,12,5,10,30
HIGHEST_SNR,319027,35.13594745477501,0.6205317585772508,39.2452407965448,39,0,0,0,53,19,12,5,10,30
SHORTEST_PULSE,319027,27.15956770876833,0.6289092983212258,28.16814416400646,39,0,0,0,53,19,12,5,10,30
METROLOGY_CONDITIONED_EIG,319027,27.01937257221416,0.6002874345091302,28.16653771699975,39,0,0,0,53,19,12,5,10,30
NO_PASSIVE,319028,307.6456823209724,1.4935131302350333,445.27907653515393,0,0,0,0,23,19,12,5,10,30
RANDOM,319028,45.61676412504696,1.4932372155397806,51.84224497054855,19,0,0,0,23,19,12,5,10,30
HIGHEST_SNR,319028,31.648932145062293,1.2773905392331557,90.17421726336553,19,0,0,0,23,19,12,5,10,30
SHORTEST_PULSE,319028,29.461472117060975,1.4190327112574637,45.44093195969003,19,0,0,0,23,19,12,5,10,30
METROLOGY_CONDITIONED_EIG,319028,29.461472117060975,1.4190327112574637,45.44093195969003,19,0,0,0,23,19,12,5,10,30
NO_PASSIVE,319029,391.2520072763014,2.061224092912691,445.27907653515393,0,0,0,0,55,19,12,5,10,30
RANDOM,319029,45.649751394458114,1.4885878479027121,36.32276488301875,37,0,0,0,55,19,12,5,10,30
HIGHEST_SNR,319029,31.15988208608676,0.8627881299253205,39.169682420873954,36,1,0,0,55,19,12,5,10,30
SHORTEST_PULSE,319029,42.663016487434035,1.2615900353146567,35.753063631352155,36,1,0,0,55,19,12,5,10,30
METROLOGY_CONDITIONED_EIG,319029,42.663016487434035,1.2615900353146567,35.753063631352155,36,1,0,0,55,19,12,5,10,30
NO_PASSIVE,320000,96.64436904730658,4.701999812191703,445.27907653515393,0,0,0,0,24,20,12,5,10,100
RANDOM,320000,13.355879947993962,2.9778146751787484,62.0867846020044,23,0,0,0,24,20,12,5,10,100
HIGHEST_SNR,320000,11.933964570989655,3.0326900265030248,63.296515894259926,23,0,0,0,24,20,12,5,10,100
SHORTEST_PULSE,320000,13.355879947993962,2.9778146751787484,62.0867846020044,23,0,0,0,24,20,12,5,10,100
METROLOGY_CONDITIONED_EIG,320000,13.355879947993962,2.9778146751787484,62.0867846020044,23,0,0,0,24,20,12,5,10,100
NO_PASSIVE,320001,293.7992095436945,0.5281591694880284,445.27907653515393,0,0,0,0,1,20,12,5,10,100
RANDOM,320001,270.7156653992334,0.5282601106008719,330.2190849783632,1,0,0,0,1,20,12,5,10,100
HIGHEST_SNR,320001,270.7156653992334,0.5282601106008719,330.2190849783632,1,0,0,0,1,20,12,5,10,100
SHORTEST_PULSE,320001,270.7156653992334,0.5282601106008719,330.2190849783632,1,0,0,0,1,20,12,5,10,100
METROLOGY_CONDITIONED_EIG,320001,270.7156653992334,0.5282601106008719,330.2190849783632,1,0,0,0,1,20,12,5,10,100
NO_PASSIVE,320002,754.6015980485685,2.8004759753316604,445.27907653515393,0,0,0,0,63,20,12,5,10,100
RANDOM,320002,9.496879269546138,0.23802464131033266,35.75079990352624,38,0,0,0,63,20,12,5,10,100
HIGHEST_SNR,320002,39.69788079111091,1.0286520425242571,38.20785466754269,38,0,0,0,63,20,12,5,10,100
SHORTEST_PULSE,320002,15.170728551675673,0.3182774732799851,35.063070611537206,38,0,0,0,63,20,12,5,10,100
METROLOGY_CONDITIONED_EIG,320002,16.94458838120074,0.09975582294149617,34.8462773499498,38,0,0,0,63,20,12,5,10,100
NO_PASSIVE,320003,258.6494732468008,2.306587722978722,445.27907653515393,0,0,0,0,5,20,12,5,10,100
RANDOM,320003,95.25294073339307,2.0157587625430424,98.20100117496074,5,0,0,0,5,20,12,5,10,100
HIGHEST_SNR,320003,95.25294073339307,2.0157587625430424,98.20100117496074,5,0,0,0,5,20,12,5,10,100
SHORTEST_PULSE,320003,95.25294073339307,2.0157587625430424,98.20100117496074,5,0,0,0,5,20,12,5,10,100
METROLOGY_CONDITIONED_EIG,320003,95.25294073339307,2.0157587625430424,98.20100117496074,5,0,0,0,5,20,12,5,10,100
NO_PASSIVE,320004,379.6176979457733,2.0156068406522962,445.27907653515393,0,0,0,0,9,20,12,5,10,100
RANDOM,320004,71.6391358558057,1.1910430707955422,108.46888385688214,9,0,0,0,9,20,12,5,10,100
HIGHEST_SNR,320004,71.6391358558057,1.1910430707955422,108.46888385688214,9,0,0,0,9,20,12,5,10,100
SHORTEST_PULSE,320004,71.6391358558057,1.1910430707955422,108.46888385688214,9,0,0,0,9,20,12,5,10,100
METROLOGY_CONDITIONED_EIG,320004,71.6391358558057,1.1910430707955422,108.46888385688214,9,0,0,0,9,20,12,5,10,100
NO_PASSIVE,320005,321.3448141283827,3.487607972359734,445.27907653515393,0,0,0,0,26,20,12,5,10,100
RANDOM,320005,45.017181142198424,2.981022769924097,74.80259921583561,26,0,0,0,26,20,12,5,10,100
HIGHEST_SNR,320005,45.017181142198424,2.981022769924097,74.80259921583561,26,0,0,0,26,20,12,5,10,100
SHORTEST_PULSE,320005,45.017181142198424,2.981022769924097,74.80259921583561,26,0,0,0,26,20,12,5,10,100
METROLOGY_CONDITIONED_EIG,320005,45.017181142198424,2.981022769924097,74.80259921583561,26,0,0,0,26,20,12,5,10,100
NO_PASSIVE,320006,338.7901745626822,2.442044469508815,445.27907653515393,0,0,0,0,47,20,12,5,10,100
RANDOM,320006,110.37529391508028,1.509579935393071,86.07893975750379,32,1,0,0,47,20,12,5,10,100
HIGHEST_SNR,320006,19.817559134851457,2.1243617387527554,120.01416313848353,32,1,0,0,47,20,12,5,10,100
SHORTEST_PULSE,320006,111.67777825789244,1.9421112815005739,89.24172141794145,33,0,0,0,47,20,12,5,10,100
METROLOGY_CONDITIONED_EIG,320006,52.150423011064476,1.2917501327303147,69.09835421513398,32,1,0,0,47,20,12,5,10,100
NO_PASSIVE,320007,336.26414576903323,1.958201727171446,445.27907653515393,0,0,0,0,40,20,12,5,10,100
RANDOM,320007,99.50174958290194,0.412886097807382,61.78288896629561,35,0,0,0,40,20,12,5,10,100
HIGHEST_SNR,320007,90.90082203795993,0.4069991138421715,61.53381528045715,35,0,0,0,40,20,12,5,10,100
SHORTEST_PULSE,320007,77.69003606302331,0.563028406126473,62.25252301393155,35,0,0,0,40,20,12,5,10,100
METROLOGY_CONDITIONED_EIG,320007,96.14139505127419,0.4096107406597759,61.6965849767309,35,0,0,0,40,20,12,5,10,100
NO_PASSIVE,320008,433.9758127419881,2.7991586323306024,445.27907653515393,0,0,0,0,23,20,12,5,10,100
RANDOM,320008,110.08788582064957,2.5095542484408013,56.28152458623144,20,0,0,0,23,20,12,5,10,100
HIGHEST_SNR,320008,115.09704845192708,2.9185268843123624,61.65494534810927,20,0,0,0,23,20,12,5,10,100
SHORTEST_PULSE,320008,122.85930654426063,2.6650435418376137,56.05045491891907,20,0,0,0,23,20,12,5,10,100
METROLOGY_CONDITIONED_EIG,320008,122.85930654426063,2.6650435418376137,56.05045491891907,20,0,0,0,23,20,12,5,10,100
NO_PASSIVE,320009,455.1773550554451,3.8298354728590787,445.27907653515393,0,0,0,0,16,20,12,5,10,100
RANDOM,320009,68.8317975500198,1.1172749497396488,75.09125892531057,16,0,0,0,16,20,12,5,10,100
HIGHEST_SNR,320009,68.8317975500198,1.1172749497396488,75.09125892531057,16,0,0,0,16,20,12,5,10,100
SHORTEST_PULSE,320009,68.8317975500198,1.1172749497396488,75.09125892531057,16,0,0,0,16,20,12,5,10,100
METROLOGY_CONDITIONED_EIG,320009,68.8317975500198,1.1172749497396488,75.09125892531057,16,0,0,0,16,20,12,5,10,100
NO_PASSIVE,320010,465.7534606352423,2.2360366101625555,445.27907653515393,0,0,0,0,26,20,12,5,10,100
RANDOM,320010,76.39884198844128,2.219584136877299,96.36994687859715,26,0,0,0,26,20,12,5,10,100
HIGHEST_SNR,320010,76.39884198844128,2.219584136877299,96.36994687859715,26,0,0,0,26,20,12,5,10,100
SHORTEST_PULSE,320010,76.39884198844128,2.219584136877299,96.36994687859715,26,0,0,0,26,20,12,5,10,100
METROLOGY_CONDITIONED_EIG,320010,76.39884198844128,2.219584136877299,96.36994687859715,26,0,0,0,26,20,12,5,10,100
NO_PASSIVE,320011,433.9109380333578,1.6956686219118957,445.27907653515393,0,0,0,0,3,20,12,5,10,100
RANDOM,320011,147.4817141702147,1.2789614939231653,182.13284174286716,3,0,0,0,3,20,12,5,10,100
HIGHEST_SNR,320011,147.4817141702147,1.2789614939231653,182.13284174286716,3,0,0,0,3,20,12,5,10,100
SHORTEST_PULSE,320011,147.4817141702147,1.2789614939231653,182.13284174286716,3,0,0,0,3,20,12,5,10,100
METROLOGY_CONDITIONED_EIG,320011,147.4817141702147,1.2789614939231653,182.13284174286716,3,0,0,0,3,20,12,5,10,100
NO_PASSIVE,320012,419.1658377481167,1.3415007335383502,445.27907653515393,0,0,0,0,81,20,12,5,10,100
RANDOM,320012,47.43652752059545,1.0014959051896895,51.2465768835384,49,1,0,0,81,20,12,5,10,100
HIGHEST_SNR,320012,92.63824113063542,1.5649488078491112,58.347787356020525,50,0,0,0,81,20,12,5,10,100
SHORTEST_PULSE,320012,25.77522418502909,0.5402186422825122,46.00113986247476,49,1,0,0,81,20,12,5,10,100
METROLOGY_CONDITIONED_EIG,320012,22.21795728799547,0.5630793962561412,45.82958212005573,47,3,0,0,81,20,12,5,10,100
NO_PASSIVE,320013,59.311718558723314,0.9204055924154075,445.27907653515393,0,0,0,0,2,20,12,5,10,100
RANDOM,320013,187.7137913702764,0.9688005826813346,264.75382872651306,2,0,0,0,2,20,12,5,10,100
HIGHEST_SNR,320013,187.7137913702764,0.9688005826813346,264.75382872651306,2,0,0,0,2,20,12,5,10,100
SHORTEST_PULSE,320013,187.7137913702764,0.9688005826813346,264.75382872651306,2,0,0,0,2,20,12,5,10,100
METROLOGY_CONDITIONED_EIG,320013,187.7137913702764,0.9688005826813346,264.75382872651306,2,0,0,0,2,20,12,5,10,100
NO_PASSIVE,320014,750.9740918234436,1.6367620209275333,445.27907653515393,0,0,0,0,8,20,12,5,10,100
RANDOM,320014,156.08138468549973,0.9844665448658799,151.21238422124696,8,0,0,0,8,20,12,5,10,100
HIGHEST_SNR,320014,156.08138468549973,0.9844665448658799,151.21238422124696,8,0,0,0,8,20,12,5,10,100
SHORTEST_PULSE,320014,156.08138468549973,0.9844665448658799,151.21238422124696,8,0,0,0,8,20,12,5,10,100
METROLOGY_CONDITIONED_EIG,320014,156.08138468549973,0.9844665448658799,151.21238422124696,8,0,0,0,8,20,12,5,10,100
NO_PASSIVE,320015,26.827903313617284,1.4289089804360184,445.27907653515393,0,0,0,0,57,20,12,5,10,100
RANDOM,320015,15.470030817360296,0.2734878369465456,40.91076153722772,37,0,0,0,57,20,12,5,10,100
HIGHEST_SNR,320015,7.964922899020364,0.4678663288190279,41.31344511067929,37,0,0,0,57,20,12,5,10,100
SHORTEST_PULSE,320015,7.896336729649353,0.5985131102343866,38.170831769156706,37,0,0,0,57,20,12,5,10,100
METROLOGY_CONDITIONED_EIG,320015,18.214127912117327,1.040287238628478,36.2472181832288,37,0,0,0,57,20,12,5,10,100
NO_PASSIVE,320016,142.17877121085377,1.4233945462207402,445.27907653515393,0,0,0,0,17,20,12,5,10,100
RANDOM,320016,56.33410003759082,1.0283853779973817,113.28384490849102,13,1,0,0,17,20,12,5,10,100
HIGHEST_SNR,320016,56.33410003759082,1.0283853779973817,113.28384490849102,13,1,0,0,17,20,12,5,10,100
SHORTEST_PULSE,320016,64.26663555752882,1.036263443685624,113.6867960460721,13,1,0,0,17,20,12,5,10,100
METROLOGY_CONDITIONED_EIG,320016,36.52143568337407,1.3290751921390163,105.47263331951238,13,1,0,0,17,20,12,5,10,100
NO_PASSIVE,320017,143.95973728836333,2.6471633761106044,445.27907653515393,0,0,0,0,55,20,12,5,10,100
RANDOM,320017,114.24336393455035,1.210928865763097,78.69575259389566,42,0,0,0,55,20,12,5,10,100
HIGHEST_SNR,320017,116.02638792532261,1.1502481596151866,92.25131385671983,42,0,0,0,55,20,12,5,10,100
SHORTEST_PULSE,320017,115.0293217065219,1.1881288553619507,93.62771365571848,42,0,0,0,55,20,12,5,10,100
METROLOGY_CONDITIONED_EIG,320017,121.98141558117963,1.1047996373342686,77.20581251098893,42,0,0,0,55,20,12,5,10,100
NO_PASSIVE,320018,340.80052103395815,1.9875519414196916,445.27907653515393,0,0,0,0,37,20,12,5,10,100
RANDOM,320018,37.67758629139458,0.7667211718377255,54.635359885632475,26,0,0,0,37,20,12,5,10,100
HIGHEST_SNR,320018,53.78909551868302,0.848524559774163,55.64653167021911,26,0,0,0,37,20,12,5,10,100
SHORTEST_PULSE,320018,50.30947303118631,0.7959705645647441,60.270222020929616,26,0,0,0,37,20,12,5,10,100
METROLOGY_CONDITIONED_EIG,320018,58.21233900473688,1.1842636607337815,54.06261729380472,26,0,0,0,37,20,12,5,10,100
NO_PASSIVE,320019,352.77409043538427,0.2567447925114391,445.27907653515393,0,0,0,0,37,20,12,5,10,100
RANDOM,320019,63.73359686142738,1.6606963777413128,43.46897215542467,26,0,0,0,37,20,12,5,10,100
HIGHEST_SNR,320019,54.670245918434446,1.3087979178871512,48.77630525550032,26,0,0,0,37,20,12,5,10,100
SHORTEST_PULSE,320019,56.07852405638396,1.6184577123803294,42.54157879916865,26,0,0,0,37,20,12,5,10,100
METROLOGY_CONDITIONED_EIG,320019,55.430811351784975,1.5812893850656902,42.201549618383744,26,0,0,0,37,20,12,5,10,100
NO_PASSIVE,320020,390.4432994376809,3.897352903676883,445.27907653515393,0,0,0,0,4,20,12,5,10,100
RANDOM,320020,265.64090379052857,3.91937328696814,205.4619059785569,4,0,0,0,4,20,12,5,10,100
HIGHEST_SNR,320020,265.64090379052857,3.91937328696814,205.4619059785569,4,0,0,0,4,20,12,5,10,100
SHORTEST_PULSE,320020,265.64090379052857,3.91937328696814,205.4619059785569,4,0,0,0,4,20,12,5,10,100
METROLOGY_CONDITIONED_EIG,320020,265.64090379052857,3.91937328696814,205.4619059785569,4,0,0,0,4,20,12,5,10,100
NO_PASSIVE,320021,520.8356597035666,2.8137749046153426,445.27907653515393,0,0,0,0,4,20,12,5,10,100
RANDOM,320021,165.12836092369622,2.7946455318169225,120.04477510055212,4,0,0,0,4,20,12,5,10,100
HIGHEST_SNR,320021,165.12836092369622,2.7946455318169225,120.04477510055212,4,0,0,0,4,20,12,5,10,100
SHORTEST_PULSE,320021,165.12836092369622,2.7946455318169225,120.04477510055212,4,0,0,0,4,20,12,5,10,100
METROLOGY_CONDITIONED_EIG,320021,165.12836092369622,2.7946455318169225,120.04477510055212,4,0,0,0,4,20,12,5,10,100
NO_PASSIVE,320022,333.8006086920564,0.9616795397725093,445.27907653515393,0,0,0,0,24,20,12,5,10,100
RANDOM,320022,62.48641689840726,0.6124255651669913,64.11119493763738,24,0,0,0,24,20,12,5,10,100
HIGHEST_SNR,320022,62.48641689840726,0.6124255651669913,64.11119493763738,24,0,0,0,24,20,12,5,10,100
SHORTEST_PULSE,320022,62.48641689840726,0.6124255651669913,64.11119493763738,24,0,0,0,24,20,12,5,10,100
METROLOGY_CONDITIONED_EIG,320022,62.48641689840726,0.6124255651669913,64.11119493763738,24,0,0,0,24,20,12,5,10,100
NO_PASSIVE,320023,156.448297521956,0.7349525096858024,445.27907653515393,0,0,0,0,16,20,12,5,10,100
RANDOM,320023,37.97484118956496,0.5797679552770124,63.05743605585069,13,0,0,0,16,20,12,5,10,100
HIGHEST_SNR,320023,67.9753548823125,0.43217781608005096,64.71076254414488,13,0,0,0,16,20,12,5,10,100
SHORTEST_PULSE,320023,46.33752625400504,0.4787648773999652,62.88822528397924,13,0,0,0,16,20,12,5,10,100
METROLOGY_CONDITIONED_EIG,320023,67.23077207627934,0.378905519476553,64.71844377313595,13,0,0,0,16,20,12,5,10,100
NO_PASSIVE,320024,452.08303228488285,2.026814457222835,445.27907653515393,0,0,0,0,71,20,12,5,10,100
RANDOM,320024,88.56727906464826,0.31431986741479273,76.65449321395258,48,0,0,0,71,20,12,5,10,100
HIGHEST_SNR,320024,135.16959770117936,1.2275975831847785,81.09726109868978,48,0,0,0,71,20,12,5,10,100
SHORTEST_PULSE,320024,49.27823968842595,0.6891735515014545,57.37899718572314,48,0,0,0,71,20,12,5,10,100
METROLOGY_CONDITIONED_EIG,320024,36.183313457345086,0.4101345519796311,56.034542878721645,48,0,0,0,71,20,12,5,10,100
NO_PASSIVE,320025,662.0994182855449,2.2636993080513585,445.27907653515393,0,0,0,0,27,20,12,5,10,100
RANDOM,320025,65.77543666202322,0.8715527630221289,48.29300476416512,24,0,0,0,27,20,12,5,10,100
HIGHEST_SNR,320025,66.36026134067177,0.8523618210156996,50.747867562756305,24,0,0,0,27,20,12,5,10,100
SHORTEST_PULSE,320025,66.91253126515801,0.9409434899079275,47.683175263072,24,0,0,0,27,20,12,5,10,100
METROLOGY_CONDITIONED_EIG,320025,67.09433974750038,0.924250133764277,47.76764750727168,24,0,0,0,27,20,12,5,10,100
NO_PASSIVE,320026,853.7945767728486,3.2554029346179454,445.27907653515393,0,0,0,0,25,20,12,5,10,100
RANDOM,320026,87.51480110699114,2.259990590847745,68.93635587675345,18,1,0,0,25,20,12,5,10,100
HIGHEST_SNR,320026,91.58503635840066,2.17825239372622,69.33981375512802,18,1,0,0,25,20,12,5,10,100
SHORTEST_PULSE,320026,101.17909416623206,2.349285350618665,67.2510494067165,19,0,0,0,25,20,12,5,10,100
METROLOGY_CONDITIONED_EIG,320026,102.55331831230323,2.2729849820141457,67.326616180837,19,0,0,0,25,20,12,5,10,100
NO_PASSIVE,320027,453.38591422812203,0.23877027847850266,445.27907653515393,0,0,0,0,3,20,12,5,10,100
RANDOM,320027,42.89277177288073,0.4369841448064869,120.9985031937079,3,0,0,0,3,20,12,5,10,100
HIGHEST_SNR,320027,42.89277177288073,0.4369841448064869,120.9985031937079,3,0,0,0,3,20,12,5,10,100
SHORTEST_PULSE,320027,42.89277177288073,0.4369841448064869,120.9985031937079,3,0,0,0,3,20,12,5,10,100
METROLOGY_CONDITIONED_EIG,320027,42.89277177288073,0.4369841448064869,120.9985031937079,3,0,0,0,3,20,12,5,10,100
NO_PASSIVE,320028,1108.3267160504274,2.4144654649325057,445.27907653515393,0,0,0,0,18,20,12,5,10,100
RANDOM,320028,109.58052343658552,0.10555031746593913,82.93463027963088,13,1,0,0,18,20,12,5,10,100
HIGHEST_SNR,320028,109.58052343658552,0.10555031746593913,82.93463027963088,13,1,0,0,18,20,12,5,10,100
SHORTEST_PULSE,320028,129.97170324025285,0.3535617465691021,67.59726414417504,13,1,0,0,18,20,12,5,10,100
METROLOGY_CONDITIONED_EIG,320028,135.85461775621178,0.21991567135995221,67.5373868338804,13,1,0,0,18,20,12,5,10,100
NO_PASSIVE,320029,662.1110749382747,0.2867243655130259,445.27907653515393,0,0,0,0,22,20,12,5,10,100
RANDOM,320029,145.4814407586146,0.8339166585751597,91.05503259795134,21,0,0,0,22,20,12,5,10,100
HIGHEST_SNR,320029,99.11141268005002,0.7956666205665052,111.14429963809174,21,0,0,0,22,20,12,5,10,100
SHORTEST_PULSE,320029,145.4814407586146,0.8339166585751597,91.05503259795134,21,0,0,0,22,20,12,5,10,100
METROLOGY_CONDITIONED_EIG,320029,145.4814407586146,0.8339166585751597,91.05503259795134,21,0,0,0,22,20,12,5,10,100
NO_PASSIVE,321000,481.88890427335025,1.5173982045000656,445.27907653515393,0,0,0,0,90,21,12,5,100,30
RANDOM,321000,12.189056860087154,0.3337603563162841,26.64974144261591,45,1,0,0,90,21,12,5,100,30
HIGHEST_SNR,321000,13.192834342856447,0.5814042201998953,18.785208316009726,46,0,0,0,90,21,12,5,100,30
SHORTEST_PULSE,321000,2.8816902750693325,1.0342748970144091,38.58452541648259,46,0,0,0,90,21,12,5,100,30
METROLOGY_CONDITIONED_EIG,321000,8.855716037132547,0.2244114252675321,17.24368629350446,46,0,0,0,90,21,12,5,100,30
NO_PASSIVE,321001,468.19284771363704,0.4293609426685955,445.27907653515393,0,0,0,0,58,21,12,5,100,30
RANDOM,321001,35.29583916291336,1.289237413912371,35.88070558333291,40,0,0,0,58,21,12,5,100,30
HIGHEST_SNR,321001,16.485529033698565,0.05113096368873317,78.08882064033172,40,0,0,0,58,21,12,5,100,30
SHORTEST_PULSE,321001,62.41862380867881,0.1922269732822872,76.43264160359533,39,1,0,0,58,21,12,5,100,30
METROLOGY_CONDITIONED_EIG,321001,22.70431583653136,1.0039832982322983,31.66806408278299,39,1,0,0,58,21,12,5,100,30
NO_PASSIVE,321002,668.1679905639504,1.0065618741363875,445.27907653515393,0,0,0,0,110,21,12,5,100,30
RANDOM,321002,28.39757746110825,0.7361239165304877,34.53297728889531,57,0,0,0,110,21,12,5,100,30
HIGHEST_SNR,321002,47.06581016401436,0.9017675156219224,99.6765615459697,56,1,0,0,110,21,12,5,100,30
SHORTEST_PULSE,321002,63.182411959506155,1.411216684921681,46.47140235443888,57,0,0,0,110,21,12,5,100,30
METROLOGY_CONDITIONED_EIG,321002,9.249858821752632,0.18700287172458768,28.855168268535873,57,0,0,0,110,21,12,5,100,30
NO_PASSIVE,321003,470.0978391667498,1.7377005799841205,445.27907653515393,0,0,0,0,140,21,12,5,100,30
RANDOM,321003,8.64236671711807,0.08886521759326944,15.257961902942013,60,0,0,0,140,21,12,5,100,30
HIGHEST_SNR,321003,13.337732905176004,0.3893831729696563,19.971661283811915,60,0,0,0,140,21,12,5,100,30
SHORTEST_PULSE,321003,19.995395930313585,0.6819649485803327,14.161096403471735,60,0,0,0,140,21,12,5,100,30
METROLOGY_CONDITIONED_EIG,321003,3.1200325645178184,0.335403482842713,12.764845604557408,60,0,0,0,140,21,12,5,100,30
NO_PASSIVE,321004,245.19368813533612,1.9642428517525763,445.27907653515393,0,0,0,0,96,21,12,5,100,30
RANDOM,321004,47.39314456714745,1.0061682744176692,34.06866189407375,39,3,0,0,96,21,12,5,100,30
HIGHEST_SNR,321004,37.006757368465486,1.040193428728284,32.71505487828498,40,2,0,0,96,21,12,5,100,30
SHORTEST_PULSE,321004,19.825375305854966,0.8419397187696752,26.856454011131333,41,1,0,0,96,21,12,5,100,30
METROLOGY_CONDITIONED_EIG,321004,12.687796837926372,0.19368024981765172,23.529697863067824,42,0,0,0,96,21,12,5,100,30
NO_PASSIVE,321005,117.76245764612626,2.6362659996211066,445.27907653515393,0,0,0,0,75,21,12,5,100,30
RANDOM,321005,2.649254147647379,0.12485280751681552,40.96788804893906,54,0,0,0,75,21,12,5,100,30
HIGHEST_SNR,321005,3.7146153575071836,0.25866368127999345,42.53785436589365,54,0,0,0,75,21,12,5,100,30
SHORTEST_PULSE,321005,2.760579920971699,0.17307414113984745,34.02956892897728,54,0,0,0,75,21,12,5,100,30
METROLOGY_CONDITIONED_EIG,321005,6.4727858281151605,0.1879129672690718,33.41002518688347,54,0,0,0,75,21,12,5,100,30
NO_PASSIVE,321006,163.98735478181405,0.337248400960478,445.27907653515393,0,0,0,0,150,21,12,5,100,30
RANDOM,321006,12.687706759789856,0.8600845596841346,27.581520434662927,46,0,0,0,150,21,12,5,100,30
HIGHEST_SNR,321006,18.324204933108366,0.6261798873658159,32.634831575497195,46,0,0,0,150,21,12,5,100,30
SHORTEST_PULSE,321006,3.493549500640964,0.24573260362740104,27.291890282081393,46,0,0,0,150,21,12,5,100,30
METROLOGY_CONDITIONED_EIG,321006,3.4037378457584584,0.15926508944465972,24.46358581607137,46,0,0,0,150,21,12,5,100,30
NO_PASSIVE,321007,300.80563104733636,3.1560903613766236,445.27907653515393,0,0,0,0,90,21,12,5,100,30
RANDOM,321007,11.21161002383885,0.15270538148242693,29.99650891514905,57,0,0,0,90,21,12,5,100,30
HIGHEST_SNR,321007,5.949361253114549,0.252960516414236,32.96627355760057,57,0,0,0,90,21,12,5,100,30
SHORTEST_PULSE,321007,11.325453049679902,0.5402229886387111,32.51057165903376,57,0,0,0,90,21,12,5,100,30
METROLOGY_CONDITIONED_EIG,321007,13.124962857174454,0.45984267844488175,27.557950639410432,57,0,0,0,90,21,12,5,100,30
NO_PASSIVE,321008,465.2466847308183,2.0165981454644673,445.27907653515393,0,0,0,0,38,21,12,5,100,30
RANDOM,321008,30.42057957897608,0.8273199207344057,57.805118432228284,29,0,0,0,38,21,12,5,100,30
HIGHEST_SNR,321008,71.90175824241878,1.001752501177689,61.84385289654187,29,0,0,0,38,21,12,5,100,30
SHORTEST_PULSE,321008,55.2479474557981,0.7359491983302279,62.68745509214745,29,0,0,0,38,21,12,5,100,30
METROLOGY_CONDITIONED_EIG,321008,48.59279451119473,0.8385598511414463,57.86346806231085,29,0,0,0,38,21,12,5,100,30
NO_PASSIVE,321009,98.34784844956293,3.0329610188655494,445.27907653515393,0,0,0,0,160,21,12,5,100,30
RANDOM,321009,30.999962359175036,0.3634641490333095,26.788971276461616,53,1,0,0,160,21,12,5,100,30
HIGHEST_SNR,321009,51.61437179815762,0.9985077946813349,47.027166134431255,51,3,0,0,160,21,12,5,100,30
SHORTEST_PULSE,321009,3.9700156847715973,1.28855975816398,62.052143256285035,53,1,0,0,160,21,12,5,100,30
METROLOGY_CONDITIONED_EIG,321009,11.47601806991716,0.1924251125930306,24.369484313382735,53,1,0,0,160,21,12,5,100,30
NO_PASSIVE,321010,388.34555024779434,1.9087154626040375,445.27907653515393,0,0,0,0,80,21,12,5,100,30
RANDOM,321010,25.968990761205703,0.7548570271276509,31.192044090387455,50,1,0,0,80,21,12,5,100,30
HIGHEST_SNR,321010,22.212616670319314,1.0267439937107725,34.298714773753495,50,1,0,0,80,21,12,5,100,30
SHORTEST_PULSE,321010,11.319097079551566,0.37193850331793643,28.894116005628742,51,0,0,0,80,21,12,5,100,30
METROLOGY_CONDITIONED_EIG,321010,4.517685553482106,0.33171404325128195,27.03130940279561,51,0,0,0,80,21,12,5,100,30
NO_PASSIVE,321011,678.2691840470142,2.4261895099408712,445.27907653515393,0,0,0,0,114,21,12,5,100,30
RANDOM,321011,39.31716208552765,1.0084013754792869,20.21385931247985,44,0,0,0,114,21,12,5,100,30
HIGHEST_SNR,321011,29.489100839246728,0.8905037706127844,21.18367155222133,44,0,0,0,114,21,12,5,100,30
SHORTEST_PULSE,321011,16.685520003464994,0.3469458884127958,20.78273404317997,44,0,0,0,114,21,12,5,100,30
METROLOGY_CONDITIONED_EIG,321011,28.29343528574646,0.5628657076687186,18.578222275587954,44,0,0,0,114,21,12,5,100,30
NO_PASSIVE,321012,296.6606882106514,0.32067458658620246,445.27907653515393,0,0,0,0,54,21,12,5,100,30
RANDOM,321012,47.054766183102814,0.5954984281512716,37.40076463945179,36,0,0,0,54,21,12,5,100,30
HIGHEST_SNR,321012,31.14485415259045,0.5410504795165454,46.47182286339452,36,0,0,0,54,21,12,5,100,30
SHORTEST_PULSE,321012,32.169643226571424,0.23415793870981622,33.820077879623774,36,0,0,0,54,21,12,5,100,30
METROLOGY_CONDITIONED_EIG,321012,42.67069787011636,0.5332884879811577,34.59696003040604,36,0,0,0,54,21,12,5,100,30
NO_PASSIVE,321013,99.99722354611573,1.5192673624423385,445.27907653515393,0,0,0,0,160,21,12,5,100,30
RANDOM,321013,6.981958881129461,0.34896863555874674,19.117183038674593,60,0,0,0,160,21,12,5,100,30
HIGHEST_SNR,321013,17.071473001684897,0.686719609785243,42.634547667339916,59,1,0,0,160,21,12,5,100,30
SHORTEST_PULSE,321013,11.966175070941997,0.31529318224820124,18.424287589699585,60,0,0,0,160,21,12,5,100,30
METROLOGY_CONDITIONED_EIG,321013,7.60506231915412,0.6348830193835431,16.773564770820304,60,0,0,0,160,21,12,5,100,30
NO_PASSIVE,321014,238.6386313268941,2.04717931014916,445.27907653515393,0,0,0,0,166,21,12,5,100,30
RANDOM,321014,23.36944920540245,0.42190699499114054,19.361909547907953,55,0,0,0,166,21,12,5,100,30
HIGHEST_SNR,321014,8.70052660541427,0.28564940192659594,20.79365015504,55,0,0,0,166,21,12,5,100,30
SHORTEST_PULSE,321014,43.361397385099345,0.27149786395948616,33.183517904313305,55,0,0,0,166,21,12,5,100,30
METROLOGY_CONDITIONED_EIG,321014,7.104412016422091,0.06726517053091223,15.104866407131253,55,0,0,0,166,21,12,5,100,30
NO_PASSIVE,321015,155.37594261640487,4.1299987087434324,445.27907653515393,0,0,0,0,206,21,12,5,100,30
RANDOM,321015,81.93981813495549,2.0620679057827793,40.61074048075648,60,0,0,0,206,21,12,5,100,30
HIGHEST_SNR,321015,43.508271948098695,2.7577413676326614,87.15543333870855,60,0,0,0,206,21,12,5,100,30
SHORTEST_PULSE,321015,84.65851750686093,2.778655604174435,77.93547981331966,60,0,0,0,206,21,12,5,100,30
METROLOGY_CONDITIONED_EIG,321015,3.6646153748875507,0.2561380013217506,23.53481799592944,59,1,0,0,206,21,12,5,100,30
NO_PASSIVE,321016,448.18781609039246,3.7280017827725738,445.27907653515393,0,0,0,0,151,21,12,5,100,30
RANDOM,321016,21.260671226017102,1.110195593373548,28.186441068270017,59,1,0,0,151,21,12,5,100,30
HIGHEST_SNR,321016,37.54810582369316,1.172599288829483,32.54169251067475,60,0,0,0,151,21,12,5,100,30
SHORTEST_PULSE,321016,36.52227993589398,0.9573473615755561,28.029802164784932,60,0,0,0,151,21,12,5,100,30
METROLOGY_CONDITIONED_EIG,321016,6.190694279876394,0.1575284252769582,18.923189389460237,59,1,0,0,151,21,12,5,100,30
NO_PASSIVE,321017,771.2562533472287,1.3176410300185688,445.27907653515393,0,0,0,0,146,21,12,5,100,30
RANDOM,321017,21.45942020142622,0.4918955035393548,33.102797707450485,57,0,0,0,146,21,12,5,100,30
HIGHEST_SNR,321017,38.308231394427466,0.8615199891659591,66.0690442219172,56,1,0,0,146,21,12,5,100,30
SHORTEST_PULSE,321017,14.18444168659425,0.4727449504239352,26.329004261880744,56,1,0,0,146,21,12,5,100,30
METROLOGY_CONDITIONED_EIG,321017,13.32151526175244,0.3987856357453653,20.320899920019244,57,0,0,0,146,21,12,5,100,30
NO_PASSIVE,321018,331.03831025697286,2.4306323330507524,445.27907653515393,0,0,0,0,110,21,12,5,100,30
RANDOM,321018,21.807060331711497,1.1627409224330694,14.622077249495828,50,1,0,0,110,21,12,5,100,30
HIGHEST_SNR,321018,14.354498257212448,0.2013724324819798,17.62152112173902,50,1,0,0,110,21,12,5,100,30
SHORTEST_PULSE,321018,30.26874494816826,1.264407868023662,16.288303197800104,50,1,0,0,110,21,12,5,100,30
METROLOGY_CONDITIONED_EIG,321018,18.82671296975444,0.7793466149472216,13.732851849041332,51,0,0,0,110,21,12,5,100,30
NO_PASSIVE,321019,94.78816279119971,3.8451260362174615,445.27907653515393,0,0,0,0,188,21,12,5,100,30
RANDOM,321019,14.36871337899205,0.2809431483836369,29.54165288927085,60,0,0,0,188,21,12,5,100,30
HIGHEST_SNR,321019,3.891552204200255,0.21860894082991814,18.918721522707,60,0,0,0,188,21,12,5,100,30
SHORTEST_PULSE,321019,15.2384869146105,0.42774153243061247,46.5339836283192,60,0,0,0,188,21,12,5,100,30
METROLOGY_CONDITIONED_EIG,321019,1.3160912761738892,0.08843804090038615,19.063977793554226,60,0,0,0,188,21,12,5,100,30
NO_PASSIVE,321020,486.0390524542238,1.744851169803235,445.27907653515393,0,0,0,0,163,21,12,5,100,30
RANDOM,321020,5.4149522329400455,0.07416150255777203,18.74795320874568,59,1,0,0,163,21,12,5,100,30
HIGHEST_SNR,321020,22.740366334186263,0.4820621817777359,18.797909573095332,59,1,0,0,163,21,12,5,100,30
SHORTEST_PULSE,321020,4.937650293114047,0.0854192751364275,18.93001289561538,59,1,0,0,163,21,12,5,100,30
METROLOGY_CONDITIONED_EIG,321020,2.7555877819375327,0.22995526516134424,17.642541885965763,59,1,0,0,163,21,12,5,100,30
NO_PASSIVE,321021,487.31189235301576,2.1111098548584883,445.27907653515393,0,0,0,0,94,21,12,5,100,30
RANDOM,321021,33.558643689337764,0.9786791835403733,27.161156178117686,53,0,0,0,94,21,12,5,100,30
HIGHEST_SNR,321021,13.403348109671938,0.44998366731001205,29.040943895916136,53,0,0,0,94,21,12,5,100,30
SHORTEST_PULSE,321021,20.119133611593575,0.4496360680666362,26.66057838246279,53,0,0,0,94,21,12,5,100,30
METROLOGY_CONDITIONED_EIG,321021,15.296051263113608,0.5313977810823448,26.340311038550617,53,0,0,0,94,21,12,5,100,30
NO_PASSIVE,321022,450.3081830367857,2.2773379880079716,445.27907653515393,0,0,0,0,108,21,12,5,100,30
RANDOM,321022,16.50743436251075,0.5581677819898725,46.93848515491154,48,0,0,0,108,21,12,5,100,30
HIGHEST_SNR,321022,13.000414037673544,0.9765057416723624,41.124760860333026,48,0,0,0,108,21,12,5,100,30
SHORTEST_PULSE,321022,14.979022175079734,1.3221271172701463,55.30378336162669,47,1,0,0,108,21,12,5,100,30
METROLOGY_CONDITIONED_EIG,321022,6.812190761647565,0.9146825361942899,41.854136711134544,48,0,0,0,108,21,12,5,100,30
NO_PASSIVE,321023,670.4357386612156,4.008864128787411,445.27907653515393,0,0,0,0,102,21,12,5,100,30
RANDOM,321023,71.48523930707536,1.516211682087492,53.595921213050254,54,1,0,0,102,21,12,5,100,30
HIGHEST_SNR,321023,32.661619987809374,0.8521654273646585,52.160660057488556,54,1,0,0,102,21,12,5,100,30
SHORTEST_PULSE,321023,77.56311882244322,1.8656248840203173,56.736708406502686,55,0,0,0,102,21,12,5,100,30
METROLOGY_CONDITIONED_EIG,321023,33.58899098922999,1.003110098719679,46.52614110198647,54,1,0,0,102,21,12,5,100,30
NO_PASSIVE,321024,258.3415483509453,1.3862304273007346,445.27907653515393,0,0,0,0,133,21,12,5,100,30
RANDOM,321024,7.7802700550413535,0.05920019269404542,21.81793278397343,58,1,0,0,133,21,12,5,100,30
HIGHEST_SNR,321024,111.41660959840445,0.27306088876663387,95.22730077277045,59,0,0,0,133,21,12,5,100,30
SHORTEST_PULSE,321024,7.031294884336621,0.12766188599323786,16.306150224299852,58,1,0,0,133,21,12,5,100,30
METROLOGY_CONDITIONED_EIG,321024,4.377420616620849,0.11303078051786529,17.319058419204616,58,1,0,0,133,21,12,5,100,30
NO_PASSIVE,321025,407.393158085904,2.1642922200923054,445.27907653515393,0,0,0,0,129,21,12,5,100,30
RANDOM,321025,11.81852033979263,0.662093395515965,14.640307818751184,56,0,0,0,129,21,12,5,100,30
HIGHEST_SNR,321025,8.583507840917799,0.2726127293130108,19.423010720584248,56,0,0,0,129,21,12,5,100,30
SHORTEST_PULSE,321025,6.44660238406892,0.36133358182963105,15.663496265357445,56,0,0,0,129,21,12,5,100,30
METROLOGY_CONDITIONED_EIG,321025,6.371229625542957,0.6731728044509244,13.877272476501943,55,1,0,0,129,21,12,5,100,30
NO_PASSIVE,321026,870.1772359159546,3.6307544413704442,445.27907653515393,0,0,0,0,88,21,12,5,100,30
RANDOM,321026,14.802548243223834,0.16988157804096704,21.54939862670101,40,9,0,0,88,21,12,5,100,30
HIGHEST_SNR,321026,20.556866355552398,0.5290891196510462,20.56913079985824,46,3,0,0,88,21,12,5,100,30
SHORTEST_PULSE,321026,22.118654739924487,0.2816747805229074,19.18396037463018,33,16,0,0,88,21,12,5,100,30
METROLOGY_CONDITIONED_EIG,321026,7.873857690356127,0.5353621658128729,18.10112516005139,34,15,0,0,88,21,12,5,100,30
NO_PASSIVE,321027,417.5767933989437,3.7975277826830482,445.27907653515393,0,0,0,0,167,21,12,5,100,30
RANDOM,321027,17.863168138781194,0.1232097793108432,22.347898554498972,58,2,0,0,167,21,12,5,100,30
HIGHEST_SNR,321027,14.121899888242256,0.1878147509076416,21.78147944279481,60,0,0,0,167,21,12,5,100,30
SHORTEST_PULSE,321027,7.217095103774261,0.13759264347044547,13.529392169574141,58,2,0,0,167,21,12,5,100,30
METROLOGY_CONDITIONED_EIG,321027,14.332845030440584,0.5109590202854137,12.494243742977774,60,0,0,0,167,21,12,5,100,30
NO_PASSIVE,321028,332.2758723369863,1.9393466726419468,445.27907653515393,0,0,0,0,208,21,12,5,100,30
RANDOM,321028,1.6249993423743643,0.3702871280375925,23.523367681329233,60,0,0,0,208,21,12,5,100,30
HIGHEST_SNR,321028,33.96028264672895,0.6154396962880977,24.810056627716694,60,0,0,0,208,21,12,5,100,30
SHORTEST_PULSE,321028,27.107757218489652,0.6501456293060256,21.24799031249871,60,0,0,0,208,21,12,5,100,30
METROLOGY_CONDITIONED_EIG,321028,15.830475276063446,0.3761942667410657,17.636451663950215,59,1,0,0,208,21,12,5,100,30
NO_PASSIVE,321029,82.43977516515109,0.5887617417020341,445.27907653515393,0,0,0,0,211,21,12,5,100,30
RANDOM,321029,16.16174164996234,0.2264168881903702,18.62002425441038,60,0,0,0,211,21,12,5,100,30
HIGHEST_SNR,321029,4.738804007431425,0.4013555276599603,18.46543144150145,60,0,0,0,211,21,12,5,100,30
SHORTEST_PULSE,321029,7.042206984777191,0.12923067880561953,15.481881783970598,60,0,0,0,211,21,12,5,100,30
METROLOGY_CONDITIONED_EIG,321029,3.307258124244766,0.19726564273178962,15.398399969481288,60,0,0,0,211,21,12,5,100,30
NO_PASSIVE,322000,509.6267581038182,3.1598375064142945,445.27907653515393,0,0,0,0,114,22,12,5,100,100
RANDOM,322000,49.054178012615125,1.0552295722613099,36.96225668431215,44,1,0,0,114,22,12,5,100,100
HIGHEST_SNR,322000,4.221297713883897,0.5859837305076145,59.106893692104556,41,4,0,0,114,22,12,5,100,100
SHORTEST_PULSE,322000,23.04352307271297,0.9490435137071633,40.15216530839563,44,1,0,0,114,22,12,5,100,100
METROLOGY_CONDITIONED_EIG,322000,25.6481674037952,0.28772104305025537,26.72904032076603,45,0,0,0,114,22,12,5,100,100
NO_PASSIVE,322001,17.17663254565094,1.8024712892876082,445.27907653515393,0,0,0,0,156,22,12,5,100,100
RANDOM,322001,6.712019335978002,0.4764556155656268,35.46609447764154,59,1,0,0,156,22,12,5,100,100
HIGHEST_SNR,322001,46.503010318038086,1.0826711650067293,38.70034989805206,59,1,0,0,156,22,12,5,100,100
SHORTEST_PULSE,322001,24.969779407793318,0.6669329466459453,30.715209055819024,60,0,0,0,156,22,12,5,100,100
METROLOGY_CONDITIONED_EIG,322001,15.337140793311665,0.44202597087444795,31.83697078888488,60,0,0,0,156,22,12,5,100,100
NO_PASSIVE,322002,305.43468889687284,2.660668838651147,445.27907653515393,0,0,0,0,119,22,12,5,100,100
RANDOM,322002,71.53616536298306,1.5578659636848018,35.019897556787846,59,1,0,0,119,22,12,5,100,100
HIGHEST_SNR,322002,47.369976236235594,1.3473185194088309,44.634759601379926,60,0,0,0,119,22,12,5,100,100
SHORTEST_PULSE,322002,94.24146487219667,1.6935499105578362,42.04808688350404,60,0,0,0,119,22,12,5,100,100
METROLOGY_CONDITIONED_EIG,322002,78.41864483213817,2.1653599578584743,33.32132935860294,60,0,0,0,119,22,12,5,100,100
NO_PASSIVE,322003,521.2019813700845,2.3770609982478907,445.27907653515393,0,0,0,0,144,22,12,5,100,100
RANDOM,322003,41.93914064577632,0.9533850555048893,49.075826398950866,58,1,0,0,144,22,12,5,100,100
HIGHEST_SNR,322003,37.96116280197699,0.9897558018908197,45.87494721736922,59,0,0,0,144,22,12,5,100,100
SHORTEST_PULSE,322003,23.83998771882037,0.7679177402880539,39.301057142377594,59,0,0,0,144,22,12,5,100,100
METROLOGY_CONDITIONED_EIG,322003,23.784136136379793,0.5857137223640572,36.002220349630285,59,0,0,0,144,22,12,5,100,100
NO_PASSIVE,322004,175.0991425417212,1.616983741042636,445.27907653515393,0,0,0,0,256,22,12,5,100,100
RANDOM,322004,36.49127941802178,0.8645321510477363,25.54809134988749,59,1,0,0,256,22,12,5,100,100
HIGHEST_SNR,322004,30.382447758326073,0.9251205162307942,41.24181029881241,60,0,0,0,256,22,12,5,100,100
SHORTEST_PULSE,322004,15.569650538942541,0.5611632542328374,22.235004383953996,60,0,0,0,256,22,12,5,100,100
METROLOGY_CONDITIONED_EIG,322004,7.854458028087827,0.24557815868602173,16.47390153530821,59,1,0,0,256,22,12,5,100,100
NO_PASSIVE,322005,262.25899999502934,1.4622874680895173,445.27907653515393,0,0,0,0,119,22,12,5,100,100
RANDOM,322005,12.83341774062785,0.6983195932548285,36.68787531976271,54,0,0,0,119,22,12,5,100,100
HIGHEST_SNR,322005,47.36740412728202,0.8292392289769853,34.541923173590696,54,0,0,0,119,22,12,5,100,100
SHORTEST_PULSE,322005,52.58468802234581,0.9430022414531957,64.35987485872353,54,0,0,0,119,22,12,5,100,100
METROLOGY_CONDITIONED_EIG,322005,41.42695941559365,0.5097083461018088,29.618064565249796,54,0,0,0,119,22,12,5,100,100
NO_PASSIVE,322006,266.3910903695634,1.063356610675071,445.27907653515393,0,0,0,0,137,22,12,5,100,100
RANDOM,322006,43.83565861608532,0.6140081435488094,28.65975495081754,48,0,0,0,137,22,12,5,100,100
HIGHEST_SNR,322006,38.808046073381675,0.4478174629259323,76.70059240382503,48,0,0,0,137,22,12,5,100,100
SHORTEST_PULSE,322006,14.2564699683147,0.6863501542146291,38.94465056404228,47,1,0,0,137,22,12,5,100,100
METROLOGY_CONDITIONED_EIG,322006,39.00205384470126,1.390784094449009,24.277064176661415,48,0,0,0,137,22,12,5,100,100
NO_PASSIVE,322007,315.87172990273586,0.22147439074773698,445.27907653515393,0,0,0,0,115,22,12,5,100,100
RANDOM,322007,30.952812245864504,1.1820803890743299,39.98504058480788,58,0,0,0,115,22,12,5,100,100
HIGHEST_SNR,322007,115.08177546190602,2.4678083905691,47.71252613823081,57,1,0,0,115,22,12,5,100,100
SHORTEST_PULSE,322007,39.05187257840627,1.445362959918264,39.96932030865195,58,0,0,0,115,22,12,5,100,100
METROLOGY_CONDITIONED_EIG,322007,41.18374572683842,1.155999140292165,39.258053059192044,58,0,0,0,115,22,12,5,100,100
NO_PASSIVE,322008,944.0176714906607,2.936888827701897,445.27907653515393,0,0,0,0,183,22,12,5,100,100
RANDOM,322008,17.485376889839547,0.35462643220292017,34.13561636419417,56,4,0,0,183,22,12,5,100,100
HIGHEST_SNR,322008,55.13962689258773,1.0198507815718567,48.100101329730414,60,0,0,0,183,22,12,5,100,100
SHORTEST_PULSE,322008,22.308137192609582,0.5997492513391982,28.436807425042662,59,1,0,0,183,22,12,5,100,100
METROLOGY_CONDITIONED_EIG,322008,8.015531754870599,0.3544188943487685,25.394617920766063,59,1,0,0,183,22,12,5,100,100
NO_PASSIVE,322009,187.6485680976778,1.1696152655419743,445.27907653515393,0,0,0,0,147,22,12,5,100,100
RANDOM,322009,20.966229469252003,0.13432890479503215,37.31625858016529,57,0,0,0,147,22,12,5,100,100
HIGHEST_SNR,322009,107.30659290642949,1.7434609011879607,64.12332185642222,57,0,0,0,147,22,12,5,100,100
SHORTEST_PULSE,322009,22.8679456089068,0.8923167486420568,32.60266311598219,57,0,0,0,147,22,12,5,100,100
METROLOGY_CONDITIONED_EIG,322009,15.91803500247659,0.5355253806922128,31.840790359600547,57,0,0,0,147,22,12,5,100,100
NO_PASSIVE,322010,556.0867592340478,1.2071393937889265,445.27907653515393,0,0,0,0,170,22,12,5,100,100
RANDOM,322010,12.7302201709032,0.44759879822993925,21.123147599060808,60,0,0,0,170,22,12,5,100,100
HIGHEST_SNR,322010,16.83906801346429,0.2312602330194836,38.56961867346903,59,1,0,0,170,22,12,5,100,100
SHORTEST_PULSE,322010,25.775740363040924,0.9745905816495031,19.52480298535484,59,1,0,0,170,22,12,5,100,100
METROLOGY_CONDITIONED_EIG,322010,20.192005709900144,0.6571732404272329,18.987013665091922,60,0,0,0,170,22,12,5,100,100
NO_PASSIVE,322011,401.30661712018946,1.0724735102983685,445.27907653515393,0,0,0,0,50,22,12,5,100,100
RANDOM,322011,12.459778552981465,0.9386724649694568,44.979596759150475,47,0,0,0,50,22,12,5,100,100
HIGHEST_SNR,322011,31.9331189566811,1.4104951639416383,48.606281559708016,47,0,0,0,50,22,12,5,100,100
SHORTEST_PULSE,322011,18.204207112144893,0.36479962623910245,44.42481349688803,47,0,0,0,50,22,12,5,100,100
METROLOGY_CONDITIONED_EIG,322011,18.204207112144893,0.36479962623910245,44.42481349688803,47,0,0,0,50,22,12,5,100,100
NO_PASSIVE,322012,381.7746407670627,1.8850328154593956,445.27907653515393,0,0,0,0,117,22,12,5,100,100
RANDOM,322012,27.816046411724397,0.9268121864995341,39.35381885762975,54,0,0,0,117,22,12,5,100,100
HIGHEST_SNR,322012,17.388878991365353,1.0120855836736657,47.01431433759383,54,0,0,0,117,22,12,5,100,100
SHORTEST_PULSE,322012,20.551302111781272,0.8468718861442278,34.161286855997325,54,0,0,0,117,22,12,5,100,100
METROLOGY_CONDITIONED_EIG,322012,11.050834995934082,0.3831200602908844,31.78303669215034,54,0,0,0,117,22,12,5,100,100
NO_PASSIVE,322013,468.90081670486165,2.8622979141821645,445.27907653515393,0,0,0,0,150,22,12,5,100,100
RANDOM,322013,20.38397428161708,0.4584224406790338,40.14243622503775,59,1,0,0,150,22,12,5,100,100
HIGHEST_SNR,322013,87.12666649232102,2.2939130099201948,79.30896040435596,60,0,0,0,150,22,12,5,100,100
SHORTEST_PULSE,322013,34.36298990187186,1.1819199780395115,44.544189077939706,58,2,0,0,150,22,12,5,100,100
METROLOGY_CONDITIONED_EIG,322013,5.452773453620606,0.6509612219731069,35.950159689163186,59,1,0,0,150,22,12,5,100,100
NO_PASSIVE,322014,203.72608563670826,2.2487863639719565,445.27907653515393,0,0,0,0,99,22,12,5,100,100
RANDOM,322014,59.9643054128151,0.8443983939696043,26.813607127403504,59,0,0,0,99,22,12,5,100,100
HIGHEST_SNR,322014,69.86740508911562,1.4483039369578554,30.53432613358055,59,0,0,0,99,22,12,5,100,100
SHORTEST_PULSE,322014,70.13084104911243,1.2216078696338943,27.78338274792814,59,0,0,0,99,22,12,5,100,100
METROLOGY_CONDITIONED_EIG,322014,64.97392005645226,1.2872295215358778,26.221193899873356,58,1,0,0,99,22,12,5,100,100
NO_PASSIVE,322015,409.5189079732763,1.4952795724726333,445.27907653515393,0,0,0,0,105,22,12,5,100,100
RANDOM,322015,24.745721614118743,0.9193345106838442,23.60803659850974,56,1,0,0,105,22,12,5,100,100
HIGHEST_SNR,322015,34.66008039652257,1.306423724620606,29.679661603423252,57,0,0,0,105,22,12,5,100,100
SHORTEST_PULSE,322015,30.16031261887815,1.3006692474066315,23.075009588351154,56,1,0,0,105,22,12,5,100,100
METROLOGY_CONDITIONED_EIG,322015,31.48602495445868,1.3598919056733698,23.9273122575819,56,1,0,0,105,22,12,5,100,100
NO_PASSIVE,322016,652.5882498660455,0.9143630821205887,445.27907653515393,0,0,0,0,114,22,12,5,100,100
RANDOM,322016,27.06238847332174,0.9070670272326692,46.133431321199204,58,0,0,0,114,22,12,5,100,100
HIGHEST_SNR,322016,40.86834438651738,1.0708677943846203,57.00562843051118,58,0,0,0,114,22,12,5,100,100
SHORTEST_PULSE,322016,35.29153232608769,1.636876319752446,28.536824968260778,58,0,0,0,114,22,12,5,100,100
METROLOGY_CONDITIONED_EIG,322016,1.7934446862190363,0.8468267081039219,26.377029177057878,58,0,0,0,114,22,12,5,100,100
NO_PASSIVE,322017,572.762827548142,1.3686277330002026,445.27907653515393,0,0,0,0,131,22,12,5,100,100
RANDOM,322017,27.38142381398501,0.9265283004875269,49.89992939824452,50,1,0,0,131,22,12,5,100,100
HIGHEST_SNR,322017,34.57146222127025,1.0602828135431548,55.53386141237887,50,1,0,0,131,22,12,5,100,100
SHORTEST_PULSE,322017,22.157093823628205,0.32668936037093427,53.56395661447302,50,1,0,0,131,22,12,5,100,100
METROLOGY_CONDITIONED_EIG,322017,39.01242379438806,0.9444602005506341,42.843671745909646,50,1,0,0,131,22,12,5,100,100
NO_PASSIVE,322018,568.3479062004801,2.2630803259349026,445.27907653515393,0,0,0,0,211,22,12,5,100,100
RANDOM,322018,28.73079844043126,0.5315960583790699,36.18749707210202,47,1,0,0,211,22,12,5,100,100
HIGHEST_SNR,322018,97.9009436167198,1.5673475371791425,73.97013102253601,46,2,0,0,211,22,12,5,100,100
SHORTEST_PULSE,322018,43.634622068014075,0.889180601284299,29.589494915658094,48,0,0,0,211,22,12,5,100,100
METROLOGY_CONDITIONED_EIG,322018,22.140314576257797,0.3292757603808877,26.394256718011974,48,0,0,0,211,22,12,5,100,100
NO_PASSIVE,322019,355.29173594582466,2.8281383504354927,445.27907653515393,0,0,0,0,86,22,12,5,100,100
RANDOM,322019,70.61006396186949,1.9393474546431415,54.40431149686445,31,0,0,0,86,22,12,5,100,100
HIGHEST_SNR,322019,65.0002009978417,1.8522033187413924,67.34097889091485,31,0,0,0,86,22,12,5,100,100
SHORTEST_PULSE,322019,40.597607577421115,2.693605528676786,55.65736396657851,31,0,0,0,86,22,12,5,100,100
METROLOGY_CONDITIONED_EIG,322019,33.5187705258256,1.3983009831486413,42.04493353026448,31,0,0,0,86,22,12,5,100,100
NO_PASSIVE,322020,587.6177380386839,3.359471560640379,445.27907653515393,0,0,0,0,123,22,12,5,100,100
RANDOM,322020,6.625278068140754,0.6606168029644973,42.29432219134376,50,1,0,0,123,22,12,5,100,100
HIGHEST_SNR,322020,19.160518749343453,0.6337021751025789,45.88191948842252,50,1,0,0,123,22,12,5,100,100
SHORTEST_PULSE,322020,21.095110934736187,0.49408097016839864,39.86867480821822,51,0,0,0,123,22,12,5,100,100
METROLOGY_CONDITIONED_EIG,322020,34.82473819352938,0.8494319459284692,38.55253699956163,50,1,0,0,123,22,12,5,100,100
NO_PASSIVE,322021,308.3417724919894,1.4475730386584809,445.27907653515393,0,0,0,0,147,22,12,5,100,100
RANDOM,322021,10.774826670713416,0.32037521329039487,39.76444203242507,58,2,0,0,147,22,12,5,100,100
HIGHEST_SNR,322021,51.23276533470505,0.6539435743838251,52.46027793392067,59,1,0,0,147,22,12,5,100,100
SHORTEST_PULSE,322021,28.76414832260788,0.866191710507678,34.431941487646924,60,0,0,0,147,22,12,5,100,100
METROLOGY_CONDITIONED_EIG,322021,19.68299959386208,0.595090158097894,35.748606317899885,60,0,0,0,147,22,12,5,100,100
NO_PASSIVE,322022,210.82703169100805,2.1693909295589777,445.27907653515393,0,0,0,0,97,22,12,5,100,100
RANDOM,322022,11.981775671001028,0.5600955980843426,23.740983629946637,59,0,0,0,97,22,12,5,100,100
HIGHEST_SNR,322022,8.805580546260678,0.35935719814515976,26.590769834737337,59,0,0,0,97,22,12,5,100,100
SHORTEST_PULSE,322022,18.446019164282436,1.4898950360363605,24.06133438662658,59,0,0,0,97,22,12,5,100,100
METROLOGY_CONDITIONED_EIG,322022,10.266862646069711,0.7937666283128069,22.2050515448018,59,0,0,0,97,22,12,5,100,100
NO_PASSIVE,322023,387.93201197732964,3.154034203258125,445.27907653515393,0,0,0,0,136,22,12,5,100,100
RANDOM,322023,28.358158889814288,0.9692278278937589,28.807579279121374,55,4,0,0,136,22,12,5,100,100
HIGHEST_SNR,322023,93.64519007806135,2.10815661707169,37.40295298706608,58,1,0,0,136,22,12,5,100,100
SHORTEST_PULSE,322023,38.82444580007453,0.8345980310164273,21.212575513172055,57,2,0,0,136,22,12,5,100,100
METROLOGY_CONDITIONED_EIG,322023,17.19545923434191,0.5707696678500848,21.199829253711382,56,3,0,0,136,22,12,5,100,100
NO_PASSIVE,322024,309.9642291534476,2.0775423570643134,445.27907653515393,0,0,0,0,127,22,12,5,100,100
RANDOM,322024,60.857443795189376,1.6211621744017046,32.56667668501769,58,1,0,0,127,22,12,5,100,100
HIGHEST_SNR,322024,42.432635138102576,0.9975200941416099,40.08589571654678,59,0,0,0,127,22,12,5,100,100
SHORTEST_PULSE,322024,76.68331241315803,1.544506438259127,36.028228785823785,58,1,0,0,127,22,12,5,100,100
METROLOGY_CONDITIONED_EIG,322024,47.725563855291846,0.9771475546515894,29.56831548776227,57,2,0,0,127,22,12,5,100,100
NO_PASSIVE,322025,302.50797607779134,3.2869204651102244,445.27907653515393,0,0,0,0,234,22,12,5,100,100
RANDOM,322025,21.765916787069376,0.841867118089997,23.326363200325407,58,2,0,0,234,22,12,5,100,100
HIGHEST_SNR,322025,9.096540407254201,0.4331425932992469,27.329634222174384,58,2,0,0,234,22,12,5,100,100
SHORTEST_PULSE,322025,8.22814395919259,0.21690788724845556,26.448807100947953,57,3,0,0,234,22,12,5,100,100
METROLOGY_CONDITIONED_EIG,322025,11.352600591328892,0.4964947543349393,19.88019361394829,54,6,0,0,234,22,12,5,100,100
NO_PASSIVE,322026,226.5020249510301,1.364099364645853,445.27907653515393,0,0,0,0,107,22,12,5,100,100
RANDOM,322026,32.65216226270729,0.3434101697394806,32.09571479396516,55,0,0,0,107,22,12,5,100,100
HIGHEST_SNR,322026,26.64863689935646,1.0683749508621787,35.53383863464208,55,0,0,0,107,22,12,5,100,100
SHORTEST_PULSE,322026,21.91670851074483,0.8680108762625577,32.253579315558476,54,1,0,0,107,22,12,5,100,100
METROLOGY_CONDITIONED_EIG,322026,32.166403224021565,0.4054840870613098,29.094485988025973,55,0,0,0,107,22,12,5,100,100
NO_PASSIVE,322027,449.753221247213,0.054240949348302196,445.27907653515393,0,0,0,0,112,22,12,5,100,100
RANDOM,322027,37.80044253507075,1.0253422146703657,36.26317360108591,48,0,0,0,112,22,12,5,100,100
HIGHEST_SNR,322027,5.690946027534794,0.35644750998472713,57.445560652965135,48,0,0,0,112,22,12,5,100,100
SHORTEST_PULSE,322027,34.65510776190374,0.8126469709063296,32.5065883671524,48,0,0,0,112,22,12,5,100,100
METROLOGY_CONDITIONED_EIG,322027,11.10469122074575,0.25737898582962687,32.58044379635402,48,0,0,0,112,22,12,5,100,100
NO_PASSIVE,322028,227.12468018467882,1.8712431395319906,445.27907653515393,0,0,0,0,138,22,12,5,100,100
RANDOM,322028,6.719858489381296,0.5919383528822327,32.19286395460524,59,0,0,0,138,22,12,5,100,100
HIGHEST_SNR,322028,21.27946378122769,0.4292702039068678,42.2624806764164,58,1,0,0,138,22,12,5,100,100
SHORTEST_PULSE,322028,10.021747635852055,0.27333094891414167,29.523049107499496,59,0,0,0,138,22,12,5,100,100
METROLOGY_CONDITIONED_EIG,322028,10.05437379582384,0.4789407332581356,27.544908497287153,58,1,0,0,138,22,12,5,100,100
NO_PASSIVE,322029,451.2432171706864,1.8466779449778954,445.27907653515393,0,0,0,0,170,22,12,5,100,100
RANDOM,322029,16.53255335865598,0.8829726105015936,39.342615836660315,60,0,0,0,170,22,12,5,100,100
HIGHEST_SNR,322029,25.15663188751267,0.6620393754502273,49.90513078677048,59,1,0,0,170,22,12,5,100,100
SHORTEST_PULSE,322029,34.45876267823162,0.6441315314898959,32.2722730229603,60,0,0,0,170,22,12,5,100,100
METROLOGY_CONDITIONED_EIG,322029,24.572667137106183,0.37264121823466,28.375534655085914,60,0,0,0,170,22,12,5,100,100
NO_PASSIVE,323000,203.13488346863738,0.8596384915831663,445.27907653515393,0,0,0,0,120,23,12,5,1000,30
RANDOM,323000,12.123229495767049,0.23187308669909118,29.476650275177217,60,0,0,0,120,23,12,5,1000,30
HIGHEST_SNR,323000,10.015734350677585,0.2634655268245422,34.20294615525363,60,0,0,0,120,23,12,5,1000,30
SHORTEST_PULSE,323000,22.34680907965818,0.6284373465394433,31.582630458815647,60,0,0,0,120,23,12,5,1000,30
METROLOGY_CONDITIONED_EIG,323000,20.74331450772852,0.5386317291008695,26.283852947659472,60,0,0,0,120,23,12,5,1000,30
NO_PASSIVE,323001,365.3147248972211,1.5549971130546445,445.27907653515393,0,0,0,0,216,23,12,5,1000,30
RANDOM,323001,12.548349447178742,0.4309180661511453,28.25972167129361,48,0,0,0,216,23,12,5,1000,30
HIGHEST_SNR,323001,18.92383178938219,0.39254399991195604,26.477854721478288,47,1,0,0,216,23,12,5,1000,30
SHORTEST_PULSE,323001,8.626068736119395,0.30708211062699153,57.0207806934014,48,0,0,0,216,23,12,5,1000,30
METROLOGY_CONDITIONED_EIG,323001,10.468433976343578,0.27942032175963416,20.33126425549617,48,0,0,0,216,23,12,5,1000,30
NO_PASSIVE,323002,297.14754796392236,1.1795781106121896,445.27907653515393,0,0,0,0,191,23,12,5,1000,30
RANDOM,323002,19.215078736247104,0.6401171005813713,18.151197076695414,60,0,0,0,191,23,12,5,1000,30
HIGHEST_SNR,323002,13.708816906680724,0.22991143929513527,17.727263406877633,60,0,0,0,191,23,12,5,1000,30
SHORTEST_PULSE,323002,8.474835842779552,0.07878945849693873,19.91903462853695,60,0,0,0,191,23,12,5,1000,30
METROLOGY_CONDITIONED_EIG,323002,7.232768737635655,0.44259117336553716,13.43605147861758,60,0,0,0,191,23,12,5,1000,30
NO_PASSIVE,323003,358.406272105388,1.1829326901398705,445.27907653515393,0,0,0,0,215,23,12,5,1000,30
RANDOM,323003,10.312091034689761,0.4838484081418519,23.77901175192751,60,0,0,0,215,23,12,5,1000,30
HIGHEST_SNR,323003,56.26472222440386,1.6207885873156058,27.406851000030056,59,1,0,0,215,23,12,5,1000,30
SHORTEST_PULSE,323003,14.353294977195246,0.8683660609980577,20.04651984986562,60,0,0,0,215,23,12,5,1000,30
METROLOGY_CONDITIONED_EIG,323003,36.629039991622925,1.248111091234829,20.76928978194351,60,0,0,0,215,23,12,5,1000,30
NO_PASSIVE,323004,897.4375629084931,1.3249844086007316,445.27907653515393,0,0,0,0,168,23,12,5,1000,30
RANDOM,323004,10.845606249364968,0.4456088407725326,19.4069465602456,59,1,0,0,168,23,12,5,1000,30
HIGHEST_SNR,323004,15.185667898173083,0.6303810969065443,23.495088201345315,52,8,0,0,168,23,12,5,1000,30
SHORTEST_PULSE,323004,20.009280132928968,0.5710374974356479,16.927875913763668,58,2,0,0,168,23,12,5,1000,30
METROLOGY_CONDITIONED_EIG,323004,18.861666651638263,0.528070522761434,17.00349525456886,56,4,0,0,168,23,12,5,1000,30
NO_PASSIVE,323005,286.0775130419646,1.9552004434030625,445.27907653515393,0,0,0,0,96,23,12,5,1000,30
RANDOM,323005,13.876957866529304,0.6660297326895662,24.51530685776311,48,0,0,0,96,23,12,5,1000,30
HIGHEST_SNR,323005,28.187959813997416,1.285480630872005,29.808361365749366,46,2,0,0,96,23,12,5,1000,30
SHORTEST_PULSE,323005,23.0121535529762,0.9946672350367812,30.24251670080806,46,2,0,0,96,23,12,5,1000,30
METROLOGY_CONDITIONED_EIG,323005,17.061435862813443,0.7674369634411419,24.650299667289676,48,0,0,0,96,23,12,5,1000,30
NO_PASSIVE,323006,253.2120502904921,2.224340554538104,445.27907653515393,0,0,0,0,144,23,12,5,1000,30
RANDOM,323006,19.791910423179928,1.2008842052864093,24.322466884728616,59,1,0,0,144,23,12,5,1000,30
HIGHEST_SNR,323006,14.541295841755918,0.9118936686432679,23.974011773795127,59,1,0,0,144,23,12,5,1000,30
SHORTEST_PULSE,323006,32.84977799152366,0.562668362106444,28.910187234608618,58,2,0,0,144,23,12,5,1000,30
METROLOGY_CONDITIONED_EIG,323006,7.177310913316708,0.8077186488368444,23.379443496612495,60,0,0,0,144,23,12,5,1000,30
NO_PASSIVE,323007,85.53528492061199,1.485193695055132,445.27907653515393,0,0,0,0,168,23,12,5,1000,30
RANDOM,323007,31.34058359203038,0.4711308600975846,30.428964808097525,59,1,0,0,168,23,12,5,1000,30
HIGHEST_SNR,323007,58.78116207905978,1.6119520810210906,44.02255978643721,60,0,0,0,168,23,12,5,1000,30
SHORTEST_PULSE,323007,33.26901351182683,1.2577068348931952,31.2659078220566,58,2,0,0,168,23,12,5,1000,30
METROLOGY_CONDITIONED_EIG,323007,11.70181361811723,0.16366344534662616,28.46426050683888,59,1,0,0,168,23,12,5,1000,30
NO_PASSIVE,323008,117.13857196000956,2.6881227574134496,445.27907653515393,0,0,0,0,141,23,12,5,1000,30
RANDOM,323008,11.242732454478823,0.22976549244964173,21.015514227002342,59,1,0,0,141,23,12,5,1000,30
HIGHEST_SNR,323008,61.110103016463825,2.5901090764405343,52.86380249480642,59,1,0,0,141,23,12,5,1000,30
SHORTEST_PULSE,323008,25.06087803827225,1.1563783250013435,28.914539690390946,60,0,0,0,141,23,12,5,1000,30
METROLOGY_CONDITIONED_EIG,323008,28.209616015343975,0.7526619280308375,18.319938809607827,59,1,0,0,141,23,12,5,1000,30
NO_PASSIVE,323009,161.18678950319384,1.9430994680931304,445.27907653515393,0,0,0,0,192,23,12,5,1000,30
RANDOM,323009,2.6872608891478937,0.39410746569342003,29.306689965442416,58,2,0,0,192,23,12,5,1000,30
HIGHEST_SNR,323009,5.230803532005895,0.6305642894239124,31.279706487118826,59,1,0,0,192,23,12,5,1000,30
SHORTEST_PULSE,323009,5.736430353580129,0.6074947114954118,28.378134933882414,58,2,0,0,192,23,12,5,1000,30
METROLOGY_CONDITIONED_EIG,323009,7.260107569870746,0.14625981869520902,21.90465013580807,59,1,0,0,192,23,12,5,1000,30
NO_PASSIVE,323010,247.35421486065997,2.015987065003539,445.27907653515393,0,0,0,0,216,23,12,5,1000,30
RANDOM,323010,19.767414889512867,0.2557473564798819,20.194693602049576,59,1,0,0,216,23,12,5,1000,30
HIGHEST_SNR,323010,23.28756571627409,0.23947694269151185,27.321796224290186,60,0,0,0,216,23,12,5,1000,30
SHORTEST_PULSE,323010,51.68267304522791,1.771379219113483,29.389070112584367,60,0,0,0,216,23,12,5,1000,30
METROLOGY_CONDITIONED_EIG,323010,16.027937051250248,0.3477326216448005,17.91496294969566,60,0,0,0,216,23,12,5,1000,30
NO_PASSIVE,323011,419.02526343789106,2.4895452144744814,445.27907653515393,0,0,0,0,120,23,12,5,1000,30
RANDOM,323011,49.54375938722744,1.0471459647153776,31.727946065726034,59,1,0,0,120,23,12,5,1000,30
HIGHEST_SNR,323011,55.26189433816172,0.9564142233439417,44.85373782167816,59,1,0,0,120,23,12,5,1000,30
SHORTEST_PULSE,323011,36.76546850862123,1.0637048779345626,20.064877469565086,59,1,0,0,120,23,12,5,1000,30
METROLOGY_CONDITIONED_EIG,323011,34.965063089056706,1.0332354350304456,20.246772454248234,59,1,0,0,120,23,12,5,1000,30
NO_PASSIVE,323012,240.77129962940404,1.927735167873778,445.27907653515393,0,0,0,0,149,23,12,5,1000,30
RANDOM,323012,12.077039085442506,0.23649558473276983,14.420920963152103,50,0,0,0,149,23,12,5,1000,30
HIGHEST_SNR,323012,16.555783058968757,0.48854241847748503,12.556001701798138,50,0,0,0,149,23,12,5,1000,30
SHORTEST_PULSE,323012,3.7014072223513135,0.2681497590443525,10.845043465712882,49,1,0,0,149,23,12,5,1000,30
METROLOGY_CONDITIONED_EIG,323012,5.667833616509734,0.29479296605008987,10.85539775547938,50,0,0,0,149,23,12,5,1000,30
NO_PASSIVE,323013,525.4621152636896,2.8947414920889694,445.27907653515393,0,0,0,0,216,23,12,5,1000,30
RANDOM,323013,26.1484218791823,1.3921858363212751,34.97437960368135,60,0,0,0,216,23,12,5,1000,30
HIGHEST_SNR,323013,60.86617057783882,2.1263232509837118,56.24675401257459,58,2,0,0,216,23,12,5,1000,30
SHORTEST_PULSE,323013,18.880653581673,0.8709647633393462,28.53794241261756,60,0,0,0,216,23,12,5,1000,30
METROLOGY_CONDITIONED_EIG,323013,13.155998270714441,0.9340199187810575,25.303758844245362,60,0,0,0,216,23,12,5,1000,30
NO_PASSIVE,323014,254.7534675507149,0.9224799560223221,445.27907653515393,0,0,0,0,192,23,12,5,1000,30
RANDOM,323014,13.066568667590154,0.4436049439392524,13.7598685888424,60,0,0,0,192,23,12,5,1000,30
HIGHEST_SNR,323014,56.65835881543175,0.7983526670707272,28.00895829668296,59,1,0,0,192,23,12,5,1000,30
SHORTEST_PULSE,323014,24.682068263473433,0.28630172343576377,15.194798578924694,60,0,0,0,192,23,12,5,1000,30
METROLOGY_CONDITIONED_EIG,323014,5.7493728153951285,0.15966081346842864,12.571856162438435,60,0,0,0,192,23,12,5,1000,30
NO_PASSIVE,323015,324.5855952773316,2.546319717907859,445.27907653515393,0,0,0,0,167,23,12,5,1000,30
RANDOM,323015,9.63780555345369,0.8248993038422395,23.294439923604454,47,1,0,0,167,23,12,5,1000,30
HIGHEST_SNR,323015,77.5705396076045,1.99112812751503,48.18566457051327,48,0,0,0,167,23,12,5,1000,30
SHORTEST_PULSE,323015,7.264640372559632,1.9248925381788111,35.58247581699438,48,0,0,0,167,23,12,5,1000,30
METROLOGY_CONDITIONED_EIG,323015,8.544900561784884,0.5619883908614777,18.022595612217884,48,0,0,0,167,23,12,5,1000,30
NO_PASSIVE,323016,653.0024395138369,0.23781108860961805,445.27907653515393,0,0,0,0,168,23,12,5,1000,30
RANDOM,323016,6.657187078694905,0.17996386845843923,16.303716455407137,60,0,0,0,168,23,12,5,1000,30
HIGHEST_SNR,323016,14.082224447653438,0.07422954640275496,17.930968320626622,60,0,0,0,168,23,12,5,1000,30
SHORTEST_PULSE,323016,8.253963837983537,0.34903556203010533,12.676073655883046,60,0,0,0,168,23,12,5,1000,30
METROLOGY_CONDITIONED_EIG,323016,6.648303350616035,0.32876844292969254,12.896585396652034,60,0,0,0,168,23,12,5,1000,30
NO_PASSIVE,323017,109.23588184402607,1.147314796869064,445.27907653515393,0,0,0,0,216,23,12,5,1000,30
RANDOM,323017,14.119823026372519,0.5378794917905181,18.131707016622432,59,1,0,0,216,23,12,5,1000,30
HIGHEST_SNR,323017,15.076580028563393,0.4391398533043704,16.74312312974351,59,1,0,0,216,23,12,5,1000,30
SHORTEST_PULSE,323017,15.307731216521672,0.5426437002471847,16.40308893968037,59,1,0,0,216,23,12,5,1000,30
METROLOGY_CONDITIONED_EIG,323017,5.921127561331001,0.18405192262437917,14.806942760762112,57,3,0,0,216,23,12,5,1000,30
NO_PASSIVE,323018,554.6616627235204,1.628497919222176,445.27907653515393,0,0,0,0,240,23,12,5,1000,30
RANDOM,323018,10.212923328786777,0.10181018743516886,20.231228453052854,48,0,0,0,240,23,12,5,1000,30
HIGHEST_SNR,323018,5.02038585028048,0.8737177449254375,33.573231269973746,47,1,0,0,240,23,12,5,1000,30
SHORTEST_PULSE,323018,29.833838760220814,0.9788029411332603,41.50460095259896,48,0,0,0,240,23,12,5,1000,30
METROLOGY_CONDITIONED_EIG,323018,3.755814691620839,0.15709835957649104,14.64470923452253,48,0,0,0,240,23,12,5,1000,30
NO_PASSIVE,323019,505.4489455271858,1.3084262472406136,445.27907653515393,0,0,0,0,143,23,12,5,1000,30
RANDOM,323019,8.660030268637028,0.09340824930218558,23.824387313438397,59,1,0,0,143,23,12,5,1000,30
HIGHEST_SNR,323019,28.774428779809416,0.39581581972550733,32.182420361530966,59,1,0,0,143,23,12,5,1000,30
SHORTEST_PULSE,323019,17.145216132309464,0.4634637162465985,12.473370849219872,60,0,0,0,143,23,12,5,1000,30
METROLOGY_CONDITIONED_EIG,323019,15.346593443591997,0.38634803915533183,12.493762887963827,60,0,0,0,143,23,12,5,1000,30
NO_PASSIVE,323020,959.7800405662717,3.847991743066964,445.27907653515393,0,0,0,0,167,23,12,5,1000,30
RANDOM,323020,19.386351958885147,0.6960443976706105,15.644636305066157,58,2,0,0,167,23,12,5,1000,30
HIGHEST_SNR,323020,9.80846920286214,0.6918139626999559,15.730277018655404,59,1,0,0,167,23,12,5,1000,30
SHORTEST_PULSE,323020,2.932466608076916,0.4078210297979235,15.537409633938625,59,1,0,0,167,23,12,5,1000,30
METROLOGY_CONDITIONED_EIG,323020,11.344004562959627,0.4652334689002224,14.702240842955504,60,0,0,0,167,23,12,5,1000,30
NO_PASSIVE,323021,458.8530854406123,1.094847280404889,445.27907653515393,0,0,0,0,214,23,12,5,1000,30
RANDOM,323021,12.686942358661206,0.3915741842574694,17.95756354607702,59,1,0,0,214,23,12,5,1000,30
HIGHEST_SNR,323021,28.461132694866006,0.5021901207712804,20.501561747795886,60,0,0,0,214,23,12,5,1000,30
SHORTEST_PULSE,323021,12.018382782173182,0.18795731183302644,17.853873550783877,59,1,0,0,214,23,12,5,1000,30
METROLOGY_CONDITIONED_EIG,323021,7.447310832602589,0.07806624215466643,12.332783582154597,59,1,0,0,214,23,12,5,1000,30
NO_PASSIVE,323022,418.83453977306664,0.6645937737630953,445.27907653515393,0,0,0,0,216,23,12,5,1000,30
RANDOM,323022,3.160690765477263,0.11655059354836597,19.931635797302818,59,1,0,0,216,23,12,5,1000,30
HIGHEST_SNR,323022,33.81911084726225,1.1797842875774265,18.3555198868081,60,0,0,0,216,23,12,5,1000,30
SHORTEST_PULSE,323022,7.506875931967806,0.7142203911628439,21.641001132922057,59,1,0,0,216,23,12,5,1000,30
METROLOGY_CONDITIONED_EIG,323022,8.785749788713517,0.4207885518190885,13.290075809031062,60,0,0,0,216,23,12,5,1000,30
NO_PASSIVE,323023,145.29131608830843,0.5312754242166164,445.27907653515393,0,0,0,0,240,23,12,5,1000,30
RANDOM,323023,18.56147358614974,0.5360475905243016,18.399842685777383,60,0,0,0,240,23,12,5,1000,30
HIGHEST_SNR,323023,39.01596979282437,1.1007621233671343,24.224740953294294,60,0,0,0,240,23,12,5,1000,30
SHORTEST_PULSE,323023,15.66858111606341,0.5404465044513806,17.179230925315974,60,0,0,0,240,23,12,5,1000,30
METROLOGY_CONDITIONED_EIG,323023,6.544037702116948,0.219310311546056,15.842835367644819,59,1,0,0,240,23,12,5,1000,30
NO_PASSIVE,323024,1159.610831714648,3.0757575033226243,445.27907653515393,0,0,0,0,212,23,12,5,1000,30
RANDOM,323024,30.957417263476476,0.5134140122365306,28.041149134389787,58,2,0,0,212,23,12,5,1000,30
HIGHEST_SNR,323024,13.183033634155617,0.7181730620174053,29.94437454150652,58,2,0,0,212,23,12,5,1000,30
SHORTEST_PULSE,323024,1153.3243824695512,2.7476842559166297,313.57445181949356,14,46,0,0,212,23,12,5,1000,30
METROLOGY_CONDITIONED_EIG,323024,48.10488150740133,0.23405125048324155,28.785541760050062,10,50,0,0,212,23,12,5,1000,30
NO_PASSIVE,323025,376.4000418259344,0.6591521083406903,445.27907653515393,0,0,0,0,214,23,12,5,1000,30
RANDOM,323025,43.85970189415498,1.3993749192244653,26.890273374776108,60,0,0,0,214,23,12,5,1000,30
HIGHEST_SNR,323025,58.30295941825837,0.8027947822016478,43.198512518590725,60,0,0,0,214,23,12,5,1000,30
SHORTEST_PULSE,323025,17.922663360690915,0.535022736072435,22.271410060689675,60,0,0,0,214,23,12,5,1000,30
METROLOGY_CONDITIONED_EIG,323025,3.892256388707086,0.09194961231957213,20.73330536929006,60,0,0,0,214,23,12,5,1000,30
NO_PASSIVE,323026,326.63370791467906,3.6934183491275596,445.27907653515393,0,0,0,0,189,23,12,5,1000,30
RANDOM,323026,6.9267208961737925,0.4192564313258353,25.758654371946143,57,1,0,0,189,23,12,5,1000,30
HIGHEST_SNR,323026,23.75527118128733,1.849666323886261,34.18020370006999,58,0,0,0,189,23,12,5,1000,30
SHORTEST_PULSE,323026,4.115143799231798,0.23388999107680578,16.266072662269206,58,0,0,0,189,23,12,5,1000,30
METROLOGY_CONDITIONED_EIG,323026,4.115143799231798,0.23388999107680578,16.266072662269206,58,0,0,0,189,23,12,5,1000,30
NO_PASSIVE,323027,663.0628795812748,1.9294003563609337,445.27907653515393,0,0,0,0,216,23,12,5,1000,30
RANDOM,323027,10.288882998147223,1.3488803929013735,30.134232669551217,60,0,0,0,216,23,12,5,1000,30
HIGHEST_SNR,323027,20.593442113601437,0.6567914764223282,39.93963454262343,59,1,0,0,216,23,12,5,1000,30
SHORTEST_PULSE,323027,1.6425819575532647,0.48441276042642173,29.37311309522021,60,0,0,0,216,23,12,5,1000,30
METROLOGY_CONDITIONED_EIG,323027,10.83366482796486,0.5812856801361291,27.312961812019108,60,0,0,0,216,23,12,5,1000,30
NO_PASSIVE,323028,489.16331402607676,1.9366479882609324,445.27907653515393,0,0,0,0,213,23,12,5,1000,30
RANDOM,323028,11.01183990749736,0.11767218869765847,18.41652632351939,48,0,0,0,213,23,12,5,1000,30
HIGHEST_SNR,323028,11.279999177613469,0.45750102052124797,55.216058765899774,47,1,0,0,213,23,12,5,1000,30
SHORTEST_PULSE,323028,2.8986685948092004,0.10742170874846713,27.158413550193877,47,1,0,0,213,23,12,5,1000,30
METROLOGY_CONDITIONED_EIG,323028,7.760559517963062,0.2693495563753877,14.19071983166832,48,0,0,0,213,23,12,5,1000,30
NO_PASSIVE,323029,143.13098076431118,1.1143132717141881,445.27907653515393,0,0,0,0,118,23,12,5,1000,30
RANDOM,323029,10.046610176897074,0.13945026368305627,17.8126572731197,60,0,0,0,118,23,12,5,1000,30
HIGHEST_SNR,323029,45.33244339168277,0.8278921217029896,25.261659228460356,59,1,0,0,118,23,12,5,1000,30
SHORTEST_PULSE,323029,16.412606328226754,0.43051186399902736,15.42756631474254,60,0,0,0,118,23,12,5,1000,30
METROLOGY_CONDITIONED_EIG,323029,14.768852457713614,0.49957681705547674,15.329853466256905,60,0,0,0,118,23,12,5,1000,30
NO_PASSIVE,324000,600.548838054968,1.11647660401576,445.27907653515393,0,0,0,0,191,24,12,5,1000,100
RANDOM,324000,17.978965560967293,0.4482957326681977,29.17964067734126,59,1,0,0,191,24,12,5,1000,100
HIGHEST_SNR,324000,14.608532664059542,0.38219729786121415,32.44193822671235,58,2,0,0,191,24,12,5,1000,100
SHORTEST_PULSE,324000,11.353399017181385,0.27829027332911155,31.28757942019737,59,1,0,0,191,24,12,5,1000,100
METROLOGY_CONDITIONED_EIG,324000,13.634280272126421,0.6452942054382231,26.896759217332296,58,2,0,0,191,24,12,5,1000,100
NO_PASSIVE,324001,709.0601837745947,1.116336586229857,445.27907653515393,0,0,0,0,216,24,12,5,1000,100
RANDOM,324001,18.034030664364405,0.14978799196424808,25.05509082030328,60,0,0,0,216,24,12,5,1000,100
HIGHEST_SNR,324001,26.08746944100505,0.630305863629407,30.1360140690228,59,1,0,0,216,24,12,5,1000,100
SHORTEST_PULSE,324001,6.2364515260536395,0.34384662705242247,28.641561431439364,60,0,0,0,216,24,12,5,1000,100
METROLOGY_CONDITIONED_EIG,324001,34.61931407429987,0.9838913701260802,23.348531754614548,60,0,0,0,216,24,12,5,1000,100
NO_PASSIVE,324002,719.1637383569374,1.0335177766709875,445.27907653515393,0,0,0,0,264,24,12,5,1000,100
RANDOM,324002,55.32265850140292,1.2588408115921677,32.63519163260329,60,0,0,0,264,24,12,5,1000,100
HIGHEST_SNR,324002,57.230035801617056,0.8068855186346074,45.70496567641675,60,0,0,0,264,24,12,5,1000,100
SHORTEST_PULSE,324002,90.07555570916936,2.770613246371384,36.1638657073053,59,1,0,0,264,24,12,5,1000,100
METROLOGY_CONDITIONED_EIG,324002,31.26034016083431,0.8298642655524046,26.23179990298763,60,0,0,0,264,24,12,5,1000,100
NO_PASSIVE,324003,374.96664211586153,0.46333125815700943,445.27907653515393,0,0,0,0,188,24,12,5,1000,100
RANDOM,324003,7.911669592405554,0.21635483868757419,40.37251340929357,48,0,0,0,188,24,12,5,1000,100
HIGHEST_SNR,324003,50.08079334554166,0.43726034720518175,83.85912185591816,46,2,0,0,188,24,12,5,1000,100
SHORTEST_PULSE,324003,136.95730415572095,0.5885044606412853,105.53042542508493,48,0,0,0,188,24,12,5,1000,100
METROLOGY_CONDITIONED_EIG,324003,15.892172479343815,0.317210689178116,28.129651127849154,48,0,0,0,188,24,12,5,1000,100
NO_PASSIVE,324004,493.0608571834825,2.170549641366662,445.27907653515393,0,0,0,0,143,24,12,5,1000,100
RANDOM,324004,14.704698904092613,0.8039198675317589,44.12679731097688,48,0,0,0,143,24,12,5,1000,100
HIGHEST_SNR,324004,20.924859403799456,0.3425997712107621,56.31296325574032,48,0,0,0,143,24,12,5,1000,100
SHORTEST_PULSE,324004,30.43658773781411,1.0967427257040743,43.32043102517164,48,0,0,0,143,24,12,5,1000,100
METROLOGY_CONDITIONED_EIG,324004,61.620459471751765,1.7299463548397376,40.71890060526863,48,0,0,0,143,24,12,5,1000,100
NO_PASSIVE,324005,311.30835412899006,1.0045641678788297,445.27907653515393,0,0,0,0,119,24,12,5,1000,100
RANDOM,324005,33.87130236349979,0.7863961327924349,46.36112658999981,48,0,0,0,119,24,12,5,1000,100
HIGHEST_SNR,324005,27.727189262966565,0.24459321462600486,41.567911231931234,48,0,0,0,119,24,12,5,1000,100
SHORTEST_PULSE,324005,47.14524663645978,1.026910015090689,59.03222071621258,47,1,0,0,119,24,12,5,1000,100
METROLOGY_CONDITIONED_EIG,324005,15.961819548728995,0.49992310480363494,41.904093692775135,47,1,0,0,119,24,12,5,1000,100
NO_PASSIVE,324006,90.8396909865496,1.408385617096697,445.27907653515393,0,0,0,0,240,24,12,5,1000,100
RANDOM,324006,13.592226332657702,0.7067148464603487,23.500915782003794,58,2,0,0,240,24,12,5,1000,100
HIGHEST_SNR,324006,36.8348912717327,0.8477472391616213,33.6139335310535,60,0,0,0,240,24,12,5,1000,100
SHORTEST_PULSE,324006,25.613492468739203,1.0310284024529062,256.69223595807176,60,0,0,0,240,24,12,5,1000,100
METROLOGY_CONDITIONED_EIG,324006,16.602223716209316,0.6136145309883773,18.79156672966043,59,1,0,0,240,24,12,5,1000,100
NO_PASSIVE,324007,323.9732819682185,1.9535030850648967,445.27907653515393,0,0,0,0,216,24,12,5,1000,100
RANDOM,324007,45.42206649349096,1.071353824302396,29.760405288575274,57,3,0,0,216,24,12,5,1000,100
HIGHEST_SNR,324007,79.44987651031987,2.02302161527527,53.728134204034525,59,1,0,0,216,24,12,5,1000,100
SHORTEST_PULSE,324007,21.18244902619634,0.6283998436815029,24.90650902063615,59,1,0,0,216,24,12,5,1000,100
METROLOGY_CONDITIONED_EIG,324007,22.80619480029435,0.9546714663034411,21.705602183398838,59,1,0,0,216,24,12,5,1000,100
NO_PASSIVE,324008,266.1051866117654,2.094154379581673,445.27907653515393,0,0,0,0,168,24,12,5,1000,100
RANDOM,324008,36.503736187979094,1.0085298096816397,34.841534609665736,47,1,0,0,168,24,12,5,1000,100
HIGHEST_SNR,324008,13.782679920403208,0.2523663022293999,45.632982510097456,48,0,0,0,168,24,12,5,1000,100
SHORTEST_PULSE,324008,37.66739132346707,2.079766274883478,33.30734431837356,45,3,0,0,168,24,12,5,1000,100
METROLOGY_CONDITIONED_EIG,324008,28.232056224165635,0.3280140649821405,24.06324593002875,48,0,0,0,168,24,12,5,1000,100
NO_PASSIVE,324009,329.5611775139681,0.06991952622980256,445.27907653515393,0,0,0,0,144,24,12,5,1000,100
RANDOM,324009,3.569659613897742,0.7979217930191009,24.40880870554671,58,2,0,0,144,24,12,5,1000,100
HIGHEST_SNR,324009,6.453879955897828,0.5210870928348045,26.080642608039163,59,1,0,0,144,24,12,5,1000,100
SHORTEST_PULSE,324009,22.21886518231547,1.0206250315233485,23.93063739138368,59,1,0,0,144,24,12,5,1000,100
METROLOGY_CONDITIONED_EIG,324009,29.022994341794575,1.1883584187717269,21.5178778199863,60,0,0,0,144,24,12,5,1000,100
NO_PASSIVE,324010,248.2260135764761,0.6294388494421043,445.27907653515393,0,0,0,0,233,24,12,5,1000,100
RANDOM,324010,12.512941976049966,0.45783672564759154,27.688212012098187,60,0,0,0,233,24,12,5,1000,100
HIGHEST_SNR,324010,21.15618131412409,0.5533636644126662,45.57408641674371,59,1,0,0,233,24,12,5,1000,100
SHORTEST_PULSE,324010,8.260881505328726,0.21562255098834382,31.45731762882285,59,1,0,0,233,24,12,5,1000,100
METROLOGY_CONDITIONED_EIG,324010,17.585404955051544,0.5871472021020098,25.96655239353934,60,0,0,0,233,24,12,5,1000,100
NO_PASSIVE,324011,304.7592482408284,0.8435575869111038,445.27907653515393,0,0,0,0,186,24,12,5,1000,100
RANDOM,324011,29.668260168100062,0.8206109674735915,25.359929515245582,58,2,0,0,186,24,12,5,1000,100
HIGHEST_SNR,324011,44.51560697690737,0.9938959736348799,39.00671553733265,56,4,0,0,186,24,12,5,1000,100
SHORTEST_PULSE,324011,29.177057869420537,0.9547625534562226,21.83963259475573,57,3,0,0,186,24,12,5,1000,100
METROLOGY_CONDITIONED_EIG,324011,22.90109144459643,0.7809546346573365,19.87595405582578,58,2,0,0,186,24,12,5,1000,100
NO_PASSIVE,324012,224.37400872787356,2.0389663249485204,445.27907653515393,0,0,0,0,190,24,12,5,1000,100
RANDOM,324012,21.754231524020298,0.710729559926108,44.313778216759516,58,2,0,0,190,24,12,5,1000,100
HIGHEST_SNR,324012,72.0525620771288,1.1270269612208346,54.06343449806329,59,1,0,0,190,24,12,5,1000,100
SHORTEST_PULSE,324012,38.73364831967863,0.7606679399943493,39.784674742197865,60,0,0,0,190,24,12,5,1000,100
METROLOGY_CONDITIONED_EIG,324012,42.85289196297328,0.7886323120712062,33.19328070459484,60,0,0,0,190,24,12,5,1000,100
NO_PASSIVE,324013,459.1569839206092,2.414709203339788,445.27907653515393,0,0,0,0,216,24,12,5,1000,100
RANDOM,324013,72.52305157803903,1.515330871477395,29.79263986013095,59,1,0,0,216,24,12,5,1000,100
HIGHEST_SNR,324013,119.8511772887666,1.059789534251361,52.41708651416211,59,1,0,0,216,24,12,5,1000,100
SHORTEST_PULSE,324013,58.574680381821096,1.3314489841356225,31.449906219089954,60,0,0,0,216,24,12,5,1000,100
METROLOGY_CONDITIONED_EIG,324013,11.46018166948676,0.33500742260296806,24.892988998398557,59,1,0,0,216,24,12,5,1000,100
NO_PASSIVE,324014,657.5337667654628,2.1512948523046664,445.27907653515393,0,0,0,0,189,24,12,5,1000,100
RANDOM,324014,12.01736152186963,0.3796961451870178,26.618412461406077,60,0,0,0,189,24,12,5,1000,100
HIGHEST_SNR,324014,23.75227012163753,0.7510561786758505,44.53601652447012,60,0,0,0,189,24,12,5,1000,100
SHORTEST_PULSE,324014,15.11640559123485,0.6986869421792492,19.557290952854032,59,1,0,0,189,24,12,5,1000,100
METROLOGY_CONDITIONED_EIG,324014,15.403169267960209,0.6929150701129124,19.564991306474955,59,1,0,0,189,24,12,5,1000,100
NO_PASSIVE,324015,485.37059078077846,3.8048049045297736,445.27907653515393,0,0,0,0,239,24,12,5,1000,100
RANDOM,324015,48.163284172271936,0.2885395225121091,40.32305715377556,59,1,0,0,239,24,12,5,1000,100
HIGHEST_SNR,324015,43.85734931354627,1.4517377625694436,54.5647695123205,59,1,0,0,239,24,12,5,1000,100
SHORTEST_PULSE,324015,26.24547280356643,2.4238776380279954,67.53558386292825,59,1,0,0,239,24,12,5,1000,100
METROLOGY_CONDITIONED_EIG,324015,10.038224015465964,0.6846268330178579,31.057749221088066,59,1,0,0,239,24,12,5,1000,100
NO_PASSIVE,324016,736.501694304499,1.8695904666782106,445.27907653515393,0,0,0,0,167,24,12,5,1000,100
RANDOM,324016,24.661008151346003,0.3340571483528148,28.343774145587975,60,0,0,0,167,24,12,5,1000,100
HIGHEST_SNR,324016,23.227400254471434,0.9330360063327127,34.70105865024734,60,0,0,0,167,24,12,5,1000,100
SHORTEST_PULSE,324016,25.81625240100919,0.618371903881907,26.346706402004084,60,0,0,0,167,24,12,5,1000,100
METROLOGY_CONDITIONED_EIG,324016,21.57162309424604,0.35789311960778264,24.82545250650304,60,0,0,0,167,24,12,5,1000,100
NO_PASSIVE,324017,184.4539831977406,4.471177156707341,445.27907653515393,0,0,0,0,119,24,12,5,1000,100
RANDOM,324017,9.430700937262147,0.11835594135666094,24.42704610517573,60,0,0,0,119,24,12,5,1000,100
HIGHEST_SNR,324017,8.249376957767863,0.41210319449296073,25.308548183102733,59,1,0,0,119,24,12,5,1000,100
SHORTEST_PULSE,324017,11.397605870167128,0.22250362490264858,20.873311100424488,59,1,0,0,119,24,12,5,1000,100
METROLOGY_CONDITIONED_EIG,324017,10.746889462437512,0.2654315336853735,20.890366870272075,59,1,0,0,119,24,12,5,1000,100
NO_PASSIVE,324018,586.1461035955286,1.4577495537593197,445.27907653515393,0,0,0,0,216,24,12,5,1000,100
RANDOM,324018,44.08254556516268,1.5001471597475817,30.386920904818982,60,0,0,0,216,24,12,5,1000,100
HIGHEST_SNR,324018,48.922464751664386,1.027965753883881,44.735109937439034,60,0,0,0,216,24,12,5,1000,100
SHORTEST_PULSE,324018,19.70652642733843,0.21917404625010511,33.541537018928416,59,1,0,0,216,24,12,5,1000,100
METROLOGY_CONDITIONED_EIG,324018,13.386696268971614,0.37582881996448814,22.270246991231907,58,2,0,0,216,24,12,5,1000,100
NO_PASSIVE,324019,555.8183859480906,2.2297532695888562,445.27907653515393,0,0,0,0,168,24,12,5,1000,100
RANDOM,324019,30.773644680512625,1.1288100909916559,22.568130014256422,60,0,0,0,168,24,12,5,1000,100
HIGHEST_SNR,324019,5.5605887869103,0.3110455143948445,30.647926172860583,60,0,0,0,168,24,12,5,1000,100
SHORTEST_PULSE,324019,23.447442619952003,0.9373312543553353,19.60405192132238,59,1,0,0,168,24,12,5,1000,100
METROLOGY_CONDITIONED_EIG,324019,21.545247184874874,0.8251115180807116,16.53985064237306,59,1,0,0,168,24,12,5,1000,100
NO_PASSIVE,324020,335.8879058443571,1.5861929254197844,445.27907653515393,0,0,0,0,119,24,12,5,1000,100
RANDOM,324020,34.14791154001751,0.7232738912806843,47.18740394790983,48,0,0,0,119,24,12,5,1000,100
HIGHEST_SNR,324020,41.060887475887206,1.0768650209538453,55.61946477191906,48,0,0,0,119,24,12,5,1000,100
SHORTEST_PULSE,324020,11.671894749388324,0.25561213146279066,38.71436297178961,48,0,0,0,119,24,12,5,1000,100
METROLOGY_CONDITIONED_EIG,324020,17.254280958062086,1.3945367105673323,34.33715717689071,48,0,0,0,119,24,12,5,1000,100
NO_PASSIVE,324021,638.9975227106094,1.8335178952075328,445.27907653515393,0,0,0,0,143,24,12,5,1000,100
RANDOM,324021,4.553221750385866,0.4457341463556504,43.35673434677269,60,0,0,0,143,24,12,5,1000,100
HIGHEST_SNR,324021,15.088590337532755,0.2782814669184033,73.75328132191024,59,1,0,0,143,24,12,5,1000,100
SHORTEST_PULSE,324021,12.704989849147266,0.46418852084726425,30.263074419232975,59,1,0,0,143,24,12,5,1000,100
METROLOGY_CONDITIONED_EIG,324021,9.627563832389825,0.34521531779142817,30.153595701752728,60,0,0,0,143,24,12,5,1000,100
NO_PASSIVE,324022,466.1914226066459,0.9113444621209184,445.27907653515393,0,0,0,0,119,24,12,5,1000,100
RANDOM,324022,19.2219362206778,0.9584254658181398,41.32854069879636,48,0,0,0,119,24,12,5,1000,100
HIGHEST_SNR,324022,9.2390801325368,0.5768032341500559,47.72986169647937,48,0,0,0,119,24,12,5,1000,100
SHORTEST_PULSE,324022,17.650039345651184,1.2068578133863164,42.3589336830056,48,0,0,0,119,24,12,5,1000,100
METROLOGY_CONDITIONED_EIG,324022,10.885646763889877,0.7258411669367907,35.15935872945557,48,0,0,0,119,24,12,5,1000,100
NO_PASSIVE,324023,410.9337011632368,2.3392117632063685,445.27907653515393,0,0,0,0,24,24,12,5,1000,100
RANDOM,324023,297.5647302044554,1.4584803779038606,314.77293490873933,24,0,0,0,24,24,12,5,1000,100
HIGHEST_SNR,324023,297.5647302044554,1.4584803779038606,314.77293490873933,24,0,0,0,24,24,12,5,1000,100
SHORTEST_PULSE,324023,297.5647302044554,1.4584803779038606,314.77293490873933,24,0,0,0,24,24,12,5,1000,100
METROLOGY_CONDITIONED_EIG,324023,297.5647302044554,1.4584803779038606,314.77293490873933,24,0,0,0,24,24,12,5,1000,100
NO_PASSIVE,324024,317.5437972199241,1.0232529232064058,445.27907653515393,0,0,0,0,192,24,12,5,1000,100
RANDOM,324024,8.025268125901954,0.18839740138300257,27.451065115972717,60,0,0,0,192,24,12,5,1000,100
HIGHEST_SNR,324024,21.495536369381202,0.47248265538355955,38.10895644111353,60,0,0,0,192,24,12,5,1000,100
SHORTEST_PULSE,324024,11.780756285768758,0.22865970994206697,20.415263212505696,59,1,0,0,192,24,12,5,1000,100
METROLOGY_CONDITIONED_EIG,324024,1.1950385454729366,0.052122943223525404,18.38345693168016,60,0,0,0,192,24,12,5,1000,100
NO_PASSIVE,324025,331.451280979007,1.2495391274400334,445.27907653515393,0,0,0,0,120,24,12,5,1000,100
RANDOM,324025,35.37259665250524,0.4125185159901323,37.62840358850708,48,0,0,0,120,24,12,5,1000,100
HIGHEST_SNR,324025,156.34796190236608,0.902178542770031,144.15627654056556,48,0,0,0,120,24,12,5,1000,100
SHORTEST_PULSE,324025,3.6300407147322007,0.15568189714620376,32.107376330646844,48,0,0,0,120,24,12,5,1000,100
METROLOGY_CONDITIONED_EIG,324025,4.256176904411287,0.6407565175818548,31.585697974950687,48,0,0,0,120,24,12,5,1000,100
NO_PASSIVE,324026,218.62462622938415,1.9325935575989015,445.27907653515393,0,0,0,0,216,24,12,5,1000,100
RANDOM,324026,7.758728661500697,0.38386854896384437,32.62199627061422,60,0,0,0,216,24,12,5,1000,100
HIGHEST_SNR,324026,84.61542164905084,1.7105269410623687,43.03594205286774,60,0,0,0,216,24,12,5,1000,100
SHORTEST_PULSE,324026,17.346484951438875,0.8192752548073342,34.32454988486659,60,0,0,0,216,24,12,5,1000,100
METROLOGY_CONDITIONED_EIG,324026,1.8043499053522527,0.7972999356292625,31.782822785896325,60,0,0,0,216,24,12,5,1000,100
NO_PASSIVE,324027,488.94686508969966,1.9390455674044778,445.27907653515393,0,0,0,0,168,24,12,5,1000,100
RANDOM,324027,18.418011743187485,0.4483069440045076,32.869106589021634,59,1,0,0,168,24,12,5,1000,100
HIGHEST_SNR,324027,33.29695030416486,1.2537006315976444,42.44116242754683,60,0,0,0,168,24,12,5,1000,100
SHORTEST_PULSE,324027,9.896349440812921,0.11532883641848465,25.34664323216113,60,0,0,0,168,24,12,5,1000,100
METROLOGY_CONDITIONED_EIG,324027,18.401879265944523,0.08448184248904478,25.533045724642236,60,0,0,0,168,24,12,5,1000,100
NO_PASSIVE,324028,935.1390013406022,2.6326569649922784,445.27907653515393,0,0,0,0,216,24,12,5,1000,100
RANDOM,324028,18.33234479498475,0.9552153098389781,42.610185030639336,59,1,0,0,216,24,12,5,1000,100
HIGHEST_SNR,324028,32.46982644695352,0.8090575374194123,56.37854532559664,58,2,0,0,216,24,12,5,1000,100
SHORTEST_PULSE,324028,21.067475288342838,0.8902272632746467,39.1842776772236,58,2,0,0,216,24,12,5,1000,100
METROLOGY_CONDITIONED_EIG,324028,23.425617788504578,0.9098349002497642,33.752510881086785,59,1,0,0,216,24,12,5,1000,100
NO_PASSIVE,324029,305.47760327342064,5.168050874916717,445.27907653515393,0,0,0,0,96,24,12,5,1000,100
RANDOM,324029,57.096250316205186,1.5718143303610779,43.677772318041306,60,0,0,0,96,24,12,5,1000,100
HIGHEST_SNR,324029,175.99470455364036,3.7581779426821056,76.40310695501863,60,0,0,0,96,24,12,5,1000,100
SHORTEST_PULSE,324029,59.392951269641856,1.704552056865633,40.11448313587239,59,1,0,0,96,24,12,5,1000,100
METROLOGY_CONDITIONED_EIG,324029,39.26906363044789,1.1434994311989868,38.883321509313866,60,0,0,0,96,24,12,5,1000,100
NO_PASSIVE,325000,441.9531352133925,1.718575716714042,445.27907653515393,0,0,0,0,7,25,12,15,10,30
RANDOM,325000,352.7848100310891,1.7993478692253537,317.2918834755071,7,0,0,0,7,25,12,15,10,30
HIGHEST_SNR,325000,352.7848100310891,1.7993478692253537,317.2918834755071,7,0,0,0,7,25,12,15,10,30
SHORTEST_PULSE,325000,352.7848100310891,1.7993478692253537,317.2918834755071,7,0,0,0,7,25,12,15,10,30
METROLOGY_CONDITIONED_EIG,325000,352.7848100310891,1.7993478692253537,317.2918834755071,7,0,0,0,7,25,12,15,10,30
NO_PASSIVE,325001,591.5782743474166,1.2132891642133297,445.27907653515393,0,0,0,0,8,25,12,15,10,30
RANDOM,325001,543.0317005636256,1.3702477690652282,316.7243710929677,8,0,0,0,8,25,12,15,10,30
HIGHEST_SNR,325001,543.0317005636256,1.3702477690652282,316.7243710929677,8,0,0,0,8,25,12,15,10,30
SHORTEST_PULSE,325001,543.0317005636256,1.3702477690652282,316.7243710929677,8,0,0,0,8,25,12,15,10,30
METROLOGY_CONDITIONED_EIG,325001,543.0317005636256,1.3702477690652282,316.7243710929677,8,0,0,0,8,25,12,15,10,30
NO_PASSIVE,325002,33.50391426518153,0.5975089481679876,445.27907653515393,0,0,0,0,4,25,12,15,10,30
RANDOM,325002,100.09522760077566,1.4877716070981362,200.4076354668981,4,0,0,0,4,25,12,15,10,30
HIGHEST_SNR,325002,100.09522760077566,1.4877716070981362,200.4076354668981,4,0,0,0,4,25,12,15,10,30
SHORTEST_PULSE,325002,100.09522760077566,1.4877716070981362,200.4076354668981,4,0,0,0,4,25,12,15,10,30
METROLOGY_CONDITIONED_EIG,325002,100.09522760077566,1.4877716070981362,200.4076354668981,4,0,0,0,4,25,12,15,10,30
NO_PASSIVE,325003,470.03831653888193,0.9909697880241388,445.27907653515393,0,0,0,0,0,25,12,15,10,30
RANDOM,325003,470.03831653888193,0.9909697880241388,445.27907653515393,0,0,0,0,0,25,12,15,10,30
HIGHEST_SNR,325003,470.03831653888193,0.9909697880241388,445.27907653515393,0,0,0,0,0,25,12,15,10,30
SHORTEST_PULSE,325003,470.03831653888193,0.9909697880241388,445.27907653515393,0,0,0,0,0,25,12,15,10,30
METROLOGY_CONDITIONED_EIG,325003,470.03831653888193,0.9909697880241388,445.27907653515393,0,0,0,0,0,25,12,15,10,30
NO_PASSIVE,325004,66.37516350267431,1.6859148991016353,445.27907653515393,0,0,0,0,0,25,12,15,10,30
RANDOM,325004,66.37516350267431,1.6859148991016353,445.27907653515393,0,0,0,0,0,25,12,15,10,30
HIGHEST_SNR,325004,66.37516350267431,1.6859148991016353,445.27907653515393,0,0,0,0,0,25,12,15,10,30
SHORTEST_PULSE,325004,66.37516350267431,1.6859148991016353,445.27907653515393,0,0,0,0,0,25,12,15,10,30
METROLOGY_CONDITIONED_EIG,325004,66.37516350267431,1.6859148991016353,445.27907653515393,0,0,0,0,0,25,12,15,10,30
NO_PASSIVE,325005,546.1092803434734,1.2227896641403104,445.27907653515393,0,0,0,0,0,25,12,15,10,30
RANDOM,325005,546.1092803434734,1.2227896641403104,445.27907653515393,0,0,0,0,0,25,12,15,10,30
HIGHEST_SNR,325005,546.1092803434734,1.2227896641403104,445.27907653515393,0,0,0,0,0,25,12,15,10,30
SHORTEST_PULSE,325005,546.1092803434734,1.2227896641403104,445.27907653515393,0,0,0,0,0,25,12,15,10,30
METROLOGY_CONDITIONED_EIG,325005,546.1092803434734,1.2227896641403104,445.27907653515393,0,0,0,0,0,25,12,15,10,30
NO_PASSIVE,325006,338.440294274532,2.720014760812295,445.27907653515393,0,0,0,0,0,25,12,15,10,30
RANDOM,325006,338.440294274532,2.720014760812295,445.27907653515393,0,0,0,0,0,25,12,15,10,30
HIGHEST_SNR,325006,338.440294274532,2.720014760812295,445.27907653515393,0,0,0,0,0,25,12,15,10,30
SHORTEST_PULSE,325006,338.440294274532,2.720014760812295,445.27907653515393,0,0,0,0,0,25,12,15,10,30
METROLOGY_CONDITIONED_EIG,325006,338.440294274532,2.720014760812295,445.27907653515393,0,0,0,0,0,25,12,15,10,30
NO_PASSIVE,325007,751.6868319486886,2.1320582806667736,445.27907653515393,0,0,0,0,0,25,12,15,10,30
RANDOM,325007,751.6868319486886,2.1320582806667736,445.27907653515393,0,0,0,0,0,25,12,15,10,30
HIGHEST_SNR,325007,751.6868319486886,2.1320582806667736,445.27907653515393,0,0,0,0,0,25,12,15,10,30
SHORTEST_PULSE,325007,751.6868319486886,2.1320582806667736,445.27907653515393,0,0,0,0,0,25,12,15,10,30
METROLOGY_CONDITIONED_EIG,325007,751.6868319486886,2.1320582806667736,445.27907653515393,0,0,0,0,0,25,12,15,10,30
NO_PASSIVE,325008,489.4445176375488,1.9607072070129066,445.27907653515393,0,0,0,0,0,25,12,15,10,30
RANDOM,325008,489.4445176375488,1.9607072070129066,445.27907653515393,0,0,0,0,0,25,12,15,10,30
HIGHEST_SNR,325008,489.4445176375488,1.9607072070129066,445.27907653515393,0,0,0,0,0,25,12,15,10,30
SHORTEST_PULSE,325008,489.4445176375488,1.9607072070129066,445.27907653515393,0,0,0,0,0,25,12,15,10,30
METROLOGY_CONDITIONED_EIG,325008,489.4445176375488,1.9607072070129066,445.27907653515393,0,0,0,0,0,25,12,15,10,30
NO_PASSIVE,325009,448.94513326999385,2.1397970932402712,445.27907653515393,0,0,0,0,0,25,12,15,10,30
RANDOM,325009,448.94513326999385,2.1397970932402712,445.27907653515393,0,0,0,0,0,25,12,15,10,30
HIGHEST_SNR,325009,448.94513326999385,2.1397970932402712,445.27907653515393,0,0,0,0,0,25,12,15,10,30
SHORTEST_PULSE,325009,448.94513326999385,2.1397970932402712,445.27907653515393,0,0,0,0,0,25,12,15,10,30
METROLOGY_CONDITIONED_EIG,325009,448.94513326999385,2.1397970932402712,445.27907653515393,0,0,0,0,0,25,12,15,10,30
NO_PASSIVE,325010,127.75926407942536,1.565199302406748,445.27907653515393,0,0,0,0,0,25,12,15,10,30
RANDOM,325010,127.75926407942536,1.565199302406748,445.27907653515393,0,0,0,0,0,25,12,15,10,30
HIGHEST_SNR,325010,127.75926407942536,1.565199302406748,445.27907653515393,0,0,0,0,0,25,12,15,10,30
SHORTEST_PULSE,325010,127.75926407942536,1.565199302406748,445.27907653515393,0,0,0,0,0,25,12,15,10,30
METROLOGY_CONDITIONED_EIG,325010,127.75926407942536,1.565199302406748,445.27907653515393,0,0,0,0,0,25,12,15,10,30
NO_PASSIVE,325011,479.0049762133745,1.057736395244046,445.27907653515393,0,0,0,0,1,25,12,15,10,30
RANDOM,325011,475.542512969503,1.080236675931879,325.1260613940889,1,0,0,0,1,25,12,15,10,30
HIGHEST_SNR,325011,475.542512969503,1.080236675931879,325.1260613940889,1,0,0,0,1,25,12,15,10,30
SHORTEST_PULSE,325011,475.542512969503,1.080236675931879,325.1260613940889,1,0,0,0,1,25,12,15,10,30
METROLOGY_CONDITIONED_EIG,325011,475.542512969503,1.080236675931879,325.1260613940889,1,0,0,0,1,25,12,15,10,30
NO_PASSIVE,325012,880.7177391325102,1.5237746302873905,445.27907653515393,0,0,0,0,3,25,12,15,10,30
RANDOM,325012,880.9088575547515,1.5260419815884432,321.5728054251793,1,2,0,0,3,25,12,15,10,30
HIGHEST_SNR,325012,880.9088575547515,1.5260419815884432,321.5728054251793,1,2,0,0,3,25,12,15,10,30
SHORTEST_PULSE,325012,880.9088575547515,1.5260419815884432,321.5728054251793,1,2,0,0,3,25,12,15,10,30
METROLOGY_CONDITIONED_EIG,325012,880.9088575547515,1.5260419815884432,321.5728054251793,1,2,0,0,3,25,12,15,10,30
NO_PASSIVE,325013,547.5095900773171,3.2230543768619,445.27907653515393,0,0,0,0,23,25,12,15,10,30
RANDOM,325013,291.36055212544534,3.3120870796865813,111.16459770208651,23,0,0,0,23,25,12,15,10,30
HIGHEST_SNR,325013,291.36055212544534,3.3120870796865813,111.16459770208651,23,0,0,0,23,25,12,15,10,30
SHORTEST_PULSE,325013,291.36055212544534,3.3120870796865813,111.16459770208651,23,0,0,0,23,25,12,15,10,30
METROLOGY_CONDITIONED_EIG,325013,291.36055212544534,3.3120870796865813,111.16459770208651,23,0,0,0,23,25,12,15,10,30
NO_PASSIVE,325014,518.9811711856303,1.4647625649486462,445.27907653515393,0,0,0,0,1,25,12,15,10,30
RANDOM,325014,520.3944195788889,1.4770960817294017,317.62464224029924,1,0,0,0,1,25,12,15,10,30
HIGHEST_SNR,325014,520.3944195788889,1.4770960817294017,317.62464224029924,1,0,0,0,1,25,12,15,10,30
SHORTEST_PULSE,325014,520.3944195788889,1.4770960817294017,317.62464224029924,1,0,0,0,1,25,12,15,10,30
METROLOGY_CONDITIONED_EIG,325014,520.3944195788889,1.4770960817294017,317.62464224029924,1,0,0,0,1,25,12,15,10,30
NO_PASSIVE,325015,48.58882801224908,0.8025448216974022,445.27907653515393,0,0,0,0,0,25,12,15,10,30
RANDOM,325015,48.58882801224908,0.8025448216974022,445.27907653515393,0,0,0,0,0,25,12,15,10,30
HIGHEST_SNR,325015,48.58882801224908,0.8025448216974022,445.27907653515393,0,0,0,0,0,25,12,15,10,30
SHORTEST_PULSE,325015,48.58882801224908,0.8025448216974022,445.27907653515393,0,0,0,0,0,25,12,15,10,30
METROLOGY_CONDITIONED_EIG,325015,48.58882801224908,0.8025448216974022,445.27907653515393,0,0,0,0,0,25,12,15,10,30
NO_PASSIVE,325016,181.5835342692505,2.1784280459101617,445.27907653515393,0,0,0,0,1,25,12,15,10,30
RANDOM,325016,152.20676374268402,2.3470778562640016,321.65336160968485,1,0,0,0,1,25,12,15,10,30
HIGHEST_SNR,325016,152.20676374268402,2.3470778562640016,321.65336160968485,1,0,0,0,1,25,12,15,10,30
SHORTEST_PULSE,325016,152.20676374268402,2.3470778562640016,321.65336160968485,1,0,0,0,1,25,12,15,10,30
METROLOGY_CONDITIONED_EIG,325016,152.20676374268402,2.3470778562640016,321.65336160968485,1,0,0,0,1,25,12,15,10,30
NO_PASSIVE,325017,304.92622454871537,1.3704293269855943,445.27907653515393,0,0,0,0,0,25,12,15,10,30
RANDOM,325017,304.92622454871537,1.3704293269855943,445.27907653515393,0,0,0,0,0,25,12,15,10,30
HIGHEST_SNR,325017,304.92622454871537,1.3704293269855943,445.27907653515393,0,0,0,0,0,25,12,15,10,30
SHORTEST_PULSE,325017,304.92622454871537,1.3704293269855943,445.27907653515393,0,0,0,0,0,25,12,15,10,30
METROLOGY_CONDITIONED_EIG,325017,304.92622454871537,1.3704293269855943,445.27907653515393,0,0,0,0,0,25,12,15,10,30
NO_PASSIVE,325018,516.4672345964685,2.5734705582662105,445.27907653515393,0,0,0,0,2,25,12,15,10,30
RANDOM,325018,346.55905558393704,2.2519555389307566,319.74888686042567,2,0,0,0,2,25,12,15,10,30
HIGHEST_SNR,325018,346.55905558393704,2.2519555389307566,319.74888686042567,2,0,0,0,2,25,12,15,10,30
SHORTEST_PULSE,325018,346.55905558393704,2.2519555389307566,319.74888686042567,2,0,0,0,2,25,12,15,10,30
METROLOGY_CONDITIONED_EIG,325018,346.55905558393704,2.2519555389307566,319.74888686042567,2,0,0,0,2,25,12,15,10,30
NO_PASSIVE,325019,321.56463862261234,0.7904876645195595,445.27907653515393,0,0,0,0,0,25,12,15,10,30
RANDOM,325019,321.56463862261234,0.7904876645195595,445.27907653515393,0,0,0,0,0,25,12,15,10,30
HIGHEST_SNR,325019,321.56463862261234,0.7904876645195595,445.27907653515393,0,0,0,0,0,25,12,15,10,30
SHORTEST_PULSE,325019,321.56463862261234,0.7904876645195595,445.27907653515393,0,0,0,0,0,25,12,15,10,30
METROLOGY_CONDITIONED_EIG,325019,321.56463862261234,0.7904876645195595,445.27907653515393,0,0,0,0,0,25,12,15,10,30
NO_PASSIVE,325020,126.27732210389287,0.5620871802926303,445.27907653515393,0,0,0,0,24,25,12,15,10,30
RANDOM,325020,58.14453951068283,0.561956528173229,250.36329914801863,23,0,0,0,24,25,12,15,10,30
HIGHEST_SNR,325020,213.9664808475605,0.7350721535725062,293.3876501850933,23,0,0,0,24,25,12,15,10,30
SHORTEST_PULSE,325020,58.14453951068283,0.561956528173229,250.36329914801863,23,0,0,0,24,25,12,15,10,30
METROLOGY_CONDITIONED_EIG,325020,58.14453951068283,0.561956528173229,250.36329914801863,23,0,0,0,24,25,12,15,10,30
NO_PASSIVE,325021,205.87860972071104,2.758552916546518,445.27907653515393,0,0,0,0,0,25,12,15,10,30
RANDOM,325021,205.87860972071104,2.758552916546518,445.27907653515393,0,0,0,0,0,25,12,15,10,30
HIGHEST_SNR,325021,205.87860972071104,2.758552916546518,445.27907653515393,0,0,0,0,0,25,12,15,10,30
SHORTEST_PULSE,325021,205.87860972071104,2.758552916546518,445.27907653515393,0,0,0,0,0,25,12,15,10,30
METROLOGY_CONDITIONED_EIG,325021,205.87860972071104,2.758552916546518,445.27907653515393,0,0,0,0,0,25,12,15,10,30
NO_PASSIVE,325022,485.5402836732235,1.7073602278716455,445.27907653515393,0,0,0,0,2,25,12,15,10,30
RANDOM,325022,170.05930868967707,2.154863034093497,318.00699350089377,2,0,0,0,2,25,12,15,10,30
HIGHEST_SNR,325022,170.05930868967707,2.154863034093497,318.00699350089377,2,0,0,0,2,25,12,15,10,30
SHORTEST_PULSE,325022,170.05930868967707,2.154863034093497,318.00699350089377,2,0,0,0,2,25,12,15,10,30
METROLOGY_CONDITIONED_EIG,325022,170.05930868967707,2.154863034093497,318.00699350089377,2,0,0,0,2,25,12,15,10,30
NO_PASSIVE,325023,547.5595576634807,0.8955282038077573,445.27907653515393,0,0,0,0,11,25,12,15,10,30
RANDOM,325023,298.52475357494313,0.08854134176423789,313.6354453313929,11,0,0,0,11,25,12,15,10,30
HIGHEST_SNR,325023,298.52475357494313,0.08854134176423789,313.6354453313929,11,0,0,0,11,25,12,15,10,30
SHORTEST_PULSE,325023,298.52475357494313,0.08854134176423789,313.6354453313929,11,0,0,0,11,25,12,15,10,30
METROLOGY_CONDITIONED_EIG,325023,298.52475357494313,0.08854134176423789,313.6354453313929,11,0,0,0,11,25,12,15,10,30
NO_PASSIVE,325024,308.7463689188356,3.7295829671570377,445.27907653515393,0,0,0,0,27,25,12,15,10,30
RANDOM,325024,2.318545381000939,1.092013744371877,47.25187492570883,27,0,0,0,27,25,12,15,10,30
HIGHEST_SNR,325024,2.318545381000939,1.092013744371877,47.25187492570883,27,0,0,0,27,25,12,15,10,30
SHORTEST_PULSE,325024,2.318545381000939,1.092013744371877,47.25187492570883,27,0,0,0,27,25,12,15,10,30
METROLOGY_CONDITIONED_EIG,325024,2.318545381000939,1.092013744371877,47.25187492570883,27,0,0,0,27,25,12,15,10,30
NO_PASSIVE,325025,163.81889970680248,1.1571987214281865,445.27907653515393,0,0,0,0,0,25,12,15,10,30
RANDOM,325025,163.81889970680248,1.1571987214281865,445.27907653515393,0,0,0,0,0,25,12,15,10,30
HIGHEST_SNR,325025,163.81889970680248,1.1571987214281865,445.27907653515393,0,0,0,0,0,25,12,15,10,30
SHORTEST_PULSE,325025,163.81889970680248,1.1571987214281865,445.27907653515393,0,0,0,0,0,25,12,15,10,30
METROLOGY_CONDITIONED_EIG,325025,163.81889970680248,1.1571987214281865,445.27907653515393,0,0,0,0,0,25,12,15,10,30
NO_PASSIVE,325026,418.2767348860972,1.5660773401232944,445.27907653515393,0,0,0,0,0,25,12,15,10,30
RANDOM,325026,418.2767348860972,1.5660773401232944,445.27907653515393,0,0,0,0,0,25,12,15,10,30
HIGHEST_SNR,325026,418.2767348860972,1.5660773401232944,445.27907653515393,0,0,0,0,0,25,12,15,10,30
SHORTEST_PULSE,325026,418.2767348860972,1.5660773401232944,445.27907653515393,0,0,0,0,0,25,12,15,10,30
METROLOGY_CONDITIONED_EIG,325026,418.2767348860972,1.5660773401232944,445.27907653515393,0,0,0,0,0,25,12,15,10,30
NO_PASSIVE,325027,329.63082748932663,0.5605633926962482,445.27907653515393,0,0,0,0,6,25,12,15,10,30
RANDOM,325027,29.910609097395362,1.23277260147801,123.0361138128958,6,0,0,0,6,25,12,15,10,30
HIGHEST_SNR,325027,29.910609097395362,1.23277260147801,123.0361138128958,6,0,0,0,6,25,12,15,10,30
SHORTEST_PULSE,325027,29.910609097395362,1.23277260147801,123.0361138128958,6,0,0,0,6,25,12,15,10,30
METROLOGY_CONDITIONED_EIG,325027,29.910609097395362,1.23277260147801,123.0361138128958,6,0,0,0,6,25,12,15,10,30
NO_PASSIVE,325028,290.2132355299477,2.8080186878119533,445.27907653515393,0,0,0,0,1,25,12,15,10,30
RANDOM,325028,49.20745569701085,2.7859225834618724,328.4676804691418,1,0,0,0,1,25,12,15,10,30
HIGHEST_SNR,325028,49.20745569701085,2.7859225834618724,328.4676804691418,1,0,0,0,1,25,12,15,10,30
SHORTEST_PULSE,325028,49.20745569701085,2.7859225834618724,328.4676804691418,1,0,0,0,1,25,12,15,10,30
METROLOGY_CONDITIONED_EIG,325028,49.20745569701085,2.7859225834618724,328.4676804691418,1,0,0,0,1,25,12,15,10,30
NO_PASSIVE,325029,420.9261372319101,1.1436777729392988,445.27907653515393,0,0,0,0,9,25,12,15,10,30
RANDOM,325029,44.21978265785037,0.7594862545979886,61.18072817224885,9,0,0,0,9,25,12,15,10,30
HIGHEST_SNR,325029,44.21978265785037,0.7594862545979886,61.18072817224885,9,0,0,0,9,25,12,15,10,30
SHORTEST_PULSE,325029,44.21978265785037,0.7594862545979886,61.18072817224885,9,0,0,0,9,25,12,15,10,30
METROLOGY_CONDITIONED_EIG,325029,44.21978265785037,0.7594862545979886,61.18072817224885,9,0,0,0,9,25,12,15,10,30
NO_PASSIVE,326000,73.87293851923354,1.6122741880491742,445.27907653515393,0,0,0,0,21,26,12,15,10,100
RANDOM,326000,50.178796895991255,1.4146796969818287,112.74469995215146,21,0,0,0,21,26,12,15,10,100
HIGHEST_SNR,326000,50.178796895991255,1.4146796969818287,112.74469995215146,21,0,0,0,21,26,12,15,10,100
SHORTEST_PULSE,326000,50.178796895991255,1.4146796969818287,112.74469995215146,21,0,0,0,21,26,12,15,10,100
METROLOGY_CONDITIONED_EIG,326000,50.178796895991255,1.4146796969818287,112.74469995215146,21,0,0,0,21,26,12,15,10,100
NO_PASSIVE,326001,433.4550902724702,1.1938687810358026,445.27907653515393,0,0,0,0,3,26,12,15,10,100
RANDOM,326001,79.31556651224433,1.1019824575767152,124.20686934724029,3,0,0,0,3,26,12,15,10,100
HIGHEST_SNR,326001,79.31556651224433,1.1019824575767152,124.20686934724029,3,0,0,0,3,26,12,15,10,100
SHORTEST_PULSE,326001,79.31556651224433,1.1019824575767152,124.20686934724029,3,0,0,0,3,26,12,15,10,100
METROLOGY_CONDITIONED_EIG,326001,79.31556651224433,1.1019824575767152,124.20686934724029,3,0,0,0,3,26,12,15,10,100
NO_PASSIVE,326002,163.2307560765764,2.2316845042512634,445.27907653515393,0,0,0,0,1,26,12,15,10,100
RANDOM,326002,122.5562980680607,2.188132845436594,345.3215683475976,1,0,0,0,1,26,12,15,10,100
HIGHEST_SNR,326002,122.5562980680607,2.188132845436594,345.3215683475976,1,0,0,0,1,26,12,15,10,100
SHORTEST_PULSE,326002,122.5562980680607,2.188132845436594,345.3215683475976,1,0,0,0,1,26,12,15,10,100
METROLOGY_CONDITIONED_EIG,326002,122.5562980680607,2.188132845436594,345.3215683475976,1,0,0,0,1,26,12,15,10,100
NO_PASSIVE,326003,720.7129879326902,1.9125382439695946,445.27907653515393,0,0,0,0,0,26,12,15,10,100
RANDOM,326003,720.7129879326902,1.9125382439695946,445.27907653515393,0,0,0,0,0,26,12,15,10,100
HIGHEST_SNR,326003,720.7129879326902,1.9125382439695946,445.27907653515393,0,0,0,0,0,26,12,15,10,100
SHORTEST_PULSE,326003,720.7129879326902,1.9125382439695946,445.27907653515393,0,0,0,0,0,26,12,15,10,100
METROLOGY_CONDITIONED_EIG,326003,720.7129879326902,1.9125382439695946,445.27907653515393,0,0,0,0,0,26,12,15,10,100
NO_PASSIVE,326004,618.2898196273468,3.974442301439968,445.27907653515393,0,0,0,0,0,26,12,15,10,100
RANDOM,326004,618.2898196273468,3.974442301439968,445.27907653515393,0,0,0,0,0,26,12,15,10,100
HIGHEST_SNR,326004,618.2898196273468,3.974442301439968,445.27907653515393,0,0,0,0,0,26,12,15,10,100
SHORTEST_PULSE,326004,618.2898196273468,3.974442301439968,445.27907653515393,0,0,0,0,0,26,12,15,10,100
METROLOGY_CONDITIONED_EIG,326004,618.2898196273468,3.974442301439968,445.27907653515393,0,0,0,0,0,26,12,15,10,100
NO_PASSIVE,326005,303.3487199067105,0.38293339426559736,445.27907653515393,0,0,0,0,2,26,12,15,10,100
RANDOM,326005,132.42019914374023,0.5443941111007818,173.07991818706188,2,0,0,0,2,26,12,15,10,100
HIGHEST_SNR,326005,132.42019914374023,0.5443941111007818,173.07991818706188,2,0,0,0,2,26,12,15,10,100
SHORTEST_PULSE,326005,132.42019914374023,0.5443941111007818,173.07991818706188,2,0,0,0,2,26,12,15,10,100
METROLOGY_CONDITIONED_EIG,326005,132.42019914374023,0.5443941111007818,173.07991818706188,2,0,0,0,2,26,12,15,10,100
NO_PASSIVE,326006,582.8794921670944,4.417288709496102,445.27907653515393,0,0,0,0,0,26,12,15,10,100
RANDOM,326006,582.8794921670944,4.417288709496102,445.27907653515393,0,0,0,0,0,26,12,15,10,100
HIGHEST_SNR,326006,582.8794921670944,4.417288709496102,445.27907653515393,0,0,0,0,0,26,12,15,10,100
SHORTEST_PULSE,326006,582.8794921670944,4.417288709496102,445.27907653515393,0,0,0,0,0,26,12,15,10,100
METROLOGY_CONDITIONED_EIG,326006,582.8794921670944,4.417288709496102,445.27907653515393,0,0,0,0,0,26,12,15,10,100
NO_PASSIVE,326007,457.75359804016614,1.4789115375553283,445.27907653515393,0,0,0,0,1,26,12,15,10,100
RANDOM,326007,218.89682386528725,1.4697472341695073,333.55896691751417,1,0,0,0,1,26,12,15,10,100
HIGHEST_SNR,326007,218.89682386528725,1.4697472341695073,333.55896691751417,1,0,0,0,1,26,12,15,10,100
SHORTEST_PULSE,326007,218.89682386528725,1.4697472341695073,333.55896691751417,1,0,0,0,1,26,12,15,10,100
METROLOGY_CONDITIONED_EIG,326007,218.89682386528725,1.4697472341695073,333.55896691751417,1,0,0,0,1,26,12,15,10,100
NO_PASSIVE,326008,62.85704639871856,0.6572914467966742,445.27907653515393,0,0,0,0,26,26,12,15,10,100
RANDOM,326008,32.03704137805522,0.647019477029568,220.6327185958959,26,0,0,0,26,26,12,15,10,100
HIGHEST_SNR,326008,32.03704137805522,0.647019477029568,220.6327185958959,26,0,0,0,26,26,12,15,10,100
SHORTEST_PULSE,326008,32.03704137805522,0.647019477029568,220.6327185958959,26,0,0,0,26,26,12,15,10,100
METROLOGY_CONDITIONED_EIG,326008,32.03704137805522,0.647019477029568,220.6327185958959,26,0,0,0,26,26,12,15,10,100
NO_PASSIVE,326009,324.73654427563804,2.4842117393668928,445.27907653515393,0,0,0,0,0,26,12,15,10,100
RANDOM,326009,324.73654427563804,2.4842117393668928,445.27907653515393,0,0,0,0,0,26,12,15,10,100
HIGHEST_SNR,326009,324.73654427563804,2.4842117393668928,445.27907653515393,0,0,0,0,0,26,12,15,10,100
SHORTEST_PULSE,326009,324.73654427563804,2.4842117393668928,445.27907653515393,0,0,0,0,0,26,12,15,10,100
METROLOGY_CONDITIONED_EIG,326009,324.73654427563804,2.4842117393668928,445.27907653515393,0,0,0,0,0,26,12,15,10,100
NO_PASSIVE,326010,349.25166182517256,1.3187265745186543,445.27907653515393,0,0,0,0,0,26,12,15,10,100
RANDOM,326010,349.25166182517256,1.3187265745186543,445.27907653515393,0,0,0,0,0,26,12,15,10,100
HIGHEST_SNR,326010,349.25166182517256,1.3187265745186543,445.27907653515393,0,0,0,0,0,26,12,15,10,100
SHORTEST_PULSE,326010,349.25166182517256,1.3187265745186543,445.27907653515393,0,0,0,0,0,26,12,15,10,100
METROLOGY_CONDITIONED_EIG,326010,349.25166182517256,1.3187265745186543,445.27907653515393,0,0,0,0,0,26,12,15,10,100
NO_PASSIVE,326011,534.4608605622866,2.20925616992429,445.27907653515393,0,0,0,0,4,26,12,15,10,100
RANDOM,326011,150.78341195867276,1.8295907197701597,320.97011620435245,4,0,0,0,4,26,12,15,10,100
HIGHEST_SNR,326011,150.78341195867276,1.8295907197701597,320.97011620435245,4,0,0,0,4,26,12,15,10,100
SHORTEST_PULSE,326011,150.78341195867276,1.8295907197701597,320.97011620435245,4,0,0,0,4,26,12,15,10,100
METROLOGY_CONDITIONED_EIG,326011,150.78341195867276,1.8295907197701597,320.97011620435245,4,0,0,0,4,26,12,15,10,100
NO_PASSIVE,326012,541.5086730759191,1.8751842841610729,445.27907653515393,0,0,0,0,23,26,12,15,10,100
RANDOM,326012,1026.9240065694296,2.0674519329283303,289.8360777481874,23,0,0,0,23,26,12,15,10,100
HIGHEST_SNR,326012,1026.9240065694296,2.0674519329283303,289.8360777481874,23,0,0,0,23,26,12,15,10,100
SHORTEST_PULSE,326012,1026.9240065694296,2.0674519329283303,289.8360777481874,23,0,0,0,23,26,12,15,10,100
METROLOGY_CONDITIONED_EIG,326012,1026.9240065694296,2.0674519329283303,289.8360777481874,23,0,0,0,23,26,12,15,10,100
NO_PASSIVE,326013,423.16820897629157,2.0549653649470936,445.27907653515393,0,0,0,0,0,26,12,15,10,100
RANDOM,326013,423.16820897629157,2.0549653649470936,445.27907653515393,0,0,0,0,0,26,12,15,10,100
HIGHEST_SNR,326013,423.16820897629157,2.0549653649470936,445.27907653515393,0,0,0,0,0,26,12,15,10,100
SHORTEST_PULSE,326013,423.16820897629157,2.0549653649470936,445.27907653515393,0,0,0,0,0,26,12,15,10,100
METROLOGY_CONDITIONED_EIG,326013,423.16820897629157,2.0549653649470936,445.27907653515393,0,0,0,0,0,26,12,15,10,100
NO_PASSIVE,326014,285.46348951915155,1.467648343926795,445.27907653515393,0,0,0,0,5,26,12,15,10,100
RANDOM,326014,17.829366192977865,1.1360583831845015,147.812831004031,5,0,0,0,5,26,12,15,10,100
HIGHEST_SNR,326014,17.829366192977865,1.1360583831845015,147.812831004031,5,0,0,0,5,26,12,15,10,100
SHORTEST_PULSE,326014,17.829366192977865,1.1360583831845015,147.812831004031,5,0,0,0,5,26,12,15,10,100
METROLOGY_CONDITIONED_EIG,326014,17.829366192977865,1.1360583831845015,147.812831004031,5,0,0,0,5,26,12,15,10,100
NO_PASSIVE,326015,407.4054923568238,2.7058624234601463,445.27907653515393,0,0,0,0,0,26,12,15,10,100
RANDOM,326015,407.4054923568238,2.7058624234601463,445.27907653515393,0,0,0,0,0,26,12,15,10,100
HIGHEST_SNR,326015,407.4054923568238,2.7058624234601463,445.27907653515393,0,0,0,0,0,26,12,15,10,100
SHORTEST_PULSE,326015,407.4054923568238,2.7058624234601463,445.27907653515393,0,0,0,0,0,26,12,15,10,100
METROLOGY_CONDITIONED_EIG,326015,407.4054923568238,2.7058624234601463,445.27907653515393,0,0,0,0,0,26,12,15,10,100
NO_PASSIVE,326016,165.77161963527814,1.8001460277463848,445.27907653515393,0,0,0,0,1,26,12,15,10,100
RANDOM,326016,249.80122182249343,1.8346098977362797,340.94027922165725,1,0,0,0,1,26,12,15,10,100
HIGHEST_SNR,326016,249.80122182249343,1.8346098977362797,340.94027922165725,1,0,0,0,1,26,12,15,10,100
SHORTEST_PULSE,326016,249.80122182249343,1.8346098977362797,340.94027922165725,1,0,0,0,1,26,12,15,10,100
METROLOGY_CONDITIONED_EIG,326016,249.80122182249343,1.8346098977362797,340.94027922165725,1,0,0,0,1,26,12,15,10,100
NO_PASSIVE,326017,674.2255759013926,1.9116291604163569,445.27907653515393,0,0,0,0,0,26,12,15,10,100
RANDOM,326017,674.2255759013926,1.9116291604163569,445.27907653515393,0,0,0,0,0,26,12,15,10,100
HIGHEST_SNR,326017,674.2255759013926,1.9116291604163569,445.27907653515393,0,0,0,0,0,26,12,15,10,100
SHORTEST_PULSE,326017,674.2255759013926,1.9116291604163569,445.27907653515393,0,0,0,0,0,26,12,15,10,100
METROLOGY_CONDITIONED_EIG,326017,674.2255759013926,1.9116291604163569,445.27907653515393,0,0,0,0,0,26,12,15,10,100
NO_PASSIVE,326018,519.804306259977,1.6312240441152497,445.27907653515393,0,0,0,0,0,26,12,15,10,100
RANDOM,326018,519.804306259977,1.6312240441152497,445.27907653515393,0,0,0,0,0,26,12,15,10,100
HIGHEST_SNR,326018,519.804306259977,1.6312240441152497,445.27907653515393,0,0,0,0,0,26,12,15,10,100
SHORTEST_PULSE,326018,519.804306259977,1.6312240441152497,445.27907653515393,0,0,0,0,0,26,12,15,10,100
METROLOGY_CONDITIONED_EIG,326018,519.804306259977,1.6312240441152497,445.27907653515393,0,0,0,0,0,26,12,15,10,100
NO_PASSIVE,326019,127.98636422107707,3.33533481267975,445.27907653515393,0,0,0,0,0,26,12,15,10,100
RANDOM,326019,127.98636422107707,3.33533481267975,445.27907653515393,0,0,0,0,0,26,12,15,10,100
HIGHEST_SNR,326019,127.98636422107707,3.33533481267975,445.27907653515393,0,0,0,0,0,26,12,15,10,100
SHORTEST_PULSE,326019,127.98636422107707,3.33533481267975,445.27907653515393,0,0,0,0,0,26,12,15,10,100
METROLOGY_CONDITIONED_EIG,326019,127.98636422107707,3.33533481267975,445.27907653515393,0,0,0,0,0,26,12,15,10,100
NO_PASSIVE,326020,511.672495136623,4.719775880686587,445.27907653515393,0,0,0,0,0,26,12,15,10,100
RANDOM,326020,511.672495136623,4.719775880686587,445.27907653515393,0,0,0,0,0,26,12,15,10,100
HIGHEST_SNR,326020,511.672495136623,4.719775880686587,445.27907653515393,0,0,0,0,0,26,12,15,10,100
SHORTEST_PULSE,326020,511.672495136623,4.719775880686587,445.27907653515393,0,0,0,0,0,26,12,15,10,100
METROLOGY_CONDITIONED_EIG,326020,511.672495136623,4.719775880686587,445.27907653515393,0,0,0,0,0,26,12,15,10,100
NO_PASSIVE,326021,717.5785989182885,0.596383572121278,445.27907653515393,0,0,0,0,0,26,12,15,10,100
RANDOM,326021,717.5785989182885,0.596383572121278,445.27907653515393,0,0,0,0,0,26,12,15,10,100
HIGHEST_SNR,326021,717.5785989182885,0.596383572121278,445.27907653515393,0,0,0,0,0,26,12,15,10,100
SHORTEST_PULSE,326021,717.5785989182885,0.596383572121278,445.27907653515393,0,0,0,0,0,26,12,15,10,100
METROLOGY_CONDITIONED_EIG,326021,717.5785989182885,0.596383572121278,445.27907653515393,0,0,0,0,0,26,12,15,10,100
NO_PASSIVE,326022,74.90484103239564,3.05347979629948,445.27907653515393,0,0,0,0,6,26,12,15,10,100
RANDOM,326022,115.23815852792035,2.920433617197352,184.98575143572856,5,1,0,0,6,26,12,15,10,100
HIGHEST_SNR,326022,115.23815852792035,2.920433617197352,184.98575143572856,5,1,0,0,6,26,12,15,10,100
SHORTEST_PULSE,326022,115.23815852792035,2.920433617197352,184.98575143572856,5,1,0,0,6,26,12,15,10,100
METROLOGY_CONDITIONED_EIG,326022,115.23815852792035,2.920433617197352,184.98575143572856,5,1,0,0,6,26,12,15,10,100
NO_PASSIVE,326023,607.1524691081529,3.2632539074012,445.27907653515393,0,0,0,0,1,26,12,15,10,100
RANDOM,326023,611.1312133693788,3.2632400314596732,343.579984787369,1,0,0,0,1,26,12,15,10,100
HIGHEST_SNR,326023,611.1312133693788,3.2632400314596732,343.579984787369,1,0,0,0,1,26,12,15,10,100
SHORTEST_PULSE,326023,611.1312133693788,3.2632400314596732,343.579984787369,1,0,0,0,1,26,12,15,10,100
METROLOGY_CONDITIONED_EIG,326023,611.1312133693788,3.2632400314596732,343.579984787369,1,0,0,0,1,26,12,15,10,100
NO_PASSIVE,326024,253.13063608331484,0.8603521138257023,445.27907653515393,0,0,0,0,3,26,12,15,10,100
RANDOM,326024,260.89863603058586,0.7142400140142774,322.0659077587804,3,0,0,0,3,26,12,15,10,100
HIGHEST_SNR,326024,260.89863603058586,0.7142400140142774,322.0659077587804,3,0,0,0,3,26,12,15,10,100
SHORTEST_PULSE,326024,260.89863603058586,0.7142400140142774,322.0659077587804,3,0,0,0,3,26,12,15,10,100
METROLOGY_CONDITIONED_EIG,326024,260.89863603058586,0.7142400140142774,322.0659077587804,3,0,0,0,3,26,12,15,10,100
NO_PASSIVE,326025,505.31342902018264,1.0691022177931926,445.27907653515393,0,0,0,0,0,26,12,15,10,100
RANDOM,326025,505.31342902018264,1.0691022177931926,445.27907653515393,0,0,0,0,0,26,12,15,10,100
HIGHEST_SNR,326025,505.31342902018264,1.0691022177931926,445.27907653515393,0,0,0,0,0,26,12,15,10,100
SHORTEST_PULSE,326025,505.31342902018264,1.0691022177931926,445.27907653515393,0,0,0,0,0,26,12,15,10,100
METROLOGY_CONDITIONED_EIG,326025,505.31342902018264,1.0691022177931926,445.27907653515393,0,0,0,0,0,26,12,15,10,100
NO_PASSIVE,326026,45.293457352264625,2.593281671045626,445.27907653515393,0,0,0,0,7,26,12,15,10,100
RANDOM,326026,46.204640274972995,2.732775804527747,321.2534866969176,7,0,0,0,7,26,12,15,10,100
HIGHEST_SNR,326026,46.204640274972995,2.732775804527747,321.2534866969176,7,0,0,0,7,26,12,15,10,100
SHORTEST_PULSE,326026,46.204640274972995,2.732775804527747,321.2534866969176,7,0,0,0,7,26,12,15,10,100
METROLOGY_CONDITIONED_EIG,326026,46.204640274972995,2.732775804527747,321.2534866969176,7,0,0,0,7,26,12,15,10,100
NO_PASSIVE,326027,511.32986986032205,1.3958358819941745,445.27907653515393,0,0,0,0,0,26,12,15,10,100
RANDOM,326027,511.32986986032205,1.3958358819941745,445.27907653515393,0,0,0,0,0,26,12,15,10,100
HIGHEST_SNR,326027,511.32986986032205,1.3958358819941745,445.27907653515393,0,0,0,0,0,26,12,15,10,100
SHORTEST_PULSE,326027,511.32986986032205,1.3958358819941745,445.27907653515393,0,0,0,0,0,26,12,15,10,100
METROLOGY_CONDITIONED_EIG,326027,511.32986986032205,1.3958358819941745,445.27907653515393,0,0,0,0,0,26,12,15,10,100
NO_PASSIVE,326028,455.51798197635213,1.2762110709542367,445.27907653515393,0,0,0,0,0,26,12,15,10,100
RANDOM,326028,455.51798197635213,1.2762110709542367,445.27907653515393,0,0,0,0,0,26,12,15,10,100
HIGHEST_SNR,326028,455.51798197635213,1.2762110709542367,445.27907653515393,0,0,0,0,0,26,12,15,10,100
SHORTEST_PULSE,326028,455.51798197635213,1.2762110709542367,445.27907653515393,0,0,0,0,0,26,12,15,10,100
METROLOGY_CONDITIONED_EIG,326028,455.51798197635213,1.2762110709542367,445.27907653515393,0,0,0,0,0,26,12,15,10,100
NO_PASSIVE,326029,514.6040692925927,0.06955259483992744,445.27907653515393,0,0,0,0,39,26,12,15,10,100
RANDOM,326029,28.281603330217386,0.5131678260416831,260.1000541363039,38,1,0,0,39,26,12,15,10,100
HIGHEST_SNR,326029,28.281603330217386,0.5131678260416831,260.1000541363039,38,1,0,0,39,26,12,15,10,100
SHORTEST_PULSE,326029,28.281603330217386,0.5131678260416831,260.1000541363039,38,1,0,0,39,26,12,15,10,100
METROLOGY_CONDITIONED_EIG,326029,28.281603330217386,0.5131678260416831,260.1000541363039,38,1,0,0,39,26,12,15,10,100
NO_PASSIVE,327000,324.1722307284323,3.0854250662752523,445.27907653515393,0,0,0,0,8,27,12,15,100,30
RANDOM,327000,27.55862446380757,1.0168339064117782,85.58562882980777,8,0,0,0,8,27,12,15,100,30
HIGHEST_SNR,327000,27.55862446380757,1.0168339064117782,85.58562882980777,8,0,0,0,8,27,12,15,100,30
SHORTEST_PULSE,327000,27.55862446380757,1.0168339064117782,85.58562882980777,8,0,0,0,8,27,12,15,100,30
METROLOGY_CONDITIONED_EIG,327000,27.55862446380757,1.0168339064117782,85.58562882980777,8,0,0,0,8,27,12,15,100,30
NO_PASSIVE,327001,324.86731122099934,3.0510568681213175,445.27907653515393,0,0,0,0,57,27,12,15,100,30
RANDOM,327001,14.446343801392363,0.5624382598732788,28.22248150542842,36,0,0,0,57,27,12,15,100,30
HIGHEST_SNR,327001,28.404012168972788,0.44865834871580573,32.43679300014091,35,1,0,0,57,27,12,15,100,30
SHORTEST_PULSE,327001,3.2317949967624444,0.24707293263557953,28.100051929180758,36,0,0,0,57,27,12,15,100,30
METROLOGY_CONDITIONED_EIG,327001,34.587278724974524,0.5887795366327295,26.631870873298183,36,0,0,0,57,27,12,15,100,30
NO_PASSIVE,327002,420.64240721785137,2.222423797675669,445.27907653515393,0,0,0,0,0,27,12,15,100,30
RANDOM,327002,420.64240721785137,2.222423797675669,445.27907653515393,0,0,0,0,0,27,12,15,100,30
HIGHEST_SNR,327002,420.64240721785137,2.222423797675669,445.27907653515393,0,0,0,0,0,27,12,15,100,30
SHORTEST_PULSE,327002,420.64240721785137,2.222423797675669,445.27907653515393,0,0,0,0,0,27,12,15,100,30
METROLOGY_CONDITIONED_EIG,327002,420.64240721785137,2.222423797675669,445.27907653515393,0,0,0,0,0,27,12,15,100,30
NO_PASSIVE,327003,545.5215278916345,1.0060424960230654,445.27907653515393,0,0,0,0,74,27,12,15,100,30
RANDOM,327003,26.44998815203533,0.34556543818611235,24.05627939522062,51,0,0,0,74,27,12,15,100,30
HIGHEST_SNR,327003,19.08055256185732,0.24059608562701945,22.14386681415268,51,0,0,0,74,27,12,15,100,30
SHORTEST_PULSE,327003,19.504221096235035,0.22539523557633812,22.0301274910182,51,0,0,0,74,27,12,15,100,30
METROLOGY_CONDITIONED_EIG,327003,16.922776493043184,0.227122440658885,21.800914732899052,51,0,0,0,74,27,12,15,100,30
NO_PASSIVE,327004,288.0909165136528,0.39610352465797727,445.27907653515393,0,0,0,0,5,27,12,15,100,30
RANDOM,327004,17.645552220890007,0.5872242693672055,114.04879886818877,5,0,0,0,5,27,12,15,100,30
HIGHEST_SNR,327004,17.645552220890007,0.5872242693672055,114.04879886818877,5,0,0,0,5,27,12,15,100,30
SHORTEST_PULSE,327004,17.645552220890007,0.5872242693672055,114.04879886818877,5,0,0,0,5,27,12,15,100,30
METROLOGY_CONDITIONED_EIG,327004,17.645552220890007,0.5872242693672055,114.04879886818877,5,0,0,0,5,27,12,15,100,30
NO_PASSIVE,327005,258.35053948172725,1.7134249132514583,445.27907653515393,0,0,0,0,4,27,12,15,100,30
RANDOM,327005,130.39174509931837,1.8909872148108737,158.12484192921897,4,0,0,0,4,27,12,15,100,30
HIGHEST_SNR,327005,130.39174509931837,1.8909872148108737,158.12484192921897,4,0,0,0,4,27,12,15,100,30
SHORTEST_PULSE,327005,130.39174509931837,1.8909872148108737,158.12484192921897,4,0,0,0,4,27,12,15,100,30
METROLOGY_CONDITIONED_EIG,327005,130.39174509931837,1.8909872148108737,158.12484192921897,4,0,0,0,4,27,12,15,100,30
NO_PASSIVE,327006,107.68136325970401,2.0237328120086757,445.27907653515393,0,0,0,0,46,27,12,15,100,30
RANDOM,327006,15.431994545001896,0.45965538458471317,35.91044396870777,32,0,0,0,46,27,12,15,100,30
HIGHEST_SNR,327006,34.85217919968791,0.19372125020731976,51.15781346883334,32,0,0,0,46,27,12,15,100,30
SHORTEST_PULSE,327006,15.688471377538432,0.458604722833566,35.57089129070609,32,0,0,0,46,27,12,15,100,30
METROLOGY_CONDITIONED_EIG,327006,12.242470320635324,0.3263930149289926,35.58059314524391,32,0,0,0,46,27,12,15,100,30
NO_PASSIVE,327007,177.9266411543392,2.3726679170416407,445.27907653515393,0,0,0,0,59,27,12,15,100,30
RANDOM,327007,31.523929606944115,0.9106620908163401,36.75102700859597,44,0,0,0,59,27,12,15,100,30
HIGHEST_SNR,327007,94.21470557882114,1.1506406433564766,82.31848907048042,44,0,0,0,59,27,12,15,100,30
SHORTEST_PULSE,327007,27.720645829772028,0.9495711984100772,32.539425943420284,44,0,0,0,59,27,12,15,100,30
METROLOGY_CONDITIONED_EIG,327007,24.540814060377247,0.41749370873440794,31.80779370778184,44,0,0,0,59,27,12,15,100,30
NO_PASSIVE,327008,203.45287973104257,2.291566674612165,445.27907653515393,0,0,0,0,5,27,12,15,100,30
RANDOM,327008,48.52686660135564,2.5853557311508544,96.78605471963213,5,0,0,0,5,27,12,15,100,30
HIGHEST_SNR,327008,48.52686660135564,2.5853557311508544,96.78605471963213,5,0,0,0,5,27,12,15,100,30
SHORTEST_PULSE,327008,48.52686660135564,2.5853557311508544,96.78605471963213,5,0,0,0,5,27,12,15,100,30
METROLOGY_CONDITIONED_EIG,327008,48.52686660135564,2.5853557311508544,96.78605471963213,5,0,0,0,5,27,12,15,100,30
NO_PASSIVE,327009,344.8822745837507,1.080159329086856,445.27907653515393,0,0,0,0,40,27,12,15,100,30
RANDOM,327009,34.106854323972264,0.6423542242547345,24.23001050211138,33,1,0,0,40,27,12,15,100,30
HIGHEST_SNR,327009,33.52320506061551,0.7072808818374808,24.111504075433615,33,1,0,0,40,27,12,15,100,30
SHORTEST_PULSE,327009,33.52320506061551,0.7072808818374808,24.111504075433615,33,1,0,0,40,27,12,15,100,30
METROLOGY_CONDITIONED_EIG,327009,33.37545165783005,0.6897251097032028,24.184919530238595,33,1,0,0,40,27,12,15,100,30
NO_PASSIVE,327010,377.76379047352,2.497763641289715,445.27907653515393,0,0,0,0,24,27,12,15,100,30
RANDOM,327010,44.64986652249853,1.19716682541458,32.76697730829699,23,0,0,0,24,27,12,15,100,30
HIGHEST_SNR,327010,48.44366013135408,1.1324348662985857,32.74236322749996,23,0,0,0,24,27,12,15,100,30
SHORTEST_PULSE,327010,44.64986652249853,1.19716682541458,32.76697730829699,23,0,0,0,24,27,12,15,100,30
METROLOGY_CONDITIONED_EIG,327010,44.64986652249853,1.19716682541458,32.76697730829699,23,0,0,0,24,27,12,15,100,30
NO_PASSIVE,327011,321.89185366942723,1.6670908539238112,445.27907653515393,0,0,0,0,46,27,12,15,100,30
RANDOM,327011,17.278890894703782,0.8190125085568397,22.37677776531905,46,0,0,0,46,27,12,15,100,30
HIGHEST_SNR,327011,17.278890894703782,0.8190125085568397,22.37677776531905,46,0,0,0,46,27,12,15,100,30
SHORTEST_PULSE,327011,17.278890894703782,0.8190125085568397,22.37677776531905,46,0,0,0,46,27,12,15,100,30
METROLOGY_CONDITIONED_EIG,327011,17.278890894703782,0.8190125085568397,22.37677776531905,46,0,0,0,46,27,12,15,100,30
NO_PASSIVE,327012,421.9436045552549,0.4187729507760228,445.27907653515393,0,0,0,0,54,27,12,15,100,30
RANDOM,327012,53.25668650164579,1.127515214077588,34.32040856703217,38,0,0,0,54,27,12,15,100,30
HIGHEST_SNR,327012,48.95803170101336,0.8201504634727147,31.807072075394636,37,1,0,0,54,27,12,15,100,30
SHORTEST_PULSE,327012,79.89439434046271,2.282445534762935,37.27655131828501,38,0,0,0,54,27,12,15,100,30
METROLOGY_CONDITIONED_EIG,327012,49.53020728617915,0.8290838869819896,32.503773538833265,37,1,0,0,54,27,12,15,100,30
NO_PASSIVE,327013,297.8036074771574,1.4230870150482728,445.27907653515393,0,0,0,0,18,27,12,15,100,30
RANDOM,327013,49.56610502350332,1.0641494077330864,65.1343317614071,16,0,0,0,18,27,12,15,100,30
HIGHEST_SNR,327013,81.76931927394715,0.5486214777451474,70.16113667854476,16,0,0,0,18,27,12,15,100,30
SHORTEST_PULSE,327013,51.89732114287047,1.2793582917018558,64.99464649168013,16,0,0,0,18,27,12,15,100,30
METROLOGY_CONDITIONED_EIG,327013,51.89732114287047,1.2793582917018558,64.99464649168013,16,0,0,0,18,27,12,15,100,30
NO_PASSIVE,327014,602.5550183683498,1.9764463818764975,445.27907653515393,0,0,0,0,1,27,12,15,100,30
RANDOM,327014,564.0341334622483,2.0990531819529217,322.63061190234055,1,0,0,0,1,27,12,15,100,30
HIGHEST_SNR,327014,564.0341334622483,2.0990531819529217,322.63061190234055,1,0,0,0,1,27,12,15,100,30
SHORTEST_PULSE,327014,564.0341334622483,2.0990531819529217,322.63061190234055,1,0,0,0,1,27,12,15,100,30
METROLOGY_CONDITIONED_EIG,327014,564.0341334622483,2.0990531819529217,322.63061190234055,1,0,0,0,1,27,12,15,100,30
NO_PASSIVE,327015,396.1776446604878,1.4064700969911406,445.27907653515393,0,0,0,0,63,27,12,15,100,30
RANDOM,327015,36.723017017295696,1.2860361483156622,38.584974624953155,46,1,0,0,63,27,12,15,100,30
HIGHEST_SNR,327015,42.61239565949379,2.1789567482870456,41.4554890403364,46,1,0,0,63,27,12,15,100,30
SHORTEST_PULSE,327015,35.40519072924899,1.374327253279881,42.4830706970012,46,1,0,0,63,27,12,15,100,30
METROLOGY_CONDITIONED_EIG,327015,32.87670799406859,1.0385065301162628,36.6102622629385,46,1,0,0,63,27,12,15,100,30
NO_PASSIVE,327016,970.3079573340611,0.9090686620191332,445.27907653515393,0,0,0,0,58,27,12,15,100,30
RANDOM,327016,32.83747081585987,1.244953009249461,28.345982478251177,43,8,0,0,58,27,12,15,100,30
HIGHEST_SNR,327016,30.39608070862229,1.2967888329152077,28.380403452754116,44,7,0,0,58,27,12,15,100,30
SHORTEST_PULSE,327016,39.475117300597276,1.3252143519097854,26.860854010384134,43,8,0,0,58,27,12,15,100,30
METROLOGY_CONDITIONED_EIG,327016,36.34535469101169,1.5725325728233186,26.788446134927106,43,8,0,0,58,27,12,15,100,30
NO_PASSIVE,327017,567.340904015043,0.903249635262061,445.27907653515393,0,0,0,0,24,27,12,15,100,30
RANDOM,327017,31.528240674601786,0.7681421448923554,47.00785713975238,22,0,0,0,24,27,12,15,100,30
HIGHEST_SNR,327017,170.09070228872068,0.9922242531425254,280.04980896921177,22,0,0,0,24,27,12,15,100,30
SHORTEST_PULSE,327017,170.09070228872068,0.9922242531425254,280.04980896921177,22,0,0,0,24,27,12,15,100,30
METROLOGY_CONDITIONED_EIG,327017,30.34134491674824,0.6102425471673824,37.97598262742389,22,0,0,0,24,27,12,15,100,30
NO_PASSIVE,327018,386.259980855918,2.7414032494543683,445.27907653515393,0,0,0,0,14,27,12,15,100,30
RANDOM,327018,3.2610184325581013,0.5110077194766213,64.60615419592585,13,1,0,0,14,27,12,15,100,30
HIGHEST_SNR,327018,3.2610184325581013,0.5110077194766213,64.60615419592585,13,1,0,0,14,27,12,15,100,30
SHORTEST_PULSE,327018,3.2610184325581013,0.5110077194766213,64.60615419592585,13,1,0,0,14,27,12,15,100,30
METROLOGY_CONDITIONED_EIG,327018,3.2610184325581013,0.5110077194766213,64.60615419592585,13,1,0,0,14,27,12,15,100,30
NO_PASSIVE,327019,588.1949041028697,1.9996460656160029,445.27907653515393,0,0,0,0,37,27,12,15,100,30
RANDOM,327019,16.707300617283938,0.5153001162495334,33.460900531804135,29,0,0,0,37,27,12,15,100,30
HIGHEST_SNR,327019,13.280975599726418,0.38873221025139804,35.10812284281516,29,0,0,0,37,27,12,15,100,30
SHORTEST_PULSE,327019,21.1177911977031,0.6562637133203864,34.06806664334644,29,0,0,0,37,27,12,15,100,30
METROLOGY_CONDITIONED_EIG,327019,20.489278067629378,0.6253621280237154,32.7599097161605,29,0,0,0,37,27,12,15,100,30
NO_PASSIVE,327020,275.97007913723854,1.1689202355360024,445.27907653515393,0,0,0,0,30,27,12,15,100,30
RANDOM,327020,5.230943630036656,0.5053385234598702,43.373946766247236,26,0,0,0,30,27,12,15,100,30
HIGHEST_SNR,327020,7.898011204208274,0.6113558391641978,45.19118463071423,26,0,0,0,30,27,12,15,100,30
SHORTEST_PULSE,327020,9.5647986152538,0.7190086974111529,44.66385987475871,26,0,0,0,30,27,12,15,100,30
METROLOGY_CONDITIONED_EIG,327020,4.569346279959829,0.4033887092346535,42.64819546030724,26,0,0,0,30,27,12,15,100,30
NO_PASSIVE,327021,463.84363190041887,0.394753884106798,445.27907653515393,0,0,0,0,112,27,12,15,100,30
RANDOM,327021,6.7668293796191135,0.19961435650835876,28.57788944191969,57,0,0,0,112,27,12,15,100,30
HIGHEST_SNR,327021,11.370536665426645,0.5183728457110591,30.183080063251083,57,0,0,0,112,27,12,15,100,30
SHORTEST_PULSE,327021,4.119554430522853,0.22815468513764586,26.603293589744446,57,0,0,0,112,27,12,15,100,30
METROLOGY_CONDITIONED_EIG,327021,5.29845774037419,0.3029998396312673,25.20931623968789,57,0,0,0,112,27,12,15,100,30
NO_PASSIVE,327022,712.1549549527335,0.9890740209833955,445.27907653515393,0,0,0,0,36,27,12,15,100,30
RANDOM,327022,43.32289937279541,1.1087468294541794,31.43412362601266,33,0,0,0,36,27,12,15,100,30
HIGHEST_SNR,327022,22.45040154116209,0.8240519073277358,28.97606076149063,33,0,0,0,36,27,12,15,100,30
SHORTEST_PULSE,327022,20.085230990108986,0.6144300587661103,28.873181303978587,33,0,0,0,36,27,12,15,100,30
METROLOGY_CONDITIONED_EIG,327022,22.45040154116209,0.8240519073277358,28.97606076149063,33,0,0,0,36,27,12,15,100,30
NO_PASSIVE,327023,567.3464455829331,1.506654061306482,445.27907653515393,0,0,0,0,23,27,12,15,100,30
RANDOM,327023,22.5483442622743,0.7853312174159166,55.852190792054316,20,0,0,0,23,27,12,15,100,30
HIGHEST_SNR,327023,36.55825838565039,0.5600152881568299,57.2736956014733,20,0,0,0,23,27,12,15,100,30
SHORTEST_PULSE,327023,58.08521163067495,1.010607566903602,55.18875619169367,20,0,0,0,23,27,12,15,100,30
METROLOGY_CONDITIONED_EIG,327023,37.26788318263604,0.9040655434181329,53.62662884732598,20,0,0,0,23,27,12,15,100,30
NO_PASSIVE,327024,347.2897100142296,2.000441788269768,445.27907653515393,0,0,0,0,23,27,12,15,100,30
RANDOM,327024,17.194484482152543,0.2314745131636758,73.1847364420041,18,0,0,0,23,27,12,15,100,30
HIGHEST_SNR,327024,37.27026757134042,0.6668755848806547,79.78935363473296,18,0,0,0,23,27,12,15,100,30
SHORTEST_PULSE,327024,23.14095825247218,0.205276149958725,74.27918140703505,18,0,0,0,23,27,12,15,100,30
METROLOGY_CONDITIONED_EIG,327024,22.957822338348265,0.5423171679240564,72.96997868315874,18,0,0,0,23,27,12,15,100,30
NO_PASSIVE,327025,637.4494354723173,1.1515328893742465,445.27907653515393,0,0,0,0,14,27,12,15,100,30
RANDOM,327025,35.10529146961601,0.6013400353828111,71.0447413725901,13,0,0,0,14,27,12,15,100,30
HIGHEST_SNR,327025,34.38207530975533,0.6055526078516467,72.57900631013659,13,0,0,0,14,27,12,15,100,30
SHORTEST_PULSE,327025,34.38207530975533,0.6055526078516467,72.57900631013659,13,0,0,0,14,27,12,15,100,30
METROLOGY_CONDITIONED_EIG,327025,34.38207530975533,0.6055526078516467,72.57900631013659,13,0,0,0,14,27,12,15,100,30
NO_PASSIVE,327026,467.8632792189434,2.942973215296898,445.27907653515393,0,0,0,0,27,27,12,15,100,30
RANDOM,327026,140.19769367099488,2.1768202983579283,80.17155352666012,26,0,0,0,27,27,12,15,100,30
HIGHEST_SNR,327026,137.2183563594132,2.1523410134094925,80.57729984888056,26,0,0,0,27,27,12,15,100,30
SHORTEST_PULSE,327026,137.2183563594132,2.1523410134094925,80.57729984888056,26,0,0,0,27,27,12,15,100,30
METROLOGY_CONDITIONED_EIG,327026,140.19769367099488,2.1768202983579283,80.17155352666012,26,0,0,0,27,27,12,15,100,30
NO_PASSIVE,327027,448.24424894759323,1.3045859774740773,445.27907653515393,0,0,0,0,36,27,12,15,100,30
RANDOM,327027,16.191896627803334,0.670772038177459,60.97499821904538,28,0,0,0,36,27,12,15,100,30
HIGHEST_SNR,327027,45.679026733858414,0.538432432208419,66.05053134133746,28,0,0,0,36,27,12,15,100,30
SHORTEST_PULSE,327027,96.52250061577988,1.4898683311299936,54.292679998009895,28,0,0,0,36,27,12,15,100,30
METROLOGY_CONDITIONED_EIG,327027,93.58779929241405,0.9588010266835353,54.26709645148534,28,0,0,0,36,27,12,15,100,30
NO_PASSIVE,327028,211.11009832112572,1.552279962231711,445.27907653515393,0,0,0,0,114,27,12,15,100,30
RANDOM,327028,17.240143940483488,1.0387843962120427,29.797280512171596,58,0,0,0,114,27,12,15,100,30
HIGHEST_SNR,327028,43.18444067789165,0.5813783280848305,52.026724667158504,58,0,0,0,114,27,12,15,100,30
SHORTEST_PULSE,327028,14.757561843059785,0.48515912563597446,23.459471762067814,58,0,0,0,114,27,12,15,100,30
METROLOGY_CONDITIONED_EIG,327028,14.757561843059785,0.48515912563597446,23.459471762067814,58,0,0,0,114,27,12,15,100,30
NO_PASSIVE,327029,454.96307913269743,2.1192639103483213,445.27907653515393,0,0,0,0,23,27,12,15,100,30
RANDOM,327029,89.88398731707296,1.6147666194251387,58.068838806584324,22,0,0,0,23,27,12,15,100,30
HIGHEST_SNR,327029,89.88398731707296,1.6147666194251387,58.068838806584324,22,0,0,0,23,27,12,15,100,30
SHORTEST_PULSE,327029,89.88398731707296,1.6147666194251387,58.068838806584324,22,0,0,0,23,27,12,15,100,30
METROLOGY_CONDITIONED_EIG,327029,89.88398731707296,1.6147666194251387,58.068838806584324,22,0,0,0,23,27,12,15,100,30
NO_PASSIVE,328000,207.3319304997504,1.1947792299117403,445.27907653515393,0,0,0,0,56,28,12,15,100,100
RANDOM,328000,16.19218561928218,0.9849805670641477,46.1151794632425,40,0,0,0,56,28,12,15,100,100
HIGHEST_SNR,328000,46.8312166620688,1.0892397906159883,72.85770651231296,40,0,0,0,56,28,12,15,100,100
SHORTEST_PULSE,328000,16.51385473635925,1.4556299831763932,42.298117179087555,40,0,0,0,56,28,12,15,100,100
METROLOGY_CONDITIONED_EIG,328000,16.125596809979967,1.3117521199465423,42.33333959535084,40,0,0,0,56,28,12,15,100,100
NO_PASSIVE,328001,279.41326468948864,2.1359179585041734,445.27907653515393,0,0,0,0,41,28,12,15,100,100
RANDOM,328001,28.553388018611273,0.6080444024936609,40.62622042514195,34,2,0,0,41,28,12,15,100,100
HIGHEST_SNR,328001,48.02493780731995,0.9949411589637555,41.6870972198296,33,3,0,0,41,28,12,15,100,100
SHORTEST_PULSE,328001,46.40164609487488,1.1562952279280942,41.40006558629865,33,3,0,0,41,28,12,15,100,100
METROLOGY_CONDITIONED_EIG,328001,49.546872619208905,1.0276135449618817,41.61374086344249,33,3,0,0,41,28,12,15,100,100
NO_PASSIVE,328002,443.4073026984708,3.312151041038823,445.27907653515393,0,0,0,0,6,28,12,15,100,100
RANDOM,328002,68.7189564131962,2.194761257791303,113.0489313255604,6,0,0,0,6,28,12,15,100,100
HIGHEST_SNR,328002,68.7189564131962,2.194761257791303,113.0489313255604,6,0,0,0,6,28,12,15,100,100
SHORTEST_PULSE,328002,68.7189564131962,2.194761257791303,113.0489313255604,6,0,0,0,6,28,12,15,100,100
METROLOGY_CONDITIONED_EIG,328002,68.7189564131962,2.194761257791303,113.0489313255604,6,0,0,0,6,28,12,15,100,100
NO_PASSIVE,328003,361.5334363921118,1.1432137394437754,445.27907653515393,0,0,0,0,38,28,12,15,100,100
RANDOM,328003,127.55355037606644,2.3077258409719414,56.57326992259268,36,0,0,0,38,28,12,15,100,100
HIGHEST_SNR,328003,124.26151240380406,1.2080543807596877,56.489860426269566,35,1,0,0,38,28,12,15,100,100
SHORTEST_PULSE,328003,130.32843564980456,1.0925540845583956,57.118204025280264,34,2,0,0,38,28,12,15,100,100
METROLOGY_CONDITIONED_EIG,328003,126.47615278552276,2.2362024579676434,56.53966871973818,36,0,0,0,38,28,12,15,100,100
NO_PASSIVE,328004,334.4972404204865,0.09405903842035414,445.27907653515393,0,0,0,0,30,28,12,15,100,100
RANDOM,328004,155.86767634458985,0.06978166856666934,263.6982617982847,28,0,0,0,30,28,12,15,100,100
HIGHEST_SNR,328004,155.86767634458985,0.06978166856666934,263.6982617982847,28,0,0,0,30,28,12,15,100,100
SHORTEST_PULSE,328004,54.524969347810895,0.10362944694133733,109.42481684903301,28,0,0,0,30,28,12,15,100,100
METROLOGY_CONDITIONED_EIG,328004,54.524969347810895,0.10362944694133733,109.42481684903301,28,0,0,0,30,28,12,15,100,100
NO_PASSIVE,328005,364.09388145741036,0.48891809902149913,445.27907653515393,0,0,0,0,17,28,12,15,100,100
RANDOM,328005,81.46302497098323,1.4148232551808007,76.37867558343343,14,0,0,0,17,28,12,15,100,100
HIGHEST_SNR,328005,54.477899879976064,1.223721056806339,75.78582694853742,14,0,0,0,17,28,12,15,100,100
SHORTEST_PULSE,328005,56.230986488340946,1.1770559990508875,77.708884891104,14,0,0,0,17,28,12,15,100,100
METROLOGY_CONDITIONED_EIG,328005,407.7695934987834,1.0804453316664693,153.5122691243988,13,1,0,0,17,28,12,15,100,100
NO_PASSIVE,328006,694.1092267866273,1.8734420063214492,445.27907653515393,0,0,0,0,49,28,12,15,100,100
RANDOM,328006,16.835390883467557,0.7840724133955002,44.7515284513201,34,0,0,0,49,28,12,15,100,100
HIGHEST_SNR,328006,28.252007829936936,1.7295775052853322,43.84647819037714,32,2,0,0,49,28,12,15,100,100
SHORTEST_PULSE,328006,27.68912375208277,1.775336221125154,43.49544931489128,32,2,0,0,49,28,12,15,100,100
METROLOGY_CONDITIONED_EIG,328006,23.9189713073022,1.5488503228251393,43.283176566002744,34,0,0,0,49,28,12,15,100,100
NO_PASSIVE,328007,348.3273598841343,4.794975884130965,445.27907653515393,0,0,0,0,12,28,12,15,100,100
RANDOM,328007,322.9087477837142,4.630095538229928,109.05182638294056,8,3,0,0,12,28,12,15,100,100
HIGHEST_SNR,328007,68.47919074348421,1.5573066094269004,78.5181983029743,10,1,0,0,12,28,12,15,100,100
SHORTEST_PULSE,328007,322.9087477837142,4.630095538229928,109.05182638294056,8,3,0,0,12,28,12,15,100,100
METROLOGY_CONDITIONED_EIG,328007,322.9087477837142,4.630095538229928,109.05182638294056,8,3,0,0,12,28,12,15,100,100
NO_PASSIVE,328008,262.04295618660126,1.5985682745104546,445.27907653515393,0,0,0,0,67,28,12,15,100,100
RANDOM,328008,73.73893592084667,1.8778635938346178,55.88472530078905,32,0,0,0,67,28,12,15,100,100
HIGHEST_SNR,328008,41.25254465515882,0.9782432440963104,63.75519614009434,32,0,0,0,67,28,12,15,100,100
SHORTEST_PULSE,328008,21.506858584983764,1.311224693001381,58.27384887954446,32,0,0,0,67,28,12,15,100,100
METROLOGY_CONDITIONED_EIG,328008,56.11512921496903,1.4591368634820532,54.258766682304866,32,0,0,0,67,28,12,15,100,100
NO_PASSIVE,328009,605.8508405873748,1.1121541534970378,445.27907653515393,0,0,0,0,21,28,12,15,100,100
RANDOM,328009,38.116317252375296,0.3633278047103523,62.04903502735928,16,0,0,0,21,28,12,15,100,100
HIGHEST_SNR,328009,36.52740750985352,0.3102326071466241,60.428231271108466,16,0,0,0,21,28,12,15,100,100
SHORTEST_PULSE,328009,51.002292061410756,0.021415938403358002,50.988996618254085,16,0,0,0,21,28,12,15,100,100
METROLOGY_CONDITIONED_EIG,328009,39.90051529782219,0.3877757222916893,50.7878209941162,16,0,0,0,21,28,12,15,100,100
NO_PASSIVE,328010,245.52953102261017,1.0719606411536216,445.27907653515393,0,0,0,0,83,28,12,15,100,100
RANDOM,328010,14.931188690237951,1.0983612891536634,34.481948482777845,53,0,0,0,83,28,12,15,100,100
HIGHEST_SNR,328010,13.148009697647106,0.4997078657375979,41.012455367115315,53,0,0,0,83,28,12,15,100,100
SHORTEST_PULSE,328010,12.863010283124087,0.2762895091179186,31.940828856199953,53,0,0,0,83,28,12,15,100,100
METROLOGY_CONDITIONED_EIG,328010,14.938810282087921,0.18250920111031912,31.306019304468773,53,0,0,0,83,28,12,15,100,100
NO_PASSIVE,328011,522.5832756284119,0.9503880833282776,445.27907653515393,0,0,0,0,22,28,12,15,100,100
RANDOM,328011,36.873772764166965,0.2985973969267658,132.24146306538427,22,0,0,0,22,28,12,15,100,100
HIGHEST_SNR,328011,36.873772764166965,0.2985973969267658,132.24146306538427,22,0,0,0,22,28,12,15,100,100
SHORTEST_PULSE,328011,36.873772764166965,0.2985973969267658,132.24146306538427,22,0,0,0,22,28,12,15,100,100
METROLOGY_CONDITIONED_EIG,328011,36.873772764166965,0.2985973969267658,132.24146306538427,22,0,0,0,22,28,12,15,100,100
NO_PASSIVE,328012,442.7756180231303,1.6060617671694934,445.27907653515393,0,0,0,0,73,28,12,15,100,100
RANDOM,328012,17.25497253497442,0.23594706696608056,46.36597342100048,42,0,0,0,73,28,12,15,100,100
HIGHEST_SNR,328012,27.521014262254493,0.1749150157070672,48.93530962457207,42,0,0,0,73,28,12,15,100,100
SHORTEST_PULSE,328012,3.4474366788383994,0.7411049568360208,49.024336379543726,42,0,0,0,73,28,12,15,100,100
METROLOGY_CONDITIONED_EIG,328012,38.08614518328949,0.3564717049107661,46.42490900351165,42,0,0,0,73,28,12,15,100,100
NO_PASSIVE,328013,317.6147140355243,1.682589559531974,445.27907653515393,0,0,0,0,93,28,12,15,100,100
RANDOM,328013,86.37697366144288,1.0473769439374154,49.46540844329502,45,2,0,0,93,28,12,15,100,100
HIGHEST_SNR,328013,161.51961152491077,0.6059793160463203,76.36878427920328,46,1,0,0,93,28,12,15,100,100
SHORTEST_PULSE,328013,49.786024542791544,0.8085273495694882,39.72707957307571,45,2,0,0,93,28,12,15,100,100
METROLOGY_CONDITIONED_EIG,328013,22.566483279616335,0.013790136366090947,36.425711033834055,46,1,0,0,93,28,12,15,100,100
NO_PASSIVE,328014,611.160053105828,3.1498551998303665,445.27907653515393,0,0,0,0,33,28,12,15,100,100
RANDOM,328014,47.82179190546251,0.3488397608870138,74.97351270456858,28,0,0,0,33,28,12,15,100,100
HIGHEST_SNR,328014,10.756902390862702,0.25538703597055934,93.227114719402,28,0,0,0,33,28,12,15,100,100
SHORTEST_PULSE,328014,51.5902635415308,0.15946835272437537,75.66748439641601,28,0,0,0,33,28,12,15,100,100
METROLOGY_CONDITIONED_EIG,328014,44.663767449354694,0.24030917572748278,75.30893488881213,28,0,0,0,33,28,12,15,100,100
NO_PASSIVE,328015,409.5289923217769,1.8236636550368355,445.27907653515393,0,0,0,0,76,28,12,15,100,100
RANDOM,328015,43.263464955163094,0.818381051984541,52.281412382295066,46,0,0,0,76,28,12,15,100,100
HIGHEST_SNR,328015,8.41052259571672,0.5994437163046366,64.97546109794828,46,0,0,0,76,28,12,15,100,100
SHORTEST_PULSE,328015,40.23831087364445,0.4633599138605911,46.43549542582843,46,0,0,0,76,28,12,15,100,100
METROLOGY_CONDITIONED_EIG,328015,35.25175654208855,0.11900397954553761,44.46088745793773,45,1,0,0,76,28,12,15,100,100
NO_PASSIVE,328016,318.5491103963386,2.0793444879757406,445.27907653515393,0,0,0,0,45,28,12,15,100,100
RANDOM,328016,71.05890248937659,1.5323897702472404,45.72024801225511,38,1,0,0,45,28,12,15,100,100
HIGHEST_SNR,328016,52.12196607822125,1.4394969849379173,44.3473581735802,38,1,0,0,45,28,12,15,100,100
SHORTEST_PULSE,328016,34.43158151385496,1.1667963100492813,42.973467577619466,38,1,0,0,45,28,12,15,100,100
METROLOGY_CONDITIONED_EIG,328016,48.95421285816146,1.2277629624558615,43.29229742803351,38,1,0,0,45,28,12,15,100,100
NO_PASSIVE,328017,448.2153898990869,1.086788982671401,445.27907653515393,0,0,0,0,43,28,12,15,100,100
RANDOM,328017,47.63242631523926,1.7181498189790607,43.16713977343197,25,0,0,0,43,28,12,15,100,100
HIGHEST_SNR,328017,47.199995645640236,1.6594248238605784,60.00813539246574,25,0,0,0,43,28,12,15,100,100
SHORTEST_PULSE,328017,30.2802621735425,0.9221927704724442,36.944073133767894,25,0,0,0,43,28,12,15,100,100
METROLOGY_CONDITIONED_EIG,328017,20.523010152176873,0.7751849390028394,36.285180915270686,25,0,0,0,43,28,12,15,100,100
NO_PASSIVE,328018,296.11325573888155,0.5702750018465815,445.27907653515393,0,0,0,0,5,28,12,15,100,100
RANDOM,328018,37.8480933339895,1.0928405903715257,129.5709411856024,5,0,0,0,5,28,12,15,100,100
HIGHEST_SNR,328018,37.8480933339895,1.0928405903715257,129.5709411856024,5,0,0,0,5,28,12,15,100,100
SHORTEST_PULSE,328018,37.8480933339895,1.0928405903715257,129.5709411856024,5,0,0,0,5,28,12,15,100,100
METROLOGY_CONDITIONED_EIG,328018,37.8480933339895,1.0928405903715257,129.5709411856024,5,0,0,0,5,28,12,15,100,100
NO_PASSIVE,328019,325.51608579488226,2.727661045936506,445.27907653515393,0,0,0,0,73,28,12,15,100,100
RANDOM,328019,15.848196350966571,0.8241689214021104,33.24476866762727,46,0,0,0,73,28,12,15,100,100
HIGHEST_SNR,328019,43.47631373813175,1.1824431027937767,41.75888433328804,46,0,0,0,73,28,12,15,100,100
SHORTEST_PULSE,328019,42.74934023800645,1.0671343813210494,30.912799302653156,46,0,0,0,73,28,12,15,100,100
METROLOGY_CONDITIONED_EIG,328019,37.236131797826076,0.8967240708726953,31.83286371699851,46,0,0,0,73,28,12,15,100,100
NO_PASSIVE,328020,404.91366305833816,1.9830634410807333,445.27907653515393,0,0,0,0,100,28,12,15,100,100
RANDOM,328020,36.96460460129863,0.5496225270772621,42.3816382473335,60,0,0,0,100,28,12,15,100,100
HIGHEST_SNR,328020,100.18978178537152,2.014297507556125,82.0032660064072,60,0,0,0,100,28,12,15,100,100
SHORTEST_PULSE,328020,51.355235506067466,1.466560924305736,33.795839004328855,59,1,0,0,100,28,12,15,100,100
METROLOGY_CONDITIONED_EIG,328020,37.39265645576279,0.974237913829964,34.06340016910797,59,1,0,0,100,28,12,15,100,100
NO_PASSIVE,328021,511.5596086537623,3.5134772283656774,445.27907653515393,0,0,0,0,39,28,12,15,100,100
RANDOM,328021,37.15024037538892,0.4830443956995946,64.46697083741219,37,0,0,0,39,28,12,15,100,100
HIGHEST_SNR,328021,16.887512080451092,0.2369298073512061,66.17492540867683,37,0,0,0,39,28,12,15,100,100
SHORTEST_PULSE,328021,37.15024037538892,0.4830443956995946,64.46697083741219,37,0,0,0,39,28,12,15,100,100
METROLOGY_CONDITIONED_EIG,328021,37.15024037538892,0.4830443956995946,64.46697083741219,37,0,0,0,39,28,12,15,100,100
NO_PASSIVE,328022,732.1653343112106,2.1906953883629687,445.27907653515393,0,0,0,0,1,28,12,15,100,100
RANDOM,328022,744.0367542016509,2.2309178767575872,330.0033834766937,1,0,0,0,1,28,12,15,100,100
HIGHEST_SNR,328022,744.0367542016509,2.2309178767575872,330.0033834766937,1,0,0,0,1,28,12,15,100,100
SHORTEST_PULSE,328022,744.0367542016509,2.2309178767575872,330.0033834766937,1,0,0,0,1,28,12,15,100,100
METROLOGY_CONDITIONED_EIG,328022,744.0367542016509,2.2309178767575872,330.0033834766937,1,0,0,0,1,28,12,15,100,100
NO_PASSIVE,328023,481.83448190159385,2.998904721501716,445.27907653515393,0,0,0,0,9,28,12,15,100,100
RANDOM,328023,29.495485575913374,2.6493226796215725,302.05031290375604,9,0,0,0,9,28,12,15,100,100
HIGHEST_SNR,328023,29.495485575913374,2.6493226796215725,302.05031290375604,9,0,0,0,9,28,12,15,100,100
SHORTEST_PULSE,328023,29.495485575913374,2.6493226796215725,302.05031290375604,9,0,0,0,9,28,12,15,100,100
METROLOGY_CONDITIONED_EIG,328023,29.495485575913374,2.6493226796215725,302.05031290375604,9,0,0,0,9,28,12,15,100,100
NO_PASSIVE,328024,79.68259001275857,0.8999527853393513,445.27907653515393,0,0,0,0,7,28,12,15,100,100
RANDOM,328024,150.75162558860498,0.5110391886768082,104.77913253089574,7,0,0,0,7,28,12,15,100,100
HIGHEST_SNR,328024,150.75162558860498,0.5110391886768082,104.77913253089574,7,0,0,0,7,28,12,15,100,100
SHORTEST_PULSE,328024,150.75162558860498,0.5110391886768082,104.77913253089574,7,0,0,0,7,28,12,15,100,100
METROLOGY_CONDITIONED_EIG,328024,150.75162558860498,0.5110391886768082,104.77913253089574,7,0,0,0,7,28,12,15,100,100
NO_PASSIVE,328025,426.220902068024,2.5086804592197676,445.27907653515393,0,0,0,0,97,28,12,15,100,100
RANDOM,328025,41.333164973906996,1.0095315053907183,45.665170547074936,49,2,0,0,97,28,12,15,100,100
HIGHEST_SNR,328025,68.7353031904576,1.7799439112861806,43.63181773606043,45,6,0,0,97,28,12,15,100,100
SHORTEST_PULSE,328025,59.8812699308284,1.174555560890392,38.07753889761461,45,6,0,0,97,28,12,15,100,100
METROLOGY_CONDITIONED_EIG,328025,37.73291157595213,1.2575143400875763,31.558971163005154,51,0,0,0,97,28,12,15,100,100
NO_PASSIVE,328026,175.32748236481015,2.3120861452565933,445.27907653515393,0,0,0,0,53,28,12,15,100,100
RANDOM,328026,18.12689094886901,0.1654830734489057,54.084816221939576,32,0,0,0,53,28,12,15,100,100
HIGHEST_SNR,328026,65.43024086815414,1.8688147164391207,61.27448844183656,32,0,0,0,53,28,12,15,100,100
SHORTEST_PULSE,328026,67.3818413030895,2.0142400590113207,64.02402123989394,32,0,0,0,53,28,12,15,100,100
METROLOGY_CONDITIONED_EIG,328026,33.562403766982314,0.5577025180340752,41.48242351358663,31,1,0,0,53,28,12,15,100,100
NO_PASSIVE,328027,370.36142557532276,1.41392924775312,445.27907653515393,0,0,0,0,33,28,12,15,100,100
RANDOM,328027,62.954802274741084,1.815615263411628,64.75907671569789,20,0,0,0,33,28,12,15,100,100
HIGHEST_SNR,328027,85.67822480421346,1.3323519619874324,76.7246647912397,20,0,0,0,33,28,12,15,100,100
SHORTEST_PULSE,328027,80.32254411932801,1.32955997802266,76.20305603537528,20,0,0,0,33,28,12,15,100,100
METROLOGY_CONDITIONED_EIG,328027,42.8510829071664,1.7178192394998788,64.14652449382294,20,0,0,0,33,28,12,15,100,100
NO_PASSIVE,328028,275.0212431968284,3.24940591109147,445.27907653515393,0,0,0,0,44,28,12,15,100,100
RANDOM,328028,32.67966930678541,1.652900536174053,65.18482710682916,38,0,0,0,44,28,12,15,100,100
HIGHEST_SNR,328028,52.36765592028748,1.8959534675953464,72.23144171121577,38,0,0,0,44,28,12,15,100,100
SHORTEST_PULSE,328028,37.80399676269053,1.6444204443352535,64.12597630756927,38,0,0,0,44,28,12,15,100,100
METROLOGY_CONDITIONED_EIG,328028,31.991810632274447,1.6894001282033309,64.88226225718275,38,0,0,0,44,28,12,15,100,100
NO_PASSIVE,328029,650.0830669587234,1.1197931158770746,445.27907653515393,0,0,0,0,33,28,12,15,100,100
RANDOM,328029,141.27191190459433,0.7719145617417933,76.5675911019648,27,0,0,0,33,28,12,15,100,100
HIGHEST_SNR,328029,53.84162300379667,0.142284525449167,107.16234423695897,27,0,0,0,33,28,12,15,100,100
SHORTEST_PULSE,328029,27.60959239432149,0.7139293478559824,84.44955580730941,27,0,0,0,33,28,12,15,100,100
METROLOGY_CONDITIONED_EIG,328029,130.8098203320035,0.7955067482206141,75.13230877961479,27,0,0,0,33,28,12,15,100,100
NO_PASSIVE,329000,306.13931571367493,0.7764902579119671,445.27907653515393,0,0,0,0,83,29,12,15,1000,30
RANDOM,329000,29.974603364786226,0.3361129164559084,22.652207598332176,48,0,0,0,83,29,12,15,1000,30
HIGHEST_SNR,329000,11.200586633992927,0.1065886517762178,25.859205116162034,48,0,0,0,83,29,12,15,1000,30
SHORTEST_PULSE,329000,7.799136508440467,0.40963842896574837,19.10460234829139,47,1,0,0,83,29,12,15,1000,30
METROLOGY_CONDITIONED_EIG,329000,19.679771737375358,0.7546640424487371,19.164651923071634,47,1,0,0,83,29,12,15,1000,30
NO_PASSIVE,329001,261.90130005716634,0.8560690370589186,445.27907653515393,0,0,0,0,146,29,12,15,1000,30
RANDOM,329001,19.74102636251955,0.372241290192992,17.33727666196777,55,4,0,0,146,29,12,15,1000,30
HIGHEST_SNR,329001,7.838519205352355,0.18552920777816906,16.995379122712365,58,1,0,0,146,29,12,15,1000,30
SHORTEST_PULSE,329001,66.58660073456663,0.8542048265149815,26.097260250740877,59,0,0,0,146,29,12,15,1000,30
METROLOGY_CONDITIONED_EIG,329001,14.134481096186366,0.2628702929402622,14.096093884836671,59,0,0,0,146,29,12,15,1000,30
NO_PASSIVE,329002,74.38976951462499,1.3499700944483992,445.27907653515393,0,0,0,0,133,29,12,15,1000,30
RANDOM,329002,37.20848936390111,0.7234340416057021,29.166494323034584,48,0,0,0,133,29,12,15,1000,30
HIGHEST_SNR,329002,23.948093708576053,0.36221890506648263,31.92674560386447,48,0,0,0,133,29,12,15,1000,30
SHORTEST_PULSE,329002,15.993770884300893,0.31581003990646467,45.35992462804877,48,0,0,0,133,29,12,15,1000,30
METROLOGY_CONDITIONED_EIG,329002,12.678235628641968,0.36948278250403893,19.40094071919539,48,0,0,0,133,29,12,15,1000,30
NO_PASSIVE,329003,589.716164056398,0.4111458885986395,445.27907653515393,0,0,0,0,152,29,12,15,1000,30
RANDOM,329003,15.664786915321962,0.6426113877843985,15.356203492787193,59,1,0,0,152,29,12,15,1000,30
HIGHEST_SNR,329003,32.89433406977515,0.5029153487674196,23.899958318472805,60,0,0,0,152,29,12,15,1000,30
SHORTEST_PULSE,329003,12.033300702739579,0.43433936175343124,13.281435861651618,59,1,0,0,152,29,12,15,1000,30
METROLOGY_CONDITIONED_EIG,329003,10.869885758621011,0.5105186561880619,13.150863796029308,59,1,0,0,152,29,12,15,1000,30
NO_PASSIVE,329004,613.9822419240315,2.3671745478186383,445.27907653515393,0,0,0,0,111,29,12,15,1000,30
RANDOM,329004,4.153951025783495,0.3333101960738699,17.99383074313893,58,0,0,0,111,29,12,15,1000,30
HIGHEST_SNR,329004,6.419911713626595,0.5720399219941772,22.03565377879559,58,0,0,0,111,29,12,15,1000,30
SHORTEST_PULSE,329004,4.275397320587374,0.32219027897806546,15.675921754198116,58,0,0,0,111,29,12,15,1000,30
METROLOGY_CONDITIONED_EIG,329004,6.396606133148413,0.22773244146978436,15.594262568744645,58,0,0,0,111,29,12,15,1000,30
NO_PASSIVE,329005,294.38200846566303,2.0256673302424324,445.27907653515393,0,0,0,0,171,29,12,15,1000,30
RANDOM,329005,34.21880783150481,0.8723788690891779,31.029548293247807,58,2,0,0,171,29,12,15,1000,30
HIGHEST_SNR,329005,12.777378785467885,0.38638643949569923,53.152180551858514,57,3,0,0,171,29,12,15,1000,30
SHORTEST_PULSE,329005,7.953229299713191,0.29110075959747456,15.854151771186704,59,1,0,0,171,29,12,15,1000,30
METROLOGY_CONDITIONED_EIG,329005,19.23398693677903,0.5049158637337688,16.514161303698167,59,1,0,0,171,29,12,15,1000,30
NO_PASSIVE,329006,450.78393444218267,0.7545990162802982,445.27907653515393,0,0,0,0,148,29,12,15,1000,30
RANDOM,329006,6.094995057235275,0.21470945552263054,21.52273239902203,59,1,0,0,148,29,12,15,1000,30
HIGHEST_SNR,329006,6.403312939866009,0.3220401489656223,24.10955906563391,60,0,0,0,148,29,12,15,1000,30
SHORTEST_PULSE,329006,6.482987438214836,0.1510432290513541,14.80723326527815,60,0,0,0,148,29,12,15,1000,30
METROLOGY_CONDITIONED_EIG,329006,5.1740562783481865,0.2783612513025115,13.341602858290633,60,0,0,0,148,29,12,15,1000,30
NO_PASSIVE,329007,431.49698368657886,0.8954106161327143,445.27907653515393,0,0,0,0,93,29,12,15,1000,30
RANDOM,329007,24.25940704839525,0.4888998760384767,19.2762399939884,47,0,0,0,93,29,12,15,1000,30
HIGHEST_SNR,329007,28.155094282852552,0.5988676085149832,27.017231858442763,47,0,0,0,93,29,12,15,1000,30
SHORTEST_PULSE,329007,21.875720938163386,0.46555499818440876,23.32354977657477,47,0,0,0,93,29,12,15,1000,30
METROLOGY_CONDITIONED_EIG,329007,30.790307151694524,0.8130458252851154,17.225599446758252,47,0,0,0,93,29,12,15,1000,30
NO_PASSIVE,329008,1078.9777227570835,1.9975392836660175,445.27907653515393,0,0,0,0,71,29,12,15,1000,30
RANDOM,329008,29.72030886181105,0.8740875784008594,29.180391737822656,60,0,0,0,71,29,12,15,1000,30
HIGHEST_SNR,329008,32.883024916424695,1.4481046427148714,30.258091835103723,60,0,0,0,71,29,12,15,1000,30
SHORTEST_PULSE,329008,32.883024916424695,1.4481046427148714,30.258091835103723,60,0,0,0,71,29,12,15,1000,30
METROLOGY_CONDITIONED_EIG,329008,19.284544919477277,0.4564885884677562,26.407745877353335,59,1,0,0,71,29,12,15,1000,30
NO_PASSIVE,329009,386.43654324202413,1.7133786965950335,445.27907653515393,0,0,0,0,248,29,12,15,1000,30
RANDOM,329009,18.16082875525247,0.48720242584409607,29.37548121367957,55,1,0,0,248,29,12,15,1000,30
HIGHEST_SNR,329009,17.21355746394907,0.19370242114200922,28.03122100508301,55,1,0,0,248,29,12,15,1000,30
SHORTEST_PULSE,329009,11.544002199066783,0.5200586208349486,13.93818374817697,56,0,0,0,248,29,12,15,1000,30
METROLOGY_CONDITIONED_EIG,329009,29.32496187496141,0.7763486260617694,14.816104499708736,54,2,0,0,248,29,12,15,1000,30
NO_PASSIVE,329010,428.9418011743009,0.8863125333576248,445.27907653515393,0,0,0,0,161,29,12,15,1000,30
RANDOM,329010,8.60454386926964,0.13019190123601262,18.48373961730887,60,0,0,0,161,29,12,15,1000,30
HIGHEST_SNR,329010,53.85324432366783,1.524722643856683,32.548306171049454,59,1,0,0,161,29,12,15,1000,30
SHORTEST_PULSE,329010,10.189601786230893,0.13824929143938255,15.059576631913401,60,0,0,0,161,29,12,15,1000,30
METROLOGY_CONDITIONED_EIG,329010,7.507220331222743,0.2907266367891398,16.19367727515279,60,0,0,0,161,29,12,15,1000,30
NO_PASSIVE,329011,316.9162216564556,2.6659965890814106,445.27907653515393,0,0,0,0,71,29,12,15,1000,30
RANDOM,329011,11.649695034188086,0.714445797663511,33.09672120886324,49,0,0,0,71,29,12,15,1000,30
HIGHEST_SNR,329011,7.752242455993848,0.3505096549662052,35.20774481935185,49,0,0,0,71,29,12,15,1000,30
SHORTEST_PULSE,329011,5.699490933868474,0.6369741923173083,37.50397208180607,49,0,0,0,71,29,12,15,1000,30
METROLOGY_CONDITIONED_EIG,329011,16.165602058925447,0.014262061624350062,29.214395810629433,49,0,0,0,71,29,12,15,1000,30
NO_PASSIVE,329012,427.4029298773489,1.3383564452796208,445.27907653515393,0,0,0,0,59,29,12,15,1000,30
RANDOM,329012,23.565667952660434,0.9897019518617115,19.529381490319977,40,0,0,0,59,29,12,15,1000,30
HIGHEST_SNR,329012,24.872551112051244,1.0321295470745744,19.28542539409503,40,0,0,0,59,29,12,15,1000,30
SHORTEST_PULSE,329012,25.311283609772122,1.025082732927049,19.13654293849709,40,0,0,0,59,29,12,15,1000,30
METROLOGY_CONDITIONED_EIG,329012,23.57184825738977,0.9527031729324383,19.11653250689855,40,0,0,0,59,29,12,15,1000,30
NO_PASSIVE,329013,237.84010452845965,0.8872057183259852,445.27907653515393,0,0,0,0,188,29,12,15,1000,30
RANDOM,329013,12.450016691439407,0.2592326056884347,14.95446340424811,59,1,0,0,188,29,12,15,1000,30
HIGHEST_SNR,329013,4.018476814771466,0.5565438583920466,26.50734880067697,58,2,0,0,188,29,12,15,1000,30
SHORTEST_PULSE,329013,17.32897199089709,0.31097932909078313,14.916612508619913,59,1,0,0,188,29,12,15,1000,30
METROLOGY_CONDITIONED_EIG,329013,10.767031630913964,0.31841228248730397,13.155196903704937,58,2,0,0,188,29,12,15,1000,30
NO_PASSIVE,329014,393.149105694304,0.9620530528178023,445.27907653515393,0,0,0,0,142,29,12,15,1000,30
RANDOM,329014,8.640904366532192,0.10902975093886537,19.572308303667285,58,1,0,0,142,29,12,15,1000,30
HIGHEST_SNR,329014,16.92614909421874,0.3458478359572675,24.760660523921878,58,1,0,0,142,29,12,15,1000,30
SHORTEST_PULSE,329014,17.006731002525434,0.3677363138390168,21.458236392258684,59,0,0,0,142,29,12,15,1000,30
METROLOGY_CONDITIONED_EIG,329014,20.26031754873755,0.4626713028948628,17.139240043331995,58,1,0,0,142,29,12,15,1000,30
NO_PASSIVE,329015,749.0076771068733,1.8948824054339541,445.27907653515393,0,0,0,0,68,29,12,15,1000,30
RANDOM,329015,7.130708221193024,0.2372179329804598,29.390865742275196,57,0,0,0,68,29,12,15,1000,30
HIGHEST_SNR,329015,18.406259786241574,0.2794468042579917,33.07496485228688,56,1,0,0,68,29,12,15,1000,30
SHORTEST_PULSE,329015,17.593956401275367,0.5951634596198351,25.419156118718433,57,0,0,0,68,29,12,15,1000,30
METROLOGY_CONDITIONED_EIG,329015,17.593956401275367,0.5951634596198351,25.419156118718433,57,0,0,0,68,29,12,15,1000,30
NO_PASSIVE,329016,214.82690871718208,1.509529425872098,445.27907653515393,0,0,0,0,74,29,12,15,1000,30
RANDOM,329016,54.31749911887712,1.313044736342139,48.31450102360793,46,0,0,0,74,29,12,15,1000,30
HIGHEST_SNR,329016,45.7816778401919,1.1955104352830386,52.66991776914754,46,0,0,0,74,29,12,15,1000,30
SHORTEST_PULSE,329016,42.553743787867994,0.9079321593187637,34.89893774817803,46,0,0,0,74,29,12,15,1000,30
METROLOGY_CONDITIONED_EIG,329016,42.460029104202405,0.9305228268125477,34.477691258419675,46,0,0,0,74,29,12,15,1000,30
NO_PASSIVE,329017,208.31016671493072,2.7467520253868347,445.27907653515393,0,0,0,0,158,29,12,15,1000,30
RANDOM,329017,58.72930678941507,1.6590388490641934,29.948646442134336,46,2,0,0,158,29,12,15,1000,30
HIGHEST_SNR,329017,14.685707665591721,0.24836833414329595,25.590962905655825,48,0,0,0,158,29,12,15,1000,30
SHORTEST_PULSE,329017,25.975128984620287,1.2736961806186093,16.823688590066798,48,0,0,0,158,29,12,15,1000,30
METROLOGY_CONDITIONED_EIG,329017,25.87784431281075,1.283155651011757,16.643323761674676,48,0,0,0,158,29,12,15,1000,30
NO_PASSIVE,329018,170.75819283650955,1.3062249744614647,445.27907653515393,0,0,0,0,107,29,12,15,1000,30
RANDOM,329018,60.52852932521421,2.5738830110629616,45.33987744729341,58,0,0,0,107,29,12,15,1000,30
HIGHEST_SNR,329018,26.016265143218767,1.6807343059707864,45.692802000285816,58,0,0,0,107,29,12,15,1000,30
SHORTEST_PULSE,329018,47.569540590477956,1.5711362716016848,48.82203467337733,58,0,0,0,107,29,12,15,1000,30
METROLOGY_CONDITIONED_EIG,329018,74.80537811360128,2.528606539779585,39.25826062583711,57,1,0,0,107,29,12,15,1000,30
NO_PASSIVE,329019,314.18352062891125,0.3292405416203655,445.27907653515393,0,0,0,0,167,29,12,15,1000,30
RANDOM,329019,4.936176780381341,0.34744650550253253,20.682412487971295,60,0,0,0,167,29,12,15,1000,30
HIGHEST_SNR,329019,71.82764348647623,0.41725640945397374,81.67530034143168,60,0,0,0,167,29,12,15,1000,30
SHORTEST_PULSE,329019,10.112761626364971,0.08114629516502805,15.458758412931815,60,0,0,0,167,29,12,15,1000,30
METROLOGY_CONDITIONED_EIG,329019,11.901215910165368,0.20460648395030662,13.60113666610788,60,0,0,0,167,29,12,15,1000,30
NO_PASSIVE,329020,218.31314473466358,1.2748282849450001,445.27907653515393,0,0,0,0,211,29,12,15,1000,30
RANDOM,329020,4.990318703637644,0.4108580314092992,24.886675742435376,60,0,0,0,211,29,12,15,1000,30
HIGHEST_SNR,329020,36.99140391044248,0.27487542526865416,23.508116846646107,60,0,0,0,211,29,12,15,1000,30
SHORTEST_PULSE,329020,39.26500299207964,0.8375800717200372,44.43669452980818,59,1,0,0,211,29,12,15,1000,30
METROLOGY_CONDITIONED_EIG,329020,12.18591767135147,0.10828134904167225,16.226319512697962,59,1,0,0,211,29,12,15,1000,30
NO_PASSIVE,329021,138.3349963806973,3.3391820670585957,445.27907653515393,0,0,0,0,182,29,12,15,1000,30
RANDOM,329021,8.92861877589215,0.6869960709432339,24.107355436222154,58,0,0,0,182,29,12,15,1000,30
HIGHEST_SNR,329021,10.92455776984802,0.5467343460766306,20.566102299552725,58,0,0,0,182,29,12,15,1000,30
SHORTEST_PULSE,329021,2.798889703159923,0.4597722547571404,23.74276054280549,58,0,0,0,182,29,12,15,1000,30
METROLOGY_CONDITIONED_EIG,329021,5.771114689117442,0.2501251792342726,20.28509913562373,58,0,0,0,182,29,12,15,1000,30
NO_PASSIVE,329022,303.31314479147767,0.8789454885659809,445.27907653515393,0,0,0,0,213,29,12,15,1000,30
RANDOM,329022,11.033559136087442,0.28416756752817585,19.31655189078421,59,1,0,0,213,29,12,15,1000,30
HIGHEST_SNR,329022,31.98087195139228,0.3859095313928718,36.85646055997051,59,1,0,0,213,29,12,15,1000,30
SHORTEST_PULSE,329022,9.641286682105745,0.3465075822248799,18.5779545781108,58,2,0,0,213,29,12,15,1000,30
METROLOGY_CONDITIONED_EIG,329022,8.724165313597197,0.30670351666742324,15.02667801256353,59,1,0,0,213,29,12,15,1000,30
NO_PASSIVE,329023,175.68976365105607,1.0538816636473325,445.27907653515393,0,0,0,0,129,29,12,15,1000,30
RANDOM,329023,11.072808048716503,0.45065459691371373,31.085181078249423,48,2,0,0,129,29,12,15,1000,30
HIGHEST_SNR,329023,39.5444533888178,0.6710259650532803,52.22199923037632,48,2,0,0,129,29,12,15,1000,30
SHORTEST_PULSE,329023,17.790366042289886,0.36374572341766426,18.76125830533712,49,1,0,0,129,29,12,15,1000,30
METROLOGY_CONDITIONED_EIG,329023,19.486875044090173,0.41680560819060886,19.22860625771044,49,1,0,0,129,29,12,15,1000,30
NO_PASSIVE,329024,408.19591740626555,1.6084654387128405,445.27907653515393,0,0,0,0,201,29,12,15,1000,30
RANDOM,329024,0.5567033451554828,0.11786409679653118,20.604819300134032,59,1,0,0,201,29,12,15,1000,30
HIGHEST_SNR,329024,38.56064959405511,0.4803843100219697,22.016247425281414,58,2,0,0,201,29,12,15,1000,30
SHORTEST_PULSE,329024,21.05480933632849,0.405585365146554,18.204149306340078,57,3,0,0,201,29,12,15,1000,30
METROLOGY_CONDITIONED_EIG,329024,10.666943062646082,0.32780144194541233,15.312844039061863,60,0,0,0,201,29,12,15,1000,30
NO_PASSIVE,329025,666.7546679408769,2.153932308491947,445.27907653515393,0,0,0,0,112,29,12,15,1000,30
RANDOM,329025,11.91569525396858,0.5016825957994504,24.236386657317166,58,0,0,0,112,29,12,15,1000,30
HIGHEST_SNR,329025,12.106704358118646,0.5594678570620449,21.046201252221728,57,1,0,0,112,29,12,15,1000,30
SHORTEST_PULSE,329025,3.9085076048146714,0.7521583585447846,19.997104940442465,57,1,0,0,112,29,12,15,1000,30
METROLOGY_CONDITIONED_EIG,329025,10.159494611833312,0.9775324091817007,21.17516365760832,57,1,0,0,112,29,12,15,1000,30
NO_PASSIVE,329026,355.75763910310104,1.9384307863832524,445.27907653515393,0,0,0,0,174,29,12,15,1000,30
RANDOM,329026,19.39332090707001,0.6097036381758407,16.82329845056438,59,1,0,0,174,29,12,15,1000,30
HIGHEST_SNR,329026,13.248678363775433,0.541674687512594,20.618555807990905,60,0,0,0,174,29,12,15,1000,30
SHORTEST_PULSE,329026,4.757504386215181,0.06689966857489589,14.006631341608694,59,1,0,0,174,29,12,15,1000,30
METROLOGY_CONDITIONED_EIG,329026,12.329709753646835,0.32374598624387907,13.526499407442456,60,0,0,0,174,29,12,15,1000,30
NO_PASSIVE,329027,481.95725925612777,2.4686627382167865,445.27907653515393,0,0,0,0,130,29,12,15,1000,30
RANDOM,329027,4.618756457560629,0.4355847564044577,27.988081542953147,60,0,0,0,130,29,12,15,1000,30
HIGHEST_SNR,329027,15.80446997824023,0.8121735903691005,39.230657189041835,59,1,0,0,130,29,12,15,1000,30
SHORTEST_PULSE,329027,6.7438636429168985,0.28107339386693186,29.610184518161443,60,0,0,0,130,29,12,15,1000,30
METROLOGY_CONDITIONED_EIG,329027,0.6849370296304009,0.1810929295297361,25.199654376110615,60,0,0,0,130,29,12,15,1000,30
NO_PASSIVE,329028,244.00088233582224,0.7433908874039024,445.27907653515393,0,0,0,0,158,29,12,15,1000,30
RANDOM,329028,15.971939967550357,0.34239638628629016,19.955386242561577,59,0,0,0,158,29,12,15,1000,30
HIGHEST_SNR,329028,22.89352756795096,0.14486021171496738,66.07993892463544,59,0,0,0,158,29,12,15,1000,30
SHORTEST_PULSE,329028,5.451200799617411,0.151729138705813,14.243244628585655,59,0,0,0,158,29,12,15,1000,30
METROLOGY_CONDITIONED_EIG,329028,6.117488090604644,0.3633838052955759,14.292174430058068,59,0,0,0,158,29,12,15,1000,30
NO_PASSIVE,329029,575.1902948517053,0.587882567749598,445.27907653515393,0,0,0,0,167,29,12,15,1000,30
RANDOM,329029,13.532991248000139,0.6177071919367305,18.304347509222296,60,0,0,0,167,29,12,15,1000,30
HIGHEST_SNR,329029,18.488040151221956,0.3514430804150713,21.999644545518606,60,0,0,0,167,29,12,15,1000,30
SHORTEST_PULSE,329029,36.79423782154138,0.9507483049407673,33.56439921596545,60,0,0,0,167,29,12,15,1000,30
METROLOGY_CONDITIONED_EIG,329029,16.92555608949606,0.64690351581006,15.62156389886114,60,0,0,0,167,29,12,15,1000,30
NO_PASSIVE,330000,356.409023121638,2.327297774836042,445.27907653515393,0,0,0,0,173,30,12,15,1000,100
RANDOM,330000,4.174533508066052,0.6095271870330062,36.44118946290511,60,0,0,0,173,30,12,15,1000,100
HIGHEST_SNR,330000,46.48524414410358,0.7599237222123613,47.26799950245787,58,2,0,0,173,30,12,15,1000,100
SHORTEST_PULSE,330000,74.117477962257,1.4577078071145193,37.69306841445749,59,1,0,0,173,30,12,15,1000,100
METROLOGY_CONDITIONED_EIG,330000,56.24104775360066,0.7493569708762872,29.68466283444821,60,0,0,0,173,30,12,15,1000,100
NO_PASSIVE,330001,273.1759804510731,2.03352731112794,445.27907653515393,0,0,0,0,114,30,12,15,1000,100
RANDOM,330001,24.24683654332281,1.4121899986782978,29.3113735390964,59,0,0,0,114,30,12,15,1000,100
HIGHEST_SNR,330001,40.533533733407936,1.3467691869064464,40.9567132770278,59,0,0,0,114,30,12,15,1000,100
SHORTEST_PULSE,330001,7.716913613244848,0.4746006559448591,26.47405844041652,57,2,0,0,114,30,12,15,1000,100
METROLOGY_CONDITIONED_EIG,330001,13.492390307691139,0.36538561467383207,26.250766084240155,57,2,0,0,114,30,12,15,1000,100
NO_PASSIVE,330002,439.3469306141953,2.5887835450182464,445.27907653515393,0,0,0,0,91,30,12,15,1000,100
RANDOM,330002,36.20050366276579,0.8444520342784358,32.565521544875146,48,0,0,0,91,30,12,15,1000,100
HIGHEST_SNR,330002,65.6458733714299,1.6004884717804726,34.188205656149265,48,0,0,0,91,30,12,15,1000,100
SHORTEST_PULSE,330002,63.36532176413214,1.5251418873555644,48.644243204237966,48,0,0,0,91,30,12,15,1000,100
METROLOGY_CONDITIONED_EIG,330002,54.05380209397284,1.3784781043685377,31.470789668907088,48,0,0,0,91,30,12,15,1000,100
NO_PASSIVE,330003,57.41637312939472,3.3314643135044264,445.27907653515393,0,0,0,0,147,30,12,15,1000,100
RANDOM,330003,81.25737205167404,2.6184804561374695,41.89006863394113,60,0,0,0,147,30,12,15,1000,100
HIGHEST_SNR,330003,72.91763805658366,1.4912198734110418,52.474566861936765,59,1,0,0,147,30,12,15,1000,100
SHORTEST_PULSE,330003,37.22267141652063,1.5524038980565582,34.17705213953161,60,0,0,0,147,30,12,15,1000,100
METROLOGY_CONDITIONED_EIG,330003,18.9143266404266,0.9855520562255178,34.15285602649908,60,0,0,0,147,30,12,15,1000,100
NO_PASSIVE,330004,979.8720521763275,4.381908265918612,445.27907653515393,0,0,0,0,143,30,12,15,1000,100
RANDOM,330004,28.476348495348805,1.0172427121718428,21.735745812833603,60,0,0,0,143,30,12,15,1000,100
HIGHEST_SNR,330004,16.696286449496277,0.6537866290722074,30.04234504642679,60,0,0,0,143,30,12,15,1000,100
SHORTEST_PULSE,330004,24.652779817741603,0.7609033557901925,21.814816521088243,60,0,0,0,143,30,12,15,1000,100
METROLOGY_CONDITIONED_EIG,330004,19.979107597683864,0.7230679609606867,19.968054354753534,60,0,0,0,143,30,12,15,1000,100
NO_PASSIVE,330005,662.0290320115339,3.509359617685673,445.27907653515393,0,0,0,0,159,30,12,15,1000,100
RANDOM,330005,4.491996629446301,0.10314050805750276,38.09708118038026,59,0,0,0,159,30,12,15,1000,100
HIGHEST_SNR,330005,28.58829511312306,1.3092169340161226,36.37303731789073,59,0,0,0,159,30,12,15,1000,100
SHORTEST_PULSE,330005,3.1351678229858777,0.1668839187448752,34.89564462039724,59,0,0,0,159,30,12,15,1000,100
METROLOGY_CONDITIONED_EIG,330005,5.079382874571691,0.4312003867693001,34.571489033907774,59,0,0,0,159,30,12,15,1000,100
NO_PASSIVE,330006,459.00898008137534,4.199890892878228,445.27907653515393,0,0,0,0,75,30,12,15,1000,100
RANDOM,330006,41.65803074246412,0.38222907166418524,36.75748471708641,46,1,0,0,75,30,12,15,1000,100
HIGHEST_SNR,330006,19.628004241175557,1.4871234348020084,42.43592997430188,47,0,0,0,75,30,12,15,1000,100
SHORTEST_PULSE,330006,58.85348689552833,1.7107892870318233,33.455069960141174,46,1,0,0,75,30,12,15,1000,100
METROLOGY_CONDITIONED_EIG,330006,41.63216405787919,1.4293082956328484,30.937057221854865,46,1,0,0,75,30,12,15,1000,100
NO_PASSIVE,330007,114.02379566164345,1.08131776947073,445.27907653515393,0,0,0,0,159,30,12,15,1000,100
RANDOM,330007,71.13222424450868,2.1043606673871498,49.21443116188046,58,1,0,0,159,30,12,15,1000,100
HIGHEST_SNR,330007,25.529623867396978,1.2395236016572626,45.49510690999162,59,0,0,0,159,30,12,15,1000,100
SHORTEST_PULSE,330007,11.36259203355777,1.0041177488073196,39.594829216669076,59,0,0,0,159,30,12,15,1000,100
METROLOGY_CONDITIONED_EIG,330007,5.333021828769016,0.5681797668628982,38.251801971701916,59,0,0,0,159,30,12,15,1000,100
NO_PASSIVE,330008,141.46835788556297,2.2918877678266485,445.27907653515393,0,0,0,0,100,30,12,15,1000,100
RANDOM,330008,31.607985422214668,0.31296860319895936,28.65830663525767,56,0,0,0,100,30,12,15,1000,100
HIGHEST_SNR,330008,56.058064911676574,1.6556129209102761,42.70233123061494,55,1,0,0,100,30,12,15,1000,100
SHORTEST_PULSE,330008,10.80020773247982,0.4357592144116297,27.042645346962907,56,0,0,0,100,30,12,15,1000,100
METROLOGY_CONDITIONED_EIG,330008,9.130284393947152,0.20999766547360277,27.39949798245551,56,0,0,0,100,30,12,15,1000,100
NO_PASSIVE,330009,1050.528786427243,1.2316083482655735,445.27907653515393,0,0,0,0,97,30,12,15,1000,100
RANDOM,330009,19.65043439250736,1.1098582302737732,38.790235980199846,33,11,0,0,97,30,12,15,1000,100
HIGHEST_SNR,330009,102.17312655014877,1.3747664017966243,63.24846942518598,21,23,0,0,97,30,12,15,1000,100
SHORTEST_PULSE,330009,22.29555250509295,0.8877107798549277,43.13020935429865,30,14,0,0,97,30,12,15,1000,100
METROLOGY_CONDITIONED_EIG,330009,33.12737663854793,1.0811690100518832,37.894908993975186,32,12,0,0,97,30,12,15,1000,100
NO_PASSIVE,330010,692.9369573864914,1.8176435098163068,445.27907653515393,0,0,0,0,169,30,12,15,1000,100
RANDOM,330010,15.981162677128982,0.7898200673252862,29.501059630689678,56,3,0,0,169,30,12,15,1000,100
HIGHEST_SNR,330010,38.30739336879279,1.5007887632150358,33.34636246121032,57,2,0,0,169,30,12,15,1000,100
SHORTEST_PULSE,330010,22.31134542830795,0.9307019718850438,26.384163130616425,59,0,0,0,169,30,12,15,1000,100
METROLOGY_CONDITIONED_EIG,330010,41.370952774507884,1.5606093749817609,21.179787628956326,57,2,0,0,169,30,12,15,1000,100
NO_PASSIVE,330011,474.59979584875776,2.2495339714322613,445.27907653515393,0,0,0,0,85,30,12,15,1000,100
RANDOM,330011,40.80748252373059,1.1929863820467006,36.05545591370732,57,1,0,0,85,30,12,15,1000,100
HIGHEST_SNR,330011,36.75936286411575,0.8997099866453341,39.72292904713744,57,1,0,0,85,30,12,15,1000,100
SHORTEST_PULSE,330011,17.063694233473456,0.5986449098886147,32.86462487421103,57,1,0,0,85,30,12,15,1000,100
METROLOGY_CONDITIONED_EIG,330011,30.212932918465352,0.6293662973181524,34.321189135192704,57,1,0,0,85,30,12,15,1000,100
NO_PASSIVE,330012,411.5982675063295,1.5841663303520455,445.27907653515393,0,0,0,0,163,30,12,15,1000,100
RANDOM,330012,24.450764799689054,1.671267342779656,48.14772234377887,58,2,0,0,163,30,12,15,1000,100
HIGHEST_SNR,330012,50.09831299399998,1.7259745931905202,70.20512071888322,59,1,0,0,163,30,12,15,1000,100
SHORTEST_PULSE,330012,21.289892252649896,1.05347121203549,49.033255587773546,59,1,0,0,163,30,12,15,1000,100
METROLOGY_CONDITIONED_EIG,330012,23.10886830418536,0.41912078974528877,44.114372658583974,60,0,0,0,163,30,12,15,1000,100
NO_PASSIVE,330013,419.4495835764389,0.6876647288750188,445.27907653515393,0,0,0,0,101,30,12,15,1000,100
RANDOM,330013,44.586109809251795,0.7716288688732263,29.02381605147119,58,1,0,0,101,30,12,15,1000,100
HIGHEST_SNR,330013,4.2576032119597995,0.9430270455177262,31.054471472105465,59,0,0,0,101,30,12,15,1000,100
SHORTEST_PULSE,330013,4.2576032119597995,0.9430270455177262,31.054471472105465,59,0,0,0,101,30,12,15,1000,100
METROLOGY_CONDITIONED_EIG,330013,38.61967077633129,0.7810478473118402,24.978625569511724,59,0,0,0,101,30,12,15,1000,100
NO_PASSIVE,330014,277.77376773063173,3.5222897453699296,445.27907653515393,0,0,0,0,217,30,12,15,1000,100
RANDOM,330014,16.082723436584182,0.09229232232594453,21.93225711598973,59,1,0,0,217,30,12,15,1000,100
HIGHEST_SNR,330014,29.03939477824386,0.6768110829554527,39.1154075441835,59,1,0,0,217,30,12,15,1000,100
SHORTEST_PULSE,330014,15.728323239062462,0.5495462196310761,20.527928288544988,60,0,0,0,217,30,12,15,1000,100
METROLOGY_CONDITIONED_EIG,330014,15.436487944932445,0.5699969101376827,18.96638930097875,58,2,0,0,217,30,12,15,1000,100
NO_PASSIVE,330015,428.24934454474516,2.675694023979675,445.27907653515393,0,0,0,0,185,30,12,15,1000,100
RANDOM,330015,19.968615331395515,0.5489725192736675,24.519926738933915,59,0,0,0,185,30,12,15,1000,100
HIGHEST_SNR,330015,17.427538524937532,0.3288347287578569,36.23910983779222,59,0,0,0,185,30,12,15,1000,100
SHORTEST_PULSE,330015,22.483808017161135,0.48667635236595186,24.688577677663666,59,0,0,0,185,30,12,15,1000,100
METROLOGY_CONDITIONED_EIG,330015,19.55020361035667,0.8530615694539038,22.041934645843615,59,0,0,0,185,30,12,15,1000,100
NO_PASSIVE,330016,140.39016510362717,0.29075011052880795,445.27907653515393,0,0,0,0,116,30,12,15,1000,100
RANDOM,330016,25.163186131262428,1.502975076722592,37.77697391252639,51,1,0,0,116,30,12,15,1000,100
HIGHEST_SNR,330016,32.458768578008275,0.3576896192609773,42.96346453956011,52,0,0,0,116,30,12,15,1000,100
SHORTEST_PULSE,330016,13.092714862552596,0.42251636365428324,33.036447183460446,52,0,0,0,116,30,12,15,1000,100
METROLOGY_CONDITIONED_EIG,330016,9.769547948955212,0.5681489530120689,32.700995100838085,52,0,0,0,116,30,12,15,1000,100
NO_PASSIVE,330017,544.6117559085898,0.3605858148473142,445.27907653515393,0,0,0,0,74,30,12,15,1000,100
RANDOM,330017,48.22592473710619,0.5660013196157732,49.81020370921576,44,0,0,0,74,30,12,15,1000,100
HIGHEST_SNR,330017,57.47286006097289,1.0663621638998324,47.36721224514703,44,0,0,0,74,30,12,15,1000,100
SHORTEST_PULSE,330017,30.786660699554268,0.39646645429922933,39.81560766559659,44,0,0,0,74,30,12,15,1000,100
METROLOGY_CONDITIONED_EIG,330017,23.136861664065556,0.20753072916831572,37.44309486622751,44,0,0,0,74,30,12,15,1000,100
NO_PASSIVE,330018,312.6463659990513,1.4969755722075953,445.27907653515393,0,0,0,0,114,30,12,15,1000,100
RANDOM,330018,24.212711658401915,0.3071275333889473,22.83158385178216,60,0,0,0,114,30,12,15,1000,100
HIGHEST_SNR,330018,18.230546529089125,0.49124699065442856,26.53797563063688,60,0,0,0,114,30,12,15,1000,100
SHORTEST_PULSE,330018,34.21779217024683,0.8775373157083021,23.42908303125458,60,0,0,0,114,30,12,15,1000,100
METROLOGY_CONDITIONED_EIG,330018,16.017582204342673,0.6016073977656747,20.991767554467607,59,1,0,0,114,30,12,15,1000,100
NO_PASSIVE,330019,501.41066571867435,0.47145398151193235,445.27907653515393,0,0,0,0,167,30,12,15,1000,100
RANDOM,330019,50.5635548325977,1.2646390816828241,26.139641707268417,57,2,0,0,167,30,12,15,1000,100
HIGHEST_SNR,330019,7.923443978898731,0.5124730791139374,34.48703953944038,57,2,0,0,167,30,12,15,1000,100
SHORTEST_PULSE,330019,19.38913187847355,0.3934693555809911,28.254548067356534,58,1,0,0,167,30,12,15,1000,100
METROLOGY_CONDITIONED_EIG,330019,46.66834562977009,1.20354806294695,21.694371781264447,58,1,0,0,167,30,12,15,1000,100
NO_PASSIVE,330020,430.78477192693083,3.3244208214800657,445.27907653515393,0,0,0,0,183,30,12,15,1000,100
RANDOM,330020,34.96903065602972,1.030544965844527,31.285253575892693,48,0,0,0,183,30,12,15,1000,100
HIGHEST_SNR,330020,68.49317041730265,1.2103991436410806,50.47699523270329,47,1,0,0,183,30,12,15,1000,100
SHORTEST_PULSE,330020,66.52071661687897,0.6173731736751297,36.527879044851,46,2,0,0,183,30,12,15,1000,100
METROLOGY_CONDITIONED_EIG,330020,20.15727909522627,0.4327634690814374,27.631086996096872,47,1,0,0,183,30,12,15,1000,100
NO_PASSIVE,330021,492.4389772220098,2.2388793476136617,445.27907653515393,0,0,0,0,150,30,12,15,1000,100
RANDOM,330021,9.108567944873238,0.7982917843579987,26.847759196685026,59,0,0,0,150,30,12,15,1000,100
HIGHEST_SNR,330021,33.29124893719045,0.8085200152932934,27.38400746322725,58,1,0,0,150,30,12,15,1000,100
SHORTEST_PULSE,330021,10.815270504404525,0.3751099391000719,20.124806028009136,59,0,0,0,150,30,12,15,1000,100
METROLOGY_CONDITIONED_EIG,330021,18.067322218147364,0.7306341259339402,20.296583688503762,58,1,0,0,150,30,12,15,1000,100
NO_PASSIVE,330022,708.9028242443121,3.6424622547024095,445.27907653515393,0,0,0,0,212,30,12,15,1000,100
RANDOM,330022,6.108916259589527,0.47029707266170456,26.773365454647397,59,1,0,0,212,30,12,15,1000,100
HIGHEST_SNR,330022,75.52950264327929,2.2782993564062353,45.88360434907096,60,0,0,0,212,30,12,15,1000,100
SHORTEST_PULSE,330022,0.9890783568598401,0.36012904769452114,17.958497402603534,60,0,0,0,212,30,12,15,1000,100
METROLOGY_CONDITIONED_EIG,330022,2.8075069881625256,0.2305530138449748,17.708011429804067,59,1,0,0,212,30,12,15,1000,100
NO_PASSIVE,330023,968.7840969752323,2.7245434702207088,445.27907653515393,0,0,0,0,102,30,12,15,1000,100
RANDOM,330023,71.32383981047866,0.5690255639528541,54.41314501925874,44,4,0,0,102,30,12,15,1000,100
HIGHEST_SNR,330023,177.63627184855804,1.5964873722768267,80.46922590750094,47,1,0,0,102,30,12,15,1000,100
SHORTEST_PULSE,330023,24.092900113966518,0.939565956149005,40.90074823337184,45,3,0,0,102,30,12,15,1000,100
METROLOGY_CONDITIONED_EIG,330023,43.5001990775658,0.6825871699137831,40.118599012773245,47,1,0,0,102,30,12,15,1000,100
NO_PASSIVE,330024,204.8049424607101,1.8182779175038226,445.27907653515393,0,0,0,0,125,30,12,15,1000,100
RANDOM,330024,32.854133646438974,1.037260543588763,37.57339315346531,59,0,0,0,125,30,12,15,1000,100
HIGHEST_SNR,330024,40.36930903803692,0.9960137264854765,43.47872624992717,59,0,0,0,125,30,12,15,1000,100
SHORTEST_PULSE,330024,9.913044584537566,0.8514869693117912,37.65429409952555,59,0,0,0,125,30,12,15,1000,100
METROLOGY_CONDITIONED_EIG,330024,34.42837842805265,0.9573558127603183,34.63773157821101,58,1,0,0,125,30,12,15,1000,100
NO_PASSIVE,330025,350.54692220771614,1.034462341204455,445.27907653515393,0,0,0,0,142,30,12,15,1000,100
RANDOM,330025,21.763990397111613,1.242597360761194,28.127053803484344,58,1,0,0,142,30,12,15,1000,100
HIGHEST_SNR,330025,3.383125196806921,0.43342795799077183,36.07035761969046,58,1,0,0,142,30,12,15,1000,100
SHORTEST_PULSE,330025,24.753271868667426,0.8660038288318896,24.478979828625555,59,0,0,0,142,30,12,15,1000,100
METROLOGY_CONDITIONED_EIG,330025,24.678664594383395,1.2164126738432126,24.54962759969141,59,0,0,0,142,30,12,15,1000,100
NO_PASSIVE,330026,311.77171106258413,1.285260368341329,445.27907653515393,0,0,0,0,93,30,12,15,1000,100
RANDOM,330026,49.339250166117175,0.6723571195399415,44.71431437517854,34,0,0,0,93,30,12,15,1000,100
HIGHEST_SNR,330026,36.149007178217786,0.6728049013713934,53.77376122936963,34,0,0,0,93,30,12,15,1000,100
SHORTEST_PULSE,330026,41.14857597017941,0.9257847520798153,39.208298621046644,34,0,0,0,93,30,12,15,1000,100
METROLOGY_CONDITIONED_EIG,330026,30.63371104533325,0.5428516619053491,37.40531404496246,34,0,0,0,93,30,12,15,1000,100
NO_PASSIVE,330027,896.2102557127295,3.900503696855465,445.27907653515393,0,0,0,0,149,30,12,15,1000,100
RANDOM,330027,44.27126089014164,1.2366202833063682,39.32710165035444,59,1,0,0,149,30,12,15,1000,100
HIGHEST_SNR,330027,89.11518530370249,2.298497062174305,51.92863599502732,58,2,0,0,149,30,12,15,1000,100
SHORTEST_PULSE,330027,21.827614591806316,0.3397531845653684,40.29342597228183,59,1,0,0,149,30,12,15,1000,100
METROLOGY_CONDITIONED_EIG,330027,29.438222008197823,1.0250917800653778,27.473505725486593,60,0,0,0,149,30,12,15,1000,100
NO_PASSIVE,330028,635.7690907331374,0.520914696906479,445.27907653515393,0,0,0,0,170,30,12,15,1000,100
RANDOM,330028,28.353369359556442,0.6628504853274764,33.11506764664976,58,1,0,0,170,30,12,15,1000,100
HIGHEST_SNR,330028,14.78004493362625,0.8130592887099668,47.07139320886997,59,0,0,0,170,30,12,15,1000,100
SHORTEST_PULSE,330028,35.31293400650296,1.545634067262176,43.80621898035247,56,3,0,0,170,30,12,15,1000,100
METROLOGY_CONDITIONED_EIG,330028,32.01553215952264,0.6435574502769338,23.97052496382356,56,3,0,0,170,30,12,15,1000,100
NO_PASSIVE,330029,372.50280038414536,1.4483829493248674,445.27907653515393,0,0,0,0,123,30,12,15,1000,100
RANDOM,330029,23.993562400844187,0.5641887043967299,39.520033835577436,54,0,0,0,123,30,12,15,1000,100
HIGHEST_SNR,330029,20.782937608733196,0.377615135086975,42.41541506610248,54,0,0,0,123,30,12,15,1000,100
SHORTEST_PULSE,330029,7.603455173395974,0.5104989773403197,30.056528006498773,54,0,0,0,123,30,12,15,1000,100
METROLOGY_CONDITIONED_EIG,330029,8.848301125829105,0.4801657197596611,29.21429297025166,54,0,0,0,123,30,12,15,1000,100
NO_PASSIVE,331000,338.60967369365954,1.890300553196988,445.27907653515393,0,0,0,0,0,31,12,25,10,30
RANDOM,331000,338.60967369365954,1.890300553196988,445.27907653515393,0,0,0,0,0,31,12,25,10,30
HIGHEST_SNR,331000,338.60967369365954,1.890300553196988,445.27907653515393,0,0,0,0,0,31,12,25,10,30
SHORTEST_PULSE,331000,338.60967369365954,1.890300553196988,445.27907653515393,0,0,0,0,0,31,12,25,10,30
METROLOGY_CONDITIONED_EIG,331000,338.60967369365954,1.890300553196988,445.27907653515393,0,0,0,0,0,31,12,25,10,30
NO_PASSIVE,331001,546.8822891929344,1.4060114565061894,445.27907653515393,0,0,0,0,1,31,12,25,10,30
RANDOM,331001,351.1049438792063,1.3577637366730626,328.85933764278803,1,0,0,0,1,31,12,25,10,30
HIGHEST_SNR,331001,351.1049438792063,1.3577637366730626,328.85933764278803,1,0,0,0,1,31,12,25,10,30
SHORTEST_PULSE,331001,351.1049438792063,1.3577637366730626,328.85933764278803,1,0,0,0,1,31,12,25,10,30
METROLOGY_CONDITIONED_EIG,331001,351.1049438792063,1.3577637366730626,328.85933764278803,1,0,0,0,1,31,12,25,10,30
NO_PASSIVE,331002,737.6497299719248,1.6368177494875011,445.27907653515393,0,0,0,0,0,31,12,25,10,30
RANDOM,331002,737.6497299719248,1.6368177494875011,445.27907653515393,0,0,0,0,0,31,12,25,10,30
HIGHEST_SNR,331002,737.6497299719248,1.6368177494875011,445.27907653515393,0,0,0,0,0,31,12,25,10,30
SHORTEST_PULSE,331002,737.6497299719248,1.6368177494875011,445.27907653515393,0,0,0,0,0,31,12,25,10,30
METROLOGY_CONDITIONED_EIG,331002,737.6497299719248,1.6368177494875011,445.27907653515393,0,0,0,0,0,31,12,25,10,30
NO_PASSIVE,331003,348.51992277176726,4.802651499273543,445.27907653515393,0,0,0,0,0,31,12,25,10,30
RANDOM,331003,348.51992277176726,4.802651499273543,445.27907653515393,0,0,0,0,0,31,12,25,10,30
HIGHEST_SNR,331003,348.51992277176726,4.802651499273543,445.27907653515393,0,0,0,0,0,31,12,25,10,30
SHORTEST_PULSE,331003,348.51992277176726,4.802651499273543,445.27907653515393,0,0,0,0,0,31,12,25,10,30
METROLOGY_CONDITIONED_EIG,331003,348.51992277176726,4.802651499273543,445.27907653515393,0,0,0,0,0,31,12,25,10,30
NO_PASSIVE,331004,195.8481854648137,0.9042331665839601,445.27907653515393,0,0,0,0,0,31,12,25,10,30
RANDOM,331004,195.8481854648137,0.9042331665839601,445.27907653515393,0,0,0,0,0,31,12,25,10,30
HIGHEST_SNR,331004,195.8481854648137,0.9042331665839601,445.27907653515393,0,0,0,0,0,31,12,25,10,30
SHORTEST_PULSE,331004,195.8481854648137,0.9042331665839601,445.27907653515393,0,0,0,0,0,31,12,25,10,30
METROLOGY_CONDITIONED_EIG,331004,195.8481854648137,0.9042331665839601,445.27907653515393,0,0,0,0,0,31,12,25,10,30
NO_PASSIVE,331005,292.9072820361886,1.0237385546573874,445.27907653515393,0,0,0,0,0,31,12,25,10,30
RANDOM,331005,292.9072820361886,1.0237385546573874,445.27907653515393,0,0,0,0,0,31,12,25,10,30
HIGHEST_SNR,331005,292.9072820361886,1.0237385546573874,445.27907653515393,0,0,0,0,0,31,12,25,10,30
SHORTEST_PULSE,331005,292.9072820361886,1.0237385546573874,445.27907653515393,0,0,0,0,0,31,12,25,10,30
METROLOGY_CONDITIONED_EIG,331005,292.9072820361886,1.0237385546573874,445.27907653515393,0,0,0,0,0,31,12,25,10,30
NO_PASSIVE,331006,310.0262913293473,1.6129502305793795,445.27907653515393,0,0,0,0,0,31,12,25,10,30
RANDOM,331006,310.0262913293473,1.6129502305793795,445.27907653515393,0,0,0,0,0,31,12,25,10,30
HIGHEST_SNR,331006,310.0262913293473,1.6129502305793795,445.27907653515393,0,0,0,0,0,31,12,25,10,30
SHORTEST_PULSE,331006,310.0262913293473,1.6129502305793795,445.27907653515393,0,0,0,0,0,31,12,25,10,30
METROLOGY_CONDITIONED_EIG,331006,310.0262913293473,1.6129502305793795,445.27907653515393,0,0,0,0,0,31,12,25,10,30
NO_PASSIVE,331007,735.4045808805353,1.4336622075466992,445.27907653515393,0,0,0,0,0,31,12,25,10,30
RANDOM,331007,735.4045808805353,1.4336622075466992,445.27907653515393,0,0,0,0,0,31,12,25,10,30
HIGHEST_SNR,331007,735.4045808805353,1.4336622075466992,445.27907653515393,0,0,0,0,0,31,12,25,10,30
SHORTEST_PULSE,331007,735.4045808805353,1.4336622075466992,445.27907653515393,0,0,0,0,0,31,12,25,10,30
METROLOGY_CONDITIONED_EIG,331007,735.4045808805353,1.4336622075466992,445.27907653515393,0,0,0,0,0,31,12,25,10,30
NO_PASSIVE,331008,347.3277790434354,0.9691139469100296,445.27907653515393,0,0,0,0,0,31,12,25,10,30
RANDOM,331008,347.3277790434354,0.9691139469100296,445.27907653515393,0,0,0,0,0,31,12,25,10,30
HIGHEST_SNR,331008,347.3277790434354,0.9691139469100296,445.27907653515393,0,0,0,0,0,31,12,25,10,30
SHORTEST_PULSE,331008,347.3277790434354,0.9691139469100296,445.27907653515393,0,0,0,0,0,31,12,25,10,30
METROLOGY_CONDITIONED_EIG,331008,347.3277790434354,0.9691139469100296,445.27907653515393,0,0,0,0,0,31,12,25,10,30
NO_PASSIVE,331009,712.469913403822,0.190142167665519,445.27907653515393,0,0,0,0,0,31,12,25,10,30
RANDOM,331009,712.469913403822,0.190142167665519,445.27907653515393,0,0,0,0,0,31,12,25,10,30
HIGHEST_SNR,331009,712.469913403822,0.190142167665519,445.27907653515393,0,0,0,0,0,31,12,25,10,30
SHORTEST_PULSE,331009,712.469913403822,0.190142167665519,445.27907653515393,0,0,0,0,0,31,12,25,10,30
METROLOGY_CONDITIONED_EIG,331009,712.469913403822,0.190142167665519,445.27907653515393,0,0,0,0,0,31,12,25,10,30
NO_PASSIVE,331010,565.0542527469834,2.1286818605219637,445.27907653515393,0,0,0,0,0,31,12,25,10,30
RANDOM,331010,565.0542527469834,2.1286818605219637,445.27907653515393,0,0,0,0,0,31,12,25,10,30
HIGHEST_SNR,331010,565.0542527469834,2.1286818605219637,445.27907653515393,0,0,0,0,0,31,12,25,10,30
SHORTEST_PULSE,331010,565.0542527469834,2.1286818605219637,445.27907653515393,0,0,0,0,0,31,12,25,10,30
METROLOGY_CONDITIONED_EIG,331010,565.0542527469834,2.1286818605219637,445.27907653515393,0,0,0,0,0,31,12,25,10,30
NO_PASSIVE,331011,196.06290460156129,0.4347358640144818,445.27907653515393,0,0,0,0,0,31,12,25,10,30
RANDOM,331011,196.06290460156129,0.4347358640144818,445.27907653515393,0,0,0,0,0,31,12,25,10,30
HIGHEST_SNR,331011,196.06290460156129,0.4347358640144818,445.27907653515393,0,0,0,0,0,31,12,25,10,30
SHORTEST_PULSE,331011,196.06290460156129,0.4347358640144818,445.27907653515393,0,0,0,0,0,31,12,25,10,30
METROLOGY_CONDITIONED_EIG,331011,196.06290460156129,0.4347358640144818,445.27907653515393,0,0,0,0,0,31,12,25,10,30
NO_PASSIVE,331012,125.27285656016176,2.6191401236394927,445.27907653515393,0,0,0,0,0,31,12,25,10,30
RANDOM,331012,125.27285656016176,2.6191401236394927,445.27907653515393,0,0,0,0,0,31,12,25,10,30
HIGHEST_SNR,331012,125.27285656016176,2.6191401236394927,445.27907653515393,0,0,0,0,0,31,12,25,10,30
SHORTEST_PULSE,331012,125.27285656016176,2.6191401236394927,445.27907653515393,0,0,0,0,0,31,12,25,10,30
METROLOGY_CONDITIONED_EIG,331012,125.27285656016176,2.6191401236394927,445.27907653515393,0,0,0,0,0,31,12,25,10,30
NO_PASSIVE,331013,546.2363034703212,1.0517213881461562,445.27907653515393,0,0,0,0,0,31,12,25,10,30
RANDOM,331013,546.2363034703212,1.0517213881461562,445.27907653515393,0,0,0,0,0,31,12,25,10,30
HIGHEST_SNR,331013,546.2363034703212,1.0517213881461562,445.27907653515393,0,0,0,0,0,31,12,25,10,30
SHORTEST_PULSE,331013,546.2363034703212,1.0517213881461562,445.27907653515393,0,0,0,0,0,31,12,25,10,30
METROLOGY_CONDITIONED_EIG,331013,546.2363034703212,1.0517213881461562,445.27907653515393,0,0,0,0,0,31,12,25,10,30
NO_PASSIVE,331014,389.35762134120876,1.1203469938978285,445.27907653515393,0,0,0,0,0,31,12,25,10,30
RANDOM,331014,389.35762134120876,1.1203469938978285,445.27907653515393,0,0,0,0,0,31,12,25,10,30
HIGHEST_SNR,331014,389.35762134120876,1.1203469938978285,445.27907653515393,0,0,0,0,0,31,12,25,10,30
SHORTEST_PULSE,331014,389.35762134120876,1.1203469938978285,445.27907653515393,0,0,0,0,0,31,12,25,10,30
METROLOGY_CONDITIONED_EIG,331014,389.35762134120876,1.1203469938978285,445.27907653515393,0,0,0,0,0,31,12,25,10,30
NO_PASSIVE,331015,533.4366739104818,3.182454473239942,445.27907653515393,0,0,0,0,0,31,12,25,10,30
RANDOM,331015,533.4366739104818,3.182454473239942,445.27907653515393,0,0,0,0,0,31,12,25,10,30
HIGHEST_SNR,331015,533.4366739104818,3.182454473239942,445.27907653515393,0,0,0,0,0,31,12,25,10,30
SHORTEST_PULSE,331015,533.4366739104818,3.182454473239942,445.27907653515393,0,0,0,0,0,31,12,25,10,30
METROLOGY_CONDITIONED_EIG,331015,533.4366739104818,3.182454473239942,445.27907653515393,0,0,0,0,0,31,12,25,10,30
NO_PASSIVE,331016,324.78553742925624,2.1629171642238627,445.27907653515393,0,0,0,0,0,31,12,25,10,30
RANDOM,331016,324.78553742925624,2.1629171642238627,445.27907653515393,0,0,0,0,0,31,12,25,10,30
HIGHEST_SNR,331016,324.78553742925624,2.1629171642238627,445.27907653515393,0,0,0,0,0,31,12,25,10,30
SHORTEST_PULSE,331016,324.78553742925624,2.1629171642238627,445.27907653515393,0,0,0,0,0,31,12,25,10,30
METROLOGY_CONDITIONED_EIG,331016,324.78553742925624,2.1629171642238627,445.27907653515393,0,0,0,0,0,31,12,25,10,30
NO_PASSIVE,331017,422.3320401882578,2.5568355706566126,445.27907653515393,0,0,0,0,0,31,12,25,10,30
RANDOM,331017,422.3320401882578,2.5568355706566126,445.27907653515393,0,0,0,0,0,31,12,25,10,30
HIGHEST_SNR,331017,422.3320401882578,2.5568355706566126,445.27907653515393,0,0,0,0,0,31,12,25,10,30
SHORTEST_PULSE,331017,422.3320401882578,2.5568355706566126,445.27907653515393,0,0,0,0,0,31,12,25,10,30
METROLOGY_CONDITIONED_EIG,331017,422.3320401882578,2.5568355706566126,445.27907653515393,0,0,0,0,0,31,12,25,10,30
NO_PASSIVE,331018,151.23538370219347,4.70725858261153,445.27907653515393,0,0,0,0,11,31,12,25,10,30
RANDOM,331018,107.60540845997079,2.8724292667591382,315.66231804008345,11,0,0,0,11,31,12,25,10,30
HIGHEST_SNR,331018,107.60540845997079,2.8724292667591382,315.66231804008345,11,0,0,0,11,31,12,25,10,30
SHORTEST_PULSE,331018,107.60540845997079,2.8724292667591382,315.66231804008345,11,0,0,0,11,31,12,25,10,30
METROLOGY_CONDITIONED_EIG,331018,107.60540845997079,2.8724292667591382,315.66231804008345,11,0,0,0,11,31,12,25,10,30
NO_PASSIVE,331019,776.2453198217323,3.690147591304354,445.27907653515393,0,0,0,0,0,31,12,25,10,30
RANDOM,331019,776.2453198217323,3.690147591304354,445.27907653515393,0,0,0,0,0,31,12,25,10,30
HIGHEST_SNR,331019,776.2453198217323,3.690147591304354,445.27907653515393,0,0,0,0,0,31,12,25,10,30
SHORTEST_PULSE,331019,776.2453198217323,3.690147591304354,445.27907653515393,0,0,0,0,0,31,12,25,10,30
METROLOGY_CONDITIONED_EIG,331019,776.2453198217323,3.690147591304354,445.27907653515393,0,0,0,0,0,31,12,25,10,30
NO_PASSIVE,331020,354.6762765274813,2.4063264243234594,445.27907653515393,0,0,0,0,0,31,12,25,10,30
RANDOM,331020,354.6762765274813,2.4063264243234594,445.27907653515393,0,0,0,0,0,31,12,25,10,30
HIGHEST_SNR,331020,354.6762765274813,2.4063264243234594,445.27907653515393,0,0,0,0,0,31,12,25,10,30
SHORTEST_PULSE,331020,354.6762765274813,2.4063264243234594,445.27907653515393,0,0,0,0,0,31,12,25,10,30
METROLOGY_CONDITIONED_EIG,331020,354.6762765274813,2.4063264243234594,445.27907653515393,0,0,0,0,0,31,12,25,10,30
NO_PASSIVE,331021,814.0656618097589,1.1429289775697096,445.27907653515393,0,0,0,0,0,31,12,25,10,30
RANDOM,331021,814.0656618097589,1.1429289775697096,445.27907653515393,0,0,0,0,0,31,12,25,10,30
HIGHEST_SNR,331021,814.0656618097589,1.1429289775697096,445.27907653515393,0,0,0,0,0,31,12,25,10,30
SHORTEST_PULSE,331021,814.0656618097589,1.1429289775697096,445.27907653515393,0,0,0,0,0,31,12,25,10,30
METROLOGY_CONDITIONED_EIG,331021,814.0656618097589,1.1429289775697096,445.27907653515393,0,0,0,0,0,31,12,25,10,30
NO_PASSIVE,331022,317.7038566107097,1.841956850147062,445.27907653515393,0,0,0,0,0,31,12,25,10,30
RANDOM,331022,317.7038566107097,1.841956850147062,445.27907653515393,0,0,0,0,0,31,12,25,10,30
HIGHEST_SNR,331022,317.7038566107097,1.841956850147062,445.27907653515393,0,0,0,0,0,31,12,25,10,30
SHORTEST_PULSE,331022,317.7038566107097,1.841956850147062,445.27907653515393,0,0,0,0,0,31,12,25,10,30
METROLOGY_CONDITIONED_EIG,331022,317.7038566107097,1.841956850147062,445.27907653515393,0,0,0,0,0,31,12,25,10,30
NO_PASSIVE,331023,364.47011538794465,2.506616772696589,445.27907653515393,0,0,0,0,0,31,12,25,10,30
RANDOM,331023,364.47011538794465,2.506616772696589,445.27907653515393,0,0,0,0,0,31,12,25,10,30
HIGHEST_SNR,331023,364.47011538794465,2.506616772696589,445.27907653515393,0,0,0,0,0,31,12,25,10,30
SHORTEST_PULSE,331023,364.47011538794465,2.506616772696589,445.27907653515393,0,0,0,0,0,31,12,25,10,30
METROLOGY_CONDITIONED_EIG,331023,364.47011538794465,2.506616772696589,445.27907653515393,0,0,0,0,0,31,12,25,10,30
NO_PASSIVE,331024,314.4803881477087,1.532846654158916,445.27907653515393,0,0,0,0,0,31,12,25,10,30
RANDOM,331024,314.4803881477087,1.532846654158916,445.27907653515393,0,0,0,0,0,31,12,25,10,30
HIGHEST_SNR,331024,314.4803881477087,1.532846654158916,445.27907653515393,0,0,0,0,0,31,12,25,10,30
SHORTEST_PULSE,331024,314.4803881477087,1.532846654158916,445.27907653515393,0,0,0,0,0,31,12,25,10,30
METROLOGY_CONDITIONED_EIG,331024,314.4803881477087,1.532846654158916,445.27907653515393,0,0,0,0,0,31,12,25,10,30
NO_PASSIVE,331025,416.0059678848085,2.690057080809476,445.27907653515393,0,0,0,0,0,31,12,25,10,30
RANDOM,331025,416.0059678848085,2.690057080809476,445.27907653515393,0,0,0,0,0,31,12,25,10,30
HIGHEST_SNR,331025,416.0059678848085,2.690057080809476,445.27907653515393,0,0,0,0,0,31,12,25,10,30
SHORTEST_PULSE,331025,416.0059678848085,2.690057080809476,445.27907653515393,0,0,0,0,0,31,12,25,10,30
METROLOGY_CONDITIONED_EIG,331025,416.0059678848085,2.690057080809476,445.27907653515393,0,0,0,0,0,31,12,25,10,30
NO_PASSIVE,331026,517.6515582284569,3.0866746663501634,445.27907653515393,0,0,0,0,0,31,12,25,10,30
RANDOM,331026,517.6515582284569,3.0866746663501634,445.27907653515393,0,0,0,0,0,31,12,25,10,30
HIGHEST_SNR,331026,517.6515582284569,3.0866746663501634,445.27907653515393,0,0,0,0,0,31,12,25,10,30
SHORTEST_PULSE,331026,517.6515582284569,3.0866746663501634,445.27907653515393,0,0,0,0,0,31,12,25,10,30
METROLOGY_CONDITIONED_EIG,331026,517.6515582284569,3.0866746663501634,445.27907653515393,0,0,0,0,0,31,12,25,10,30
NO_PASSIVE,331027,425.1315782215926,2.6259363132568088,445.27907653515393,0,0,0,0,0,31,12,25,10,30
RANDOM,331027,425.1315782215926,2.6259363132568088,445.27907653515393,0,0,0,0,0,31,12,25,10,30
HIGHEST_SNR,331027,425.1315782215926,2.6259363132568088,445.27907653515393,0,0,0,0,0,31,12,25,10,30
SHORTEST_PULSE,331027,425.1315782215926,2.6259363132568088,445.27907653515393,0,0,0,0,0,31,12,25,10,30
METROLOGY_CONDITIONED_EIG,331027,425.1315782215926,2.6259363132568088,445.27907653515393,0,0,0,0,0,31,12,25,10,30
NO_PASSIVE,331028,387.61554149958505,0.9941711456370166,445.27907653515393,0,0,0,0,0,31,12,25,10,30
RANDOM,331028,387.61554149958505,0.9941711456370166,445.27907653515393,0,0,0,0,0,31,12,25,10,30
HIGHEST_SNR,331028,387.61554149958505,0.9941711456370166,445.27907653515393,0,0,0,0,0,31,12,25,10,30
SHORTEST_PULSE,331028,387.61554149958505,0.9941711456370166,445.27907653515393,0,0,0,0,0,31,12,25,10,30
METROLOGY_CONDITIONED_EIG,331028,387.61554149958505,0.9941711456370166,445.27907653515393,0,0,0,0,0,31,12,25,10,30
NO_PASSIVE,331029,93.67925152287734,1.924771971859192,445.27907653515393,0,0,0,0,0,31,12,25,10,30
RANDOM,331029,93.67925152287734,1.924771971859192,445.27907653515393,0,0,0,0,0,31,12,25,10,30
HIGHEST_SNR,331029,93.67925152287734,1.924771971859192,445.27907653515393,0,0,0,0,0,31,12,25,10,30
SHORTEST_PULSE,331029,93.67925152287734,1.924771971859192,445.27907653515393,0,0,0,0,0,31,12,25,10,30
METROLOGY_CONDITIONED_EIG,331029,93.67925152287734,1.924771971859192,445.27907653515393,0,0,0,0,0,31,12,25,10,30
NO_PASSIVE,332000,416.35059847551616,3.619458209759431,445.27907653515393,0,0,0,0,0,32,12,25,10,100
RANDOM,332000,416.35059847551616,3.619458209759431,445.27907653515393,0,0,0,0,0,32,12,25,10,100
HIGHEST_SNR,332000,416.35059847551616,3.619458209759431,445.27907653515393,0,0,0,0,0,32,12,25,10,100
SHORTEST_PULSE,332000,416.35059847551616,3.619458209759431,445.27907653515393,0,0,0,0,0,32,12,25,10,100
METROLOGY_CONDITIONED_EIG,332000,416.35059847551616,3.619458209759431,445.27907653515393,0,0,0,0,0,32,12,25,10,100
NO_PASSIVE,332001,229.18282838469239,2.811570273230909,445.27907653515393,0,0,0,0,0,32,12,25,10,100
RANDOM,332001,229.18282838469239,2.811570273230909,445.27907653515393,0,0,0,0,0,32,12,25,10,100
HIGHEST_SNR,332001,229.18282838469239,2.811570273230909,445.27907653515393,0,0,0,0,0,32,12,25,10,100
SHORTEST_PULSE,332001,229.18282838469239,2.811570273230909,445.27907653515393,0,0,0,0,0,32,12,25,10,100
METROLOGY_CONDITIONED_EIG,332001,229.18282838469239,2.811570273230909,445.27907653515393,0,0,0,0,0,32,12,25,10,100
NO_PASSIVE,332002,332.410413757438,2.8296302315569926,445.27907653515393,0,0,0,0,0,32,12,25,10,100
RANDOM,332002,332.410413757438,2.8296302315569926,445.27907653515393,0,0,0,0,0,32,12,25,10,100
HIGHEST_SNR,332002,332.410413757438,2.8296302315569926,445.27907653515393,0,0,0,0,0,32,12,25,10,100
SHORTEST_PULSE,332002,332.410413757438,2.8296302315569926,445.27907653515393,0,0,0,0,0,32,12,25,10,100
METROLOGY_CONDITIONED_EIG,332002,332.410413757438,2.8296302315569926,445.27907653515393,0,0,0,0,0,32,12,25,10,100
NO_PASSIVE,332003,360.79205665767097,1.5378346699771974,445.27907653515393,0,0,0,0,5,32,12,25,10,100
RANDOM,332003,359.0584078212021,1.5073623229875994,323.97733983482823,5,0,0,0,5,32,12,25,10,100
HIGHEST_SNR,332003,359.0584078212021,1.5073623229875994,323.97733983482823,5,0,0,0,5,32,12,25,10,100
SHORTEST_PULSE,332003,359.0584078212021,1.5073623229875994,323.97733983482823,5,0,0,0,5,32,12,25,10,100
METROLOGY_CONDITIONED_EIG,332003,359.0584078212021,1.5073623229875994,323.97733983482823,5,0,0,0,5,32,12,25,10,100
NO_PASSIVE,332004,588.0756332649439,1.2177307537442525,445.27907653515393,0,0,0,0,0,32,12,25,10,100
RANDOM,332004,588.0756332649439,1.2177307537442525,445.27907653515393,0,0,0,0,0,32,12,25,10,100
HIGHEST_SNR,332004,588.0756332649439,1.2177307537442525,445.27907653515393,0,0,0,0,0,32,12,25,10,100
SHORTEST_PULSE,332004,588.0756332649439,1.2177307537442525,445.27907653515393,0,0,0,0,0,32,12,25,10,100
METROLOGY_CONDITIONED_EIG,332004,588.0756332649439,1.2177307537442525,445.27907653515393,0,0,0,0,0,32,12,25,10,100
NO_PASSIVE,332005,654.9912834931209,1.2386419131407198,445.27907653515393,0,0,0,0,0,32,12,25,10,100
RANDOM,332005,654.9912834931209,1.2386419131407198,445.27907653515393,0,0,0,0,0,32,12,25,10,100
HIGHEST_SNR,332005,654.9912834931209,1.2386419131407198,445.27907653515393,0,0,0,0,0,32,12,25,10,100
SHORTEST_PULSE,332005,654.9912834931209,1.2386419131407198,445.27907653515393,0,0,0,0,0,32,12,25,10,100
METROLOGY_CONDITIONED_EIG,332005,654.9912834931209,1.2386419131407198,445.27907653515393,0,0,0,0,0,32,12,25,10,100
NO_PASSIVE,332006,98.83622242111753,0.8612181797258579,445.27907653515393,0,0,0,0,0,32,12,25,10,100
RANDOM,332006,98.83622242111753,0.8612181797258579,445.27907653515393,0,0,0,0,0,32,12,25,10,100
HIGHEST_SNR,332006,98.83622242111753,0.8612181797258579,445.27907653515393,0,0,0,0,0,32,12,25,10,100
SHORTEST_PULSE,332006,98.83622242111753,0.8612181797258579,445.27907653515393,0,0,0,0,0,32,12,25,10,100
METROLOGY_CONDITIONED_EIG,332006,98.83622242111753,0.8612181797258579,445.27907653515393,0,0,0,0,0,32,12,25,10,100
NO_PASSIVE,332007,945.8276488988565,4.631399299032103,445.27907653515393,0,0,0,0,0,32,12,25,10,100
RANDOM,332007,945.8276488988565,4.631399299032103,445.27907653515393,0,0,0,0,0,32,12,25,10,100
HIGHEST_SNR,332007,945.8276488988565,4.631399299032103,445.27907653515393,0,0,0,0,0,32,12,25,10,100
SHORTEST_PULSE,332007,945.8276488988565,4.631399299032103,445.27907653515393,0,0,0,0,0,32,12,25,10,100
METROLOGY_CONDITIONED_EIG,332007,945.8276488988565,4.631399299032103,445.27907653515393,0,0,0,0,0,32,12,25,10,100
NO_PASSIVE,332008,373.05211886758883,1.0414908380419483,445.27907653515393,0,0,0,0,0,32,12,25,10,100
RANDOM,332008,373.05211886758883,1.0414908380419483,445.27907653515393,0,0,0,0,0,32,12,25,10,100
HIGHEST_SNR,332008,373.05211886758883,1.0414908380419483,445.27907653515393,0,0,0,0,0,32,12,25,10,100
SHORTEST_PULSE,332008,373.05211886758883,1.0414908380419483,445.27907653515393,0,0,0,0,0,32,12,25,10,100
METROLOGY_CONDITIONED_EIG,332008,373.05211886758883,1.0414908380419483,445.27907653515393,0,0,0,0,0,32,12,25,10,100
NO_PASSIVE,332009,263.6765569894278,2.1982409500968334,445.27907653515393,0,0,0,0,0,32,12,25,10,100
RANDOM,332009,263.6765569894278,2.1982409500968334,445.27907653515393,0,0,0,0,0,32,12,25,10,100
HIGHEST_SNR,332009,263.6765569894278,2.1982409500968334,445.27907653515393,0,0,0,0,0,32,12,25,10,100
SHORTEST_PULSE,332009,263.6765569894278,2.1982409500968334,445.27907653515393,0,0,0,0,0,32,12,25,10,100
METROLOGY_CONDITIONED_EIG,332009,263.6765569894278,2.1982409500968334,445.27907653515393,0,0,0,0,0,32,12,25,10,100
NO_PASSIVE,332010,483.6444197601005,3.2724330320571444,445.27907653515393,0,0,0,0,0,32,12,25,10,100
RANDOM,332010,483.6444197601005,3.2724330320571444,445.27907653515393,0,0,0,0,0,32,12,25,10,100
HIGHEST_SNR,332010,483.6444197601005,3.2724330320571444,445.27907653515393,0,0,0,0,0,32,12,25,10,100
SHORTEST_PULSE,332010,483.6444197601005,3.2724330320571444,445.27907653515393,0,0,0,0,0,32,12,25,10,100
METROLOGY_CONDITIONED_EIG,332010,483.6444197601005,3.2724330320571444,445.27907653515393,0,0,0,0,0,32,12,25,10,100
NO_PASSIVE,332011,130.7670832207752,0.8361119970719173,445.27907653515393,0,0,0,0,1,32,12,25,10,100
RANDOM,332011,150.8368157760486,0.8333429168126736,337.06725442497606,1,0,0,0,1,32,12,25,10,100
HIGHEST_SNR,332011,150.8368157760486,0.8333429168126736,337.06725442497606,1,0,0,0,1,32,12,25,10,100
SHORTEST_PULSE,332011,150.8368157760486,0.8333429168126736,337.06725442497606,1,0,0,0,1,32,12,25,10,100
METROLOGY_CONDITIONED_EIG,332011,150.8368157760486,0.8333429168126736,337.06725442497606,1,0,0,0,1,32,12,25,10,100
NO_PASSIVE,332012,413.7959386759557,0.7184932027678039,445.27907653515393,0,0,0,0,0,32,12,25,10,100
RANDOM,332012,413.7959386759557,0.7184932027678039,445.27907653515393,0,0,0,0,0,32,12,25,10,100
HIGHEST_SNR,332012,413.7959386759557,0.7184932027678039,445.27907653515393,0,0,0,0,0,32,12,25,10,100
SHORTEST_PULSE,332012,413.7959386759557,0.7184932027678039,445.27907653515393,0,0,0,0,0,32,12,25,10,100
METROLOGY_CONDITIONED_EIG,332012,413.7959386759557,0.7184932027678039,445.27907653515393,0,0,0,0,0,32,12,25,10,100
NO_PASSIVE,332013,538.0007878381159,1.0671806570833173,445.27907653515393,0,0,0,0,0,32,12,25,10,100
RANDOM,332013,538.0007878381159,1.0671806570833173,445.27907653515393,0,0,0,0,0,32,12,25,10,100
HIGHEST_SNR,332013,538.0007878381159,1.0671806570833173,445.27907653515393,0,0,0,0,0,32,12,25,10,100
SHORTEST_PULSE,332013,538.0007878381159,1.0671806570833173,445.27907653515393,0,0,0,0,0,32,12,25,10,100
METROLOGY_CONDITIONED_EIG,332013,538.0007878381159,1.0671806570833173,445.27907653515393,0,0,0,0,0,32,12,25,10,100
NO_PASSIVE,332014,553.3744213876402,2.7913693793195087,445.27907653515393,0,0,0,0,0,32,12,25,10,100
RANDOM,332014,553.3744213876402,2.7913693793195087,445.27907653515393,0,0,0,0,0,32,12,25,10,100
HIGHEST_SNR,332014,553.3744213876402,2.7913693793195087,445.27907653515393,0,0,0,0,0,32,12,25,10,100
SHORTEST_PULSE,332014,553.3744213876402,2.7913693793195087,445.27907653515393,0,0,0,0,0,32,12,25,10,100
METROLOGY_CONDITIONED_EIG,332014,553.3744213876402,2.7913693793195087,445.27907653515393,0,0,0,0,0,32,12,25,10,100
NO_PASSIVE,332015,218.92287648560065,0.9618379319680816,445.27907653515393,0,0,0,0,0,32,12,25,10,100
RANDOM,332015,218.92287648560065,0.9618379319680816,445.27907653515393,0,0,0,0,0,32,12,25,10,100
HIGHEST_SNR,332015,218.92287648560065,0.9618379319680816,445.27907653515393,0,0,0,0,0,32,12,25,10,100
SHORTEST_PULSE,332015,218.92287648560065,0.9618379319680816,445.27907653515393,0,0,0,0,0,32,12,25,10,100
METROLOGY_CONDITIONED_EIG,332015,218.92287648560065,0.9618379319680816,445.27907653515393,0,0,0,0,0,32,12,25,10,100
NO_PASSIVE,332016,128.33001151830675,2.2717097714836845,445.27907653515393,0,0,0,0,0,32,12,25,10,100
RANDOM,332016,128.33001151830675,2.2717097714836845,445.27907653515393,0,0,0,0,0,32,12,25,10,100
HIGHEST_SNR,332016,128.33001151830675,2.2717097714836845,445.27907653515393,0,0,0,0,0,32,12,25,10,100
SHORTEST_PULSE,332016,128.33001151830675,2.2717097714836845,445.27907653515393,0,0,0,0,0,32,12,25,10,100
METROLOGY_CONDITIONED_EIG,332016,128.33001151830675,2.2717097714836845,445.27907653515393,0,0,0,0,0,32,12,25,10,100
NO_PASSIVE,332017,55.76567595861893,2.091217052672895,445.27907653515393,0,0,0,0,0,32,12,25,10,100
RANDOM,332017,55.76567595861893,2.091217052672895,445.27907653515393,0,0,0,0,0,32,12,25,10,100
HIGHEST_SNR,332017,55.76567595861893,2.091217052672895,445.27907653515393,0,0,0,0,0,32,12,25,10,100
SHORTEST_PULSE,332017,55.76567595861893,2.091217052672895,445.27907653515393,0,0,0,0,0,32,12,25,10,100
METROLOGY_CONDITIONED_EIG,332017,55.76567595861893,2.091217052672895,445.27907653515393,0,0,0,0,0,32,12,25,10,100
NO_PASSIVE,332018,509.1648966017982,2.337488151852617,445.27907653515393,0,0,0,0,0,32,12,25,10,100
RANDOM,332018,509.1648966017982,2.337488151852617,445.27907653515393,0,0,0,0,0,32,12,25,10,100
HIGHEST_SNR,332018,509.1648966017982,2.337488151852617,445.27907653515393,0,0,0,0,0,32,12,25,10,100
SHORTEST_PULSE,332018,509.1648966017982,2.337488151852617,445.27907653515393,0,0,0,0,0,32,12,25,10,100
METROLOGY_CONDITIONED_EIG,332018,509.1648966017982,2.337488151852617,445.27907653515393,0,0,0,0,0,32,12,25,10,100
NO_PASSIVE,332019,251.0060917292986,1.1327928890108714,445.27907653515393,0,0,0,0,0,32,12,25,10,100
RANDOM,332019,251.0060917292986,1.1327928890108714,445.27907653515393,0,0,0,0,0,32,12,25,10,100
HIGHEST_SNR,332019,251.0060917292986,1.1327928890108714,445.27907653515393,0,0,0,0,0,32,12,25,10,100
SHORTEST_PULSE,332019,251.0060917292986,1.1327928890108714,445.27907653515393,0,0,0,0,0,32,12,25,10,100
METROLOGY_CONDITIONED_EIG,332019,251.0060917292986,1.1327928890108714,445.27907653515393,0,0,0,0,0,32,12,25,10,100
NO_PASSIVE,332020,573.3250646728303,2.2361660236053473,445.27907653515393,0,0,0,0,0,32,12,25,10,100
RANDOM,332020,573.3250646728303,2.2361660236053473,445.27907653515393,0,0,0,0,0,32,12,25,10,100
HIGHEST_SNR,332020,573.3250646728303,2.2361660236053473,445.27907653515393,0,0,0,0,0,32,12,25,10,100
SHORTEST_PULSE,332020,573.3250646728303,2.2361660236053473,445.27907653515393,0,0,0,0,0,32,12,25,10,100
METROLOGY_CONDITIONED_EIG,332020,573.3250646728303,2.2361660236053473,445.27907653515393,0,0,0,0,0,32,12,25,10,100
NO_PASSIVE,332021,739.8120918834437,1.3190668861194865,445.27907653515393,0,0,0,0,0,32,12,25,10,100
RANDOM,332021,739.8120918834437,1.3190668861194865,445.27907653515393,0,0,0,0,0,32,12,25,10,100
HIGHEST_SNR,332021,739.8120918834437,1.3190668861194865,445.27907653515393,0,0,0,0,0,32,12,25,10,100
SHORTEST_PULSE,332021,739.8120918834437,1.3190668861194865,445.27907653515393,0,0,0,0,0,32,12,25,10,100
METROLOGY_CONDITIONED_EIG,332021,739.8120918834437,1.3190668861194865,445.27907653515393,0,0,0,0,0,32,12,25,10,100
NO_PASSIVE,332022,923.0224683600925,2.200373920396791,445.27907653515393,0,0,0,0,0,32,12,25,10,100
RANDOM,332022,923.0224683600925,2.200373920396791,445.27907653515393,0,0,0,0,0,32,12,25,10,100
HIGHEST_SNR,332022,923.0224683600925,2.200373920396791,445.27907653515393,0,0,0,0,0,32,12,25,10,100
SHORTEST_PULSE,332022,923.0224683600925,2.200373920396791,445.27907653515393,0,0,0,0,0,32,12,25,10,100
METROLOGY_CONDITIONED_EIG,332022,923.0224683600925,2.200373920396791,445.27907653515393,0,0,0,0,0,32,12,25,10,100
NO_PASSIVE,332023,277.18846734681637,1.3060579723338022,445.27907653515393,0,0,0,0,0,32,12,25,10,100
RANDOM,332023,277.18846734681637,1.3060579723338022,445.27907653515393,0,0,0,0,0,32,12,25,10,100
HIGHEST_SNR,332023,277.18846734681637,1.3060579723338022,445.27907653515393,0,0,0,0,0,32,12,25,10,100
SHORTEST_PULSE,332023,277.18846734681637,1.3060579723338022,445.27907653515393,0,0,0,0,0,32,12,25,10,100
METROLOGY_CONDITIONED_EIG,332023,277.18846734681637,1.3060579723338022,445.27907653515393,0,0,0,0,0,32,12,25,10,100
NO_PASSIVE,332024,225.55736271604025,0.7610709360467347,445.27907653515393,0,0,0,0,0,32,12,25,10,100
RANDOM,332024,225.55736271604025,0.7610709360467347,445.27907653515393,0,0,0,0,0,32,12,25,10,100
HIGHEST_SNR,332024,225.55736271604025,0.7610709360467347,445.27907653515393,0,0,0,0,0,32,12,25,10,100
SHORTEST_PULSE,332024,225.55736271604025,0.7610709360467347,445.27907653515393,0,0,0,0,0,32,12,25,10,100
METROLOGY_CONDITIONED_EIG,332024,225.55736271604025,0.7610709360467347,445.27907653515393,0,0,0,0,0,32,12,25,10,100
NO_PASSIVE,332025,167.5731204865499,1.20755340338383,445.27907653515393,0,0,0,0,0,32,12,25,10,100
RANDOM,332025,167.5731204865499,1.20755340338383,445.27907653515393,0,0,0,0,0,32,12,25,10,100
HIGHEST_SNR,332025,167.5731204865499,1.20755340338383,445.27907653515393,0,0,0,0,0,32,12,25,10,100
SHORTEST_PULSE,332025,167.5731204865499,1.20755340338383,445.27907653515393,0,0,0,0,0,32,12,25,10,100
METROLOGY_CONDITIONED_EIG,332025,167.5731204865499,1.20755340338383,445.27907653515393,0,0,0,0,0,32,12,25,10,100
NO_PASSIVE,332026,393.9597196983507,2.6156485964458405,445.27907653515393,0,0,0,0,0,32,12,25,10,100
RANDOM,332026,393.9597196983507,2.6156485964458405,445.27907653515393,0,0,0,0,0,32,12,25,10,100
HIGHEST_SNR,332026,393.9597196983507,2.6156485964458405,445.27907653515393,0,0,0,0,0,32,12,25,10,100
SHORTEST_PULSE,332026,393.9597196983507,2.6156485964458405,445.27907653515393,0,0,0,0,0,32,12,25,10,100
METROLOGY_CONDITIONED_EIG,332026,393.9597196983507,2.6156485964458405,445.27907653515393,0,0,0,0,0,32,12,25,10,100
NO_PASSIVE,332027,398.68327438191244,2.1334262013433194,445.27907653515393,0,0,0,0,0,32,12,25,10,100
RANDOM,332027,398.68327438191244,2.1334262013433194,445.27907653515393,0,0,0,0,0,32,12,25,10,100
HIGHEST_SNR,332027,398.68327438191244,2.1334262013433194,445.27907653515393,0,0,0,0,0,32,12,25,10,100
SHORTEST_PULSE,332027,398.68327438191244,2.1334262013433194,445.27907653515393,0,0,0,0,0,32,12,25,10,100
METROLOGY_CONDITIONED_EIG,332027,398.68327438191244,2.1334262013433194,445.27907653515393,0,0,0,0,0,32,12,25,10,100
NO_PASSIVE,332028,308.5002533603413,1.8752837508982863,445.27907653515393,0,0,0,0,0,32,12,25,10,100
RANDOM,332028,308.5002533603413,1.8752837508982863,445.27907653515393,0,0,0,0,0,32,12,25,10,100
HIGHEST_SNR,332028,308.5002533603413,1.8752837508982863,445.27907653515393,0,0,0,0,0,32,12,25,10,100
SHORTEST_PULSE,332028,308.5002533603413,1.8752837508982863,445.27907653515393,0,0,0,0,0,32,12,25,10,100
METROLOGY_CONDITIONED_EIG,332028,308.5002533603413,1.8752837508982863,445.27907653515393,0,0,0,0,0,32,12,25,10,100
NO_PASSIVE,332029,252.1262849776156,0.6254238553149176,445.27907653515393,0,0,0,0,1,32,12,25,10,100
RANDOM,332029,202.76499429934097,0.8069590499120541,332.677885545071,1,0,0,0,1,32,12,25,10,100
HIGHEST_SNR,332029,202.76499429934097,0.8069590499120541,332.677885545071,1,0,0,0,1,32,12,25,10,100
SHORTEST_PULSE,332029,202.76499429934097,0.8069590499120541,332.677885545071,1,0,0,0,1,32,12,25,10,100
METROLOGY_CONDITIONED_EIG,332029,202.76499429934097,0.8069590499120541,332.677885545071,1,0,0,0,1,32,12,25,10,100
NO_PASSIVE,333000,437.65282465193707,2.0729424059865247,445.27907653515393,0,0,0,0,1,33,12,25,100,30
RANDOM,333000,83.65064426538355,2.119737639593766,325.7643861468663,1,0,0,0,1,33,12,25,100,30
HIGHEST_SNR,333000,83.65064426538355,2.119737639593766,325.7643861468663,1,0,0,0,1,33,12,25,100,30
SHORTEST_PULSE,333000,83.65064426538355,2.119737639593766,325.7643861468663,1,0,0,0,1,33,12,25,100,30
METROLOGY_CONDITIONED_EIG,333000,83.65064426538355,2.119737639593766,325.7643861468663,1,0,0,0,1,33,12,25,100,30
NO_PASSIVE,333001,544.898822902987,2.158410173529705,445.27907653515393,0,0,0,0,3,33,12,25,100,30
RANDOM,333001,48.89262622657295,2.1787753571284183,214.25303226093692,3,0,0,0,3,33,12,25,100,30
HIGHEST_SNR,333001,48.89262622657295,2.1787753571284183,214.25303226093692,3,0,0,0,3,33,12,25,100,30
SHORTEST_PULSE,333001,48.89262622657295,2.1787753571284183,214.25303226093692,3,0,0,0,3,33,12,25,100,30
METROLOGY_CONDITIONED_EIG,333001,48.89262622657295,2.1787753571284183,214.25303226093692,3,0,0,0,3,33,12,25,100,30
NO_PASSIVE,333002,638.4652540851051,2.3088146536429774,445.27907653515393,0,0,0,0,29,33,12,25,100,30
RANDOM,333002,654.5187028479204,2.5320311812710847,287.1509182109776,24,3,0,0,29,33,12,25,100,30
HIGHEST_SNR,333002,654.5187028479204,2.5320311812710847,287.1509182109776,24,3,0,0,29,33,12,25,100,30
SHORTEST_PULSE,333002,645.090090420801,2.4973520264880795,285.06649725568064,22,5,0,0,29,33,12,25,100,30
METROLOGY_CONDITIONED_EIG,333002,645.090090420801,2.4973520264880795,285.06649725568064,22,5,0,0,29,33,12,25,100,30
NO_PASSIVE,333003,416.84141941040446,3.07313939120805,445.27907653515393,0,0,0,0,0,33,12,25,100,30
RANDOM,333003,416.84141941040446,3.07313939120805,445.27907653515393,0,0,0,0,0,33,12,25,100,30
HIGHEST_SNR,333003,416.84141941040446,3.07313939120805,445.27907653515393,0,0,0,0,0,33,12,25,100,30
SHORTEST_PULSE,333003,416.84141941040446,3.07313939120805,445.27907653515393,0,0,0,0,0,33,12,25,100,30
METROLOGY_CONDITIONED_EIG,333003,416.84141941040446,3.07313939120805,445.27907653515393,0,0,0,0,0,33,12,25,100,30
NO_PASSIVE,333004,835.9594457818389,1.7629071627974287,445.27907653515393,0,0,0,0,0,33,12,25,100,30
RANDOM,333004,835.9594457818389,1.7629071627974287,445.27907653515393,0,0,0,0,0,33,12,25,100,30
HIGHEST_SNR,333004,835.9594457818389,1.7629071627974287,445.27907653515393,0,0,0,0,0,33,12,25,100,30
SHORTEST_PULSE,333004,835.9594457818389,1.7629071627974287,445.27907653515393,0,0,0,0,0,33,12,25,100,30
METROLOGY_CONDITIONED_EIG,333004,835.9594457818389,1.7629071627974287,445.27907653515393,0,0,0,0,0,33,12,25,100,30
NO_PASSIVE,333005,154.44398239462672,0.4769306042118855,445.27907653515393,0,0,0,0,2,33,12,25,100,30
RANDOM,333005,145.4408261995761,0.6663159903196383,316.63293250531575,2,0,0,0,2,33,12,25,100,30
HIGHEST_SNR,333005,145.4408261995761,0.6663159903196383,316.63293250531575,2,0,0,0,2,33,12,25,100,30
SHORTEST_PULSE,333005,145.4408261995761,0.6663159903196383,316.63293250531575,2,0,0,0,2,33,12,25,100,30
METROLOGY_CONDITIONED_EIG,333005,145.4408261995761,0.6663159903196383,316.63293250531575,2,0,0,0,2,33,12,25,100,30
NO_PASSIVE,333006,199.18000559385845,1.464274674268924,445.27907653515393,0,0,0,0,0,33,12,25,100,30
RANDOM,333006,199.18000559385845,1.464274674268924,445.27907653515393,0,0,0,0,0,33,12,25,100,30
HIGHEST_SNR,333006,199.18000559385845,1.464274674268924,445.27907653515393,0,0,0,0,0,33,12,25,100,30
SHORTEST_PULSE,333006,199.18000559385845,1.464274674268924,445.27907653515393,0,0,0,0,0,33,12,25,100,30
METROLOGY_CONDITIONED_EIG,333006,199.18000559385845,1.464274674268924,445.27907653515393,0,0,0,0,0,33,12,25,100,30
NO_PASSIVE,333007,346.56540586619496,2.1467472235413823,445.27907653515393,0,0,0,0,2,33,12,25,100,30
RANDOM,333007,184.06910447569544,2.2608242410733372,237.56803178166578,2,0,0,0,2,33,12,25,100,30
HIGHEST_SNR,333007,184.06910447569544,2.2608242410733372,237.56803178166578,2,0,0,0,2,33,12,25,100,30
SHORTEST_PULSE,333007,184.06910447569544,2.2608242410733372,237.56803178166578,2,0,0,0,2,33,12,25,100,30
METROLOGY_CONDITIONED_EIG,333007,184.06910447569544,2.2608242410733372,237.56803178166578,2,0,0,0,2,33,12,25,100,30
NO_PASSIVE,333008,321.938638571013,3.3310149019585413,445.27907653515393,0,0,0,0,0,33,12,25,100,30
RANDOM,333008,321.938638571013,3.3310149019585413,445.27907653515393,0,0,0,0,0,33,12,25,100,30
HIGHEST_SNR,333008,321.938638571013,3.3310149019585413,445.27907653515393,0,0,0,0,0,33,12,25,100,30
SHORTEST_PULSE,333008,321.938638571013,3.3310149019585413,445.27907653515393,0,0,0,0,0,33,12,25,100,30
METROLOGY_CONDITIONED_EIG,333008,321.938638571013,3.3310149019585413,445.27907653515393,0,0,0,0,0,33,12,25,100,30
NO_PASSIVE,333009,288.70219557812516,2.287343663112004,445.27907653515393,0,0,0,0,0,33,12,25,100,30
RANDOM,333009,288.70219557812516,2.287343663112004,445.27907653515393,0,0,0,0,0,33,12,25,100,30
HIGHEST_SNR,333009,288.70219557812516,2.287343663112004,445.27907653515393,0,0,0,0,0,33,12,25,100,30
SHORTEST_PULSE,333009,288.70219557812516,2.287343663112004,445.27907653515393,0,0,0,0,0,33,12,25,100,30
METROLOGY_CONDITIONED_EIG,333009,288.70219557812516,2.287343663112004,445.27907653515393,0,0,0,0,0,33,12,25,100,30
NO_PASSIVE,333010,592.8892934712637,3.330184451615385,445.27907653515393,0,0,0,0,0,33,12,25,100,30
RANDOM,333010,592.8892934712637,3.330184451615385,445.27907653515393,0,0,0,0,0,33,12,25,100,30
HIGHEST_SNR,333010,592.8892934712637,3.330184451615385,445.27907653515393,0,0,0,0,0,33,12,25,100,30
SHORTEST_PULSE,333010,592.8892934712637,3.330184451615385,445.27907653515393,0,0,0,0,0,33,12,25,100,30
METROLOGY_CONDITIONED_EIG,333010,592.8892934712637,3.330184451615385,445.27907653515393,0,0,0,0,0,33,12,25,100,30
NO_PASSIVE,333011,69.21384795037477,2.1154922767272826,445.27907653515393,0,0,0,0,1,33,12,25,100,30
RANDOM,333011,70.38344993736429,2.0887646671661804,317.84801466543524,1,0,0,0,1,33,12,25,100,30
HIGHEST_SNR,333011,70.38344993736429,2.0887646671661804,317.84801466543524,1,0,0,0,1,33,12,25,100,30
SHORTEST_PULSE,333011,70.38344993736429,2.0887646671661804,317.84801466543524,1,0,0,0,1,33,12,25,100,30
METROLOGY_CONDITIONED_EIG,333011,70.38344993736429,2.0887646671661804,317.84801466543524,1,0,0,0,1,33,12,25,100,30
NO_PASSIVE,333012,72.76792664438892,1.3907557767623704,445.27907653515393,0,0,0,0,0,33,12,25,100,30
RANDOM,333012,72.76792664438892,1.3907557767623704,445.27907653515393,0,0,0,0,0,33,12,25,100,30
HIGHEST_SNR,333012,72.76792664438892,1.3907557767623704,445.27907653515393,0,0,0,0,0,33,12,25,100,30
SHORTEST_PULSE,333012,72.76792664438892,1.3907557767623704,445.27907653515393,0,0,0,0,0,33,12,25,100,30
METROLOGY_CONDITIONED_EIG,333012,72.76792664438892,1.3907557767623704,445.27907653515393,0,0,0,0,0,33,12,25,100,30
NO_PASSIVE,333013,91.55139692702004,2.7549963444171657,445.27907653515393,0,0,0,0,0,33,12,25,100,30
RANDOM,333013,91.55139692702004,2.7549963444171657,445.27907653515393,0,0,0,0,0,33,12,25,100,30
HIGHEST_SNR,333013,91.55139692702004,2.7549963444171657,445.27907653515393,0,0,0,0,0,33,12,25,100,30
SHORTEST_PULSE,333013,91.55139692702004,2.7549963444171657,445.27907653515393,0,0,0,0,0,33,12,25,100,30
METROLOGY_CONDITIONED_EIG,333013,91.55139692702004,2.7549963444171657,445.27907653515393,0,0,0,0,0,33,12,25,100,30
NO_PASSIVE,333014,364.1640605378283,3.3417716568596636,445.27907653515393,0,0,0,0,15,33,12,25,100,30
RANDOM,333014,54.427925796918345,2.1698162165520114,124.31579634457316,14,0,0,0,15,33,12,25,100,30
HIGHEST_SNR,333014,68.89939627100094,2.048925859678489,316.86122217256974,14,0,0,0,15,33,12,25,100,30
SHORTEST_PULSE,333014,54.427925796918345,2.1698162165520114,124.31579634457316,14,0,0,0,15,33,12,25,100,30
METROLOGY_CONDITIONED_EIG,333014,54.427925796918345,2.1698162165520114,124.31579634457316,14,0,0,0,15,33,12,25,100,30
NO_PASSIVE,333015,629.219021514874,3.0367914872561457,445.27907653515393,0,0,0,0,5,33,12,25,100,30
RANDOM,333015,588.3138670047211,2.962147100715677,333.4132771126116,5,0,0,0,5,33,12,25,100,30
HIGHEST_SNR,333015,588.3138670047211,2.962147100715677,333.4132771126116,5,0,0,0,5,33,12,25,100,30
SHORTEST_PULSE,333015,588.3138670047211,2.962147100715677,333.4132771126116,5,0,0,0,5,33,12,25,100,30
METROLOGY_CONDITIONED_EIG,333015,588.3138670047211,2.962147100715677,333.4132771126116,5,0,0,0,5,33,12,25,100,30
NO_PASSIVE,333016,299.9458965464309,2.4849195707083283,445.27907653515393,0,0,0,0,0,33,12,25,100,30
RANDOM,333016,299.9458965464309,2.4849195707083283,445.27907653515393,0,0,0,0,0,33,12,25,100,30
HIGHEST_SNR,333016,299.9458965464309,2.4849195707083283,445.27907653515393,0,0,0,0,0,33,12,25,100,30
SHORTEST_PULSE,333016,299.9458965464309,2.4849195707083283,445.27907653515393,0,0,0,0,0,33,12,25,100,30
METROLOGY_CONDITIONED_EIG,333016,299.9458965464309,2.4849195707083283,445.27907653515393,0,0,0,0,0,33,12,25,100,30
NO_PASSIVE,333017,658.7437676589135,1.5527429616823694,445.27907653515393,0,0,0,0,0,33,12,25,100,30
RANDOM,333017,658.7437676589135,1.5527429616823694,445.27907653515393,0,0,0,0,0,33,12,25,100,30
HIGHEST_SNR,333017,658.7437676589135,1.5527429616823694,445.27907653515393,0,0,0,0,0,33,12,25,100,30
SHORTEST_PULSE,333017,658.7437676589135,1.5527429616823694,445.27907653515393,0,0,0,0,0,33,12,25,100,30
METROLOGY_CONDITIONED_EIG,333017,658.7437676589135,1.5527429616823694,445.27907653515393,0,0,0,0,0,33,12,25,100,30
NO_PASSIVE,333018,642.7592216659174,2.41587657759136,445.27907653515393,0,0,0,0,2,33,12,25,100,30
RANDOM,333018,430.8613424957177,2.5203815124342244,290.7906827574037,2,0,0,0,2,33,12,25,100,30
HIGHEST_SNR,333018,430.8613424957177,2.5203815124342244,290.7906827574037,2,0,0,0,2,33,12,25,100,30
SHORTEST_PULSE,333018,430.8613424957177,2.5203815124342244,290.7906827574037,2,0,0,0,2,33,12,25,100,30
METROLOGY_CONDITIONED_EIG,333018,430.8613424957177,2.5203815124342244,290.7906827574037,2,0,0,0,2,33,12,25,100,30
NO_PASSIVE,333019,337.4048169165113,1.3741568950934109,445.27907653515393,0,0,0,0,0,33,12,25,100,30
RANDOM,333019,337.4048169165113,1.3741568950934109,445.27907653515393,0,0,0,0,0,33,12,25,100,30
HIGHEST_SNR,333019,337.4048169165113,1.3741568950934109,445.27907653515393,0,0,0,0,0,33,12,25,100,30
SHORTEST_PULSE,333019,337.4048169165113,1.3741568950934109,445.27907653515393,0,0,0,0,0,33,12,25,100,30
METROLOGY_CONDITIONED_EIG,333019,337.4048169165113,1.3741568950934109,445.27907653515393,0,0,0,0,0,33,12,25,100,30
NO_PASSIVE,333020,308.27980553804304,1.2561896556188294,445.27907653515393,0,0,0,0,11,33,12,25,100,30
RANDOM,333020,52.50505009244099,0.9165956127959964,36.70575828918367,11,0,0,0,11,33,12,25,100,30
HIGHEST_SNR,333020,52.50505009244099,0.9165956127959964,36.70575828918367,11,0,0,0,11,33,12,25,100,30
SHORTEST_PULSE,333020,52.50505009244099,0.9165956127959964,36.70575828918367,11,0,0,0,11,33,12,25,100,30
METROLOGY_CONDITIONED_EIG,333020,52.50505009244099,0.9165956127959964,36.70575828918367,11,0,0,0,11,33,12,25,100,30
NO_PASSIVE,333021,564.2892751687247,2.188603329153996,445.27907653515393,0,0,0,0,6,33,12,25,100,30
RANDOM,333021,135.16208595007927,2.804987260064312,103.93914764572014,6,0,0,0,6,33,12,25,100,30
HIGHEST_SNR,333021,135.16208595007927,2.804987260064312,103.93914764572014,6,0,0,0,6,33,12,25,100,30
SHORTEST_PULSE,333021,135.16208595007927,2.804987260064312,103.93914764572014,6,0,0,0,6,33,12,25,100,30
METROLOGY_CONDITIONED_EIG,333021,135.16208595007927,2.804987260064312,103.93914764572014,6,0,0,0,6,33,12,25,100,30
NO_PASSIVE,333022,320.02483026816134,0.9581534593831085,445.27907653515393,0,0,0,0,0,33,12,25,100,30
RANDOM,333022,320.02483026816134,0.9581534593831085,445.27907653515393,0,0,0,0,0,33,12,25,100,30
HIGHEST_SNR,333022,320.02483026816134,0.9581534593831085,445.27907653515393,0,0,0,0,0,33,12,25,100,30
SHORTEST_PULSE,333022,320.02483026816134,0.9581534593831085,445.27907653515393,0,0,0,0,0,33,12,25,100,30
METROLOGY_CONDITIONED_EIG,333022,320.02483026816134,0.9581534593831085,445.27907653515393,0,0,0,0,0,33,12,25,100,30
NO_PASSIVE,333023,342.6648754074788,1.0083914252752124,445.27907653515393,0,0,0,0,0,33,12,25,100,30
RANDOM,333023,342.6648754074788,1.0083914252752124,445.27907653515393,0,0,0,0,0,33,12,25,100,30
HIGHEST_SNR,333023,342.6648754074788,1.0083914252752124,445.27907653515393,0,0,0,0,0,33,12,25,100,30
SHORTEST_PULSE,333023,342.6648754074788,1.0083914252752124,445.27907653515393,0,0,0,0,0,33,12,25,100,30
METROLOGY_CONDITIONED_EIG,333023,342.6648754074788,1.0083914252752124,445.27907653515393,0,0,0,0,0,33,12,25,100,30
NO_PASSIVE,333024,294.3871267202736,1.109199267861462,445.27907653515393,0,0,0,0,0,33,12,25,100,30
RANDOM,333024,294.3871267202736,1.109199267861462,445.27907653515393,0,0,0,0,0,33,12,25,100,30
HIGHEST_SNR,333024,294.3871267202736,1.109199267861462,445.27907653515393,0,0,0,0,0,33,12,25,100,30
SHORTEST_PULSE,333024,294.3871267202736,1.109199267861462,445.27907653515393,0,0,0,0,0,33,12,25,100,30
METROLOGY_CONDITIONED_EIG,333024,294.3871267202736,1.109199267861462,445.27907653515393,0,0,0,0,0,33,12,25,100,30
NO_PASSIVE,333025,422.2275078886285,2.047361823084176,445.27907653515393,0,0,0,0,1,33,12,25,100,30
RANDOM,333025,31.13561939123433,2.040781894427644,327.1291636432526,1,0,0,0,1,33,12,25,100,30
HIGHEST_SNR,333025,31.13561939123433,2.040781894427644,327.1291636432526,1,0,0,0,1,33,12,25,100,30
SHORTEST_PULSE,333025,31.13561939123433,2.040781894427644,327.1291636432526,1,0,0,0,1,33,12,25,100,30
METROLOGY_CONDITIONED_EIG,333025,31.13561939123433,2.040781894427644,327.1291636432526,1,0,0,0,1,33,12,25,100,30
NO_PASSIVE,333026,754.2973952863124,1.2300607227033307,445.27907653515393,0,0,0,0,1,33,12,25,100,30
RANDOM,333026,228.0084570152076,1.9775764601602355,321.1601007379386,1,0,0,0,1,33,12,25,100,30
HIGHEST_SNR,333026,228.0084570152076,1.9775764601602355,321.1601007379386,1,0,0,0,1,33,12,25,100,30
SHORTEST_PULSE,333026,228.0084570152076,1.9775764601602355,321.1601007379386,1,0,0,0,1,33,12,25,100,30
METROLOGY_CONDITIONED_EIG,333026,228.0084570152076,1.9775764601602355,321.1601007379386,1,0,0,0,1,33,12,25,100,30
NO_PASSIVE,333027,295.6166548774822,0.4935814914378507,445.27907653515393,0,0,0,0,35,33,12,25,100,30
RANDOM,333027,230.82959265651877,0.1542293030866132,318.332864796495,35,0,0,0,35,33,12,25,100,30
HIGHEST_SNR,333027,230.82959265651877,0.1542293030866132,318.332864796495,35,0,0,0,35,33,12,25,100,30
SHORTEST_PULSE,333027,230.82959265651877,0.1542293030866132,318.332864796495,35,0,0,0,35,33,12,25,100,30
METROLOGY_CONDITIONED_EIG,333027,230.82959265651877,0.1542293030866132,318.332864796495,35,0,0,0,35,33,12,25,100,30
NO_PASSIVE,333028,441.43289852086116,2.3328286236088753,445.27907653515393,0,0,0,0,0,33,12,25,100,30
RANDOM,333028,441.43289852086116,2.3328286236088753,445.27907653515393,0,0,0,0,0,33,12,25,100,30
HIGHEST_SNR,333028,441.43289852086116,2.3328286236088753,445.27907653515393,0,0,0,0,0,33,12,25,100,30
SHORTEST_PULSE,333028,441.43289852086116,2.3328286236088753,445.27907653515393,0,0,0,0,0,33,12,25,100,30
METROLOGY_CONDITIONED_EIG,333028,441.43289852086116,2.3328286236088753,445.27907653515393,0,0,0,0,0,33,12,25,100,30
NO_PASSIVE,333029,108.68287488621837,2.200754814593807,445.27907653515393,0,0,0,0,11,33,12,25,100,30
RANDOM,333029,185.6706950766136,0.6038066733527084,283.1731322541842,11,0,0,0,11,33,12,25,100,30
HIGHEST_SNR,333029,185.6706950766136,0.6038066733527084,283.1731322541842,11,0,0,0,11,33,12,25,100,30
SHORTEST_PULSE,333029,185.6706950766136,0.6038066733527084,283.1731322541842,11,0,0,0,11,33,12,25,100,30
METROLOGY_CONDITIONED_EIG,333029,185.6706950766136,0.6038066733527084,283.1731322541842,11,0,0,0,11,33,12,25,100,30
NO_PASSIVE,334000,477.5566719812083,0.2062880051380822,445.27907653515393,0,0,0,0,17,34,12,25,100,100
RANDOM,334000,457.5118679258173,0.9227499795611451,312.15446526994157,17,0,0,0,17,34,12,25,100,100
HIGHEST_SNR,334000,457.5118679258173,0.9227499795611451,312.15446526994157,17,0,0,0,17,34,12,25,100,100
SHORTEST_PULSE,334000,457.5118679258173,0.9227499795611451,312.15446526994157,17,0,0,0,17,34,12,25,100,100
METROLOGY_CONDITIONED_EIG,334000,457.5118679258173,0.9227499795611451,312.15446526994157,17,0,0,0,17,34,12,25,100,100
NO_PASSIVE,334001,384.5977163325664,0.579712001357034,445.27907653515393,0,0,0,0,1,34,12,25,100,100
RANDOM,334001,365.8489068175405,0.3018862773106912,331.0248808691794,1,0,0,0,1,34,12,25,100,100
HIGHEST_SNR,334001,365.8489068175405,0.3018862773106912,331.0248808691794,1,0,0,0,1,34,12,25,100,100
SHORTEST_PULSE,334001,365.8489068175405,0.3018862773106912,331.0248808691794,1,0,0,0,1,34,12,25,100,100
METROLOGY_CONDITIONED_EIG,334001,365.8489068175405,0.3018862773106912,331.0248808691794,1,0,0,0,1,34,12,25,100,100
NO_PASSIVE,334002,280.5106346368642,2.728258676555523,445.27907653515393,0,0,0,0,13,34,12,25,100,100
RANDOM,334002,71.85540306932167,1.0183145727668883,313.87788591911914,13,0,0,0,13,34,12,25,100,100
HIGHEST_SNR,334002,71.85540306932167,1.0183145727668883,313.87788591911914,13,0,0,0,13,34,12,25,100,100
SHORTEST_PULSE,334002,71.85540306932167,1.0183145727668883,313.87788591911914,13,0,0,0,13,34,12,25,100,100
METROLOGY_CONDITIONED_EIG,334002,71.85540306932167,1.0183145727668883,313.87788591911914,13,0,0,0,13,34,12,25,100,100
NO_PASSIVE,334003,573.5135815369358,2.024649465591014,445.27907653515393,0,0,0,0,0,34,12,25,100,100
RANDOM,334003,573.5135815369358,2.024649465591014,445.27907653515393,0,0,0,0,0,34,12,25,100,100
HIGHEST_SNR,334003,573.5135815369358,2.024649465591014,445.27907653515393,0,0,0,0,0,34,12,25,100,100
SHORTEST_PULSE,334003,573.5135815369358,2.024649465591014,445.27907653515393,0,0,0,0,0,34,12,25,100,100
METROLOGY_CONDITIONED_EIG,334003,573.5135815369358,2.024649465591014,445.27907653515393,0,0,0,0,0,34,12,25,100,100
NO_PASSIVE,334004,415.0444601371843,1.1313633837424422,445.27907653515393,0,0,0,0,0,34,12,25,100,100
RANDOM,334004,415.0444601371843,1.1313633837424422,445.27907653515393,0,0,0,0,0,34,12,25,100,100
HIGHEST_SNR,334004,415.0444601371843,1.1313633837424422,445.27907653515393,0,0,0,0,0,34,12,25,100,100
SHORTEST_PULSE,334004,415.0444601371843,1.1313633837424422,445.27907653515393,0,0,0,0,0,34,12,25,100,100
METROLOGY_CONDITIONED_EIG,334004,415.0444601371843,1.1313633837424422,445.27907653515393,0,0,0,0,0,34,12,25,100,100
NO_PASSIVE,334005,531.1432753728465,0.8311097881246089,445.27907653515393,0,0,0,0,12,34,12,25,100,100
RANDOM,334005,295.93199951383804,1.1899460636522117,314.8188283053797,12,0,0,0,12,34,12,25,100,100
HIGHEST_SNR,334005,295.93199951383804,1.1899460636522117,314.8188283053797,12,0,0,0,12,34,12,25,100,100
SHORTEST_PULSE,334005,295.93199951383804,1.1899460636522117,314.8188283053797,12,0,0,0,12,34,12,25,100,100
METROLOGY_CONDITIONED_EIG,334005,295.93199951383804,1.1899460636522117,314.8188283053797,12,0,0,0,12,34,12,25,100,100
NO_PASSIVE,334006,390.86063534089243,1.7752999000837868,445.27907653515393,0,0,0,0,32,34,12,25,100,100
RANDOM,334006,58.157904592368304,2.512453945330716,68.21460933670457,29,0,0,0,32,34,12,25,100,100
HIGHEST_SNR,334006,72.59314747529186,2.731440015607231,66.29863510914201,29,0,0,0,32,34,12,25,100,100
SHORTEST_PULSE,334006,72.59314747529186,2.731440015607231,66.29863510914201,29,0,0,0,32,34,12,25,100,100
METROLOGY_CONDITIONED_EIG,334006,72.59314747529186,2.731440015607231,66.29863510914201,29,0,0,0,32,34,12,25,100,100
NO_PASSIVE,334007,323.92658561410116,1.7084833021231902,445.27907653515393,0,0,0,0,0,34,12,25,100,100
RANDOM,334007,323.92658561410116,1.7084833021231902,445.27907653515393,0,0,0,0,0,34,12,25,100,100
HIGHEST_SNR,334007,323.92658561410116,1.7084833021231902,445.27907653515393,0,0,0,0,0,34,12,25,100,100
SHORTEST_PULSE,334007,323.92658561410116,1.7084833021231902,445.27907653515393,0,0,0,0,0,34,12,25,100,100
METROLOGY_CONDITIONED_EIG,334007,323.92658561410116,1.7084833021231902,445.27907653515393,0,0,0,0,0,34,12,25,100,100
NO_PASSIVE,334008,563.0390074305143,2.1389771463606193,445.27907653515393,0,0,0,0,11,34,12,25,100,100
RANDOM,334008,126.14844580897358,2.207113336017024,288.7120330045522,11,0,0,0,11,34,12,25,100,100
HIGHEST_SNR,334008,126.14844580897358,2.207113336017024,288.7120330045522,11,0,0,0,11,34,12,25,100,100
SHORTEST_PULSE,334008,126.14844580897358,2.207113336017024,288.7120330045522,11,0,0,0,11,34,12,25,100,100
METROLOGY_CONDITIONED_EIG,334008,126.14844580897358,2.207113336017024,288.7120330045522,11,0,0,0,11,34,12,25,100,100
NO_PASSIVE,334009,347.962663695044,0.7317522553049236,445.27907653515393,0,0,0,0,0,34,12,25,100,100
RANDOM,334009,347.962663695044,0.7317522553049236,445.27907653515393,0,0,0,0,0,34,12,25,100,100
HIGHEST_SNR,334009,347.962663695044,0.7317522553049236,445.27907653515393,0,0,0,0,0,34,12,25,100,100
SHORTEST_PULSE,334009,347.962663695044,0.7317522553049236,445.27907653515393,0,0,0,0,0,34,12,25,100,100
METROLOGY_CONDITIONED_EIG,334009,347.962663695044,0.7317522553049236,445.27907653515393,0,0,0,0,0,34,12,25,100,100
NO_PASSIVE,334010,527.5576129405073,0.5690846377983185,445.27907653515393,0,0,0,0,2,34,12,25,100,100
RANDOM,334010,174.85911228110518,0.5493475598248897,317.3098972183974,2,0,0,0,2,34,12,25,100,100
HIGHEST_SNR,334010,174.85911228110518,0.5493475598248897,317.3098972183974,2,0,0,0,2,34,12,25,100,100
SHORTEST_PULSE,334010,174.85911228110518,0.5493475598248897,317.3098972183974,2,0,0,0,2,34,12,25,100,100
METROLOGY_CONDITIONED_EIG,334010,174.85911228110518,0.5493475598248897,317.3098972183974,2,0,0,0,2,34,12,25,100,100
NO_PASSIVE,334011,393.10929846454854,2.2097241802320435,445.27907653515393,0,0,0,0,0,34,12,25,100,100
RANDOM,334011,393.10929846454854,2.2097241802320435,445.27907653515393,0,0,0,0,0,34,12,25,100,100
HIGHEST_SNR,334011,393.10929846454854,2.2097241802320435,445.27907653515393,0,0,0,0,0,34,12,25,100,100
SHORTEST_PULSE,334011,393.10929846454854,2.2097241802320435,445.27907653515393,0,0,0,0,0,34,12,25,100,100
METROLOGY_CONDITIONED_EIG,334011,393.10929846454854,2.2097241802320435,445.27907653515393,0,0,0,0,0,34,12,25,100,100
NO_PASSIVE,334012,136.31911760130518,1.4643074065306318,445.27907653515393,0,0,0,0,4,34,12,25,100,100
RANDOM,334012,171.92555521113826,1.4606013470644938,339.21179712638167,4,0,0,0,4,34,12,25,100,100
HIGHEST_SNR,334012,171.92555521113826,1.4606013470644938,339.21179712638167,4,0,0,0,4,34,12,25,100,100
SHORTEST_PULSE,334012,171.92555521113826,1.4606013470644938,339.21179712638167,4,0,0,0,4,34,12,25,100,100
METROLOGY_CONDITIONED_EIG,334012,171.92555521113826,1.4606013470644938,339.21179712638167,4,0,0,0,4,34,12,25,100,100
NO_PASSIVE,334013,459.3762302594494,0.42971077900072707,445.27907653515393,0,0,0,0,2,34,12,25,100,100
RANDOM,334013,233.84752978283612,0.6594283403694979,321.3672505436833,2,0,0,0,2,34,12,25,100,100
HIGHEST_SNR,334013,233.84752978283612,0.6594283403694979,321.3672505436833,2,0,0,0,2,34,12,25,100,100
SHORTEST_PULSE,334013,233.84752978283612,0.6594283403694979,321.3672505436833,2,0,0,0,2,34,12,25,100,100
METROLOGY_CONDITIONED_EIG,334013,233.84752978283612,0.6594283403694979,321.3672505436833,2,0,0,0,2,34,12,25,100,100
NO_PASSIVE,334014,245.90192522770985,1.036063943660821,445.27907653515393,0,0,0,0,10,34,12,25,100,100
RANDOM,334014,103.23356659999466,0.7687111108614466,108.78623974757149,8,0,0,0,10,34,12,25,100,100
HIGHEST_SNR,334014,128.06553729785247,0.8570608219213961,117.87803888196007,8,0,0,0,10,34,12,25,100,100
SHORTEST_PULSE,334014,66.6812606955036,0.3658246484107552,105.7610034369343,8,0,0,0,10,34,12,25,100,100
METROLOGY_CONDITIONED_EIG,334014,103.23356659999466,0.7687111108614466,108.78623974757149,8,0,0,0,10,34,12,25,100,100
NO_PASSIVE,334015,389.5152373681823,1.8273382809641068,445.27907653515393,0,0,0,0,0,34,12,25,100,100
RANDOM,334015,389.5152373681823,1.8273382809641068,445.27907653515393,0,0,0,0,0,34,12,25,100,100
HIGHEST_SNR,334015,389.5152373681823,1.8273382809641068,445.27907653515393,0,0,0,0,0,34,12,25,100,100
SHORTEST_PULSE,334015,389.5152373681823,1.8273382809641068,445.27907653515393,0,0,0,0,0,34,12,25,100,100
METROLOGY_CONDITIONED_EIG,334015,389.5152373681823,1.8273382809641068,445.27907653515393,0,0,0,0,0,34,12,25,100,100
NO_PASSIVE,334016,402.79820856769106,0.7319728249666408,445.27907653515393,0,0,0,0,0,34,12,25,100,100
RANDOM,334016,402.79820856769106,0.7319728249666408,445.27907653515393,0,0,0,0,0,34,12,25,100,100
HIGHEST_SNR,334016,402.79820856769106,0.7319728249666408,445.27907653515393,0,0,0,0,0,34,12,25,100,100
SHORTEST_PULSE,334016,402.79820856769106,0.7319728249666408,445.27907653515393,0,0,0,0,0,34,12,25,100,100
METROLOGY_CONDITIONED_EIG,334016,402.79820856769106,0.7319728249666408,445.27907653515393,0,0,0,0,0,34,12,25,100,100
NO_PASSIVE,334017,362.09236094766965,2.241665038518686,445.27907653515393,0,0,0,0,0,34,12,25,100,100
RANDOM,334017,362.09236094766965,2.241665038518686,445.27907653515393,0,0,0,0,0,34,12,25,100,100
HIGHEST_SNR,334017,362.09236094766965,2.241665038518686,445.27907653515393,0,0,0,0,0,34,12,25,100,100
SHORTEST_PULSE,334017,362.09236094766965,2.241665038518686,445.27907653515393,0,0,0,0,0,34,12,25,100,100
METROLOGY_CONDITIONED_EIG,334017,362.09236094766965,2.241665038518686,445.27907653515393,0,0,0,0,0,34,12,25,100,100
NO_PASSIVE,334018,231.45595328596974,1.746364206471803,445.27907653515393,0,0,0,0,8,34,12,25,100,100
RANDOM,334018,88.36421660284606,2.041107286745929,307.5900936372979,7,0,0,0,8,34,12,25,100,100
HIGHEST_SNR,334018,88.36421660284606,2.041107286745929,307.5900936372979,7,0,0,0,8,34,12,25,100,100
SHORTEST_PULSE,334018,88.36421660284606,2.041107286745929,307.5900936372979,7,0,0,0,8,34,12,25,100,100
METROLOGY_CONDITIONED_EIG,334018,88.36421660284606,2.041107286745929,307.5900936372979,7,0,0,0,8,34,12,25,100,100
NO_PASSIVE,334019,247.1172965238563,1.5177701277752793,445.27907653515393,0,0,0,0,0,34,12,25,100,100
RANDOM,334019,247.1172965238563,1.5177701277752793,445.27907653515393,0,0,0,0,0,34,12,25,100,100
HIGHEST_SNR,334019,247.1172965238563,1.5177701277752793,445.27907653515393,0,0,0,0,0,34,12,25,100,100
SHORTEST_PULSE,334019,247.1172965238563,1.5177701277752793,445.27907653515393,0,0,0,0,0,34,12,25,100,100
METROLOGY_CONDITIONED_EIG,334019,247.1172965238563,1.5177701277752793,445.27907653515393,0,0,0,0,0,34,12,25,100,100
NO_PASSIVE,334020,103.78524501454336,3.5984741609056483,445.27907653515393,0,0,0,0,2,34,12,25,100,100
RANDOM,334020,103.4762485680174,3.597714631783327,445.2486608695703,2,0,0,0,2,34,12,25,100,100
HIGHEST_SNR,334020,103.4762485680174,3.597714631783327,445.2486608695703,2,0,0,0,2,34,12,25,100,100
SHORTEST_PULSE,334020,103.4762485680174,3.597714631783327,445.2486608695703,2,0,0,0,2,34,12,25,100,100
METROLOGY_CONDITIONED_EIG,334020,103.4762485680174,3.597714631783327,445.2486608695703,2,0,0,0,2,34,12,25,100,100
NO_PASSIVE,334021,597.7062215142976,1.1705117435706054,445.27907653515393,0,0,0,0,0,34,12,25,100,100
RANDOM,334021,597.7062215142976,1.1705117435706054,445.27907653515393,0,0,0,0,0,34,12,25,100,100
HIGHEST_SNR,334021,597.7062215142976,1.1705117435706054,445.27907653515393,0,0,0,0,0,34,12,25,100,100
SHORTEST_PULSE,334021,597.7062215142976,1.1705117435706054,445.27907653515393,0,0,0,0,0,34,12,25,100,100
METROLOGY_CONDITIONED_EIG,334021,597.7062215142976,1.1705117435706054,445.27907653515393,0,0,0,0,0,34,12,25,100,100
NO_PASSIVE,334022,430.2657974775878,2.2982423423687517,445.27907653515393,0,0,0,0,0,34,12,25,100,100
RANDOM,334022,430.2657974775878,2.2982423423687517,445.27907653515393,0,0,0,0,0,34,12,25,100,100
HIGHEST_SNR,334022,430.2657974775878,2.2982423423687517,445.27907653515393,0,0,0,0,0,34,12,25,100,100
SHORTEST_PULSE,334022,430.2657974775878,2.2982423423687517,445.27907653515393,0,0,0,0,0,34,12,25,100,100
METROLOGY_CONDITIONED_EIG,334022,430.2657974775878,2.2982423423687517,445.27907653515393,0,0,0,0,0,34,12,25,100,100
NO_PASSIVE,334023,496.7981736743809,1.8576122210449504,445.27907653515393,0,0,0,0,8,34,12,25,100,100
RANDOM,334023,386.488666823679,1.8859518298614804,316.19760196666067,8,0,0,0,8,34,12,25,100,100
HIGHEST_SNR,334023,386.488666823679,1.8859518298614804,316.19760196666067,8,0,0,0,8,34,12,25,100,100
SHORTEST_PULSE,334023,386.488666823679,1.8859518298614804,316.19760196666067,8,0,0,0,8,34,12,25,100,100
METROLOGY_CONDITIONED_EIG,334023,386.488666823679,1.8859518298614804,316.19760196666067,8,0,0,0,8,34,12,25,100,100
NO_PASSIVE,334024,646.8302598318656,3.608797619644281,445.27907653515393,0,0,0,0,0,34,12,25,100,100
RANDOM,334024,646.8302598318656,3.608797619644281,445.27907653515393,0,0,0,0,0,34,12,25,100,100
HIGHEST_SNR,334024,646.8302598318656,3.608797619644281,445.27907653515393,0,0,0,0,0,34,12,25,100,100
SHORTEST_PULSE,334024,646.8302598318656,3.608797619644281,445.27907653515393,0,0,0,0,0,34,12,25,100,100
METROLOGY_CONDITIONED_EIG,334024,646.8302598318656,3.608797619644281,445.27907653515393,0,0,0,0,0,34,12,25,100,100
NO_PASSIVE,334025,61.89304678424918,2.0124072644846875,445.27907653515393,0,0,0,0,0,34,12,25,100,100
RANDOM,334025,61.89304678424918,2.0124072644846875,445.27907653515393,0,0,0,0,0,34,12,25,100,100
HIGHEST_SNR,334025,61.89304678424918,2.0124072644846875,445.27907653515393,0,0,0,0,0,34,12,25,100,100
SHORTEST_PULSE,334025,61.89304678424918,2.0124072644846875,445.27907653515393,0,0,0,0,0,34,12,25,100,100
METROLOGY_CONDITIONED_EIG,334025,61.89304678424918,2.0124072644846875,445.27907653515393,0,0,0,0,0,34,12,25,100,100
NO_PASSIVE,334026,375.3269703074274,2.559169223309764,445.27907653515393,0,0,0,0,9,34,12,25,100,100
RANDOM,334026,101.75002073655925,2.298374990792588,95.78747318949102,9,0,0,0,9,34,12,25,100,100
HIGHEST_SNR,334026,101.75002073655925,2.298374990792588,95.78747318949102,9,0,0,0,9,34,12,25,100,100
SHORTEST_PULSE,334026,101.75002073655925,2.298374990792588,95.78747318949102,9,0,0,0,9,34,12,25,100,100
METROLOGY_CONDITIONED_EIG,334026,101.75002073655925,2.298374990792588,95.78747318949102,9,0,0,0,9,34,12,25,100,100
NO_PASSIVE,334027,545.1525239701914,3.193382517158131,445.27907653515393,0,0,0,0,5,34,12,25,100,100
RANDOM,334027,473.4015545075207,2.3652239194617057,322.5720645893489,5,0,0,0,5,34,12,25,100,100
HIGHEST_SNR,334027,473.4015545075207,2.3652239194617057,322.5720645893489,5,0,0,0,5,34,12,25,100,100
SHORTEST_PULSE,334027,473.4015545075207,2.3652239194617057,322.5720645893489,5,0,0,0,5,34,12,25,100,100
METROLOGY_CONDITIONED_EIG,334027,473.4015545075207,2.3652239194617057,322.5720645893489,5,0,0,0,5,34,12,25,100,100
NO_PASSIVE,334028,126.43104220761064,2.5109771259101477,445.27907653515393,0,0,0,0,0,34,12,25,100,100
RANDOM,334028,126.43104220761064,2.5109771259101477,445.27907653515393,0,0,0,0,0,34,12,25,100,100
HIGHEST_SNR,334028,126.43104220761064,2.5109771259101477,445.27907653515393,0,0,0,0,0,34,12,25,100,100
SHORTEST_PULSE,334028,126.43104220761064,2.5109771259101477,445.27907653515393,0,0,0,0,0,34,12,25,100,100
METROLOGY_CONDITIONED_EIG,334028,126.43104220761064,2.5109771259101477,445.27907653515393,0,0,0,0,0,34,12,25,100,100
NO_PASSIVE,334029,548.1743028403602,2.7858796157899737,445.27907653515393,0,0,0,0,0,34,12,25,100,100
RANDOM,334029,548.1743028403602,2.7858796157899737,445.27907653515393,0,0,0,0,0,34,12,25,100,100
HIGHEST_SNR,334029,548.1743028403602,2.7858796157899737,445.27907653515393,0,0,0,0,0,34,12,25,100,100
SHORTEST_PULSE,334029,548.1743028403602,2.7858796157899737,445.27907653515393,0,0,0,0,0,34,12,25,100,100
METROLOGY_CONDITIONED_EIG,334029,548.1743028403602,2.7858796157899737,445.27907653515393,0,0,0,0,0,34,12,25,100,100
NO_PASSIVE,335000,273.1704706593176,0.9275128102665876,445.27907653515393,0,0,0,0,160,35,12,25,1000,30
RANDOM,335000,9.579599830853534,0.32147441894308876,22.482071898382568,60,0,0,0,160,35,12,25,1000,30
HIGHEST_SNR,335000,8.28174638552647,0.9926388192712278,27.807014439598106,60,0,0,0,160,35,12,25,1000,30
SHORTEST_PULSE,335000,15.493035427686403,0.19809617364124082,18.737023064973645,60,0,0,0,160,35,12,25,1000,30
METROLOGY_CONDITIONED_EIG,335000,9.83043927381475,0.2113007600538887,19.696070043002763,60,0,0,0,160,35,12,25,1000,30
NO_PASSIVE,335001,133.74816966046748,1.4705847817989848,445.27907653515393,0,0,0,0,58,35,12,25,1000,30
RANDOM,335001,10.573967487204303,0.49395071109880917,34.818117255071314,38,0,0,0,58,35,12,25,1000,30
HIGHEST_SNR,335001,17.044481354747912,0.8079686588482284,29.76856784891358,38,0,0,0,58,35,12,25,1000,30
SHORTEST_PULSE,335001,25.269560261814323,0.8956903554075518,27.930613583117395,38,0,0,0,58,35,12,25,1000,30
METROLOGY_CONDITIONED_EIG,335001,27.55055499703058,1.0751923959860217,27.90223456327869,38,0,0,0,58,35,12,25,1000,30
NO_PASSIVE,335002,669.7594991703355,1.8973143354527506,445.27907653515393,0,0,0,0,37,35,12,25,1000,30
RANDOM,335002,41.48369422722166,1.0171743377538163,40.25765636579756,33,1,0,0,37,35,12,25,1000,30
HIGHEST_SNR,335002,40.583727365222785,1.0375764774850438,39.68110315081014,33,1,0,0,37,35,12,25,1000,30
SHORTEST_PULSE,335002,40.583727365222785,1.0375764774850438,39.68110315081014,33,1,0,0,37,35,12,25,1000,30
METROLOGY_CONDITIONED_EIG,335002,30.792919453228237,0.8347396850914793,37.3261519737594,33,1,0,0,37,35,12,25,1000,30
NO_PASSIVE,335003,382.27866291003716,2.1864258481983696,445.27907653515393,0,0,0,0,38,35,12,25,1000,30
RANDOM,335003,17.71198246507305,0.11590046113368059,27.74106220009252,35,0,0,0,38,35,12,25,1000,30
HIGHEST_SNR,335003,20.05830815794813,0.11015360814629893,27.758012532334103,35,0,0,0,38,35,12,25,1000,30
SHORTEST_PULSE,335003,17.71198246507305,0.11590046113368059,27.74106220009252,35,0,0,0,38,35,12,25,1000,30
METROLOGY_CONDITIONED_EIG,335003,13.850125956494306,0.10721315109232056,27.69540494607969,35,0,0,0,38,35,12,25,1000,30
NO_PASSIVE,335004,436.2081755182385,0.49636063163914795,445.27907653515393,0,0,0,0,34,35,12,25,1000,30
RANDOM,335004,18.645501276259445,1.424925823512105,31.887220431243332,29,0,0,0,34,35,12,25,1000,30
HIGHEST_SNR,335004,21.299419976448043,1.7969096575556172,38.48398961039653,29,0,0,0,34,35,12,25,1000,30
SHORTEST_PULSE,335004,17.937650698429703,1.5511814084496933,32.398968922382146,29,0,0,0,34,35,12,25,1000,30
METROLOGY_CONDITIONED_EIG,335004,13.921445774691177,1.4428437604851156,30.950263676748058,29,0,0,0,34,35,12,25,1000,30
NO_PASSIVE,335005,361.1357904393383,0.568819276779588,445.27907653515393,0,0,0,0,25,35,12,25,1000,30
RANDOM,335005,6.834306682524798,0.2988704421526517,32.87277673290095,23,0,0,0,25,35,12,25,1000,30
HIGHEST_SNR,335005,11.974141757346334,0.5982208894930308,33.257023772993406,23,0,0,0,25,35,12,25,1000,30
SHORTEST_PULSE,335005,6.834306682524798,0.2988704421526517,32.87277673290095,23,0,0,0,25,35,12,25,1000,30
METROLOGY_CONDITIONED_EIG,335005,6.834306682524798,0.2988704421526517,32.87277673290095,23,0,0,0,25,35,12,25,1000,30
NO_PASSIVE,335006,129.9013299569318,3.096619748059151,445.27907653515393,0,0,0,0,68,35,12,25,1000,30
RANDOM,335006,37.78434734054127,1.2093274875862534,35.679210180158506,48,0,0,0,68,35,12,25,1000,30
HIGHEST_SNR,335006,124.5262193754948,2.5479404966099235,77.5798611579184,48,0,0,0,68,35,12,25,1000,30
SHORTEST_PULSE,335006,124.5262193754948,2.5479404966099235,77.5798611579184,48,0,0,0,68,35,12,25,1000,30
METROLOGY_CONDITIONED_EIG,335006,21.911625131418766,0.7362812343227969,25.72563811833415,48,0,0,0,68,35,12,25,1000,30
NO_PASSIVE,335007,129.31804908943298,1.9478523137215733,445.27907653515393,0,0,0,0,62,35,12,25,1000,30
RANDOM,335007,12.124994106008751,0.7123904507269753,23.771627974786067,39,0,0,0,62,35,12,25,1000,30
HIGHEST_SNR,335007,8.375567192829575,0.5250114312122582,28.90229742767288,38,1,0,0,62,35,12,25,1000,30
SHORTEST_PULSE,335007,26.694557701506664,0.9026223050936428,21.04417181215458,39,0,0,0,62,35,12,25,1000,30
METROLOGY_CONDITIONED_EIG,335007,26.768691717894992,0.8985563304292146,21.006950609476107,39,0,0,0,62,35,12,25,1000,30
NO_PASSIVE,335008,211.7005843778254,2.7960699992234033,445.27907653515393,0,0,0,0,7,35,12,25,1000,30
RANDOM,335008,76.31256387734126,1.4961576908900032,96.36037298985845,7,0,0,0,7,35,12,25,1000,30
HIGHEST_SNR,335008,76.31256387734126,1.4961576908900032,96.36037298985845,7,0,0,0,7,35,12,25,1000,30
SHORTEST_PULSE,335008,76.31256387734126,1.4961576908900032,96.36037298985845,7,0,0,0,7,35,12,25,1000,30
METROLOGY_CONDITIONED_EIG,335008,76.31256387734126,1.4961576908900032,96.36037298985845,7,0,0,0,7,35,12,25,1000,30
NO_PASSIVE,335009,809.0653175075652,0.2121364289936854,445.27907653515393,0,0,0,0,64,35,12,25,1000,30
RANDOM,335009,23.162179775300945,0.6848956454053606,36.14835272578112,41,0,0,0,64,35,12,25,1000,30
HIGHEST_SNR,335009,23.82131917220636,0.49424018068716247,33.09315116039974,41,0,0,0,64,35,12,25,1000,30
SHORTEST_PULSE,335009,23.82131917220636,0.49424018068716247,33.09315116039974,41,0,0,0,64,35,12,25,1000,30
METROLOGY_CONDITIONED_EIG,335009,25.79633591028785,0.35943466189034384,32.6833672758886,41,0,0,0,64,35,12,25,1000,30
NO_PASSIVE,335010,379.19656684818045,0.5260665734668137,445.27907653515393,0,0,0,0,49,35,12,25,1000,30
RANDOM,335010,15.356853484307065,0.44842380991378383,73.79222084630831,35,1,0,0,49,35,12,25,1000,30
HIGHEST_SNR,335010,27.63118127421535,0.4182199966589868,66.53161437869213,35,1,0,0,49,35,12,25,1000,30
SHORTEST_PULSE,335010,25.39957408033293,0.43563002018805047,81.03349447186717,35,1,0,0,49,35,12,25,1000,30
METROLOGY_CONDITIONED_EIG,335010,14.811986486940809,0.26820391012874495,61.44979164451335,35,1,0,0,49,35,12,25,1000,30
NO_PASSIVE,335011,323.6851472823039,2.7505011824739833,445.27907653515393,0,0,0,0,39,35,12,25,1000,30
RANDOM,335011,37.401518616253185,0.526342886978308,56.94765377414621,24,2,0,0,39,35,12,25,1000,30
HIGHEST_SNR,335011,46.11020586176503,0.7789849286213077,64.31096866579718,25,1,0,0,39,35,12,25,1000,30
SHORTEST_PULSE,335011,52.960574668697404,0.9853586182208216,42.66947990518567,26,0,0,0,39,35,12,25,1000,30
METROLOGY_CONDITIONED_EIG,335011,50.071231688143804,0.5800715756846729,42.69079494160616,26,0,0,0,39,35,12,25,1000,30
NO_PASSIVE,335012,143.400699437656,3.152999535629613,445.27907653515393,0,0,0,0,8,35,12,25,1000,30
RANDOM,335012,12.863537228038926,0.8968929903116579,75.08320078681382,8,0,0,0,8,35,12,25,1000,30
HIGHEST_SNR,335012,12.863537228038926,0.8968929903116579,75.08320078681382,8,0,0,0,8,35,12,25,1000,30
SHORTEST_PULSE,335012,12.863537228038926,0.8968929903116579,75.08320078681382,8,0,0,0,8,35,12,25,1000,30
METROLOGY_CONDITIONED_EIG,335012,12.863537228038926,0.8968929903116579,75.08320078681382,8,0,0,0,8,35,12,25,1000,30
NO_PASSIVE,335013,319.3212781882421,2.241645413422858,445.27907653515393,0,0,0,0,25,35,12,25,1000,30
RANDOM,335013,21.183030191487823,0.8501736140025141,62.6745130015152,22,0,0,0,25,35,12,25,1000,30
HIGHEST_SNR,335013,21.183030191487823,0.8501736140025141,62.6745130015152,22,0,0,0,25,35,12,25,1000,30
SHORTEST_PULSE,335013,10.271343691461727,0.8952145696181237,49.66934309538558,22,0,0,0,25,35,12,25,1000,30
METROLOGY_CONDITIONED_EIG,335013,9.074230204090881,0.846465695237818,49.701268717304686,22,0,0,0,25,35,12,25,1000,30
NO_PASSIVE,335014,660.0224792129654,2.059153534282672,445.27907653515393,0,0,0,0,51,35,12,25,1000,30
RANDOM,335014,54.938393045061,1.3680161221283411,99.89337146615351,44,1,0,0,51,35,12,25,1000,30
HIGHEST_SNR,335014,36.92404758203738,1.4027207577368663,98.95688212221881,44,1,0,0,51,35,12,25,1000,30
SHORTEST_PULSE,335014,89.26046996958465,1.288600906699973,100.23909724653986,44,1,0,0,51,35,12,25,1000,30
METROLOGY_CONDITIONED_EIG,335014,79.22776551300882,1.1964963594935645,99.49417142458101,44,1,0,0,51,35,12,25,1000,30
NO_PASSIVE,335015,234.36015295680087,1.8246978350216616,445.27907653515393,0,0,0,0,23,35,12,25,1000,30
RANDOM,335015,88.53044201711894,1.7702995756813715,53.45195164287115,21,0,0,0,23,35,12,25,1000,30
HIGHEST_SNR,335015,78.65385498028967,1.6130341724117554,53.940323666414976,21,0,0,0,23,35,12,25,1000,30
SHORTEST_PULSE,335015,93.07578232295272,1.8274744062276533,51.84375575776356,21,0,0,0,23,35,12,25,1000,30
METROLOGY_CONDITIONED_EIG,335015,83.25140541314721,1.6712261628817313,52.59426583329349,21,0,0,0,23,35,12,25,1000,30
NO_PASSIVE,335016,943.5681754711053,0.47839772242728834,445.27907653515393,0,0,0,0,10,35,12,25,1000,30
RANDOM,335016,926.3263013782051,0.47884197981255744,326.3426297153387,2,8,0,0,10,35,12,25,1000,30
HIGHEST_SNR,335016,926.3263013782051,0.47884197981255744,326.3426297153387,2,8,0,0,10,35,12,25,1000,30
SHORTEST_PULSE,335016,926.3263013782051,0.47884197981255744,326.3426297153387,2,8,0,0,10,35,12,25,1000,30
METROLOGY_CONDITIONED_EIG,335016,926.3263013782051,0.47884197981255744,326.3426297153387,2,8,0,0,10,35,12,25,1000,30
NO_PASSIVE,335017,344.7254992476016,2.103259536968044,445.27907653515393,0,0,0,0,8,35,12,25,1000,30
RANDOM,335017,44.783485606316304,1.9586677342452188,118.19329336974937,8,0,0,0,8,35,12,25,1000,30
HIGHEST_SNR,335017,44.783485606316304,1.9586677342452188,118.19329336974937,8,0,0,0,8,35,12,25,1000,30
SHORTEST_PULSE,335017,44.783485606316304,1.9586677342452188,118.19329336974937,8,0,0,0,8,35,12,25,1000,30
METROLOGY_CONDITIONED_EIG,335017,44.783485606316304,1.9586677342452188,118.19329336974937,8,0,0,0,8,35,12,25,1000,30
NO_PASSIVE,335018,348.18044304226925,2.293001276876399,445.27907653515393,0,0,0,0,98,35,12,25,1000,30
RANDOM,335018,45.597625936376026,0.7593360258372273,40.168487903848536,59,0,0,0,98,35,12,25,1000,30
HIGHEST_SNR,335018,14.618429430686392,0.868093903009921,57.699802309024015,59,0,0,0,98,35,12,25,1000,30
SHORTEST_PULSE,335018,56.391385099651444,1.4084233958302774,39.111915387091855,59,0,0,0,98,35,12,25,1000,30
METROLOGY_CONDITIONED_EIG,335018,56.18394054574349,2.181217251419731,34.67296256881001,58,1,0,0,98,35,12,25,1000,30
NO_PASSIVE,335019,310.0430418886603,3.9497920027368196,445.27907653515393,0,0,0,0,19,35,12,25,1000,30
RANDOM,335019,190.3686169527743,3.5934699836997117,68.84564075269518,16,0,0,0,19,35,12,25,1000,30
HIGHEST_SNR,335019,176.395226139922,3.46536890244155,66.59572059876803,16,0,0,0,19,35,12,25,1000,30
SHORTEST_PULSE,335019,165.87123100151746,3.938748478825424,68.63543430589947,16,0,0,0,19,35,12,25,1000,30
METROLOGY_CONDITIONED_EIG,335019,173.0265901289286,3.656286693580268,66.5574826139808,16,0,0,0,19,35,12,25,1000,30
NO_PASSIVE,335020,610.3436111269144,1.7085803649821842,445.27907653515393,0,0,0,0,3,35,12,25,1000,30
RANDOM,335020,48.18511900897842,1.3565851234817214,90.94934404434511,3,0,0,0,3,35,12,25,1000,30
HIGHEST_SNR,335020,48.18511900897842,1.3565851234817214,90.94934404434511,3,0,0,0,3,35,12,25,1000,30
SHORTEST_PULSE,335020,48.18511900897842,1.3565851234817214,90.94934404434511,3,0,0,0,3,35,12,25,1000,30
METROLOGY_CONDITIONED_EIG,335020,48.18511900897842,1.3565851234817214,90.94934404434511,3,0,0,0,3,35,12,25,1000,30
NO_PASSIVE,335021,355.3226773883877,2.5733872912016675,445.27907653515393,0,0,0,0,2,35,12,25,1000,30
RANDOM,335021,120.20182026267237,2.691567552419132,135.7767955949342,2,0,0,0,2,35,12,25,1000,30
HIGHEST_SNR,335021,120.20182026267237,2.691567552419132,135.7767955949342,2,0,0,0,2,35,12,25,1000,30
SHORTEST_PULSE,335021,120.20182026267237,2.691567552419132,135.7767955949342,2,0,0,0,2,35,12,25,1000,30
METROLOGY_CONDITIONED_EIG,335021,120.20182026267237,2.691567552419132,135.7767955949342,2,0,0,0,2,35,12,25,1000,30
NO_PASSIVE,335022,58.14765844040072,0.5779533068358765,445.27907653515393,0,0,0,0,19,35,12,25,1000,30
RANDOM,335022,19.155074856001526,0.9164362482056668,57.42654567058375,18,0,0,0,19,35,12,25,1000,30
HIGHEST_SNR,335022,30.247180709887402,1.0492461000103195,73.5696117236477,18,0,0,0,19,35,12,25,1000,30
SHORTEST_PULSE,335022,19.155074856001526,0.9164362482056668,57.42654567058375,18,0,0,0,19,35,12,25,1000,30
METROLOGY_CONDITIONED_EIG,335022,19.155074856001526,0.9164362482056668,57.42654567058375,18,0,0,0,19,35,12,25,1000,30
NO_PASSIVE,335023,259.88287692294205,2.496270382270271,445.27907653515393,0,0,0,0,21,35,12,25,1000,30
RANDOM,335023,36.88069194579269,0.27236464753375816,56.72334241877091,21,0,0,0,21,35,12,25,1000,30
HIGHEST_SNR,335023,36.88069194579269,0.27236464753375816,56.72334241877091,21,0,0,0,21,35,12,25,1000,30
SHORTEST_PULSE,335023,36.88069194579269,0.27236464753375816,56.72334241877091,21,0,0,0,21,35,12,25,1000,30
METROLOGY_CONDITIONED_EIG,335023,36.88069194579269,0.27236464753375816,56.72334241877091,21,0,0,0,21,35,12,25,1000,30
NO_PASSIVE,335024,728.3890387285801,1.5533638097361462,445.27907653515393,0,0,0,0,51,35,12,25,1000,30
RANDOM,335024,21.061142156980644,0.9563367876325395,32.767050795942424,46,0,0,0,51,35,12,25,1000,30
HIGHEST_SNR,335024,21.973325293635614,0.8874130175320778,28.19459745462939,46,0,0,0,51,35,12,25,1000,30
SHORTEST_PULSE,335024,21.973325293635614,0.8874130175320778,28.19459745462939,46,0,0,0,51,35,12,25,1000,30
METROLOGY_CONDITIONED_EIG,335024,24.029140197588138,1.004321518888112,28.12836601817665,46,0,0,0,51,35,12,25,1000,30
NO_PASSIVE,335025,376.3392075110175,1.7734688240406875,445.27907653515393,0,0,0,0,31,35,12,25,1000,30
RANDOM,335025,20.934443264779517,0.7681156383308406,22.235751257153602,31,0,0,0,31,35,12,25,1000,30
HIGHEST_SNR,335025,20.934443264779517,0.7681156383308406,22.235751257153602,31,0,0,0,31,35,12,25,1000,30
SHORTEST_PULSE,335025,20.934443264779517,0.7681156383308406,22.235751257153602,31,0,0,0,31,35,12,25,1000,30
METROLOGY_CONDITIONED_EIG,335025,20.934443264779517,0.7681156383308406,22.235751257153602,31,0,0,0,31,35,12,25,1000,30
NO_PASSIVE,335026,385.40594910037703,1.0425847814986324,445.27907653515393,0,0,0,0,4,35,12,25,1000,30
RANDOM,335026,57.35471088295718,0.36234056661437486,94.42202774712693,4,0,0,0,4,35,12,25,1000,30
HIGHEST_SNR,335026,57.35471088295718,0.36234056661437486,94.42202774712693,4,0,0,0,4,35,12,25,1000,30
SHORTEST_PULSE,335026,57.35471088295718,0.36234056661437486,94.42202774712693,4,0,0,0,4,35,12,25,1000,30
METROLOGY_CONDITIONED_EIG,335026,57.35471088295718,0.36234056661437486,94.42202774712693,4,0,0,0,4,35,12,25,1000,30
NO_PASSIVE,335027,688.5438464420694,1.8206233468920603,445.27907653515393,0,0,0,0,8,35,12,25,1000,30
RANDOM,335027,171.33153427458458,2.14245451187984,81.7408817745647,7,0,0,0,8,35,12,25,1000,30
HIGHEST_SNR,335027,116.27709901777891,1.608059758927369,140.6473262381205,7,0,0,0,8,35,12,25,1000,30
SHORTEST_PULSE,335027,171.33153427458458,2.14245451187984,81.7408817745647,7,0,0,0,8,35,12,25,1000,30
METROLOGY_CONDITIONED_EIG,335027,171.33153427458458,2.14245451187984,81.7408817745647,7,0,0,0,8,35,12,25,1000,30
NO_PASSIVE,335028,265.0699779825515,3.359817855389545,445.27907653515393,0,0,0,0,4,35,12,25,1000,30
RANDOM,335028,64.78403511177842,1.8449720223962571,67.08052219883284,4,0,0,0,4,35,12,25,1000,30
HIGHEST_SNR,335028,64.78403511177842,1.8449720223962571,67.08052219883284,4,0,0,0,4,35,12,25,1000,30
SHORTEST_PULSE,335028,64.78403511177842,1.8449720223962571,67.08052219883284,4,0,0,0,4,35,12,25,1000,30
METROLOGY_CONDITIONED_EIG,335028,64.78403511177842,1.8449720223962571,67.08052219883284,4,0,0,0,4,35,12,25,1000,30
NO_PASSIVE,335029,808.016363147294,0.7132671374402745,445.27907653515393,0,0,0,0,58,35,12,25,1000,30
RANDOM,335029,37.532913282231696,2.047274907290255,29.585182568708056,41,7,0,0,58,35,12,25,1000,30
HIGHEST_SNR,335029,20.3720872661159,1.268528051792522,32.435201649954344,43,5,0,0,58,35,12,25,1000,30
SHORTEST_PULSE,335029,22.340351175113064,1.7431820879768007,28.634287270510402,41,7,0,0,58,35,12,25,1000,30
METROLOGY_CONDITIONED_EIG,335029,29.551655477762,1.9697402663120964,27.93666930965322,41,7,0,0,58,35,12,25,1000,30
NO_PASSIVE,336000,375.55014146093885,1.1813872391297398,445.27907653515393,0,0,0,0,45,36,12,25,1000,100
RANDOM,336000,68.09003219385549,2.0636332264501984,60.906893375194116,26,1,0,0,45,36,12,25,1000,100
HIGHEST_SNR,336000,67.76748781241383,1.4630375092729935,91.59710043164974,27,0,0,0,45,36,12,25,1000,100
SHORTEST_PULSE,336000,82.0989321416847,1.5182156305714096,57.686451671351946,27,0,0,0,45,36,12,25,1000,100
METROLOGY_CONDITIONED_EIG,336000,92.16018445688019,1.9182732222109196,57.606535988231585,27,0,0,0,45,36,12,25,1000,100
NO_PASSIVE,336001,139.84629070277896,1.3848567504147338,445.27907653515393,0,0,0,0,31,36,12,25,1000,100
RANDOM,336001,30.37679329893652,2.678756515957014,61.766319375442556,25,1,0,0,31,36,12,25,1000,100
HIGHEST_SNR,336001,40.88464480898519,2.5323906773394587,78.832436187048,26,0,0,0,31,36,12,25,1000,100
SHORTEST_PULSE,336001,13.385821196477501,2.5239740104669717,58.89884439711878,26,0,0,0,31,36,12,25,1000,100
METROLOGY_CONDITIONED_EIG,336001,13.385821196477501,2.5239740104669717,58.89884439711878,26,0,0,0,31,36,12,25,1000,100
NO_PASSIVE,336002,277.303808936797,0.2049965602614848,445.27907653515393,0,0,0,0,23,36,12,25,1000,100
RANDOM,336002,52.80515975989698,0.9768872708229723,60.562198758131615,19,0,0,0,23,36,12,25,1000,100
HIGHEST_SNR,336002,47.04323467008091,0.8564332009948303,75.90017945301726,19,0,0,0,23,36,12,25,1000,100
SHORTEST_PULSE,336002,56.25096043320155,1.170051397980517,59.613573319637325,19,0,0,0,23,36,12,25,1000,100
METROLOGY_CONDITIONED_EIG,336002,55.35609520820129,0.9667480295911203,59.72934635683585,19,0,0,0,23,36,12,25,1000,100
NO_PASSIVE,336003,242.09140166402196,2.409080368375068,445.27907653515393,0,0,0,0,37,36,12,25,1000,100
RANDOM,336003,65.99107088395024,1.871856214535574,56.27907615381313,25,0,0,0,37,36,12,25,1000,100
HIGHEST_SNR,336003,37.151920165108045,1.7376813770125015,60.27583489785986,25,0,0,0,37,36,12,25,1000,100
SHORTEST_PULSE,336003,35.386664621051885,2.0406384261473822,60.094596948669356,25,0,0,0,37,36,12,25,1000,100
METROLOGY_CONDITIONED_EIG,336003,64.83798925232085,1.7808743155924687,54.168815913624044,25,0,0,0,37,36,12,25,1000,100
NO_PASSIVE,336004,28.955155532169783,0.9949859952757545,445.27907653515393,0,0,0,0,32,36,12,25,1000,100
RANDOM,336004,24.775442588293995,0.7637240026669082,62.958992966737206,29,0,0,0,32,36,12,25,1000,100
HIGHEST_SNR,336004,30.83765690752218,0.8982016913137976,62.981668951496296,29,0,0,0,32,36,12,25,1000,100
SHORTEST_PULSE,336004,26.551538741318847,0.6925162109780791,63.059796287837926,29,0,0,0,32,36,12,25,1000,100
METROLOGY_CONDITIONED_EIG,336004,30.248621324068594,0.8573107163651675,62.80901881999452,29,0,0,0,32,36,12,25,1000,100
NO_PASSIVE,336005,791.3436850685858,0.9049215422273652,445.27907653515393,0,0,0,0,4,36,12,25,1000,100
RANDOM,336005,186.720386814831,1.4562039915216054,181.05410748769862,4,0,0,0,4,36,12,25,1000,100
HIGHEST_SNR,336005,186.720386814831,1.4562039915216054,181.05410748769862,4,0,0,0,4,36,12,25,1000,100
SHORTEST_PULSE,336005,186.720386814831,1.4562039915216054,181.05410748769862,4,0,0,0,4,36,12,25,1000,100
METROLOGY_CONDITIONED_EIG,336005,186.720386814831,1.4562039915216054,181.05410748769862,4,0,0,0,4,36,12,25,1000,100
NO_PASSIVE,336006,623.2795537699026,1.653906028222963,445.27907653515393,0,0,0,0,24,36,12,25,1000,100
RANDOM,336006,83.48723951946036,1.529436233445315,73.14481415253178,20,0,0,0,24,36,12,25,1000,100
HIGHEST_SNR,336006,54.90442985700607,1.5605182134860665,102.93499689925872,20,0,0,0,24,36,12,25,1000,100
SHORTEST_PULSE,336006,59.32053405842233,1.3514380296492756,56.97651588413078,20,0,0,0,24,36,12,25,1000,100
METROLOGY_CONDITIONED_EIG,336006,59.32053405842233,1.3514380296492756,56.97651588413078,20,0,0,0,24,36,12,25,1000,100
NO_PASSIVE,336007,198.138180954638,0.3375599230781046,445.27907653515393,0,0,0,0,30,36,12,25,1000,100
RANDOM,336007,58.71169739153535,0.986305591476007,69.79072315262447,24,0,0,0,30,36,12,25,1000,100
HIGHEST_SNR,336007,20.735183565063743,0.9801998131131542,93.36586691756526,24,0,0,0,30,36,12,25,1000,100
SHORTEST_PULSE,336007,35.50086386155951,0.9034263353117801,84.00539696572567,24,0,0,0,30,36,12,25,1000,100
METROLOGY_CONDITIONED_EIG,336007,44.30531590228415,0.3415647378865295,68.79155507553388,24,0,0,0,30,36,12,25,1000,100
NO_PASSIVE,336008,517.9452808882535,2.050728624054371,445.27907653515393,0,0,0,0,22,36,12,25,1000,100
RANDOM,336008,54.821199144983886,0.35516212463513946,60.31040756364915,22,0,0,0,22,36,12,25,1000,100
HIGHEST_SNR,336008,54.821199144983886,0.35516212463513946,60.31040756364915,22,0,0,0,22,36,12,25,1000,100
SHORTEST_PULSE,336008,54.821199144983886,0.35516212463513946,60.31040756364915,22,0,0,0,22,36,12,25,1000,100
METROLOGY_CONDITIONED_EIG,336008,54.821199144983886,0.35516212463513946,60.31040756364915,22,0,0,0,22,36,12,25,1000,100
NO_PASSIVE,336009,269.58626232805346,0.7529530137581557,445.27907653515393,0,0,0,0,13,36,12,25,1000,100
RANDOM,336009,83.90558052786479,0.3957749759667525,86.0214927209354,13,0,0,0,13,36,12,25,1000,100
HIGHEST_SNR,336009,83.90558052786479,0.3957749759667525,86.0214927209354,13,0,0,0,13,36,12,25,1000,100
SHORTEST_PULSE,336009,83.90558052786479,0.3957749759667525,86.0214927209354,13,0,0,0,13,36,12,25,1000,100
METROLOGY_CONDITIONED_EIG,336009,83.90558052786479,0.3957749759667525,86.0214927209354,13,0,0,0,13,36,12,25,1000,100
NO_PASSIVE,336010,601.2751121213204,4.300790165631392,445.27907653515393,0,0,0,0,21,36,12,25,1000,100
RANDOM,336010,152.54165603908942,4.093685659444075,116.05440641535637,17,1,0,0,21,36,12,25,1000,100
HIGHEST_SNR,336010,263.2330759880702,4.1388520557197905,174.1806792204729,18,0,0,0,21,36,12,25,1000,100
SHORTEST_PULSE,336010,242.00790935658566,4.015361149807566,172.91497193642599,17,1,0,0,21,36,12,25,1000,100
METROLOGY_CONDITIONED_EIG,336010,136.11110790434378,3.968921250335428,114.78512096383686,17,1,0,0,21,36,12,25,1000,100
NO_PASSIVE,336011,273.33244550091035,0.8742384684347898,445.27907653515393,0,0,0,0,94,36,12,25,1000,100
RANDOM,336011,13.806229015562456,0.2932455978687441,53.967405876045746,56,0,0,0,94,36,12,25,1000,100
HIGHEST_SNR,336011,30.255436544169406,0.22360614820012975,66.44076279970639,56,0,0,0,94,36,12,25,1000,100
SHORTEST_PULSE,336011,60.25585282261761,0.7979616880308104,50.12829971461492,56,0,0,0,94,36,12,25,1000,100
METROLOGY_CONDITIONED_EIG,336011,50.329721910023665,0.7081247105917031,52.1334733385804,56,0,0,0,94,36,12,25,1000,100
NO_PASSIVE,336012,118.35359717338098,1.6580049453678427,445.27907653515393,0,0,0,0,89,36,12,25,1000,100
RANDOM,336012,34.40702892351287,0.22489852733975846,40.64284596040059,43,1,0,0,89,36,12,25,1000,100
HIGHEST_SNR,336012,18.47609144788218,0.15783650804189991,55.653132484216066,44,0,0,0,89,36,12,25,1000,100
SHORTEST_PULSE,336012,12.012701019911926,0.30739657268885157,32.93722801602127,44,0,0,0,89,36,12,25,1000,100
METROLOGY_CONDITIONED_EIG,336012,1.6944441241019854,0.31244899101307216,29.15983853909401,43,1,0,0,89,36,12,25,1000,100
NO_PASSIVE,336013,112.66680836780324,0.6333975418962172,445.27907653515393,0,0,0,0,74,36,12,25,1000,100
RANDOM,336013,35.348778198051576,0.9403439811308241,48.35359198077788,35,0,0,0,74,36,12,25,1000,100
HIGHEST_SNR,336013,5.071301352108227,1.056237558342077,48.08240502364456,35,0,0,0,74,36,12,25,1000,100
SHORTEST_PULSE,336013,31.61849202265586,0.6850875431404151,44.865842402252824,35,0,0,0,74,36,12,25,1000,100
METROLOGY_CONDITIONED_EIG,336013,16.625189856725598,1.478199501742121,44.93034916070717,35,0,0,0,74,36,12,25,1000,100
NO_PASSIVE,336014,251.3219201753521,0.7903120275091392,445.27907653515393,0,0,0,0,29,36,12,25,1000,100
RANDOM,336014,62.56373180623771,1.9235291718180056,48.106959954287284,25,0,0,0,29,36,12,25,1000,100
HIGHEST_SNR,336014,82.61500666073741,0.7269568113791816,65.45445132161225,24,1,0,0,29,36,12,25,1000,100
SHORTEST_PULSE,336014,54.23221212486558,1.7984928159925486,47.88656883751089,25,0,0,0,29,36,12,25,1000,100
METROLOGY_CONDITIONED_EIG,336014,62.56373180623771,1.9235291718180056,48.106959954287284,25,0,0,0,29,36,12,25,1000,100
NO_PASSIVE,336015,410.1346108383475,0.6554356626392212,445.27907653515393,0,0,0,0,99,36,12,25,1000,100
RANDOM,336015,16.47116347588674,0.5950786256625913,59.92477584324225,49,0,0,0,99,36,12,25,1000,100
HIGHEST_SNR,336015,22.71742329847461,0.6767209362940008,72.52278890765866,49,0,0,0,99,36,12,25,1000,100
SHORTEST_PULSE,336015,20.483052095887064,0.7470540479318435,51.75425328071798,49,0,0,0,99,36,12,25,1000,100
METROLOGY_CONDITIONED_EIG,336015,16.404246362675362,0.722199896662031,52.52002569633084,49,0,0,0,99,36,12,25,1000,100
NO_PASSIVE,336016,442.25136592081753,2.6733988399727147,445.27907653515393,0,0,0,0,4,36,12,25,1000,100
RANDOM,336016,217.49088159393708,2.4470212829129956,130.6981958890634,4,0,0,0,4,36,12,25,1000,100
HIGHEST_SNR,336016,217.49088159393708,2.4470212829129956,130.6981958890634,4,0,0,0,4,36,12,25,1000,100
SHORTEST_PULSE,336016,217.49088159393708,2.4470212829129956,130.6981958890634,4,0,0,0,4,36,12,25,1000,100
METROLOGY_CONDITIONED_EIG,336016,217.49088159393708,2.4470212829129956,130.6981958890634,4,0,0,0,4,36,12,25,1000,100
NO_PASSIVE,336017,353.86500128049187,0.5909662181634207,445.27907653515393,0,0,0,0,6,36,12,25,1000,100
RANDOM,336017,23.472217210586887,0.6043416289305016,103.83219188457203,5,0,0,0,6,36,12,25,1000,100
HIGHEST_SNR,336017,63.4665220149214,0.6384851163751878,112.96301945158349,5,0,0,0,6,36,12,25,1000,100
SHORTEST_PULSE,336017,23.472217210586887,0.6043416289305016,103.83219188457203,5,0,0,0,6,36,12,25,1000,100
METROLOGY_CONDITIONED_EIG,336017,23.472217210586887,0.6043416289305016,103.83219188457203,5,0,0,0,6,36,12,25,1000,100
NO_PASSIVE,336018,347.1180042711813,1.3094673340345195,445.27907653515393,0,0,0,0,37,36,12,25,1000,100
RANDOM,336018,11.53151195057093,1.3672342304815708,165.20031901180582,35,1,0,0,37,36,12,25,1000,100
HIGHEST_SNR,336018,11.53151195057093,1.3672342304815708,165.20031901180582,35,1,0,0,37,36,12,25,1000,100
SHORTEST_PULSE,336018,18.73739561825282,1.379006642204708,69.6567147706396,35,1,0,0,37,36,12,25,1000,100
METROLOGY_CONDITIONED_EIG,336018,18.73739561825282,1.379006642204708,69.6567147706396,35,1,0,0,37,36,12,25,1000,100
NO_PASSIVE,336019,116.29787872639668,1.4449184779775293,445.27907653515393,0,0,0,0,18,36,12,25,1000,100
RANDOM,336019,24.03874801698752,1.6755271595888324,86.71858897840895,18,0,0,0,18,36,12,25,1000,100
HIGHEST_SNR,336019,24.03874801698752,1.6755271595888324,86.71858897840895,18,0,0,0,18,36,12,25,1000,100
SHORTEST_PULSE,336019,24.03874801698752,1.6755271595888324,86.71858897840895,18,0,0,0,18,36,12,25,1000,100
METROLOGY_CONDITIONED_EIG,336019,24.03874801698752,1.6755271595888324,86.71858897840895,18,0,0,0,18,36,12,25,1000,100
NO_PASSIVE,336020,427.52393922368907,1.3964433482838328,445.27907653515393,0,0,0,0,17,36,12,25,1000,100
RANDOM,336020,8.67886792754339,1.0802722722756137,81.2230700060558,16,0,0,0,17,36,12,25,1000,100
HIGHEST_SNR,336020,8.67886792754339,1.0802722722756137,81.2230700060558,16,0,0,0,17,36,12,25,1000,100
SHORTEST_PULSE,336020,13.8020050884973,0.5584422506941229,80.7432882081474,16,0,0,0,17,36,12,25,1000,100
METROLOGY_CONDITIONED_EIG,336020,13.8020050884973,0.5584422506941229,80.7432882081474,16,0,0,0,17,36,12,25,1000,100
NO_PASSIVE,336021,572.3034023518879,3.1336743922548074,445.27907653515393,0,0,0,0,25,36,12,25,1000,100
RANDOM,336021,46.51723266929149,0.8902884084935352,69.76579909524848,23,1,0,0,25,36,12,25,1000,100
HIGHEST_SNR,336021,46.51723266929149,0.8902884084935352,69.76579909524848,23,1,0,0,25,36,12,25,1000,100
SHORTEST_PULSE,336021,58.2745872519228,0.8472066695859107,60.50615346826384,23,1,0,0,25,36,12,25,1000,100
METROLOGY_CONDITIONED_EIG,336021,58.2745872519228,0.8472066695859107,60.50615346826384,23,1,0,0,25,36,12,25,1000,100
NO_PASSIVE,336022,341.5565550348496,2.9120003859478913,445.27907653515393,0,0,0,0,23,36,12,25,1000,100
RANDOM,336022,110.91658648038262,1.2660174099711623,126.36236033471043,23,0,0,0,23,36,12,25,1000,100
HIGHEST_SNR,336022,110.91658648038262,1.2660174099711623,126.36236033471043,23,0,0,0,23,36,12,25,1000,100
SHORTEST_PULSE,336022,110.91658648038262,1.2660174099711623,126.36236033471043,23,0,0,0,23,36,12,25,1000,100
METROLOGY_CONDITIONED_EIG,336022,110.91658648038262,1.2660174099711623,126.36236033471043,23,0,0,0,23,36,12,25,1000,100
NO_PASSIVE,336023,403.33577476260314,0.25308351392995654,445.27907653515393,0,0,0,0,87,36,12,25,1000,100
RANDOM,336023,30.53125170985382,1.418365902906573,48.467852902651444,57,1,0,0,87,36,12,25,1000,100
HIGHEST_SNR,336023,152.50737842445736,0.7764994561340013,94.65679723360546,57,1,0,0,87,36,12,25,1000,100
SHORTEST_PULSE,336023,61.85313521458836,1.0781524758967265,65.55503064957139,58,0,0,0,87,36,12,25,1000,100
METROLOGY_CONDITIONED_EIG,336023,30.188236263300674,0.49358244066375057,46.20262613571167,57,1,0,0,87,36,12,25,1000,100
NO_PASSIVE,336024,196.5869951828698,0.5015737694082758,445.27907653515393,0,0,0,0,122,36,12,25,1000,100
RANDOM,336024,52.331027225168995,0.9411777067110927,41.29037583677225,56,1,0,0,122,36,12,25,1000,100
HIGHEST_SNR,336024,50.13091764122198,2.0316934569404017,39.19190395557381,57,0,0,0,122,36,12,25,1000,100
SHORTEST_PULSE,336024,22.300960365667237,1.1185469690973249,46.169903566317096,56,1,0,0,122,36,12,25,1000,100
METROLOGY_CONDITIONED_EIG,336024,24.324339437669746,1.297912218387552,36.3054970719661,54,3,0,0,122,36,12,25,1000,100
NO_PASSIVE,336025,680.8362273570593,0.4441522683979502,445.27907653515393,0,0,0,0,70,36,12,25,1000,100
RANDOM,336025,46.73995376960703,0.5033055135489747,48.58933228612608,47,0,0,0,70,36,12,25,1000,100
HIGHEST_SNR,336025,46.44334731581233,0.2190536478288335,49.15824792517643,47,0,0,0,70,36,12,25,1000,100
SHORTEST_PULSE,336025,45.44938130705333,0.3595284227249111,49.09397083705864,47,0,0,0,70,36,12,25,1000,100
METROLOGY_CONDITIONED_EIG,336025,48.19341675549151,0.4519911831817414,46.55468810725257,47,0,0,0,70,36,12,25,1000,100
NO_PASSIVE,336026,396.55265879469414,2.4735401797389875,445.27907653515393,0,0,0,0,53,36,12,25,1000,100
RANDOM,336026,51.862462512088314,1.334033601329406,93.59745507722764,39,1,0,0,53,36,12,25,1000,100
HIGHEST_SNR,336026,9.986185994698703,1.364529700635489,94.80395093014,39,1,0,0,53,36,12,25,1000,100
SHORTEST_PULSE,336026,39.87418075474623,1.2629285598845743,94.14845663116655,39,1,0,0,53,36,12,25,1000,100
METROLOGY_CONDITIONED_EIG,336026,40.35746349961096,1.2437855262638045,91.5291892356801,39,1,0,0,53,36,12,25,1000,100
NO_PASSIVE,336027,464.9384351937578,1.917709516560413,445.27907653515393,0,0,0,0,3,36,12,25,1000,100
RANDOM,336027,59.75534177773628,2.9962891374194025,111.71975067385924,3,0,0,0,3,36,12,25,1000,100
HIGHEST_SNR,336027,59.75534177773628,2.9962891374194025,111.71975067385924,3,0,0,0,3,36,12,25,1000,100
SHORTEST_PULSE,336027,59.75534177773628,2.9962891374194025,111.71975067385924,3,0,0,0,3,36,12,25,1000,100
METROLOGY_CONDITIONED_EIG,336027,59.75534177773628,2.9962891374194025,111.71975067385924,3,0,0,0,3,36,12,25,1000,100
NO_PASSIVE,336028,659.0814104131265,3.779681266311584,445.27907653515393,0,0,0,0,26,36,12,25,1000,100
RANDOM,336028,103.02312540055044,2.718105025595382,53.81490953172673,23,0,0,0,26,36,12,25,1000,100
HIGHEST_SNR,336028,101.62237970058628,2.750171511393384,53.798683937854385,23,0,0,0,26,36,12,25,1000,100
SHORTEST_PULSE,336028,88.8741065996605,2.663806942559993,48.56506437921592,23,0,0,0,26,36,12,25,1000,100
METROLOGY_CONDITIONED_EIG,336028,90.3684001517404,2.6459011556832066,48.62563464615356,23,0,0,0,26,36,12,25,1000,100
NO_PASSIVE,336029,369.5589389248812,2.6074741621360547,445.27907653515393,0,0,0,0,29,36,12,25,1000,100
RANDOM,336029,9.750482344901247,0.27075211542375993,48.793458358058324,23,1,0,0,29,36,12,25,1000,100
HIGHEST_SNR,336029,27.55473106907595,2.362017136991066,54.35973629886665,24,0,0,0,29,36,12,25,1000,100
SHORTEST_PULSE,336029,9.750482344901247,0.27075211542375993,48.793458358058324,23,1,0,0,29,36,12,25,1000,100
METROLOGY_CONDITIONED_EIG,336029,25.427723864508575,0.3654239027416525,34.64399674788455,24,0,0,0,29,36,12,25,1000,100
NO_PASSIVE,337000,240.6596506728649,1.2615242586364208,445.27907653515393,0,0,0,0,5,37,20,5,10,30
RANDOM,337000,81.43690690864474,0.9574562521562212,61.14121109968852,5,0,0,0,5,37,20,5,10,30
HIGHEST_SNR,337000,81.43690690864474,0.9574562521562212,61.14121109968852,5,0,0,0,5,37,20,5,10,30
SHORTEST_PULSE,337000,81.43690690864474,0.9574562521562212,61.14121109968852,5,0,0,0,5,37,20,5,10,30
METROLOGY_CONDITIONED_EIG,337000,81.43690690864474,0.9574562521562212,61.14121109968852,5,0,0,0,5,37,20,5,10,30
NO_PASSIVE,337001,572.1686634129834,1.2197150128794092,445.27907653515393,0,0,0,0,22,37,20,5,10,30
RANDOM,337001,596.3689645504454,1.0247507237998081,313.7852895089887,21,1,0,0,22,37,20,5,10,30
HIGHEST_SNR,337001,596.3689645504454,1.0247507237998081,313.7852895089887,21,1,0,0,22,37,20,5,10,30
SHORTEST_PULSE,337001,596.3689645504454,1.0247507237998081,313.7852895089887,21,1,0,0,22,37,20,5,10,30
METROLOGY_CONDITIONED_EIG,337001,596.3689645504454,1.0247507237998081,313.7852895089887,21,1,0,0,22,37,20,5,10,30
NO_PASSIVE,337002,493.721037150683,1.2006805892937313,445.27907653515393,0,0,0,0,76,37,20,5,10,30
RANDOM,337002,15.265177560389692,0.39204844733734523,20.11205195334877,43,0,0,0,76,37,20,5,10,30
HIGHEST_SNR,337002,19.64197306076957,0.4823995909340354,26.386613717341703,43,0,0,0,76,37,20,5,10,30
SHORTEST_PULSE,337002,22.629112044970476,0.35018858137246583,17.867915289146886,43,0,0,0,76,37,20,5,10,30
METROLOGY_CONDITIONED_EIG,337002,28.950127480325634,0.4272273953572383,18.319485287276176,42,1,0,0,76,37,20,5,10,30
NO_PASSIVE,337003,415.672277877357,0.3056489611106402,445.27907653515393,0,0,0,0,111,37,20,5,10,30
RANDOM,337003,22.496896931812092,0.38614996463416995,21.51058047881633,48,1,0,0,111,37,20,5,10,30
HIGHEST_SNR,337003,19.80433101917514,0.3422084105900907,22.643360174905073,49,0,0,0,111,37,20,5,10,30
SHORTEST_PULSE,337003,15.927077893121021,0.3049004143769783,20.35616006002729,48,1,0,0,111,37,20,5,10,30
METROLOGY_CONDITIONED_EIG,337003,20.979051095028545,0.2317400905440612,20.360914033506834,48,1,0,0,111,37,20,5,10,30
NO_PASSIVE,337004,393.53125421508526,3.386953853385941,445.27907653515393,0,0,0,0,153,37,20,5,10,30
RANDOM,337004,20.87962467591816,0.3541700685918285,20.366027849354175,59,0,0,0,153,37,20,5,10,30
HIGHEST_SNR,337004,80.30603901371657,2.324218526390299,74.87541980783108,58,1,0,0,153,37,20,5,10,30
SHORTEST_PULSE,337004,28.302726666407455,1.3719912501734368,19.752048095886142,58,1,0,0,153,37,20,5,10,30
METROLOGY_CONDITIONED_EIG,337004,15.879387510145378,0.6012771797594357,17.460766152225727,57,2,0,0,153,37,20,5,10,30
NO_PASSIVE,337005,211.28896531881153,0.947894023506136,445.27907653515393,0,0,0,0,99,37,20,5,10,30
RANDOM,337005,3.007627032769823,0.096431624784781,20.54956894284822,59,0,0,0,99,37,20,5,10,30
HIGHEST_SNR,337005,5.353735371336053,0.42823668337305776,18.136624940320903,59,0,0,0,99,37,20,5,10,30
SHORTEST_PULSE,337005,3.0269066599634504,0.22588985088673907,18.175282877833688,59,0,0,0,99,37,20,5,10,30
METROLOGY_CONDITIONED_EIG,337005,5.697400958802558,0.3140818475789575,18.17818792922374,59,0,0,0,99,37,20,5,10,30
NO_PASSIVE,337006,637.6550085687171,1.7669894069743937,445.27907653515393,0,0,0,0,36,37,20,5,10,30
RANDOM,337006,75.4475375795599,1.010051778364991,44.8118569195792,32,0,0,0,36,37,20,5,10,30
HIGHEST_SNR,337006,71.11920260911113,0.8453925648966866,44.70989069021505,32,0,0,0,36,37,20,5,10,30
SHORTEST_PULSE,337006,71.11920260911113,0.8453925648966866,44.70989069021505,32,0,0,0,36,37,20,5,10,30
METROLOGY_CONDITIONED_EIG,337006,53.63702300722381,0.6154557831164862,42.470757301525,32,0,0,0,36,37,20,5,10,30
NO_PASSIVE,337007,177.6323965167929,1.2313551752998413,445.27907653515393,0,0,0,0,73,37,20,5,10,30
RANDOM,337007,20.87476620810522,0.34190230155148355,28.289326848544665,51,0,0,0,73,37,20,5,10,30
HIGHEST_SNR,337007,9.079693252580281,0.5162715923619869,28.675271972930645,51,0,0,0,73,37,20,5,10,30
SHORTEST_PULSE,337007,23.147295230703193,0.3044539820230981,28.272444472199314,51,0,0,0,73,37,20,5,10,30
METROLOGY_CONDITIONED_EIG,337007,13.404013905505646,0.12062705053576785,27.400480275243122,51,0,0,0,73,37,20,5,10,30
NO_PASSIVE,337008,200.75465473558472,2.167084321390795,445.27907653515393,0,0,0,0,117,37,20,5,10,30
RANDOM,337008,24.961502514176484,0.3297799737565858,40.06858921712403,57,0,0,0,117,37,20,5,10,30
HIGHEST_SNR,337008,52.96454291232828,1.0932899084964176,48.23313560254942,56,1,0,0,117,37,20,5,10,30
SHORTEST_PULSE,337008,15.651851085913423,0.22562978495324318,36.86879949114065,56,1,0,0,117,37,20,5,10,30
METROLOGY_CONDITIONED_EIG,337008,10.897328028861809,0.2468506919170862,37.08430623807317,56,1,0,0,117,37,20,5,10,30
NO_PASSIVE,337009,137.73339676374616,1.3178540313327567,445.27907653515393,0,0,0,0,61,37,20,5,10,30
RANDOM,337009,13.0665179850338,0.13748678780905876,24.809588744919264,41,1,0,0,61,37,20,5,10,30
HIGHEST_SNR,337009,15.421235574094581,0.20297554860897543,26.021987294458253,41,1,0,0,61,37,20,5,10,30
SHORTEST_PULSE,337009,6.240219006924538,0.6355535954935415,26.292050817252225,40,2,0,0,61,37,20,5,10,30
METROLOGY_CONDITIONED_EIG,337009,17.35848238661108,0.09994589749085471,24.37510145634341,41,1,0,0,61,37,20,5,10,30
NO_PASSIVE,337010,699.626788288359,2.520588653721521,445.27907653515393,0,0,0,0,19,37,20,5,10,30
RANDOM,337010,142.0602429443188,1.0017150175634648,89.80459150125083,18,0,0,0,19,37,20,5,10,30
HIGHEST_SNR,337010,196.59943267788665,0.943367667019641,92.57107002527388,18,0,0,0,19,37,20,5,10,30
SHORTEST_PULSE,337010,142.0602429443188,1.0017150175634648,89.80459150125083,18,0,0,0,19,37,20,5,10,30
METROLOGY_CONDITIONED_EIG,337010,142.0602429443188,1.0017150175634648,89.80459150125083,18,0,0,0,19,37,20,5,10,30
NO_PASSIVE,337011,520.232067626037,2.186091173899145,445.27907653515393,0,0,0,0,45,37,20,5,10,30
RANDOM,337011,13.740802995543998,0.47001450082386304,30.260515477726575,34,0,0,0,45,37,20,5,10,30
HIGHEST_SNR,337011,10.629419733660137,0.55203852862932,33.17503430540783,34,0,0,0,45,37,20,5,10,30
SHORTEST_PULSE,337011,13.883371030665067,0.6311716440487702,29.91349914448338,33,1,0,0,45,37,20,5,10,30
METROLOGY_CONDITIONED_EIG,337011,13.883371030665067,0.6311716440487702,29.91349914448338,33,1,0,0,45,37,20,5,10,30
NO_PASSIVE,337012,313.0617386696317,0.23231624038701817,445.27907653515393,0,0,0,0,25,37,20,5,10,30
RANDOM,337012,48.937843174269226,1.339361715977629,41.87608908258483,21,0,0,0,25,37,20,5,10,30
HIGHEST_SNR,337012,29.136806845884006,0.8645284220893451,41.05258670060379,21,0,0,0,25,37,20,5,10,30
SHORTEST_PULSE,337012,44.961541785293605,1.292651945010367,41.808407619486715,21,0,0,0,25,37,20,5,10,30
METROLOGY_CONDITIONED_EIG,337012,39.53121272513617,1.1768524831203702,40.90034849450721,21,0,0,0,25,37,20,5,10,30
NO_PASSIVE,337013,533.6948791902093,1.6595677734175516,445.27907653515393,0,0,0,0,42,37,20,5,10,30
RANDOM,337013,110.91314745863839,1.9897938834434,58.1563889135888,34,0,0,0,42,37,20,5,10,30
HIGHEST_SNR,337013,134.01236430275904,1.7133026958247568,71.43321067285733,34,0,0,0,42,37,20,5,10,30
SHORTEST_PULSE,337013,139.0052161422856,1.8425486144844914,63.2736392989198,34,0,0,0,42,37,20,5,10,30
METROLOGY_CONDITIONED_EIG,337013,112.08574702842297,2.3119885261860076,56.74993104040475,34,0,0,0,42,37,20,5,10,30
NO_PASSIVE,337014,389.7616269483539,0.7624380667021452,445.27907653515393,0,0,0,0,84,37,20,5,10,30
RANDOM,337014,21.85128034210619,0.5172491884958782,19.166467804216303,53,0,0,0,84,37,20,5,10,30
HIGHEST_SNR,337014,20.361240692172696,0.8808301494750724,21.631567075392812,53,0,0,0,84,37,20,5,10,30
SHORTEST_PULSE,337014,27.771727995481296,0.6466289750109359,18.402255289955445,53,0,0,0,84,37,20,5,10,30
METROLOGY_CONDITIONED_EIG,337014,19.13246213556597,0.481214336343368,17.909505659968342,53,0,0,0,84,37,20,5,10,30
NO_PASSIVE,337015,189.58217831053747,1.6097595652442942,445.27907653515393,0,0,0,0,78,37,20,5,10,30
RANDOM,337015,19.827557688778917,0.9481213421888217,30.216325796357538,56,1,0,0,78,37,20,5,10,30
HIGHEST_SNR,337015,33.39966336236377,0.9523618503500223,30.642549824043165,56,1,0,0,78,37,20,5,10,30
SHORTEST_PULSE,337015,33.39966336236377,0.9523618503500223,30.642549824043165,56,1,0,0,78,37,20,5,10,30
METROLOGY_CONDITIONED_EIG,337015,24.51395318111372,1.1514559773610817,28.77669036733487,56,1,0,0,78,37,20,5,10,30
NO_PASSIVE,337016,814.2074449115407,1.5204226203895683,445.27907653515393,0,0,0,0,95,37,20,5,10,30
RANDOM,337016,36.93172846023777,0.4594520582032425,38.56227773580634,56,0,0,0,95,37,20,5,10,30
HIGHEST_SNR,337016,75.6557025861991,0.767897722462187,71.51830796982391,56,0,0,0,95,37,20,5,10,30
SHORTEST_PULSE,337016,101.1760429958306,1.314080133398045,74.19693451778063,55,1,0,0,95,37,20,5,10,30
METROLOGY_CONDITIONED_EIG,337016,38.20552258090854,0.5665447865523023,34.34165160974322,56,0,0,0,95,37,20,5,10,30
NO_PASSIVE,337017,290.8215149748145,1.8985324798031864,445.27907653515393,0,0,0,0,41,37,20,5,10,30
RANDOM,337017,19.15512036276028,0.5462583433153911,41.821126409387766,30,0,0,0,41,37,20,5,10,30
HIGHEST_SNR,337017,11.378895083529331,0.45768762463519647,42.1224154828031,30,0,0,0,41,37,20,5,10,30
SHORTEST_PULSE,337017,7.152289601935874,0.444661678173214,42.00070104220016,30,0,0,0,41,37,20,5,10,30
METROLOGY_CONDITIONED_EIG,337017,7.333112193196087,0.6566389841863748,40.110604864691325,30,0,0,0,41,37,20,5,10,30
NO_PASSIVE,337018,119.20547641908988,6.239586031058909,445.27907653515393,0,0,0,0,114,37,20,5,10,30
RANDOM,337018,48.93845706656537,1.292959721105048,28.432416692905253,55,2,0,0,114,37,20,5,10,30
HIGHEST_SNR,337018,11.310668165300472,0.41342899356221613,25.933628901430353,57,0,0,0,114,37,20,5,10,30
SHORTEST_PULSE,337018,36.256660153224246,0.7770538958497261,20.111604437951474,56,1,0,0,114,37,20,5,10,30
METROLOGY_CONDITIONED_EIG,337018,1.8343936603736306,0.1423985003910466,17.071036747157397,57,0,0,0,114,37,20,5,10,30
NO_PASSIVE,337019,53.30092492141332,0.8223486489090311,445.27907653515393,0,0,0,0,18,37,20,5,10,30
RANDOM,337019,31.14120852951255,0.9275041284568187,43.93284013895466,16,1,0,0,18,37,20,5,10,30
HIGHEST_SNR,337019,14.319120669748678,0.6356371708692831,90.09228265708668,16,1,0,0,18,37,20,5,10,30
SHORTEST_PULSE,337019,31.14120852951255,0.9275041284568187,43.93284013895466,16,1,0,0,18,37,20,5,10,30
METROLOGY_CONDITIONED_EIG,337019,31.14120852951255,0.9275041284568187,43.93284013895466,16,1,0,0,18,37,20,5,10,30
NO_PASSIVE,337020,346.6782063746296,2.3979705745351305,445.27907653515393,0,0,0,0,68,37,20,5,10,30
RANDOM,337020,7.511133551850905,0.8207870124429997,29.74464045098457,47,0,0,0,68,37,20,5,10,30
HIGHEST_SNR,337020,49.226162993069366,1.6857967203447881,49.22005711989404,46,1,0,0,68,37,20,5,10,30
SHORTEST_PULSE,337020,31.51763932475111,1.4740773081100376,50.281301250895936,46,1,0,0,68,37,20,5,10,30
METROLOGY_CONDITIONED_EIG,337020,9.955050281243897,0.8870592551432018,28.762133462542447,47,0,0,0,68,37,20,5,10,30
NO_PASSIVE,337021,277.19070345627705,2.4454810821161077,445.27907653515393,0,0,0,0,40,37,20,5,10,30
RANDOM,337021,31.71943657818548,1.2512925419700218,52.895308918831546,29,1,0,0,40,37,20,5,10,30
HIGHEST_SNR,337021,26.25441221735415,1.0213616383655342,53.07105905531075,29,1,0,0,40,37,20,5,10,30
SHORTEST_PULSE,337021,26.678618841604337,1.4393744655757286,50.36034543308805,30,0,0,0,40,37,20,5,10,30
METROLOGY_CONDITIONED_EIG,337021,25.739254512090373,1.3721519110712144,48.46095029983026,30,0,0,0,40,37,20,5,10,30
NO_PASSIVE,337022,568.3713668448434,0.9928703757324727,445.27907653515393,0,0,0,0,76,37,20,5,10,30
RANDOM,337022,23.55901395094185,0.9646535166171664,37.335074898226026,36,1,0,0,76,37,20,5,10,30
HIGHEST_SNR,337022,22.67821731827672,0.4364233328377521,34.043418199065215,37,0,0,0,76,37,20,5,10,30
SHORTEST_PULSE,337022,13.25163341176378,0.44171855401972565,37.77025755027955,36,1,0,0,76,37,20,5,10,30
METROLOGY_CONDITIONED_EIG,337022,26.08479560351714,0.5949011650561753,33.684010424816904,36,1,0,0,76,37,20,5,10,30
NO_PASSIVE,337023,318.4070223942727,1.2788293160227877,445.27907653515393,0,0,0,0,141,37,20,5,10,30
RANDOM,337023,12.401283903770514,0.3246509928534573,23.653810689387708,57,0,0,0,141,37,20,5,10,30
HIGHEST_SNR,337023,7.967753098373333,0.47712385816799024,25.070222248697988,56,1,0,0,141,37,20,5,10,30
SHORTEST_PULSE,337023,11.897705725982169,0.668934978368079,18.7382172151455,57,0,0,0,141,37,20,5,10,30
METROLOGY_CONDITIONED_EIG,337023,4.379802641577861,0.18140326581847874,17.87044345457841,56,1,0,0,141,37,20,5,10,30
NO_PASSIVE,337024,301.3918394904169,3.9130375379180093,445.27907653515393,0,0,0,0,19,37,20,5,10,30
RANDOM,337024,7.7812401057174405,0.4644902861404137,30.64492916931664,18,0,0,0,19,37,20,5,10,30
HIGHEST_SNR,337024,7.7812401057174405,0.4644902861404137,30.64492916931664,18,0,0,0,19,37,20,5,10,30
SHORTEST_PULSE,337024,9.96129906964294,0.6523607866181566,30.658728587173073,18,0,0,0,19,37,20,5,10,30
METROLOGY_CONDITIONED_EIG,337024,7.7812401057174405,0.4644902861404137,30.64492916931664,18,0,0,0,19,37,20,5,10,30
NO_PASSIVE,337025,248.74370559603926,0.49693597361925845,445.27907653515393,0,0,0,0,34,37,20,5,10,30
RANDOM,337025,14.733714409315475,0.19032177046102675,35.54289890095168,30,1,0,0,34,37,20,5,10,30
HIGHEST_SNR,337025,16.621083454309613,0.3573620911381629,36.24205973935978,31,0,0,0,34,37,20,5,10,30
SHORTEST_PULSE,337025,11.919207094307,0.22929889294498337,35.72287313205318,30,1,0,0,34,37,20,5,10,30
METROLOGY_CONDITIONED_EIG,337025,11.919207094307,0.22929889294498337,35.72287313205318,30,1,0,0,34,37,20,5,10,30
NO_PASSIVE,337026,618.1370128115308,3.475606206701355,445.27907653515393,0,0,0,0,17,37,20,5,10,30
RANDOM,337026,27.632873225494993,0.922968354972595,35.351953598936554,15,0,0,0,17,37,20,5,10,30
HIGHEST_SNR,337026,27.70995079778381,0.9485235605063355,35.53868177426686,15,0,0,0,17,37,20,5,10,30
SHORTEST_PULSE,337026,27.632873225494993,0.922968354972595,35.351953598936554,15,0,0,0,17,37,20,5,10,30
METROLOGY_CONDITIONED_EIG,337026,27.632873225494993,0.922968354972595,35.351953598936554,15,0,0,0,17,37,20,5,10,30
NO_PASSIVE,337027,650.5391545356044,2.5492735194679135,445.27907653515393,0,0,0,0,85,37,20,5,10,30
RANDOM,337027,2.434939559024573,0.27366796362131673,34.00412186607033,38,4,0,0,85,37,20,5,10,30
HIGHEST_SNR,337027,35.22555698412115,0.8679090414967257,50.97928221997601,39,3,0,0,85,37,20,5,10,30
SHORTEST_PULSE,337027,35.207999669709764,0.8092505676631871,35.844350414981946,39,3,0,0,85,37,20,5,10,30
METROLOGY_CONDITIONED_EIG,337027,6.055849852165743,0.3192167556666339,30.27514770206987,39,3,0,0,85,37,20,5,10,30
NO_PASSIVE,337028,524.1572483270702,2.177131225726732,445.27907653515393,0,0,0,0,25,37,20,5,10,30
RANDOM,337028,45.25279377664445,1.269467880875137,48.986115026285226,23,0,0,0,25,37,20,5,10,30
HIGHEST_SNR,337028,45.25279377664445,1.269467880875137,48.986115026285226,23,0,0,0,25,37,20,5,10,30
SHORTEST_PULSE,337028,40.1404780359003,0.5785011898191977,48.838378605721175,23,0,0,0,25,37,20,5,10,30
METROLOGY_CONDITIONED_EIG,337028,40.1404780359003,0.5785011898191977,48.838378605721175,23,0,0,0,25,37,20,5,10,30
NO_PASSIVE,337029,50.76922603581371,0.8916306634732832,445.27907653515393,0,0,0,0,84,37,20,5,10,30
RANDOM,337029,7.825714878354633,0.3129254962720994,15.447202777367503,48,2,0,0,84,37,20,5,10,30
HIGHEST_SNR,337029,13.797026568094761,0.5910584206222297,18.05164259028285,49,1,0,0,84,37,20,5,10,30
SHORTEST_PULSE,337029,17.158367908326827,0.4770141566101085,16.110116986588142,47,3,0,0,84,37,20,5,10,30
METROLOGY_CONDITIONED_EIG,337029,7.527430497929403,0.25521430378278515,14.987231969494125,47,3,0,0,84,37,20,5,10,30
NO_PASSIVE,338000,41.67477963650864,1.48779237370106,445.27907653515393,0,0,0,0,40,38,20,5,10,100
RANDOM,338000,45.901261716106085,1.2662837604421955,40.75570257834979,33,0,0,0,40,38,20,5,10,100
HIGHEST_SNR,338000,49.13019562594556,1.438229914297026,42.459383772576516,33,0,0,0,40,38,20,5,10,100
SHORTEST_PULSE,338000,47.27305992754862,1.1134450018158577,40.2347334995679,33,0,0,0,40,38,20,5,10,100
METROLOGY_CONDITIONED_EIG,338000,50.19443484022502,1.441757041250319,41.8329660533036,33,0,0,0,40,38,20,5,10,100
NO_PASSIVE,338001,174.67791329869988,1.1035345168679014,445.27907653515393,0,0,0,0,21,38,20,5,10,100
RANDOM,338001,87.92513451311555,0.6942464070973254,55.97629713844523,15,1,0,0,21,38,20,5,10,100
HIGHEST_SNR,338001,87.92513451311555,0.6942464070973254,55.97629713844523,15,1,0,0,21,38,20,5,10,100
SHORTEST_PULSE,338001,34.00649468015658,0.5919133297885271,53.72381177267934,14,2,0,0,21,38,20,5,10,100
METROLOGY_CONDITIONED_EIG,338001,34.54554259515867,0.6723308629094562,51.0451709794072,15,1,0,0,21,38,20,5,10,100
NO_PASSIVE,338002,290.15835934846956,3.919038425014589,445.27907653515393,0,0,0,0,12,38,20,5,10,100
RANDOM,338002,195.94375084694275,1.2025061439261362,185.591146295003,12,0,0,0,12,38,20,5,10,100
HIGHEST_SNR,338002,195.94375084694275,1.2025061439261362,185.591146295003,12,0,0,0,12,38,20,5,10,100
SHORTEST_PULSE,338002,195.94375084694275,1.2025061439261362,185.591146295003,12,0,0,0,12,38,20,5,10,100
METROLOGY_CONDITIONED_EIG,338002,195.94375084694275,1.2025061439261362,185.591146295003,12,0,0,0,12,38,20,5,10,100
NO_PASSIVE,338003,529.4953155999962,1.1937431108945602,445.27907653515393,0,0,0,0,47,38,20,5,10,100
RANDOM,338003,65.49855116325183,1.5797697238596031,53.85461082632299,32,1,0,0,47,38,20,5,10,100
HIGHEST_SNR,338003,91.34293452280998,1.7052417079166395,67.12632370499303,31,2,0,0,47,38,20,5,10,100
SHORTEST_PULSE,338003,22.1090198503152,0.7565321319508793,60.50044934397534,33,0,0,0,47,38,20,5,10,100
METROLOGY_CONDITIONED_EIG,338003,45.541041798239604,0.8241628879419187,51.937637327580546,33,0,0,0,47,38,20,5,10,100
NO_PASSIVE,338004,164.67713984113414,1.316672552589177,445.27907653515393,0,0,0,0,35,38,20,5,10,100
RANDOM,338004,51.086970370763346,0.9345038164667606,55.46435049375693,35,0,0,0,35,38,20,5,10,100
HIGHEST_SNR,338004,51.086970370763346,0.9345038164667606,55.46435049375693,35,0,0,0,35,38,20,5,10,100
SHORTEST_PULSE,338004,51.086970370763346,0.9345038164667606,55.46435049375693,35,0,0,0,35,38,20,5,10,100
METROLOGY_CONDITIONED_EIG,338004,51.086970370763346,0.9345038164667606,55.46435049375693,35,0,0,0,35,38,20,5,10,100
NO_PASSIVE,338005,201.420216134316,1.0664701482156673,445.27907653515393,0,0,0,0,35,38,20,5,10,100
RANDOM,338005,66.05535550524048,1.6826376490050985,61.2346047494272,32,0,0,0,35,38,20,5,10,100
HIGHEST_SNR,338005,55.023383843823495,1.5315388303310606,61.822646852751376,32,0,0,0,35,38,20,5,10,100
SHORTEST_PULSE,338005,62.93179658425663,1.6755549622196109,59.83019535966058,32,0,0,0,35,38,20,5,10,100
METROLOGY_CONDITIONED_EIG,338005,62.93179658425663,1.6755549622196109,59.83019535966058,32,0,0,0,35,38,20,5,10,100
NO_PASSIVE,338006,340.56087034770076,3.2379750949353934,445.27907653515393,0,0,0,0,84,38,20,5,10,100
RANDOM,338006,59.61086333309639,1.4913032883730764,40.78688164356113,49,0,0,0,84,38,20,5,10,100
HIGHEST_SNR,338006,46.41560208979829,0.8758524143194291,42.94175409516063,49,0,0,0,84,38,20,5,10,100
SHORTEST_PULSE,338006,39.75921106494055,1.123508411585541,38.3237661153583,49,0,0,0,84,38,20,5,10,100
METROLOGY_CONDITIONED_EIG,338006,41.675442166024766,1.061133345870551,39.302771350647,49,0,0,0,84,38,20,5,10,100
NO_PASSIVE,338007,271.1973706123416,0.9901124556428245,445.27907653515393,0,0,0,0,52,38,20,5,10,100
RANDOM,338007,88.35376268010363,0.9014883871174083,59.726354076048864,37,0,0,0,52,38,20,5,10,100
HIGHEST_SNR,338007,119.81583889773017,1.1073770317825609,141.79310398173175,36,1,0,0,52,38,20,5,10,100
SHORTEST_PULSE,338007,85.9500635896966,1.2687703557293775,59.88374111700444,37,0,0,0,52,38,20,5,10,100
METROLOGY_CONDITIONED_EIG,338007,68.01946482332782,0.8544156923582819,57.59425491918031,36,1,0,0,52,38,20,5,10,100
NO_PASSIVE,338008,292.6857937275081,0.7933072010743722,445.27907653515393,0,0,0,0,86,38,20,5,10,100
RANDOM,338008,44.56961471068233,0.6062937333356802,38.72864318540785,48,1,0,0,86,38,20,5,10,100
HIGHEST_SNR,338008,18.084322293807794,0.47397170345827166,38.602094871655574,48,1,0,0,86,38,20,5,10,100
SHORTEST_PULSE,338008,22.430120762590693,1.054541457656025,40.87867694015811,47,2,0,0,86,38,20,5,10,100
METROLOGY_CONDITIONED_EIG,338008,42.45639486495827,1.1029473324799157,34.64791926358941,48,1,0,0,86,38,20,5,10,100
NO_PASSIVE,338009,1021.322581548977,2.632970017106658,445.27907653515393,0,0,0,0,52,38,20,5,10,100
RANDOM,338009,26.75018259744542,2.429518833974169,59.784782942528096,34,5,0,0,52,38,20,5,10,100
HIGHEST_SNR,338009,1318.6070924783612,2.142678053899209,308.0362604620693,22,17,0,0,52,38,20,5,10,100
SHORTEST_PULSE,338009,1318.6070924783612,2.142678053899209,308.0362604620693,22,17,0,0,52,38,20,5,10,100
METROLOGY_CONDITIONED_EIG,338009,37.824162563825915,1.9076141826129618,60.65939603465684,33,6,0,0,52,38,20,5,10,100
NO_PASSIVE,338010,433.93719278005364,4.551233212844849,445.27907653515393,0,0,0,0,8,38,20,5,10,100
RANDOM,338010,125.94229487152988,2.9692825208831652,66.4597493675352,8,0,0,0,8,38,20,5,10,100
HIGHEST_SNR,338010,125.94229487152988,2.9692825208831652,66.4597493675352,8,0,0,0,8,38,20,5,10,100
SHORTEST_PULSE,338010,125.94229487152988,2.9692825208831652,66.4597493675352,8,0,0,0,8,38,20,5,10,100
METROLOGY_CONDITIONED_EIG,338010,125.94229487152988,2.9692825208831652,66.4597493675352,8,0,0,0,8,38,20,5,10,100
NO_PASSIVE,338011,454.68291751237365,1.5559300244534087,445.27907653515393,0,0,0,0,37,38,20,5,10,100
RANDOM,338011,27.258005732852176,1.1832426192226428,65.68633648132466,28,0,0,0,37,38,20,5,10,100
HIGHEST_SNR,338011,20.40951313244997,1.3526344530853007,71.43892197343028,28,0,0,0,37,38,20,5,10,100
SHORTEST_PULSE,338011,21.488667983019948,1.1159884904514255,71.40566044455932,28,0,0,0,37,38,20,5,10,100
METROLOGY_CONDITIONED_EIG,338011,31.174760917327,1.7568854229353543,63.97183541575816,28,0,0,0,37,38,20,5,10,100
NO_PASSIVE,338012,495.1719006090675,3.7022910439486254,445.27907653515393,0,0,0,0,150,38,20,5,10,100
RANDOM,338012,46.54967231747183,1.592799496840317,34.4479735277534,60,0,0,0,150,38,20,5,10,100
HIGHEST_SNR,338012,58.95921056263701,2.606180285751132,46.812292983677,60,0,0,0,150,38,20,5,10,100
SHORTEST_PULSE,338012,23.252635639676903,0.9540426154342195,28.487279820052088,60,0,0,0,150,38,20,5,10,100
METROLOGY_CONDITIONED_EIG,338012,20.46229802291916,0.8915883708879898,28.754325748561076,60,0,0,0,150,38,20,5,10,100
NO_PASSIVE,338013,749.7108352008421,0.18792606252481095,445.27907653515393,0,0,0,0,77,38,20,5,10,100
RANDOM,338013,21.515658219431245,0.6731707064716032,53.46749157024583,37,1,0,0,77,38,20,5,10,100
HIGHEST_SNR,338013,39.70408888026062,1.181824753953936,81.64795262630395,38,0,0,0,77,38,20,5,10,100
SHORTEST_PULSE,338013,28.153349451051326,0.5655647983008837,54.6021458975199,38,0,0,0,77,38,20,5,10,100
METROLOGY_CONDITIONED_EIG,338013,59.14251057047491,1.0131696500696201,53.470818954576444,38,0,0,0,77,38,20,5,10,100
NO_PASSIVE,338014,362.88969872777744,0.7679871479209139,445.27907653515393,0,0,0,0,75,38,20,5,10,100
RANDOM,338014,26.776937262338613,0.8601108783894934,40.87296820428868,43,1,0,0,75,38,20,5,10,100
HIGHEST_SNR,338014,12.517210021504415,0.5497822331218557,44.965728157678406,44,0,0,0,75,38,20,5,10,100
SHORTEST_PULSE,338014,28.587114074845854,0.6172461948915531,39.55597048826054,44,0,0,0,75,38,20,5,10,100
METROLOGY_CONDITIONED_EIG,338014,35.59658496125215,0.6179170511951455,38.80300617458663,44,0,0,0,75,38,20,5,10,100
NO_PASSIVE,338015,302.6003055432525,2.5370425207339995,445.27907653515393,0,0,0,0,59,38,20,5,10,100
RANDOM,338015,36.82727676166088,2.1261630544996337,51.23990312923261,43,0,0,0,59,38,20,5,10,100
HIGHEST_SNR,338015,8.350916606918291,1.0633355234212734,57.03903694241028,42,1,0,0,59,38,20,5,10,100
SHORTEST_PULSE,338015,34.13094564845966,0.757467573178909,52.402086461211205,43,0,0,0,59,38,20,5,10,100
METROLOGY_CONDITIONED_EIG,338015,18.89731236036593,1.5062169324756256,39.70371849665879,43,0,0,0,59,38,20,5,10,100
NO_PASSIVE,338016,397.13205469330336,3.3054797604959276,445.27907653515393,0,0,0,0,133,38,20,5,10,100
RANDOM,338016,60.38439834239201,1.2612129388253013,39.35310604326183,56,2,0,0,133,38,20,5,10,100
HIGHEST_SNR,338016,50.84203911705664,1.5806308293544193,42.06114312640712,57,1,0,0,133,38,20,5,10,100
SHORTEST_PULSE,338016,33.33380665099777,0.4516080480489532,37.85299453536717,57,1,0,0,133,38,20,5,10,100
METROLOGY_CONDITIONED_EIG,338016,64.23680368432753,1.1500372252357556,35.05347431853274,58,0,0,0,133,38,20,5,10,100
NO_PASSIVE,338017,398.46572329915506,2.726426155734385,445.27907653515393,0,0,0,0,148,38,20,5,10,100
RANDOM,338017,36.75355458918935,1.7386291103800997,36.20213759641461,58,0,0,0,148,38,20,5,10,100
HIGHEST_SNR,338017,22.0663157463325,2.489777093416194,48.91673697533185,56,2,0,0,148,38,20,5,10,100
SHORTEST_PULSE,338017,8.635941000450238,0.8154859823248777,28.50153086638948,56,2,0,0,148,38,20,5,10,100
METROLOGY_CONDITIONED_EIG,338017,18.157702291479698,0.2936908405402189,26.855274287453263,57,1,0,0,148,38,20,5,10,100
NO_PASSIVE,338018,501.8855073472451,1.4577666258309823,445.27907653515393,0,0,0,0,143,38,20,5,10,100
RANDOM,338018,20.996816450084868,0.26389294506024036,27.26161705882071,51,0,0,0,143,38,20,5,10,100
HIGHEST_SNR,338018,18.118289063066086,0.20623097687476213,31.76532359049645,51,0,0,0,143,38,20,5,10,100
SHORTEST_PULSE,338018,25.33758397032536,0.5105635764082753,25.364637849949993,51,0,0,0,143,38,20,5,10,100
METROLOGY_CONDITIONED_EIG,338018,24.57593423417326,0.4864620259901167,25.622952121842108,51,0,0,0,143,38,20,5,10,100
NO_PASSIVE,338019,606.9163159169009,1.0871360187654726,445.27907653515393,0,0,0,0,18,38,20,5,10,100
RANDOM,338019,29.9052428959699,0.5273570071580908,55.595502879889395,16,0,0,0,18,38,20,5,10,100
HIGHEST_SNR,338019,30.023594152954757,0.5127330168123465,54.48017977779415,16,0,0,0,18,38,20,5,10,100
SHORTEST_PULSE,338019,32.90862582801371,0.4545488233056455,55.55986319719562,16,0,0,0,18,38,20,5,10,100
METROLOGY_CONDITIONED_EIG,338019,33.345619418737854,0.45041675128574743,54.422607625429336,16,0,0,0,18,38,20,5,10,100
NO_PASSIVE,338020,362.4368425904425,1.7832720808164857,445.27907653515393,0,0,0,0,95,38,20,5,10,100
RANDOM,338020,38.44880237820747,1.3531772958255923,36.79580495458826,42,2,0,0,95,38,20,5,10,100
HIGHEST_SNR,338020,39.57167158721001,1.496071363468286,37.9503405061229,43,1,0,0,95,38,20,5,10,100
SHORTEST_PULSE,338020,45.66294929204471,0.982373643056171,33.9956649915806,42,2,0,0,95,38,20,5,10,100
METROLOGY_CONDITIONED_EIG,338020,16.37520905201603,0.7866282134296589,33.41691202087451,43,1,0,0,95,38,20,5,10,100
NO_PASSIVE,338021,277.63133665964426,0.9596263713920693,445.27907653515393,0,0,0,0,4,38,20,5,10,100
RANDOM,338021,265.6953923221128,0.3323182702702003,145.51835351316478,4,0,0,0,4,38,20,5,10,100
HIGHEST_SNR,338021,265.6953923221128,0.3323182702702003,145.51835351316478,4,0,0,0,4,38,20,5,10,100
SHORTEST_PULSE,338021,265.6953923221128,0.3323182702702003,145.51835351316478,4,0,0,0,4,38,20,5,10,100
METROLOGY_CONDITIONED_EIG,338021,265.6953923221128,0.3323182702702003,145.51835351316478,4,0,0,0,4,38,20,5,10,100
NO_PASSIVE,338022,621.7953049642197,2.2173580812998996,445.27907653515393,0,0,0,0,3,38,20,5,10,100
RANDOM,338022,591.9710858150584,2.2363757369271235,318.8897361240083,3,0,0,0,3,38,20,5,10,100
HIGHEST_SNR,338022,591.9710858150584,2.2363757369271235,318.8897361240083,3,0,0,0,3,38,20,5,10,100
SHORTEST_PULSE,338022,591.9710858150584,2.2363757369271235,318.8897361240083,3,0,0,0,3,38,20,5,10,100
METROLOGY_CONDITIONED_EIG,338022,591.9710858150584,2.2363757369271235,318.8897361240083,3,0,0,0,3,38,20,5,10,100
NO_PASSIVE,338023,290.38554053030145,1.6229667255931426,445.27907653515393,0,0,0,0,100,38,20,5,10,100
RANDOM,338023,13.657483245638257,0.6660157527751369,39.73452637434641,59,0,0,0,100,38,20,5,10,100
HIGHEST_SNR,338023,17.17397484308636,0.49461485594730903,45.18565567595355,59,0,0,0,100,38,20,5,10,100
SHORTEST_PULSE,338023,6.514355983765942,0.48802263561756093,36.91861897516391,59,0,0,0,100,38,20,5,10,100
METROLOGY_CONDITIONED_EIG,338023,19.71822932174726,0.5536243904844996,36.932120080576446,59,0,0,0,100,38,20,5,10,100
NO_PASSIVE,338024,379.76434754087353,1.345933356044636,445.27907653515393,0,0,0,0,25,38,20,5,10,100
RANDOM,338024,36.984270225198266,0.723864812606283,130.11319976747444,20,2,0,0,25,38,20,5,10,100
HIGHEST_SNR,338024,36.912579669214864,0.729697451573159,145.98163349946313,20,2,0,0,25,38,20,5,10,100
SHORTEST_PULSE,338024,81.59644763444085,0.4994393786390005,95.34582833808456,20,2,0,0,25,38,20,5,10,100
METROLOGY_CONDITIONED_EIG,338024,81.59644763444085,0.4994393786390005,95.34582833808456,20,2,0,0,25,38,20,5,10,100
NO_PASSIVE,338025,187.5541009644873,1.6263841590069774,445.27907653515393,0,0,0,0,43,38,20,5,10,100
RANDOM,338025,114.6329245884014,2.293283108194147,61.447205476324626,30,1,0,0,43,38,20,5,10,100
HIGHEST_SNR,338025,106.93268848789624,2.5172143014788873,62.351155062043404,30,1,0,0,43,38,20,5,10,100
SHORTEST_PULSE,338025,91.9387194033599,1.5309827483709455,62.297628334292675,31,0,0,0,43,38,20,5,10,100
METROLOGY_CONDITIONED_EIG,338025,87.40174311651683,1.4590890779246846,61.613938350616024,31,0,0,0,43,38,20,5,10,100
NO_PASSIVE,338026,356.0379080763578,1.2090196410549856,445.27907653515393,0,0,0,0,61,38,20,5,10,100
RANDOM,338026,87.96721441767356,2.270645825506001,47.67571730684999,35,0,0,0,61,38,20,5,10,100
HIGHEST_SNR,338026,38.71587088169975,0.8845847239138398,58.32140935711188,35,0,0,0,61,38,20,5,10,100
SHORTEST_PULSE,338026,57.7964199339023,1.2378736937778054,39.208478327320435,35,0,0,0,61,38,20,5,10,100
METROLOGY_CONDITIONED_EIG,338026,59.81059465275833,1.1532872450325868,38.959655855502795,35,0,0,0,61,38,20,5,10,100
NO_PASSIVE,338027,291.4838840127522,1.4264726862639645,445.27907653515393,0,0,0,0,57,38,20,5,10,100
RANDOM,338027,114.16433263482807,0.9482394931634797,87.29716333062838,48,0,0,0,57,38,20,5,10,100
HIGHEST_SNR,338027,138.3196184709511,1.1014321326612102,92.60471560032896,48,0,0,0,57,38,20,5,10,100
SHORTEST_PULSE,338027,28.871108026820618,0.7999526058608741,53.99404498013889,48,0,0,0,57,38,20,5,10,100
METROLOGY_CONDITIONED_EIG,338027,30.236774239693094,0.842804888929104,54.05160489516306,48,0,0,0,57,38,20,5,10,100
NO_PASSIVE,338028,1137.2127238609855,1.3393553363997126,445.27907653515393,0,0,0,0,13,38,20,5,10,100
RANDOM,338028,1124.9787129356084,1.6467664691619341,316.74046145288855,10,2,0,0,13,38,20,5,10,100
HIGHEST_SNR,338028,1132.6930336590583,1.5454728538043445,316.6653122056511,11,1,0,0,13,38,20,5,10,100
SHORTEST_PULSE,338028,1132.6930336590583,1.5454728538043445,316.6653122056511,11,1,0,0,13,38,20,5,10,100
METROLOGY_CONDITIONED_EIG,338028,1124.9787129356084,1.6467664691619341,316.74046145288855,10,2,0,0,13,38,20,5,10,100
NO_PASSIVE,338029,415.1959818618372,1.513984888757637,445.27907653515393,0,0,0,0,51,38,20,5,10,100
RANDOM,338029,56.87267358728657,0.6687628655169433,64.53651039237447,38,0,0,0,51,38,20,5,10,100
HIGHEST_SNR,338029,53.7020417928217,0.3086965992836225,69.67772990300847,37,1,0,0,51,38,20,5,10,100
SHORTEST_PULSE,338029,50.248056244142546,0.7988118929588282,64.30313577796416,38,0,0,0,51,38,20,5,10,100
METROLOGY_CONDITIONED_EIG,338029,89.84347535959584,0.6767906502601906,63.80016616326889,38,0,0,0,51,38,20,5,10,100
NO_PASSIVE,339000,401.6081361536012,0.39762429094665924,445.27907653515393,0,0,0,0,307,39,20,5,100,30
RANDOM,339000,17.050369521445674,0.3232053833350061,23.34976015036898,60,0,0,0,307,39,20,5,100,30
HIGHEST_SNR,339000,12.328230214634667,0.8811123473531735,44.514892084841485,58,2,0,0,307,39,20,5,100,30
SHORTEST_PULSE,339000,6.124397876143909,0.15766172028174832,17.311488632481126,60,0,0,0,307,39,20,5,100,30
METROLOGY_CONDITIONED_EIG,339000,23.323012441678312,0.6362099825064175,15.347896417326345,60,0,0,0,307,39,20,5,100,30
NO_PASSIVE,339001,1141.3732502163175,2.081597333627952,445.27907653515393,0,0,0,0,307,39,20,5,100,30
RANDOM,339001,15.72942492518206,0.9522573169161607,15.268521490827304,56,4,0,0,307,39,20,5,100,30
HIGHEST_SNR,339001,9.644995987774289,1.3500756999403942,30.555855573013222,53,7,0,0,307,39,20,5,100,30
SHORTEST_PULSE,339001,14.816116497222254,0.440873357421137,25.082534960079116,59,1,0,0,307,39,20,5,100,30
METROLOGY_CONDITIONED_EIG,339001,18.963067549461858,0.7707903025597748,12.700292469055496,59,1,0,0,307,39,20,5,100,30
NO_PASSIVE,339002,419.3917679628498,0.8467520361408529,445.27907653515393,0,0,0,0,212,39,20,5,100,30
RANDOM,339002,16.71185308452034,0.8529077574517797,24.609946403346715,57,0,0,0,212,39,20,5,100,30
HIGHEST_SNR,339002,7.904688765787605,0.19947097605462558,27.41319003411133,57,0,0,0,212,39,20,5,100,30
SHORTEST_PULSE,339002,1.980874489971364,0.2764028385956753,19.29584661857668,57,0,0,0,212,39,20,5,100,30
METROLOGY_CONDITIONED_EIG,339002,7.698844348722354,0.20433596441899274,18.221942337408397,57,0,0,0,212,39,20,5,100,30
NO_PASSIVE,339003,63.01298472802721,1.857358036110165,445.27907653515393,0,0,0,0,268,39,20,5,100,30
RANDOM,339003,13.253730954994891,0.5856909438562043,18.99217887305494,59,1,0,0,268,39,20,5,100,30
HIGHEST_SNR,339003,6.4099715716445935,0.4529148706194662,30.919475697536438,60,0,0,0,268,39,20,5,100,30
SHORTEST_PULSE,339003,11.487304694217604,0.3238395246047294,27.605874107802226,60,0,0,0,268,39,20,5,100,30
METROLOGY_CONDITIONED_EIG,339003,12.396256661613009,0.5145686748186266,15.177978581756227,59,1,0,0,268,39,20,5,100,30
NO_PASSIVE,339004,91.93865614435721,2.4622386748951444,445.27907653515393,0,0,0,0,202,39,20,5,100,30
RANDOM,339004,33.645701283552285,0.9753574144955326,18.6791634186938,56,0,0,0,202,39,20,5,100,30
HIGHEST_SNR,339004,30.786294571958678,0.6194751109598894,24.625674848600415,55,1,0,0,202,39,20,5,100,30
SHORTEST_PULSE,339004,15.829499856588518,0.6256036241837468,18.70830769309599,55,1,0,0,202,39,20,5,100,30
METROLOGY_CONDITIONED_EIG,339004,13.64178574059588,0.32181639866797745,16.062505366184386,56,0,0,0,202,39,20,5,100,30
NO_PASSIVE,339005,362.87810847631147,2.480957218671685,445.27907653515393,0,0,0,0,166,39,20,5,100,30
RANDOM,339005,53.94917364512981,0.886336805766093,27.7340088023185,58,2,0,0,166,39,20,5,100,30
HIGHEST_SNR,339005,22.51509406702576,0.3416364262475436,60.47489687615508,60,0,0,0,166,39,20,5,100,30
SHORTEST_PULSE,339005,1.1568291438053409,0.1522390434378375,16.934054536364116,59,1,0,0,166,39,20,5,100,30
METROLOGY_CONDITIONED_EIG,339005,9.150670733115934,0.29599349938691033,16.916927349292628,60,0,0,0,166,39,20,5,100,30
NO_PASSIVE,339006,544.3625837075432,2.944860651318566,445.27907653515393,0,0,0,0,314,39,20,5,100,30
RANDOM,339006,29.174904169242886,0.1723182644424058,15.619008426672286,57,3,0,0,314,39,20,5,100,30
HIGHEST_SNR,339006,14.291600380646496,0.5398903390316488,30.92171861289294,60,0,0,0,314,39,20,5,100,30
SHORTEST_PULSE,339006,49.25391051973555,1.5089352903527031,16.691980396923157,56,4,0,0,314,39,20,5,100,30
METROLOGY_CONDITIONED_EIG,339006,16.42380268969291,0.5096219310064247,11.749822427734044,57,3,0,0,314,39,20,5,100,30
NO_PASSIVE,339007,447.83632353599324,2.0747249303508486,445.27907653515393,0,0,0,0,178,39,20,5,100,30
RANDOM,339007,36.095210756149456,1.4424256174810932,22.172460251710405,56,0,0,0,178,39,20,5,100,30
HIGHEST_SNR,339007,2.419060030025488,0.3107429807781096,26.808411202456895,56,0,0,0,178,39,20,5,100,30
SHORTEST_PULSE,339007,11.61160459946036,0.28719540894484824,21.218788752160567,55,1,0,0,178,39,20,5,100,30
METROLOGY_CONDITIONED_EIG,339007,28.52599126113419,0.7497206250035181,16.327383917408476,55,1,0,0,178,39,20,5,100,30
NO_PASSIVE,339008,847.8701653738804,1.6531179387493442,445.27907653515393,0,0,0,0,112,39,20,5,100,30
RANDOM,339008,35.7563774695384,0.9518328144238954,22.731872164071923,57,0,0,0,112,39,20,5,100,30
HIGHEST_SNR,339008,33.11904102836529,0.9288505286473852,22.35058851158768,56,1,0,0,112,39,20,5,100,30
SHORTEST_PULSE,339008,2.576567553365954,0.16199241634383585,20.886461813050882,57,0,0,0,112,39,20,5,100,30
METROLOGY_CONDITIONED_EIG,339008,12.216637176623424,0.43790523922970215,19.546305870939477,57,0,0,0,112,39,20,5,100,30
NO_PASSIVE,339009,354.8591087974835,0.966998642592659,445.27907653515393,0,0,0,0,221,39,20,5,100,30
RANDOM,339009,33.070296986050174,0.8781984993083803,18.058669520233504,60,0,0,0,221,39,20,5,100,30
HIGHEST_SNR,339009,36.57113427510643,1.2444330680623104,24.313697849400967,59,1,0,0,221,39,20,5,100,30
SHORTEST_PULSE,339009,14.074613749770327,0.4419959572074351,13.523054928427696,60,0,0,0,221,39,20,5,100,30
METROLOGY_CONDITIONED_EIG,339009,21.89599164247438,0.6085985493626591,13.597460308878421,60,0,0,0,221,39,20,5,100,30
NO_PASSIVE,339010,587.9818913043206,1.0985785652320086,445.27907653515393,0,0,0,0,320,39,20,5,100,30
RANDOM,339010,34.01136319393465,0.9952132589146973,20.619136755179284,58,2,0,0,320,39,20,5,100,30
HIGHEST_SNR,339010,2.748610261499542,0.21807540162387756,16.841424104790544,60,0,0,0,320,39,20,5,100,30
SHORTEST_PULSE,339010,2.5965552259666453,0.07024772022275504,19.60231691451734,60,0,0,0,320,39,20,5,100,30
METROLOGY_CONDITIONED_EIG,339010,4.093743578398454,0.3178192997844516,15.822631175763508,60,0,0,0,320,39,20,5,100,30
NO_PASSIVE,339011,543.1702126140028,1.1391524677946026,445.27907653515393,0,0,0,0,186,39,20,5,100,30
RANDOM,339011,20.249271393524992,0.41168104152061663,17.108539233511582,58,0,0,0,186,39,20,5,100,30
HIGHEST_SNR,339011,16.068377946252827,0.17192065242776025,23.01742295270438,58,0,0,0,186,39,20,5,100,30
SHORTEST_PULSE,339011,3.100825193870067,0.35182675650630135,15.421884857750864,58,0,0,0,186,39,20,5,100,30
METROLOGY_CONDITIONED_EIG,339011,7.482586982043767,0.17637984077866867,14.266067755421124,57,1,0,0,186,39,20,5,100,30
NO_PASSIVE,339012,314.19463804003306,1.95301102520695,445.27907653515393,0,0,0,0,267,39,20,5,100,30
RANDOM,339012,26.68523038410608,0.6918092769243234,21.016975110680047,59,1,0,0,267,39,20,5,100,30
HIGHEST_SNR,339012,9.834327022914378,0.4197095251925449,25.90483506947188,60,0,0,0,267,39,20,5,100,30
SHORTEST_PULSE,339012,3.3883577662029265,0.21240188187093992,16.47685830510765,60,0,0,0,267,39,20,5,100,30
METROLOGY_CONDITIONED_EIG,339012,13.320804706716494,0.51766405641812,14.121266677310294,60,0,0,0,267,39,20,5,100,30
NO_PASSIVE,339013,67.64720308078593,0.6089675698456386,445.27907653515393,0,0,0,0,246,39,20,5,100,30
RANDOM,339013,8.752545688443025,0.1240068688826665,16.059923725062454,60,0,0,0,246,39,20,5,100,30
HIGHEST_SNR,339013,20.369266211460996,0.5721967069976733,18.129409963912966,60,0,0,0,246,39,20,5,100,30
SHORTEST_PULSE,339013,11.03067583803563,0.19389283912139949,13.124166875406067,60,0,0,0,246,39,20,5,100,30
METROLOGY_CONDITIONED_EIG,339013,12.080746987308006,0.31328993473302413,13.344664017562293,60,0,0,0,246,39,20,5,100,30
NO_PASSIVE,339014,517.2214759855219,2.6967419659293532,445.27907653515393,0,0,0,0,298,39,20,5,100,30
RANDOM,339014,23.714897818250606,0.7074751785789728,20.528149382384424,60,0,0,0,298,39,20,5,100,30
HIGHEST_SNR,339014,14.991279706040496,0.6159655955951859,25.899843809318764,60,0,0,0,298,39,20,5,100,30
SHORTEST_PULSE,339014,34.49625861142646,1.21948735281818,19.74873239103609,59,1,0,0,298,39,20,5,100,30
METROLOGY_CONDITIONED_EIG,339014,12.639878750112967,0.8055405685679142,16.56731152340762,59,1,0,0,298,39,20,5,100,30
NO_PASSIVE,339015,355.57192587365245,1.6532880709358175,445.27907653515393,0,0,0,0,144,39,20,5,100,30
RANDOM,339015,22.711000352441335,1.1300149322811033,23.56124232657476,57,3,0,0,144,39,20,5,100,30
HIGHEST_SNR,339015,59.0062018628538,1.7729991509668896,28.06852363557243,58,2,0,0,144,39,20,5,100,30
SHORTEST_PULSE,339015,9.822085566466985,0.5023548791358708,22.722197074208413,56,4,0,0,144,39,20,5,100,30
METROLOGY_CONDITIONED_EIG,339015,11.240774610231279,0.45701974788743766,21.426562348645387,57,3,0,0,144,39,20,5,100,30
NO_PASSIVE,339016,189.4713998123892,3.5874910851090527,445.27907653515393,0,0,0,0,260,39,20,5,100,30
RANDOM,339016,20.270232357544867,0.6863848074542256,17.986024955463517,60,0,0,0,260,39,20,5,100,30
HIGHEST_SNR,339016,15.156138470984192,1.2899348711312963,39.25605351347651,59,1,0,0,260,39,20,5,100,30
SHORTEST_PULSE,339016,30.214639102807624,0.9724948350799666,13.51559334315679,59,1,0,0,260,39,20,5,100,30
METROLOGY_CONDITIONED_EIG,339016,17.97425983083332,0.709119347236872,13.040248517209491,59,1,0,0,260,39,20,5,100,30
NO_PASSIVE,339017,433.2522850310754,1.1070845929031685,445.27907653515393,0,0,0,0,183,39,20,5,100,30
RANDOM,339017,23.30883083713272,0.5834065507584425,24.273039316255556,57,0,0,0,183,39,20,5,100,30
HIGHEST_SNR,339017,26.0503814347076,0.9633368794431157,35.32436382200935,56,1,0,0,183,39,20,5,100,30
SHORTEST_PULSE,339017,5.271446142098303,0.3057397883867024,21.71022134790185,55,2,0,0,183,39,20,5,100,30
METROLOGY_CONDITIONED_EIG,339017,11.905732743979776,0.7395659285414291,19.560914600684242,57,0,0,0,183,39,20,5,100,30
NO_PASSIVE,339018,29.351331781143735,1.0972372029332988,445.27907653515393,0,0,0,0,181,39,20,5,100,30
RANDOM,339018,14.82616630928325,0.36139036031003124,21.881191033415753,58,1,0,0,181,39,20,5,100,30
HIGHEST_SNR,339018,10.807960451820913,0.17336956028266154,21.672900774127502,58,1,0,0,181,39,20,5,100,30
SHORTEST_PULSE,339018,28.72889452639646,0.5530957907543125,18.910989310468523,58,1,0,0,181,39,20,5,100,30
METROLOGY_CONDITIONED_EIG,339018,17.880971289729764,0.5238465029376398,17.52112390468985,56,3,0,0,181,39,20,5,100,30
NO_PASSIVE,339019,629.0385875052859,2.7284543076041903,445.27907653515393,0,0,0,0,147,39,20,5,100,30
RANDOM,339019,6.642061370714657,0.5552934650508506,17.777924356136854,59,1,0,0,147,39,20,5,100,30
HIGHEST_SNR,339019,16.597409725779347,0.33111290207854277,20.25171127147561,60,0,0,0,147,39,20,5,100,30
SHORTEST_PULSE,339019,15.770467177161958,0.7705670097373875,17.1049206077547,60,0,0,0,147,39,20,5,100,30
METROLOGY_CONDITIONED_EIG,339019,17.535388997462494,0.7087036448154774,15.47610835864775,60,0,0,0,147,39,20,5,100,30
NO_PASSIVE,339020,317.54757977161336,0.8679828167738584,445.27907653515393,0,0,0,0,159,39,20,5,100,30
RANDOM,339020,12.15972720673523,0.3228758585432584,23.323165247427834,60,0,0,0,159,39,20,5,100,30
HIGHEST_SNR,339020,5.500570984813819,0.8482864125668975,37.62050830275177,59,1,0,0,159,39,20,5,100,30
SHORTEST_PULSE,339020,3.6582582287695153,0.18079764341745078,20.772486586348343,60,0,0,0,159,39,20,5,100,30
METROLOGY_CONDITIONED_EIG,339020,8.855553525600746,0.16804083948472745,18.917001990356184,60,0,0,0,159,39,20,5,100,30
NO_PASSIVE,339021,130.92768927984724,2.6404212518756136,445.27907653515393,0,0,0,0,148,39,20,5,100,30
RANDOM,339021,12.902942860896065,0.3311302966878747,23.1243206902721,59,1,0,0,148,39,20,5,100,30
HIGHEST_SNR,339021,13.316586072982487,0.2091608942047593,24.261617475085888,59,1,0,0,148,39,20,5,100,30
SHORTEST_PULSE,339021,1.1611907078781019,0.4445700420201209,16.9917211651819,59,1,0,0,148,39,20,5,100,30
METROLOGY_CONDITIONED_EIG,339021,15.732378895703821,0.7045974509585563,17.133184740618827,59,1,0,0,148,39,20,5,100,30
NO_PASSIVE,339022,363.35010819731065,0.9669239958228015,445.27907653515393,0,0,0,0,217,39,20,5,100,30
RANDOM,339022,23.48214440335159,0.7866753120556835,20.688975847874005,59,1,0,0,217,39,20,5,100,30
HIGHEST_SNR,339022,45.517887323960295,0.7608181315723003,28.413883501591457,58,2,0,0,217,39,20,5,100,30
SHORTEST_PULSE,339022,26.70833984999368,0.587014381861477,15.96340175229191,57,3,0,0,217,39,20,5,100,30
METROLOGY_CONDITIONED_EIG,339022,18.983419660016878,0.6163655164400401,15.166950020494822,59,1,0,0,217,39,20,5,100,30
NO_PASSIVE,339023,196.91329734333388,0.5195126490891268,445.27907653515393,0,0,0,0,239,39,20,5,100,30
RANDOM,339023,9.748048700063148,0.6593507463303391,20.57508610125151,55,1,0,0,239,39,20,5,100,30
HIGHEST_SNR,339023,7.859409470005336,0.5281230542295808,21.48270402674176,55,1,0,0,239,39,20,5,100,30
SHORTEST_PULSE,339023,8.225240178996893,0.5282062348742613,12.734478734791606,55,1,0,0,239,39,20,5,100,30
METROLOGY_CONDITIONED_EIG,339023,13.499815681072015,0.5583395339734026,12.769853659779603,56,0,0,0,239,39,20,5,100,30
NO_PASSIVE,339024,246.4746076492026,4.334663630752094,445.27907653515393,0,0,0,0,246,39,20,5,100,30
RANDOM,339024,12.48892439613796,0.33524754938982887,15.967121318346901,60,0,0,0,246,39,20,5,100,30
HIGHEST_SNR,339024,20.54847304477132,0.4990540863011303,24.160190798987387,60,0,0,0,246,39,20,5,100,30
SHORTEST_PULSE,339024,8.425384371023135,0.16580013424153978,11.249008186166161,60,0,0,0,246,39,20,5,100,30
METROLOGY_CONDITIONED_EIG,339024,9.559790445505215,0.22258892378364878,11.3424181528927,60,0,0,0,246,39,20,5,100,30
NO_PASSIVE,339025,181.75572302366845,1.0783882754675913,445.27907653515393,0,0,0,0,156,39,20,5,100,30
RANDOM,339025,27.77149467239131,0.39905696429728704,19.646536038521027,58,1,0,0,156,39,20,5,100,30
HIGHEST_SNR,339025,23.687225654785856,0.677430546505245,23.9790499575852,59,0,0,0,156,39,20,5,100,30
SHORTEST_PULSE,339025,22.00932646924431,0.5190504374150251,17.345921861121198,59,0,0,0,156,39,20,5,100,30
METROLOGY_CONDITIONED_EIG,339025,24.460645273465634,0.5317423293291197,16.580684497863334,58,1,0,0,156,39,20,5,100,30
NO_PASSIVE,339026,269.86486072742133,2.814068487350738,445.27907653515393,0,0,0,0,316,39,20,5,100,30
RANDOM,339026,13.550222837190379,0.3572212382774889,16.058850183680246,60,0,0,0,316,39,20,5,100,30
HIGHEST_SNR,339026,49.667618730784035,0.6286797884095179,50.31522121550666,59,1,0,0,316,39,20,5,100,30
SHORTEST_PULSE,339026,2.5566722853308397,0.2041164804091418,11.527699580825926,60,0,0,0,316,39,20,5,100,30
METROLOGY_CONDITIONED_EIG,339026,1.627926762871425,0.17754829372902775,11.631253131902216,60,0,0,0,316,39,20,5,100,30
NO_PASSIVE,339027,471.5269382956996,1.1137048532060174,445.27907653515393,0,0,0,0,257,39,20,5,100,30
RANDOM,339027,13.945283538536751,0.29904152743380297,16.079262365721473,59,1,0,0,257,39,20,5,100,30
HIGHEST_SNR,339027,31.870695848953588,0.7131743626537896,29.306549562855402,59,1,0,0,257,39,20,5,100,30
SHORTEST_PULSE,339027,13.54562895348992,0.5886315388046199,14.868628400753309,60,0,0,0,257,39,20,5,100,30
METROLOGY_CONDITIONED_EIG,339027,1.8634188782795993,0.3041342079306237,13.569835632781647,58,2,0,0,257,39,20,5,100,30
NO_PASSIVE,339028,751.4475274001633,1.5965104412601359,445.27907653515393,0,0,0,0,149,39,20,5,100,30
RANDOM,339028,5.499840756581516,0.8665139754153803,21.54934227171536,55,1,0,0,149,39,20,5,100,30
HIGHEST_SNR,339028,19.341264796241425,0.44157965623248274,23.655467279170058,56,0,0,0,149,39,20,5,100,30
SHORTEST_PULSE,339028,16.193160538088584,0.46326961281285334,19.768872770123007,56,0,0,0,149,39,20,5,100,30
METROLOGY_CONDITIONED_EIG,339028,9.170351003997549,0.5704511969245679,17.717411799872448,56,0,0,0,149,39,20,5,100,30
NO_PASSIVE,339029,207.3304765584286,0.9520383804727054,445.27907653515393,0,0,0,0,267,39,20,5,100,30
RANDOM,339029,8.93559511639649,0.3651856026484845,21.297115570630886,58,2,0,0,267,39,20,5,100,30
HIGHEST_SNR,339029,17.023554515635105,0.6167589342870943,48.470406208210335,57,3,0,0,267,39,20,5,100,30
SHORTEST_PULSE,339029,4.83403327556446,0.473727606826685,18.231839673261085,59,1,0,0,267,39,20,5,100,30
METROLOGY_CONDITIONED_EIG,339029,2.579141853411579,0.11642477837116087,15.40048375709629,59,1,0,0,267,39,20,5,100,30
NO_PASSIVE,340000,254.20448936783112,2.177283744292067,445.27907653515393,0,0,0,0,224,40,20,5,100,100
RANDOM,340000,31.238858345738663,1.175129480151568,35.02515266896274,59,1,0,0,224,40,20,5,100,100
HIGHEST_SNR,340000,48.07888862970845,0.4390020641820693,41.713385712345534,60,0,0,0,224,40,20,5,100,100
SHORTEST_PULSE,340000,26.48079094276103,0.8561519115756069,29.95163476355959,60,0,0,0,224,40,20,5,100,100
METROLOGY_CONDITIONED_EIG,340000,13.38731786444783,0.37014245938665435,24.836613371947237,60,0,0,0,224,40,20,5,100,100
NO_PASSIVE,340001,241.85791829936824,3.383959507501886,445.27907653515393,0,0,0,0,128,40,20,5,100,100
RANDOM,340001,16.456862896131856,0.46122831163576183,33.269620585109635,52,1,0,0,128,40,20,5,100,100
HIGHEST_SNR,340001,49.99505966385856,1.3719554838302908,46.61347205946454,53,0,0,0,128,40,20,5,100,100
SHORTEST_PULSE,340001,6.005680683787989,0.08065565610674333,29.24575187758534,53,0,0,0,128,40,20,5,100,100
METROLOGY_CONDITIONED_EIG,340001,12.905284033131977,0.14034995400125405,28.859549552257253,53,0,0,0,128,40,20,5,100,100
NO_PASSIVE,340002,403.13587849290934,1.0924091254294719,445.27907653515393,0,0,0,0,145,40,20,5,100,100
RANDOM,340002,32.38448949870073,0.6060260446837045,31.29161725552562,53,0,0,0,145,40,20,5,100,100
HIGHEST_SNR,340002,4.245808468837449,0.672563906485668,34.64691809725236,52,1,0,0,145,40,20,5,100,100
SHORTEST_PULSE,340002,30.186986930351658,0.6129023254199562,26.674351048826686,53,0,0,0,145,40,20,5,100,100
METROLOGY_CONDITIONED_EIG,340002,21.278645755423373,0.6727379933955052,25.88838926423496,53,0,0,0,145,40,20,5,100,100
NO_PASSIVE,340003,225.58443406242787,0.3408828708419586,445.27907653515393,0,0,0,0,91,40,20,5,100,100
RANDOM,340003,31.602022971611998,1.5183207782874482,47.67712390621896,54,2,0,0,91,40,20,5,100,100
HIGHEST_SNR,340003,146.76654093773794,1.1303767503098925,83.04203155630648,55,1,0,0,91,40,20,5,100,100
SHORTEST_PULSE,340003,25.531924120066996,1.2891528588885048,39.23146921710382,56,0,0,0,91,40,20,5,100,100
METROLOGY_CONDITIONED_EIG,340003,26.197544515475453,1.2652840053353116,39.41178247804103,56,0,0,0,91,40,20,5,100,100
NO_PASSIVE,340004,258.86145580261154,1.7961811334254387,445.27907653515393,0,0,0,0,164,40,20,5,100,100
RANDOM,340004,15.88780686634647,0.8581622712240277,40.3503467769397,58,1,0,0,164,40,20,5,100,100
HIGHEST_SNR,340004,13.609566137338334,0.3117432984502774,46.00611093742216,59,0,0,0,164,40,20,5,100,100
SHORTEST_PULSE,340004,16.651605645736883,0.44364305125784076,36.64480062836733,58,1,0,0,164,40,20,5,100,100
METROLOGY_CONDITIONED_EIG,340004,28.08830625963761,0.779533000063788,32.71146176202312,58,1,0,0,164,40,20,5,100,100
NO_PASSIVE,340005,329.5590115327421,1.7305536423923211,445.27907653515393,0,0,0,0,247,40,20,5,100,100
RANDOM,340005,31.001004016372136,0.5927764393347699,30.621913865189523,59,1,0,0,247,40,20,5,100,100
HIGHEST_SNR,340005,12.486701258955634,0.3327032037253624,39.06307196104021,58,2,0,0,247,40,20,5,100,100
SHORTEST_PULSE,340005,83.48276085304299,1.300121934772774,62.46654362233064,60,0,0,0,247,40,20,5,100,100
METROLOGY_CONDITIONED_EIG,340005,52.44348225772596,1.4876003002896225,22.840618656286864,59,1,0,0,247,40,20,5,100,100
NO_PASSIVE,340006,98.83375326891654,1.325966709797798,445.27907653515393,0,0,0,0,303,40,20,5,100,100
RANDOM,340006,13.821845300382959,0.7006961120983525,25.617413850135296,60,0,0,0,303,40,20,5,100,100
HIGHEST_SNR,340006,21.816791439712656,0.6547314182379437,40.126759819642494,60,0,0,0,303,40,20,5,100,100
SHORTEST_PULSE,340006,15.78443903061337,0.4567769280794751,18.99895363358694,60,0,0,0,303,40,20,5,100,100
METROLOGY_CONDITIONED_EIG,340006,21.78713200202801,0.5355183199825426,15.56120783694919,60,0,0,0,303,40,20,5,100,100
NO_PASSIVE,340007,220.5293072153021,1.7882830913351382,445.27907653515393,0,0,0,0,176,40,20,5,100,100
RANDOM,340007,24.099083537647747,0.14180133709171314,37.93313628537093,59,1,0,0,176,40,20,5,100,100
HIGHEST_SNR,340007,36.83014227468117,1.343495869965781,45.89808455527759,58,2,0,0,176,40,20,5,100,100
SHORTEST_PULSE,340007,35.247647699556296,0.8501786068529161,39.47106293161697,59,1,0,0,176,40,20,5,100,100
METROLOGY_CONDITIONED_EIG,340007,25.39495651105249,0.8461563640145091,31.355760005383924,59,1,0,0,176,40,20,5,100,100
NO_PASSIVE,340008,260.2143208656335,3.663725007279643,445.27907653515393,0,0,0,0,225,40,20,5,100,100
RANDOM,340008,45.81183360298756,0.5087447320548675,37.765739087563894,59,1,0,0,225,40,20,5,100,100
HIGHEST_SNR,340008,30.85711111546863,1.4990451419578599,62.69200337180878,60,0,0,0,225,40,20,5,100,100
SHORTEST_PULSE,340008,35.04774601477953,1.5026309009561147,32.84991745350272,60,0,0,0,225,40,20,5,100,100
METROLOGY_CONDITIONED_EIG,340008,26.63367570199418,1.0853152242938793,27.163371036260997,60,0,0,0,225,40,20,5,100,100
NO_PASSIVE,340009,393.0233155554464,1.4036798877258403,445.27907653515393,0,0,0,0,211,40,20,5,100,100
RANDOM,340009,18.571412967148373,0.6275850921224079,31.728083552025673,58,1,0,0,211,40,20,5,100,100
HIGHEST_SNR,340009,10.556243282111181,0.3084732425720717,33.34536009107676,58,1,0,0,211,40,20,5,100,100
SHORTEST_PULSE,340009,42.67360627075517,1.0606652354747304,26.505357037944915,59,0,0,0,211,40,20,5,100,100
METROLOGY_CONDITIONED_EIG,340009,18.428281346682898,0.2636786478390223,23.23414287237853,57,2,0,0,211,40,20,5,100,100
NO_PASSIVE,340010,181.68344889884153,2.362277883130645,445.27907653515393,0,0,0,0,177,40,20,5,100,100
RANDOM,340010,53.54461265656442,0.7263524863079647,38.53450073361096,59,1,0,0,177,40,20,5,100,100
HIGHEST_SNR,340010,14.074138099624424,0.07950181703553952,45.25606775416315,60,0,0,0,177,40,20,5,100,100
SHORTEST_PULSE,340010,19.826012276102265,0.43402042945279456,43.97184059325307,60,0,0,0,177,40,20,5,100,100
METROLOGY_CONDITIONED_EIG,340010,32.06266491188485,0.7406527784028563,37.093076442369856,60,0,0,0,177,40,20,5,100,100
NO_PASSIVE,340011,278.21939719290367,0.6517515287922242,445.27907653515393,0,0,0,0,331,40,20,5,100,100
RANDOM,340011,28.944947254650476,0.486419779392962,28.997800259414984,59,1,0,0,331,40,20,5,100,100
HIGHEST_SNR,340011,45.08744377336968,0.697966320121606,50.4523418442737,59,1,0,0,331,40,20,5,100,100
SHORTEST_PULSE,340011,25.572132629676357,0.4370534653175294,23.043722457160317,55,5,0,0,331,40,20,5,100,100
METROLOGY_CONDITIONED_EIG,340011,9.232210284571316,0.33349141871123106,21.876354423188793,58,2,0,0,331,40,20,5,100,100
NO_PASSIVE,340012,288.47588916402447,2.0447962998322193,445.27907653515393,0,0,0,0,211,40,20,5,100,100
RANDOM,340012,17.916605586268485,0.805548725567177,26.092944490533036,58,2,0,0,211,40,20,5,100,100
HIGHEST_SNR,340012,54.689266262972126,1.8821111056355144,26.643986294045643,60,0,0,0,211,40,20,5,100,100
SHORTEST_PULSE,340012,31.671533611814393,1.4196530433749024,30.379097738242574,60,0,0,0,211,40,20,5,100,100
METROLOGY_CONDITIONED_EIG,340012,13.645767996747187,0.7044455625682096,19.684905654422636,59,1,0,0,211,40,20,5,100,100
NO_PASSIVE,340013,479.8308611164179,2.0997931491343547,445.27907653515393,0,0,0,0,185,40,20,5,100,100
RANDOM,340013,16.78008645694391,0.5173338066198789,37.20602164622027,59,0,0,0,185,40,20,5,100,100
HIGHEST_SNR,340013,52.229499418591054,1.0705850565244552,36.76582345134004,59,0,0,0,185,40,20,5,100,100
SHORTEST_PULSE,340013,11.899305894725074,0.619096121083265,31.98668894491136,59,0,0,0,185,40,20,5,100,100
METROLOGY_CONDITIONED_EIG,340013,41.614648695542954,1.1427036612123085,29.829535627770763,59,0,0,0,185,40,20,5,100,100
NO_PASSIVE,340014,172.63425995071938,0.7954573333743581,445.27907653515393,0,0,0,0,302,40,20,5,100,100
RANDOM,340014,20.928468994362426,1.0858558417411501,34.085768435363256,60,0,0,0,302,40,20,5,100,100
HIGHEST_SNR,340014,23.173522198558885,0.1468546022651874,81.61201419912422,58,2,0,0,302,40,20,5,100,100
SHORTEST_PULSE,340014,14.762921424420853,1.6248659397253515,57.024988647860106,58,2,0,0,302,40,20,5,100,100
METROLOGY_CONDITIONED_EIG,340014,21.608188303182903,0.7875931224030774,23.59006415155795,59,1,0,0,302,40,20,5,100,100
NO_PASSIVE,340015,160.5729273064653,0.958760750800559,445.27907653515393,0,0,0,0,282,40,20,5,100,100
RANDOM,340015,10.90097179680623,0.2513512629200525,21.891257222689802,60,0,0,0,282,40,20,5,100,100
HIGHEST_SNR,340015,16.008063918807558,0.10646489138960855,37.58900696874025,60,0,0,0,282,40,20,5,100,100
SHORTEST_PULSE,340015,37.18048410556623,1.0434658974422244,19.91531517104911,60,0,0,0,282,40,20,5,100,100
METROLOGY_CONDITIONED_EIG,340015,19.934844393863596,0.7093328984090834,17.648264266306608,60,0,0,0,282,40,20,5,100,100
NO_PASSIVE,340016,580.2341882770259,1.5311376108544554,445.27907653515393,0,0,0,0,296,40,20,5,100,100
RANDOM,340016,22.696870589850967,0.6061926498629583,30.138626546115276,60,0,0,0,296,40,20,5,100,100
HIGHEST_SNR,340016,38.23531699042491,1.315732344819204,46.8637114241294,60,0,0,0,296,40,20,5,100,100
SHORTEST_PULSE,340016,5.073515156172984,0.2476255366201437,27.723658371808945,60,0,0,0,296,40,20,5,100,100
METROLOGY_CONDITIONED_EIG,340016,14.41417036213157,0.4470932556742226,24.33666499813514,60,0,0,0,296,40,20,5,100,100
NO_PASSIVE,340017,850.0553442579894,1.5295135784038887,445.27907653515393,0,0,0,0,200,40,20,5,100,100
RANDOM,340017,15.484169496280307,0.22766116453642762,37.6341906851013,57,1,0,0,200,40,20,5,100,100
HIGHEST_SNR,340017,9.480487202743634,0.49304292875726047,44.42474624063902,57,1,0,0,200,40,20,5,100,100
SHORTEST_PULSE,340017,32.56989589228956,1.3456995274234185,34.22182863213441,58,0,0,0,200,40,20,5,100,100
METROLOGY_CONDITIONED_EIG,340017,24.62913543273733,1.5463470750019874,32.89306096233288,58,0,0,0,200,40,20,5,100,100
NO_PASSIVE,340018,530.6790603083523,1.2248566022063978,445.27907653515393,0,0,0,0,292,40,20,5,100,100
RANDOM,340018,16.4873086008756,0.4892616962813329,20.16031593256442,59,1,0,0,292,40,20,5,100,100
HIGHEST_SNR,340018,14.87716553272606,0.3502603310069253,31.847435069224147,60,0,0,0,292,40,20,5,100,100
SHORTEST_PULSE,340018,13.448486418433932,0.8512153740621942,23.220185528155206,60,0,0,0,292,40,20,5,100,100
METROLOGY_CONDITIONED_EIG,340018,17.320754790304385,0.45116792546242523,17.083729829103447,60,0,0,0,292,40,20,5,100,100
NO_PASSIVE,340019,474.8931511268763,1.7887590549924377,445.27907653515393,0,0,0,0,159,40,20,5,100,100
RANDOM,340019,28.009386020394057,0.4428676391993712,31.48937194563429,60,0,0,0,159,40,20,5,100,100
HIGHEST_SNR,340019,43.151352255367236,0.9297180285926379,53.59496009287752,59,1,0,0,159,40,20,5,100,100
SHORTEST_PULSE,340019,16.27881344082992,0.5625196207492109,29.92437758221004,59,1,0,0,159,40,20,5,100,100
METROLOGY_CONDITIONED_EIG,340019,18.318605893477805,0.20614242529078664,30.273637574435913,59,1,0,0,159,40,20,5,100,100
NO_PASSIVE,340020,253.4479592509462,3.099454168547315,445.27907653515393,0,0,0,0,192,40,20,5,100,100
RANDOM,340020,17.97866451725972,0.7482825339528011,23.354895744933295,60,0,0,0,192,40,20,5,100,100
HIGHEST_SNR,340020,11.199834809796513,0.2524324735634476,29.450837235004425,60,0,0,0,192,40,20,5,100,100
SHORTEST_PULSE,340020,13.12012160885428,0.31856683384813717,16.4467347656267,60,0,0,0,192,40,20,5,100,100
METROLOGY_CONDITIONED_EIG,340020,21.100373283371997,0.5539398353157133,16.46065651706912,60,0,0,0,192,40,20,5,100,100
NO_PASSIVE,340021,173.85553387286726,2.075409097675011,445.27907653515393,0,0,0,0,390,40,20,5,100,100
RANDOM,340021,32.53751685610899,0.7554051639947988,24.967067250548354,60,0,0,0,390,40,20,5,100,100
HIGHEST_SNR,340021,28.84243977762694,0.5866809123833615,36.046715990926884,60,0,0,0,390,40,20,5,100,100
SHORTEST_PULSE,340021,26.17417146765304,0.7654589450075008,26.12215320770206,60,0,0,0,390,40,20,5,100,100
METROLOGY_CONDITIONED_EIG,340021,44.18053450213642,1.2611595229444474,20.120205667996622,59,1,0,0,390,40,20,5,100,100
NO_PASSIVE,340022,132.93641779613813,2.3688266818902903,445.27907653515393,0,0,0,0,321,40,20,5,100,100
RANDOM,340022,26.158271061626515,0.12097220778983872,29.083464698365244,59,1,0,0,321,40,20,5,100,100
HIGHEST_SNR,340022,71.56271195199156,1.436626072289369,47.32593583748991,60,0,0,0,321,40,20,5,100,100
SHORTEST_PULSE,340022,26.77246196609918,0.8931829158665668,22.519288176365617,59,1,0,0,321,40,20,5,100,100
METROLOGY_CONDITIONED_EIG,340022,11.213220763534622,0.23576105239287215,20.899927462223598,59,1,0,0,321,40,20,5,100,100
NO_PASSIVE,340023,513.2205944241724,0.6356399588462224,445.27907653515393,0,0,0,0,294,40,20,5,100,100
RANDOM,340023,13.161770048504001,0.16262142652455466,29.088458668271013,59,1,0,0,294,40,20,5,100,100
HIGHEST_SNR,340023,95.1284939560468,1.2635980534487457,77.0360210224241,59,1,0,0,294,40,20,5,100,100
SHORTEST_PULSE,340023,16.414317005840136,1.0988894300318925,22.01987277721586,60,0,0,0,294,40,20,5,100,100
METROLOGY_CONDITIONED_EIG,340023,12.170278694990367,0.726595216200193,20.364852856855098,60,0,0,0,294,40,20,5,100,100
NO_PASSIVE,340024,438.88810800090056,2.995192913967151,445.27907653515393,0,0,0,0,221,40,20,5,100,100
RANDOM,340024,57.20356051447011,2.0903797780975237,38.502963021923065,60,0,0,0,221,40,20,5,100,100
HIGHEST_SNR,340024,36.587920180429705,1.8750044083106139,51.96962604312199,60,0,0,0,221,40,20,5,100,100
SHORTEST_PULSE,340024,34.451283661690766,0.19664332910544613,45.44667553475538,60,0,0,0,221,40,20,5,100,100
METROLOGY_CONDITIONED_EIG,340024,9.587193721359606,0.5568279670366113,32.19245334794237,60,0,0,0,221,40,20,5,100,100
NO_PASSIVE,340025,187.30242729839378,3.309067570833549,445.27907653515393,0,0,0,0,282,40,20,5,100,100
RANDOM,340025,29.060245361850736,0.2395413233816836,34.75941869253459,54,5,0,0,282,40,20,5,100,100
HIGHEST_SNR,340025,54.752704343704195,0.2624605221117756,64.92874891152302,56,3,0,0,282,40,20,5,100,100
SHORTEST_PULSE,340025,26.653845399366194,0.30461823200479266,26.346579229336058,59,0,0,0,282,40,20,5,100,100
METROLOGY_CONDITIONED_EIG,340025,27.13777932471272,0.29390282068987106,26.5305791936915,59,0,0,0,282,40,20,5,100,100
NO_PASSIVE,340026,617.6141974609494,1.126485811733731,445.27907653515393,0,0,0,0,186,40,20,5,100,100
RANDOM,340026,42.99757930910656,1.2059203648996824,33.18498033919603,57,1,0,0,186,40,20,5,100,100
HIGHEST_SNR,340026,17.476901481080166,0.08771555054476705,39.544600874145395,58,0,0,0,186,40,20,5,100,100
SHORTEST_PULSE,340026,27.628664491629724,0.8284589019848557,28.96061786059611,58,0,0,0,186,40,20,5,100,100
METROLOGY_CONDITIONED_EIG,340026,4.694140996720676,0.29245202893706956,26.623655036245772,58,0,0,0,186,40,20,5,100,100
NO_PASSIVE,340027,317.48009781719986,1.6902364516324688,445.27907653515393,0,0,0,0,146,40,20,5,100,100
RANDOM,340027,23.687631305341366,1.247968530413007,57.882615541431214,58,0,0,0,146,40,20,5,100,100
HIGHEST_SNR,340027,135.1862085100276,1.5407758858112168,132.20877229122007,58,0,0,0,146,40,20,5,100,100
SHORTEST_PULSE,340027,12.887828974690368,0.7792115358502801,63.77985229066207,58,0,0,0,146,40,20,5,100,100
METROLOGY_CONDITIONED_EIG,340027,22.74162952214256,0.6994583526947449,48.52983567270791,58,0,0,0,146,40,20,5,100,100
NO_PASSIVE,340028,399.3513911379047,2.1082708243857464,445.27907653515393,0,0,0,0,168,40,20,5,100,100
RANDOM,340028,7.605532978329786,0.36200308036228057,34.81191457894348,59,0,0,0,168,40,20,5,100,100
HIGHEST_SNR,340028,36.01949696361207,0.40199303436003575,46.38919768480675,59,0,0,0,168,40,20,5,100,100
SHORTEST_PULSE,340028,9.046121513221749,0.5319680693927923,28.74474901635641,57,2,0,0,168,40,20,5,100,100
METROLOGY_CONDITIONED_EIG,340028,36.27133926087159,1.2664085049165872,24.644681860297727,58,1,0,0,168,40,20,5,100,100
NO_PASSIVE,340029,297.4182694636191,2.7849004302196287,445.27907653515393,0,0,0,0,293,40,20,5,100,100
RANDOM,340029,12.867185695092518,0.2919393702945649,33.9850509002311,60,0,0,0,293,40,20,5,100,100
HIGHEST_SNR,340029,34.673330133166004,0.5991214499770158,49.342664948563254,60,0,0,0,293,40,20,5,100,100
SHORTEST_PULSE,340029,49.30717644810233,0.6428014139343463,42.68037590666623,60,0,0,0,293,40,20,5,100,100
METROLOGY_CONDITIONED_EIG,340029,22.952683450122713,0.2601659958454613,30.000951098196538,60,0,0,0,293,40,20,5,100,100
NO_PASSIVE,341000,256.1810435885056,0.4230243970809899,445.27907653515393,0,0,0,0,213,41,20,5,1000,30
RANDOM,341000,5.239796222663888,0.4002424502127245,18.853970755968394,60,0,0,0,213,41,20,5,1000,30
HIGHEST_SNR,341000,12.106968875156923,0.13900061791450136,20.556738337196226,60,0,0,0,213,41,20,5,1000,30
SHORTEST_PULSE,341000,9.133343192531976,0.711718173812049,17.444346883665563,60,0,0,0,213,41,20,5,1000,30
METROLOGY_CONDITIONED_EIG,341000,12.46410520100077,0.5951373203988597,16.0024724569855,59,1,0,0,213,41,20,5,1000,30
NO_PASSIVE,341001,219.43823749107148,0.7174183643813354,445.27907653515393,0,0,0,0,332,41,20,5,1000,30
RANDOM,341001,29.752871654601606,1.1830778019633288,27.598211019021615,60,0,0,0,332,41,20,5,1000,30
HIGHEST_SNR,341001,62.80694704828765,0.7102929612916352,47.261727964146075,60,0,0,0,332,41,20,5,1000,30
SHORTEST_PULSE,341001,48.22140078992392,1.6694734316297624,44.66176897166781,60,0,0,0,332,41,20,5,1000,30
METROLOGY_CONDITIONED_EIG,341001,40.46909460225038,0.7663133287265066,20.739870711076914,59,1,0,0,332,41,20,5,1000,30
NO_PASSIVE,341002,273.94699404210144,2.190339812717439,445.27907653515393,0,0,0,0,284,41,20,5,1000,30
RANDOM,341002,11.156518014191905,0.4248537710036475,21.78922982333244,57,0,0,0,284,41,20,5,1000,30
HIGHEST_SNR,341002,27.967495823815998,0.7947033565732557,25.604564133857636,56,1,0,0,284,41,20,5,1000,30
SHORTEST_PULSE,341002,29.02474755819666,0.9034073575259999,16.62786783797412,57,0,0,0,284,41,20,5,1000,30
METROLOGY_CONDITIONED_EIG,341002,30.209634612039096,0.9462440854354031,14.964495109188569,57,0,0,0,284,41,20,5,1000,30
NO_PASSIVE,341003,414.4951594007059,1.0479489283378347,445.27907653515393,0,0,0,0,214,41,20,5,1000,30
RANDOM,341003,10.11464760959243,0.4143644693259176,18.459195580974832,60,0,0,0,214,41,20,5,1000,30
HIGHEST_SNR,341003,9.5654170306979,0.8420987401254393,43.62000567722569,60,0,0,0,214,41,20,5,1000,30
SHORTEST_PULSE,341003,11.37920994840228,0.07282803485595153,13.092257146427096,60,0,0,0,214,41,20,5,1000,30
METROLOGY_CONDITIONED_EIG,341003,10.584713227352204,0.03672707173359116,13.109811686035153,60,0,0,0,214,41,20,5,1000,30
NO_PASSIVE,341004,654.1132944221985,1.647424379223314,445.27907653515393,0,0,0,0,260,41,20,5,1000,30
RANDOM,341004,16.369236873943446,0.646317264315641,15.73076012321329,60,0,0,0,260,41,20,5,1000,30
HIGHEST_SNR,341004,23.959385291661413,0.6678304329275072,22.336884802519588,60,0,0,0,260,41,20,5,1000,30
SHORTEST_PULSE,341004,9.301461979756814,0.14680232705569451,11.916574160758513,60,0,0,0,260,41,20,5,1000,30
METROLOGY_CONDITIONED_EIG,341004,16.11179835548721,0.7312168108711831,11.843626848305693,60,0,0,0,260,41,20,5,1000,30
NO_PASSIVE,341005,377.79424980153016,1.9494714722437019,445.27907653515393,0,0,0,0,312,41,20,5,1000,30
RANDOM,341005,32.36443224258379,1.0096679509934403,24.912132326305816,60,0,0,0,312,41,20,5,1000,30
HIGHEST_SNR,341005,41.71125180665346,1.294750123425197,48.813537156510655,59,1,0,0,312,41,20,5,1000,30
SHORTEST_PULSE,341005,13.455702415783291,0.8184999556745508,21.155017680817018,59,1,0,0,312,41,20,5,1000,30
METROLOGY_CONDITIONED_EIG,341005,16.392837132779587,0.3078184120041047,20.71749980822577,58,2,0,0,312,41,20,5,1000,30
NO_PASSIVE,341006,396.60764698843496,0.7040804856817173,445.27907653515393,0,0,0,0,288,41,20,5,1000,30
RANDOM,341006,8.237872696717215,0.1733952270988817,16.211794256529924,59,1,0,0,288,41,20,5,1000,30
HIGHEST_SNR,341006,11.489217155579956,0.2393918451564456,31.53577578053943,60,0,0,0,288,41,20,5,1000,30
SHORTEST_PULSE,341006,10.045745429178568,0.48519730815408346,10.762769026097684,59,1,0,0,288,41,20,5,1000,30
METROLOGY_CONDITIONED_EIG,341006,11.632396096191728,0.5203850674373849,10.830094335936975,59,1,0,0,288,41,20,5,1000,30
NO_PASSIVE,341007,394.20782567538083,3.5573928653470017,445.27907653515393,0,0,0,0,264,41,20,5,1000,30
RANDOM,341007,2.525426795593439,0.30818450662112834,27.59852858612672,59,1,0,0,264,41,20,5,1000,30
HIGHEST_SNR,341007,11.27735369632193,0.3232640822963125,24.0136019731843,59,1,0,0,264,41,20,5,1000,30
SHORTEST_PULSE,341007,12.161677534449574,0.596653664575381,17.788182015711264,57,3,0,0,264,41,20,5,1000,30
METROLOGY_CONDITIONED_EIG,341007,34.78993654605958,1.0970675750035899,18.080253263950112,58,2,0,0,264,41,20,5,1000,30
NO_PASSIVE,341008,250.16521349842535,0.8699668200660239,445.27907653515393,0,0,0,0,311,41,20,5,1000,30
RANDOM,341008,35.42278091531944,0.6860984541703317,22.939237950245992,59,1,0,0,311,41,20,5,1000,30
HIGHEST_SNR,341008,35.47299358545248,1.1614928994825588,28.35252670475947,60,0,0,0,311,41,20,5,1000,30
SHORTEST_PULSE,341008,39.742594968535485,0.585755795201427,22.305496396222683,60,0,0,0,311,41,20,5,1000,30
METROLOGY_CONDITIONED_EIG,341008,18.325617533975542,0.407626986686592,13.48186718629612,60,0,0,0,311,41,20,5,1000,30
NO_PASSIVE,341009,93.71220476248976,1.6896128555405492,445.27907653515393,0,0,0,0,287,41,20,5,1000,30
RANDOM,341009,34.366266241884176,0.877418498791769,23.189208635272404,60,0,0,0,287,41,20,5,1000,30
HIGHEST_SNR,341009,36.020994699782854,2.1568480858275123,42.6038370861254,60,0,0,0,287,41,20,5,1000,30
SHORTEST_PULSE,341009,8.464912697726897,0.4384088328136932,18.62321306461891,60,0,0,0,287,41,20,5,1000,30
METROLOGY_CONDITIONED_EIG,341009,5.098991579909877,0.23650537604869862,15.561474821732482,60,0,0,0,287,41,20,5,1000,30
NO_PASSIVE,341010,935.4759711763032,2.843505740933162,445.27907653515393,0,0,0,0,312,41,20,5,1000,30
RANDOM,341010,19.005564935215595,0.6938098938304867,22.925016707649604,60,0,0,0,312,41,20,5,1000,30
HIGHEST_SNR,341010,1544.8584842578614,3.0302745675388163,172.8050420936415,42,18,0,0,312,41,20,5,1000,30
SHORTEST_PULSE,341010,120.90321242235349,2.9318268953926996,46.517221357960395,53,7,0,0,312,41,20,5,1000,30
METROLOGY_CONDITIONED_EIG,341010,17.179681555850262,0.6367288686099943,19.367666271096976,60,0,0,0,312,41,20,5,1000,30
NO_PASSIVE,341011,134.56157673202526,0.8986835504355078,445.27907653515393,0,0,0,0,358,41,20,5,1000,30
RANDOM,341011,7.354046799321206,0.22396214077854587,18.387973850146448,59,1,0,0,358,41,20,5,1000,30
HIGHEST_SNR,341011,29.88778810394634,0.40700071291975937,44.694380082935304,60,0,0,0,358,41,20,5,1000,30
SHORTEST_PULSE,341011,10.357272234488141,0.5790018614309764,14.391670498224874,60,0,0,0,358,41,20,5,1000,30
METROLOGY_CONDITIONED_EIG,341011,8.056742990613154,0.5311976648902232,12.603638055082474,60,0,0,0,358,41,20,5,1000,30
NO_PASSIVE,341012,103.7418595194634,1.0921192883090647,445.27907653515393,0,0,0,0,285,41,20,5,1000,30
RANDOM,341012,13.658756906848462,0.9900745509673299,22.71537948599558,60,0,0,0,285,41,20,5,1000,30
HIGHEST_SNR,341012,14.903437892174797,0.6232233894729232,25.132706823849492,60,0,0,0,285,41,20,5,1000,30
SHORTEST_PULSE,341012,10.000108779826204,0.0783904046989924,19.42484945418807,60,0,0,0,285,41,20,5,1000,30
METROLOGY_CONDITIONED_EIG,341012,6.002266170024743,0.39449430445511613,16.52167905338996,60,0,0,0,285,41,20,5,1000,30
NO_PASSIVE,341013,709.1949092864584,1.2271863218715622,445.27907653515393,0,0,0,0,287,41,20,5,1000,30
RANDOM,341013,8.113172884041912,0.2850228365389359,21.222713804130343,59,1,0,0,287,41,20,5,1000,30
HIGHEST_SNR,341013,118.30235572103321,1.0244025007872066,58.08296713967695,58,2,0,0,287,41,20,5,1000,30
SHORTEST_PULSE,341013,2.411432806470885,0.037183805325422634,13.022860745950608,59,1,0,0,287,41,20,5,1000,30
METROLOGY_CONDITIONED_EIG,341013,3.971723460648228,0.062045955001387085,13.444209090129416,60,0,0,0,287,41,20,5,1000,30
NO_PASSIVE,341014,367.8689579968031,3.2650944724490683,445.27907653515393,0,0,0,0,360,41,20,5,1000,30
RANDOM,341014,15.251797307247621,0.06857925494975949,23.6026860006206,58,2,0,0,360,41,20,5,1000,30
HIGHEST_SNR,341014,34.05899255942235,0.3476337295877925,30.71862847710897,59,1,0,0,360,41,20,5,1000,30
SHORTEST_PULSE,341014,18.610148411276406,0.4770430489224683,16.62349758614671,58,2,0,0,360,41,20,5,1000,30
METROLOGY_CONDITIONED_EIG,341014,20.541797699952024,0.6100955778751903,16.00972356812171,59,1,0,0,360,41,20,5,1000,30
NO_PASSIVE,341015,388.95867430276485,0.8436463412064614,445.27907653515393,0,0,0,0,263,41,20,5,1000,30
RANDOM,341015,13.850711443072472,0.13717714526225838,18.340357120225658,59,1,0,0,263,41,20,5,1000,30
HIGHEST_SNR,341015,22.870172748278907,0.6027778440074252,17.528285411328152,57,3,0,0,263,41,20,5,1000,30
SHORTEST_PULSE,341015,7.778607437328371,0.2393723751605117,18.248179153092064,60,0,0,0,263,41,20,5,1000,30
METROLOGY_CONDITIONED_EIG,341015,12.309919292418146,0.376361942318532,15.84777485084372,56,4,0,0,263,41,20,5,1000,30
NO_PASSIVE,341016,688.5773536976891,1.1496129836275748,445.27907653515393,0,0,0,0,264,41,20,5,1000,30
RANDOM,341016,12.981305750585914,0.515502704045089,16.170941959240018,60,0,0,0,264,41,20,5,1000,30
HIGHEST_SNR,341016,57.19537570222541,2.228720097127664,36.87697085942972,60,0,0,0,264,41,20,5,1000,30
SHORTEST_PULSE,341016,3.4650082525083445,0.06157571026669217,18.64113521214911,60,0,0,0,264,41,20,5,1000,30
METROLOGY_CONDITIONED_EIG,341016,9.379687329294375,0.43011053602803506,12.509214526163674,60,0,0,0,264,41,20,5,1000,30
NO_PASSIVE,341017,184.13555895519622,1.0007307759621296,445.27907653515393,0,0,0,0,331,41,20,5,1000,30
RANDOM,341017,39.91401738907657,0.9402860254054869,25.10994264774083,58,2,0,0,331,41,20,5,1000,30
HIGHEST_SNR,341017,3.3144726870132066,0.5565798327193243,39.06706556131189,60,0,0,0,331,41,20,5,1000,30
SHORTEST_PULSE,341017,36.09127221924717,0.8330211047584893,17.431448932163867,57,3,0,0,331,41,20,5,1000,30
METROLOGY_CONDITIONED_EIG,341017,18.054907683064805,0.5167470671361444,15.062789303026003,58,2,0,0,331,41,20,5,1000,30
NO_PASSIVE,341018,386.4011903561518,1.3114427831797066,445.27907653515393,0,0,0,0,308,41,20,5,1000,30
RANDOM,341018,8.424773915537752,0.10697620383744835,14.231291398158158,59,1,0,0,308,41,20,5,1000,30
HIGHEST_SNR,341018,32.16992858963953,0.5049078870837289,52.53537627145953,60,0,0,0,308,41,20,5,1000,30
SHORTEST_PULSE,341018,3.218664761925338,0.21210260314334628,14.17492730467337,60,0,0,0,308,41,20,5,1000,30
METROLOGY_CONDITIONED_EIG,341018,7.79414822310868,0.12590511000465487,11.616750440138553,59,1,0,0,308,41,20,5,1000,30
NO_PASSIVE,341019,365.6620794645708,1.172631161894512,445.27907653515393,0,0,0,0,286,41,20,5,1000,30
RANDOM,341019,38.36160906650419,0.8402623129923432,18.00520950704966,59,1,0,0,286,41,20,5,1000,30
HIGHEST_SNR,341019,13.16627299584178,0.7574228980615718,26.56336994188508,60,0,0,0,286,41,20,5,1000,30
SHORTEST_PULSE,341019,20.88615736776191,0.18496440877065148,27.33481128554581,60,0,0,0,286,41,20,5,1000,30
METROLOGY_CONDITIONED_EIG,341019,8.398463380252766,0.1500823720389731,13.087855884156168,60,0,0,0,286,41,20,5,1000,30
NO_PASSIVE,341020,479.78444866159833,2.748601372058913,445.27907653515393,0,0,0,0,358,41,20,5,1000,30
RANDOM,341020,48.751820837446814,1.5350387492616266,21.229593318053098,60,0,0,0,358,41,20,5,1000,30
HIGHEST_SNR,341020,32.6844592557842,1.2389323871331146,94.5579290313162,59,1,0,0,358,41,20,5,1000,30
SHORTEST_PULSE,341020,46.155037603815636,1.0342046811800625,17.982180848579414,59,1,0,0,358,41,20,5,1000,30
METROLOGY_CONDITIONED_EIG,341020,9.574335381089211,0.3305362649744142,12.425716990156142,59,1,0,0,358,41,20,5,1000,30
NO_PASSIVE,341021,121.82749252846276,1.372607854836666,445.27907653515393,0,0,0,0,311,41,20,5,1000,30
RANDOM,341021,11.191614262880359,0.04135818368770569,19.960293553369723,60,0,0,0,311,41,20,5,1000,30
HIGHEST_SNR,341021,53.81949137655498,0.6435719705853247,91.1738281159664,60,0,0,0,311,41,20,5,1000,30
SHORTEST_PULSE,341021,9.093485665914798,0.27281884464311834,11.9671564000088,60,0,0,0,311,41,20,5,1000,30
METROLOGY_CONDITIONED_EIG,341021,11.70936966885546,0.28291149641172425,10.176434933503476,60,0,0,0,311,41,20,5,1000,30
NO_PASSIVE,341022,388.3806009917432,2.316441597310974,445.27907653515393,0,0,0,0,336,41,20,5,1000,30
RANDOM,341022,14.729559709365821,0.3116225453679835,22.4006681843332,57,3,0,0,336,41,20,5,1000,30
HIGHEST_SNR,341022,15.976665433206351,0.4411200871569447,24.025840112815114,59,1,0,0,336,41,20,5,1000,30
SHORTEST_PULSE,341022,32.969389181007756,1.4604612886610142,24.30552960135491,60,0,0,0,336,41,20,5,1000,30
METROLOGY_CONDITIONED_EIG,341022,11.31709462420268,0.183443909519124,15.134330695448051,59,1,0,0,336,41,20,5,1000,30
NO_PASSIVE,341023,603.7190315631399,1.6153291851722482,445.27907653515393,0,0,0,0,359,41,20,5,1000,30
RANDOM,341023,17.026626772817664,0.3111391695483251,14.359403192602814,56,4,0,0,359,41,20,5,1000,30
HIGHEST_SNR,341023,17.764244258866395,0.14232335589843054,27.770878126635328,60,0,0,0,359,41,20,5,1000,30
SHORTEST_PULSE,341023,10.859822912448388,0.413630576941646,12.591200215641237,60,0,0,0,359,41,20,5,1000,30
METROLOGY_CONDITIONED_EIG,341023,12.464544305143624,0.5143663092540981,10.774785302178646,60,0,0,0,359,41,20,5,1000,30
NO_PASSIVE,341024,35.50857469591238,1.7273949129283006,445.27907653515393,0,0,0,0,315,41,20,5,1000,30
RANDOM,341024,8.08696755681374,0.3128001438268638,15.066415950046899,60,0,0,0,315,41,20,5,1000,30
HIGHEST_SNR,341024,32.455826121540696,1.3201042836586627,27.872711709043056,59,1,0,0,315,41,20,5,1000,30
SHORTEST_PULSE,341024,16.63126394685455,0.3444452753904337,21.39403638023508,60,0,0,0,315,41,20,5,1000,30
METROLOGY_CONDITIONED_EIG,341024,6.8878122424364205,0.2110343139323968,11.33592800601035,60,0,0,0,315,41,20,5,1000,30
NO_PASSIVE,341025,295.58590899950354,2.0317026696345937,445.27907653515393,0,0,0,0,328,41,20,5,1000,30
RANDOM,341025,13.070507946180747,0.29184381834610534,19.35053574845882,60,0,0,0,328,41,20,5,1000,30
HIGHEST_SNR,341025,27.385739226576153,0.376880873410691,31.157888729732758,60,0,0,0,328,41,20,5,1000,30
SHORTEST_PULSE,341025,12.934816511233803,0.3712169330091249,20.443705529608536,60,0,0,0,328,41,20,5,1000,30
METROLOGY_CONDITIONED_EIG,341025,28.91690139059299,0.3844266382209939,16.509878656785087,60,0,0,0,328,41,20,5,1000,30
NO_PASSIVE,341026,393.6252599053363,3.462466565934181,445.27907653515393,0,0,0,0,312,41,20,5,1000,30
RANDOM,341026,14.456735595508048,0.5139807203907817,17.561711888313784,59,1,0,0,312,41,20,5,1000,30
HIGHEST_SNR,341026,16.057273121760236,0.57789698962259,19.330040440332926,59,1,0,0,312,41,20,5,1000,30
SHORTEST_PULSE,341026,33.287296792401406,1.1964991655048938,31.656304479477715,59,1,0,0,312,41,20,5,1000,30
METROLOGY_CONDITIONED_EIG,341026,2.5102561297416095,0.17048303109128343,14.203040765375977,58,2,0,0,312,41,20,5,1000,30
NO_PASSIVE,341027,414.71208540768123,3.105649529774402,445.27907653515393,0,0,0,0,215,41,20,5,1000,30
RANDOM,341027,12.151908116232086,0.39993506760941017,17.914038892624994,59,1,0,0,215,41,20,5,1000,30
HIGHEST_SNR,341027,46.5390801767293,1.4116969135970794,38.879883408823986,59,1,0,0,215,41,20,5,1000,30
SHORTEST_PULSE,341027,17.05012926301205,0.4190653727926902,15.976639259068294,59,1,0,0,215,41,20,5,1000,30
METROLOGY_CONDITIONED_EIG,341027,18.48175439737593,0.5625757362658321,13.02942668246708,59,1,0,0,215,41,20,5,1000,30
NO_PASSIVE,341028,199.99398000624,1.1386612056385799,445.27907653515393,0,0,0,0,237,41,20,5,1000,30
RANDOM,341028,29.7282053901669,0.6853384147908701,24.724996741218167,60,0,0,0,237,41,20,5,1000,30
HIGHEST_SNR,341028,40.89155285676216,1.4608671022615882,31.071172929908,60,0,0,0,237,41,20,5,1000,30
SHORTEST_PULSE,341028,7.604547829234916,0.5903598808350818,18.620321641737597,60,0,0,0,237,41,20,5,1000,30
METROLOGY_CONDITIONED_EIG,341028,10.601198344125665,0.7866071084147002,18.822967276204583,60,0,0,0,237,41,20,5,1000,30
NO_PASSIVE,341029,345.54706562307723,5.079688385499316,445.27907653515393,0,0,0,0,213,41,20,5,1000,30
RANDOM,341029,40.368765934949586,1.0528040416438957,26.95661890467138,59,1,0,0,213,41,20,5,1000,30
HIGHEST_SNR,341029,26.958795941594804,1.3916353634303036,49.92850291662117,60,0,0,0,213,41,20,5,1000,30
SHORTEST_PULSE,341029,67.77632464243428,3.1855464470699695,44.730168734217,60,0,0,0,213,41,20,5,1000,30
METROLOGY_CONDITIONED_EIG,341029,42.438385193750705,1.68478664888086,17.337913619060465,59,1,0,0,213,41,20,5,1000,30
NO_PASSIVE,342000,626.8524926271423,0.7715717028143124,445.27907653515393,0,0,0,0,306,42,20,5,1000,100
RANDOM,342000,69.02324994032806,1.6731490225922157,30.37423661941856,48,0,0,0,306,42,20,5,1000,100
HIGHEST_SNR,342000,29.29921507496558,0.8622967558389457,44.62996122611017,48,0,0,0,306,42,20,5,1000,100
SHORTEST_PULSE,342000,46.92858404944334,0.6099370298953384,30.64189407227891,47,1,0,0,306,42,20,5,1000,100
METROLOGY_CONDITIONED_EIG,342000,30.919944560545368,0.6217118875477669,25.05789519759269,48,0,0,0,306,42,20,5,1000,100
NO_PASSIVE,342001,195.56636001951574,1.6710823350207835,445.27907653515393,0,0,0,0,288,42,20,5,1000,100
RANDOM,342001,17.114775613690476,0.2100489346143479,26.910680025779513,60,0,0,0,288,42,20,5,1000,100
HIGHEST_SNR,342001,46.49290207071802,1.686515043769676,28.364005926925298,59,1,0,0,288,42,20,5,1000,100
SHORTEST_PULSE,342001,13.756421436105164,0.11288035547631875,49.75187908695327,59,1,0,0,288,42,20,5,1000,100
METROLOGY_CONDITIONED_EIG,342001,10.883435306124648,0.3418064486023325,16.63724545491263,60,0,0,0,288,42,20,5,1000,100
NO_PASSIVE,342002,725.5825478418913,1.1621014124567706,445.27907653515393,0,0,0,0,285,42,20,5,1000,100
RANDOM,342002,6.828956402067175,0.38656052463691326,30.498999915416242,57,3,0,0,285,42,20,5,1000,100
HIGHEST_SNR,342002,44.937528912274445,0.9378553615153545,58.05740469115652,60,0,0,0,285,42,20,5,1000,100
SHORTEST_PULSE,342002,18.85794683543537,0.40858185618008336,34.92230737638975,60,0,0,0,285,42,20,5,1000,100
METROLOGY_CONDITIONED_EIG,342002,2.7521812223660485,0.23389088624592333,23.25051354634948,60,0,0,0,285,42,20,5,1000,100
NO_PASSIVE,342003,498.7418776023281,2.482756796989691,445.27907653515393,0,0,0,0,312,42,20,5,1000,100
RANDOM,342003,19.409910743243774,0.635116470244918,19.26100243266429,59,1,0,0,312,42,20,5,1000,100
HIGHEST_SNR,342003,51.56595830539199,1.8020512843753345,54.12000661449669,59,1,0,0,312,42,20,5,1000,100
SHORTEST_PULSE,342003,10.578408669358927,0.0519975641317454,19.904908641037935,59,1,0,0,312,42,20,5,1000,100
METROLOGY_CONDITIONED_EIG,342003,13.417291747124876,0.3836256234209097,16.353141080719727,60,0,0,0,312,42,20,5,1000,100
NO_PASSIVE,342004,298.469765694606,1.900580254847332,445.27907653515393,0,0,0,0,332,42,20,5,1000,100
RANDOM,342004,8.17429333415116,0.3240567268678888,35.50618923053497,59,1,0,0,332,42,20,5,1000,100
HIGHEST_SNR,342004,30.703951323093275,0.9311712685324663,48.643965289420265,59,1,0,0,332,42,20,5,1000,100
SHORTEST_PULSE,342004,24.132391570212896,0.3109443960565884,38.92817210475125,59,1,0,0,332,42,20,5,1000,100
METROLOGY_CONDITIONED_EIG,342004,18.199835775194327,0.4575226522662338,26.79617342877004,60,0,0,0,332,42,20,5,1000,100
NO_PASSIVE,342005,683.1393938286645,1.4399900802678185,445.27907653515393,0,0,0,0,360,42,20,5,1000,100
RANDOM,342005,27.987882254685413,0.7222227325707963,34.531638915038734,59,1,0,0,360,42,20,5,1000,100
HIGHEST_SNR,342005,13.90285266821241,0.8770476126666839,73.78522168511952,57,3,0,0,360,42,20,5,1000,100
SHORTEST_PULSE,342005,21.985510305703805,0.7807407910338777,21.358094570409833,60,0,0,0,360,42,20,5,1000,100
METROLOGY_CONDITIONED_EIG,342005,17.36229199628997,0.4852140655881195,21.479161783315057,60,0,0,0,360,42,20,5,1000,100
NO_PASSIVE,342006,345.3969348337121,0.7454931907891857,445.27907653515393,0,0,0,0,357,42,20,5,1000,100
RANDOM,342006,7.513868578040987,0.22766245782710165,36.052596736556104,60,0,0,0,357,42,20,5,1000,100
HIGHEST_SNR,342006,38.592225755473194,0.831122124523661,54.79490499110175,58,2,0,0,357,42,20,5,1000,100
SHORTEST_PULSE,342006,37.15066199785652,1.2735225809001451,28.45612875824613,60,0,0,0,357,42,20,5,1000,100
METROLOGY_CONDITIONED_EIG,342006,11.520415714223054,0.26417967789343366,24.551241677091138,59,1,0,0,357,42,20,5,1000,100
NO_PASSIVE,342007,415.5029705211354,2.3433111342848476,445.27907653515393,0,0,0,0,356,42,20,5,1000,100
RANDOM,342007,15.245148505849738,0.4445107420908483,34.01931053063386,60,0,0,0,356,42,20,5,1000,100
HIGHEST_SNR,342007,35.98671562039353,2.009034824849256,52.09531634056778,57,3,0,0,356,42,20,5,1000,100
SHORTEST_PULSE,342007,46.259354139533436,1.3585566976265844,36.283813117729714,59,1,0,0,356,42,20,5,1000,100
METROLOGY_CONDITIONED_EIG,342007,41.12132812028436,1.1973098270423939,24.140038956334944,58,2,0,0,356,42,20,5,1000,100
NO_PASSIVE,342008,555.4774227455252,3.839487499263818,445.27907653515393,0,0,0,0,334,42,20,5,1000,100
RANDOM,342008,91.39150771168931,3.1618262617629616,38.68262024552278,59,1,0,0,334,42,20,5,1000,100
HIGHEST_SNR,342008,63.661517632654224,1.420488034419004,46.98834349867749,58,2,0,0,334,42,20,5,1000,100
SHORTEST_PULSE,342008,28.976377801923263,0.5244475291025931,25.13415820073847,59,1,0,0,334,42,20,5,1000,100
METROLOGY_CONDITIONED_EIG,342008,27.752666591292115,0.32299668211970045,24.984581386202343,60,0,0,0,334,42,20,5,1000,100
NO_PASSIVE,342009,212.93357340561255,3.716925246394654,445.27907653515393,0,0,0,0,264,42,20,5,1000,100
RANDOM,342009,8.822510558065316,0.530386366620824,33.31765104157185,59,1,0,0,264,42,20,5,1000,100
HIGHEST_SNR,342009,90.02200747747277,3.2230005119531477,95.94313700176873,59,1,0,0,264,42,20,5,1000,100
SHORTEST_PULSE,342009,7.463363528970088,0.28569473113850297,27.734772010670767,59,1,0,0,264,42,20,5,1000,100
METROLOGY_CONDITIONED_EIG,342009,25.851172069515364,0.5154988275818707,25.76794928430599,60,0,0,0,264,42,20,5,1000,100
NO_PASSIVE,342010,123.73512888408312,2.768709839280897,445.27907653515393,0,0,0,0,311,42,20,5,1000,100
RANDOM,342010,18.79398960448148,0.3931717089804268,28.961472184028597,59,1,0,0,311,42,20,5,1000,100
HIGHEST_SNR,342010,33.21668068842479,0.8028958805234869,38.063098756577226,59,1,0,0,311,42,20,5,1000,100
SHORTEST_PULSE,342010,25.567441022181516,0.8834586898871752,21.934505853125238,57,3,0,0,311,42,20,5,1000,100
METROLOGY_CONDITIONED_EIG,342010,33.849067747696814,0.990237352153025,20.775107169059257,59,1,0,0,311,42,20,5,1000,100
NO_PASSIVE,342011,620.8221987684121,1.3312405004534948,445.27907653515393,0,0,0,0,189,42,20,5,1000,100
RANDOM,342011,35.688136724992525,1.246470261381237,26.256008240524466,59,1,0,0,189,42,20,5,1000,100
HIGHEST_SNR,342011,16.349869744493535,1.1852147637070487,35.00504530131904,59,1,0,0,189,42,20,5,1000,100
SHORTEST_PULSE,342011,18.060576571807974,1.0998381315570225,33.99187361555478,59,1,0,0,189,42,20,5,1000,100
METROLOGY_CONDITIONED_EIG,342011,42.645270597859614,1.131854916802411,21.106838261669907,60,0,0,0,189,42,20,5,1000,100
NO_PASSIVE,342012,287.2507827164932,0.916404419533127,445.27907653515393,0,0,0,0,311,42,20,5,1000,100
RANDOM,342012,8.304678755019012,0.6771742448399054,32.75385421455252,60,0,0,0,311,42,20,5,1000,100
HIGHEST_SNR,342012,40.83566521514508,1.1313512591451655,43.83415760044233,60,0,0,0,311,42,20,5,1000,100
SHORTEST_PULSE,342012,6.465260535408877,0.32474504980372565,28.292869661905865,59,1,0,0,311,42,20,5,1000,100
METROLOGY_CONDITIONED_EIG,342012,6.422720369215762,0.16890549673623562,22.42457322744018,59,1,0,0,311,42,20,5,1000,100
NO_PASSIVE,342013,427.92311518393734,2.4954525252179205,445.27907653515393,0,0,0,0,308,42,20,5,1000,100
RANDOM,342013,19.057103008037423,0.5375957970706511,27.485084089965653,60,0,0,0,308,42,20,5,1000,100
HIGHEST_SNR,342013,116.99864265322742,2.5793983385583856,80.4621513409144,60,0,0,0,308,42,20,5,1000,100
SHORTEST_PULSE,342013,18.505130898954434,0.3659405637367656,21.93319201679205,60,0,0,0,308,42,20,5,1000,100
METROLOGY_CONDITIONED_EIG,342013,11.398437251093235,0.23458781018377456,22.425326666274668,60,0,0,0,308,42,20,5,1000,100
NO_PASSIVE,342014,334.2601897735386,2.4645842936179316,445.27907653515393,0,0,0,0,258,42,20,5,1000,100
RANDOM,342014,15.506219790546718,0.4763571139801915,31.674317376852656,59,1,0,0,258,42,20,5,1000,100
HIGHEST_SNR,342014,39.3627422952886,0.4368008762619829,72.0196223919984,59,1,0,0,258,42,20,5,1000,100
SHORTEST_PULSE,342014,8.847137259350028,0.30988896984488357,25.19283599161544,58,2,0,0,258,42,20,5,1000,100
METROLOGY_CONDITIONED_EIG,342014,14.139868211472413,0.4812644570612615,24.812065381345324,58,2,0,0,258,42,20,5,1000,100
NO_PASSIVE,342015,255.03383835279678,0.8725456084509444,445.27907653515393,0,0,0,0,384,42,20,5,1000,100
RANDOM,342015,4.150916586268751,0.5390532825873213,23.582927265174337,59,1,0,0,384,42,20,5,1000,100
HIGHEST_SNR,342015,21.392505275999568,1.6719306816575499,49.01983187730903,59,1,0,0,384,42,20,5,1000,100
SHORTEST_PULSE,342015,13.367665384228518,0.39409513256377726,31.26830805004773,60,0,0,0,384,42,20,5,1000,100
METROLOGY_CONDITIONED_EIG,342015,11.547314433666426,0.23174977294543794,14.682453970633729,60,0,0,0,384,42,20,5,1000,100
NO_PASSIVE,342016,110.99152630381441,2.114856250088844,445.27907653515393,0,0,0,0,288,42,20,5,1000,100
RANDOM,342016,39.206408047536186,0.9339366547970819,24.454097299943978,59,1,0,0,288,42,20,5,1000,100
HIGHEST_SNR,342016,55.71224474996977,2.3613746203576125,46.9453148570668,60,0,0,0,288,42,20,5,1000,100
SHORTEST_PULSE,342016,9.985570321463541,0.23765862473140642,18.504917595118478,59,1,0,0,288,42,20,5,1000,100
METROLOGY_CONDITIONED_EIG,342016,3.800329966418943,0.11091929858756351,18.791764120146457,59,1,0,0,288,42,20,5,1000,100
NO_PASSIVE,342017,600.9147002222144,2.3697945703617456,445.27907653515393,0,0,0,0,262,42,20,5,1000,100
RANDOM,342017,29.673866572327423,0.9440540913780666,27.850151782720232,60,0,0,0,262,42,20,5,1000,100
HIGHEST_SNR,342017,57.64380172033537,0.6832889689225903,37.99316592059667,59,1,0,0,262,42,20,5,1000,100
SHORTEST_PULSE,342017,26.860821609399693,0.5324875429329938,22.351568805240944,60,0,0,0,262,42,20,5,1000,100
METROLOGY_CONDITIONED_EIG,342017,36.2760362741755,0.9646668522220274,22.1611116224527,59,1,0,0,262,42,20,5,1000,100
NO_PASSIVE,342018,715.4385644392613,0.8805536940380039,445.27907653515393,0,0,0,0,334,42,20,5,1000,100
RANDOM,342018,76.69189310899758,0.4153246969249578,37.32493207966298,60,0,0,0,334,42,20,5,1000,100
HIGHEST_SNR,342018,15.14191848917765,0.281373930729742,52.46627247382627,60,0,0,0,334,42,20,5,1000,100
SHORTEST_PULSE,342018,35.27815892174583,0.39401155654566333,31.220508410726197,60,0,0,0,334,42,20,5,1000,100
METROLOGY_CONDITIONED_EIG,342018,39.6043917265064,0.24471414555054774,30.16251653093567,59,1,0,0,334,42,20,5,1000,100
NO_PASSIVE,342019,397.2955673452553,1.5595522678913554,445.27907653515393,0,0,0,0,383,42,20,5,1000,100
RANDOM,342019,10.065395148600365,0.5824154744093237,24.820368116982607,59,1,0,0,383,42,20,5,1000,100
HIGHEST_SNR,342019,21.826567481987986,0.6796892924755644,98.65415727980529,59,1,0,0,383,42,20,5,1000,100
SHORTEST_PULSE,342019,41.07275253588482,1.0126511091148154,24.782133440627792,58,2,0,0,383,42,20,5,1000,100
METROLOGY_CONDITIONED_EIG,342019,3.2338417654882305,0.11632396887816976,22.021672215877523,57,3,0,0,383,42,20,5,1000,100
NO_PASSIVE,342020,168.80413972417477,2.78506783761558,445.27907653515393,0,0,0,0,299,42,20,5,1000,100
RANDOM,342020,17.665166172308897,0.6994673508798461,25.473379872140235,59,1,0,0,299,42,20,5,1000,100
HIGHEST_SNR,342020,67.45590272626947,1.528736451517228,43.56036012677807,59,1,0,0,299,42,20,5,1000,100
SHORTEST_PULSE,342020,3.7141341089545525,0.26408372988765644,17.46593558558644,58,2,0,0,299,42,20,5,1000,100
METROLOGY_CONDITIONED_EIG,342020,8.478188693981226,0.32353723934791995,17.877158468128403,58,2,0,0,299,42,20,5,1000,100
NO_PASSIVE,342021,374.0701650766796,1.1203638411708094,445.27907653515393,0,0,0,0,350,42,20,5,1000,100
RANDOM,342021,40.75392275165642,0.8860747126964493,31.995420351272266,59,1,0,0,350,42,20,5,1000,100
HIGHEST_SNR,342021,48.61936540190668,1.5339775732911145,41.0544781609477,59,1,0,0,350,42,20,5,1000,100
SHORTEST_PULSE,342021,18.255564559005336,0.4168794323936399,27.8730507597129,60,0,0,0,350,42,20,5,1000,100
METROLOGY_CONDITIONED_EIG,342021,7.826881463273925,0.25843482802471457,21.757587279557512,59,1,0,0,350,42,20,5,1000,100
NO_PASSIVE,342022,52.21685590949201,2.6557548365888213,445.27907653515393,0,0,0,0,288,42,20,5,1000,100
RANDOM,342022,21.505477656464034,0.2625813236896033,33.16249644464291,60,0,0,0,288,42,20,5,1000,100
HIGHEST_SNR,342022,128.18977674597497,2.2553911996772578,56.819577827460705,59,1,0,0,288,42,20,5,1000,100
SHORTEST_PULSE,342022,9.3397125457923,0.4927465904758445,26.26955029649517,60,0,0,0,288,42,20,5,1000,100
METROLOGY_CONDITIONED_EIG,342022,12.020141439374841,0.26258394883613523,25.875916208691887,59,1,0,0,288,42,20,5,1000,100
NO_PASSIVE,342023,196.86928010731725,3.144187712080138,445.27907653515393,0,0,0,0,264,42,20,5,1000,100
RANDOM,342023,52.3770367344552,1.616732325491687,32.26100268090738,59,1,0,0,264,42,20,5,1000,100
HIGHEST_SNR,342023,62.25114290993259,2.8379933100587458,65.84772871138584,59,1,0,0,264,42,20,5,1000,100
SHORTEST_PULSE,342023,108.72789069760954,2.1656275145132455,42.26884296018429,59,1,0,0,264,42,20,5,1000,100
METROLOGY_CONDITIONED_EIG,342023,45.835854416019295,1.5127833256998917,26.065843777515525,60,0,0,0,264,42,20,5,1000,100
NO_PASSIVE,342024,933.3813686096128,0.9912243188694803,445.27907653515393,0,0,0,0,312,42,20,5,1000,100
RANDOM,342024,22.334503610369087,0.9941489918808656,30.16398802120334,58,2,0,0,312,42,20,5,1000,100
HIGHEST_SNR,342024,36.52039196269881,1.0682593419315194,35.37728846314628,60,0,0,0,312,42,20,5,1000,100
SHORTEST_PULSE,342024,61.953266658885305,0.5154097150440022,54.112981800461974,59,1,0,0,312,42,20,5,1000,100
METROLOGY_CONDITIONED_EIG,342024,7.5905610909911925,0.3463680024381808,24.18636190365667,59,1,0,0,312,42,20,5,1000,100
NO_PASSIVE,342025,395.9771931487802,5.041858530692744,445.27907653515393,0,0,0,0,288,42,20,5,1000,100
RANDOM,342025,64.56812525001295,2.191119034389424,27.071223789839163,59,1,0,0,288,42,20,5,1000,100
HIGHEST_SNR,342025,133.35836061663193,2.303014396804345,48.2591351127458,58,2,0,0,288,42,20,5,1000,100
SHORTEST_PULSE,342025,11.613417351910824,0.6349450213100485,20.618160385302904,57,3,0,0,288,42,20,5,1000,100
METROLOGY_CONDITIONED_EIG,342025,10.513675933786338,0.6861841923605779,20.945094539834834,60,0,0,0,288,42,20,5,1000,100
NO_PASSIVE,342026,430.34544153919825,2.5974257937064635,445.27907653515393,0,0,0,0,408,42,20,5,1000,100
RANDOM,342026,18.67586453730291,0.5695723146801442,21.68909034765853,60,0,0,0,408,42,20,5,1000,100
HIGHEST_SNR,342026,11.4032776247113,0.12662259996520867,36.10997200952702,60,0,0,0,408,42,20,5,1000,100
SHORTEST_PULSE,342026,51.07699261744211,1.1475086421653309,38.772741825617715,60,0,0,0,408,42,20,5,1000,100
METROLOGY_CONDITIONED_EIG,342026,23.562019031967097,0.7759533485682409,16.455433073404592,60,0,0,0,408,42,20,5,1000,100
NO_PASSIVE,342027,348.59028367466675,0.7582322984184474,445.27907653515393,0,0,0,0,335,42,20,5,1000,100
RANDOM,342027,26.907164557476737,0.7938567111820521,32.426351286020754,59,1,0,0,335,42,20,5,1000,100
HIGHEST_SNR,342027,14.24352040019756,0.46914365056367996,97.95018993171612,59,1,0,0,335,42,20,5,1000,100
SHORTEST_PULSE,342027,11.86690507639471,0.27683496486282244,26.412373918347498,58,2,0,0,335,42,20,5,1000,100
METROLOGY_CONDITIONED_EIG,342027,5.260054451127182,0.61507476942656,21.54867849262391,58,2,0,0,335,42,20,5,1000,100
NO_PASSIVE,342028,525.2759813931999,2.1090863835982216,445.27907653515393,0,0,0,0,215,42,20,5,1000,100
RANDOM,342028,38.714885340293165,0.5864490506108617,35.11556687192149,60,0,0,0,215,42,20,5,1000,100
HIGHEST_SNR,342028,44.808122872043555,0.6482279448880813,53.01752190588521,59,1,0,0,215,42,20,5,1000,100
SHORTEST_PULSE,342028,10.758383363575971,0.5941719738702185,39.03681830397208,60,0,0,0,215,42,20,5,1000,100
METROLOGY_CONDITIONED_EIG,342028,12.376939186661298,0.6487578114120262,27.359163850019275,60,0,0,0,215,42,20,5,1000,100
NO_PASSIVE,342029,262.55643409592005,2.5469923777722885,445.27907653515393,0,0,0,0,336,42,20,5,1000,100
RANDOM,342029,42.52523956419539,1.4397505851436134,35.488827540842095,60,0,0,0,336,42,20,5,1000,100
HIGHEST_SNR,342029,53.045775910751885,1.5693693423270418,51.947790343301534,60,0,0,0,336,42,20,5,1000,100
SHORTEST_PULSE,342029,6.519992916304666,0.8612509919715047,34.43960014054579,60,0,0,0,336,42,20,5,1000,100
METROLOGY_CONDITIONED_EIG,342029,7.187372322656209,0.32137391579038826,28.228137716067604,59,1,0,0,336,42,20,5,1000,100
NO_PASSIVE,343000,218.84357928619323,2.0289924437997433,445.27907653515393,0,0,0,0,0,43,20,15,10,30
RANDOM,343000,218.84357928619323,2.0289924437997433,445.27907653515393,0,0,0,0,0,43,20,15,10,30
HIGHEST_SNR,343000,218.84357928619323,2.0289924437997433,445.27907653515393,0,0,0,0,0,43,20,15,10,30
SHORTEST_PULSE,343000,218.84357928619323,2.0289924437997433,445.27907653515393,0,0,0,0,0,43,20,15,10,30
METROLOGY_CONDITIONED_EIG,343000,218.84357928619323,2.0289924437997433,445.27907653515393,0,0,0,0,0,43,20,15,10,30
NO_PASSIVE,343001,604.628926205926,0.5703672721920552,445.27907653515393,0,0,0,0,8,43,20,15,10,30
RANDOM,343001,83.22464883621166,0.6055201976668403,232.40593466734003,8,0,0,0,8,43,20,15,10,30
HIGHEST_SNR,343001,83.22464883621166,0.6055201976668403,232.40593466734003,8,0,0,0,8,43,20,15,10,30
SHORTEST_PULSE,343001,83.22464883621166,0.6055201976668403,232.40593466734003,8,0,0,0,8,43,20,15,10,30
METROLOGY_CONDITIONED_EIG,343001,83.22464883621166,0.6055201976668403,232.40593466734003,8,0,0,0,8,43,20,15,10,30
NO_PASSIVE,343002,554.1928285024619,2.5895444194422184,445.27907653515393,0,0,0,0,3,43,20,15,10,30
RANDOM,343002,461.0025239917197,2.198767848759949,269.93408468361173,3,0,0,0,3,43,20,15,10,30
HIGHEST_SNR,343002,461.0025239917197,2.198767848759949,269.93408468361173,3,0,0,0,3,43,20,15,10,30
SHORTEST_PULSE,343002,461.0025239917197,2.198767848759949,269.93408468361173,3,0,0,0,3,43,20,15,10,30
METROLOGY_CONDITIONED_EIG,343002,461.0025239917197,2.198767848759949,269.93408468361173,3,0,0,0,3,43,20,15,10,30
NO_PASSIVE,343003,594.1819568385108,3.207491876853231,445.27907653515393,0,0,0,0,0,43,20,15,10,30
RANDOM,343003,594.1819568385108,3.207491876853231,445.27907653515393,0,0,0,0,0,43,20,15,10,30
HIGHEST_SNR,343003,594.1819568385108,3.207491876853231,445.27907653515393,0,0,0,0,0,43,20,15,10,30
SHORTEST_PULSE,343003,594.1819568385108,3.207491876853231,445.27907653515393,0,0,0,0,0,43,20,15,10,30
METROLOGY_CONDITIONED_EIG,343003,594.1819568385108,3.207491876853231,445.27907653515393,0,0,0,0,0,43,20,15,10,30
NO_PASSIVE,343004,221.76631304926514,0.8513340778035149,445.27907653515393,0,0,0,0,2,43,20,15,10,30
RANDOM,343004,77.07753643288495,1.628561290181923,320.1298636916135,2,0,0,0,2,43,20,15,10,30
HIGHEST_SNR,343004,77.07753643288495,1.628561290181923,320.1298636916135,2,0,0,0,2,43,20,15,10,30
SHORTEST_PULSE,343004,77.07753643288495,1.628561290181923,320.1298636916135,2,0,0,0,2,43,20,15,10,30
METROLOGY_CONDITIONED_EIG,343004,77.07753643288495,1.628561290181923,320.1298636916135,2,0,0,0,2,43,20,15,10,30
NO_PASSIVE,343005,357.8014134258264,1.1677029883549361,445.27907653515393,0,0,0,0,11,43,20,15,10,30
RANDOM,343005,358.44581189148477,1.34021437221474,312.15846598799294,10,1,0,0,11,43,20,15,10,30
HIGHEST_SNR,343005,358.44581189148477,1.34021437221474,312.15846598799294,10,1,0,0,11,43,20,15,10,30
SHORTEST_PULSE,343005,358.44581189148477,1.34021437221474,312.15846598799294,10,1,0,0,11,43,20,15,10,30
METROLOGY_CONDITIONED_EIG,343005,358.44581189148477,1.34021437221474,312.15846598799294,10,1,0,0,11,43,20,15,10,30
NO_PASSIVE,343006,412.15119993366227,3.95513991920537,445.27907653515393,0,0,0,0,0,43,20,15,10,30
RANDOM,343006,412.15119993366227,3.95513991920537,445.27907653515393,0,0,0,0,0,43,20,15,10,30
HIGHEST_SNR,343006,412.15119993366227,3.95513991920537,445.27907653515393,0,0,0,0,0,43,20,15,10,30
SHORTEST_PULSE,343006,412.15119993366227,3.95513991920537,445.27907653515393,0,0,0,0,0,43,20,15,10,30
METROLOGY_CONDITIONED_EIG,343006,412.15119993366227,3.95513991920537,445.27907653515393,0,0,0,0,0,43,20,15,10,30
NO_PASSIVE,343007,60.76039129917548,0.3582528619353761,445.27907653515393,0,0,0,0,0,43,20,15,10,30
RANDOM,343007,60.76039129917548,0.3582528619353761,445.27907653515393,0,0,0,0,0,43,20,15,10,30
HIGHEST_SNR,343007,60.76039129917548,0.3582528619353761,445.27907653515393,0,0,0,0,0,43,20,15,10,30
SHORTEST_PULSE,343007,60.76039129917548,0.3582528619353761,445.27907653515393,0,0,0,0,0,43,20,15,10,30
METROLOGY_CONDITIONED_EIG,343007,60.76039129917548,0.3582528619353761,445.27907653515393,0,0,0,0,0,43,20,15,10,30
NO_PASSIVE,343008,187.73175456214443,2.3187125459864397,445.27907653515393,0,0,0,0,16,43,20,15,10,30
RANDOM,343008,47.274493403711006,0.8741144688103775,57.43257188798936,15,1,0,0,16,43,20,15,10,30
HIGHEST_SNR,343008,47.274493403711006,0.8741144688103775,57.43257188798936,15,1,0,0,16,43,20,15,10,30
SHORTEST_PULSE,343008,47.274493403711006,0.8741144688103775,57.43257188798936,15,1,0,0,16,43,20,15,10,30
METROLOGY_CONDITIONED_EIG,343008,47.274493403711006,0.8741144688103775,57.43257188798936,15,1,0,0,16,43,20,15,10,30
NO_PASSIVE,343009,643.0186393822539,0.6020124552530746,445.27907653515393,0,0,0,0,11,43,20,15,10,30
RANDOM,343009,68.02464013378092,1.8689567995700607,95.52749701247416,11,0,0,0,11,43,20,15,10,30
HIGHEST_SNR,343009,68.02464013378092,1.8689567995700607,95.52749701247416,11,0,0,0,11,43,20,15,10,30
SHORTEST_PULSE,343009,68.02464013378092,1.8689567995700607,95.52749701247416,11,0,0,0,11,43,20,15,10,30
METROLOGY_CONDITIONED_EIG,343009,68.02464013378092,1.8689567995700607,95.52749701247416,11,0,0,0,11,43,20,15,10,30
NO_PASSIVE,343010,994.7601259210343,3.966367604525868,445.27907653515393,0,0,0,0,19,43,20,15,10,30
RANDOM,343010,731.6477010180649,4.824326429773957,230.11105358887573,19,0,0,0,19,43,20,15,10,30
HIGHEST_SNR,343010,731.6477010180649,4.824326429773957,230.11105358887573,19,0,0,0,19,43,20,15,10,30
SHORTEST_PULSE,343010,731.6477010180649,4.824326429773957,230.11105358887573,19,0,0,0,19,43,20,15,10,30
METROLOGY_CONDITIONED_EIG,343010,731.6477010180649,4.824326429773957,230.11105358887573,19,0,0,0,19,43,20,15,10,30
NO_PASSIVE,343011,388.5794255510758,0.5352390133210323,445.27907653515393,0,0,0,0,2,43,20,15,10,30
RANDOM,343011,34.18620973783895,0.3790287276176951,235.52630767643728,2,0,0,0,2,43,20,15,10,30
HIGHEST_SNR,343011,34.18620973783895,0.3790287276176951,235.52630767643728,2,0,0,0,2,43,20,15,10,30
SHORTEST_PULSE,343011,34.18620973783895,0.3790287276176951,235.52630767643728,2,0,0,0,2,43,20,15,10,30
METROLOGY_CONDITIONED_EIG,343011,34.18620973783895,0.3790287276176951,235.52630767643728,2,0,0,0,2,43,20,15,10,30
NO_PASSIVE,343012,348.6043281160643,1.017190424051407,445.27907653515393,0,0,0,0,0,43,20,15,10,30
RANDOM,343012,348.6043281160643,1.017190424051407,445.27907653515393,0,0,0,0,0,43,20,15,10,30
HIGHEST_SNR,343012,348.6043281160643,1.017190424051407,445.27907653515393,0,0,0,0,0,43,20,15,10,30
SHORTEST_PULSE,343012,348.6043281160643,1.017190424051407,445.27907653515393,0,0,0,0,0,43,20,15,10,30
METROLOGY_CONDITIONED_EIG,343012,348.6043281160643,1.017190424051407,445.27907653515393,0,0,0,0,0,43,20,15,10,30
NO_PASSIVE,343013,358.73124561367143,2.0150127057141796,445.27907653515393,0,0,0,0,10,43,20,15,10,30
RANDOM,343013,166.9453342935563,1.6548247310147677,321.449464498184,10,0,0,0,10,43,20,15,10,30
HIGHEST_SNR,343013,166.9453342935563,1.6548247310147677,321.449464498184,10,0,0,0,10,43,20,15,10,30
SHORTEST_PULSE,343013,166.9453342935563,1.6548247310147677,321.449464498184,10,0,0,0,10,43,20,15,10,30
METROLOGY_CONDITIONED_EIG,343013,166.9453342935563,1.6548247310147677,321.449464498184,10,0,0,0,10,43,20,15,10,30
NO_PASSIVE,343014,366.8127906829556,0.9069109072743637,445.27907653515393,0,0,0,0,24,43,20,15,10,30
RANDOM,343014,60.72141034349278,0.4527831478626484,75.4661161282085,23,0,0,0,24,43,20,15,10,30
HIGHEST_SNR,343014,56.04109786467115,0.4500808453949125,76.59025622784293,23,0,0,0,24,43,20,15,10,30
SHORTEST_PULSE,343014,60.72141034349278,0.4527831478626484,75.4661161282085,23,0,0,0,24,43,20,15,10,30
METROLOGY_CONDITIONED_EIG,343014,60.72141034349278,0.4527831478626484,75.4661161282085,23,0,0,0,24,43,20,15,10,30
NO_PASSIVE,343015,28.082149154893333,1.5590730624338338,445.27907653515393,0,0,0,0,2,43,20,15,10,30
RANDOM,343015,166.97151114360872,2.4344298592997866,321.620533097782,2,0,0,0,2,43,20,15,10,30
HIGHEST_SNR,343015,166.97151114360872,2.4344298592997866,321.620533097782,2,0,0,0,2,43,20,15,10,30
SHORTEST_PULSE,343015,166.97151114360872,2.4344298592997866,321.620533097782,2,0,0,0,2,43,20,15,10,30
METROLOGY_CONDITIONED_EIG,343015,166.97151114360872,2.4344298592997866,321.620533097782,2,0,0,0,2,43,20,15,10,30
NO_PASSIVE,343016,245.1209423562668,0.8063576867519759,445.27907653515393,0,0,0,0,22,43,20,15,10,30
RANDOM,343016,282.32681356766284,1.2216115546145212,316.15347532260023,21,0,0,0,22,43,20,15,10,30
HIGHEST_SNR,343016,282.32681356766284,1.2216115546145212,316.15347532260023,21,0,0,0,22,43,20,15,10,30
SHORTEST_PULSE,343016,15.930282364253767,1.3844943581913607,209.48903608885547,21,0,0,0,22,43,20,15,10,30
METROLOGY_CONDITIONED_EIG,343016,15.930282364253767,1.3844943581913607,209.48903608885547,21,0,0,0,22,43,20,15,10,30
NO_PASSIVE,343017,175.30956302372292,1.814528717123588,445.27907653515393,0,0,0,0,24,43,20,15,10,30
RANDOM,343017,99.52678998139727,1.7699476147731075,301.51775385515754,24,0,0,0,24,43,20,15,10,30
HIGHEST_SNR,343017,99.52678998139727,1.7699476147731075,301.51775385515754,24,0,0,0,24,43,20,15,10,30
SHORTEST_PULSE,343017,99.52678998139727,1.7699476147731075,301.51775385515754,24,0,0,0,24,43,20,15,10,30
METROLOGY_CONDITIONED_EIG,343017,99.52678998139727,1.7699476147731075,301.51775385515754,24,0,0,0,24,43,20,15,10,30
NO_PASSIVE,343018,581.7650932510397,1.3729695059027498,445.27907653515393,0,0,0,0,3,43,20,15,10,30
RANDOM,343018,530.9911469566124,1.4895388078147793,292.7413833515721,3,0,0,0,3,43,20,15,10,30
HIGHEST_SNR,343018,530.9911469566124,1.4895388078147793,292.7413833515721,3,0,0,0,3,43,20,15,10,30
SHORTEST_PULSE,343018,530.9911469566124,1.4895388078147793,292.7413833515721,3,0,0,0,3,43,20,15,10,30
METROLOGY_CONDITIONED_EIG,343018,530.9911469566124,1.4895388078147793,292.7413833515721,3,0,0,0,3,43,20,15,10,30
NO_PASSIVE,343019,144.0797540619192,0.7608791790116013,445.27907653515393,0,0,0,0,12,43,20,15,10,30
RANDOM,343019,61.75488489229316,0.7390881426306999,71.76113064673545,12,0,0,0,12,43,20,15,10,30
HIGHEST_SNR,343019,61.75488489229316,0.7390881426306999,71.76113064673545,12,0,0,0,12,43,20,15,10,30
SHORTEST_PULSE,343019,61.75488489229316,0.7390881426306999,71.76113064673545,12,0,0,0,12,43,20,15,10,30
METROLOGY_CONDITIONED_EIG,343019,61.75488489229316,0.7390881426306999,71.76113064673545,12,0,0,0,12,43,20,15,10,30
NO_PASSIVE,343020,159.55367360722394,4.224186531464214,445.27907653515393,0,0,0,0,23,43,20,15,10,30
RANDOM,343020,74.12956467858126,4.162849706927413,165.5914871615853,22,1,0,0,23,43,20,15,10,30
HIGHEST_SNR,343020,74.12956467858126,4.162849706927413,165.5914871615853,22,1,0,0,23,43,20,15,10,30
SHORTEST_PULSE,343020,74.12956467858126,4.162849706927413,165.5914871615853,22,1,0,0,23,43,20,15,10,30
METROLOGY_CONDITIONED_EIG,343020,74.12956467858126,4.162849706927413,165.5914871615853,22,1,0,0,23,43,20,15,10,30
NO_PASSIVE,343021,168.43431842485865,0.7428741043947318,445.27907653515393,0,0,0,0,0,43,20,15,10,30
RANDOM,343021,168.43431842485865,0.7428741043947318,445.27907653515393,0,0,0,0,0,43,20,15,10,30
HIGHEST_SNR,343021,168.43431842485865,0.7428741043947318,445.27907653515393,0,0,0,0,0,43,20,15,10,30
SHORTEST_PULSE,343021,168.43431842485865,0.7428741043947318,445.27907653515393,0,0,0,0,0,43,20,15,10,30
METROLOGY_CONDITIONED_EIG,343021,168.43431842485865,0.7428741043947318,445.27907653515393,0,0,0,0,0,43,20,15,10,30
NO_PASSIVE,343022,559.779219473651,1.1617554748323369,445.27907653515393,0,0,0,0,0,43,20,15,10,30
RANDOM,343022,559.779219473651,1.1617554748323369,445.27907653515393,0,0,0,0,0,43,20,15,10,30
HIGHEST_SNR,343022,559.779219473651,1.1617554748323369,445.27907653515393,0,0,0,0,0,43,20,15,10,30
SHORTEST_PULSE,343022,559.779219473651,1.1617554748323369,445.27907653515393,0,0,0,0,0,43,20,15,10,30
METROLOGY_CONDITIONED_EIG,343022,559.779219473651,1.1617554748323369,445.27907653515393,0,0,0,0,0,43,20,15,10,30
NO_PASSIVE,343023,77.65567508621302,0.3215457386427406,445.27907653515393,0,0,0,0,0,43,20,15,10,30
RANDOM,343023,77.65567508621302,0.3215457386427406,445.27907653515393,0,0,0,0,0,43,20,15,10,30
HIGHEST_SNR,343023,77.65567508621302,0.3215457386427406,445.27907653515393,0,0,0,0,0,43,20,15,10,30
SHORTEST_PULSE,343023,77.65567508621302,0.3215457386427406,445.27907653515393,0,0,0,0,0,43,20,15,10,30
METROLOGY_CONDITIONED_EIG,343023,77.65567508621302,0.3215457386427406,445.27907653515393,0,0,0,0,0,43,20,15,10,30
NO_PASSIVE,343024,201.69299039986427,1.2064414373012176,445.27907653515393,0,0,0,0,4,43,20,15,10,30
RANDOM,343024,117.64220763531543,2.4113643053600256,245.25059642390545,4,0,0,0,4,43,20,15,10,30
HIGHEST_SNR,343024,117.64220763531543,2.4113643053600256,245.25059642390545,4,0,0,0,4,43,20,15,10,30
SHORTEST_PULSE,343024,117.64220763531543,2.4113643053600256,245.25059642390545,4,0,0,0,4,43,20,15,10,30
METROLOGY_CONDITIONED_EIG,343024,117.64220763531543,2.4113643053600256,245.25059642390545,4,0,0,0,4,43,20,15,10,30
NO_PASSIVE,343025,208.62876599684387,1.3142307729054403,445.27907653515393,0,0,0,0,36,43,20,15,10,30
RANDOM,343025,78.77593702869544,1.0006132272894348,36.66144574328043,29,2,0,0,36,43,20,15,10,30
HIGHEST_SNR,343025,73.83442453749353,0.9115984369386355,35.95592349307242,30,1,0,0,36,43,20,15,10,30
SHORTEST_PULSE,343025,78.29911443456325,0.954550710351085,36.13340889462039,30,1,0,0,36,43,20,15,10,30
METROLOGY_CONDITIONED_EIG,343025,78.0679786668989,1.078520265374298,36.72205417083657,29,2,0,0,36,43,20,15,10,30
NO_PASSIVE,343026,395.3085703430496,0.818602723102066,445.27907653515393,0,0,0,0,44,43,20,15,10,30
RANDOM,343026,69.60200929206955,0.9924905762863094,70.72085492807693,35,0,0,0,44,43,20,15,10,30
HIGHEST_SNR,343026,117.98506759009531,1.4121170458946144,72.3001440266779,34,1,0,0,44,43,20,15,10,30
SHORTEST_PULSE,343026,117.4695035199996,0.950097803430834,71.94750521160938,34,1,0,0,44,43,20,15,10,30
METROLOGY_CONDITIONED_EIG,343026,48.77216578299207,0.21371880073253482,68.26232709067465,35,0,0,0,44,43,20,15,10,30
NO_PASSIVE,343027,510.4065502375537,3.923330722888113,445.27907653515393,0,0,0,0,1,43,20,15,10,30
RANDOM,343027,278.1672615386196,3.91812529083398,330.3564790658485,1,0,0,0,1,43,20,15,10,30
HIGHEST_SNR,343027,278.1672615386196,3.91812529083398,330.3564790658485,1,0,0,0,1,43,20,15,10,30
SHORTEST_PULSE,343027,278.1672615386196,3.91812529083398,330.3564790658485,1,0,0,0,1,43,20,15,10,30
METROLOGY_CONDITIONED_EIG,343027,278.1672615386196,3.91812529083398,330.3564790658485,1,0,0,0,1,43,20,15,10,30
NO_PASSIVE,343028,747.9985815333691,2.845628493665927,445.27907653515393,0,0,0,0,0,43,20,15,10,30
RANDOM,343028,747.9985815333691,2.845628493665927,445.27907653515393,0,0,0,0,0,43,20,15,10,30
HIGHEST_SNR,343028,747.9985815333691,2.845628493665927,445.27907653515393,0,0,0,0,0,43,20,15,10,30
SHORTEST_PULSE,343028,747.9985815333691,2.845628493665927,445.27907653515393,0,0,0,0,0,43,20,15,10,30
METROLOGY_CONDITIONED_EIG,343028,747.9985815333691,2.845628493665927,445.27907653515393,0,0,0,0,0,43,20,15,10,30
NO_PASSIVE,343029,874.6754150753538,1.236060225375369,445.27907653515393,0,0,0,0,2,43,20,15,10,30
RANDOM,343029,373.6554018546201,1.5755118818323832,156.34548360934596,2,0,0,0,2,43,20,15,10,30
HIGHEST_SNR,343029,373.6554018546201,1.5755118818323832,156.34548360934596,2,0,0,0,2,43,20,15,10,30
SHORTEST_PULSE,343029,373.6554018546201,1.5755118818323832,156.34548360934596,2,0,0,0,2,43,20,15,10,30
METROLOGY_CONDITIONED_EIG,343029,373.6554018546201,1.5755118818323832,156.34548360934596,2,0,0,0,2,43,20,15,10,30
NO_PASSIVE,344000,152.97057719588676,1.3703093485218116,445.27907653515393,0,0,0,0,52,44,20,15,10,100
RANDOM,344000,152.41952567947703,1.4356801283662532,101.887316757396,24,0,0,0,52,44,20,15,10,100
HIGHEST_SNR,344000,98.6006898665759,0.886373862328915,278.6071464758545,24,0,0,0,52,44,20,15,10,100
SHORTEST_PULSE,344000,66.84499611716062,0.32684090095022866,123.43006448816107,24,0,0,0,52,44,20,15,10,100
METROLOGY_CONDITIONED_EIG,344000,70.84670208990998,0.6556797466875955,83.03019537994962,24,0,0,0,52,44,20,15,10,100
NO_PASSIVE,344001,424.2114894021077,1.3994789492278623,445.27907653515393,0,0,0,0,0,44,20,15,10,100
RANDOM,344001,424.2114894021077,1.3994789492278623,445.27907653515393,0,0,0,0,0,44,20,15,10,100
HIGHEST_SNR,344001,424.2114894021077,1.3994789492278623,445.27907653515393,0,0,0,0,0,44,20,15,10,100
SHORTEST_PULSE,344001,424.2114894021077,1.3994789492278623,445.27907653515393,0,0,0,0,0,44,20,15,10,100
METROLOGY_CONDITIONED_EIG,344001,424.2114894021077,1.3994789492278623,445.27907653515393,0,0,0,0,0,44,20,15,10,100
NO_PASSIVE,344002,326.0749476185108,0.516478793324746,445.27907653515393,0,0,0,0,1,44,20,15,10,100
RANDOM,344002,64.02132811093372,0.536024140765175,337.58100523635244,1,0,0,0,1,44,20,15,10,100
HIGHEST_SNR,344002,64.02132811093372,0.536024140765175,337.58100523635244,1,0,0,0,1,44,20,15,10,100
SHORTEST_PULSE,344002,64.02132811093372,0.536024140765175,337.58100523635244,1,0,0,0,1,44,20,15,10,100
METROLOGY_CONDITIONED_EIG,344002,64.02132811093372,0.536024140765175,337.58100523635244,1,0,0,0,1,44,20,15,10,100
NO_PASSIVE,344003,769.7448799407256,1.6854314942134658,445.27907653515393,0,0,0,0,4,44,20,15,10,100
RANDOM,344003,648.8972995002719,1.9770551963558007,322.8936007015827,4,0,0,0,4,44,20,15,10,100
HIGHEST_SNR,344003,648.8972995002719,1.9770551963558007,322.8936007015827,4,0,0,0,4,44,20,15,10,100
SHORTEST_PULSE,344003,648.8972995002719,1.9770551963558007,322.8936007015827,4,0,0,0,4,44,20,15,10,100
METROLOGY_CONDITIONED_EIG,344003,648.8972995002719,1.9770551963558007,322.8936007015827,4,0,0,0,4,44,20,15,10,100
NO_PASSIVE,344004,108.4310104081461,1.8767951518936075,445.27907653515393,0,0,0,0,1,44,20,15,10,100
RANDOM,344004,135.79808016657302,1.852802865762994,337.79894564856596,1,0,0,0,1,44,20,15,10,100
HIGHEST_SNR,344004,135.79808016657302,1.852802865762994,337.79894564856596,1,0,0,0,1,44,20,15,10,100
SHORTEST_PULSE,344004,135.79808016657302,1.852802865762994,337.79894564856596,1,0,0,0,1,44,20,15,10,100
METROLOGY_CONDITIONED_EIG,344004,135.79808016657302,1.852802865762994,337.79894564856596,1,0,0,0,1,44,20,15,10,100
NO_PASSIVE,344005,252.17669360709033,2.599761893380569,445.27907653515393,0,0,0,0,16,44,20,15,10,100
RANDOM,344005,82.33706341576125,2.7218210312924334,162.5601616549113,16,0,0,0,16,44,20,15,10,100
HIGHEST_SNR,344005,82.33706341576125,2.7218210312924334,162.5601616549113,16,0,0,0,16,44,20,15,10,100
SHORTEST_PULSE,344005,82.33706341576125,2.7218210312924334,162.5601616549113,16,0,0,0,16,44,20,15,10,100
METROLOGY_CONDITIONED_EIG,344005,82.33706341576125,2.7218210312924334,162.5601616549113,16,0,0,0,16,44,20,15,10,100
NO_PASSIVE,344006,666.8596719953428,1.3514590784288825,445.27907653515393,0,0,0,0,4,44,20,15,10,100
RANDOM,344006,27.22584680589914,1.1296238763598505,105.40251805005862,4,0,0,0,4,44,20,15,10,100
HIGHEST_SNR,344006,27.22584680589914,1.1296238763598505,105.40251805005862,4,0,0,0,4,44,20,15,10,100
SHORTEST_PULSE,344006,27.22584680589914,1.1296238763598505,105.40251805005862,4,0,0,0,4,44,20,15,10,100
METROLOGY_CONDITIONED_EIG,344006,27.22584680589914,1.1296238763598505,105.40251805005862,4,0,0,0,4,44,20,15,10,100
NO_PASSIVE,344007,371.80476975133956,2.9261616811451465,445.27907653515393,0,0,0,0,0,44,20,15,10,100
RANDOM,344007,371.80476975133956,2.9261616811451465,445.27907653515393,0,0,0,0,0,44,20,15,10,100
HIGHEST_SNR,344007,371.80476975133956,2.9261616811451465,445.27907653515393,0,0,0,0,0,44,20,15,10,100
SHORTEST_PULSE,344007,371.80476975133956,2.9261616811451465,445.27907653515393,0,0,0,0,0,44,20,15,10,100
METROLOGY_CONDITIONED_EIG,344007,371.80476975133956,2.9261616811451465,445.27907653515393,0,0,0,0,0,44,20,15,10,100
NO_PASSIVE,344008,301.970121910106,1.0345112444177542,445.27907653515393,0,0,0,0,4,44,20,15,10,100
RANDOM,344008,322.1837596112205,0.9319495947403612,320.97406295476503,4,0,0,0,4,44,20,15,10,100
HIGHEST_SNR,344008,322.1837596112205,0.9319495947403612,320.97406295476503,4,0,0,0,4,44,20,15,10,100
SHORTEST_PULSE,344008,322.1837596112205,0.9319495947403612,320.97406295476503,4,0,0,0,4,44,20,15,10,100
METROLOGY_CONDITIONED_EIG,344008,322.1837596112205,0.9319495947403612,320.97406295476503,4,0,0,0,4,44,20,15,10,100
NO_PASSIVE,344009,892.1083833613426,2.8963681393751415,445.27907653515393,0,0,0,0,2,44,20,15,10,100
RANDOM,344009,900.7821415008411,2.898094395242737,333.4463003412201,1,1,0,0,2,44,20,15,10,100
HIGHEST_SNR,344009,900.7821415008411,2.898094395242737,333.4463003412201,1,1,0,0,2,44,20,15,10,100
SHORTEST_PULSE,344009,900.7821415008411,2.898094395242737,333.4463003412201,1,1,0,0,2,44,20,15,10,100
METROLOGY_CONDITIONED_EIG,344009,900.7821415008411,2.898094395242737,333.4463003412201,1,1,0,0,2,44,20,15,10,100
NO_PASSIVE,344010,210.42662592730582,2.017279953197342,445.27907653515393,0,0,0,0,48,44,20,15,10,100
RANDOM,344010,57.66875992796808,1.7154956887383555,70.34934028807706,30,0,0,0,48,44,20,15,10,100
HIGHEST_SNR,344010,36.16105086608948,2.032401987776332,73.42942466140903,30,0,0,0,48,44,20,15,10,100
SHORTEST_PULSE,344010,30.43667609072119,1.7255810959518643,70.44017632252371,30,0,0,0,48,44,20,15,10,100
METROLOGY_CONDITIONED_EIG,344010,50.39621987039629,1.5133776913339878,67.89070295588036,30,0,0,0,48,44,20,15,10,100
NO_PASSIVE,344011,579.7266024824452,1.4808366947075096,445.27907653515393,0,0,0,0,5,44,20,15,10,100
RANDOM,344011,70.4433720847642,1.5766768933891613,164.24865794734876,4,0,0,0,5,44,20,15,10,100
HIGHEST_SNR,344011,70.4433720847642,1.5766768933891613,164.24865794734876,4,0,0,0,5,44,20,15,10,100
SHORTEST_PULSE,344011,70.4433720847642,1.5766768933891613,164.24865794734876,4,0,0,0,5,44,20,15,10,100
METROLOGY_CONDITIONED_EIG,344011,70.4433720847642,1.5766768933891613,164.24865794734876,4,0,0,0,5,44,20,15,10,100
NO_PASSIVE,344012,203.36426696295965,1.0067493906432443,445.27907653515393,0,0,0,0,26,44,20,15,10,100
RANDOM,344012,129.0208373525942,0.9956194246699518,155.3594584650245,24,0,0,0,26,44,20,15,10,100
HIGHEST_SNR,344012,14.831206127893592,0.7960402052444677,277.11598995695425,24,0,0,0,26,44,20,15,10,100
SHORTEST_PULSE,344012,129.0208373525942,0.9956194246699518,155.3594584650245,24,0,0,0,26,44,20,15,10,100
METROLOGY_CONDITIONED_EIG,344012,129.0208373525942,0.9956194246699518,155.3594584650245,24,0,0,0,26,44,20,15,10,100
NO_PASSIVE,344013,117.40740517087548,0.6570677722363268,445.27907653515393,0,0,0,0,23,44,20,15,10,100
RANDOM,344013,5.837649779536346,1.0143185587639165,304.85900021073235,23,0,0,0,23,44,20,15,10,100
HIGHEST_SNR,344013,5.837649779536346,1.0143185587639165,304.85900021073235,23,0,0,0,23,44,20,15,10,100
SHORTEST_PULSE,344013,5.837649779536346,1.0143185587639165,304.85900021073235,23,0,0,0,23,44,20,15,10,100
METROLOGY_CONDITIONED_EIG,344013,5.837649779536346,1.0143185587639165,304.85900021073235,23,0,0,0,23,44,20,15,10,100
NO_PASSIVE,344014,416.4336946342007,2.157974408178608,445.27907653515393,0,0,0,0,1,44,20,15,10,100
RANDOM,344014,82.8634173874776,2.1773045543616316,335.9409877691776,1,0,0,0,1,44,20,15,10,100
HIGHEST_SNR,344014,82.8634173874776,2.1773045543616316,335.9409877691776,1,0,0,0,1,44,20,15,10,100
SHORTEST_PULSE,344014,82.8634173874776,2.1773045543616316,335.9409877691776,1,0,0,0,1,44,20,15,10,100
METROLOGY_CONDITIONED_EIG,344014,82.8634173874776,2.1773045543616316,335.9409877691776,1,0,0,0,1,44,20,15,10,100
NO_PASSIVE,344015,297.53023616350976,1.0329928652090896,445.27907653515393,0,0,0,0,0,44,20,15,10,100
RANDOM,344015,297.53023616350976,1.0329928652090896,445.27907653515393,0,0,0,0,0,44,20,15,10,100
HIGHEST_SNR,344015,297.53023616350976,1.0329928652090896,445.27907653515393,0,0,0,0,0,44,20,15,10,100
SHORTEST_PULSE,344015,297.53023616350976,1.0329928652090896,445.27907653515393,0,0,0,0,0,44,20,15,10,100
METROLOGY_CONDITIONED_EIG,344015,297.53023616350976,1.0329928652090896,445.27907653515393,0,0,0,0,0,44,20,15,10,100
NO_PASSIVE,344016,79.21541384333263,1.4585864434912081,445.27907653515393,0,0,0,0,2,44,20,15,10,100
RANDOM,344016,137.19761326038585,1.1868651959340715,270.0086823176306,2,0,0,0,2,44,20,15,10,100
HIGHEST_SNR,344016,137.19761326038585,1.1868651959340715,270.0086823176306,2,0,0,0,2,44,20,15,10,100
SHORTEST_PULSE,344016,137.19761326038585,1.1868651959340715,270.0086823176306,2,0,0,0,2,44,20,15,10,100
METROLOGY_CONDITIONED_EIG,344016,137.19761326038585,1.1868651959340715,270.0086823176306,2,0,0,0,2,44,20,15,10,100
NO_PASSIVE,344017,523.9769580982272,2.3315339292234887,445.27907653515393,0,0,0,0,11,44,20,15,10,100
RANDOM,344017,113.25607118505418,0.7901972468239911,316.3999339734897,11,0,0,0,11,44,20,15,10,100
HIGHEST_SNR,344017,113.25607118505418,0.7901972468239911,316.3999339734897,11,0,0,0,11,44,20,15,10,100
SHORTEST_PULSE,344017,113.25607118505418,0.7901972468239911,316.3999339734897,11,0,0,0,11,44,20,15,10,100
METROLOGY_CONDITIONED_EIG,344017,113.25607118505418,0.7901972468239911,316.3999339734897,11,0,0,0,11,44,20,15,10,100
NO_PASSIVE,344018,120.94910606056965,1.5025640082616092,445.27907653515393,0,0,0,0,0,44,20,15,10,100
RANDOM,344018,120.94910606056965,1.5025640082616092,445.27907653515393,0,0,0,0,0,44,20,15,10,100
HIGHEST_SNR,344018,120.94910606056965,1.5025640082616092,445.27907653515393,0,0,0,0,0,44,20,15,10,100
SHORTEST_PULSE,344018,120.94910606056965,1.5025640082616092,445.27907653515393,0,0,0,0,0,44,20,15,10,100
METROLOGY_CONDITIONED_EIG,344018,120.94910606056965,1.5025640082616092,445.27907653515393,0,0,0,0,0,44,20,15,10,100
NO_PASSIVE,344019,263.03729808464794,0.7361133774332107,445.27907653515393,0,0,0,0,50,44,20,15,10,100
RANDOM,344019,24.33669644043651,0.9804924372635261,105.68761327738612,32,1,0,0,50,44,20,15,10,100
HIGHEST_SNR,344019,98.89018432182917,0.9605983758404036,130.35609038656082,33,0,0,0,50,44,20,15,10,100
SHORTEST_PULSE,344019,36.007625357088756,0.8378051086121299,102.18968700217006,33,0,0,0,50,44,20,15,10,100
METROLOGY_CONDITIONED_EIG,344019,42.672874982497255,1.5236535295532074,96.98225727389065,33,0,0,0,50,44,20,15,10,100
NO_PASSIVE,344020,456.92470431259886,1.7582531798653043,445.27907653515393,0,0,0,0,0,44,20,15,10,100
RANDOM,344020,456.92470431259886,1.7582531798653043,445.27907653515393,0,0,0,0,0,44,20,15,10,100
HIGHEST_SNR,344020,456.92470431259886,1.7582531798653043,445.27907653515393,0,0,0,0,0,44,20,15,10,100
SHORTEST_PULSE,344020,456.92470431259886,1.7582531798653043,445.27907653515393,0,0,0,0,0,44,20,15,10,100
METROLOGY_CONDITIONED_EIG,344020,456.92470431259886,1.7582531798653043,445.27907653515393,0,0,0,0,0,44,20,15,10,100
NO_PASSIVE,344021,503.46354276799474,3.6938850477011167,445.27907653515393,0,0,0,0,0,44,20,15,10,100
RANDOM,344021,503.46354276799474,3.6938850477011167,445.27907653515393,0,0,0,0,0,44,20,15,10,100
HIGHEST_SNR,344021,503.46354276799474,3.6938850477011167,445.27907653515393,0,0,0,0,0,44,20,15,10,100
SHORTEST_PULSE,344021,503.46354276799474,3.6938850477011167,445.27907653515393,0,0,0,0,0,44,20,15,10,100
METROLOGY_CONDITIONED_EIG,344021,503.46354276799474,3.6938850477011167,445.27907653515393,0,0,0,0,0,44,20,15,10,100
NO_PASSIVE,344022,104.06011439339703,0.4011688718410448,445.27907653515393,0,0,0,0,1,44,20,15,10,100
RANDOM,344022,87.43911175542068,0.36927597319535477,334.84968399662625,1,0,0,0,1,44,20,15,10,100
HIGHEST_SNR,344022,87.43911175542068,0.36927597319535477,334.84968399662625,1,0,0,0,1,44,20,15,10,100
SHORTEST_PULSE,344022,87.43911175542068,0.36927597319535477,334.84968399662625,1,0,0,0,1,44,20,15,10,100
METROLOGY_CONDITIONED_EIG,344022,87.43911175542068,0.36927597319535477,334.84968399662625,1,0,0,0,1,44,20,15,10,100
NO_PASSIVE,344023,300.33656807464865,1.8915056688174772,445.27907653515393,0,0,0,0,0,44,20,15,10,100
RANDOM,344023,300.33656807464865,1.8915056688174772,445.27907653515393,0,0,0,0,0,44,20,15,10,100
HIGHEST_SNR,344023,300.33656807464865,1.8915056688174772,445.27907653515393,0,0,0,0,0,44,20,15,10,100
SHORTEST_PULSE,344023,300.33656807464865,1.8915056688174772,445.27907653515393,0,0,0,0,0,44,20,15,10,100
METROLOGY_CONDITIONED_EIG,344023,300.33656807464865,1.8915056688174772,445.27907653515393,0,0,0,0,0,44,20,15,10,100
NO_PASSIVE,344024,216.33931944586618,3.191212497566805,445.27907653515393,0,0,0,0,45,44,20,15,10,100
RANDOM,344024,88.67301746801844,3.003029206227296,133.03208531908982,25,0,0,0,45,44,20,15,10,100
HIGHEST_SNR,344024,96.4046278907202,3.0110167105499666,151.63750508536577,25,0,0,0,45,44,20,15,10,100
SHORTEST_PULSE,344024,87.72857268135313,3.240369042877186,138.35285778184038,25,0,0,0,45,44,20,15,10,100
METROLOGY_CONDITIONED_EIG,344024,169.73555918790737,3.418497621268098,127.05198658277196,25,0,0,0,45,44,20,15,10,100
NO_PASSIVE,344025,238.4625278626243,2.1325750355528887,445.27907653515393,0,0,0,0,1,44,20,15,10,100
RANDOM,344025,242.1198946383113,2.1345419201107765,353.7785856835135,1,0,0,0,1,44,20,15,10,100
HIGHEST_SNR,344025,242.1198946383113,2.1345419201107765,353.7785856835135,1,0,0,0,1,44,20,15,10,100
SHORTEST_PULSE,344025,242.1198946383113,2.1345419201107765,353.7785856835135,1,0,0,0,1,44,20,15,10,100
METROLOGY_CONDITIONED_EIG,344025,242.1198946383113,2.1345419201107765,353.7785856835135,1,0,0,0,1,44,20,15,10,100
NO_PASSIVE,344026,411.2695858716884,2.450949064233575,445.27907653515393,0,0,0,0,32,44,20,15,10,100
RANDOM,344026,42.72490764566679,2.0520811884031676,69.59528593729988,28,0,0,0,32,44,20,15,10,100
HIGHEST_SNR,344026,40.79841821969488,1.8199687040440635,70.71280260085952,28,0,0,0,32,44,20,15,10,100
SHORTEST_PULSE,344026,39.320442021861204,2.0523548911580427,69.6080845650723,28,0,0,0,32,44,20,15,10,100
METROLOGY_CONDITIONED_EIG,344026,39.320442021861204,2.0523548911580427,69.6080845650723,28,0,0,0,32,44,20,15,10,100
NO_PASSIVE,344027,445.9053859304268,2.141775583222455,445.27907653515393,0,0,0,0,21,44,20,15,10,100
RANDOM,344027,65.93018422428285,1.2776893286037507,299.70258938492435,21,0,0,0,21,44,20,15,10,100
HIGHEST_SNR,344027,65.93018422428285,1.2776893286037507,299.70258938492435,21,0,0,0,21,44,20,15,10,100
SHORTEST_PULSE,344027,65.93018422428285,1.2776893286037507,299.70258938492435,21,0,0,0,21,44,20,15,10,100
METROLOGY_CONDITIONED_EIG,344027,65.93018422428285,1.2776893286037507,299.70258938492435,21,0,0,0,21,44,20,15,10,100
NO_PASSIVE,344028,123.60590519754011,1.3712071675514381,445.27907653515393,0,0,0,0,7,44,20,15,10,100
RANDOM,344028,69.87573371962901,1.9472874622883531,317.0907957835384,7,0,0,0,7,44,20,15,10,100
HIGHEST_SNR,344028,69.87573371962901,1.9472874622883531,317.0907957835384,7,0,0,0,7,44,20,15,10,100
SHORTEST_PULSE,344028,69.87573371962901,1.9472874622883531,317.0907957835384,7,0,0,0,7,44,20,15,10,100
METROLOGY_CONDITIONED_EIG,344028,69.87573371962901,1.9472874622883531,317.0907957835384,7,0,0,0,7,44,20,15,10,100
NO_PASSIVE,344029,760.3699315864704,1.274150833096444,445.27907653515393,0,0,0,0,1,44,20,15,10,100
RANDOM,344029,633.9506002819253,1.349532871742191,328.9671108133592,1,0,0,0,1,44,20,15,10,100
HIGHEST_SNR,344029,633.9506002819253,1.349532871742191,328.9671108133592,1,0,0,0,1,44,20,15,10,100
SHORTEST_PULSE,344029,633.9506002819253,1.349532871742191,328.9671108133592,1,0,0,0,1,44,20,15,10,100
METROLOGY_CONDITIONED_EIG,344029,633.9506002819253,1.349532871742191,328.9671108133592,1,0,0,0,1,44,20,15,10,100
NO_PASSIVE,345000,213.42643603375234,1.996894547689382,445.27907653515393,0,0,0,0,30,45,20,15,100,30
RANDOM,345000,3.3602108392745578,0.6306770920661018,27.31581843623674,30,0,0,0,30,45,20,15,100,30
HIGHEST_SNR,345000,3.3602108392745578,0.6306770920661018,27.31581843623674,30,0,0,0,30,45,20,15,100,30
SHORTEST_PULSE,345000,3.3602108392745578,0.6306770920661018,27.31581843623674,30,0,0,0,30,45,20,15,100,30
METROLOGY_CONDITIONED_EIG,345000,3.3602108392745578,0.6306770920661018,27.31581843623674,30,0,0,0,30,45,20,15,100,30
NO_PASSIVE,345001,539.9346328988443,1.4830431834024584,445.27907653515393,0,0,0,0,86,45,20,15,100,30
RANDOM,345001,22.679368344348333,0.3258633366013724,21.52124761666891,51,0,0,0,86,45,20,15,100,30
HIGHEST_SNR,345001,16.27458361698533,0.09614591626026456,23.546151027281336,51,0,0,0,86,45,20,15,100,30
SHORTEST_PULSE,345001,23.726694881778467,0.3066304108908016,20.79520878917608,51,0,0,0,86,45,20,15,100,30
METROLOGY_CONDITIONED_EIG,345001,27.2063797668777,0.6509786070065476,21.02973996949864,51,0,0,0,86,45,20,15,100,30
NO_PASSIVE,345002,204.38611202559974,1.9602954613128598,445.27907653515393,0,0,0,0,29,45,20,15,100,30
RANDOM,345002,44.71216619495508,1.4220872649336542,71.85809114977567,25,0,0,0,29,45,20,15,100,30
HIGHEST_SNR,345002,26.724093396052737,1.0586774686176885,85.39746954930048,25,0,0,0,29,45,20,15,100,30
SHORTEST_PULSE,345002,52.03421959493515,1.7096250798011143,69.93374872737044,25,0,0,0,29,45,20,15,100,30
METROLOGY_CONDITIONED_EIG,345002,48.01299663634511,1.4361167972741329,69.95575027048466,25,0,0,0,29,45,20,15,100,30
NO_PASSIVE,345003,280.4063008544339,2.9715138179045333,445.27907653515393,0,0,0,0,70,45,20,15,100,30
RANDOM,345003,18.244745568107952,0.12296710744434301,30.99848821382823,36,1,0,0,70,45,20,15,100,30
HIGHEST_SNR,345003,25.221905103355343,0.5288175964038669,32.847586354777306,37,0,0,0,70,45,20,15,100,30
SHORTEST_PULSE,345003,16.2615602803806,0.2062795382217635,32.87934901018585,37,0,0,0,70,45,20,15,100,30
METROLOGY_CONDITIONED_EIG,345003,9.323247574994625,0.11170137116989602,29.2052129814199,36,1,0,0,70,45,20,15,100,30
NO_PASSIVE,345004,729.7503954354464,3.5242816403397765,445.27907653515393,0,0,0,0,126,45,20,15,100,30
RANDOM,345004,6.244557149321746,0.33406189999933744,31.307530360241845,42,3,0,0,126,45,20,15,100,30
HIGHEST_SNR,345004,42.41242037350618,0.6791995576210791,42.958128749622645,45,0,0,0,126,45,20,15,100,30
SHORTEST_PULSE,345004,6.980350032306725,0.614919419697587,20.30180752782371,43,2,0,0,126,45,20,15,100,30
METROLOGY_CONDITIONED_EIG,345004,1.9243825311673186,0.40672680826765417,20.08639235740305,44,1,0,0,126,45,20,15,100,30
NO_PASSIVE,345005,193.94123570687984,1.5011093270560514,445.27907653515393,0,0,0,0,50,45,20,15,100,30
RANDOM,345005,17.50478311921931,0.38496846758483394,35.066575888152,28,0,0,0,50,45,20,15,100,30
HIGHEST_SNR,345005,71.07462698792642,0.7743918574588043,49.87616058286695,28,0,0,0,50,45,20,15,100,30
SHORTEST_PULSE,345005,41.485537782719234,0.5593161821885813,33.883421827988876,28,0,0,0,50,45,20,15,100,30
METROLOGY_CONDITIONED_EIG,345005,34.39957262427916,0.4348075658235297,33.76572137575902,28,0,0,0,50,45,20,15,100,30
NO_PASSIVE,345006,451.5582367286172,0.29638870924881766,445.27907653515393,0,0,0,0,60,45,20,15,100,30
RANDOM,345006,8.841757264738455,0.31718145594812297,22.108512242132512,43,0,0,0,60,45,20,15,100,30
HIGHEST_SNR,345006,12.880188921538254,0.14595998502326457,22.814348262507966,42,1,0,0,60,45,20,15,100,30
SHORTEST_PULSE,345006,11.884466209370194,0.24234194229636352,19.664346997416903,43,0,0,0,60,45,20,15,100,30
METROLOGY_CONDITIONED_EIG,345006,15.104769999225141,0.17886978355718777,19.05179776778403,43,0,0,0,60,45,20,15,100,30
NO_PASSIVE,345007,18.858008981160804,1.130542917578994,445.27907653515393,0,0,0,0,41,45,20,15,100,30
RANDOM,345007,28.56095699167645,0.4984278875009191,33.706488240923484,37,1,0,0,41,45,20,15,100,30
HIGHEST_SNR,345007,8.069568965083477,0.6644460995625608,35.70866834087383,37,1,0,0,41,45,20,15,100,30
SHORTEST_PULSE,345007,9.55962636379737,0.4669479531654096,31.343999878577097,37,1,0,0,41,45,20,15,100,30
METROLOGY_CONDITIONED_EIG,345007,9.55962636379737,0.4669479531654096,31.343999878577097,37,1,0,0,41,45,20,15,100,30
NO_PASSIVE,345008,1040.0351546195416,0.7304577327235923,445.27907653515393,0,0,0,0,80,45,20,15,100,30
RANDOM,345008,1022.8978950791014,1.0965339232542073,300.7360348660944,19,30,0,0,80,45,20,15,100,30
HIGHEST_SNR,345008,25.57945288572553,1.5909657703350208,27.498022204322353,49,0,0,0,80,45,20,15,100,30
SHORTEST_PULSE,345008,1010.3873046615728,1.3471034740289654,299.6490114248872,24,25,0,0,80,45,20,15,100,30
METROLOGY_CONDITIONED_EIG,345008,1024.1575413381076,1.1193355491952157,301.1520426155412,14,35,0,0,80,45,20,15,100,30
NO_PASSIVE,345009,333.5830411934606,1.862026797310396,445.27907653515393,0,0,0,0,141,45,20,15,100,30
RANDOM,345009,9.006230424996136,0.050195040669618975,20.322689528651484,59,0,0,0,141,45,20,15,100,30
HIGHEST_SNR,345009,27.15347131088853,0.7906701308925191,24.700032417352084,59,0,0,0,141,45,20,15,100,30
SHORTEST_PULSE,345009,8.27750576936644,0.47433807411173795,17.838095962865047,59,0,0,0,141,45,20,15,100,30
METROLOGY_CONDITIONED_EIG,345009,3.1847838473861616,0.3838281711974371,18.25006093108168,59,0,0,0,141,45,20,15,100,30
NO_PASSIVE,345010,394.11862447746404,2.1248722606904566,445.27907653515393,0,0,0,0,22,45,20,15,100,30
RANDOM,345010,15.367550577922588,1.4264799995680826,67.23751710856112,17,0,0,0,22,45,20,15,100,30
HIGHEST_SNR,345010,74.50172645470376,1.546700472351216,65.81924271639788,17,0,0,0,22,45,20,15,100,30
SHORTEST_PULSE,345010,25.12584851790976,1.2514111332039275,66.7904715923191,17,0,0,0,22,45,20,15,100,30
METROLOGY_CONDITIONED_EIG,345010,65.91660061380955,0.844860010921839,63.93582962172745,17,0,0,0,22,45,20,15,100,30
NO_PASSIVE,345011,184.51586631047894,1.8841570441257753,445.27907653515393,0,0,0,0,68,45,20,15,100,30
RANDOM,345011,2.708389269849905,0.35278880980893484,34.002548403867834,41,0,0,0,68,45,20,15,100,30
HIGHEST_SNR,345011,6.332489414918938,0.6379045486707366,36.1545888939787,41,0,0,0,68,45,20,15,100,30
SHORTEST_PULSE,345011,11.985093426028312,0.38343011550101896,33.61000294763075,41,0,0,0,68,45,20,15,100,30
METROLOGY_CONDITIONED_EIG,345011,11.254921850708747,0.45859842368707227,33.134235784691285,41,0,0,0,68,45,20,15,100,30
NO_PASSIVE,345012,172.9576037641341,1.0377169209671393,445.27907653515393,0,0,0,0,30,45,20,15,100,30
RANDOM,345012,13.9719911941253,0.5206567332038147,39.58958598865637,24,0,0,0,30,45,20,15,100,30
HIGHEST_SNR,345012,7.54468108900895,0.21555304324455835,37.84289652393205,24,0,0,0,30,45,20,15,100,30
SHORTEST_PULSE,345012,19.695210728106648,0.4475041188502938,39.72451527878011,24,0,0,0,30,45,20,15,100,30
METROLOGY_CONDITIONED_EIG,345012,9.567292477841049,0.32809834549582023,37.64296426231828,24,0,0,0,30,45,20,15,100,30
NO_PASSIVE,345013,69.27738804806053,1.0268891121061814,445.27907653515393,0,0,0,0,89,45,20,15,100,30
RANDOM,345013,21.848519159108157,0.19728013467831454,28.088249225841903,48,1,0,0,89,45,20,15,100,30
HIGHEST_SNR,345013,15.67752672429058,0.44588882960142934,26.709086148694606,49,0,0,0,89,45,20,15,100,30
SHORTEST_PULSE,345013,25.420834587925953,0.46249292388113805,24.370527704048882,49,0,0,0,89,45,20,15,100,30
METROLOGY_CONDITIONED_EIG,345013,20.65736591518108,0.28921993666245255,24.030619466933796,49,0,0,0,89,45,20,15,100,30
NO_PASSIVE,345014,141.42005874366592,2.7999214810321855,445.27907653515393,0,0,0,0,97,45,20,15,100,30
RANDOM,345014,12.389851598153134,0.24971801051554246,39.1233574046531,39,0,0,0,97,45,20,15,100,30
HIGHEST_SNR,345014,36.247880592860966,1.1754161919851875,35.83924256846716,38,1,0,0,97,45,20,15,100,30
SHORTEST_PULSE,345014,26.075191144245434,0.7736992335169212,33.1080749688666,39,0,0,0,97,45,20,15,100,30
METROLOGY_CONDITIONED_EIG,345014,25.168006054397257,0.8930324258280605,30.950261244199048,39,0,0,0,97,45,20,15,100,30
NO_PASSIVE,345015,350.3891481934092,2.6010025472919764,445.27907653515393,0,0,0,0,81,45,20,15,100,30
RANDOM,345015,21.126053466672133,3.0243410173867322,30.752817705798446,41,7,0,0,81,45,20,15,100,30
HIGHEST_SNR,345015,372.76720174345843,1.8361263552436184,135.25699615614863,46,2,0,0,81,45,20,15,100,30
SHORTEST_PULSE,345015,12.6662657945375,0.385392596391465,23.408229485085148,47,1,0,0,81,45,20,15,100,30
METROLOGY_CONDITIONED_EIG,345015,14.339458649211664,0.2039375596821418,23.92333198206966,47,1,0,0,81,45,20,15,100,30
NO_PASSIVE,345016,617.4918073833458,2.2564498544892184,445.27907653515393,0,0,0,0,44,45,20,15,100,30
RANDOM,345016,64.00938015220079,1.4626239709116675,27.27504138626509,37,0,0,0,44,45,20,15,100,30
HIGHEST_SNR,345016,58.49659083489972,1.4036763966926322,26.655715779274118,37,0,0,0,44,45,20,15,100,30
SHORTEST_PULSE,345016,63.34413512991412,1.5084293077599915,26.434114197481748,37,0,0,0,44,45,20,15,100,30
METROLOGY_CONDITIONED_EIG,345016,58.58060709892066,1.52372839230367,26.536007961708872,37,0,0,0,44,45,20,15,100,30
NO_PASSIVE,345017,509.9851683926706,0.4142198368232164,445.27907653515393,0,0,0,0,32,45,20,15,100,30
RANDOM,345017,97.39934928476528,1.4739215435878756,43.152802094398105,25,0,0,0,32,45,20,15,100,30
HIGHEST_SNR,345017,55.394642590707065,0.17991082727485913,45.62146549788278,24,1,0,0,32,45,20,15,100,30
SHORTEST_PULSE,345017,8.28823459428316,0.28370395885461197,40.13370446539234,25,0,0,0,32,45,20,15,100,30
METROLOGY_CONDITIONED_EIG,345017,36.1738484620764,0.3700544646612017,38.83125851431635,25,0,0,0,32,45,20,15,100,30
NO_PASSIVE,345018,50.37523415371682,3.047756850378224,445.27907653515393,0,0,0,0,17,45,20,15,100,30
RANDOM,345018,12.057214195109072,0.7665902405235876,36.74381699788937,15,0,0,0,17,45,20,15,100,30
HIGHEST_SNR,345018,12.057214195109072,0.7665902405235876,36.74381699788937,15,0,0,0,17,45,20,15,100,30
SHORTEST_PULSE,345018,19.819166688699546,0.7729405015355065,36.97739397641029,15,0,0,0,17,45,20,15,100,30
METROLOGY_CONDITIONED_EIG,345018,19.819166688699546,0.7729405015355065,36.97739397641029,15,0,0,0,17,45,20,15,100,30
NO_PASSIVE,345019,1049.1104518617315,1.107353828910384,445.27907653515393,0,0,0,0,44,45,20,15,100,30
RANDOM,345019,29.07370031948407,0.36898584951804536,41.4420000865192,33,1,0,0,44,45,20,15,100,30
HIGHEST_SNR,345019,46.83125030033804,0.9500251418267351,41.999238960586965,33,1,0,0,44,45,20,15,100,30
SHORTEST_PULSE,345019,46.83125030033804,0.9500251418267351,41.999238960586965,33,1,0,0,44,45,20,15,100,30
METROLOGY_CONDITIONED_EIG,345019,12.57701407049854,0.435488617400886,40.314309092846706,34,0,0,0,44,45,20,15,100,30
NO_PASSIVE,345020,139.62888965347247,2.082708759764431,445.27907653515393,0,0,0,0,20,45,20,15,100,30
RANDOM,345020,38.0238180961377,0.8247864518622428,38.966212991810394,15,0,0,0,20,45,20,15,100,30
HIGHEST_SNR,345020,40.61900724983334,1.1189323272180849,38.74491232630791,15,0,0,0,20,45,20,15,100,30
SHORTEST_PULSE,345020,53.05847948633394,1.0121429137957874,38.84560828040393,15,0,0,0,20,45,20,15,100,30
METROLOGY_CONDITIONED_EIG,345020,40.61900724983334,1.1189323272180849,38.74491232630791,15,0,0,0,20,45,20,15,100,30
NO_PASSIVE,345021,275.7415444642928,2.1021633755158287,445.27907653515393,0,0,0,0,42,45,20,15,100,30
RANDOM,345021,38.144979038417134,1.0258418527169322,35.39178783750809,35,1,0,0,42,45,20,15,100,30
HIGHEST_SNR,345021,31.33159061133124,1.274274068459501,35.51819924672343,35,1,0,0,42,45,20,15,100,30
SHORTEST_PULSE,345021,31.986473654862355,0.9950893415257459,34.6550270674971,35,1,0,0,42,45,20,15,100,30
METROLOGY_CONDITIONED_EIG,345021,26.729486208108582,0.8200282929060885,33.872505126121006,35,1,0,0,42,45,20,15,100,30
NO_PASSIVE,345022,355.2979521922008,1.9667648287768538,445.27907653515393,0,0,0,0,35,45,20,15,100,30
RANDOM,345022,24.308855339112164,0.6984865097742387,63.59193871101326,34,0,0,0,35,45,20,15,100,30
HIGHEST_SNR,345022,24.308855339112164,0.6984865097742387,63.59193871101326,34,0,0,0,35,45,20,15,100,30
SHORTEST_PULSE,345022,24.308855339112164,0.6984865097742387,63.59193871101326,34,0,0,0,35,45,20,15,100,30
METROLOGY_CONDITIONED_EIG,345022,24.660411200924745,0.6785140128327868,63.1129335451786,34,0,0,0,35,45,20,15,100,30
NO_PASSIVE,345023,491.8457672913787,1.807568850348825,445.27907653515393,0,0,0,0,88,45,20,15,100,30
RANDOM,345023,44.790431575726075,0.7127527372943567,29.673262944773946,46,0,0,0,88,45,20,15,100,30
HIGHEST_SNR,345023,34.59506410915399,0.6597846058868174,29.975779567509015,46,0,0,0,88,45,20,15,100,30
SHORTEST_PULSE,345023,30.08712014552965,0.568945368107786,21.283008951597687,46,0,0,0,88,45,20,15,100,30
METROLOGY_CONDITIONED_EIG,345023,23.051145255815953,0.5530466119095776,21.140066088910487,46,0,0,0,88,45,20,15,100,30
NO_PASSIVE,345024,517.0162239308185,2.4409175060296864,445.27907653515393,0,0,0,0,26,45,20,15,100,30
RANDOM,345024,34.516073612055344,1.5633774498190611,70.22514175999333,23,0,0,0,26,45,20,15,100,30
HIGHEST_SNR,345024,34.516073612055344,1.5633774498190611,70.22514175999333,23,0,0,0,26,45,20,15,100,30
SHORTEST_PULSE,345024,34.516073612055344,1.5633774498190611,70.22514175999333,23,0,0,0,26,45,20,15,100,30
METROLOGY_CONDITIONED_EIG,345024,52.596868092696745,1.6536179138625853,63.08336691916132,23,0,0,0,26,45,20,15,100,30
NO_PASSIVE,345025,265.18725565588545,2.3859386484617917,445.27907653515393,0,0,0,0,31,45,20,15,100,30
RANDOM,345025,54.41823503159815,1.8321823697914703,42.626089711183575,28,0,0,0,31,45,20,15,100,30
HIGHEST_SNR,345025,39.95844963453864,1.1926849007901374,40.45871548099271,28,0,0,0,31,45,20,15,100,30
SHORTEST_PULSE,345025,55.39509897087541,2.049043594531923,42.883191761474855,28,0,0,0,31,45,20,15,100,30
METROLOGY_CONDITIONED_EIG,345025,39.95844963453864,1.1926849007901374,40.45871548099271,28,0,0,0,31,45,20,15,100,30
NO_PASSIVE,345026,63.90150810989847,0.46371028636663114,445.27907653515393,0,0,0,0,32,45,20,15,100,30
RANDOM,345026,14.157073202783215,0.7754765860581225,55.983311915673646,29,0,0,0,32,45,20,15,100,30
HIGHEST_SNR,345026,13.565248158756658,0.7355334112938303,72.19010993875015,29,0,0,0,32,45,20,15,100,30
SHORTEST_PULSE,345026,14.157073202783215,0.7754765860581225,55.983311915673646,29,0,0,0,32,45,20,15,100,30
METROLOGY_CONDITIONED_EIG,345026,22.80465539798084,1.0595793595186664,46.444079270352916,29,0,0,0,32,45,20,15,100,30
NO_PASSIVE,345027,137.29959902803353,1.3491171948101117,445.27907653515393,0,0,0,0,56,45,20,15,100,30
RANDOM,345027,11.362494250296605,0.4066363677291752,34.99457124063306,38,0,0,0,56,45,20,15,100,30
HIGHEST_SNR,345027,50.10235774482216,1.1663282278783726,41.39617136071332,38,0,0,0,56,45,20,15,100,30
SHORTEST_PULSE,345027,19.25447202871593,0.4596015308865502,31.517558900516487,38,0,0,0,56,45,20,15,100,30
METROLOGY_CONDITIONED_EIG,345027,18.319790248309197,0.43728608151106596,31.618410101463883,38,0,0,0,56,45,20,15,100,30
NO_PASSIVE,345028,255.49797421613533,2.839252075521432,445.27907653515393,0,0,0,0,69,45,20,15,100,30
RANDOM,345028,34.38635755073942,0.6068051736914145,22.54449912434333,50,0,0,0,69,45,20,15,100,30
HIGHEST_SNR,345028,22.872009866898185,0.5769738441832248,24.483695100889005,50,0,0,0,69,45,20,15,100,30
SHORTEST_PULSE,345028,19.449213533960016,0.3094153949128629,20.808127034171783,50,0,0,0,69,45,20,15,100,30
METROLOGY_CONDITIONED_EIG,345028,19.41669306261682,0.43441067302290215,20.801664792872632,50,0,0,0,69,45,20,15,100,30
NO_PASSIVE,345029,724.0466221323306,2.3714532558866064,445.27907653515393,0,0,0,0,28,45,20,15,100,30
RANDOM,345029,573.2702280410315,1.987573856788101,236.17707910798575,24,2,0,0,28,45,20,15,100,30
HIGHEST_SNR,345029,573.2702280410315,1.987573856788101,236.17707910798575,24,2,0,0,28,45,20,15,100,30
SHORTEST_PULSE,345029,568.7368239879122,2.0764677257812574,236.37385473792895,22,4,0,0,28,45,20,15,100,30
METROLOGY_CONDITIONED_EIG,345029,568.7368239879122,2.0764677257812574,236.37385473792895,22,4,0,0,28,45,20,15,100,30
NO_PASSIVE,346000,135.35089536760574,2.5373742186101302,445.27907653515393,0,0,0,0,138,46,20,15,100,100
RANDOM,346000,24.292258833685363,0.830066906029512,31.476413553599514,53,0,0,0,138,46,20,15,100,100
HIGHEST_SNR,346000,46.876207127856006,1.556645690828506,36.688379763675094,53,0,0,0,138,46,20,15,100,100
SHORTEST_PULSE,346000,32.695169319536284,0.9256695428043809,29.328573604729744,53,0,0,0,138,46,20,15,100,100
METROLOGY_CONDITIONED_EIG,346000,31.602987362684438,0.576093067941767,28.592234657359676,53,0,0,0,138,46,20,15,100,100
NO_PASSIVE,346001,393.2778765513365,2.7372168422553993,445.27907653515393,0,0,0,0,84,46,20,15,100,100
RANDOM,346001,60.00094861778371,1.074615644270023,51.82310311974653,52,1,0,0,84,46,20,15,100,100
HIGHEST_SNR,346001,29.20456258635658,1.0038622074146633,55.535226018864186,51,2,0,0,84,46,20,15,100,100
SHORTEST_PULSE,346001,56.107873813125586,0.9330281556459812,53.10887757001444,51,2,0,0,84,46,20,15,100,100
METROLOGY_CONDITIONED_EIG,346001,7.936328163730793,0.7080011988074791,48.11591781840516,53,0,0,0,84,46,20,15,100,100
NO_PASSIVE,346002,296.9771647454031,1.0816465330427298,445.27907653515393,0,0,0,0,45,46,20,15,100,100
RANDOM,346002,49.63341161443682,0.611439070212648,60.814735001905575,40,0,0,0,45,46,20,15,100,100
HIGHEST_SNR,346002,58.82432399638354,0.5109343415654211,60.24233431375365,40,0,0,0,45,46,20,15,100,100
SHORTEST_PULSE,346002,54.56347262639493,0.3655534030846082,60.46279535595865,40,0,0,0,45,46,20,15,100,100
METROLOGY_CONDITIONED_EIG,346002,56.81712885946135,0.46838063331636715,60.306573508484306,40,0,0,0,45,46,20,15,100,100
NO_PASSIVE,346003,185.8003879813873,2.21194280070016,445.27907653515393,0,0,0,0,34,46,20,15,100,100
RANDOM,346003,22.905931795824095,1.5509739694282967,41.05259384298287,29,1,0,0,34,46,20,15,100,100
HIGHEST_SNR,346003,62.06860388519694,1.5954006761820754,45.7801028988788,30,0,0,0,34,46,20,15,100,100
SHORTEST_PULSE,346003,46.89931032868436,1.9690734103795506,40.75815147894284,28,2,0,0,34,46,20,15,100,100
METROLOGY_CONDITIONED_EIG,346003,17.2469847603676,1.6002259821400624,41.30532668531847,27,3,0,0,34,46,20,15,100,100
NO_PASSIVE,346004,299.0637703724057,0.7048175169012287,445.27907653515393,0,0,0,0,17,46,20,15,100,100
RANDOM,346004,43.287525575017334,0.4984168851277328,89.96539953615026,16,0,0,0,17,46,20,15,100,100
HIGHEST_SNR,346004,43.287525575017334,0.4984168851277328,89.96539953615026,16,0,0,0,17,46,20,15,100,100
SHORTEST_PULSE,346004,43.287525575017334,0.4984168851277328,89.96539953615026,16,0,0,0,17,46,20,15,100,100
METROLOGY_CONDITIONED_EIG,346004,22.504807591970565,0.5155069804643027,83.86775788361196,16,0,0,0,17,46,20,15,100,100
NO_PASSIVE,346005,622.8432009174629,1.2974201861482575,445.27907653515393,0,0,0,0,89,46,20,15,100,100
RANDOM,346005,18.98407942314729,0.6403226795726242,36.494391097482705,51,0,0,0,89,46,20,15,100,100
HIGHEST_SNR,346005,8.186729870119992,0.47820655411624896,38.6449936446663,51,0,0,0,89,46,20,15,100,100
SHORTEST_PULSE,346005,22.258867002665,0.5779229518243374,36.29946255866137,51,0,0,0,89,46,20,15,100,100
METROLOGY_CONDITIONED_EIG,346005,17.22746414455065,0.3441098049029938,32.91999061947295,50,1,0,0,89,46,20,15,100,100
NO_PASSIVE,346006,362.2122632136727,1.4603219677095498,445.27907653515393,0,0,0,0,46,46,20,15,100,100
RANDOM,346006,45.7111825549324,1.419533369131519,37.62450074743883,35,0,0,0,46,46,20,15,100,100
HIGHEST_SNR,346006,33.88458740806918,1.1320880505398838,43.16140983738114,35,0,0,0,46,46,20,15,100,100
SHORTEST_PULSE,346006,59.771892556952295,1.6664184289413897,35.65905554019819,35,0,0,0,46,46,20,15,100,100
METROLOGY_CONDITIONED_EIG,346006,58.29646297065318,1.3845982236736107,35.58312917284847,35,0,0,0,46,46,20,15,100,100
NO_PASSIVE,346007,513.0306061481436,0.7318003904466212,445.27907653515393,0,0,0,0,57,46,20,15,100,100
RANDOM,346007,37.89757286509694,0.7790123686482743,57.96045880002641,44,0,0,0,57,46,20,15,100,100
HIGHEST_SNR,346007,63.67159921550573,0.9389440688801547,61.4565315898177,44,0,0,0,57,46,20,15,100,100
SHORTEST_PULSE,346007,59.04553553605559,0.4067471901275597,61.09441040556509,44,0,0,0,57,46,20,15,100,100
METROLOGY_CONDITIONED_EIG,346007,48.79891975107099,0.6620124276390696,56.66311825707266,44,0,0,0,57,46,20,15,100,100
NO_PASSIVE,346008,405.1037182509331,1.1947639576856244,445.27907653515393,0,0,0,0,140,46,20,15,100,100
RANDOM,346008,34.806780457221926,0.8427595012913335,33.303256083268856,58,0,0,0,140,46,20,15,100,100
HIGHEST_SNR,346008,92.6494474605882,0.5204478432770362,47.3637688152604,57,1,0,0,140,46,20,15,100,100
SHORTEST_PULSE,346008,24.94798609553676,0.22534372316563958,34.642356355971145,58,0,0,0,140,46,20,15,100,100
METROLOGY_CONDITIONED_EIG,346008,18.539659465702442,0.5771842281531075,32.418219956162204,58,0,0,0,140,46,20,15,100,100
NO_PASSIVE,346009,308.45800149385553,1.6032189048531527,445.27907653515393,0,0,0,0,75,46,20,15,100,100
RANDOM,346009,17.10787039934221,0.6084309418348879,28.948935076919554,42,0,0,0,75,46,20,15,100,100
HIGHEST_SNR,346009,10.415297777942229,0.47779382323353714,28.97767696541935,42,0,0,0,75,46,20,15,100,100
SHORTEST_PULSE,346009,43.074435717957975,1.7239230811865993,28.5837473107971,42,0,0,0,75,46,20,15,100,100
METROLOGY_CONDITIONED_EIG,346009,17.265653216285457,0.6920423253520782,26.50370249670251,42,0,0,0,75,46,20,15,100,100
NO_PASSIVE,346010,403.64737237908804,1.1194174544597368,445.27907653515393,0,0,0,0,16,46,20,15,100,100
RANDOM,346010,15.406893851721838,1.5555398672752692,150.9162110976959,15,1,0,0,16,46,20,15,100,100
HIGHEST_SNR,346010,15.406893851721838,1.5555398672752692,150.9162110976959,15,1,0,0,16,46,20,15,100,100
SHORTEST_PULSE,346010,15.406893851721838,1.5555398672752692,150.9162110976959,15,1,0,0,16,46,20,15,100,100
METROLOGY_CONDITIONED_EIG,346010,15.406893851721838,1.5555398672752692,150.9162110976959,15,1,0,0,16,46,20,15,100,100
NO_PASSIVE,346011,111.97970541984847,1.7580223910068462,445.27907653515393,0,0,0,0,75,46,20,15,100,100
RANDOM,346011,12.702021062739405,1.1423072355563615,52.02697354822788,51,1,0,0,75,46,20,15,100,100
HIGHEST_SNR,346011,26.66627655462064,1.8437488604518228,65.00881609733307,51,1,0,0,75,46,20,15,100,100
SHORTEST_PULSE,346011,14.907027902823756,0.9902072293839155,48.044817651377166,51,1,0,0,75,46,20,15,100,100
METROLOGY_CONDITIONED_EIG,346011,37.559218520940874,1.8031372720196612,49.860973419892105,51,1,0,0,75,46,20,15,100,100
NO_PASSIVE,346012,868.3628270625611,1.7273273139874543,445.27907653515393,0,0,0,0,50,46,20,15,100,100
RANDOM,346012,47.62288337057851,1.2470955480203394,46.30728252607391,38,0,0,0,50,46,20,15,100,100
HIGHEST_SNR,346012,59.97744839343901,1.1187113542213045,47.241272235707,38,0,0,0,50,46,20,15,100,100
SHORTEST_PULSE,346012,47.20716025628645,0.9686442689524263,45.976161499648455,38,0,0,0,50,46,20,15,100,100
METROLOGY_CONDITIONED_EIG,346012,45.562478435142815,0.9573664136679779,46.060459091177556,38,0,0,0,50,46,20,15,100,100
NO_PASSIVE,346013,531.8974005171829,2.045071088992652,445.27907653515393,0,0,0,0,8,46,20,15,100,100
RANDOM,346013,36.14741814896515,1.5968768786198946,82.56845064085576,8,0,0,0,8,46,20,15,100,100
HIGHEST_SNR,346013,36.14741814896515,1.5968768786198946,82.56845064085576,8,0,0,0,8,46,20,15,100,100
SHORTEST_PULSE,346013,36.14741814896515,1.5968768786198946,82.56845064085576,8,0,0,0,8,46,20,15,100,100
METROLOGY_CONDITIONED_EIG,346013,36.14741814896515,1.5968768786198946,82.56845064085576,8,0,0,0,8,46,20,15,100,100
NO_PASSIVE,346014,615.9304572435591,0.6127095050520769,445.27907653515393,0,0,0,0,36,46,20,15,100,100
RANDOM,346014,113.24169229031779,1.0145617137472047,73.23210477871014,34,0,0,0,36,46,20,15,100,100
HIGHEST_SNR,346014,118.34270993811528,0.9532580143592031,83.06824193022996,34,0,0,0,36,46,20,15,100,100
SHORTEST_PULSE,346014,118.34270993811528,0.9532580143592031,83.06824193022996,34,0,0,0,36,46,20,15,100,100
METROLOGY_CONDITIONED_EIG,346014,113.24169229031779,1.0145617137472047,73.23210477871014,34,0,0,0,36,46,20,15,100,100
NO_PASSIVE,346015,417.7455330700428,2.0834943428216084,445.27907653515393,0,0,0,0,73,46,20,15,100,100
RANDOM,346015,43.68704946196954,0.8189283890446454,48.1225638811628,47,0,0,0,73,46,20,15,100,100
HIGHEST_SNR,346015,56.521327170248256,0.8255348503424415,56.67657405400899,47,0,0,0,73,46,20,15,100,100
SHORTEST_PULSE,346015,37.74313045531841,1.0154771458461835,41.60555281264722,47,0,0,0,73,46,20,15,100,100
METROLOGY_CONDITIONED_EIG,346015,36.73159466230541,0.32464538525372455,41.277275790741804,47,0,0,0,73,46,20,15,100,100
NO_PASSIVE,346016,230.39631254977428,2.983991125867047,445.27907653515393,0,0,0,0,81,46,20,15,100,100
RANDOM,346016,70.76804618591765,1.4559548082689835,37.94668471140371,58,0,0,0,81,46,20,15,100,100
HIGHEST_SNR,346016,63.463029441399286,1.5170082626871584,51.01720999693795,58,0,0,0,81,46,20,15,100,100
SHORTEST_PULSE,346016,75.10907873447778,1.8037350299028887,37.77460439833383,57,1,0,0,81,46,20,15,100,100
METROLOGY_CONDITIONED_EIG,346016,63.254284237626216,1.4881619387408582,37.33627135496387,57,1,0,0,81,46,20,15,100,100
NO_PASSIVE,346017,651.2754669374107,1.650842231125569,445.27907653515393,0,0,0,0,27,46,20,15,100,100
RANDOM,346017,121.55929561477441,1.4402806514146238,170.70177929175856,24,0,0,0,27,46,20,15,100,100
HIGHEST_SNR,346017,425.88383753350024,1.7216665562141913,312.6435833788913,24,0,0,0,27,46,20,15,100,100
SHORTEST_PULSE,346017,174.55837434831975,1.5436394821003763,147.65148089092474,24,0,0,0,27,46,20,15,100,100
METROLOGY_CONDITIONED_EIG,346017,174.55837434831975,1.5436394821003763,147.65148089092474,24,0,0,0,27,46,20,15,100,100
NO_PASSIVE,346018,187.96852106830332,1.9754562714593333,445.27907653515393,0,0,0,0,66,46,20,15,100,100
RANDOM,346018,54.09046835408123,1.9265510960236059,36.92144254750964,47,1,0,0,66,46,20,15,100,100
HIGHEST_SNR,346018,41.381692394657456,1.1483574214139203,47.60696851199929,48,0,0,0,66,46,20,15,100,100
SHORTEST_PULSE,346018,39.19225913680453,1.6087541103681562,33.82027166703993,48,0,0,0,66,46,20,15,100,100
METROLOGY_CONDITIONED_EIG,346018,43.550483841886674,1.8221320497128675,33.42593842382015,48,0,0,0,66,46,20,15,100,100
NO_PASSIVE,346019,82.77999352247463,3.809299913652106,445.27907653515393,0,0,0,0,48,46,20,15,100,100
RANDOM,346019,105.96451235333238,2.0187569670740317,69.1286602540534,38,0,0,0,48,46,20,15,100,100
HIGHEST_SNR,346019,94.91558010816652,1.943501488507146,74.50579528873106,38,0,0,0,48,46,20,15,100,100
SHORTEST_PULSE,346019,96.10785972972248,2.2303190277359546,71.69757552061286,38,0,0,0,48,46,20,15,100,100
METROLOGY_CONDITIONED_EIG,346019,92.49326656757187,2.182804776395964,68.23544068757789,38,0,0,0,48,46,20,15,100,100
NO_PASSIVE,346020,153.37782473735783,1.3734531980506104,445.27907653515393,0,0,0,0,86,46,20,15,100,100
RANDOM,346020,50.639929791117346,1.1672599182421504,42.547311869519056,49,1,0,0,86,46,20,15,100,100
HIGHEST_SNR,346020,26.615925790560198,0.7298600612166378,38.52734865087616,49,1,0,0,86,46,20,15,100,100
SHORTEST_PULSE,346020,8.415878739679824,0.1420318766095936,31.529526683876455,50,0,0,0,86,46,20,15,100,100
METROLOGY_CONDITIONED_EIG,346020,8.234650881187648,0.2534991110816684,29.024775552523963,50,0,0,0,86,46,20,15,100,100
NO_PASSIVE,346021,374.2614050294187,0.8136290462621857,445.27907653515393,0,0,0,0,38,46,20,15,100,100
RANDOM,346021,41.878178318956564,0.795968748097163,79.7149458174218,32,0,0,0,38,46,20,15,100,100
HIGHEST_SNR,346021,55.05646547907762,0.7960878682934218,81.90281711711872,32,0,0,0,38,46,20,15,100,100
SHORTEST_PULSE,346021,53.08309293959384,0.7359448423425083,80.91349942730001,32,0,0,0,38,46,20,15,100,100
METROLOGY_CONDITIONED_EIG,346021,71.41222191154058,0.5389104013362184,77.3573041741033,32,0,0,0,38,46,20,15,100,100
NO_PASSIVE,346022,364.1481251618413,1.0449388988656478,445.27907653515393,0,0,0,0,100,46,20,15,100,100
RANDOM,346022,60.89491610894573,1.3500344087525984,52.038368038358904,46,2,0,0,100,46,20,15,100,100
HIGHEST_SNR,346022,221.44026129018883,1.0375047781133127,298.42692950859123,47,1,0,0,100,46,20,15,100,100
SHORTEST_PULSE,346022,23.99050001604333,1.1228446227202589,51.90032687142959,48,0,0,0,100,46,20,15,100,100
METROLOGY_CONDITIONED_EIG,346022,19.46459580551288,0.7919293223064496,50.02502035877304,47,1,0,0,100,46,20,15,100,100
NO_PASSIVE,346023,158.19227402068933,2.163564003044432,445.27907653515393,0,0,0,0,77,46,20,15,100,100
RANDOM,346023,44.93394428486185,0.8014295125724452,55.916473278442226,52,0,0,0,77,46,20,15,100,100
HIGHEST_SNR,346023,109.19603730125888,2.069641396985475,63.854193259038055,52,0,0,0,77,46,20,15,100,100
SHORTEST_PULSE,346023,28.872400148201503,0.5009574869083326,38.21745065439324,52,0,0,0,77,46,20,15,100,100
METROLOGY_CONDITIONED_EIG,346023,33.246874126792804,0.6585443655132683,38.21004786944548,52,0,0,0,77,46,20,15,100,100
NO_PASSIVE,346024,110.82208055000538,0.4157781977360844,445.27907653515393,0,0,0,0,6,46,20,15,100,100
RANDOM,346024,94.15037883731044,0.3585249562807004,323.42846617902205,6,0,0,0,6,46,20,15,100,100
HIGHEST_SNR,346024,94.15037883731044,0.3585249562807004,323.42846617902205,6,0,0,0,6,46,20,15,100,100
SHORTEST_PULSE,346024,94.15037883731044,0.3585249562807004,323.42846617902205,6,0,0,0,6,46,20,15,100,100
METROLOGY_CONDITIONED_EIG,346024,94.15037883731044,0.3585249562807004,323.42846617902205,6,0,0,0,6,46,20,15,100,100
NO_PASSIVE,346025,95.36099443084792,1.8156189169937458,445.27907653515393,0,0,0,0,39,46,20,15,100,100
RANDOM,346025,107.51673170010667,2.050191142334339,48.41435881003472,32,0,0,0,39,46,20,15,100,100
HIGHEST_SNR,346025,109.43002340883139,2.0681784476447724,48.34862353954966,32,0,0,0,39,46,20,15,100,100
SHORTEST_PULSE,346025,110.16887896068982,2.319838416577803,48.36218792344826,32,0,0,0,39,46,20,15,100,100
METROLOGY_CONDITIONED_EIG,346025,111.31414704283902,2.32281891634567,48.4138665716711,32,0,0,0,39,46,20,15,100,100
NO_PASSIVE,346026,496.39156214592765,2.319740304990483,445.27907653515393,0,0,0,0,71,46,20,15,100,100
RANDOM,346026,22.543529635215613,0.6313728434669164,45.73983932017425,46,0,0,0,71,46,20,15,100,100
HIGHEST_SNR,346026,23.087315614700902,1.2091440972030736,46.65846626375922,46,0,0,0,71,46,20,15,100,100
SHORTEST_PULSE,346026,23.796943314157907,0.5096029808570525,38.71039020536937,46,0,0,0,71,46,20,15,100,100
METROLOGY_CONDITIONED_EIG,346026,16.55325823571449,0.6531924372205685,38.77770356863706,46,0,0,0,71,46,20,15,100,100
NO_PASSIVE,346027,797.0697775948704,1.2897628750316876,445.27907653515393,0,0,0,0,169,46,20,15,100,100
RANDOM,346027,11.041647235206721,0.4701969440138984,40.35950883621931,49,0,0,0,169,46,20,15,100,100
HIGHEST_SNR,346027,31.376580759834038,1.3451671471435844,45.84735864201068,48,1,0,0,169,46,20,15,100,100
SHORTEST_PULSE,346027,12.125810953901759,0.5477013405586694,38.46685254982391,49,0,0,0,169,46,20,15,100,100
METROLOGY_CONDITIONED_EIG,346027,5.343012248643656,0.07825356807548212,33.09247544718972,49,0,0,0,169,46,20,15,100,100
NO_PASSIVE,346028,421.42479166664805,2.6543708153869208,445.27907653515393,0,0,0,0,35,46,20,15,100,100
RANDOM,346028,65.4303305762613,1.6076900000710037,74.65250514663802,24,0,0,0,35,46,20,15,100,100
HIGHEST_SNR,346028,35.48046220852706,1.3107223387635172,74.1553850953554,23,1,0,0,35,46,20,15,100,100
SHORTEST_PULSE,346028,117.328482521272,1.9905279115351717,71.33507076582833,24,0,0,0,35,46,20,15,100,100
METROLOGY_CONDITIONED_EIG,346028,33.87818832414332,2.2676420743912704,71.45321003292979,22,2,0,0,35,46,20,15,100,100
NO_PASSIVE,346029,415.1824461532507,0.817885965878446,445.27907653515393,0,0,0,0,105,46,20,15,100,100
RANDOM,346029,37.65849128884432,1.7774184001216107,42.508037414194746,52,2,0,0,105,46,20,15,100,100
HIGHEST_SNR,346029,4.925964994212959,1.6115339778793358,49.329476267520036,54,0,0,0,105,46,20,15,100,100
SHORTEST_PULSE,346029,36.99554265855101,1.1250916291046726,40.44613985371876,54,0,0,0,105,46,20,15,100,100
METROLOGY_CONDITIONED_EIG,346029,32.72691233270084,1.7113085146312028,38.908234881656895,53,1,0,0,105,46,20,15,100,100
NO_PASSIVE,347000,333.41895608088566,4.272169640334403,445.27907653515393,0,0,0,0,124,47,20,15,1000,30
RANDOM,347000,11.330648175605946,0.4629542365476849,25.091184160133746,45,0,0,0,124,47,20,15,1000,30
HIGHEST_SNR,347000,120.87766575213175,2.06509524004457,44.91539709647495,42,3,0,0,124,47,20,15,1000,30
SHORTEST_PULSE,347000,31.951424648456534,0.3461655705764089,27.483388259751766,42,3,0,0,124,47,20,15,1000,30
METROLOGY_CONDITIONED_EIG,347000,22.46691293217093,0.14836871736706558,26.415225817180477,41,4,0,0,124,47,20,15,1000,30
NO_PASSIVE,347001,314.3916765542031,2.4855119708195867,445.27907653515393,0,0,0,0,209,47,20,15,1000,30
RANDOM,347001,9.515922885349898,0.04378775350201773,19.85737891862392,60,0,0,0,209,47,20,15,1000,30
HIGHEST_SNR,347001,41.89270461258005,0.5842709687311892,44.00861792739109,60,0,0,0,209,47,20,15,1000,30
SHORTEST_PULSE,347001,53.93746079889759,1.3261753644024046,33.90370736094748,60,0,0,0,209,47,20,15,1000,30
METROLOGY_CONDITIONED_EIG,347001,7.309026200267955,0.3037271723018209,16.37813713262339,60,0,0,0,209,47,20,15,1000,30
NO_PASSIVE,347002,474.7736914364443,2.08206263043838,445.27907653515393,0,0,0,0,212,47,20,15,1000,30
RANDOM,347002,10.389416339597249,0.6747372116922985,19.85620739852484,60,0,0,0,212,47,20,15,1000,30
HIGHEST_SNR,347002,29.731047502959182,1.094132755505598,22.498602549412333,60,0,0,0,212,47,20,15,1000,30
SHORTEST_PULSE,347002,8.515374801046052,0.4002140731987105,14.777643428571846,60,0,0,0,212,47,20,15,1000,30
METROLOGY_CONDITIONED_EIG,347002,11.101578952720148,0.30349995919982053,14.108352681768187,60,0,0,0,212,47,20,15,1000,30
NO_PASSIVE,347003,448.74116271428716,2.05319905814063,445.27907653515393,0,0,0,0,176,47,20,15,1000,30
RANDOM,347003,16.774519827506886,0.12731973703768107,25.557752778283394,60,0,0,0,176,47,20,15,1000,30
HIGHEST_SNR,347003,86.10153171686457,1.4612273452793494,45.97687753176821,59,1,0,0,176,47,20,15,1000,30
SHORTEST_PULSE,347003,8.552908314315522,0.8769172111615517,20.023904923998376,59,1,0,0,176,47,20,15,1000,30
METROLOGY_CONDITIONED_EIG,347003,15.467077244170413,0.5783632908991153,21.37428011796589,60,0,0,0,176,47,20,15,1000,30
NO_PASSIVE,347004,203.27013746555104,2.743052813178973,445.27907653515393,0,0,0,0,148,47,20,15,1000,30
RANDOM,347004,29.946264271538393,0.3533380863588043,28.39607145008628,58,2,0,0,148,47,20,15,1000,30
HIGHEST_SNR,347004,36.92393229109168,0.8425451999849405,24.434526737548293,59,1,0,0,148,47,20,15,1000,30
SHORTEST_PULSE,347004,32.42832667821611,0.820077088393264,23.85294471537661,60,0,0,0,148,47,20,15,1000,30
METROLOGY_CONDITIONED_EIG,347004,20.09610470159595,0.4734500285948212,21.607995798967178,59,1,0,0,148,47,20,15,1000,30
NO_PASSIVE,347005,189.06557667273674,2.4346062033818505,445.27907653515393,0,0,0,0,176,47,20,15,1000,30
RANDOM,347005,38.2663387051716,0.8821313149222477,23.92751662726949,51,0,0,0,176,47,20,15,1000,30
HIGHEST_SNR,347005,57.44849286721723,0.46378714010607225,49.17083520420971,48,3,0,0,176,47,20,15,1000,30
SHORTEST_PULSE,347005,37.792020113506204,0.6761210740527377,18.474076782375477,51,0,0,0,176,47,20,15,1000,30
METROLOGY_CONDITIONED_EIG,347005,49.02633403893419,0.749577421314474,19.006381201813024,49,2,0,0,176,47,20,15,1000,30
NO_PASSIVE,347006,515.3434687009639,2.6836640291652714,445.27907653515393,0,0,0,0,125,47,20,15,1000,30
RANDOM,347006,14.15134239950132,0.45161235870420535,32.55299816853643,58,2,0,0,125,47,20,15,1000,30
HIGHEST_SNR,347006,81.80931040415918,0.8336539954793875,94.58724712720272,60,0,0,0,125,47,20,15,1000,30
SHORTEST_PULSE,347006,55.48626160710735,1.1388392245774837,27.838083813480157,59,1,0,0,125,47,20,15,1000,30
METROLOGY_CONDITIONED_EIG,347006,34.855670439730545,0.9735215952460001,25.592866386170098,58,2,0,0,125,47,20,15,1000,30
NO_PASSIVE,347007,145.52555450765178,0.731762197573365,445.27907653515393,0,0,0,0,106,47,20,15,1000,30
RANDOM,347007,23.930716769266283,0.5775178967825414,23.554857032646478,51,0,0,0,106,47,20,15,1000,30
HIGHEST_SNR,347007,36.70036864235107,1.0679628071052953,22.58740392257224,50,1,0,0,106,47,20,15,1000,30
SHORTEST_PULSE,347007,14.741232431965894,0.5942784399938084,19.555186919494453,50,1,0,0,106,47,20,15,1000,30
METROLOGY_CONDITIONED_EIG,347007,10.808212002395544,0.5022807015490645,18.862842117331287,50,1,0,0,106,47,20,15,1000,30
NO_PASSIVE,347008,116.7267848731981,2.7517579045281626,445.27907653515393,0,0,0,0,238,47,20,15,1000,30
RANDOM,347008,16.55832351658658,0.4118206100270759,17.011965155215467,58,2,0,0,238,47,20,15,1000,30
HIGHEST_SNR,347008,11.913080598770732,0.19098226138718669,19.911131612833284,57,3,0,0,238,47,20,15,1000,30
SHORTEST_PULSE,347008,4.608179770699551,0.3651526906363536,13.879371654551479,58,2,0,0,238,47,20,15,1000,30
METROLOGY_CONDITIONED_EIG,347008,7.087807747380198,0.31215869797006246,14.325983548674209,58,2,0,0,238,47,20,15,1000,30
NO_PASSIVE,347009,181.37007853903833,1.824591290041732,445.27907653515393,0,0,0,0,223,47,20,15,1000,30
RANDOM,347009,2.2633083427870164,0.3941991508823374,20.16122307244501,60,0,0,0,223,47,20,15,1000,30
HIGHEST_SNR,347009,38.10763046488099,1.1452151274769442,31.136080624534554,60,0,0,0,223,47,20,15,1000,30
SHORTEST_PULSE,347009,4.532326886334088,0.1369187653618479,15.188730238178577,60,0,0,0,223,47,20,15,1000,30
METROLOGY_CONDITIONED_EIG,347009,13.187522897181687,0.41373295251203873,15.108375396254925,59,1,0,0,223,47,20,15,1000,30
NO_PASSIVE,347010,390.21695996225907,1.644888614517038,445.27907653515393,0,0,0,0,317,47,20,15,1000,30
RANDOM,347010,9.263525376478004,0.3471580857223719,18.234175291327954,59,1,0,0,317,47,20,15,1000,30
HIGHEST_SNR,347010,7.268874113453612,0.30426247617173857,42.26324853664952,60,0,0,0,317,47,20,15,1000,30
SHORTEST_PULSE,347010,9.795449002549589,0.3168366588676123,12.758759406831231,60,0,0,0,317,47,20,15,1000,30
METROLOGY_CONDITIONED_EIG,347010,4.665366310375653,0.12013304304727869,13.468992135625678,60,0,0,0,317,47,20,15,1000,30
NO_PASSIVE,347011,297.89499876343103,1.684730287902667,445.27907653515393,0,0,0,0,311,47,20,15,1000,30
RANDOM,347011,8.536360700147048,0.1290856419483166,14.843095937703135,60,0,0,0,311,47,20,15,1000,30
HIGHEST_SNR,347011,10.288832519749478,1.024747700678875,20.36729341116778,60,0,0,0,311,47,20,15,1000,30
SHORTEST_PULSE,347011,5.117398720839463,0.45751858618858304,13.663835774910343,58,2,0,0,311,47,20,15,1000,30
METROLOGY_CONDITIONED_EIG,347011,6.212293356366913,0.37029501914188717,12.3636214232581,58,2,0,0,311,47,20,15,1000,30
NO_PASSIVE,347012,449.1246797797769,2.3586720715273657,445.27907653515393,0,0,0,0,162,47,20,15,1000,30
RANDOM,347012,21.773799838788523,0.7881747665192818,17.987065367122877,56,3,0,0,162,47,20,15,1000,30
HIGHEST_SNR,347012,27.278917114394766,0.8001766230317295,28.915762044832576,57,2,0,0,162,47,20,15,1000,30
SHORTEST_PULSE,347012,32.487745916922236,0.9733231747020062,19.937105180802135,55,4,0,0,162,47,20,15,1000,30
METROLOGY_CONDITIONED_EIG,347012,25.534380600112183,0.8842036896725117,16.974095000630776,57,2,0,0,162,47,20,15,1000,30
NO_PASSIVE,347013,273.58508027811484,0.8155123118899485,445.27907653515393,0,0,0,0,260,47,20,15,1000,30
RANDOM,347013,15.76242152553938,0.47989506650840585,16.265076277813268,59,1,0,0,260,47,20,15,1000,30
HIGHEST_SNR,347013,6.044919258837834,0.24490588842636565,20.352547668484384,60,0,0,0,260,47,20,15,1000,30
SHORTEST_PULSE,347013,23.55201499500592,0.4247719072269379,14.214449009909803,59,1,0,0,260,47,20,15,1000,30
METROLOGY_CONDITIONED_EIG,347013,6.965462325445831,0.20032151450653196,13.589509802835348,60,0,0,0,260,47,20,15,1000,30
NO_PASSIVE,347014,95.32845188710924,1.4471969522904364,445.27907653515393,0,0,0,0,163,47,20,15,1000,30
RANDOM,347014,18.815655208636013,0.8251931122718332,20.402635218338485,59,1,0,0,163,47,20,15,1000,30
HIGHEST_SNR,347014,37.624350540167505,0.2911586392291117,35.455080199796974,60,0,0,0,163,47,20,15,1000,30
SHORTEST_PULSE,347014,24.39767941715658,0.714439204947166,14.267537775095175,59,1,0,0,163,47,20,15,1000,30
METROLOGY_CONDITIONED_EIG,347014,21.080590458748745,0.5629863022506766,14.451964163200046,59,1,0,0,163,47,20,15,1000,30
NO_PASSIVE,347015,473.0921194492651,1.586653678080575,445.27907653515393,0,0,0,0,264,47,20,15,1000,30
RANDOM,347015,13.852116764751157,0.4338748119613823,19.784294487362715,59,1,0,0,264,47,20,15,1000,30
HIGHEST_SNR,347015,35.19467270232999,1.0214714199065702,37.446060999587154,60,0,0,0,264,47,20,15,1000,30
SHORTEST_PULSE,347015,7.815751535056893,0.008020935139938644,15.442480270628494,60,0,0,0,264,47,20,15,1000,30
METROLOGY_CONDITIONED_EIG,347015,11.047924476775066,0.20604988788929712,15.513073271541423,60,0,0,0,264,47,20,15,1000,30
NO_PASSIVE,347016,419.6597208707138,0.7756497377876052,445.27907653515393,0,0,0,0,221,47,20,15,1000,30
RANDOM,347016,11.06945624692494,0.4866424175478245,21.650038721194516,60,0,0,0,221,47,20,15,1000,30
HIGHEST_SNR,347016,25.928776820990986,1.1545271817286862,22.083474902886778,59,1,0,0,221,47,20,15,1000,30
SHORTEST_PULSE,347016,23.254367660357786,1.0945514339126687,18.677676414479855,60,0,0,0,221,47,20,15,1000,30
METROLOGY_CONDITIONED_EIG,347016,7.602676827216624,0.3130407814346153,17.148917144097773,60,0,0,0,221,47,20,15,1000,30
NO_PASSIVE,347017,576.201936512828,1.066280220974171,445.27907653515393,0,0,0,0,250,47,20,15,1000,30
RANDOM,347017,11.596276824971744,0.43878806285986877,21.241014225564886,59,1,0,0,250,47,20,15,1000,30
HIGHEST_SNR,347017,93.0860593229081,1.6131443336278,41.5587285210321,60,0,0,0,250,47,20,15,1000,30
SHORTEST_PULSE,347017,10.49010145063038,0.33726556032624844,12.81615330619681,60,0,0,0,250,47,20,15,1000,30
METROLOGY_CONDITIONED_EIG,347017,10.87143125241083,0.21942378493913184,12.798893379152931,60,0,0,0,250,47,20,15,1000,30
NO_PASSIVE,347018,339.8140432763029,0.7782079745175489,445.27907653515393,0,0,0,0,338,47,20,15,1000,30
RANDOM,347018,6.0407538084569605,0.28250562151688335,18.92695491297362,60,0,0,0,338,47,20,15,1000,30
HIGHEST_SNR,347018,49.94674742137151,1.4219243078910704,55.76938059816117,60,0,0,0,338,47,20,15,1000,30
SHORTEST_PULSE,347018,51.91830543305109,0.8014065538658974,22.904631903623624,57,3,0,0,338,47,20,15,1000,30
METROLOGY_CONDITIONED_EIG,347018,8.281630643422742,0.08305179770289971,12.7954798635576,59,1,0,0,338,47,20,15,1000,30
NO_PASSIVE,347019,353.12173595367165,0.8263933793154509,445.27907653515393,0,0,0,0,216,47,20,15,1000,30
RANDOM,347019,9.326495936802202,0.5577633839378756,25.749481832782276,58,2,0,0,216,47,20,15,1000,30
HIGHEST_SNR,347019,20.473110678482918,0.4583512895375984,25.35483065839085,59,1,0,0,216,47,20,15,1000,30
SHORTEST_PULSE,347019,12.8368940973374,0.3954350403809188,19.659897647407604,60,0,0,0,216,47,20,15,1000,30
METROLOGY_CONDITIONED_EIG,347019,10.500225671981736,0.29689659096453686,17.469725887262197,59,1,0,0,216,47,20,15,1000,30
NO_PASSIVE,347020,412.15752640458675,0.8382082328753592,445.27907653515393,0,0,0,0,255,47,20,15,1000,30
RANDOM,347020,13.199426257792327,0.3361666218191118,21.083232130916514,59,1,0,0,255,47,20,15,1000,30
HIGHEST_SNR,347020,22.61021320114245,0.7586264425425198,22.084726214282227,60,0,0,0,255,47,20,15,1000,30
SHORTEST_PULSE,347020,3.18699467040069,0.19402997875805467,17.598636557828023,58,2,0,0,255,47,20,15,1000,30
METROLOGY_CONDITIONED_EIG,347020,3.488642240800566,0.17417089233079647,14.606860274468453,60,0,0,0,255,47,20,15,1000,30
NO_PASSIVE,347021,69.9933121940208,1.9799722823578938,445.27907653515393,0,0,0,0,179,47,20,15,1000,30
RANDOM,347021,22.540676770290613,0.5535780402750634,27.355605916279252,58,0,0,0,179,47,20,15,1000,30
HIGHEST_SNR,347021,12.527773138591865,0.5430950125626146,29.822113291204914,56,2,0,0,179,47,20,15,1000,30
SHORTEST_PULSE,347021,34.3767404148323,0.933834236812214,22.049274384626482,58,0,0,0,179,47,20,15,1000,30
METROLOGY_CONDITIONED_EIG,347021,11.989828384361914,0.18842841204434135,18.945644597366844,58,0,0,0,179,47,20,15,1000,30
NO_PASSIVE,347022,478.755162388583,2.641355974865222,445.27907653515393,0,0,0,0,181,47,20,15,1000,30
RANDOM,347022,14.81628582066706,0.2150164269726247,24.41767379637095,59,0,0,0,181,47,20,15,1000,30
HIGHEST_SNR,347022,20.699517354229968,0.7607667443203265,38.54257399647425,58,1,0,0,181,47,20,15,1000,30
SHORTEST_PULSE,347022,8.806281619243599,0.22030838529828647,22.47051280376886,59,0,0,0,181,47,20,15,1000,30
METROLOGY_CONDITIONED_EIG,347022,11.035544640735722,0.6172482588389007,17.498165655094546,59,0,0,0,181,47,20,15,1000,30
NO_PASSIVE,347023,703.3690110975151,1.4278962258572794,445.27907653515393,0,0,0,0,236,47,20,15,1000,30
RANDOM,347023,7.5431605226726495,0.32704464728557997,17.431652360162907,60,0,0,0,236,47,20,15,1000,30
HIGHEST_SNR,347023,5.365920881526782,0.3422621119065115,20.231176245807287,58,2,0,0,236,47,20,15,1000,30
SHORTEST_PULSE,347023,9.841165878909486,0.3774581726339528,19.182604983340138,60,0,0,0,236,47,20,15,1000,30
METROLOGY_CONDITIONED_EIG,347023,5.398087812518366,0.48140535072274093,15.972926663786465,60,0,0,0,236,47,20,15,1000,30
NO_PASSIVE,347024,440.14415590351314,0.7295189722271742,445.27907653515393,0,0,0,0,218,47,20,15,1000,30
RANDOM,347024,15.082294942077075,0.3341505881020929,17.443109638782705,58,0,0,0,218,47,20,15,1000,30
HIGHEST_SNR,347024,17.83180940539852,0.24234899931182352,24.53268617724907,58,0,0,0,218,47,20,15,1000,30
SHORTEST_PULSE,347024,17.10920879508188,0.19017299522452524,15.278688907143366,58,0,0,0,218,47,20,15,1000,30
METROLOGY_CONDITIONED_EIG,347024,20.67526796375334,0.3230910233032888,15.60363101498787,58,0,0,0,218,47,20,15,1000,30
NO_PASSIVE,347025,224.4714057469626,1.7941874091852552,445.27907653515393,0,0,0,0,160,47,20,15,1000,30
RANDOM,347025,19.18497670739581,0.41292695233820303,26.125979502022464,58,0,0,0,160,47,20,15,1000,30
HIGHEST_SNR,347025,17.18223119357073,0.7757459943936812,33.334171571771975,58,0,0,0,160,47,20,15,1000,30
SHORTEST_PULSE,347025,32.05954899068608,0.8715638967948237,23.463888603643476,58,0,0,0,160,47,20,15,1000,30
METROLOGY_CONDITIONED_EIG,347025,11.714289408177782,0.24278551671339,21.809212998003403,58,0,0,0,160,47,20,15,1000,30
NO_PASSIVE,347026,246.7982494041328,1.4236565040830222,445.27907653515393,0,0,0,0,182,47,20,15,1000,30
RANDOM,347026,12.519491312065774,0.20124996912344484,19.368221000329434,59,1,0,0,182,47,20,15,1000,30
HIGHEST_SNR,347026,14.533638580079293,0.553494092237306,25.07330497520119,60,0,0,0,182,47,20,15,1000,30
SHORTEST_PULSE,347026,19.506010282295343,0.2710175348399346,16.469344926681476,60,0,0,0,182,47,20,15,1000,30
METROLOGY_CONDITIONED_EIG,347026,3.406806189595333,0.23296729222145895,17.00175920830381,59,1,0,0,182,47,20,15,1000,30
NO_PASSIVE,347027,426.55535693853966,0.7053534386760044,445.27907653515393,0,0,0,0,178,47,20,15,1000,30
RANDOM,347027,17.005458944053306,0.8299385168530011,24.48950707587608,60,0,0,0,178,47,20,15,1000,30
HIGHEST_SNR,347027,6.20627138132425,0.7625927289275518,35.25096927147076,60,0,0,0,178,47,20,15,1000,30
SHORTEST_PULSE,347027,29.506884808855872,0.7531781311179504,21.10690937104532,60,0,0,0,178,47,20,15,1000,30
METROLOGY_CONDITIONED_EIG,347027,14.581623308798147,0.5761187991879786,20.479902655932115,60,0,0,0,178,47,20,15,1000,30
NO_PASSIVE,347028,165.08951136031683,2.6897081679197257,445.27907653515393,0,0,0,0,112,47,20,15,1000,30
RANDOM,347028,5.485952979930022,0.9569950995207123,23.558198626701213,56,1,0,0,112,47,20,15,1000,30
HIGHEST_SNR,347028,15.360796543565279,0.9868561630428737,27.739140981244912,55,2,0,0,112,47,20,15,1000,30
SHORTEST_PULSE,347028,3.208122914458868,0.23920118824622363,21.503239784863673,57,0,0,0,112,47,20,15,1000,30
METROLOGY_CONDITIONED_EIG,347028,13.625388724835789,0.47825109941508837,21.258477406415654,57,0,0,0,112,47,20,15,1000,30
NO_PASSIVE,347029,563.4636490992402,1.7618654965350748,445.27907653515393,0,0,0,0,132,47,20,15,1000,30
RANDOM,347029,17.019203520385066,0.3959859425787485,21.06081348691592,58,0,0,0,132,47,20,15,1000,30
HIGHEST_SNR,347029,14.15822464034396,0.49656367756537123,20.309606592656454,58,0,0,0,132,47,20,15,1000,30
SHORTEST_PULSE,347029,22.424690108599282,0.7482835349641767,26.253984761801043,58,0,0,0,132,47,20,15,1000,30
METROLOGY_CONDITIONED_EIG,347029,24.777102266093888,0.6367850184704498,19.5456560738393,58,0,0,0,132,47,20,15,1000,30
NO_PASSIVE,348000,408.68399380713015,0.30996080838527373,445.27907653515393,0,0,0,0,227,48,20,15,1000,100
RANDOM,348000,33.645042625522954,1.2026959969690805,28.255172856622337,59,0,0,0,227,48,20,15,1000,100
HIGHEST_SNR,348000,34.62814445941975,1.3386560070525746,41.02569646741599,59,0,0,0,227,48,20,15,1000,100
SHORTEST_PULSE,348000,6.068696093455648,0.09636541142581823,23.32756431397913,59,0,0,0,227,48,20,15,1000,100
METROLOGY_CONDITIONED_EIG,348000,9.597342995065828,0.27521568484625786,22.931756993750223,58,1,0,0,227,48,20,15,1000,100
NO_PASSIVE,348001,636.8457975654978,2.330493949391316,445.27907653515393,0,0,0,0,259,48,20,15,1000,100
RANDOM,348001,4.674603787554549,0.15926813527499029,26.57668846802348,60,0,0,0,259,48,20,15,1000,100
HIGHEST_SNR,348001,10.154748682165945,0.4072580913218122,32.27899941103287,60,0,0,0,259,48,20,15,1000,100
SHORTEST_PULSE,348001,7.423311299871842,0.4621880786342134,21.886701660984293,59,1,0,0,259,48,20,15,1000,100
METROLOGY_CONDITIONED_EIG,348001,1.5735950557878557,0.07770405914422662,19.73328071045293,59,1,0,0,259,48,20,15,1000,100
NO_PASSIVE,348002,407.85153486267825,3.1390591438315867,445.27907653515393,0,0,0,0,220,48,20,15,1000,100
RANDOM,348002,37.16403297106473,1.0421193287554313,27.207478104457557,60,0,0,0,220,48,20,15,1000,100
HIGHEST_SNR,348002,80.28532344790864,0.6056647626423208,56.40559889452845,58,2,0,0,220,48,20,15,1000,100
SHORTEST_PULSE,348002,28.207983816320056,0.2218712703475461,26.59876798627245,59,1,0,0,220,48,20,15,1000,100
METROLOGY_CONDITIONED_EIG,348002,34.081074523874264,0.5215162879649595,27.17537784437577,59,1,0,0,220,48,20,15,1000,100
NO_PASSIVE,348003,210.5129783857802,2.020394276327324,445.27907653515393,0,0,0,0,241,48,20,15,1000,100
RANDOM,348003,11.793687360081385,0.0564313539425408,27.306373733778866,60,0,0,0,241,48,20,15,1000,100
HIGHEST_SNR,348003,116.0935403576201,2.6683333884443394,62.73134223033861,59,1,0,0,241,48,20,15,1000,100
SHORTEST_PULSE,348003,7.656622066434782,0.4064925275191467,24.511316794460683,60,0,0,0,241,48,20,15,1000,100
METROLOGY_CONDITIONED_EIG,348003,14.110873208603,0.4360510177141088,18.890713816659765,60,0,0,0,241,48,20,15,1000,100
NO_PASSIVE,348004,131.30065849632956,1.0795269884167342,445.27907653515393,0,0,0,0,175,48,20,15,1000,100
RANDOM,348004,22.05047034071562,0.729852448145006,39.267159220520846,60,0,0,0,175,48,20,15,1000,100
HIGHEST_SNR,348004,12.893653235068841,0.6104262244889415,48.93990557684225,60,0,0,0,175,48,20,15,1000,100
SHORTEST_PULSE,348004,5.763455348846221,0.4889609048083512,40.077563168305026,60,0,0,0,175,48,20,15,1000,100
METROLOGY_CONDITIONED_EIG,348004,24.46539483601755,0.9616790129236255,36.94768092966223,60,0,0,0,175,48,20,15,1000,100
NO_PASSIVE,348005,561.1021505139755,0.6079982794795914,445.27907653515393,0,0,0,0,197,48,20,15,1000,100
RANDOM,348005,23.252859544158245,0.5136517484548815,33.89919762212238,57,2,0,0,197,48,20,15,1000,100
HIGHEST_SNR,348005,35.20631808360903,0.1793914177841432,44.24239333607547,58,1,0,0,197,48,20,15,1000,100
SHORTEST_PULSE,348005,5.683069100046897,0.6102335101372168,27.87356829312275,57,2,0,0,197,48,20,15,1000,100
METROLOGY_CONDITIONED_EIG,348005,10.145924981117812,1.173938204583151,27.349922594307944,57,2,0,0,197,48,20,15,1000,100
NO_PASSIVE,348006,253.44425824677543,4.114325033670308,445.27907653515393,0,0,0,0,221,48,20,15,1000,100
RANDOM,348006,64.31570661145552,1.7256277903937325,32.301138131000144,59,1,0,0,221,48,20,15,1000,100
HIGHEST_SNR,348006,78.84198062717154,1.9373309058441186,49.61550199540036,60,0,0,0,221,48,20,15,1000,100
SHORTEST_PULSE,348006,19.666348320012617,0.8986962949920357,23.369769696691858,58,2,0,0,221,48,20,15,1000,100
METROLOGY_CONDITIONED_EIG,348006,23.667712987460344,0.9859006557377817,23.14775754361722,59,1,0,0,221,48,20,15,1000,100
NO_PASSIVE,348007,337.6833335357125,3.2155541061201913,445.27907653515393,0,0,0,0,147,48,20,15,1000,100
RANDOM,348007,32.06249950421285,0.6701166760578521,27.205797479621754,59,1,0,0,147,48,20,15,1000,100
HIGHEST_SNR,348007,49.010963118946876,1.7816298644410666,38.80215632700036,58,2,0,0,147,48,20,15,1000,100
SHORTEST_PULSE,348007,22.982108006353705,0.383287222969778,23.97720480726971,59,1,0,0,147,48,20,15,1000,100
METROLOGY_CONDITIONED_EIG,348007,16.15487192070553,0.37731549931520164,24.285660672188452,58,2,0,0,147,48,20,15,1000,100
NO_PASSIVE,348008,346.01438393178,0.7648466477240083,445.27907653515393,0,0,0,0,247,48,20,15,1000,100
RANDOM,348008,15.991876690340952,0.3415007164483363,26.291520723562204,60,0,0,0,247,48,20,15,1000,100
HIGHEST_SNR,348008,38.409378143328986,1.0548019825544583,42.67066828130828,59,1,0,0,247,48,20,15,1000,100
SHORTEST_PULSE,348008,12.776561735916856,0.2354841466707607,17.80678426626934,60,0,0,0,247,48,20,15,1000,100
METROLOGY_CONDITIONED_EIG,348008,14.882067385192467,0.3394797422828783,17.881616728163763,60,0,0,0,247,48,20,15,1000,100
NO_PASSIVE,348009,404.46335606210044,2.056506717248705,445.27907653515393,0,0,0,0,203,48,20,15,1000,100
RANDOM,348009,18.33785581318752,0.1886030710439808,39.08239751047189,60,0,0,0,203,48,20,15,1000,100
HIGHEST_SNR,348009,76.93806616211728,1.371316555198065,52.55209468609765,60,0,0,0,203,48,20,15,1000,100
SHORTEST_PULSE,348009,24.9450663205721,0.2408404719771555,34.81933420894553,60,0,0,0,203,48,20,15,1000,100
METROLOGY_CONDITIONED_EIG,348009,21.217346394336992,0.33798894220063563,33.57141755842014,58,2,0,0,203,48,20,15,1000,100
NO_PASSIVE,348010,658.855708880451,2.584050833277406,445.27907653515393,0,0,0,0,273,48,20,15,1000,100
RANDOM,348010,24.39418249140401,1.286291108665953,31.50994597452097,58,2,0,0,273,48,20,15,1000,100
HIGHEST_SNR,348010,39.92262440697528,1.175601518247957,49.830106175380344,59,1,0,0,273,48,20,15,1000,100
SHORTEST_PULSE,348010,20.169036198902745,0.6873817751904078,24.809810541721433,59,1,0,0,273,48,20,15,1000,100
METROLOGY_CONDITIONED_EIG,348010,21.82652085938213,0.2688732957450436,22.002401354257795,60,0,0,0,273,48,20,15,1000,100
NO_PASSIVE,348011,357.5290710343352,1.497528259758557,445.27907653515393,0,0,0,0,333,48,20,15,1000,100
RANDOM,348011,15.746215615975268,0.21725656400334795,25.471711425938892,60,0,0,0,333,48,20,15,1000,100
HIGHEST_SNR,348011,92.75246796693838,0.7244377599761669,63.33596066213624,60,0,0,0,333,48,20,15,1000,100
SHORTEST_PULSE,348011,4.461151159987802,0.3351661974724626,22.03324290730447,59,1,0,0,333,48,20,15,1000,100
METROLOGY_CONDITIONED_EIG,348011,9.840565792745332,0.1581283824295629,18.289433801805497,60,0,0,0,333,48,20,15,1000,100
NO_PASSIVE,348012,583.5418179736822,0.8470283493307718,445.27907653515393,0,0,0,0,224,48,20,15,1000,100
RANDOM,348012,6.853083910397716,0.3546114903892119,20.38556008012015,60,0,0,0,224,48,20,15,1000,100
HIGHEST_SNR,348012,19.426955619390544,0.9756593286776019,55.92566124994505,59,1,0,0,224,48,20,15,1000,100
SHORTEST_PULSE,348012,10.715799400780176,0.3762321184817556,16.66821035740264,60,0,0,0,224,48,20,15,1000,100
METROLOGY_CONDITIONED_EIG,348012,5.1543692259889555,0.3728911562712869,15.586261465969752,60,0,0,0,224,48,20,15,1000,100
NO_PASSIVE,348013,416.50944101284324,1.671319752472414,445.27907653515393,0,0,0,0,218,48,20,15,1000,100
RANDOM,348013,25.329166213084466,0.8123276042474772,32.636106929471794,59,0,0,0,218,48,20,15,1000,100
HIGHEST_SNR,348013,31.063730722946772,1.3552878866711378,31.5328986152473,58,1,0,0,218,48,20,15,1000,100
SHORTEST_PULSE,348013,16.60908542441431,0.1471898987077017,26.243155229347078,58,1,0,0,218,48,20,15,1000,100
METROLOGY_CONDITIONED_EIG,348013,13.698008624102322,0.8633460791230632,26.778224462909204,59,0,0,0,218,48,20,15,1000,100
NO_PASSIVE,348014,689.3856936774284,2.267403937606518,445.27907653515393,0,0,0,0,101,48,20,15,1000,100
RANDOM,348014,32.388632768491,0.9515190349125114,41.336474555578604,48,0,0,0,101,48,20,15,1000,100
HIGHEST_SNR,348014,16.650384559656306,0.935015180212034,45.27339388714337,46,2,0,0,101,48,20,15,1000,100
SHORTEST_PULSE,348014,24.672701041541767,0.7030689193679444,41.28455100003184,47,1,0,0,101,48,20,15,1000,100
METROLOGY_CONDITIONED_EIG,348014,39.02518902098972,1.113283166715718,40.42880771297729,47,1,0,0,101,48,20,15,1000,100
NO_PASSIVE,348015,755.885520110523,2.6788187869203504,445.27907653515393,0,0,0,0,168,48,20,15,1000,100
RANDOM,348015,44.99392878320878,1.3214259742801853,36.81512564328496,59,1,0,0,168,48,20,15,1000,100
HIGHEST_SNR,348015,38.9482467525167,0.723982590970438,38.77589676633657,60,0,0,0,168,48,20,15,1000,100
SHORTEST_PULSE,348015,53.969728048011895,1.3322005044820586,26.05331623406785,58,2,0,0,168,48,20,15,1000,100
METROLOGY_CONDITIONED_EIG,348015,38.905806911928856,1.1355300783449878,25.524533688342917,59,1,0,0,168,48,20,15,1000,100
NO_PASSIVE,348016,738.5180339312856,3.2917045681887576,445.27907653515393,0,0,0,0,133,48,20,15,1000,100
RANDOM,348016,29.34959392990581,0.4316080666745681,42.51084280342466,50,0,0,0,133,48,20,15,1000,100
HIGHEST_SNR,348016,46.21051977862498,0.5284512512583117,39.238261878090974,50,0,0,0,133,48,20,15,1000,100
SHORTEST_PULSE,348016,27.94590612575767,0.22146302148917865,36.38104912189478,49,1,0,0,133,48,20,15,1000,100
METROLOGY_CONDITIONED_EIG,348016,19.530334494315856,0.43647108655202405,34.5940682939963,49,1,0,0,133,48,20,15,1000,100
NO_PASSIVE,348017,423.75149070904456,2.334554824852006,445.27907653515393,0,0,0,0,267,48,20,15,1000,100
RANDOM,348017,22.885757695901454,0.7094841174677616,26.622042519965238,59,1,0,0,267,48,20,15,1000,100
HIGHEST_SNR,348017,74.52066398169575,1.8758835209032754,30.46996450899553,57,3,0,0,267,48,20,15,1000,100
SHORTEST_PULSE,348017,32.09806741325284,0.4853576170689439,20.150403489372927,60,0,0,0,267,48,20,15,1000,100
METROLOGY_CONDITIONED_EIG,348017,19.862704643267367,0.45402508291164945,18.838468536705303,59,1,0,0,267,48,20,15,1000,100
NO_PASSIVE,348018,234.8308516857047,0.27163765206933055,445.27907653515393,0,0,0,0,187,48,20,15,1000,100
RANDOM,348018,37.02087291586384,0.545024838267001,41.831594757684506,58,0,0,0,187,48,20,15,1000,100
HIGHEST_SNR,348018,57.058046759541575,0.7891252271737078,40.88194797378452,58,0,0,0,187,48,20,15,1000,100
SHORTEST_PULSE,348018,54.718866884392845,1.7444061605091845,36.27374574804205,58,0,0,0,187,48,20,15,1000,100
METROLOGY_CONDITIONED_EIG,348018,56.70913693586609,1.1245460111545484,35.17819643646391,58,0,0,0,187,48,20,15,1000,100
NO_PASSIVE,348019,858.3893035030227,0.9605678366823222,445.27907653515393,0,0,0,0,244,48,20,15,1000,100
RANDOM,348019,15.315596785416645,0.7710377387760835,34.25631388484757,60,0,0,0,244,48,20,15,1000,100
HIGHEST_SNR,348019,12.702165480495436,0.28095655067888986,38.4692705463868,60,0,0,0,244,48,20,15,1000,100
SHORTEST_PULSE,348019,12.564826604189568,0.9437605103766379,29.13261484643386,60,0,0,0,244,48,20,15,1000,100
METROLOGY_CONDITIONED_EIG,348019,18.954298077038924,0.5481575224379389,22.792157477259128,60,0,0,0,244,48,20,15,1000,100
NO_PASSIVE,348020,233.7265486869309,0.966643034251846,445.27907653515393,0,0,0,0,248,48,20,15,1000,100
RANDOM,348020,27.402619005143634,0.8885735373560921,25.472447746314,60,0,0,0,248,48,20,15,1000,100
HIGHEST_SNR,348020,42.63829036181301,1.3308919586551748,36.96262660345825,60,0,0,0,248,48,20,15,1000,100
SHORTEST_PULSE,348020,27.745668776937045,1.4418597301406906,18.384758921165094,60,0,0,0,248,48,20,15,1000,100
METROLOGY_CONDITIONED_EIG,348020,13.956107852061988,0.5599196261870953,18.194385146679334,59,1,0,0,248,48,20,15,1000,100
NO_PASSIVE,348021,457.9422594038021,1.346549668370895,445.27907653515393,0,0,0,0,236,48,20,15,1000,100
RANDOM,348021,26.366391355230625,0.5926424659317737,31.147685648066684,60,0,0,0,236,48,20,15,1000,100
HIGHEST_SNR,348021,52.96402423322646,0.8608908732949883,62.04880441973397,59,1,0,0,236,48,20,15,1000,100
SHORTEST_PULSE,348021,36.11943218791972,0.7690149754190418,28.23436010775104,60,0,0,0,236,48,20,15,1000,100
METROLOGY_CONDITIONED_EIG,348021,25.84920526593568,0.744107560633553,27.839256727834226,60,0,0,0,236,48,20,15,1000,100
NO_PASSIVE,348022,257.7084311616723,0.7161399072891325,445.27907653515393,0,0,0,0,227,48,20,15,1000,100
RANDOM,348022,28.612472406979258,0.9710782810456896,28.273047471968784,58,0,0,0,227,48,20,15,1000,100
HIGHEST_SNR,348022,10.239684145873998,0.4970264842614171,30.08311050776177,57,1,0,0,227,48,20,15,1000,100
SHORTEST_PULSE,348022,55.62458411623328,1.61995577901152,26.451596319910248,58,0,0,0,227,48,20,15,1000,100
METROLOGY_CONDITIONED_EIG,348022,27.99412323503155,0.919100715820164,21.62784993300648,58,0,0,0,227,48,20,15,1000,100
NO_PASSIVE,348023,428.3550863182644,3.066712220585575,445.27907653515393,0,0,0,0,303,48,20,15,1000,100
RANDOM,348023,38.29263758957205,0.37383233277308925,29.770093343420335,60,0,0,0,303,48,20,15,1000,100
HIGHEST_SNR,348023,59.67938205961386,2.4627149929180283,40.392229529822366,60,0,0,0,303,48,20,15,1000,100
SHORTEST_PULSE,348023,14.293387773467769,0.7116391914755863,22.889719957758256,59,1,0,0,303,48,20,15,1000,100
METROLOGY_CONDITIONED_EIG,348023,16.750880163767306,0.8197564177317423,20.988255633176205,59,1,0,0,303,48,20,15,1000,100
NO_PASSIVE,348024,510.5619284674702,1.2391766436984575,445.27907653515393,0,0,0,0,219,48,20,15,1000,100
RANDOM,348024,22.219226285833155,1.2354128257835768,34.484613026565796,58,2,0,0,219,48,20,15,1000,100
HIGHEST_SNR,348024,60.732055000089524,1.0093305489837059,64.25069084685347,59,1,0,0,219,48,20,15,1000,100
SHORTEST_PULSE,348024,22.345261590891596,0.5096215977226226,40.610109753299696,60,0,0,0,219,48,20,15,1000,100
METROLOGY_CONDITIONED_EIG,348024,12.937829124458446,1.1003534727158122,26.75417088657325,60,0,0,0,219,48,20,15,1000,100
NO_PASSIVE,348025,540.2405140190963,1.4206562350198428,445.27907653515393,0,0,0,0,224,48,20,15,1000,100
RANDOM,348025,22.176453632378646,0.7611905033243669,27.690866098108124,59,1,0,0,224,48,20,15,1000,100
HIGHEST_SNR,348025,49.14873999073601,0.318035998978535,35.9963508631615,59,1,0,0,224,48,20,15,1000,100
SHORTEST_PULSE,348025,32.074962871475975,0.7110236914203701,23.910851273551405,60,0,0,0,224,48,20,15,1000,100
METROLOGY_CONDITIONED_EIG,348025,7.266631486531227,0.23352502664228345,21.331932010300385,60,0,0,0,224,48,20,15,1000,100
NO_PASSIVE,348026,596.0309039352693,3.269589765707553,445.27907653515393,0,0,0,0,197,48,20,15,1000,100
RANDOM,348026,81.40936867370884,2.5604240021697375,46.658292568182794,59,1,0,0,197,48,20,15,1000,100
HIGHEST_SNR,348026,55.20780527379789,3.505248686979331,74.47362505210198,59,1,0,0,197,48,20,15,1000,100
SHORTEST_PULSE,348026,99.01981393887966,2.4646269176733737,42.20383735643572,57,3,0,0,197,48,20,15,1000,100
METROLOGY_CONDITIONED_EIG,348026,28.521157315081823,1.547931231467955,39.03887606817741,56,4,0,0,197,48,20,15,1000,100
NO_PASSIVE,348027,210.11396134621958,1.5675689672917013,445.27907653515393,0,0,0,0,256,48,20,15,1000,100
RANDOM,348027,34.65246345163107,0.21614261993355915,49.53208767413372,57,3,0,0,256,48,20,15,1000,100
HIGHEST_SNR,348027,11.163211315139169,0.7990581227046593,60.5991896269082,59,1,0,0,256,48,20,15,1000,100
SHORTEST_PULSE,348027,29.563163987441126,0.7123053948554133,32.56906503309653,59,1,0,0,256,48,20,15,1000,100
METROLOGY_CONDITIONED_EIG,348027,10.223179676239024,0.6103303577076898,32.45278318631982,58,2,0,0,256,48,20,15,1000,100
NO_PASSIVE,348028,346.2532545242509,4.128878230696979,445.27907653515393,0,0,0,0,221,48,20,15,1000,100
RANDOM,348028,9.266000037339042,0.21793977716651639,28.49604686611331,58,2,0,0,221,48,20,15,1000,100
HIGHEST_SNR,348028,27.32499424168472,0.2544930035964556,46.296686831616256,60,0,0,0,221,48,20,15,1000,100
SHORTEST_PULSE,348028,35.80378863461974,0.8215421964065543,25.65880945862219,59,1,0,0,221,48,20,15,1000,100
METROLOGY_CONDITIONED_EIG,348028,9.725300286058772,0.4048075906433448,24.360207674958765,60,0,0,0,221,48,20,15,1000,100
NO_PASSIVE,348029,381.5226329081956,1.0625868663125446,445.27907653515393,0,0,0,0,219,48,20,15,1000,100
RANDOM,348029,17.0268500734401,0.5955561468751377,26.175018489468822,57,1,0,0,219,48,20,15,1000,100
HIGHEST_SNR,348029,29.099964624386143,0.32276368478894635,30.779598234791024,57,1,0,0,219,48,20,15,1000,100
SHORTEST_PULSE,348029,2.416571437875937,0.18166018283901686,20.717244226208685,58,0,0,0,219,48,20,15,1000,100
METROLOGY_CONDITIONED_EIG,348029,7.2048635967169625,0.17111668649963252,20.015954188591166,57,1,0,0,219,48,20,15,1000,100
NO_PASSIVE,349000,341.7244559536555,1.7862180355157318,445.27907653515393,0,0,0,0,0,49,20,25,10,30
RANDOM,349000,341.7244559536555,1.7862180355157318,445.27907653515393,0,0,0,0,0,49,20,25,10,30
HIGHEST_SNR,349000,341.7244559536555,1.7862180355157318,445.27907653515393,0,0,0,0,0,49,20,25,10,30
SHORTEST_PULSE,349000,341.7244559536555,1.7862180355157318,445.27907653515393,0,0,0,0,0,49,20,25,10,30
METROLOGY_CONDITIONED_EIG,349000,341.7244559536555,1.7862180355157318,445.27907653515393,0,0,0,0,0,49,20,25,10,30
NO_PASSIVE,349001,497.98362698887365,2.9844963772182966,445.27907653515393,0,0,0,0,2,49,20,25,10,30
RANDOM,349001,377.8043341748744,2.589568233220375,320.4397158818229,2,0,0,0,2,49,20,25,10,30
HIGHEST_SNR,349001,377.8043341748744,2.589568233220375,320.4397158818229,2,0,0,0,2,49,20,25,10,30
SHORTEST_PULSE,349001,377.8043341748744,2.589568233220375,320.4397158818229,2,0,0,0,2,49,20,25,10,30
METROLOGY_CONDITIONED_EIG,349001,377.8043341748744,2.589568233220375,320.4397158818229,2,0,0,0,2,49,20,25,10,30
NO_PASSIVE,349002,634.5859527962372,1.6370080245300471,445.27907653515393,0,0,0,0,0,49,20,25,10,30
RANDOM,349002,634.5859527962372,1.6370080245300471,445.27907653515393,0,0,0,0,0,49,20,25,10,30
HIGHEST_SNR,349002,634.5859527962372,1.6370080245300471,445.27907653515393,0,0,0,0,0,49,20,25,10,30
SHORTEST_PULSE,349002,634.5859527962372,1.6370080245300471,445.27907653515393,0,0,0,0,0,49,20,25,10,30
METROLOGY_CONDITIONED_EIG,349002,634.5859527962372,1.6370080245300471,445.27907653515393,0,0,0,0,0,49,20,25,10,30
NO_PASSIVE,349003,582.8479184645569,1.0493212521422612,445.27907653515393,0,0,0,0,0,49,20,25,10,30
RANDOM,349003,582.8479184645569,1.0493212521422612,445.27907653515393,0,0,0,0,0,49,20,25,10,30
HIGHEST_SNR,349003,582.8479184645569,1.0493212521422612,445.27907653515393,0,0,0,0,0,49,20,25,10,30
SHORTEST_PULSE,349003,582.8479184645569,1.0493212521422612,445.27907653515393,0,0,0,0,0,49,20,25,10,30
METROLOGY_CONDITIONED_EIG,349003,582.8479184645569,1.0493212521422612,445.27907653515393,0,0,0,0,0,49,20,25,10,30
NO_PASSIVE,349004,245.05460233250537,1.4716350763341342,445.27907653515393,0,0,0,0,0,49,20,25,10,30
RANDOM,349004,245.05460233250537,1.4716350763341342,445.27907653515393,0,0,0,0,0,49,20,25,10,30
HIGHEST_SNR,349004,245.05460233250537,1.4716350763341342,445.27907653515393,0,0,0,0,0,49,20,25,10,30
SHORTEST_PULSE,349004,245.05460233250537,1.4716350763341342,445.27907653515393,0,0,0,0,0,49,20,25,10,30
METROLOGY_CONDITIONED_EIG,349004,245.05460233250537,1.4716350763341342,445.27907653515393,0,0,0,0,0,49,20,25,10,30
NO_PASSIVE,349005,267.33981325849294,1.2503888474263385,445.27907653515393,0,0,0,0,0,49,20,25,10,30
RANDOM,349005,267.33981325849294,1.2503888474263385,445.27907653515393,0,0,0,0,0,49,20,25,10,30
HIGHEST_SNR,349005,267.33981325849294,1.2503888474263385,445.27907653515393,0,0,0,0,0,49,20,25,10,30
SHORTEST_PULSE,349005,267.33981325849294,1.2503888474263385,445.27907653515393,0,0,0,0,0,49,20,25,10,30
METROLOGY_CONDITIONED_EIG,349005,267.33981325849294,1.2503888474263385,445.27907653515393,0,0,0,0,0,49,20,25,10,30
NO_PASSIVE,349006,157.88694659712766,1.7303038189422173,445.27907653515393,0,0,0,0,0,49,20,25,10,30
RANDOM,349006,157.88694659712766,1.7303038189422173,445.27907653515393,0,0,0,0,0,49,20,25,10,30
HIGHEST_SNR,349006,157.88694659712766,1.7303038189422173,445.27907653515393,0,0,0,0,0,49,20,25,10,30
SHORTEST_PULSE,349006,157.88694659712766,1.7303038189422173,445.27907653515393,0,0,0,0,0,49,20,25,10,30
METROLOGY_CONDITIONED_EIG,349006,157.88694659712766,1.7303038189422173,445.27907653515393,0,0,0,0,0,49,20,25,10,30
NO_PASSIVE,349007,495.3808935261374,1.710052518289371,445.27907653515393,0,0,0,0,0,49,20,25,10,30
RANDOM,349007,495.3808935261374,1.710052518289371,445.27907653515393,0,0,0,0,0,49,20,25,10,30
HIGHEST_SNR,349007,495.3808935261374,1.710052518289371,445.27907653515393,0,0,0,0,0,49,20,25,10,30
SHORTEST_PULSE,349007,495.3808935261374,1.710052518289371,445.27907653515393,0,0,0,0,0,49,20,25,10,30
METROLOGY_CONDITIONED_EIG,349007,495.3808935261374,1.710052518289371,445.27907653515393,0,0,0,0,0,49,20,25,10,30
NO_PASSIVE,349008,459.20562267356723,2.2416662861154872,445.27907653515393,0,0,0,0,0,49,20,25,10,30
RANDOM,349008,459.20562267356723,2.2416662861154872,445.27907653515393,0,0,0,0,0,49,20,25,10,30
HIGHEST_SNR,349008,459.20562267356723,2.2416662861154872,445.27907653515393,0,0,0,0,0,49,20,25,10,30
SHORTEST_PULSE,349008,459.20562267356723,2.2416662861154872,445.27907653515393,0,0,0,0,0,49,20,25,10,30
METROLOGY_CONDITIONED_EIG,349008,459.20562267356723,2.2416662861154872,445.27907653515393,0,0,0,0,0,49,20,25,10,30
NO_PASSIVE,349009,371.2627105820164,1.057342384850305,445.27907653515393,0,0,0,0,0,49,20,25,10,30
RANDOM,349009,371.2627105820164,1.057342384850305,445.27907653515393,0,0,0,0,0,49,20,25,10,30
HIGHEST_SNR,349009,371.2627105820164,1.057342384850305,445.27907653515393,0,0,0,0,0,49,20,25,10,30
SHORTEST_PULSE,349009,371.2627105820164,1.057342384850305,445.27907653515393,0,0,0,0,0,49,20,25,10,30
METROLOGY_CONDITIONED_EIG,349009,371.2627105820164,1.057342384850305,445.27907653515393,0,0,0,0,0,49,20,25,10,30
NO_PASSIVE,349010,287.10603747617506,2.975204160292992,445.27907653515393,0,0,0,0,0,49,20,25,10,30
RANDOM,349010,287.10603747617506,2.975204160292992,445.27907653515393,0,0,0,0,0,49,20,25,10,30
HIGHEST_SNR,349010,287.10603747617506,2.975204160292992,445.27907653515393,0,0,0,0,0,49,20,25,10,30
SHORTEST_PULSE,349010,287.10603747617506,2.975204160292992,445.27907653515393,0,0,0,0,0,49,20,25,10,30
METROLOGY_CONDITIONED_EIG,349010,287.10603747617506,2.975204160292992,445.27907653515393,0,0,0,0,0,49,20,25,10,30
NO_PASSIVE,349011,189.3986579566625,0.9822066598966347,445.27907653515393,0,0,0,0,0,49,20,25,10,30
RANDOM,349011,189.3986579566625,0.9822066598966347,445.27907653515393,0,0,0,0,0,49,20,25,10,30
HIGHEST_SNR,349011,189.3986579566625,0.9822066598966347,445.27907653515393,0,0,0,0,0,49,20,25,10,30
SHORTEST_PULSE,349011,189.3986579566625,0.9822066598966347,445.27907653515393,0,0,0,0,0,49,20,25,10,30
METROLOGY_CONDITIONED_EIG,349011,189.3986579566625,0.9822066598966347,445.27907653515393,0,0,0,0,0,49,20,25,10,30
NO_PASSIVE,349012,237.62776662148002,0.8918529649412696,445.27907653515393,0,0,0,0,2,49,20,25,10,30
RANDOM,349012,111.08196134423868,0.8076326019849152,319.96464268396426,2,0,0,0,2,49,20,25,10,30
HIGHEST_SNR,349012,111.08196134423868,0.8076326019849152,319.96464268396426,2,0,0,0,2,49,20,25,10,30
SHORTEST_PULSE,349012,111.08196134423868,0.8076326019849152,319.96464268396426,2,0,0,0,2,49,20,25,10,30
METROLOGY_CONDITIONED_EIG,349012,111.08196134423868,0.8076326019849152,319.96464268396426,2,0,0,0,2,49,20,25,10,30
NO_PASSIVE,349013,494.6843916904044,0.44574918763399807,445.27907653515393,0,0,0,0,1,49,20,25,10,30
RANDOM,349013,508.6194793434972,0.337521236826203,329.7619112759997,1,0,0,0,1,49,20,25,10,30
HIGHEST_SNR,349013,508.6194793434972,0.337521236826203,329.7619112759997,1,0,0,0,1,49,20,25,10,30
SHORTEST_PULSE,349013,508.6194793434972,0.337521236826203,329.7619112759997,1,0,0,0,1,49,20,25,10,30
METROLOGY_CONDITIONED_EIG,349013,508.6194793434972,0.337521236826203,329.7619112759997,1,0,0,0,1,49,20,25,10,30
NO_PASSIVE,349014,1399.8093967925604,2.9827475322974055,445.27907653515393,0,0,0,0,0,49,20,25,10,30
RANDOM,349014,1399.8093967925604,2.9827475322974055,445.27907653515393,0,0,0,0,0,49,20,25,10,30
HIGHEST_SNR,349014,1399.8093967925604,2.9827475322974055,445.27907653515393,0,0,0,0,0,49,20,25,10,30
SHORTEST_PULSE,349014,1399.8093967925604,2.9827475322974055,445.27907653515393,0,0,0,0,0,49,20,25,10,30
METROLOGY_CONDITIONED_EIG,349014,1399.8093967925604,2.9827475322974055,445.27907653515393,0,0,0,0,0,49,20,25,10,30
NO_PASSIVE,349015,534.1454581421223,0.6713372665803296,445.27907653515393,0,0,0,0,0,49,20,25,10,30
RANDOM,349015,534.1454581421223,0.6713372665803296,445.27907653515393,0,0,0,0,0,49,20,25,10,30
HIGHEST_SNR,349015,534.1454581421223,0.6713372665803296,445.27907653515393,0,0,0,0,0,49,20,25,10,30
SHORTEST_PULSE,349015,534.1454581421223,0.6713372665803296,445.27907653515393,0,0,0,0,0,49,20,25,10,30
METROLOGY_CONDITIONED_EIG,349015,534.1454581421223,0.6713372665803296,445.27907653515393,0,0,0,0,0,49,20,25,10,30
NO_PASSIVE,349016,538.3431629234772,0.279503822453458,445.27907653515393,0,0,0,0,1,49,20,25,10,30
RANDOM,349016,368.83306023842965,0.27789440053178793,329.578252628149,1,0,0,0,1,49,20,25,10,30
HIGHEST_SNR,349016,368.83306023842965,0.27789440053178793,329.578252628149,1,0,0,0,1,49,20,25,10,30
SHORTEST_PULSE,349016,368.83306023842965,0.27789440053178793,329.578252628149,1,0,0,0,1,49,20,25,10,30
METROLOGY_CONDITIONED_EIG,349016,368.83306023842965,0.27789440053178793,329.578252628149,1,0,0,0,1,49,20,25,10,30
NO_PASSIVE,349017,246.7851046555747,0.4289716767152491,445.27907653515393,0,0,0,0,0,49,20,25,10,30
RANDOM,349017,246.7851046555747,0.4289716767152491,445.27907653515393,0,0,0,0,0,49,20,25,10,30
HIGHEST_SNR,349017,246.7851046555747,0.4289716767152491,445.27907653515393,0,0,0,0,0,49,20,25,10,30
SHORTEST_PULSE,349017,246.7851046555747,0.4289716767152491,445.27907653515393,0,0,0,0,0,49,20,25,10,30
METROLOGY_CONDITIONED_EIG,349017,246.7851046555747,0.4289716767152491,445.27907653515393,0,0,0,0,0,49,20,25,10,30
NO_PASSIVE,349018,322.1645537603482,1.736347725601205,445.27907653515393,0,0,0,0,0,49,20,25,10,30
RANDOM,349018,322.1645537603482,1.736347725601205,445.27907653515393,0,0,0,0,0,49,20,25,10,30
HIGHEST_SNR,349018,322.1645537603482,1.736347725601205,445.27907653515393,0,0,0,0,0,49,20,25,10,30
SHORTEST_PULSE,349018,322.1645537603482,1.736347725601205,445.27907653515393,0,0,0,0,0,49,20,25,10,30
METROLOGY_CONDITIONED_EIG,349018,322.1645537603482,1.736347725601205,445.27907653515393,0,0,0,0,0,49,20,25,10,30
NO_PASSIVE,349019,415.17039194161094,2.948848364101419,445.27907653515393,0,0,0,0,0,49,20,25,10,30
RANDOM,349019,415.17039194161094,2.948848364101419,445.27907653515393,0,0,0,0,0,49,20,25,10,30
HIGHEST_SNR,349019,415.17039194161094,2.948848364101419,445.27907653515393,0,0,0,0,0,49,20,25,10,30
SHORTEST_PULSE,349019,415.17039194161094,2.948848364101419,445.27907653515393,0,0,0,0,0,49,20,25,10,30
METROLOGY_CONDITIONED_EIG,349019,415.17039194161094,2.948848364101419,445.27907653515393,0,0,0,0,0,49,20,25,10,30
NO_PASSIVE,349020,593.0596268244052,1.1068822726859333,445.27907653515393,0,0,0,0,0,49,20,25,10,30
RANDOM,349020,593.0596268244052,1.1068822726859333,445.27907653515393,0,0,0,0,0,49,20,25,10,30
HIGHEST_SNR,349020,593.0596268244052,1.1068822726859333,445.27907653515393,0,0,0,0,0,49,20,25,10,30
SHORTEST_PULSE,349020,593.0596268244052,1.1068822726859333,445.27907653515393,0,0,0,0,0,49,20,25,10,30
METROLOGY_CONDITIONED_EIG,349020,593.0596268244052,1.1068822726859333,445.27907653515393,0,0,0,0,0,49,20,25,10,30
NO_PASSIVE,349021,219.64917635788956,1.3679688849873004,445.27907653515393,0,0,0,0,0,49,20,25,10,30
RANDOM,349021,219.64917635788956,1.3679688849873004,445.27907653515393,0,0,0,0,0,49,20,25,10,30
HIGHEST_SNR,349021,219.64917635788956,1.3679688849873004,445.27907653515393,0,0,0,0,0,49,20,25,10,30
SHORTEST_PULSE,349021,219.64917635788956,1.3679688849873004,445.27907653515393,0,0,0,0,0,49,20,25,10,30
METROLOGY_CONDITIONED_EIG,349021,219.64917635788956,1.3679688849873004,445.27907653515393,0,0,0,0,0,49,20,25,10,30
NO_PASSIVE,349022,135.16247697470394,1.383274782574977,445.27907653515393,0,0,0,0,0,49,20,25,10,30
RANDOM,349022,135.16247697470394,1.383274782574977,445.27907653515393,0,0,0,0,0,49,20,25,10,30
HIGHEST_SNR,349022,135.16247697470394,1.383274782574977,445.27907653515393,0,0,0,0,0,49,20,25,10,30
SHORTEST_PULSE,349022,135.16247697470394,1.383274782574977,445.27907653515393,0,0,0,0,0,49,20,25,10,30
METROLOGY_CONDITIONED_EIG,349022,135.16247697470394,1.383274782574977,445.27907653515393,0,0,0,0,0,49,20,25,10,30
NO_PASSIVE,349023,235.49695340669155,2.188208046695436,445.27907653515393,0,0,0,0,0,49,20,25,10,30
RANDOM,349023,235.49695340669155,2.188208046695436,445.27907653515393,0,0,0,0,0,49,20,25,10,30
HIGHEST_SNR,349023,235.49695340669155,2.188208046695436,445.27907653515393,0,0,0,0,0,49,20,25,10,30
SHORTEST_PULSE,349023,235.49695340669155,2.188208046695436,445.27907653515393,0,0,0,0,0,49,20,25,10,30
METROLOGY_CONDITIONED_EIG,349023,235.49695340669155,2.188208046695436,445.27907653515393,0,0,0,0,0,49,20,25,10,30
NO_PASSIVE,349024,960.5097640855314,2.422686735148784,445.27907653515393,0,0,0,0,0,49,20,25,10,30
RANDOM,349024,960.5097640855314,2.422686735148784,445.27907653515393,0,0,0,0,0,49,20,25,10,30
HIGHEST_SNR,349024,960.5097640855314,2.422686735148784,445.27907653515393,0,0,0,0,0,49,20,25,10,30
SHORTEST_PULSE,349024,960.5097640855314,2.422686735148784,445.27907653515393,0,0,0,0,0,49,20,25,10,30
METROLOGY_CONDITIONED_EIG,349024,960.5097640855314,2.422686735148784,445.27907653515393,0,0,0,0,0,49,20,25,10,30
NO_PASSIVE,349025,458.67901770690116,0.4718568457361215,445.27907653515393,0,0,0,0,0,49,20,25,10,30
RANDOM,349025,458.67901770690116,0.4718568457361215,445.27907653515393,0,0,0,0,0,49,20,25,10,30
HIGHEST_SNR,349025,458.67901770690116,0.4718568457361215,445.27907653515393,0,0,0,0,0,49,20,25,10,30
SHORTEST_PULSE,349025,458.67901770690116,0.4718568457361215,445.27907653515393,0,0,0,0,0,49,20,25,10,30
METROLOGY_CONDITIONED_EIG,349025,458.67901770690116,0.4718568457361215,445.27907653515393,0,0,0,0,0,49,20,25,10,30
NO_PASSIVE,349026,248.18734087461007,2.3426071835284827,445.27907653515393,0,0,0,0,0,49,20,25,10,30
RANDOM,349026,248.18734087461007,2.3426071835284827,445.27907653515393,0,0,0,0,0,49,20,25,10,30
HIGHEST_SNR,349026,248.18734087461007,2.3426071835284827,445.27907653515393,0,0,0,0,0,49,20,25,10,30
SHORTEST_PULSE,349026,248.18734087461007,2.3426071835284827,445.27907653515393,0,0,0,0,0,49,20,25,10,30
METROLOGY_CONDITIONED_EIG,349026,248.18734087461007,2.3426071835284827,445.27907653515393,0,0,0,0,0,49,20,25,10,30
NO_PASSIVE,349027,382.96293434141415,1.661388846158087,445.27907653515393,0,0,0,0,0,49,20,25,10,30
RANDOM,349027,382.96293434141415,1.661388846158087,445.27907653515393,0,0,0,0,0,49,20,25,10,30
HIGHEST_SNR,349027,382.96293434141415,1.661388846158087,445.27907653515393,0,0,0,0,0,49,20,25,10,30
SHORTEST_PULSE,349027,382.96293434141415,1.661388846158087,445.27907653515393,0,0,0,0,0,49,20,25,10,30
METROLOGY_CONDITIONED_EIG,349027,382.96293434141415,1.661388846158087,445.27907653515393,0,0,0,0,0,49,20,25,10,30
NO_PASSIVE,349028,225.78005160361002,0.5309843068932056,445.27907653515393,0,0,0,0,1,49,20,25,10,30
RANDOM,349028,53.21996405296536,0.5476894737123358,348.6357938574207,1,0,0,0,1,49,20,25,10,30
HIGHEST_SNR,349028,53.21996405296536,0.5476894737123358,348.6357938574207,1,0,0,0,1,49,20,25,10,30
SHORTEST_PULSE,349028,53.21996405296536,0.5476894737123358,348.6357938574207,1,0,0,0,1,49,20,25,10,30
METROLOGY_CONDITIONED_EIG,349028,53.21996405296536,0.5476894737123358,348.6357938574207,1,0,0,0,1,49,20,25,10,30
NO_PASSIVE,349029,533.074269495668,1.1784660117403112,445.27907653515393,0,0,0,0,0,49,20,25,10,30
RANDOM,349029,533.074269495668,1.1784660117403112,445.27907653515393,0,0,0,0,0,49,20,25,10,30
HIGHEST_SNR,349029,533.074269495668,1.1784660117403112,445.27907653515393,0,0,0,0,0,49,20,25,10,30
SHORTEST_PULSE,349029,533.074269495668,1.1784660117403112,445.27907653515393,0,0,0,0,0,49,20,25,10,30
METROLOGY_CONDITIONED_EIG,349029,533.074269495668,1.1784660117403112,445.27907653515393,0,0,0,0,0,49,20,25,10,30
NO_PASSIVE,350000,353.2392942016496,2.5697230903164,445.27907653515393,0,0,0,0,0,50,20,25,10,100
RANDOM,350000,353.2392942016496,2.5697230903164,445.27907653515393,0,0,0,0,0,50,20,25,10,100
HIGHEST_SNR,350000,353.2392942016496,2.5697230903164,445.27907653515393,0,0,0,0,0,50,20,25,10,100
SHORTEST_PULSE,350000,353.2392942016496,2.5697230903164,445.27907653515393,0,0,0,0,0,50,20,25,10,100
METROLOGY_CONDITIONED_EIG,350000,353.2392942016496,2.5697230903164,445.27907653515393,0,0,0,0,0,50,20,25,10,100
NO_PASSIVE,350001,141.85834039206708,0.8845248901757934,445.27907653515393,0,0,0,0,0,50,20,25,10,100
RANDOM,350001,141.85834039206708,0.8845248901757934,445.27907653515393,0,0,0,0,0,50,20,25,10,100
HIGHEST_SNR,350001,141.85834039206708,0.8845248901757934,445.27907653515393,0,0,0,0,0,50,20,25,10,100
SHORTEST_PULSE,350001,141.85834039206708,0.8845248901757934,445.27907653515393,0,0,0,0,0,50,20,25,10,100
METROLOGY_CONDITIONED_EIG,350001,141.85834039206708,0.8845248901757934,445.27907653515393,0,0,0,0,0,50,20,25,10,100
NO_PASSIVE,350002,384.86087603117164,1.079192101366985,445.27907653515393,0,0,0,0,0,50,20,25,10,100
RANDOM,350002,384.86087603117164,1.079192101366985,445.27907653515393,0,0,0,0,0,50,20,25,10,100
HIGHEST_SNR,350002,384.86087603117164,1.079192101366985,445.27907653515393,0,0,0,0,0,50,20,25,10,100
SHORTEST_PULSE,350002,384.86087603117164,1.079192101366985,445.27907653515393,0,0,0,0,0,50,20,25,10,100
METROLOGY_CONDITIONED_EIG,350002,384.86087603117164,1.079192101366985,445.27907653515393,0,0,0,0,0,50,20,25,10,100
NO_PASSIVE,350003,441.91763185171317,2.538027006235236,445.27907653515393,0,0,0,0,0,50,20,25,10,100
RANDOM,350003,441.91763185171317,2.538027006235236,445.27907653515393,0,0,0,0,0,50,20,25,10,100
HIGHEST_SNR,350003,441.91763185171317,2.538027006235236,445.27907653515393,0,0,0,0,0,50,20,25,10,100
SHORTEST_PULSE,350003,441.91763185171317,2.538027006235236,445.27907653515393,0,0,0,0,0,50,20,25,10,100
METROLOGY_CONDITIONED_EIG,350003,441.91763185171317,2.538027006235236,445.27907653515393,0,0,0,0,0,50,20,25,10,100
NO_PASSIVE,350004,259.6285592305903,1.3977674530893327,445.27907653515393,0,0,0,0,0,50,20,25,10,100
RANDOM,350004,259.6285592305903,1.3977674530893327,445.27907653515393,0,0,0,0,0,50,20,25,10,100
HIGHEST_SNR,350004,259.6285592305903,1.3977674530893327,445.27907653515393,0,0,0,0,0,50,20,25,10,100
SHORTEST_PULSE,350004,259.6285592305903,1.3977674530893327,445.27907653515393,0,0,0,0,0,50,20,25,10,100
METROLOGY_CONDITIONED_EIG,350004,259.6285592305903,1.3977674530893327,445.27907653515393,0,0,0,0,0,50,20,25,10,100
NO_PASSIVE,350005,239.6009060193835,1.051648284525295,445.27907653515393,0,0,0,0,0,50,20,25,10,100
RANDOM,350005,239.6009060193835,1.051648284525295,445.27907653515393,0,0,0,0,0,50,20,25,10,100
HIGHEST_SNR,350005,239.6009060193835,1.051648284525295,445.27907653515393,0,0,0,0,0,50,20,25,10,100
SHORTEST_PULSE,350005,239.6009060193835,1.051648284525295,445.27907653515393,0,0,0,0,0,50,20,25,10,100
METROLOGY_CONDITIONED_EIG,350005,239.6009060193835,1.051648284525295,445.27907653515393,0,0,0,0,0,50,20,25,10,100
NO_PASSIVE,350006,259.5142271097218,4.16059973631803,445.27907653515393,0,0,0,0,0,50,20,25,10,100
RANDOM,350006,259.5142271097218,4.16059973631803,445.27907653515393,0,0,0,0,0,50,20,25,10,100
HIGHEST_SNR,350006,259.5142271097218,4.16059973631803,445.27907653515393,0,0,0,0,0,50,20,25,10,100
SHORTEST_PULSE,350006,259.5142271097218,4.16059973631803,445.27907653515393,0,0,0,0,0,50,20,25,10,100
METROLOGY_CONDITIONED_EIG,350006,259.5142271097218,4.16059973631803,445.27907653515393,0,0,0,0,0,50,20,25,10,100
NO_PASSIVE,350007,292.11770325528266,1.7206839013482056,445.27907653515393,0,0,0,0,0,50,20,25,10,100
RANDOM,350007,292.11770325528266,1.7206839013482056,445.27907653515393,0,0,0,0,0,50,20,25,10,100
HIGHEST_SNR,350007,292.11770325528266,1.7206839013482056,445.27907653515393,0,0,0,0,0,50,20,25,10,100
SHORTEST_PULSE,350007,292.11770325528266,1.7206839013482056,445.27907653515393,0,0,0,0,0,50,20,25,10,100
METROLOGY_CONDITIONED_EIG,350007,292.11770325528266,1.7206839013482056,445.27907653515393,0,0,0,0,0,50,20,25,10,100
NO_PASSIVE,350008,442.1542830786261,1.7560538553889364,445.27907653515393,0,0,0,0,0,50,20,25,10,100
RANDOM,350008,442.1542830786261,1.7560538553889364,445.27907653515393,0,0,0,0,0,50,20,25,10,100
HIGHEST_SNR,350008,442.1542830786261,1.7560538553889364,445.27907653515393,0,0,0,0,0,50,20,25,10,100
SHORTEST_PULSE,350008,442.1542830786261,1.7560538553889364,445.27907653515393,0,0,0,0,0,50,20,25,10,100
METROLOGY_CONDITIONED_EIG,350008,442.1542830786261,1.7560538553889364,445.27907653515393,0,0,0,0,0,50,20,25,10,100
NO_PASSIVE,350009,811.379264291183,3.0826612008143472,445.27907653515393,0,0,0,0,0,50,20,25,10,100
RANDOM,350009,811.379264291183,3.0826612008143472,445.27907653515393,0,0,0,0,0,50,20,25,10,100
HIGHEST_SNR,350009,811.379264291183,3.0826612008143472,445.27907653515393,0,0,0,0,0,50,20,25,10,100
SHORTEST_PULSE,350009,811.379264291183,3.0826612008143472,445.27907653515393,0,0,0,0,0,50,20,25,10,100
METROLOGY_CONDITIONED_EIG,350009,811.379264291183,3.0826612008143472,445.27907653515393,0,0,0,0,0,50,20,25,10,100
NO_PASSIVE,350010,339.3214499333591,2.087900787812418,445.27907653515393,0,0,0,0,0,50,20,25,10,100
RANDOM,350010,339.3214499333591,2.087900787812418,445.27907653515393,0,0,0,0,0,50,20,25,10,100
HIGHEST_SNR,350010,339.3214499333591,2.087900787812418,445.27907653515393,0,0,0,0,0,50,20,25,10,100
SHORTEST_PULSE,350010,339.3214499333591,2.087900787812418,445.27907653515393,0,0,0,0,0,50,20,25,10,100
METROLOGY_CONDITIONED_EIG,350010,339.3214499333591,2.087900787812418,445.27907653515393,0,0,0,0,0,50,20,25,10,100
NO_PASSIVE,350011,439.53607177691555,2.597826040970422,445.27907653515393,0,0,0,0,1,50,20,25,10,100
RANDOM,350011,215.00567640310388,2.3706491682048676,334.3872728152227,1,0,0,0,1,50,20,25,10,100
HIGHEST_SNR,350011,215.00567640310388,2.3706491682048676,334.3872728152227,1,0,0,0,1,50,20,25,10,100
SHORTEST_PULSE,350011,215.00567640310388,2.3706491682048676,334.3872728152227,1,0,0,0,1,50,20,25,10,100
METROLOGY_CONDITIONED_EIG,350011,215.00567640310388,2.3706491682048676,334.3872728152227,1,0,0,0,1,50,20,25,10,100
NO_PASSIVE,350012,480.7861126975337,3.25703064753612,445.27907653515393,0,0,0,0,0,50,20,25,10,100
RANDOM,350012,480.7861126975337,3.25703064753612,445.27907653515393,0,0,0,0,0,50,20,25,10,100
HIGHEST_SNR,350012,480.7861126975337,3.25703064753612,445.27907653515393,0,0,0,0,0,50,20,25,10,100
SHORTEST_PULSE,350012,480.7861126975337,3.25703064753612,445.27907653515393,0,0,0,0,0,50,20,25,10,100
METROLOGY_CONDITIONED_EIG,350012,480.7861126975337,3.25703064753612,445.27907653515393,0,0,0,0,0,50,20,25,10,100
NO_PASSIVE,350013,67.14678390203686,1.2454534030975777,445.27907653515393,0,0,0,0,0,50,20,25,10,100
RANDOM,350013,67.14678390203686,1.2454534030975777,445.27907653515393,0,0,0,0,0,50,20,25,10,100
HIGHEST_SNR,350013,67.14678390203686,1.2454534030975777,445.27907653515393,0,0,0,0,0,50,20,25,10,100
SHORTEST_PULSE,350013,67.14678390203686,1.2454534030975777,445.27907653515393,0,0,0,0,0,50,20,25,10,100
METROLOGY_CONDITIONED_EIG,350013,67.14678390203686,1.2454534030975777,445.27907653515393,0,0,0,0,0,50,20,25,10,100
NO_PASSIVE,350014,626.473901635779,0.651676569754249,445.27907653515393,0,0,0,0,2,50,20,25,10,100
RANDOM,350014,112.38622954961515,0.6438004495437749,323.4121231327631,2,0,0,0,2,50,20,25,10,100
HIGHEST_SNR,350014,112.38622954961515,0.6438004495437749,323.4121231327631,2,0,0,0,2,50,20,25,10,100
SHORTEST_PULSE,350014,112.38622954961515,0.6438004495437749,323.4121231327631,2,0,0,0,2,50,20,25,10,100
METROLOGY_CONDITIONED_EIG,350014,112.38622954961515,0.6438004495437749,323.4121231327631,2,0,0,0,2,50,20,25,10,100
NO_PASSIVE,350015,60.19044068087126,1.1073552323322364,445.27907653515393,0,0,0,0,0,50,20,25,10,100
RANDOM,350015,60.19044068087126,1.1073552323322364,445.27907653515393,0,0,0,0,0,50,20,25,10,100
HIGHEST_SNR,350015,60.19044068087126,1.1073552323322364,445.27907653515393,0,0,0,0,0,50,20,25,10,100
SHORTEST_PULSE,350015,60.19044068087126,1.1073552323322364,445.27907653515393,0,0,0,0,0,50,20,25,10,100
METROLOGY_CONDITIONED_EIG,350015,60.19044068087126,1.1073552323322364,445.27907653515393,0,0,0,0,0,50,20,25,10,100
NO_PASSIVE,350016,566.8949961187893,0.6562148265803681,445.27907653515393,0,0,0,0,0,50,20,25,10,100
RANDOM,350016,566.8949961187893,0.6562148265803681,445.27907653515393,0,0,0,0,0,50,20,25,10,100
HIGHEST_SNR,350016,566.8949961187893,0.6562148265803681,445.27907653515393,0,0,0,0,0,50,20,25,10,100
SHORTEST_PULSE,350016,566.8949961187893,0.6562148265803681,445.27907653515393,0,0,0,0,0,50,20,25,10,100
METROLOGY_CONDITIONED_EIG,350016,566.8949961187893,0.6562148265803681,445.27907653515393,0,0,0,0,0,50,20,25,10,100
NO_PASSIVE,350017,655.5603819472244,1.1920501559670238,445.27907653515393,0,0,0,0,0,50,20,25,10,100
RANDOM,350017,655.5603819472244,1.1920501559670238,445.27907653515393,0,0,0,0,0,50,20,25,10,100
HIGHEST_SNR,350017,655.5603819472244,1.1920501559670238,445.27907653515393,0,0,0,0,0,50,20,25,10,100
SHORTEST_PULSE,350017,655.5603819472244,1.1920501559670238,445.27907653515393,0,0,0,0,0,50,20,25,10,100
METROLOGY_CONDITIONED_EIG,350017,655.5603819472244,1.1920501559670238,445.27907653515393,0,0,0,0,0,50,20,25,10,100
NO_PASSIVE,350018,104.71947224417421,1.4231202235768194,445.27907653515393,0,0,0,0,0,50,20,25,10,100
RANDOM,350018,104.71947224417421,1.4231202235768194,445.27907653515393,0,0,0,0,0,50,20,25,10,100
HIGHEST_SNR,350018,104.71947224417421,1.4231202235768194,445.27907653515393,0,0,0,0,0,50,20,25,10,100
SHORTEST_PULSE,350018,104.71947224417421,1.4231202235768194,445.27907653515393,0,0,0,0,0,50,20,25,10,100
METROLOGY_CONDITIONED_EIG,350018,104.71947224417421,1.4231202235768194,445.27907653515393,0,0,0,0,0,50,20,25,10,100
NO_PASSIVE,350019,361.8377295020478,1.9429229430685968,445.27907653515393,0,0,0,0,16,50,20,25,10,100
RANDOM,350019,65.51561985187331,2.3159154732975917,241.21433379829156,16,0,0,0,16,50,20,25,10,100
HIGHEST_SNR,350019,65.51561985187331,2.3159154732975917,241.21433379829156,16,0,0,0,16,50,20,25,10,100
SHORTEST_PULSE,350019,65.51561985187331,2.3159154732975917,241.21433379829156,16,0,0,0,16,50,20,25,10,100
METROLOGY_CONDITIONED_EIG,350019,65.51561985187331,2.3159154732975917,241.21433379829156,16,0,0,0,16,50,20,25,10,100
NO_PASSIVE,350020,342.517529237845,0.14366498834602798,445.27907653515393,0,0,0,0,0,50,20,25,10,100
RANDOM,350020,342.517529237845,0.14366498834602798,445.27907653515393,0,0,0,0,0,50,20,25,10,100
HIGHEST_SNR,350020,342.517529237845,0.14366498834602798,445.27907653515393,0,0,0,0,0,50,20,25,10,100
SHORTEST_PULSE,350020,342.517529237845,0.14366498834602798,445.27907653515393,0,0,0,0,0,50,20,25,10,100
METROLOGY_CONDITIONED_EIG,350020,342.517529237845,0.14366498834602798,445.27907653515393,0,0,0,0,0,50,20,25,10,100
NO_PASSIVE,350021,495.13312347974636,2.1504535694119125,445.27907653515393,0,0,0,0,0,50,20,25,10,100
RANDOM,350021,495.13312347974636,2.1504535694119125,445.27907653515393,0,0,0,0,0,50,20,25,10,100
HIGHEST_SNR,350021,495.13312347974636,2.1504535694119125,445.27907653515393,0,0,0,0,0,50,20,25,10,100
SHORTEST_PULSE,350021,495.13312347974636,2.1504535694119125,445.27907653515393,0,0,0,0,0,50,20,25,10,100
METROLOGY_CONDITIONED_EIG,350021,495.13312347974636,2.1504535694119125,445.27907653515393,0,0,0,0,0,50,20,25,10,100
NO_PASSIVE,350022,287.5471403330105,0.9664134584171065,445.27907653515393,0,0,0,0,0,50,20,25,10,100
RANDOM,350022,287.5471403330105,0.9664134584171065,445.27907653515393,0,0,0,0,0,50,20,25,10,100
HIGHEST_SNR,350022,287.5471403330105,0.9664134584171065,445.27907653515393,0,0,0,0,0,50,20,25,10,100
SHORTEST_PULSE,350022,287.5471403330105,0.9664134584171065,445.27907653515393,0,0,0,0,0,50,20,25,10,100
METROLOGY_CONDITIONED_EIG,350022,287.5471403330105,0.9664134584171065,445.27907653515393,0,0,0,0,0,50,20,25,10,100
NO_PASSIVE,350023,487.98893996615425,2.3120009382819924,445.27907653515393,0,0,0,0,0,50,20,25,10,100
RANDOM,350023,487.98893996615425,2.3120009382819924,445.27907653515393,0,0,0,0,0,50,20,25,10,100
HIGHEST_SNR,350023,487.98893996615425,2.3120009382819924,445.27907653515393,0,0,0,0,0,50,20,25,10,100
SHORTEST_PULSE,350023,487.98893996615425,2.3120009382819924,445.27907653515393,0,0,0,0,0,50,20,25,10,100
METROLOGY_CONDITIONED_EIG,350023,487.98893996615425,2.3120009382819924,445.27907653515393,0,0,0,0,0,50,20,25,10,100
NO_PASSIVE,350024,133.9209326074406,1.0207823442124502,445.27907653515393,0,0,0,0,4,50,20,25,10,100
RANDOM,350024,145.71684478469905,0.866474124830116,319.7590186436616,4,0,0,0,4,50,20,25,10,100
HIGHEST_SNR,350024,145.71684478469905,0.866474124830116,319.7590186436616,4,0,0,0,4,50,20,25,10,100
SHORTEST_PULSE,350024,145.71684478469905,0.866474124830116,319.7590186436616,4,0,0,0,4,50,20,25,10,100
METROLOGY_CONDITIONED_EIG,350024,145.71684478469905,0.866474124830116,319.7590186436616,4,0,0,0,4,50,20,25,10,100
NO_PASSIVE,350025,362.07785536378344,1.3660026615131646,445.27907653515393,0,0,0,0,0,50,20,25,10,100
RANDOM,350025,362.07785536378344,1.3660026615131646,445.27907653515393,0,0,0,0,0,50,20,25,10,100
HIGHEST_SNR,350025,362.07785536378344,1.3660026615131646,445.27907653515393,0,0,0,0,0,50,20,25,10,100
SHORTEST_PULSE,350025,362.07785536378344,1.3660026615131646,445.27907653515393,0,0,0,0,0,50,20,25,10,100
METROLOGY_CONDITIONED_EIG,350025,362.07785536378344,1.3660026615131646,445.27907653515393,0,0,0,0,0,50,20,25,10,100
NO_PASSIVE,350026,999.0348451806295,3.302829453006659,445.27907653515393,0,0,0,0,0,50,20,25,10,100
RANDOM,350026,999.0348451806295,3.302829453006659,445.27907653515393,0,0,0,0,0,50,20,25,10,100
HIGHEST_SNR,350026,999.0348451806295,3.302829453006659,445.27907653515393,0,0,0,0,0,50,20,25,10,100
SHORTEST_PULSE,350026,999.0348451806295,3.302829453006659,445.27907653515393,0,0,0,0,0,50,20,25,10,100
METROLOGY_CONDITIONED_EIG,350026,999.0348451806295,3.302829453006659,445.27907653515393,0,0,0,0,0,50,20,25,10,100
NO_PASSIVE,350027,155.54794591792768,1.404687853667284,445.27907653515393,0,0,0,0,0,50,20,25,10,100
RANDOM,350027,155.54794591792768,1.404687853667284,445.27907653515393,0,0,0,0,0,50,20,25,10,100
HIGHEST_SNR,350027,155.54794591792768,1.404687853667284,445.27907653515393,0,0,0,0,0,50,20,25,10,100
SHORTEST_PULSE,350027,155.54794591792768,1.404687853667284,445.27907653515393,0,0,0,0,0,50,20,25,10,100
METROLOGY_CONDITIONED_EIG,350027,155.54794591792768,1.404687853667284,445.27907653515393,0,0,0,0,0,50,20,25,10,100
NO_PASSIVE,350028,167.87863668921898,0.4511190387354533,445.27907653515393,0,0,0,0,0,50,20,25,10,100
RANDOM,350028,167.87863668921898,0.4511190387354533,445.27907653515393,0,0,0,0,0,50,20,25,10,100
HIGHEST_SNR,350028,167.87863668921898,0.4511190387354533,445.27907653515393,0,0,0,0,0,50,20,25,10,100
SHORTEST_PULSE,350028,167.87863668921898,0.4511190387354533,445.27907653515393,0,0,0,0,0,50,20,25,10,100
METROLOGY_CONDITIONED_EIG,350028,167.87863668921898,0.4511190387354533,445.27907653515393,0,0,0,0,0,50,20,25,10,100
NO_PASSIVE,350029,221.04811156782546,1.7966926288010043,445.27907653515393,0,0,0,0,0,50,20,25,10,100
RANDOM,350029,221.04811156782546,1.7966926288010043,445.27907653515393,0,0,0,0,0,50,20,25,10,100
HIGHEST_SNR,350029,221.04811156782546,1.7966926288010043,445.27907653515393,0,0,0,0,0,50,20,25,10,100
SHORTEST_PULSE,350029,221.04811156782546,1.7966926288010043,445.27907653515393,0,0,0,0,0,50,20,25,10,100
METROLOGY_CONDITIONED_EIG,350029,221.04811156782546,1.7966926288010043,445.27907653515393,0,0,0,0,0,50,20,25,10,100
NO_PASSIVE,351000,459.11331767728433,2.875053189474016,445.27907653515393,0,0,0,0,24,51,20,25,100,30
RANDOM,351000,46.59510832583864,0.10414457728880169,35.195628959983715,21,2,0,0,24,51,20,25,100,30
HIGHEST_SNR,351000,46.59510832583864,0.10414457728880169,35.195628959983715,21,2,0,0,24,51,20,25,100,30
SHORTEST_PULSE,351000,51.3095149251078,0.14314200644816763,34.83768312945737,21,2,0,0,24,51,20,25,100,30
METROLOGY_CONDITIONED_EIG,351000,51.3095149251078,0.14314200644816763,34.83768312945737,21,2,0,0,24,51,20,25,100,30
NO_PASSIVE,351001,909.4893260317336,2.8373695739729703,445.27907653515393,0,0,0,0,2,51,20,25,100,30
RANDOM,351001,885.2362830793068,2.8783806673710166,318.20452538326276,1,1,0,0,2,51,20,25,100,30
HIGHEST_SNR,351001,885.2362830793068,2.8783806673710166,318.20452538326276,1,1,0,0,2,51,20,25,100,30
SHORTEST_PULSE,351001,885.2362830793068,2.8783806673710166,318.20452538326276,1,1,0,0,2,51,20,25,100,30
METROLOGY_CONDITIONED_EIG,351001,885.2362830793068,2.8783806673710166,318.20452538326276,1,1,0,0,2,51,20,25,100,30
NO_PASSIVE,351002,1037.0034281625249,2.9006440291587055,445.27907653515393,0,0,0,0,1,51,20,25,100,30
RANDOM,351002,1011.3465328437719,2.515163559968598,316.320620273024,1,0,0,0,1,51,20,25,100,30
HIGHEST_SNR,351002,1011.3465328437719,2.515163559968598,316.320620273024,1,0,0,0,1,51,20,25,100,30
SHORTEST_PULSE,351002,1011.3465328437719,2.515163559968598,316.320620273024,1,0,0,0,1,51,20,25,100,30
METROLOGY_CONDITIONED_EIG,351002,1011.3465328437719,2.515163559968598,316.320620273024,1,0,0,0,1,51,20,25,100,30
NO_PASSIVE,351003,696.9663079325617,3.607435462204546,445.27907653515393,0,0,0,0,0,51,20,25,100,30
RANDOM,351003,696.9663079325617,3.607435462204546,445.27907653515393,0,0,0,0,0,51,20,25,100,30
HIGHEST_SNR,351003,696.9663079325617,3.607435462204546,445.27907653515393,0,0,0,0,0,51,20,25,100,30
SHORTEST_PULSE,351003,696.9663079325617,3.607435462204546,445.27907653515393,0,0,0,0,0,51,20,25,100,30
METROLOGY_CONDITIONED_EIG,351003,696.9663079325617,3.607435462204546,445.27907653515393,0,0,0,0,0,51,20,25,100,30
NO_PASSIVE,351004,632.678613427079,0.8971293212325853,445.27907653515393,0,0,0,0,0,51,20,25,100,30
RANDOM,351004,632.678613427079,0.8971293212325853,445.27907653515393,0,0,0,0,0,51,20,25,100,30
HIGHEST_SNR,351004,632.678613427079,0.8971293212325853,445.27907653515393,0,0,0,0,0,51,20,25,100,30
SHORTEST_PULSE,351004,632.678613427079,0.8971293212325853,445.27907653515393,0,0,0,0,0,51,20,25,100,30
METROLOGY_CONDITIONED_EIG,351004,632.678613427079,0.8971293212325853,445.27907653515393,0,0,0,0,0,51,20,25,100,30
NO_PASSIVE,351005,213.3626732150816,2.321451699755034,445.27907653515393,0,0,0,0,15,51,20,25,100,30
RANDOM,351005,164.16022483936626,1.4569319526130755,81.21123396905817,13,0,0,0,15,51,20,25,100,30
HIGHEST_SNR,351005,151.01859400448427,1.894382052346632,80.87863333891191,13,0,0,0,15,51,20,25,100,30
SHORTEST_PULSE,351005,151.01859400448427,1.894382052346632,80.87863333891191,13,0,0,0,15,51,20,25,100,30
METROLOGY_CONDITIONED_EIG,351005,119.53085879250997,1.7012652573792104,76.6014826464703,13,0,0,0,15,51,20,25,100,30
NO_PASSIVE,351006,255.03913333375004,0.8988103409603329,445.27907653515393,0,0,0,0,2,51,20,25,100,30
RANDOM,351006,192.93127782232457,0.8994265553256632,186.6802169187466,2,0,0,0,2,51,20,25,100,30
HIGHEST_SNR,351006,192.93127782232457,0.8994265553256632,186.6802169187466,2,0,0,0,2,51,20,25,100,30
SHORTEST_PULSE,351006,192.93127782232457,0.8994265553256632,186.6802169187466,2,0,0,0,2,51,20,25,100,30
METROLOGY_CONDITIONED_EIG,351006,192.93127782232457,0.8994265553256632,186.6802169187466,2,0,0,0,2,51,20,25,100,30
NO_PASSIVE,351007,327.2808810939567,0.8146236581647781,445.27907653515393,0,0,0,0,0,51,20,25,100,30
RANDOM,351007,327.2808810939567,0.8146236581647781,445.27907653515393,0,0,0,0,0,51,20,25,100,30
HIGHEST_SNR,351007,327.2808810939567,0.8146236581647781,445.27907653515393,0,0,0,0,0,51,20,25,100,30
SHORTEST_PULSE,351007,327.2808810939567,0.8146236581647781,445.27907653515393,0,0,0,0,0,51,20,25,100,30
METROLOGY_CONDITIONED_EIG,351007,327.2808810939567,0.8146236581647781,445.27907653515393,0,0,0,0,0,51,20,25,100,30
NO_PASSIVE,351008,239.72529206460032,2.883892206124989,445.27907653515393,0,0,0,0,0,51,20,25,100,30
RANDOM,351008,239.72529206460032,2.883892206124989,445.27907653515393,0,0,0,0,0,51,20,25,100,30
HIGHEST_SNR,351008,239.72529206460032,2.883892206124989,445.27907653515393,0,0,0,0,0,51,20,25,100,30
SHORTEST_PULSE,351008,239.72529206460032,2.883892206124989,445.27907653515393,0,0,0,0,0,51,20,25,100,30
METROLOGY_CONDITIONED_EIG,351008,239.72529206460032,2.883892206124989,445.27907653515393,0,0,0,0,0,51,20,25,100,30
NO_PASSIVE,351009,179.92825736758726,0.7120930000284144,445.27907653515393,0,0,0,0,15,51,20,25,100,30
RANDOM,351009,14.987256015856198,0.2410523843143176,39.93636841335129,13,0,0,0,15,51,20,25,100,30
HIGHEST_SNR,351009,17.665145249033724,0.21427252431911498,39.565680876447296,13,0,0,0,15,51,20,25,100,30
SHORTEST_PULSE,351009,17.665145249033724,0.21427252431911498,39.565680876447296,13,0,0,0,15,51,20,25,100,30
METROLOGY_CONDITIONED_EIG,351009,14.570946575014947,0.18615665213460011,39.8744165347253,13,0,0,0,15,51,20,25,100,30
NO_PASSIVE,351010,101.77168972038066,2.5473710505409937,445.27907653515393,0,0,0,0,31,51,20,25,100,30
RANDOM,351010,86.45892752331343,1.8687914008332236,52.73752329125525,30,0,0,0,31,51,20,25,100,30
HIGHEST_SNR,351010,85.94953043195744,1.9423514274514815,52.97475206886965,30,0,0,0,31,51,20,25,100,30
SHORTEST_PULSE,351010,86.45892752331343,1.8687914008332236,52.73752329125525,30,0,0,0,31,51,20,25,100,30
METROLOGY_CONDITIONED_EIG,351010,86.45892752331343,1.8687914008332236,52.73752329125525,30,0,0,0,31,51,20,25,100,30
NO_PASSIVE,351011,695.1001065239187,2.343454754436116,445.27907653515393,0,0,0,0,13,51,20,25,100,30
RANDOM,351011,12.93103562087286,1.3686378030041042,49.43210766140827,13,0,0,0,13,51,20,25,100,30
HIGHEST_SNR,351011,12.93103562087286,1.3686378030041042,49.43210766140827,13,0,0,0,13,51,20,25,100,30
SHORTEST_PULSE,351011,12.93103562087286,1.3686378030041042,49.43210766140827,13,0,0,0,13,51,20,25,100,30
METROLOGY_CONDITIONED_EIG,351011,12.93103562087286,1.3686378030041042,49.43210766140827,13,0,0,0,13,51,20,25,100,30
NO_PASSIVE,351012,312.7915814193967,1.600527337911347,445.27907653515393,0,0,0,0,0,51,20,25,100,30
RANDOM,351012,312.7915814193967,1.600527337911347,445.27907653515393,0,0,0,0,0,51,20,25,100,30
HIGHEST_SNR,351012,312.7915814193967,1.600527337911347,445.27907653515393,0,0,0,0,0,51,20,25,100,30
SHORTEST_PULSE,351012,312.7915814193967,1.600527337911347,445.27907653515393,0,0,0,0,0,51,20,25,100,30
METROLOGY_CONDITIONED_EIG,351012,312.7915814193967,1.600527337911347,445.27907653515393,0,0,0,0,0,51,20,25,100,30
NO_PASSIVE,351013,170.0985926403215,0.2623877437708815,445.27907653515393,0,0,0,0,0,51,20,25,100,30
RANDOM,351013,170.0985926403215,0.2623877437708815,445.27907653515393,0,0,0,0,0,51,20,25,100,30
HIGHEST_SNR,351013,170.0985926403215,0.2623877437708815,445.27907653515393,0,0,0,0,0,51,20,25,100,30
SHORTEST_PULSE,351013,170.0985926403215,0.2623877437708815,445.27907653515393,0,0,0,0,0,51,20,25,100,30
METROLOGY_CONDITIONED_EIG,351013,170.0985926403215,0.2623877437708815,445.27907653515393,0,0,0,0,0,51,20,25,100,30
NO_PASSIVE,351014,359.21025258593517,4.1039830209307615,445.27907653515393,0,0,0,0,1,51,20,25,100,30
RANDOM,351014,408.50245141467485,4.180983661678482,324.90915122204285,1,0,0,0,1,51,20,25,100,30
HIGHEST_SNR,351014,408.50245141467485,4.180983661678482,324.90915122204285,1,0,0,0,1,51,20,25,100,30
SHORTEST_PULSE,351014,408.50245141467485,4.180983661678482,324.90915122204285,1,0,0,0,1,51,20,25,100,30
METROLOGY_CONDITIONED_EIG,351014,408.50245141467485,4.180983661678482,324.90915122204285,1,0,0,0,1,51,20,25,100,30
NO_PASSIVE,351015,649.9835525147704,1.4480469711481159,445.27907653515393,0,0,0,0,1,51,20,25,100,30
RANDOM,351015,376.78187281776206,1.2755834102216892,317.1941112770808,1,0,0,0,1,51,20,25,100,30
HIGHEST_SNR,351015,376.78187281776206,1.2755834102216892,317.1941112770808,1,0,0,0,1,51,20,25,100,30
SHORTEST_PULSE,351015,376.78187281776206,1.2755834102216892,317.1941112770808,1,0,0,0,1,51,20,25,100,30
METROLOGY_CONDITIONED_EIG,351015,376.78187281776206,1.2755834102216892,317.1941112770808,1,0,0,0,1,51,20,25,100,30
NO_PASSIVE,351016,123.39449544924946,1.964944595118992,445.27907653515393,0,0,0,0,37,51,20,25,100,30
RANDOM,351016,15.38721853063796,0.5231107506384735,64.37462831907055,37,0,0,0,37,51,20,25,100,30
HIGHEST_SNR,351016,15.38721853063796,0.5231107506384735,64.37462831907055,37,0,0,0,37,51,20,25,100,30
SHORTEST_PULSE,351016,15.38721853063796,0.5231107506384735,64.37462831907055,37,0,0,0,37,51,20,25,100,30
METROLOGY_CONDITIONED_EIG,351016,15.38721853063796,0.5231107506384735,64.37462831907055,37,0,0,0,37,51,20,25,100,30
NO_PASSIVE,351017,212.1538662635923,1.447530946224876,445.27907653515393,0,0,0,0,6,51,20,25,100,30
RANDOM,351017,37.40614704658123,1.4615450162918977,67.30262709931796,6,0,0,0,6,51,20,25,100,30
HIGHEST_SNR,351017,37.40614704658123,1.4615450162918977,67.30262709931796,6,0,0,0,6,51,20,25,100,30
SHORTEST_PULSE,351017,37.40614704658123,1.4615450162918977,67.30262709931796,6,0,0,0,6,51,20,25,100,30
METROLOGY_CONDITIONED_EIG,351017,37.40614704658123,1.4615450162918977,67.30262709931796,6,0,0,0,6,51,20,25,100,30
NO_PASSIVE,351018,614.6453172440517,2.6958097632833655,445.27907653515393,0,0,0,0,3,51,20,25,100,30
RANDOM,351018,536.2615463190293,3.2627484049092805,279.03644072350426,3,0,0,0,3,51,20,25,100,30
HIGHEST_SNR,351018,536.2615463190293,3.2627484049092805,279.03644072350426,3,0,0,0,3,51,20,25,100,30
SHORTEST_PULSE,351018,536.2615463190293,3.2627484049092805,279.03644072350426,3,0,0,0,3,51,20,25,100,30
METROLOGY_CONDITIONED_EIG,351018,536.2615463190293,3.2627484049092805,279.03644072350426,3,0,0,0,3,51,20,25,100,30
NO_PASSIVE,351019,414.83912706588563,1.6425005870489553,445.27907653515393,0,0,0,0,40,51,20,25,100,30
RANDOM,351019,26.304485438014932,0.7024965085528181,46.21238349267894,29,0,0,0,40,51,20,25,100,30
HIGHEST_SNR,351019,38.92287719257245,1.2683661821467183,52.56409467955761,29,0,0,0,40,51,20,25,100,30
SHORTEST_PULSE,351019,19.234855882970415,0.5596987287609702,44.90123492564627,29,0,0,0,40,51,20,25,100,30
METROLOGY_CONDITIONED_EIG,351019,29.599306836499675,0.5375365279080738,46.15166411555171,29,0,0,0,40,51,20,25,100,30
NO_PASSIVE,351020,384.33729711930323,1.9138586998723603,445.27907653515393,0,0,0,0,9,51,20,25,100,30
RANDOM,351020,9.963262321571992,1.1201442701038573,94.57008810852065,8,0,0,0,9,51,20,25,100,30
HIGHEST_SNR,351020,9.963262321571992,1.1201442701038573,94.57008810852065,8,0,0,0,9,51,20,25,100,30
SHORTEST_PULSE,351020,9.963262321571992,1.1201442701038573,94.57008810852065,8,0,0,0,9,51,20,25,100,30
METROLOGY_CONDITIONED_EIG,351020,25.33665294945335,1.4228754753055404,83.67627998869544,8,0,0,0,9,51,20,25,100,30
NO_PASSIVE,351021,518.6258320565381,1.7466710600742263,445.27907653515393,0,0,0,0,29,51,20,25,100,30
RANDOM,351021,60.59183947188461,1.0873534401628506,96.53788897596279,24,0,0,0,29,51,20,25,100,30
HIGHEST_SNR,351021,67.6453371520629,1.0370210305299954,98.5526135115738,24,0,0,0,29,51,20,25,100,30
SHORTEST_PULSE,351021,43.194807978394294,0.3747314405251676,95.37168573468136,24,0,0,0,29,51,20,25,100,30
METROLOGY_CONDITIONED_EIG,351021,37.945028875083125,0.40552225738207487,95.67582988216265,24,0,0,0,29,51,20,25,100,30
NO_PASSIVE,351022,515.8756768930168,2.1928745500580082,445.27907653515393,0,0,0,0,15,51,20,25,100,30
RANDOM,351022,54.400995396264,0.8825092546889618,68.47434860823832,15,0,0,0,15,51,20,25,100,30
HIGHEST_SNR,351022,54.400995396264,0.8825092546889618,68.47434860823832,15,0,0,0,15,51,20,25,100,30
SHORTEST_PULSE,351022,54.400995396264,0.8825092546889618,68.47434860823832,15,0,0,0,15,51,20,25,100,30
METROLOGY_CONDITIONED_EIG,351022,54.400995396264,0.8825092546889618,68.47434860823832,15,0,0,0,15,51,20,25,100,30
NO_PASSIVE,351023,628.4226617466575,2.041413001912947,445.27907653515393,0,0,0,0,1,51,20,25,100,30
RANDOM,351023,309.28341228033656,2.05961097864355,321.99471719383746,1,0,0,0,1,51,20,25,100,30
HIGHEST_SNR,351023,309.28341228033656,2.05961097864355,321.99471719383746,1,0,0,0,1,51,20,25,100,30
SHORTEST_PULSE,351023,309.28341228033656,2.05961097864355,321.99471719383746,1,0,0,0,1,51,20,25,100,30
METROLOGY_CONDITIONED_EIG,351023,309.28341228033656,2.05961097864355,321.99471719383746,1,0,0,0,1,51,20,25,100,30
NO_PASSIVE,351024,318.68013685365236,2.8898875199030014,445.27907653515393,0,0,0,0,0,51,20,25,100,30
RANDOM,351024,318.68013685365236,2.8898875199030014,445.27907653515393,0,0,0,0,0,51,20,25,100,30
HIGHEST_SNR,351024,318.68013685365236,2.8898875199030014,445.27907653515393,0,0,0,0,0,51,20,25,100,30
SHORTEST_PULSE,351024,318.68013685365236,2.8898875199030014,445.27907653515393,0,0,0,0,0,51,20,25,100,30
METROLOGY_CONDITIONED_EIG,351024,318.68013685365236,2.8898875199030014,445.27907653515393,0,0,0,0,0,51,20,25,100,30
NO_PASSIVE,351025,284.8484731296623,1.0922299907332371,445.27907653515393,0,0,0,0,17,51,20,25,100,30
RANDOM,351025,108.8849531125154,0.9950408513104246,54.23740990682076,16,0,0,0,17,51,20,25,100,30
HIGHEST_SNR,351025,107.49073783723605,1.0783828874338681,54.227034957790245,16,0,0,0,17,51,20,25,100,30
SHORTEST_PULSE,351025,108.8849531125154,0.9950408513104246,54.23740990682076,16,0,0,0,17,51,20,25,100,30
METROLOGY_CONDITIONED_EIG,351025,108.8849531125154,0.9950408513104246,54.23740990682076,16,0,0,0,17,51,20,25,100,30
NO_PASSIVE,351026,343.6873299993264,3.2923148595689837,445.27907653515393,0,0,0,0,0,51,20,25,100,30
RANDOM,351026,343.6873299993264,3.2923148595689837,445.27907653515393,0,0,0,0,0,51,20,25,100,30
HIGHEST_SNR,351026,343.6873299993264,3.2923148595689837,445.27907653515393,0,0,0,0,0,51,20,25,100,30
SHORTEST_PULSE,351026,343.6873299993264,3.2923148595689837,445.27907653515393,0,0,0,0,0,51,20,25,100,30
METROLOGY_CONDITIONED_EIG,351026,343.6873299993264,3.2923148595689837,445.27907653515393,0,0,0,0,0,51,20,25,100,30
NO_PASSIVE,351027,517.0772777626021,1.1647353016352222,445.27907653515393,0,0,0,0,4,51,20,25,100,30
RANDOM,351027,2.1877529529736144,0.2759420489981253,313.74997192206,4,0,0,0,4,51,20,25,100,30
HIGHEST_SNR,351027,2.1877529529736144,0.2759420489981253,313.74997192206,4,0,0,0,4,51,20,25,100,30
SHORTEST_PULSE,351027,2.1877529529736144,0.2759420489981253,313.74997192206,4,0,0,0,4,51,20,25,100,30
METROLOGY_CONDITIONED_EIG,351027,2.1877529529736144,0.2759420489981253,313.74997192206,4,0,0,0,4,51,20,25,100,30
NO_PASSIVE,351028,203.7383833401527,0.5193126368789006,445.27907653515393,0,0,0,0,5,51,20,25,100,30
RANDOM,351028,167.36403162044223,1.365843199365799,220.39500224734235,5,0,0,0,5,51,20,25,100,30
HIGHEST_SNR,351028,167.36403162044223,1.365843199365799,220.39500224734235,5,0,0,0,5,51,20,25,100,30
SHORTEST_PULSE,351028,167.36403162044223,1.365843199365799,220.39500224734235,5,0,0,0,5,51,20,25,100,30
METROLOGY_CONDITIONED_EIG,351028,167.36403162044223,1.365843199365799,220.39500224734235,5,0,0,0,5,51,20,25,100,30
NO_PASSIVE,351029,98.54903323595045,1.35911399779932,445.27907653515393,0,0,0,0,20,51,20,25,100,30
RANDOM,351029,146.94510240252828,1.3922306610565531,66.96802287031741,19,1,0,0,20,51,20,25,100,30
HIGHEST_SNR,351029,146.94510240252828,1.3922306610565531,66.96802287031741,19,1,0,0,20,51,20,25,100,30
SHORTEST_PULSE,351029,146.94510240252828,1.3922306610565531,66.96802287031741,19,1,0,0,20,51,20,25,100,30
METROLOGY_CONDITIONED_EIG,351029,146.94510240252828,1.3922306610565531,66.96802287031741,19,1,0,0,20,51,20,25,100,30
NO_PASSIVE,352000,275.0941769011249,1.0069699978399544,445.27907653515393,0,0,0,0,0,52,20,25,100,100
RANDOM,352000,275.0941769011249,1.0069699978399544,445.27907653515393,0,0,0,0,0,52,20,25,100,100
HIGHEST_SNR,352000,275.0941769011249,1.0069699978399544,445.27907653515393,0,0,0,0,0,52,20,25,100,100
SHORTEST_PULSE,352000,275.0941769011249,1.0069699978399544,445.27907653515393,0,0,0,0,0,52,20,25,100,100
METROLOGY_CONDITIONED_EIG,352000,275.0941769011249,1.0069699978399544,445.27907653515393,0,0,0,0,0,52,20,25,100,100
NO_PASSIVE,352001,25.21823518275606,1.5002775603965641,445.27907653515393,0,0,0,0,25,52,20,25,100,100
RANDOM,352001,410.80869236248435,1.5049463021005254,258.74055410695007,25,0,0,0,25,52,20,25,100,100
HIGHEST_SNR,352001,410.80869236248435,1.5049463021005254,258.74055410695007,25,0,0,0,25,52,20,25,100,100
SHORTEST_PULSE,352001,410.80869236248435,1.5049463021005254,258.74055410695007,25,0,0,0,25,52,20,25,100,100
METROLOGY_CONDITIONED_EIG,352001,410.80869236248435,1.5049463021005254,258.74055410695007,25,0,0,0,25,52,20,25,100,100
NO_PASSIVE,352002,769.2472579748605,1.2303713400804404,445.27907653515393,0,0,0,0,0,52,20,25,100,100
RANDOM,352002,769.2472579748605,1.2303713400804404,445.27907653515393,0,0,0,0,0,52,20,25,100,100
HIGHEST_SNR,352002,769.2472579748605,1.2303713400804404,445.27907653515393,0,0,0,0,0,52,20,25,100,100
SHORTEST_PULSE,352002,769.2472579748605,1.2303713400804404,445.27907653515393,0,0,0,0,0,52,20,25,100,100
METROLOGY_CONDITIONED_EIG,352002,769.2472579748605,1.2303713400804404,445.27907653515393,0,0,0,0,0,52,20,25,100,100
NO_PASSIVE,352003,401.3995214608602,2.7264170296315324,445.27907653515393,0,0,0,0,13,52,20,25,100,100
RANDOM,352003,158.7143526260329,1.4727240328151965,108.86846759928582,13,0,0,0,13,52,20,25,100,100
HIGHEST_SNR,352003,158.7143526260329,1.4727240328151965,108.86846759928582,13,0,0,0,13,52,20,25,100,100
SHORTEST_PULSE,352003,158.7143526260329,1.4727240328151965,108.86846759928582,13,0,0,0,13,52,20,25,100,100
METROLOGY_CONDITIONED_EIG,352003,158.7143526260329,1.4727240328151965,108.86846759928582,13,0,0,0,13,52,20,25,100,100
NO_PASSIVE,352004,427.7142228105371,0.11574642387525379,445.27907653515393,0,0,0,0,8,52,20,25,100,100
RANDOM,352004,329.6418975212618,0.16365349611903973,319.76453586685545,8,0,0,0,8,52,20,25,100,100
HIGHEST_SNR,352004,329.6418975212618,0.16365349611903973,319.76453586685545,8,0,0,0,8,52,20,25,100,100
SHORTEST_PULSE,352004,329.6418975212618,0.16365349611903973,319.76453586685545,8,0,0,0,8,52,20,25,100,100
METROLOGY_CONDITIONED_EIG,352004,329.6418975212618,0.16365349611903973,319.76453586685545,8,0,0,0,8,52,20,25,100,100
NO_PASSIVE,352005,211.60284898439602,1.287374254929595,445.27907653515393,0,0,0,0,0,52,20,25,100,100
RANDOM,352005,211.60284898439602,1.287374254929595,445.27907653515393,0,0,0,0,0,52,20,25,100,100
HIGHEST_SNR,352005,211.60284898439602,1.287374254929595,445.27907653515393,0,0,0,0,0,52,20,25,100,100
SHORTEST_PULSE,352005,211.60284898439602,1.287374254929595,445.27907653515393,0,0,0,0,0,52,20,25,100,100
METROLOGY_CONDITIONED_EIG,352005,211.60284898439602,1.287374254929595,445.27907653515393,0,0,0,0,0,52,20,25,100,100
NO_PASSIVE,352006,157.61616010686217,1.7019011776040505,445.27907653515393,0,0,0,0,52,52,20,25,100,100
RANDOM,352006,96.8785604883117,1.993393563964129,60.39865074320474,43,0,0,0,52,52,20,25,100,100
HIGHEST_SNR,352006,60.78829964574213,1.2063657441605338,67.33112265444535,43,0,0,0,52,52,20,25,100,100
SHORTEST_PULSE,352006,49.50976893865348,0.9075727795508424,58.392124988886486,42,1,0,0,52,52,20,25,100,100
METROLOGY_CONDITIONED_EIG,352006,49.50976893865348,0.9075727795508424,58.392124988886486,42,1,0,0,52,52,20,25,100,100
NO_PASSIVE,352007,412.73389589493985,2.0120770670644768,445.27907653515393,0,0,0,0,0,52,20,25,100,100
RANDOM,352007,412.73389589493985,2.0120770670644768,445.27907653515393,0,0,0,0,0,52,20,25,100,100
HIGHEST_SNR,352007,412.73389589493985,2.0120770670644768,445.27907653515393,0,0,0,0,0,52,20,25,100,100
SHORTEST_PULSE,352007,412.73389589493985,2.0120770670644768,445.27907653515393,0,0,0,0,0,52,20,25,100,100
METROLOGY_CONDITIONED_EIG,352007,412.73389589493985,2.0120770670644768,445.27907653515393,0,0,0,0,0,52,20,25,100,100
NO_PASSIVE,352008,355.94241064913456,1.3110295211155647,445.27907653515393,0,0,0,0,0,52,20,25,100,100
RANDOM,352008,355.94241064913456,1.3110295211155647,445.27907653515393,0,0,0,0,0,52,20,25,100,100
HIGHEST_SNR,352008,355.94241064913456,1.3110295211155647,445.27907653515393,0,0,0,0,0,52,20,25,100,100
SHORTEST_PULSE,352008,355.94241064913456,1.3110295211155647,445.27907653515393,0,0,0,0,0,52,20,25,100,100
METROLOGY_CONDITIONED_EIG,352008,355.94241064913456,1.3110295211155647,445.27907653515393,0,0,0,0,0,52,20,25,100,100
NO_PASSIVE,352009,703.8522589739483,3.0217666074628946,445.27907653515393,0,0,0,0,3,52,20,25,100,100
RANDOM,352009,31.810805294356523,1.8351901574600376,113.79223732190586,3,0,0,0,3,52,20,25,100,100
HIGHEST_SNR,352009,31.810805294356523,1.8351901574600376,113.79223732190586,3,0,0,0,3,52,20,25,100,100
SHORTEST_PULSE,352009,31.810805294356523,1.8351901574600376,113.79223732190586,3,0,0,0,3,52,20,25,100,100
METROLOGY_CONDITIONED_EIG,352009,31.810805294356523,1.8351901574600376,113.79223732190586,3,0,0,0,3,52,20,25,100,100
NO_PASSIVE,352010,438.7815611642333,0.9200987876779256,445.27907653515393,0,0,0,0,9,52,20,25,100,100
RANDOM,352010,309.4022332619546,2.4951309454398927,316.5226581784891,9,0,0,0,9,52,20,25,100,100
HIGHEST_SNR,352010,309.4022332619546,2.4951309454398927,316.5226581784891,9,0,0,0,9,52,20,25,100,100
SHORTEST_PULSE,352010,309.4022332619546,2.4951309454398927,316.5226581784891,9,0,0,0,9,52,20,25,100,100
METROLOGY_CONDITIONED_EIG,352010,309.4022332619546,2.4951309454398927,316.5226581784891,9,0,0,0,9,52,20,25,100,100
NO_PASSIVE,352011,629.1799826910627,1.0477780235768959,445.27907653515393,0,0,0,0,1,52,20,25,100,100
RANDOM,352011,497.58511758265325,1.025003776304128,331.7854641350384,1,0,0,0,1,52,20,25,100,100
HIGHEST_SNR,352011,497.58511758265325,1.025003776304128,331.7854641350384,1,0,0,0,1,52,20,25,100,100
SHORTEST_PULSE,352011,497.58511758265325,1.025003776304128,331.7854641350384,1,0,0,0,1,52,20,25,100,100
METROLOGY_CONDITIONED_EIG,352011,497.58511758265325,1.025003776304128,331.7854641350384,1,0,0,0,1,52,20,25,100,100
NO_PASSIVE,352012,372.44858134123217,3.0406527609221325,445.27907653515393,0,0,0,0,0,52,20,25,100,100
RANDOM,352012,372.44858134123217,3.0406527609221325,445.27907653515393,0,0,0,0,0,52,20,25,100,100
HIGHEST_SNR,352012,372.44858134123217,3.0406527609221325,445.27907653515393,0,0,0,0,0,52,20,25,100,100
SHORTEST_PULSE,352012,372.44858134123217,3.0406527609221325,445.27907653515393,0,0,0,0,0,52,20,25,100,100
METROLOGY_CONDITIONED_EIG,352012,372.44858134123217,3.0406527609221325,445.27907653515393,0,0,0,0,0,52,20,25,100,100
NO_PASSIVE,352013,304.8972549053385,0.30814624964921195,445.27907653515393,0,0,0,0,0,52,20,25,100,100
RANDOM,352013,304.8972549053385,0.30814624964921195,445.27907653515393,0,0,0,0,0,52,20,25,100,100
HIGHEST_SNR,352013,304.8972549053385,0.30814624964921195,445.27907653515393,0,0,0,0,0,52,20,25,100,100
SHORTEST_PULSE,352013,304.8972549053385,0.30814624964921195,445.27907653515393,0,0,0,0,0,52,20,25,100,100
METROLOGY_CONDITIONED_EIG,352013,304.8972549053385,0.30814624964921195,445.27907653515393,0,0,0,0,0,52,20,25,100,100
NO_PASSIVE,352014,1057.0145583055391,2.761674472624328,445.27907653515393,0,0,0,0,3,52,20,25,100,100
RANDOM,352014,986.5907072156106,2.727721138715033,338.164422745526,1,2,0,0,3,52,20,25,100,100
HIGHEST_SNR,352014,986.5907072156106,2.727721138715033,338.164422745526,1,2,0,0,3,52,20,25,100,100
SHORTEST_PULSE,352014,986.5907072156106,2.727721138715033,338.164422745526,1,2,0,0,3,52,20,25,100,100
METROLOGY_CONDITIONED_EIG,352014,986.5907072156106,2.727721138715033,338.164422745526,1,2,0,0,3,52,20,25,100,100
NO_PASSIVE,352015,818.301636715686,3.3543506405100447,445.27907653515393,0,0,0,0,33,52,20,25,100,100
RANDOM,352015,35.79847207009638,1.5356734427031984,60.60412160332905,32,0,0,0,33,52,20,25,100,100
HIGHEST_SNR,352015,35.79847207009638,1.5356734427031984,60.60412160332905,32,0,0,0,33,52,20,25,100,100
SHORTEST_PULSE,352015,35.79847207009638,1.5356734427031984,60.60412160332905,32,0,0,0,33,52,20,25,100,100
METROLOGY_CONDITIONED_EIG,352015,33.87439614228735,1.2038436950187592,60.630128097839105,32,0,0,0,33,52,20,25,100,100
NO_PASSIVE,352016,609.7715689789962,1.9947745183618544,445.27907653515393,0,0,0,0,0,52,20,25,100,100
RANDOM,352016,609.7715689789962,1.9947745183618544,445.27907653515393,0,0,0,0,0,52,20,25,100,100
HIGHEST_SNR,352016,609.7715689789962,1.9947745183618544,445.27907653515393,0,0,0,0,0,52,20,25,100,100
SHORTEST_PULSE,352016,609.7715689789962,1.9947745183618544,445.27907653515393,0,0,0,0,0,52,20,25,100,100
METROLOGY_CONDITIONED_EIG,352016,609.7715689789962,1.9947745183618544,445.27907653515393,0,0,0,0,0,52,20,25,100,100
NO_PASSIVE,352017,663.540696387307,1.2061781161756924,445.27907653515393,0,0,0,0,0,52,20,25,100,100
RANDOM,352017,663.540696387307,1.2061781161756924,445.27907653515393,0,0,0,0,0,52,20,25,100,100
HIGHEST_SNR,352017,663.540696387307,1.2061781161756924,445.27907653515393,0,0,0,0,0,52,20,25,100,100
SHORTEST_PULSE,352017,663.540696387307,1.2061781161756924,445.27907653515393,0,0,0,0,0,52,20,25,100,100
METROLOGY_CONDITIONED_EIG,352017,663.540696387307,1.2061781161756924,445.27907653515393,0,0,0,0,0,52,20,25,100,100
NO_PASSIVE,352018,526.840916575878,1.4782492698278737,445.27907653515393,0,0,0,0,0,52,20,25,100,100
RANDOM,352018,526.840916575878,1.4782492698278737,445.27907653515393,0,0,0,0,0,52,20,25,100,100
HIGHEST_SNR,352018,526.840916575878,1.4782492698278737,445.27907653515393,0,0,0,0,0,52,20,25,100,100
SHORTEST_PULSE,352018,526.840916575878,1.4782492698278737,445.27907653515393,0,0,0,0,0,52,20,25,100,100
METROLOGY_CONDITIONED_EIG,352018,526.840916575878,1.4782492698278737,445.27907653515393,0,0,0,0,0,52,20,25,100,100
NO_PASSIVE,352019,264.14068401062326,0.9030990980591052,445.27907653515393,0,0,0,0,11,52,20,25,100,100
RANDOM,352019,51.43312133632571,0.639684307393715,188.0816981778824,11,0,0,0,11,52,20,25,100,100
HIGHEST_SNR,352019,51.43312133632571,0.639684307393715,188.0816981778824,11,0,0,0,11,52,20,25,100,100
SHORTEST_PULSE,352019,51.43312133632571,0.639684307393715,188.0816981778824,11,0,0,0,11,52,20,25,100,100
METROLOGY_CONDITIONED_EIG,352019,51.43312133632571,0.639684307393715,188.0816981778824,11,0,0,0,11,52,20,25,100,100
NO_PASSIVE,352020,494.25414711293826,2.5198842544178013,445.27907653515393,0,0,0,0,1,52,20,25,100,100
RANDOM,352020,417.2734113548591,2.489115550597064,336.4219925791851,1,0,0,0,1,52,20,25,100,100
HIGHEST_SNR,352020,417.2734113548591,2.489115550597064,336.4219925791851,1,0,0,0,1,52,20,25,100,100
SHORTEST_PULSE,352020,417.2734113548591,2.489115550597064,336.4219925791851,1,0,0,0,1,52,20,25,100,100
METROLOGY_CONDITIONED_EIG,352020,417.2734113548591,2.489115550597064,336.4219925791851,1,0,0,0,1,52,20,25,100,100
NO_PASSIVE,352021,182.80824617361705,0.9048849856831985,445.27907653515393,0,0,0,0,1,52,20,25,100,100
RANDOM,352021,182.12552584631197,0.9028205744977342,435.6673051661975,1,0,0,0,1,52,20,25,100,100
HIGHEST_SNR,352021,182.12552584631197,0.9028205744977342,435.6673051661975,1,0,0,0,1,52,20,25,100,100
SHORTEST_PULSE,352021,182.12552584631197,0.9028205744977342,435.6673051661975,1,0,0,0,1,52,20,25,100,100
METROLOGY_CONDITIONED_EIG,352021,182.12552584631197,0.9028205744977342,435.6673051661975,1,0,0,0,1,52,20,25,100,100
NO_PASSIVE,352022,360.0058048237126,1.8346393517147992,445.27907653515393,0,0,0,0,0,52,20,25,100,100
RANDOM,352022,360.0058048237126,1.8346393517147992,445.27907653515393,0,0,0,0,0,52,20,25,100,100
HIGHEST_SNR,352022,360.0058048237126,1.8346393517147992,445.27907653515393,0,0,0,0,0,52,20,25,100,100
SHORTEST_PULSE,352022,360.0058048237126,1.8346393517147992,445.27907653515393,0,0,0,0,0,52,20,25,100,100
METROLOGY_CONDITIONED_EIG,352022,360.0058048237126,1.8346393517147992,445.27907653515393,0,0,0,0,0,52,20,25,100,100
NO_PASSIVE,352023,120.33153222730864,2.271084664658876,445.27907653515393,0,0,0,0,1,52,20,25,100,100
RANDOM,352023,124.30970558570748,2.2934073655188185,327.4937298950109,1,0,0,0,1,52,20,25,100,100
HIGHEST_SNR,352023,124.30970558570748,2.2934073655188185,327.4937298950109,1,0,0,0,1,52,20,25,100,100
SHORTEST_PULSE,352023,124.30970558570748,2.2934073655188185,327.4937298950109,1,0,0,0,1,52,20,25,100,100
METROLOGY_CONDITIONED_EIG,352023,124.30970558570748,2.2934073655188185,327.4937298950109,1,0,0,0,1,52,20,25,100,100
NO_PASSIVE,352024,229.1101170676785,3.3851523660741343,445.27907653515393,0,0,0,0,0,52,20,25,100,100
RANDOM,352024,229.1101170676785,3.3851523660741343,445.27907653515393,0,0,0,0,0,52,20,25,100,100
HIGHEST_SNR,352024,229.1101170676785,3.3851523660741343,445.27907653515393,0,0,0,0,0,52,20,25,100,100
SHORTEST_PULSE,352024,229.1101170676785,3.3851523660741343,445.27907653515393,0,0,0,0,0,52,20,25,100,100
METROLOGY_CONDITIONED_EIG,352024,229.1101170676785,3.3851523660741343,445.27907653515393,0,0,0,0,0,52,20,25,100,100
NO_PASSIVE,352025,71.9543343270934,0.6140666770712507,445.27907653515393,0,0,0,0,28,52,20,25,100,100
RANDOM,352025,84.06569891136276,2.1269505158795607,76.607123454472,28,0,0,0,28,52,20,25,100,100
HIGHEST_SNR,352025,84.06569891136276,2.1269505158795607,76.607123454472,28,0,0,0,28,52,20,25,100,100
SHORTEST_PULSE,352025,84.06569891136276,2.1269505158795607,76.607123454472,28,0,0,0,28,52,20,25,100,100
METROLOGY_CONDITIONED_EIG,352025,84.06569891136276,2.1269505158795607,76.607123454472,28,0,0,0,28,52,20,25,100,100
NO_PASSIVE,352026,373.4729486581557,1.3425095712398847,445.27907653515393,0,0,0,0,6,52,20,25,100,100
RANDOM,352026,164.07322301092708,0.9144206074797762,144.575444809765,6,0,0,0,6,52,20,25,100,100
HIGHEST_SNR,352026,164.07322301092708,0.9144206074797762,144.575444809765,6,0,0,0,6,52,20,25,100,100
SHORTEST_PULSE,352026,164.07322301092708,0.9144206074797762,144.575444809765,6,0,0,0,6,52,20,25,100,100
METROLOGY_CONDITIONED_EIG,352026,164.07322301092708,0.9144206074797762,144.575444809765,6,0,0,0,6,52,20,25,100,100
NO_PASSIVE,352027,461.77054596436665,3.359996953061127,445.27907653515393,0,0,0,0,3,52,20,25,100,100
RANDOM,352027,396.3695812846926,3.4917469464520297,323.32888411084684,3,0,0,0,3,52,20,25,100,100
HIGHEST_SNR,352027,396.3695812846926,3.4917469464520297,323.32888411084684,3,0,0,0,3,52,20,25,100,100
SHORTEST_PULSE,352027,396.3695812846926,3.4917469464520297,323.32888411084684,3,0,0,0,3,52,20,25,100,100
METROLOGY_CONDITIONED_EIG,352027,396.3695812846926,3.4917469464520297,323.32888411084684,3,0,0,0,3,52,20,25,100,100
NO_PASSIVE,352028,236.95291610321271,1.5381997983393332,445.27907653515393,0,0,0,0,4,52,20,25,100,100
RANDOM,352028,130.02305860458227,1.6136081239599256,113.01633940922422,4,0,0,0,4,52,20,25,100,100
HIGHEST_SNR,352028,130.02305860458227,1.6136081239599256,113.01633940922422,4,0,0,0,4,52,20,25,100,100
SHORTEST_PULSE,352028,130.02305860458227,1.6136081239599256,113.01633940922422,4,0,0,0,4,52,20,25,100,100
METROLOGY_CONDITIONED_EIG,352028,130.02305860458227,1.6136081239599256,113.01633940922422,4,0,0,0,4,52,20,25,100,100
NO_PASSIVE,352029,498.96275290378355,2.940192810729767,445.27907653515393,0,0,0,0,0,52,20,25,100,100
RANDOM,352029,498.96275290378355,2.940192810729767,445.27907653515393,0,0,0,0,0,52,20,25,100,100
HIGHEST_SNR,352029,498.96275290378355,2.940192810729767,445.27907653515393,0,0,0,0,0,52,20,25,100,100
SHORTEST_PULSE,352029,498.96275290378355,2.940192810729767,445.27907653515393,0,0,0,0,0,52,20,25,100,100
METROLOGY_CONDITIONED_EIG,352029,498.96275290378355,2.940192810729767,445.27907653515393,0,0,0,0,0,52,20,25,100,100
NO_PASSIVE,353000,154.46544161911905,0.6720312739532573,445.27907653515393,0,0,0,0,161,53,20,25,1000,30
RANDOM,353000,23.80362081843898,1.0387704450213542,29.684430730441015,57,0,0,0,161,53,20,25,1000,30
HIGHEST_SNR,353000,45.3265498542183,0.594503073692456,43.15547866102213,57,0,0,0,161,53,20,25,1000,30
SHORTEST_PULSE,353000,2.6770824779164224,0.3959903418114063,20.46875441748593,57,0,0,0,161,53,20,25,1000,30
METROLOGY_CONDITIONED_EIG,353000,18.565458326628132,0.31482011140634303,19.819446766789817,57,0,0,0,161,53,20,25,1000,30
NO_PASSIVE,353001,262.95496213010676,0.869607718874479,445.27907653515393,0,0,0,0,70,53,20,25,1000,30
RANDOM,353001,21.431201416389328,0.8719408458015275,26.10558508014066,46,0,0,0,70,53,20,25,1000,30
HIGHEST_SNR,353001,10.490492747772592,0.6794056709323275,28.35337556545762,46,0,0,0,70,53,20,25,1000,30
SHORTEST_PULSE,353001,24.325092819424352,0.9677907286735774,19.988919840597287,46,0,0,0,70,53,20,25,1000,30
METROLOGY_CONDITIONED_EIG,353001,24.325092819424352,0.9677907286735774,19.988919840597287,46,0,0,0,70,53,20,25,1000,30
NO_PASSIVE,353002,250.3862921041263,1.0626634358249196,445.27907653515393,0,0,0,0,130,53,20,25,1000,30
RANDOM,353002,38.606260328058944,0.7571559186408967,19.851918144229657,58,1,0,0,130,53,20,25,1000,30
HIGHEST_SNR,353002,24.89349556053946,0.33608671561851405,18.434440464081426,59,0,0,0,130,53,20,25,1000,30
SHORTEST_PULSE,353002,28.63456900993561,0.7169943079727916,21.41277377633579,58,1,0,0,130,53,20,25,1000,30
METROLOGY_CONDITIONED_EIG,353002,12.962197322674154,0.2482331557200303,17.654397016299015,59,0,0,0,130,53,20,25,1000,30
NO_PASSIVE,353003,263.3013188753339,2.144638659167571,445.27907653515393,0,0,0,0,39,53,20,25,1000,30
RANDOM,353003,12.140688895746553,0.4712849192246667,48.52592743124784,29,0,0,0,39,53,20,25,1000,30
HIGHEST_SNR,353003,7.075969246206326,0.1977540212634129,49.00441281209704,29,0,0,0,39,53,20,25,1000,30
SHORTEST_PULSE,353003,12.50344576866598,0.4228125282958472,31.632390567505542,29,0,0,0,39,53,20,25,1000,30
METROLOGY_CONDITIONED_EIG,353003,11.373778312787868,0.4751998160113516,31.745287650191393,29,0,0,0,39,53,20,25,1000,30
NO_PASSIVE,353004,289.55118856603974,2.038057229553698,445.27907653515393,0,0,0,0,33,53,20,25,1000,30
RANDOM,353004,25.09074783302489,1.0533518699514137,29.136168910484695,21,1,0,0,33,53,20,25,1000,30
HIGHEST_SNR,353004,30.464758853237797,0.8036873512146353,29.67319271442168,21,1,0,0,33,53,20,25,1000,30
SHORTEST_PULSE,353004,31.9872315733236,1.0356204529145874,29.27303497226738,21,1,0,0,33,53,20,25,1000,30
METROLOGY_CONDITIONED_EIG,353004,52.970264732237446,1.2650982302812932,28.192294657723302,22,0,0,0,33,53,20,25,1000,30
NO_PASSIVE,353005,398.0977760227111,1.7588293027130921,445.27907653515393,0,0,0,0,78,53,20,25,1000,30
RANDOM,353005,17.191051152350045,0.6347689996910533,24.891493123143647,39,0,0,0,78,53,20,25,1000,30
HIGHEST_SNR,353005,8.100369328847666,0.5018587437327056,26.69934560202548,39,0,0,0,78,53,20,25,1000,30
SHORTEST_PULSE,353005,5.545846867481539,0.3669127859988834,23.52366284980973,39,0,0,0,78,53,20,25,1000,30
METROLOGY_CONDITIONED_EIG,353005,3.3409860212968,0.4667898516285027,23.093333500746443,39,0,0,0,78,53,20,25,1000,30
NO_PASSIVE,353006,441.35378460052226,3.090239851669089,445.27907653515393,0,0,0,0,71,53,20,25,1000,30
RANDOM,353006,61.111251644002415,1.6717683117181497,43.79293301378385,37,0,0,0,71,53,20,25,1000,30
HIGHEST_SNR,353006,115.12320962371709,1.9974582253616715,54.72054580742023,37,0,0,0,71,53,20,25,1000,30
SHORTEST_PULSE,353006,60.4710506316832,1.779911209704779,46.849731682985066,37,0,0,0,71,53,20,25,1000,30
METROLOGY_CONDITIONED_EIG,353006,47.40549510142767,1.5844174562139892,39.10544311366883,37,0,0,0,71,53,20,25,1000,30
NO_PASSIVE,353007,275.4005891640834,0.6471904335430329,445.27907653515393,0,0,0,0,38,53,20,25,1000,30
RANDOM,353007,52.88094548903834,0.8466087340692873,33.344505795359034,28,1,0,0,38,53,20,25,1000,30
HIGHEST_SNR,353007,51.023475690404034,0.77989409897039,38.321804862249074,28,1,0,0,38,53,20,25,1000,30
SHORTEST_PULSE,353007,69.11886193965007,0.8749505975696298,32.82563258486543,27,2,0,0,38,53,20,25,1000,30
METROLOGY_CONDITIONED_EIG,353007,66.88443154557504,0.8799431542518282,32.926272587732896,27,2,0,0,38,53,20,25,1000,30
NO_PASSIVE,353008,382.76671253547613,1.1991850055509063,445.27907653515393,0,0,0,0,105,53,20,25,1000,30
RANDOM,353008,10.106964980903696,0.10562068422501274,22.118026298574225,51,1,0,0,105,53,20,25,1000,30
HIGHEST_SNR,353008,17.45783496211853,0.4788110649222479,22.866652985233177,51,1,0,0,105,53,20,25,1000,30
SHORTEST_PULSE,353008,7.272283524449956,0.15846860440870192,20.92635201836186,51,1,0,0,105,53,20,25,1000,30
METROLOGY_CONDITIONED_EIG,353008,14.503099927785337,0.4068067321181672,21.804146028521142,51,1,0,0,105,53,20,25,1000,30
NO_PASSIVE,353009,391.35158874349804,1.3863011862634493,445.27907653515393,0,0,0,0,54,53,20,25,1000,30
RANDOM,353009,387.05926280922176,0.8313857429571412,85.94005775365433,22,7,0,0,54,53,20,25,1000,30
HIGHEST_SNR,353009,379.1935064753131,1.7582609244200587,94.21436726509585,29,0,0,0,54,53,20,25,1000,30
SHORTEST_PULSE,353009,379.1935064753131,1.7582609244200587,94.21436726509585,29,0,0,0,54,53,20,25,1000,30
METROLOGY_CONDITIONED_EIG,353009,9.212622993209171,0.287426264877313,55.27732083893945,29,0,0,0,54,53,20,25,1000,30
NO_PASSIVE,353010,517.8163927334697,2.9090584786501132,445.27907653515393,0,0,0,0,153,53,20,25,1000,30
RANDOM,353010,58.72630983192412,1.8189812769773905,33.85656123567266,60,0,0,0,153,53,20,25,1000,30
HIGHEST_SNR,353010,9.247239400084993,0.42026776421209955,42.960924614170885,58,2,0,0,153,53,20,25,1000,30
SHORTEST_PULSE,353010,84.44458933913883,1.9835314900118641,26.95239520162594,60,0,0,0,153,53,20,25,1000,30
METROLOGY_CONDITIONED_EIG,353010,47.134823480539346,1.1300968119131494,26.80229935331188,60,0,0,0,153,53,20,25,1000,30
NO_PASSIVE,353011,531.5489044859578,1.5401249755907622,445.27907653515393,0,0,0,0,26,53,20,25,1000,30
RANDOM,353011,39.14567526307352,0.04484767394338931,49.13518509598998,20,0,0,0,26,53,20,25,1000,30
HIGHEST_SNR,353011,165.09898121549534,0.4914448123480311,149.60132838921453,20,0,0,0,26,53,20,25,1000,30
SHORTEST_PULSE,353011,165.09898121549534,0.4914448123480311,149.60132838921453,20,0,0,0,26,53,20,25,1000,30
METROLOGY_CONDITIONED_EIG,353011,39.045807879742775,0.7050621721367611,47.9662950502452,20,0,0,0,26,53,20,25,1000,30
NO_PASSIVE,353012,292.60942962606373,2.2958869219797,445.27907653515393,0,0,0,0,79,53,20,25,1000,30
RANDOM,353012,28.240023227508786,0.12657222409395194,27.3812328270928,45,1,0,0,79,53,20,25,1000,30
HIGHEST_SNR,353012,72.83652236359472,1.9089551087982093,53.262258952478355,45,1,0,0,79,53,20,25,1000,30
SHORTEST_PULSE,353012,7.349991755503675,0.7344490622357011,27.024991388291905,45,1,0,0,79,53,20,25,1000,30
METROLOGY_CONDITIONED_EIG,353012,14.692497887905272,0.0951460247989654,25.026846766087438,45,1,0,0,79,53,20,25,1000,30
NO_PASSIVE,353013,364.1391553551988,1.667640754823151,445.27907653515393,0,0,0,0,123,53,20,25,1000,30
RANDOM,353013,37.64354582194368,0.8505247056563964,31.156027040512225,50,0,0,0,123,53,20,25,1000,30
HIGHEST_SNR,353013,44.36906513262121,1.1813637724289971,35.76052821349129,49,1,0,0,123,53,20,25,1000,30
SHORTEST_PULSE,353013,33.13365428318907,0.7964251981978412,27.985113695945312,50,0,0,0,123,53,20,25,1000,30
METROLOGY_CONDITIONED_EIG,353013,25.23620902857159,0.49796948860312634,27.213454039004546,48,2,0,0,123,53,20,25,1000,30
NO_PASSIVE,353014,594.1168810958076,3.7712994539126443,445.27907653515393,0,0,0,0,153,53,20,25,1000,30
RANDOM,353014,11.707263797228512,0.27456731582689614,18.864634653079946,58,0,0,0,153,53,20,25,1000,30
HIGHEST_SNR,353014,11.063428586256366,0.32476241260468,47.499304075200314,58,0,0,0,153,53,20,25,1000,30
SHORTEST_PULSE,353014,3.289486987179077,0.5417760092024512,17.119968906061036,58,0,0,0,153,53,20,25,1000,30
METROLOGY_CONDITIONED_EIG,353014,3.7999360677053513,0.3129286544150609,15.718154018667027,58,0,0,0,153,53,20,25,1000,30
NO_PASSIVE,353015,846.481303014183,0.9682365347898436,445.27907653515393,0,0,0,0,11,53,20,25,1000,30
RANDOM,353015,85.47506115136224,0.6401733438574405,60.945379884396274,7,1,0,0,11,53,20,25,1000,30
HIGHEST_SNR,353015,71.37614187238604,0.6773299460753275,62.6776616752062,7,1,0,0,11,53,20,25,1000,30
SHORTEST_PULSE,353015,84.95149840627407,0.6949406839251479,60.82892321759593,8,0,0,0,11,53,20,25,1000,30
METROLOGY_CONDITIONED_EIG,353015,84.95149840627407,0.6949406839251479,60.82892321759593,8,0,0,0,11,53,20,25,1000,30
NO_PASSIVE,353016,407.097213120139,1.9345487391283227,445.27907653515393,0,0,0,0,71,53,20,25,1000,30
RANDOM,353016,5.568761490104316,0.2015794289073888,34.6545546211543,37,2,0,0,71,53,20,25,1000,30
HIGHEST_SNR,353016,48.282603214754104,1.3240588272145493,53.08154598392282,39,0,0,0,71,53,20,25,1000,30
SHORTEST_PULSE,353016,20.25634227982835,0.7163022465974992,29.531413903005152,39,0,0,0,71,53,20,25,1000,30
METROLOGY_CONDITIONED_EIG,353016,25.605444824093727,0.7703693008433539,29.397539222815624,39,0,0,0,71,53,20,25,1000,30
NO_PASSIVE,353017,353.4316801546414,0.356477932932185,445.27907653515393,0,0,0,0,24,53,20,25,1000,30
RANDOM,353017,12.923270908475418,0.766565446895016,31.87651445950571,22,0,0,0,24,53,20,25,1000,30
HIGHEST_SNR,353017,25.064631160652947,0.8892137661035687,35.078747483482196,22,0,0,0,24,53,20,25,1000,30
SHORTEST_PULSE,353017,15.592580058174262,0.5384755817545515,31.81247617094386,22,0,0,0,24,53,20,25,1000,30
METROLOGY_CONDITIONED_EIG,353017,15.592580058174262,0.5384755817545515,31.81247617094386,22,0,0,0,24,53,20,25,1000,30
NO_PASSIVE,353018,85.26319398409971,0.5662216016169844,445.27907653515393,0,0,0,0,64,53,20,25,1000,30
RANDOM,353018,48.39877935622663,1.9880376020553487,41.33498434688232,25,0,0,0,64,53,20,25,1000,30
HIGHEST_SNR,353018,34.68904955792061,0.9040785981663463,142.66419273980748,25,0,0,0,64,53,20,25,1000,30
SHORTEST_PULSE,353018,12.432307889286026,0.48450151005370756,35.11835056490659,25,0,0,0,64,53,20,25,1000,30
METROLOGY_CONDITIONED_EIG,353018,33.6777338383651,1.629733661009399,34.61262137386631,25,0,0,0,64,53,20,25,1000,30
NO_PASSIVE,353019,86.26557604201454,1.722568744619019,445.27907653515393,0,0,0,0,33,53,20,25,1000,30
RANDOM,353019,33.99557158631408,0.7857583925905597,39.58258940785641,28,0,0,0,33,53,20,25,1000,30
HIGHEST_SNR,353019,36.30017591085205,0.919758893558556,39.7476321588058,28,0,0,0,33,53,20,25,1000,30
SHORTEST_PULSE,353019,36.30017591085205,0.919758893558556,39.7476321588058,28,0,0,0,33,53,20,25,1000,30
METROLOGY_CONDITIONED_EIG,353019,38.852268100181995,0.934822153606233,34.79601137501473,28,0,0,0,33,53,20,25,1000,30
NO_PASSIVE,353020,372.15193684298185,2.051437428440751,445.27907653515393,0,0,0,0,5,53,20,25,1000,30
RANDOM,353020,26.218275077424078,2.0385849386267965,201.2624489733292,5,0,0,0,5,53,20,25,1000,30
HIGHEST_SNR,353020,26.218275077424078,2.0385849386267965,201.2624489733292,5,0,0,0,5,53,20,25,1000,30
SHORTEST_PULSE,353020,26.218275077424078,2.0385849386267965,201.2624489733292,5,0,0,0,5,53,20,25,1000,30
METROLOGY_CONDITIONED_EIG,353020,26.218275077424078,2.0385849386267965,201.2624489733292,5,0,0,0,5,53,20,25,1000,30
NO_PASSIVE,353021,140.43704807853203,0.6288192488591171,445.27907653515393,0,0,0,0,8,53,20,25,1000,30
RANDOM,353021,32.07020917299458,0.5488053974582429,57.38627055668927,7,0,0,0,8,53,20,25,1000,30
HIGHEST_SNR,353021,53.65576771735616,1.0110550567757308,101.39525425061917,7,0,0,0,8,53,20,25,1000,30
SHORTEST_PULSE,353021,53.65576771735616,1.0110550567757308,101.39525425061917,7,0,0,0,8,53,20,25,1000,30
METROLOGY_CONDITIONED_EIG,353021,32.07020917299458,0.5488053974582429,57.38627055668927,7,0,0,0,8,53,20,25,1000,30
NO_PASSIVE,353022,721.5930966010271,1.0479618918166456,445.27907653515393,0,0,0,0,11,53,20,25,1000,30
RANDOM,353022,30.741676135975855,1.0689286321297984,96.89646829772748,11,0,0,0,11,53,20,25,1000,30
HIGHEST_SNR,353022,30.741676135975855,1.0689286321297984,96.89646829772748,11,0,0,0,11,53,20,25,1000,30
SHORTEST_PULSE,353022,30.741676135975855,1.0689286321297984,96.89646829772748,11,0,0,0,11,53,20,25,1000,30
METROLOGY_CONDITIONED_EIG,353022,30.741676135975855,1.0689286321297984,96.89646829772748,11,0,0,0,11,53,20,25,1000,30
NO_PASSIVE,353023,340.0672730609619,3.056357225976093,445.27907653515393,0,0,0,0,16,53,20,25,1000,30
RANDOM,353023,57.898095421995656,1.126440081856648,41.57673978715487,13,0,0,0,16,53,20,25,1000,30
HIGHEST_SNR,353023,54.12771058367441,0.9181401946597125,38.47044479101203,13,0,0,0,16,53,20,25,1000,30
SHORTEST_PULSE,353023,57.898095421995656,1.126440081856648,41.57673978715487,13,0,0,0,16,53,20,25,1000,30
METROLOGY_CONDITIONED_EIG,353023,67.26994264383166,1.101352170346993,39.62837570691545,13,0,0,0,16,53,20,25,1000,30
NO_PASSIVE,353024,198.49151252550203,2.9673297000438073,445.27907653515393,0,0,0,0,36,53,20,25,1000,30
RANDOM,353024,32.778868070248656,2.170877950852627,46.27977526158555,31,1,0,0,36,53,20,25,1000,30
HIGHEST_SNR,353024,42.72252276588442,1.586432233845443,46.52562851096864,32,0,0,0,36,53,20,25,1000,30
SHORTEST_PULSE,353024,55.05582751582976,2.1528197557308006,43.47433990496003,32,0,0,0,36,53,20,25,1000,30
METROLOGY_CONDITIONED_EIG,353024,54.432688966213526,2.192910896837884,43.50112546269353,31,1,0,0,36,53,20,25,1000,30
NO_PASSIVE,353025,102.06342695156422,0.8807481909859972,445.27907653515393,0,0,0,0,79,53,20,25,1000,30
RANDOM,353025,25.42286163855885,0.1333520426061116,37.457571005130504,36,0,0,0,79,53,20,25,1000,30
HIGHEST_SNR,353025,88.81178657848952,1.2232264934104642,55.23848339793421,36,0,0,0,79,53,20,25,1000,30
SHORTEST_PULSE,353025,54.46563244860218,0.8335688935011846,49.85897046263729,36,0,0,0,79,53,20,25,1000,30
METROLOGY_CONDITIONED_EIG,353025,25.65536178698603,0.39512661093123735,35.78219184365676,36,0,0,0,79,53,20,25,1000,30
NO_PASSIVE,353026,350.9320736955595,4.3155746951542895,445.27907653515393,0,0,0,0,24,53,20,25,1000,30
RANDOM,353026,33.305099989357736,0.6308960044644389,34.07994802456935,23,0,0,0,24,53,20,25,1000,30
HIGHEST_SNR,353026,34.83919239778502,0.7692690511337442,29.930721861664704,23,0,0,0,24,53,20,25,1000,30
SHORTEST_PULSE,353026,33.305099989357736,0.6308960044644389,34.07994802456935,23,0,0,0,24,53,20,25,1000,30
METROLOGY_CONDITIONED_EIG,353026,34.83919239778502,0.7692690511337442,29.930721861664704,23,0,0,0,24,53,20,25,1000,30
NO_PASSIVE,353027,239.04360264147857,1.3274823112775265,445.27907653515393,0,0,0,0,24,53,20,25,1000,30
RANDOM,353027,14.274246663664023,0.4805017720511642,33.22517031303265,20,0,0,0,24,53,20,25,1000,30
HIGHEST_SNR,353027,24.559561670593475,0.7343448965125097,40.83970128541537,20,0,0,0,24,53,20,25,1000,30
SHORTEST_PULSE,353027,11.824111292135905,0.4197043013082803,33.33850778102575,20,0,0,0,24,53,20,25,1000,30
METROLOGY_CONDITIONED_EIG,353027,9.810453790225873,0.609211249042422,33.22465660561513,20,0,0,0,24,53,20,25,1000,30
NO_PASSIVE,353028,668.5903985883318,3.560745201204638,445.27907653515393,0,0,0,0,85,53,20,25,1000,30
RANDOM,353028,31.769724907333476,0.8388303025191942,39.1829259072312,45,2,0,0,85,53,20,25,1000,30
HIGHEST_SNR,353028,28.5902233622179,0.5395675646312473,36.05692459635408,47,0,0,0,85,53,20,25,1000,30
SHORTEST_PULSE,353028,37.09529128733333,0.7454460511795404,33.12437855578022,44,3,0,0,85,53,20,25,1000,30
METROLOGY_CONDITIONED_EIG,353028,35.063648604392924,0.5943896338188832,34.389727700263926,46,1,0,0,85,53,20,25,1000,30
NO_PASSIVE,353029,433.2455611335064,2.3368022029199973,445.27907653515393,0,0,0,0,72,53,20,25,1000,30
RANDOM,353029,2.6400020575605807,0.8609846653259547,23.423426424722336,53,0,0,0,72,53,20,25,1000,30
HIGHEST_SNR,353029,10.797359207187462,0.8241178600083521,23.29697421379819,53,0,0,0,72,53,20,25,1000,30
SHORTEST_PULSE,353029,15.162575204089231,0.5751275478727342,23.361562069522673,52,1,0,0,72,53,20,25,1000,30
METROLOGY_CONDITIONED_EIG,353029,9.225767037400383,0.4365260430634498,23.20769638194228,53,0,0,0,72,53,20,25,1000,30
NO_PASSIVE,354000,542.34841164468,0.6823130763555147,445.27907653515393,0,0,0,0,13,54,20,25,1000,100
RANDOM,354000,103.94716692190006,0.23337393311863666,89.52671955373692,10,0,0,0,13,54,20,25,1000,100
HIGHEST_SNR,354000,96.2929368323838,0.3130043599565569,98.01523607158849,10,0,0,0,13,54,20,25,1000,100
SHORTEST_PULSE,354000,129.22896674438837,0.2694654501819392,81.82796037273133,10,0,0,0,13,54,20,25,1000,100
METROLOGY_CONDITIONED_EIG,354000,129.22896674438837,0.2694654501819392,81.82796037273133,10,0,0,0,13,54,20,25,1000,100
NO_PASSIVE,354001,508.38190992303214,2.35396109395421,445.27907653515393,0,0,0,0,13,54,20,25,1000,100
RANDOM,354001,97.60227338195283,1.9928672094372502,78.96809430334254,13,0,0,0,13,54,20,25,1000,100
HIGHEST_SNR,354001,97.60227338195283,1.9928672094372502,78.96809430334254,13,0,0,0,13,54,20,25,1000,100
SHORTEST_PULSE,354001,97.60227338195283,1.9928672094372502,78.96809430334254,13,0,0,0,13,54,20,25,1000,100
METROLOGY_CONDITIONED_EIG,354001,97.60227338195283,1.9928672094372502,78.96809430334254,13,0,0,0,13,54,20,25,1000,100
NO_PASSIVE,354002,354.5826069974059,0.47527307120435175,445.27907653515393,0,0,0,0,75,54,20,25,1000,100
RANDOM,354002,28.957612618347675,0.21777439906861867,39.53636469363344,45,0,0,0,75,54,20,25,1000,100
HIGHEST_SNR,354002,55.99699308874254,0.7072543395776227,42.141116648545974,45,0,0,0,75,54,20,25,1000,100
SHORTEST_PULSE,354002,31.788446592815276,0.5124401158225641,37.387823831193685,45,0,0,0,75,54,20,25,1000,100
METROLOGY_CONDITIONED_EIG,354002,22.57685393518417,0.18556763308656563,36.94447944480135,45,0,0,0,75,54,20,25,1000,100
NO_PASSIVE,354003,57.75444508300922,1.2357978356123043,445.27907653515393,0,0,0,0,49,54,20,25,1000,100
RANDOM,354003,40.150929760369884,0.2525615587104315,49.330341361061514,35,1,0,0,49,54,20,25,1000,100
HIGHEST_SNR,354003,34.38285138897468,0.2284445106455211,50.183480772498285,35,1,0,0,49,54,20,25,1000,100
SHORTEST_PULSE,354003,55.63109537612677,0.560219083212233,47.71634620726479,35,1,0,0,49,54,20,25,1000,100
METROLOGY_CONDITIONED_EIG,354003,74.70313542256203,0.9269933476874898,47.73840900294713,35,1,0,0,49,54,20,25,1000,100
NO_PASSIVE,354004,197.17242076965502,3.1084075587835893,445.27907653515393,0,0,0,0,62,54,20,25,1000,100
RANDOM,354004,51.123841082821976,1.2670563551699414,60.59598656667673,37,1,0,0,62,54,20,25,1000,100
HIGHEST_SNR,354004,85.59934106529423,1.8868664841425935,77.23430634257211,37,1,0,0,62,54,20,25,1000,100
SHORTEST_PULSE,354004,47.557702450775,1.126749439223755,52.61135822022793,37,1,0,0,62,54,20,25,1000,100
METROLOGY_CONDITIONED_EIG,354004,55.66197346350915,1.3876875183759863,48.5332899176227,37,1,0,0,62,54,20,25,1000,100
NO_PASSIVE,354005,479.69460176823924,1.6420738691347594,445.27907653515393,0,0,0,0,64,54,20,25,1000,100
RANDOM,354005,53.03186178277031,1.2878672037688883,52.254296237590665,48,0,0,0,64,54,20,25,1000,100
HIGHEST_SNR,354005,68.00175952693172,1.20347153651854,53.25013983134086,48,0,0,0,64,54,20,25,1000,100
SHORTEST_PULSE,354005,56.51694850537653,0.9855808021357918,55.292212571893444,47,1,0,0,64,54,20,25,1000,100
METROLOGY_CONDITIONED_EIG,354005,52.54897968666786,1.1095824418656544,52.58040855236384,48,0,0,0,64,54,20,25,1000,100
NO_PASSIVE,354006,663.53079695569,1.1952320193850514,445.27907653515393,0,0,0,0,57,54,20,25,1000,100
RANDOM,354006,62.36248321477728,1.9905280084291461,116.40176518807577,32,0,0,0,57,54,20,25,1000,100
HIGHEST_SNR,354006,210.11429361773418,0.4624335632425375,162.88946846407504,32,0,0,0,57,54,20,25,1000,100
SHORTEST_PULSE,354006,210.11429361773418,0.4624335632425375,162.88946846407504,32,0,0,0,57,54,20,25,1000,100
METROLOGY_CONDITIONED_EIG,354006,15.99482438186468,1.518592102851784,112.27898659773581,32,0,0,0,57,54,20,25,1000,100
NO_PASSIVE,354007,122.93482525708588,0.6495280514105551,445.27907653515393,0,0,0,0,48,54,20,25,1000,100
RANDOM,354007,74.07415096652134,0.7727609035990894,50.44523573036851,35,0,0,0,48,54,20,25,1000,100
HIGHEST_SNR,354007,20.918748966110613,1.0423247324804648,73.23645604728831,35,0,0,0,48,54,20,25,1000,100
SHORTEST_PULSE,354007,89.82541119795692,0.9381322800975405,50.21318564831244,35,0,0,0,48,54,20,25,1000,100
METROLOGY_CONDITIONED_EIG,354007,93.67249587064335,1.0813054354476763,49.66876885855106,35,0,0,0,48,54,20,25,1000,100
NO_PASSIVE,354008,304.5661164514094,1.822607831844436,445.27907653515393,0,0,0,0,64,54,20,25,1000,100
RANDOM,354008,33.8881539867878,0.942943285437343,71.61911672833504,31,0,0,0,64,54,20,25,1000,100
HIGHEST_SNR,354008,52.85716661420441,1.7661530170958324,93.49212369726115,31,0,0,0,64,54,20,25,1000,100
SHORTEST_PULSE,354008,44.026267080293614,2.1948972578824457,63.21482131935209,31,0,0,0,64,54,20,25,1000,100
METROLOGY_CONDITIONED_EIG,354008,31.765761129906494,1.5999485002886782,62.80242167370263,31,0,0,0,64,54,20,25,1000,100
NO_PASSIVE,354009,604.977585469236,4.497248784682509,445.27907653515393,0,0,0,0,94,54,20,25,1000,100
RANDOM,354009,125.3168392773453,3.0628810767101795,47.39682795687579,44,1,0,0,94,54,20,25,1000,100
HIGHEST_SNR,354009,50.709976056378956,1.5605085140969976,46.88603589041639,45,0,0,0,94,54,20,25,1000,100
SHORTEST_PULSE,354009,36.89669370492651,0.8192867247420224,44.357472586746304,45,0,0,0,94,54,20,25,1000,100
METROLOGY_CONDITIONED_EIG,354009,41.64637006983621,1.345301491802199,38.1542311483367,45,0,0,0,94,54,20,25,1000,100
NO_PASSIVE,354010,121.45669191209237,3.2697142033490287,445.27907653515393,0,0,0,0,81,54,20,25,1000,100
RANDOM,354010,41.38841269396467,1.6909802162648628,40.68447872761655,50,0,0,0,81,54,20,25,1000,100
HIGHEST_SNR,354010,67.1546122735627,1.9632378440288683,50.584713738458355,47,3,0,0,81,54,20,25,1000,100
SHORTEST_PULSE,354010,50.172228356347524,1.935590171051979,42.054862553213624,50,0,0,0,81,54,20,25,1000,100
METROLOGY_CONDITIONED_EIG,354010,62.749635563190616,1.7186775671876253,30.126588251208606,50,0,0,0,81,54,20,25,1000,100
NO_PASSIVE,354011,218.52741838555778,1.0689321120565454,445.27907653515393,0,0,0,0,82,54,20,25,1000,100
RANDOM,354011,36.691717154965424,1.6773802379020395,34.001170793644725,43,2,0,0,82,54,20,25,1000,100
HIGHEST_SNR,354011,25.05590890935201,1.4622309767893131,36.01321077586848,44,1,0,0,82,54,20,25,1000,100
SHORTEST_PULSE,354011,46.00253788307624,1.6223557674946343,31.79033009947012,44,1,0,0,82,54,20,25,1000,100
METROLOGY_CONDITIONED_EIG,354011,41.680072028357756,1.7064565100123643,31.63959570515041,45,0,0,0,82,54,20,25,1000,100
NO_PASSIVE,354012,300.71955146798086,2.5296915453434714,445.27907653515393,0,0,0,0,4,54,20,25,1000,100
RANDOM,354012,303.1303973685246,2.400265524648228,310.0885875271946,4,0,0,0,4,54,20,25,1000,100
HIGHEST_SNR,354012,303.1303973685246,2.400265524648228,310.0885875271946,4,0,0,0,4,54,20,25,1000,100
SHORTEST_PULSE,354012,303.1303973685246,2.400265524648228,310.0885875271946,4,0,0,0,4,54,20,25,1000,100
METROLOGY_CONDITIONED_EIG,354012,303.1303973685246,2.400265524648228,310.0885875271946,4,0,0,0,4,54,20,25,1000,100
NO_PASSIVE,354013,195.49885279811292,1.5871348138944874,445.27907653515393,0,0,0,0,96,54,20,25,1000,100
RANDOM,354013,8.516322043790623,0.23278794987461376,30.997121024314968,43,0,0,0,96,54,20,25,1000,100
HIGHEST_SNR,354013,9.57289662662312,0.7511868204443031,31.604573190918863,42,1,0,0,96,54,20,25,1000,100
SHORTEST_PULSE,354013,4.607289690586622,0.38346414381108346,32.08688188277828,43,0,0,0,96,54,20,25,1000,100
METROLOGY_CONDITIONED_EIG,354013,5.86805035805776,0.4352191036312386,27.037483700133,42,1,0,0,96,54,20,25,1000,100
NO_PASSIVE,354014,139.52703771770024,0.3719491376672725,445.27907653515393,0,0,0,0,139,54,20,25,1000,100
RANDOM,354014,3.086614970827615,0.6101799968239187,31.113420393447353,56,2,0,0,139,54,20,25,1000,100
HIGHEST_SNR,354014,20.01568933511913,0.3507111709356135,36.801718648702916,57,1,0,0,139,54,20,25,1000,100
SHORTEST_PULSE,354014,13.582262027107504,0.07948440266386995,28.871209145467045,57,1,0,0,139,54,20,25,1000,100
METROLOGY_CONDITIONED_EIG,354014,15.898698613843008,1.0088900847651807,29.278616852686916,55,3,0,0,139,54,20,25,1000,100
NO_PASSIVE,354015,389.13860388257007,3.1103109052436904,445.27907653515393,0,0,0,0,74,54,20,25,1000,100
RANDOM,354015,52.45178133985303,2.119460496072302,53.62225175721664,43,2,0,0,74,54,20,25,1000,100
HIGHEST_SNR,354015,68.18414482679759,3.2876100541475948,56.86387519275428,42,3,0,0,74,54,20,25,1000,100
SHORTEST_PULSE,354015,89.57173646302613,2.022019003676017,50.94544688031497,45,0,0,0,74,54,20,25,1000,100
METROLOGY_CONDITIONED_EIG,354015,70.15147921073111,1.8542592260024524,51.37855621620568,45,0,0,0,74,54,20,25,1000,100
NO_PASSIVE,354016,297.20876716001675,2.232811376997901,445.27907653515393,0,0,0,0,135,54,20,25,1000,100
RANDOM,354016,25.48526032546087,0.7828437734032948,31.669232483793877,52,1,0,0,135,54,20,25,1000,100
HIGHEST_SNR,354016,44.921739954073836,0.997284227241472,36.92656406397672,52,1,0,0,135,54,20,25,1000,100
SHORTEST_PULSE,354016,37.96775800450242,0.6909271871946762,29.22433602841664,53,0,0,0,135,54,20,25,1000,100
METROLOGY_CONDITIONED_EIG,354016,19.980363565458678,0.3915314636970435,25.88105847237252,53,0,0,0,135,54,20,25,1000,100
NO_PASSIVE,354017,350.9265179872225,3.543789479839229,445.27907653515393,0,0,0,0,76,54,20,25,1000,100
RANDOM,354017,55.471558582688246,1.7131849045704735,67.33453747064557,46,1,0,0,76,54,20,25,1000,100
HIGHEST_SNR,354017,58.09014885518375,1.8887679951330303,66.24557650516053,47,0,0,0,76,54,20,25,1000,100
SHORTEST_PULSE,354017,65.70596404618674,1.4666241891614777,58.54395514207335,47,0,0,0,76,54,20,25,1000,100
METROLOGY_CONDITIONED_EIG,354017,74.38206394817516,1.4734376921944774,58.650412852321736,47,0,0,0,76,54,20,25,1000,100
NO_PASSIVE,354018,624.5225158854702,3.3280613439287867,445.27907653515393,0,0,0,0,71,54,20,25,1000,100
RANDOM,354018,52.708219984250704,1.4381179293052468,39.13430384653775,37,0,0,0,71,54,20,25,1000,100
HIGHEST_SNR,354018,53.40781496931308,1.0317177041017291,38.79532467211888,37,0,0,0,71,54,20,25,1000,100
SHORTEST_PULSE,354018,52.490903410852674,1.4463052720026546,38.17137628772522,37,0,0,0,71,54,20,25,1000,100
METROLOGY_CONDITIONED_EIG,354018,52.72490006187517,1.5327512151186558,37.633125204680844,37,0,0,0,71,54,20,25,1000,100
NO_PASSIVE,354019,389.68771053483164,2.7928133410564917,445.27907653515393,0,0,0,0,35,54,20,25,1000,100
RANDOM,354019,119.10213400503329,1.2081813708767413,66.66140295997741,29,3,0,0,35,54,20,25,1000,100
HIGHEST_SNR,354019,109.22851968605846,1.1986287326474732,66.7435540149986,29,3,0,0,35,54,20,25,1000,100
SHORTEST_PULSE,354019,109.22851968605846,1.1986287326474732,66.7435540149986,29,3,0,0,35,54,20,25,1000,100
METROLOGY_CONDITIONED_EIG,354019,119.10213400503329,1.2081813708767413,66.66140295997741,29,3,0,0,35,54,20,25,1000,100
NO_PASSIVE,354020,186.21957710668678,1.3689256748413476,445.27907653515393,0,0,0,0,74,54,20,25,1000,100
RANDOM,354020,38.66913023749061,0.9983152860292239,40.59717123539431,46,0,0,0,74,54,20,25,1000,100
HIGHEST_SNR,354020,39.471908242915404,1.3305878693223172,44.42388581550455,46,0,0,0,74,54,20,25,1000,100
SHORTEST_PULSE,354020,37.69080140463121,1.155613584678562,38.327347426286195,46,0,0,0,74,54,20,25,1000,100
METROLOGY_CONDITIONED_EIG,354020,38.40122342196318,1.4201251233731542,37.118539960969294,46,0,0,0,74,54,20,25,1000,100
NO_PASSIVE,354021,730.545074720872,0.3672903142761373,445.27907653515393,0,0,0,0,81,54,20,25,1000,100
RANDOM,354021,47.601275847280206,1.016025028539867,42.85655093429266,46,0,0,0,81,54,20,25,1000,100
HIGHEST_SNR,354021,31.830126443428338,0.768158801514911,76.65541842206615,46,0,0,0,81,54,20,25,1000,100
SHORTEST_PULSE,354021,26.762212026143953,0.6020603491576105,37.09465502998038,46,0,0,0,81,54,20,25,1000,100
METROLOGY_CONDITIONED_EIG,354021,27.091783794742835,0.6251587623694046,37.32862569327311,46,0,0,0,81,54,20,25,1000,100
NO_PASSIVE,354022,458.68537369595424,1.7780604068391022,445.27907653515393,0,0,0,0,31,54,20,25,1000,100
RANDOM,354022,52.468900823430964,1.3728343463232444,75.42384120532913,28,0,0,0,31,54,20,25,1000,100
HIGHEST_SNR,354022,52.468900823430964,1.3728343463232444,75.42384120532913,28,0,0,0,31,54,20,25,1000,100
SHORTEST_PULSE,354022,37.48338029362686,1.569996100431043,73.35695316616119,28,0,0,0,31,54,20,25,1000,100
METROLOGY_CONDITIONED_EIG,354022,38.22448265044818,1.69441842136815,72.72553547307022,28,0,0,0,31,54,20,25,1000,100
NO_PASSIVE,354023,820.4449106466423,3.883174246999191,445.27907653515393,0,0,0,0,11,54,20,25,1000,100
RANDOM,354023,387.9772795051014,3.3351520979981157,173.13665394051432,10,1,0,0,11,54,20,25,1000,100
HIGHEST_SNR,354023,387.9772795051014,3.3351520979981157,173.13665394051432,10,1,0,0,11,54,20,25,1000,100
SHORTEST_PULSE,354023,387.9772795051014,3.3351520979981157,173.13665394051432,10,1,0,0,11,54,20,25,1000,100
METROLOGY_CONDITIONED_EIG,354023,387.9772795051014,3.3351520979981157,173.13665394051432,10,1,0,0,11,54,20,25,1000,100
NO_PASSIVE,354024,624.9066548729621,1.8780192720054432,445.27907653515393,0,0,0,0,79,54,20,25,1000,100
RANDOM,354024,140.85413489714796,2.6040799598128324,70.4221114133111,56,2,0,0,79,54,20,25,1000,100
HIGHEST_SNR,354024,56.37203107586596,2.1014822019372494,99.98579515354254,56,2,0,0,79,54,20,25,1000,100
SHORTEST_PULSE,354024,53.57702241127099,1.0760480235910945,54.171023085180636,57,1,0,0,79,54,20,25,1000,100
METROLOGY_CONDITIONED_EIG,354024,53.57702241127099,1.0760480235910945,54.171023085180636,57,1,0,0,79,54,20,25,1000,100
NO_PASSIVE,354025,321.9428116582834,2.6778973399695762,445.27907653515393,0,0,0,0,193,54,20,25,1000,100
RANDOM,354025,42.82644851921735,0.8968988337749608,36.25966597373248,59,1,0,0,193,54,20,25,1000,100
HIGHEST_SNR,354025,58.73184043130632,1.6073690188375702,44.88688183669619,60,0,0,0,193,54,20,25,1000,100
SHORTEST_PULSE,354025,29.130882881338838,0.4667255918598999,31.49206328649584,60,0,0,0,193,54,20,25,1000,100
METROLOGY_CONDITIONED_EIG,354025,15.581957356541126,0.45577870208204724,29.562435617518048,59,1,0,0,193,54,20,25,1000,100
NO_PASSIVE,354026,640.5904916195432,2.163946408493255,445.27907653515393,0,0,0,0,59,54,20,25,1000,100
RANDOM,354026,31.83783019205534,1.2846796476905245,35.56355769526642,45,1,0,0,59,54,20,25,1000,100
HIGHEST_SNR,354026,13.640375969834043,0.20745672022481812,39.47218992741182,44,2,0,0,59,54,20,25,1000,100
SHORTEST_PULSE,354026,39.256387840940796,1.4713058869432052,32.26627981122768,45,1,0,0,59,54,20,25,1000,100
METROLOGY_CONDITIONED_EIG,354026,39.256387840940796,1.4713058869432052,32.26627981122768,45,1,0,0,59,54,20,25,1000,100
NO_PASSIVE,354027,669.2365574838763,0.6571944940159777,445.27907653515393,0,0,0,0,55,54,20,25,1000,100
RANDOM,354027,64.49292364176081,1.9987903622649035,52.77418465591889,37,1,0,0,55,54,20,25,1000,100
HIGHEST_SNR,354027,60.18820910871707,0.7739631980690661,59.38306596657016,38,0,0,0,55,54,20,25,1000,100
SHORTEST_PULSE,354027,75.80730773828482,2.0729689784396808,48.42160032353345,37,1,0,0,55,54,20,25,1000,100
METROLOGY_CONDITIONED_EIG,354027,75.80730773828482,2.0729689784396808,48.42160032353345,37,1,0,0,55,54,20,25,1000,100
NO_PASSIVE,354028,462.0157719147961,1.5796329193253489,445.27907653515393,0,0,0,0,92,54,20,25,1000,100
RANDOM,354028,7.7990464957053085,0.27384737837772166,48.637225535058775,53,0,0,0,92,54,20,25,1000,100
HIGHEST_SNR,354028,9.015916776905513,0.3700394655771614,50.96712825113364,53,0,0,0,92,54,20,25,1000,100
SHORTEST_PULSE,354028,29.942318525783566,0.4465307772194073,45.79656102227899,53,0,0,0,92,54,20,25,1000,100
METROLOGY_CONDITIONED_EIG,354028,6.557140994636371,0.8898043017423775,40.98198541019585,52,1,0,0,92,54,20,25,1000,100
NO_PASSIVE,354029,122.73639211214527,1.5862266870192585,445.27907653515393,0,0,0,0,29,54,20,25,1000,100
RANDOM,354029,60.12660173149352,0.8292665013561324,81.04585545884514,28,0,0,0,29,54,20,25,1000,100
HIGHEST_SNR,354029,52.05339480903959,0.785529478173519,79.42273767943911,28,0,0,0,29,54,20,25,1000,100
SHORTEST_PULSE,354029,52.05339480903959,0.785529478173519,79.42273767943911,28,0,0,0,29,54,20,25,1000,100
METROLOGY_CONDITIONED_EIG,354029,60.12660173149352,0.8292665013561324,81.04585545884514,28,0,0,0,29,54,20,25,1000,100
